# 3ds Max Wavefront OBJ Exporter v0.99 - (c)2007 guruware
# File Created: 15.12.2025 15:06:04

mtllib Prop_Bed_001.mtl

#
# object bed
#

v  0.7804 0.4897 -1.3424
v  0.7804 0.4897 1.3516
v  -0.7770 0.4897 1.3516
v  -0.7770 0.4897 -1.3424
v  0.7804 0.6625 -1.3424
v  -0.7770 0.6625 -1.3424
v  -0.7770 0.6625 1.3516
v  0.7804 0.6625 1.3516
v  0.7804 0.5459 -1.3662
v  -0.7770 0.5459 -1.3662
v  -0.7770 0.6063 -1.3662
v  0.7804 0.6063 -1.3662
v  -0.8242 0.5459 -1.3424
v  -0.8242 0.5459 1.3516
v  -0.8242 0.6063 1.3516
v  -0.8242 0.6063 -1.3424
v  -0.7770 0.5459 1.3755
v  0.7804 0.5459 1.3755
v  0.7804 0.6063 1.3755
v  -0.7770 0.6063 1.3755
v  0.8276 0.5459 1.3516
v  0.8276 0.5459 -1.3424
v  0.8276 0.6063 -1.3424
v  0.8276 0.6063 1.3516
v  0.7804 0.5037 -1.3602
v  0.8099 0.5108 -1.3573
v  0.8158 0.5037 -1.3424
v  0.8158 0.5037 1.3516
v  0.8099 0.5108 1.3665
v  0.7804 0.5037 1.3695
v  -0.7770 0.5037 1.3695
v  -0.8065 0.5108 1.3665
v  -0.8124 0.5037 1.3516
v  -0.8124 0.5037 -1.3424
v  -0.8065 0.5108 -1.3573
v  -0.7770 0.5037 -1.3602
v  0.8158 0.6485 -1.3424
v  0.8099 0.6414 -1.3573
v  0.7804 0.6485 -1.3602
v  -0.7770 0.6485 -1.3602
v  -0.8065 0.6414 -1.3573
v  -0.8124 0.6485 -1.3424
v  -0.8124 0.6485 1.3516
v  -0.8065 0.6414 1.3665
v  -0.7770 0.6485 1.3695
v  0.7804 0.6485 1.3695
v  0.8099 0.6414 1.3665
v  0.8158 0.6485 1.3516
v  0.8158 0.5459 -1.3602
v  -0.8124 0.5459 -1.3602
v  -0.8124 0.6063 -1.3602
v  0.8158 0.6063 -1.3602
v  -0.8124 0.5459 1.3695
v  -0.8124 0.6063 1.3695
v  0.8158 0.5459 1.3695
v  0.8158 0.6063 1.3695
v  0.8369 0.0000 -1.3974
v  0.8369 0.3907 -1.3974
v  0.8336 0.3907 -1.3815
v  0.8336 0.0000 -1.3815
v  0.8369 0.6869 -1.3974
v  0.8336 0.6869 -1.3815
v  0.8247 0.6869 -1.3680
v  0.8247 0.3907 -1.3680
v  0.8247 0.0000 -1.3680
v  0.8112 0.3907 -1.3591
v  0.8112 0.0000 -1.3591
v  0.8112 0.6869 -1.3591
v  0.7953 0.6869 -1.3558
v  0.7953 0.3907 -1.3558
v  0.7953 0.0000 -1.3558
v  0.7795 0.3907 -1.3591
v  0.7795 0.0000 -1.3591
v  0.7795 0.6869 -1.3591
v  0.7659 0.6869 -1.3680
v  0.7659 0.3907 -1.3680
v  0.7659 0.0000 -1.3680
v  0.7571 0.3907 -1.3815
v  0.7571 0.0000 -1.3815
v  0.7571 0.6869 -1.3815
v  0.7538 0.6869 -1.3974
v  0.7538 0.3907 -1.3974
v  0.7538 0.0000 -1.3974
v  0.7571 0.3907 -1.4132
v  0.7571 0.0000 -1.4132
v  0.7571 0.6869 -1.4132
v  0.7659 0.6869 -1.4268
v  0.7659 0.3907 -1.4268
v  0.7659 0.0000 -1.4268
v  0.7795 0.3907 -1.4357
v  0.7795 0.0000 -1.4357
v  0.7795 0.6869 -1.4357
v  0.7953 0.6869 -1.4390
v  0.7953 0.3907 -1.4390
v  0.7953 0.0000 -1.4390
v  0.8112 0.3907 -1.4357
v  0.8112 0.0000 -1.4357
v  0.8112 0.6869 -1.4357
v  0.8247 0.6869 -1.4268
v  0.8247 0.3907 -1.4268
v  0.8247 0.0000 -1.4268
v  0.8336 0.3907 -1.4132
v  0.8336 0.0000 -1.4132
v  0.8336 0.6869 -1.4132
v  0.8222 0.8112 -1.3680
v  0.8309 0.8117 -1.3815
v  0.8227 0.8411 -1.3815
v  0.8148 0.8390 -1.3680
v  0.8341 0.8119 -1.3974
v  0.8257 0.8418 -1.3974
v  0.8098 0.8769 -1.3974
v  0.8072 0.8755 -1.3815
v  0.8002 0.8716 -1.3680
v  0.7936 0.8095 -1.3558
v  0.8091 0.8104 -1.3591
v  0.8027 0.8359 -1.3591
v  0.7886 0.8322 -1.3558
v  0.7895 0.8656 -1.3591
v  0.7771 0.8587 -1.3558
v  0.7652 0.8079 -1.3680
v  0.7783 0.8086 -1.3591
v  0.7746 0.8287 -1.3591
v  0.7628 0.8256 -1.3680
v  0.7649 0.8519 -1.3591
v  0.7546 0.8462 -1.3680
v  0.7534 0.8072 -1.3974
v  0.7566 0.8074 -1.3815
v  0.7550 0.8237 -1.3815
v  0.7522 0.8230 -1.3974
v  0.7480 0.8425 -1.3815
v  0.7455 0.8412 -1.3974
v  0.7652 0.8079 -1.4268
v  0.7566 0.8074 -1.4132
v  0.7550 0.8237 -1.4132
v  0.7628 0.8256 -1.4268
v  0.7480 0.8425 -1.4132
v  0.7546 0.8462 -1.4268
v  0.7936 0.8095 -1.4390
v  0.7783 0.8086 -1.4357
v  0.7746 0.8287 -1.4357
v  0.7886 0.8322 -1.4390
v  0.7649 0.8519 -1.4357
v  0.7771 0.8587 -1.4390
v  0.8222 0.8112 -1.4268
v  0.8091 0.8104 -1.4357
v  0.8027 0.8359 -1.4357
v  0.8148 0.8390 -1.4268
v  0.7895 0.8656 -1.4357
v  0.8002 0.8716 -1.4268
v  0.8309 0.8117 -1.4132
v  0.8227 0.8411 -1.4132
v  0.8072 0.8755 -1.4132
v  0.6786 0.9703 -1.3974
v  0.6577 0.9741 -1.3974
v  0.6577 0.9708 -1.3815
v  0.6783 0.9671 -1.3815
v  0.5667 0.9741 -1.3974
v  0.5667 0.9708 -1.3815
v  0.5667 0.9620 -1.3680
v  0.6577 0.9620 -1.3680
v  0.6777 0.9585 -1.3680
v  0.6577 0.9484 -1.3591
v  0.6767 0.9454 -1.3591
v  0.5667 0.9484 -1.3591
v  0.5667 0.9326 -1.3558
v  0.6577 0.9326 -1.3558
v  0.6755 0.9301 -1.3558
v  0.6577 0.9167 -1.3591
v  0.6744 0.9149 -1.3591
v  0.5667 0.9167 -1.3591
v  0.5667 0.9032 -1.3680
v  0.6577 0.9032 -1.3680
v  0.6735 0.9018 -1.3680
v  0.6577 0.8943 -1.3815
v  0.6728 0.8933 -1.3815
v  0.5667 0.8943 -1.3815
v  0.5667 0.8910 -1.3974
v  0.6577 0.8910 -1.3974
v  0.6726 0.8902 -1.3974
v  0.6577 0.8943 -1.4132
v  0.6728 0.8933 -1.4132
v  0.5667 0.8943 -1.4132
v  0.5667 0.9032 -1.4268
v  0.6577 0.9032 -1.4268
v  0.6735 0.9018 -1.4268
v  0.6577 0.9167 -1.4357
v  0.6744 0.9149 -1.4357
v  0.5667 0.9167 -1.4357
v  0.5667 0.9326 -1.4390
v  0.6577 0.9326 -1.4390
v  0.6755 0.9301 -1.4390
v  0.6577 0.9484 -1.4357
v  0.6767 0.9454 -1.4357
v  0.5667 0.9484 -1.4357
v  0.5667 0.9620 -1.4268
v  0.6577 0.9620 -1.4268
v  0.6777 0.9585 -1.4268
v  0.6577 0.9708 -1.4132
v  0.6783 0.9671 -1.4132
v  0.5667 0.9708 -1.4132
v  0.7517 0.9390 -1.3974
v  0.7131 0.9588 -1.3974
v  0.7122 0.9559 -1.3815
v  0.7499 0.9366 -1.3815
v  0.7095 0.9482 -1.3680
v  0.7451 0.9301 -1.3680
v  0.7056 0.9365 -1.3591
v  0.7378 0.9202 -1.3591
v  0.7009 0.9228 -1.3558
v  0.7293 0.9087 -1.3558
v  0.6964 0.9093 -1.3591
v  0.7210 0.8974 -1.3591
v  0.6926 0.8978 -1.3680
v  0.7140 0.8879 -1.3680
v  0.6902 0.8903 -1.3815
v  0.7096 0.8817 -1.3815
v  0.6893 0.8876 -1.3974
v  0.7079 0.8795 -1.3974
v  0.6902 0.8903 -1.4132
v  0.7096 0.8817 -1.4132
v  0.6926 0.8978 -1.4268
v  0.7140 0.8879 -1.4268
v  0.6964 0.9093 -1.4357
v  0.7210 0.8974 -1.4357
v  0.7009 0.9228 -1.4390
v  0.7293 0.9087 -1.4390
v  0.7056 0.9365 -1.4357
v  0.7378 0.9202 -1.4357
v  0.7095 0.9482 -1.4268
v  0.7451 0.9301 -1.4268
v  0.7122 0.9559 -1.4132
v  0.7499 0.9366 -1.4132
v  0.8369 0.7938 -1.3974
v  0.8336 0.7938 -1.3815
v  0.8247 0.7938 -1.3680
v  0.8112 0.7938 -1.3591
v  0.7953 0.7938 -1.3558
v  0.7795 0.7938 -1.3591
v  0.7659 0.7938 -1.3680
v  0.7571 0.7938 -1.3815
v  0.7538 0.7938 -1.3974
v  0.7571 0.7938 -1.4132
v  0.7659 0.7938 -1.4268
v  0.7795 0.7938 -1.4357
v  0.7953 0.7938 -1.4390
v  0.8112 0.7938 -1.4357
v  0.8247 0.7938 -1.4268
v  0.8336 0.7938 -1.4132
v  0.3218 0.9741 -1.3974
v  0.3218 0.9708 -1.3815
v  -0.0000 0.9741 -1.3974
v  -0.0000 0.9708 -1.3815
v  -0.0000 0.9620 -1.3680
v  0.3218 0.9620 -1.3680
v  0.3218 0.9484 -1.3591
v  -0.0000 0.9484 -1.3591
v  -0.0000 0.9326 -1.3558
v  0.3218 0.9326 -1.3558
v  0.3218 0.9167 -1.3591
v  -0.0000 0.9167 -1.3591
v  -0.0000 0.9032 -1.3680
v  0.3218 0.9032 -1.3680
v  0.3218 0.8943 -1.3815
v  -0.0000 0.8943 -1.3815
v  -0.0000 0.8910 -1.3974
v  0.3218 0.8910 -1.3974
v  0.3218 0.8943 -1.4132
v  -0.0000 0.8943 -1.4132
v  -0.0000 0.9032 -1.4268
v  0.3218 0.9032 -1.4268
v  0.3218 0.9167 -1.4357
v  -0.0000 0.9167 -1.4357
v  -0.0000 0.9326 -1.4390
v  0.3218 0.9326 -1.4390
v  0.3218 0.9484 -1.4357
v  -0.0000 0.9484 -1.4357
v  -0.0000 0.9620 -1.4268
v  0.3218 0.9620 -1.4268
v  0.3218 0.9708 -1.4132
v  -0.0000 0.9708 -1.4132
v  0.7822 0.9085 -1.3815
v  0.7761 0.9032 -1.3680
v  0.7845 0.9105 -1.3974
v  0.7668 0.8951 -1.3591
v  0.7560 0.8857 -1.3558
v  0.7454 0.8765 -1.3591
v  0.7366 0.8688 -1.3680
v  0.7308 0.8638 -1.3815
v  0.7287 0.8620 -1.3974
v  0.7308 0.8638 -1.4132
v  0.7366 0.8688 -1.4268
v  0.7454 0.8765 -1.4357
v  0.7560 0.8857 -1.4390
v  0.7668 0.8951 -1.4357
v  0.7761 0.9032 -1.4268
v  0.7822 0.9085 -1.4132
v  -0.8369 0.0000 -1.3974
v  -0.8336 0.0000 -1.3815
v  -0.8336 0.3907 -1.3815
v  -0.8369 0.3907 -1.3974
v  -0.8247 0.0000 -1.3680
v  -0.8247 0.3907 -1.3680
v  -0.8247 0.6869 -1.3680
v  -0.8336 0.6869 -1.3815
v  -0.8369 0.6869 -1.3974
v  -0.8112 0.0000 -1.3591
v  -0.8112 0.3907 -1.3591
v  -0.7953 0.0000 -1.3558
v  -0.7953 0.3907 -1.3558
v  -0.7953 0.6869 -1.3558
v  -0.8112 0.6869 -1.3591
v  -0.7795 0.0000 -1.3591
v  -0.7795 0.3907 -1.3591
v  -0.7659 0.0000 -1.3680
v  -0.7659 0.3907 -1.3680
v  -0.7659 0.6869 -1.3680
v  -0.7795 0.6869 -1.3591
v  -0.7571 0.0000 -1.3815
v  -0.7571 0.3907 -1.3815
v  -0.7538 0.0000 -1.3974
v  -0.7538 0.3907 -1.3974
v  -0.7538 0.6869 -1.3974
v  -0.7571 0.6869 -1.3815
v  -0.7571 0.0000 -1.4132
v  -0.7571 0.3907 -1.4132
v  -0.7659 0.0000 -1.4268
v  -0.7659 0.3907 -1.4268
v  -0.7659 0.6869 -1.4268
v  -0.7571 0.6869 -1.4132
v  -0.7795 0.0000 -1.4357
v  -0.7795 0.3907 -1.4357
v  -0.7953 0.0000 -1.4390
v  -0.7953 0.3907 -1.4390
v  -0.7953 0.6869 -1.4390
v  -0.7795 0.6869 -1.4357
v  -0.8112 0.0000 -1.4357
v  -0.8112 0.3907 -1.4357
v  -0.8247 0.0000 -1.4268
v  -0.8247 0.3907 -1.4268
v  -0.8247 0.6869 -1.4268
v  -0.8112 0.6869 -1.4357
v  -0.8336 0.0000 -1.4132
v  -0.8336 0.3907 -1.4132
v  -0.8336 0.6869 -1.4132
v  -0.8222 0.8112 -1.3680
v  -0.8148 0.8390 -1.3680
v  -0.8227 0.8411 -1.3815
v  -0.8309 0.8117 -1.3815
v  -0.8002 0.8716 -1.3680
v  -0.8072 0.8755 -1.3815
v  -0.8098 0.8769 -1.3974
v  -0.8257 0.8418 -1.3974
v  -0.8341 0.8119 -1.3974
v  -0.7936 0.8095 -1.3558
v  -0.7886 0.8322 -1.3558
v  -0.8027 0.8359 -1.3591
v  -0.8091 0.8104 -1.3591
v  -0.7771 0.8587 -1.3558
v  -0.7895 0.8656 -1.3591
v  -0.7652 0.8079 -1.3680
v  -0.7628 0.8256 -1.3680
v  -0.7746 0.8287 -1.3591
v  -0.7783 0.8086 -1.3591
v  -0.7546 0.8462 -1.3680
v  -0.7649 0.8519 -1.3591
v  -0.7534 0.8072 -1.3974
v  -0.7522 0.8230 -1.3974
v  -0.7550 0.8237 -1.3815
v  -0.7566 0.8074 -1.3815
v  -0.7455 0.8412 -1.3974
v  -0.7480 0.8425 -1.3815
v  -0.7652 0.8079 -1.4268
v  -0.7628 0.8256 -1.4268
v  -0.7550 0.8237 -1.4132
v  -0.7566 0.8074 -1.4132
v  -0.7546 0.8462 -1.4268
v  -0.7480 0.8425 -1.4132
v  -0.7936 0.8095 -1.4390
v  -0.7886 0.8322 -1.4390
v  -0.7746 0.8287 -1.4357
v  -0.7783 0.8086 -1.4357
v  -0.7771 0.8587 -1.4390
v  -0.7649 0.8519 -1.4357
v  -0.8222 0.8112 -1.4268
v  -0.8148 0.8390 -1.4268
v  -0.8027 0.8359 -1.4357
v  -0.8091 0.8104 -1.4357
v  -0.8002 0.8716 -1.4268
v  -0.7895 0.8656 -1.4357
v  -0.8227 0.8411 -1.4132
v  -0.8309 0.8117 -1.4132
v  -0.8072 0.8755 -1.4132
v  -0.6786 0.9703 -1.3974
v  -0.6783 0.9671 -1.3815
v  -0.6577 0.9708 -1.3815
v  -0.6577 0.9741 -1.3974
v  -0.6777 0.9585 -1.3680
v  -0.6577 0.9620 -1.3680
v  -0.5667 0.9620 -1.3680
v  -0.5667 0.9708 -1.3815
v  -0.5667 0.9741 -1.3974
v  -0.6767 0.9454 -1.3591
v  -0.6577 0.9484 -1.3591
v  -0.6755 0.9301 -1.3558
v  -0.6577 0.9326 -1.3558
v  -0.5667 0.9326 -1.3558
v  -0.5667 0.9484 -1.3591
v  -0.6744 0.9149 -1.3591
v  -0.6577 0.9167 -1.3591
v  -0.6735 0.9018 -1.3680
v  -0.6577 0.9032 -1.3680
v  -0.5667 0.9032 -1.3680
v  -0.5667 0.9167 -1.3591
v  -0.6728 0.8933 -1.3815
v  -0.6577 0.8943 -1.3815
v  -0.6726 0.8902 -1.3974
v  -0.6577 0.8910 -1.3974
v  -0.5667 0.8910 -1.3974
v  -0.5667 0.8943 -1.3815
v  -0.6728 0.8933 -1.4132
v  -0.6577 0.8943 -1.4132
v  -0.6735 0.9018 -1.4268
v  -0.6577 0.9032 -1.4268
v  -0.5667 0.9032 -1.4268
v  -0.5667 0.8943 -1.4132
v  -0.6744 0.9149 -1.4357
v  -0.6577 0.9167 -1.4357
v  -0.6755 0.9301 -1.4390
v  -0.6577 0.9326 -1.4390
v  -0.5667 0.9326 -1.4390
v  -0.5667 0.9167 -1.4357
v  -0.6767 0.9454 -1.4357
v  -0.6577 0.9484 -1.4357
v  -0.6777 0.9585 -1.4268
v  -0.6577 0.9620 -1.4268
v  -0.5667 0.9620 -1.4268
v  -0.5667 0.9484 -1.4357
v  -0.6783 0.9671 -1.4132
v  -0.6577 0.9708 -1.4132
v  -0.5667 0.9708 -1.4132
v  -0.7517 0.9390 -1.3974
v  -0.7499 0.9366 -1.3815
v  -0.7122 0.9559 -1.3815
v  -0.7131 0.9588 -1.3974
v  -0.7451 0.9301 -1.3680
v  -0.7095 0.9482 -1.3680
v  -0.7378 0.9202 -1.3591
v  -0.7056 0.9365 -1.3591
v  -0.7293 0.9087 -1.3558
v  -0.7009 0.9228 -1.3558
v  -0.7210 0.8974 -1.3591
v  -0.6964 0.9093 -1.3591
v  -0.7140 0.8879 -1.3680
v  -0.6926 0.8978 -1.3680
v  -0.7096 0.8817 -1.3815
v  -0.6902 0.8903 -1.3815
v  -0.7079 0.8795 -1.3974
v  -0.6893 0.8876 -1.3974
v  -0.7096 0.8817 -1.4132
v  -0.6902 0.8903 -1.4132
v  -0.7140 0.8879 -1.4268
v  -0.6926 0.8978 -1.4268
v  -0.7210 0.8974 -1.4357
v  -0.6964 0.9093 -1.4357
v  -0.7293 0.9087 -1.4390
v  -0.7009 0.9228 -1.4390
v  -0.7378 0.9202 -1.4357
v  -0.7056 0.9365 -1.4357
v  -0.7451 0.9301 -1.4268
v  -0.7095 0.9482 -1.4268
v  -0.7499 0.9366 -1.4132
v  -0.7122 0.9559 -1.4132
v  -0.8336 0.7938 -1.3815
v  -0.8369 0.7938 -1.3974
v  -0.8247 0.7938 -1.3680
v  -0.8112 0.7938 -1.3591
v  -0.7953 0.7938 -1.3558
v  -0.7795 0.7938 -1.3591
v  -0.7659 0.7938 -1.3680
v  -0.7571 0.7938 -1.3815
v  -0.7538 0.7938 -1.3974
v  -0.7571 0.7938 -1.4132
v  -0.7659 0.7938 -1.4268
v  -0.7795 0.7938 -1.4357
v  -0.7953 0.7938 -1.4390
v  -0.8112 0.7938 -1.4357
v  -0.8247 0.7938 -1.4268
v  -0.8336 0.7938 -1.4132
v  -0.3218 0.9708 -1.3815
v  -0.3218 0.9741 -1.3974
v  -0.3218 0.9620 -1.3680
v  -0.3218 0.9484 -1.3591
v  -0.3218 0.9326 -1.3558
v  -0.3218 0.9167 -1.3591
v  -0.3218 0.9032 -1.3680
v  -0.3218 0.8943 -1.3815
v  -0.3218 0.8910 -1.3974
v  -0.3218 0.8943 -1.4132
v  -0.3218 0.9032 -1.4268
v  -0.3218 0.9167 -1.4357
v  -0.3218 0.9326 -1.4390
v  -0.3218 0.9484 -1.4357
v  -0.3218 0.9620 -1.4268
v  -0.3218 0.9708 -1.4132
v  -0.7761 0.9032 -1.3680
v  -0.7822 0.9085 -1.3815
v  -0.7845 0.9105 -1.3974
v  -0.7560 0.8857 -1.3558
v  -0.7668 0.8951 -1.3591
v  -0.7366 0.8688 -1.3680
v  -0.7454 0.8765 -1.3591
v  -0.7287 0.8620 -1.3974
v  -0.7308 0.8638 -1.3815
v  -0.7366 0.8688 -1.4268
v  -0.7308 0.8638 -1.4132
v  -0.7560 0.8857 -1.4390
v  -0.7454 0.8765 -1.4357
v  -0.7761 0.9032 -1.4268
v  -0.7668 0.8951 -1.4357
v  -0.7822 0.9085 -1.4132
v  0.0451 0.7146 0.1721
v  -0.0427 0.7146 0.1721
v  -0.0427 0.7146 0.2747
v  0.0451 0.7022 0.2747
v  0.0451 0.7146 1.1980
v  -0.0427 0.7146 1.1980
v  -0.0425 0.6609 1.2990
v  0.0460 0.6563 1.2985
v  0.0451 0.7146 1.0954
v  -0.0427 0.7117 1.0954
v  0.0451 0.7146 0.9928
v  -0.0427 0.7110 0.9928
v  0.0451 0.7146 0.8902
v  -0.0426 0.7124 0.8902
v  0.0452 0.7075 0.7876
v  -0.0426 0.7077 0.7877
v  0.0451 0.7146 0.6850
v  -0.0427 0.7124 0.6851
v  0.0451 0.7106 0.5825
v  -0.0427 0.7105 0.5825
v  0.0452 0.7041 0.4799
v  -0.0426 0.7098 0.4799
v  0.0452 0.7056 0.3773
v  -0.0427 0.7146 0.3773
v  -0.0539 0.7536 -0.7320
v  0.0321 0.7810 -0.7383
v  0.0235 0.7747 -0.8061
v  -0.0657 0.8148 -0.7945
v  -0.0445 0.7117 -0.6471
v  0.0394 0.7179 -0.6439
v  -0.0427 0.7146 -0.5460
v  0.0436 0.7146 -0.5447
v  -0.0427 0.7088 -0.4434
v  0.0451 0.7106 -0.4434
v  -0.0427 0.7146 -0.3408
v  0.0451 0.7146 -0.3408
v  -0.0427 0.7140 -0.2382
v  0.0451 0.7146 -0.2382
v  -0.0427 0.7146 -0.1356
v  0.0451 0.7146 -0.1356
v  -0.0427 0.7146 -0.0331
v  0.0451 0.7146 -0.0331
v  -0.0427 0.7146 0.0695
v  0.0451 0.7146 0.0695
v  -0.6572 0.7146 0.1721
v  -0.7447 0.6890 0.1716
v  -0.7425 0.6806 0.2740
v  -0.6572 0.7146 0.2747
v  -0.5694 0.7146 0.1721
v  -0.5694 0.7146 0.2747
v  -0.4816 0.7146 0.1721
v  -0.4816 0.7041 0.2747
v  -0.3938 0.7031 0.1721
v  -0.3938 0.6975 0.2747
v  -0.3060 0.7039 0.1721
v  -0.3060 0.7003 0.2747
v  -0.2182 0.7146 0.1721
v  -0.2182 0.7049 0.2747
v  -0.1304 0.7146 0.1721
v  -0.1304 0.7146 0.2747
v  0.7457 0.6717 0.1741
v  0.6596 0.7146 0.1721
v  0.6596 0.7146 0.2747
v  0.7467 0.6764 0.2770
v  0.5719 0.7146 0.2750
v  0.5718 0.7146 0.1722
v  0.4840 0.7146 0.1721
v  0.4841 0.7142 0.2748
v  0.3963 0.7122 0.2747
v  0.3963 0.7146 0.1721
v  0.3085 0.7068 0.1721
v  0.3085 0.7146 0.2747
v  0.2207 0.7116 0.2747
v  0.2207 0.7146 0.1721
v  0.1329 0.7116 0.1721
v  0.1329 0.7146 0.2747
v  -0.6572 0.7146 1.1980
v  -0.7414 0.6749 1.1978
v  -0.7382 0.6806 1.2974
v  -0.6537 0.6779 1.2967
v  -0.5694 0.7146 1.1980
v  -0.5683 0.6726 1.2976
v  -0.4812 0.7146 1.1971
v  -0.4796 0.6793 1.2974
v  -0.3938 0.7146 1.1980
v  -0.3923 0.6680 1.2985
v  -0.3060 0.7146 1.1980
v  -0.3036 0.6738 1.2977
v  -0.2183 0.7029 1.1980
v  -0.2172 0.6796 1.2970
v  -0.1304 0.7146 1.1980
v  -0.1299 0.6766 1.2966
v  0.7432 0.6862 1.1979
v  0.6596 0.7146 1.1980
v  0.6569 0.6877 1.2973
v  0.7404 0.6889 1.2965
v  0.5701 0.6806 1.2975
v  0.5719 0.7146 1.1972
v  0.4840 0.7146 1.1980
v  0.4824 0.6743 1.2972
v  0.3944 0.6795 1.2964
v  0.3963 0.7146 1.1980
v  0.3088 0.7146 1.1981
v  0.3096 0.6796 1.2963
v  0.2220 0.6757 1.2968
v  0.2208 0.7146 1.1979
v  0.1329 0.7146 1.1980
v  0.1354 0.6653 1.2975
v  -0.6572 0.7146 1.0954
v  -0.7421 0.6720 1.0959
v  -0.5694 0.7146 1.0954
v  -0.4816 0.7146 1.0954
v  -0.3938 0.7146 1.0954
v  -0.3060 0.7146 1.0954
v  -0.2182 0.7146 1.0954
v  -0.1304 0.7146 1.0954
v  0.7460 0.6754 1.0946
v  0.6596 0.7146 1.0954
v  0.5716 0.7146 1.0952
v  0.4835 0.7146 1.0957
v  0.3957 0.7146 1.0957
v  0.3083 0.7133 1.0956
v  0.2207 0.7146 1.0954
v  0.1329 0.7146 1.0954
v  -0.6572 0.7146 0.9928
v  -0.7433 0.6625 0.9932
v  -0.5694 0.7146 0.9928
v  -0.4816 0.7146 0.9928
v  -0.3938 0.7146 0.9928
v  -0.3060 0.7146 0.9928
v  -0.2182 0.7118 0.9928
v  -0.1304 0.7146 0.9928
v  0.7450 0.6667 0.9916
v  0.6596 0.7146 0.9928
v  0.5718 0.7146 0.9928
v  0.4840 0.7146 0.9928
v  0.3963 0.7146 0.9928
v  0.3085 0.7146 0.9928
v  0.2207 0.7146 0.9928
v  0.1329 0.7146 0.9928
v  -0.6572 0.7146 0.8902
v  -0.7441 0.6699 0.8905
v  -0.5694 0.7146 0.8902
v  -0.4816 0.7146 0.8902
v  -0.3938 0.7076 0.8903
v  -0.3060 0.7085 0.8903
v  -0.2182 0.7146 0.8902
v  -0.1304 0.7146 0.8902
v  0.7418 0.6811 0.8884
v  0.6590 0.7146 0.8902
v  0.5722 0.7146 0.8900
v  0.4844 0.7146 0.8899
v  0.3963 0.7146 0.8902
v  0.3085 0.7146 0.8902
v  0.2207 0.7091 0.8902
v  0.1329 0.7146 0.8902
v  -0.6572 0.7146 0.7876
v  -0.7441 0.6776 0.7877
v  -0.5694 0.7146 0.7876
v  -0.4816 0.7082 0.7876
v  -0.3937 0.7064 0.7877
v  -0.3059 0.6988 0.7877
v  -0.2182 0.6978 0.7876
v  -0.1304 0.7146 0.7876
v  0.7418 0.6828 0.7867
v  0.6594 0.7146 0.7878
v  0.5724 0.7146 0.7876
v  0.4844 0.7146 0.7875
v  0.3963 0.7146 0.7876
v  0.3085 0.7069 0.7876
v  0.2207 0.7040 0.7876
v  0.1330 0.6981 0.7876
v  -0.6572 0.7146 0.6850
v  -0.7441 0.6791 0.6850
v  -0.5694 0.7146 0.6850
v  -0.4816 0.7146 0.6850
v  -0.3938 0.7146 0.6851
v  -0.3060 0.7057 0.6851
v  -0.2182 0.7050 0.6850
v  -0.1304 0.7146 0.6850
v  0.7418 0.6781 0.6847
v  0.6592 0.7146 0.6854
v  0.5723 0.7146 0.6852
v  0.4840 0.7146 0.6850
v  0.3962 0.7082 0.6850
v  0.3085 0.7146 0.6850
v  0.2207 0.7015 0.6850
v  0.1329 0.7146 0.6850
v  -0.6572 0.7146 0.5825
v  -0.7439 0.6757 0.5821
v  -0.5693 0.7146 0.5825
v  -0.4816 0.7146 0.5825
v  -0.3938 0.7146 0.5825
v  -0.3060 0.7146 0.5825
v  -0.2182 0.7146 0.5825
v  -0.1304 0.7146 0.5825
v  0.7422 0.6798 0.5826
v  0.6598 0.7146 0.5831
v  0.5729 0.7146 0.5829
v  0.4848 0.7146 0.5827
v  0.3968 0.7120 0.5825
v  0.3087 0.7146 0.5825
v  0.2207 0.7078 0.5825
v  0.1329 0.7146 0.5825
v  -0.6572 0.7146 0.4799
v  -0.7440 0.6755 0.4797
v  -0.5693 0.7146 0.4799
v  -0.4816 0.7146 0.4799
v  -0.3938 0.7146 0.4799
v  -0.3060 0.7068 0.4799
v  -0.2182 0.7067 0.4799
v  -0.1304 0.7146 0.4799
v  0.7423 0.6807 0.4820
v  0.6588 0.7146 0.4808
v  0.5719 0.7146 0.4805
v  0.4842 0.7146 0.4802
v  0.3963 0.7125 0.4800
v  0.3085 0.7146 0.4799
v  0.2207 0.7082 0.4799
v  0.1329 0.7076 0.4799
v  -0.6572 0.7146 0.3773
v  -0.7440 0.6790 0.3770
v  -0.5694 0.7146 0.3773
v  -0.4816 0.7146 0.3773
v  -0.3938 0.7050 0.3773
v  -0.3060 0.7045 0.3773
v  -0.2182 0.7041 0.3773
v  -0.1304 0.7146 0.3773
v  0.7443 0.6798 0.3797
v  0.6596 0.7146 0.3773
v  0.5718 0.7146 0.3776
v  0.4840 0.7126 0.3775
v  0.3963 0.7146 0.3773
v  0.3085 0.7146 0.3773
v  0.2207 0.7078 0.3773
v  0.1330 0.7085 0.3773
v  0.5734 0.7108 -0.6510
v  0.6797 0.6667 -0.6761
v  0.6270 0.6764 -0.7194
v  0.5605 0.6600 -0.7478
v  0.4945 0.7179 -0.6376
v  0.4679 0.6598 -0.7205
v  0.4161 0.7461 -0.6422
v  0.3962 0.6694 -0.7106
v  0.3442 0.7773 -0.6635
v  0.3223 0.6822 -0.7226
v  0.2702 0.7798 -0.6906
v  0.2570 0.7206 -0.7484
v  0.1947 0.7810 -0.7186
v  0.1785 0.7709 -0.7772
v  0.1160 0.7882 -0.7400
v  0.1005 0.7999 -0.7972
v  -0.7399 0.6765 -0.7503
v  -0.6607 0.7352 -0.7307
v  -0.6532 0.6884 -0.8443
v  -0.7383 0.6725 -0.8496
v  -0.5707 0.7118 -0.8272
v  -0.5750 0.7450 -0.7213
v  -0.4880 0.7527 -0.7135
v  -0.4853 0.7227 -0.8134
v  -0.4068 0.7412 -0.7965
v  -0.4066 0.7637 -0.7083
v  -0.3229 0.7705 -0.7052
v  -0.3317 0.7690 -0.7802
v  -0.2521 0.7930 -0.7741
v  -0.2313 0.7575 -0.7157
v  -0.1382 0.7423 -0.7279
v  -0.1562 0.8249 -0.7864
v  0.5917 0.7203 -0.5848
v  0.6693 0.6801 -0.5785
v  0.5120 0.7562 -0.5852
v  0.4345 0.7805 -0.5918
v  0.3570 0.7808 -0.6038
v  0.2817 0.7815 -0.6236
v  0.2046 0.7804 -0.6389
v  0.1232 0.7494 -0.6424
v  -0.7394 0.6844 -0.6477
v  -0.6570 0.7237 -0.6399
v  -0.5716 0.7288 -0.6351
v  -0.4842 0.7315 -0.6322
v  -0.3959 0.7303 -0.6335
v  -0.3077 0.7271 -0.6365
v  -0.2192 0.7206 -0.6434
v  -0.1308 0.7157 -0.6482
v  0.6102 0.7567 -0.5031
v  0.6831 0.6790 -0.4913
v  0.5304 0.7815 -0.5116
v  0.4506 0.7817 -0.5192
v  0.3716 0.7818 -0.5276
v  0.2923 0.7723 -0.5349
v  0.2101 0.7378 -0.5381
v  0.1269 0.7146 -0.5406
v  -0.7395 0.6846 -0.5459
v  -0.6557 0.7147 -0.5461
v  -0.5696 0.7152 -0.5457
v  -0.4818 0.7153 -0.5452
v  -0.3938 0.7146 -0.5459
v  -0.3059 0.7146 -0.5458
v  -0.2182 0.7146 -0.5460
v  -0.1304 0.7146 -0.5460
v  0.6287 0.7816 -0.4183
v  0.7038 0.7093 -0.4085
v  0.5460 0.7817 -0.4233
v  0.4645 0.7818 -0.4294
v  0.3827 0.7633 -0.4341
v  0.2994 0.7277 -0.4362
v  0.2154 0.7091 -0.4388
v  0.1314 0.7100 -0.4420
v  -0.7400 0.6803 -0.4435
v  -0.6562 0.7146 -0.4438
v  -0.5700 0.7146 -0.4438
v  -0.4821 0.7146 -0.4436
v  -0.3938 0.7146 -0.4434
v  -0.3060 0.7098 -0.4433
v  -0.2182 0.7146 -0.4435
v  -0.1305 0.7146 -0.4434
v  0.6442 0.7817 -0.3301
v  0.7204 0.7459 -0.3236
v  0.5594 0.7597 -0.3330
v  0.4759 0.7560 -0.3358
v  0.3906 0.7204 -0.3362
v  0.3055 0.7146 -0.3383
v  0.2200 0.7038 -0.3402
v  0.1329 0.7113 -0.3408
v  -0.7398 0.6808 -0.3414
v  -0.6560 0.7146 -0.3414
v  -0.5699 0.7146 -0.3413
v  -0.4820 0.7146 -0.3412
v  -0.3938 0.7146 -0.3408
v  -0.3060 0.7146 -0.3408
v  -0.2182 0.7039 -0.3409
v  -0.1304 0.7146 -0.3408
v  0.6567 0.7797 -0.2391
v  0.7358 0.7457 -0.2374
v  0.5707 0.7461 -0.2386
v  0.4829 0.7148 -0.2371
v  0.3958 0.7146 -0.2378
v  0.3085 0.7146 -0.2382
v  0.2207 0.7146 -0.2382
v  0.1329 0.7146 -0.2382
v  -0.7405 0.6778 -0.2394
v  -0.6564 0.7146 -0.2388
v  -0.5696 0.7146 -0.2387
v  -0.4816 0.7146 -0.2382
v  -0.3938 0.7128 -0.2383
v  -0.3061 0.7146 -0.2383
v  -0.2183 0.7118 -0.2383
v  -0.1305 0.7114 -0.2383
v  0.6608 0.7402 -0.1381
v  0.7467 0.7210 -0.1424
v  0.5718 0.7146 -0.1356
v  0.4840 0.7146 -0.1356
v  0.3963 0.7103 -0.1357
v  0.3085 0.7013 -0.1357
v  0.2207 0.6961 -0.1357
v  0.1329 0.7146 -0.1356
v  -0.7422 0.6800 -0.1376
v  -0.6572 0.7146 -0.1356
v  -0.5694 0.7146 -0.1359
v  -0.4817 0.7114 -0.1358
v  -0.3938 0.7146 -0.1356
v  -0.3059 0.7068 -0.1358
v  -0.2182 0.7079 -0.1357
v  -0.1304 0.7146 -0.1356
v  0.6596 0.7146 -0.0331
v  0.7475 0.6933 -0.0370
v  0.5718 0.7136 -0.0331
v  0.4840 0.7146 -0.0331
v  0.3963 0.7139 -0.0331
v  0.3085 0.7099 -0.0331
v  0.2207 0.7067 -0.0331
v  0.1329 0.7146 -0.0331
v  -0.7442 0.6817 -0.0339
v  -0.6572 0.7146 -0.0331
v  -0.5694 0.7146 -0.0331
v  -0.4816 0.7113 -0.0331
v  -0.3938 0.7146 -0.0331
v  -0.3060 0.7069 -0.0331
v  -0.2182 0.7146 -0.0331
v  -0.1304 0.7146 -0.0331
v  0.6596 0.7146 0.0695
v  0.7460 0.6764 0.0704
v  0.5718 0.7146 0.0695
v  0.4840 0.7146 0.0695
v  0.3963 0.7146 0.0695
v  0.3085 0.7146 0.0695
v  0.2207 0.7046 0.0695
v  0.1329 0.7146 0.0695
v  -0.7443 0.6907 0.0689
v  -0.6572 0.7146 0.0695
v  -0.5693 0.7146 0.0695
v  -0.4814 0.7146 0.0695
v  -0.3937 0.7104 0.0695
v  -0.3060 0.7146 0.0695
v  -0.2182 0.7146 0.0695
v  -0.1304 0.7146 0.0695
v  -0.0437 0.6946 0.2744
v  -0.0427 0.6946 0.1721
v  0.0445 0.6946 0.1712
v  0.0448 0.6822 0.2742
v  -0.0442 0.6434 1.2894
v  -0.0429 0.6951 1.1937
v  0.0450 0.6952 1.1929
v  0.0460 0.6388 1.2888
v  -0.0426 0.6917 1.0957
v  0.0454 0.6946 1.0955
v  -0.0427 0.6910 0.9928
v  0.0455 0.6946 0.9928
v  -0.0427 0.6924 0.8907
v  0.0452 0.6946 0.8911
v  -0.0433 0.6877 0.7875
v  0.0444 0.6875 0.7873
v  -0.0428 0.6924 0.6850
v  0.0454 0.6946 0.6847
v  -0.0432 0.6905 0.5829
v  0.0456 0.6907 0.5834
v  -0.0439 0.6898 0.4796
v  0.0450 0.6841 0.4802
v  -0.0439 0.6946 0.3770
v  0.0448 0.6856 0.3771
v  0.0261 0.7551 -0.8090
v  0.0361 0.7622 -0.7438
v  -0.0527 0.7362 -0.7418
v  -0.0696 0.8012 -0.8087
v  0.0429 0.6990 -0.6493
v  -0.0436 0.6923 -0.6520
v  0.0445 0.6947 -0.5464
v  -0.0426 0.6946 -0.5463
v  0.0452 0.6906 -0.4433
v  -0.0430 0.6888 -0.4435
v  0.0448 0.6946 -0.3405
v  -0.0425 0.6946 -0.3404
v  0.0451 0.6946 -0.2381
v  -0.0424 0.6940 -0.2381
v  0.0451 0.6946 -0.1356
v  -0.0426 0.6946 -0.1356
v  0.0451 0.6946 -0.0331
v  -0.0427 0.6946 -0.0331
v  0.0451 0.6946 0.0695
v  -0.0427 0.6946 0.0695
v  -0.7355 0.6619 0.2735
v  -0.7392 0.6698 0.1706
v  -0.6541 0.6948 0.1719
v  -0.6534 0.6949 0.2747
v  -0.5694 0.6946 0.1721
v  -0.5703 0.6946 0.2744
v  -0.4829 0.6947 0.1712
v  -0.4834 0.6842 0.2746
v  -0.3947 0.6832 0.1706
v  -0.3944 0.6776 0.2750
v  -0.3049 0.6840 0.1710
v  -0.3051 0.6803 0.2747
v  -0.2172 0.6946 0.1713
v  -0.2170 0.6850 0.2741
v  -0.1302 0.6946 0.1719
v  -0.1293 0.6946 0.2747
v  0.6554 0.6950 0.2748
v  0.6551 0.6951 0.1720
v  0.7370 0.6537 0.1740
v  0.7388 0.6581 0.2776
v  0.5720 0.6946 0.2749
v  0.5718 0.6946 0.1722
v  0.4843 0.6942 0.2747
v  0.4841 0.6946 0.1720
v  0.3963 0.6922 0.2747
v  0.3969 0.6946 0.1722
v  0.3089 0.6946 0.2751
v  0.3086 0.6868 0.1720
v  0.2205 0.6916 0.2743
v  0.2205 0.6946 0.1725
v  0.1339 0.6946 0.2745
v  0.1330 0.6916 0.1720
v  -0.7345 0.6612 1.2938
v  -0.7327 0.6569 1.1982
v  -0.6538 0.6950 1.1955
v  -0.6543 0.6593 1.2895
v  -0.5695 0.6950 1.1941
v  -0.5684 0.6540 1.2902
v  -0.4810 0.6949 1.1935
v  -0.4796 0.6606 1.2902
v  -0.3940 0.6950 1.1939
v  -0.3931 0.6497 1.2904
v  -0.3069 0.6951 1.1937
v  -0.3033 0.6550 1.2909
v  -0.2182 0.6833 1.1944
v  -0.2162 0.6603 1.2916
v  -0.1296 0.6949 1.1948
v  -0.1311 0.6582 1.2887
v  0.6563 0.6681 1.2935
v  0.6563 0.6950 1.1954
v  0.7382 0.6668 1.1975
v  0.7407 0.6689 1.2971
v  0.5712 0.6616 1.2914
v  0.5720 0.6949 1.1938
v  0.4822 0.6557 1.2900
v  0.4839 0.6949 1.1943
v  0.3941 0.6607 1.2895
v  0.3963 0.6949 1.1946
v  0.3100 0.6608 1.2896
v  0.3089 0.6949 1.1947
v  0.2233 0.6571 1.2896
v  0.2210 0.6950 1.1940
v  0.1369 0.6473 1.2890
v  0.1331 0.6952 1.1932
v  -0.7327 0.6543 1.0965
v  -0.6526 0.6951 1.0955
v  -0.5694 0.6946 1.0954
v  -0.4816 0.6946 1.0954
v  -0.3938 0.6946 1.0954
v  -0.3061 0.6946 1.0955
v  -0.2185 0.6946 1.0948
v  -0.1305 0.6946 1.0951
v  0.6552 0.6951 1.0956
v  0.7381 0.6570 1.0958
v  0.5716 0.6946 1.0952
v  0.4835 0.6946 1.0957
v  0.3959 0.6946 1.0957
v  0.3083 0.6933 1.0956
v  0.2206 0.6946 1.0954
v  0.1329 0.6946 1.0954
v  -0.7332 0.6452 0.9936
v  -0.6520 0.6953 0.9930
v  -0.5694 0.6946 0.9928
v  -0.4818 0.6946 0.9930
v  -0.3938 0.6946 0.9935
v  -0.3061 0.6946 0.9932
v  -0.2182 0.6918 0.9928
v  -0.1306 0.6946 0.9928
v  0.6548 0.6952 0.9925
v  0.7356 0.6491 0.9909
v  0.5718 0.6946 0.9928
v  0.4840 0.6946 0.9928
v  0.3963 0.6946 0.9928
v  0.3084 0.6946 0.9927
v  0.2208 0.6946 0.9932
v  0.1328 0.6946 0.9930
v  -0.7353 0.6520 0.8895
v  -0.6523 0.6952 0.8900
v  -0.5695 0.6946 0.8904
v  -0.4822 0.6946 0.8907
v  -0.3945 0.6876 0.8911
v  -0.3054 0.6886 0.8920
v  -0.2173 0.6946 0.8914
v  -0.1307 0.6946 0.8903
v  0.6552 0.6949 0.8901
v  0.7337 0.6628 0.8878
v  0.5722 0.6946 0.8900
v  0.4844 0.6946 0.8899
v  0.3963 0.6946 0.8902
v  0.3092 0.6946 0.8909
v  0.2208 0.6891 0.8912
v  0.1326 0.6946 0.8915
v  -0.7364 0.6591 0.7870
v  -0.6530 0.6950 0.7875
v  -0.5699 0.6946 0.7875
v  -0.4823 0.6882 0.7874
v  -0.3950 0.6864 0.7872
v  -0.3067 0.6788 0.7877
v  -0.2164 0.6779 0.7885
v  -0.1296 0.6946 0.7880
v  0.6557 0.6949 0.7879
v  0.7345 0.6642 0.7870
v  0.5724 0.6946 0.7876
v  0.4844 0.6946 0.7875
v  0.3971 0.6946 0.7883
v  0.3094 0.6870 0.7879
v  0.2217 0.6840 0.7884
v  0.1323 0.6781 0.7879
v  -0.7364 0.6606 0.6851
v  -0.6533 0.6950 0.6850
v  -0.5694 0.6946 0.6850
v  -0.4818 0.6946 0.6846
v  -0.3946 0.6946 0.6841
v  -0.3070 0.6858 0.6835
v  -0.2175 0.6851 0.6837
v  -0.1295 0.6946 0.6849
v  0.6551 0.6950 0.6854
v  0.7339 0.6597 0.6848
v  0.5723 0.6946 0.6852
v  0.4846 0.6946 0.6852
v  0.3965 0.6882 0.6850
v  0.3091 0.6946 0.6845
v  0.2210 0.6815 0.6843
v  0.1314 0.6947 0.6835
v  -0.7357 0.6574 0.5824
v  -0.6530 0.6950 0.5825
v  -0.5693 0.6946 0.5825
v  -0.4816 0.6946 0.5825
v  -0.3940 0.6946 0.5827
v  -0.3062 0.6946 0.5826
v  -0.2180 0.6946 0.5821
v  -0.1307 0.6946 0.5822
v  0.6558 0.6950 0.5831
v  0.7343 0.6614 0.5824
v  0.5729 0.6946 0.5829
v  0.4852 0.6946 0.5826
v  0.3967 0.6920 0.5822
v  0.3093 0.6946 0.5823
v  0.2206 0.6878 0.5820
v  0.1327 0.6946 0.5831
v  -0.7359 0.6572 0.4796
v  -0.6530 0.6950 0.4799
v  -0.5693 0.6946 0.4799
v  -0.4818 0.6946 0.4801
v  -0.3945 0.6946 0.4806
v  -0.3067 0.6868 0.4807
v  -0.2173 0.6867 0.4808
v  -0.1302 0.6946 0.4800
v  0.6550 0.6950 0.4808
v  0.7348 0.6622 0.4820
v  0.5719 0.6946 0.4805
v  0.4845 0.6946 0.4803
v  0.3962 0.6925 0.4799
v  0.3090 0.6946 0.4798
v  0.2213 0.6882 0.4801
v  0.1334 0.6876 0.4805
v  -0.7364 0.6605 0.3766
v  -0.6532 0.6950 0.3772
v  -0.5696 0.6946 0.3776
v  -0.4826 0.6946 0.3782
v  -0.3946 0.6851 0.3786
v  -0.3062 0.6845 0.3780
v  -0.2171 0.6841 0.3775
v  -0.1293 0.6946 0.3774
v  0.6557 0.6950 0.3773
v  0.7367 0.6613 0.3799
v  0.5720 0.6946 0.3777
v  0.4841 0.6926 0.3775
v  0.3961 0.6946 0.3773
v  0.3092 0.6946 0.3774
v  0.2214 0.6878 0.3770
v  0.1332 0.6885 0.3766
v  0.6236 0.6578 -0.7128
v  0.6721 0.6484 -0.6728
v  0.5698 0.6925 -0.6437
v  0.5618 0.6426 -0.7380
v  0.4921 0.7019 -0.6258
v  0.4682 0.6442 -0.7079
v  0.4102 0.7313 -0.6300
v  0.3930 0.6576 -0.6948
v  0.3386 0.7606 -0.6541
v  0.3154 0.6724 -0.7065
v  0.2658 0.7623 -0.6819
v  0.2471 0.7083 -0.7362
v  0.1917 0.7614 -0.7157
v  0.1713 0.7526 -0.7738
v  0.1155 0.7688 -0.7450
v  0.1005 0.7801 -0.7995
v  -0.6478 0.6700 -0.8386
v  -0.6541 0.7164 -0.7281
v  -0.7305 0.6591 -0.7471
v  -0.7346 0.6529 -0.8487
v  -0.5685 0.6930 -0.8206
v  -0.5733 0.7252 -0.7200
v  -0.4832 0.7037 -0.8075
v  -0.4859 0.7328 -0.7131
v  -0.4027 0.7223 -0.7914
v  -0.4042 0.7440 -0.7103
v  -0.3270 0.7496 -0.7788
v  -0.3228 0.7515 -0.7114
v  -0.2499 0.7749 -0.7824
v  -0.2337 0.7407 -0.7263
v  -0.1579 0.8119 -0.8015
v  -0.1394 0.7259 -0.7394
v  0.6583 0.6638 -0.5749
v  0.5838 0.7030 -0.5786
v  0.5071 0.7387 -0.5769
v  0.4310 0.7619 -0.5853
v  0.3553 0.7610 -0.6017
v  0.2829 0.7616 -0.6254
v  0.2083 0.7611 -0.6426
v  0.1287 0.7309 -0.6479
v  -0.6520 0.7045 -0.6421
v  -0.7298 0.6668 -0.6480
v  -0.5705 0.7092 -0.6385
v  -0.4836 0.7120 -0.6369
v  -0.3962 0.7113 -0.6398
v  -0.3093 0.7082 -0.6430
v  -0.2209 0.7013 -0.6483
v  -0.1314 0.6961 -0.6521
v  0.6688 0.6660 -0.4863
v  0.6011 0.7401 -0.4968
v  0.5269 0.7623 -0.5074
v  0.4502 0.7617 -0.5186
v  0.3737 0.7621 -0.5303
v  0.2968 0.7534 -0.5396
v  0.2154 0.7193 -0.5435
v  0.1298 0.6952 -0.5445
v  -0.6520 0.6951 -0.5473
v  -0.7323 0.6660 -0.5467
v  -0.5694 0.6953 -0.5473
v  -0.4819 0.6954 -0.5471
v  -0.3940 0.6947 -0.5476
v  -0.3063 0.6946 -0.5473
v  -0.2182 0.6946 -0.5466
v  -0.1306 0.6946 -0.5460
v  0.6914 0.6951 -0.4017
v  0.6219 0.7630 -0.4151
v  0.5453 0.7617 -0.4248
v  0.4672 0.7623 -0.4327
v  0.3877 0.7446 -0.4391
v  0.3048 0.7091 -0.4411
v  0.2178 0.6895 -0.4424
v  0.1319 0.6900 -0.4430
v  -0.6524 0.6950 -0.4438
v  -0.7326 0.6617 -0.4437
v  -0.5700 0.6946 -0.4439
v  -0.4821 0.6946 -0.4436
v  -0.3942 0.6946 -0.4435
v  -0.3060 0.6898 -0.4433
v  -0.2181 0.6946 -0.4441
v  -0.1307 0.6946 -0.4439
v  0.7120 0.7284 -0.3191
v  0.6416 0.7619 -0.3291
v  0.5626 0.7405 -0.3373
v  0.4793 0.7372 -0.3416
v  0.3947 0.7013 -0.3405
v  0.3080 0.6948 -0.3402
v  0.2209 0.6838 -0.3402
v  0.1319 0.6913 -0.3406
v  -0.6522 0.6950 -0.3415
v  -0.7323 0.6623 -0.3416
v  -0.5699 0.6946 -0.3413
v  -0.4820 0.6946 -0.3412
v  -0.3940 0.6946 -0.3408
v  -0.3068 0.6946 -0.3408
v  -0.2183 0.6839 -0.3411
v  -0.1297 0.6946 -0.3407
v  0.7288 0.7271 -0.2400
v  0.6559 0.7600 -0.2425
v  0.5766 0.7273 -0.2422
v  0.4858 0.6953 -0.2405
v  0.3970 0.6948 -0.2401
v  0.3088 0.6947 -0.2398
v  0.2205 0.6946 -0.2388
v  0.1327 0.6946 -0.2377
v  -0.6524 0.6950 -0.2387
v  -0.7326 0.6595 -0.2393
v  -0.5696 0.6946 -0.2387
v  -0.4818 0.6946 -0.2385
v  -0.3938 0.6928 -0.2383
v  -0.3066 0.6946 -0.2386
v  -0.2183 0.6918 -0.2383
v  -0.1302 0.6914 -0.2384
v  0.7422 0.7021 -0.1470
v  0.6602 0.7209 -0.1432
v  0.5747 0.6950 -0.1388
v  0.4852 0.6946 -0.1364
v  0.3976 0.6903 -0.1356
v  0.3098 0.6813 -0.1358
v  0.2193 0.6762 -0.1365
v  0.1313 0.6947 -0.1361
v  -0.6534 0.6949 -0.1356
v  -0.7345 0.6615 -0.1372
v  -0.5697 0.6946 -0.1360
v  -0.4818 0.6914 -0.1359
v  -0.3941 0.6946 -0.1357
v  -0.3068 0.6868 -0.1364
v  -0.2173 0.6880 -0.1354
v  -0.1298 0.6946 -0.1352
v  0.7419 0.6743 -0.0402
v  0.6573 0.6949 -0.0354
v  0.5724 0.6936 -0.0338
v  0.4840 0.6946 -0.0331
v  0.3968 0.6939 -0.0326
v  0.3096 0.6900 -0.0321
v  0.2202 0.6867 -0.0323
v  0.1317 0.6946 -0.0328
v  -0.6538 0.6949 -0.0328
v  -0.7370 0.6630 -0.0329
v  -0.5697 0.6946 -0.0331
v  -0.4815 0.6913 -0.0329
v  -0.3945 0.6946 -0.0333
v  -0.3058 0.6869 -0.0325
v  -0.2174 0.6946 -0.0324
v  -0.1304 0.6946 -0.0331
v  0.7377 0.6582 0.0688
v  0.6559 0.6949 0.0691
v  0.5718 0.6946 0.0696
v  0.4840 0.6946 0.0695
v  0.3965 0.6946 0.0694
v  0.3093 0.6946 0.0696
v  0.2209 0.6846 0.0701
v  0.1318 0.6946 0.0693
v  -0.6545 0.6948 0.0695
v  -0.7386 0.6716 0.0692
v  -0.5694 0.6946 0.0696
v  -0.4817 0.6946 0.0696
v  -0.3942 0.6904 0.0689
v  -0.3054 0.6946 0.0691
v  -0.2180 0.6946 0.0692
v  -0.1304 0.6946 0.0695
v  0.5005 0.7982 -1.3848
v  0.5129 0.7875 -1.3312
v  0.4679 0.7723 -1.3320
v  0.4551 0.7993 -1.3731
v  0.4207 0.7634 -1.3301
v  0.4098 0.7966 -1.3576
v  0.3727 0.7577 -1.3229
v  0.3661 0.7934 -1.3369
v  0.3251 0.7545 -1.3117
v  0.3188 0.7903 -1.3261
v  0.2777 0.7513 -1.3005
v  0.2805 0.7860 -1.2963
v  0.2331 0.7499 -1.2812
v  0.2321 0.7851 -1.3015
v  0.1858 0.7472 -1.2912
v  0.1833 0.7833 -1.3000
v  0.1372 0.7463 -1.2878
v  0.1349 0.7824 -1.2933
v  0.0912 0.7446 -1.2727
v  0.0958 0.7784 -1.2642
v  0.0441 0.7442 -1.2606
v  0.0487 0.7796 -1.2765
v  0.0002 0.7449 -1.2815
v  0.0017 0.7811 -1.2886
v  -0.0481 0.7459 -1.2874
v  -0.0464 0.7819 -1.2961
v  -0.0967 0.7470 -1.2847
v  -0.0946 0.7825 -1.3024
v  -0.1420 0.7464 -1.3017
v  -0.1427 0.7808 -1.2955
v  -0.1894 0.7481 -1.3121
v  -0.1852 0.7840 -1.3188
v  -0.2366 0.7504 -1.3238
v  -0.2306 0.7862 -1.3361
v  -0.2838 0.7528 -1.3366
v  -0.2765 0.7882 -1.3528
v  -0.3321 0.7577 -1.3456
v  -0.3220 0.7914 -1.3715
v  -0.3798 0.7669 -1.3473
v  -0.3688 0.7934 -1.3906
v  -0.4150 0.7877 -1.3352
v  -0.4204 0.7973 -1.3831
v  0.4968 0.7788 -1.2779
v  0.4741 0.7511 -1.2839
v  0.4296 0.7371 -1.2873
v  0.3819 0.7277 -1.2861
v  0.3332 0.7218 -1.2816
v  0.2846 0.7167 -1.2774
v  0.2360 0.7141 -1.2710
v  0.1874 0.7125 -1.2669
v  0.1398 0.7135 -1.2570
v  0.0924 0.7085 -1.2641
v  0.0438 0.7088 -1.2598
v  -0.0045 0.7094 -1.2632
v  -0.0523 0.7127 -1.2581
v  -0.0993 0.7112 -1.2700
v  -0.1476 0.7120 -1.2778
v  -0.1961 0.7145 -1.2850
v  -0.2449 0.7183 -1.2918
v  -0.2936 0.7242 -1.2972
v  -0.3409 0.7348 -1.2985
v  -0.3809 0.7532 -1.2936
v  -0.4034 0.7802 -1.2848
v  0.4811 0.7711 -1.2260
v  0.4667 0.7411 -1.2306
v  0.4321 0.7188 -1.2362
v  0.3869 0.7051 -1.2381
v  0.3388 0.6960 -1.2372
v  0.2899 0.6894 -1.2352
v  0.2408 0.6844 -1.2330
v  0.1913 0.6822 -1.2299
v  0.1420 0.6804 -1.2272
v  0.0928 0.6783 -1.2269
v  0.0436 0.6765 -1.2278
v  -0.0057 0.6777 -1.2285
v  -0.0549 0.6792 -1.2300
v  -0.1040 0.6805 -1.2342
v  -0.1531 0.6832 -1.2383
v  -0.2023 0.6877 -1.2421
v  -0.2512 0.6942 -1.2454
v  -0.2991 0.7038 -1.2473
v  -0.3430 0.7192 -1.2457
v  -0.3761 0.7425 -1.2401
v  -0.3927 0.7716 -1.2333
v  0.4722 0.7636 -1.1732
v  0.4569 0.7336 -1.1778
v  0.4282 0.7079 -1.1824
v  0.3875 0.6894 -1.1851
v  0.3407 0.6777 -1.1855
v  0.2922 0.6693 -1.1849
v  0.2429 0.6631 -1.1839
v  0.1932 0.6588 -1.1827
v  0.1434 0.6556 -1.1816
v  0.0934 0.6537 -1.1810
v  0.0433 0.6528 -1.1812
v  -0.0067 0.6535 -1.1823
v  -0.0568 0.6550 -1.1840
v  -0.1067 0.6576 -1.1865
v  -0.1564 0.6620 -1.1890
v  -0.2056 0.6683 -1.1912
v  -0.2541 0.6768 -1.1931
v  -0.3007 0.6888 -1.1938
v  -0.3416 0.7072 -1.1919
v  -0.3701 0.7329 -1.1869
v  -0.3820 0.7632 -1.1817
v  0.4450 0.7567 -1.1270
v  0.4505 0.7246 -1.1247
v  0.4251 0.6975 -1.1286
v  0.3857 0.6780 -1.1308
v  0.3402 0.6646 -1.1314
v  0.2922 0.6549 -1.1313
v  0.2432 0.6478 -1.1309
v  0.1935 0.6425 -1.1303
v  0.1434 0.6388 -1.1295
v  0.0931 0.6366 -1.1292
v  0.0427 0.6357 -1.1295
v  -0.0077 0.6365 -1.1304
v  -0.0580 0.6386 -1.1319
v  -0.1080 0.6421 -1.1338
v  -0.1578 0.6473 -1.1357
v  -0.2068 0.6545 -1.1374
v  -0.2547 0.6641 -1.1387
v  -0.3003 0.6774 -1.1393
v  -0.3391 0.6973 -1.1381
v  -0.3610 0.7254 -1.1343
v  -0.3792 0.7543 -1.1288
v  0.4529 0.7490 -1.0744
v  0.4335 0.7197 -1.0740
v  0.4223 0.6887 -1.0749
v  0.3839 0.6684 -1.0762
v  0.3387 0.6548 -1.0766
v  0.2910 0.6448 -1.0766
v  0.2422 0.6373 -1.0764
v  0.1926 0.6318 -1.0759
v  0.1427 0.6279 -1.0753
v  0.0924 0.6256 -1.0751
v  0.0420 0.6248 -1.0754
v  -0.0083 0.6256 -1.0763
v  -0.0586 0.6278 -1.0776
v  -0.1086 0.6317 -1.0794
v  -0.1581 0.6372 -1.0811
v  -0.2070 0.6446 -1.0826
v  -0.2548 0.6545 -1.0838
v  -0.3001 0.6680 -1.0846
v  -0.3397 0.6875 -1.0845
v  -0.3667 0.7142 -1.0823
v  -0.3759 0.7448 -1.0760
v  0.4614 0.7410 -1.0218
v  0.4472 0.7102 -1.0228
v  0.4211 0.6827 -1.0213
v  0.3832 0.6619 -1.0214
v  0.3379 0.6484 -1.0216
v  0.2901 0.6388 -1.0216
v  0.2412 0.6316 -1.0215
v  0.1917 0.6263 -1.0211
v  0.1418 0.6228 -1.0206
v  0.0916 0.6207 -1.0204
v  0.0414 0.6199 -1.0207
v  -0.0089 0.6207 -1.0216
v  -0.0590 0.6227 -1.0229
v  -0.1089 0.6262 -1.0246
v  -0.1584 0.6313 -1.0262
v  -0.2073 0.6382 -1.0276
v  -0.2552 0.6472 -1.0288
v  -0.3013 0.6594 -1.0298
v  -0.3417 0.6782 -1.0307
v  -0.3695 0.7046 -1.0298
v  -0.3618 0.7353 -1.0249
v  0.4531 0.7336 -0.9691
v  0.4539 0.7018 -0.9700
v  0.4259 0.6751 -0.9678
v  0.3849 0.6566 -0.9666
v  0.3382 0.6451 -0.9667
v  0.2897 0.6372 -0.9671
v  0.2405 0.6312 -0.9674
v  0.1908 0.6270 -0.9673
v  0.1408 0.6242 -0.9671
v  0.0907 0.6226 -0.9670
v  0.0406 0.6219 -0.9674
v  -0.0095 0.6226 -0.9682
v  -0.0596 0.6242 -0.9694
v  -0.1095 0.6269 -0.9708
v  -0.1592 0.6310 -0.9721
v  -0.2085 0.6365 -0.9731
v  -0.2572 0.6438 -0.9740
v  -0.3046 0.6539 -0.9750
v  -0.3475 0.6703 -0.9770
v  -0.3681 0.6994 -0.9767
v  -0.3865 0.7291 -0.9778
v  0.4765 0.7263 -0.9213
v  0.4620 0.6952 -0.9173
v  0.4299 0.6704 -0.9136
v  0.3857 0.6551 -0.9120
v  0.3375 0.6464 -0.9127
v  0.2883 0.6411 -0.9142
v  0.2388 0.6374 -0.9158
v  0.1892 0.6349 -0.9167
v  0.1394 0.6333 -0.9172
v  0.0896 0.6323 -0.9175
v  0.0397 0.6316 -0.9180
v  -0.0101 0.6324 -0.9187
v  -0.0599 0.6332 -0.9195
v  -0.1096 0.6348 -0.9202
v  -0.1593 0.6373 -0.9205
v  -0.2088 0.6407 -0.9204
v  -0.2580 0.6457 -0.9203
v  -0.3066 0.6533 -0.9207
v  -0.3526 0.6660 -0.9229
v  -0.3875 0.6893 -0.9270
v  -0.4006 0.7201 -0.9266
v  0.4902 0.7195 -0.8701
v  0.4703 0.6896 -0.8640
v  0.4310 0.6696 -0.8594
v  0.3835 0.6597 -0.8594
v  0.3343 0.6553 -0.8625
v  0.2850 0.6533 -0.8666
v  0.2359 0.6523 -0.8705
v  0.1867 0.6516 -0.8732
v  0.1375 0.6511 -0.8748
v  0.0882 0.6507 -0.8757
v  0.0390 0.6499 -0.8763
v  -0.0102 0.6509 -0.8770
v  -0.0595 0.6510 -0.8770
v  -0.1087 0.6514 -0.8765
v  -0.1580 0.6522 -0.8751
v  -0.2073 0.6533 -0.8729
v  -0.2566 0.6555 -0.8706
v  -0.3058 0.6599 -0.8691
v  -0.3540 0.6681 -0.8697
v  -0.3986 0.6827 -0.8741
v  -0.4215 0.7115 -0.8769
v  0.5073 0.7115 -0.8213
v  0.4741 0.6865 -0.8096
v  0.4264 0.6772 -0.8086
v  0.3774 0.6750 -0.8145
v  0.3290 0.6752 -0.8228
v  0.2808 0.6761 -0.8308
v  0.2326 0.6769 -0.8374
v  0.1842 0.6773 -0.8419
v  0.1357 0.6774 -0.8444
v  0.0872 0.6772 -0.8453
v  0.0387 0.6770 -0.8476
v  -0.0099 0.6772 -0.8465
v  -0.0585 0.6771 -0.8462
v  -0.1071 0.6769 -0.8448
v  -0.1557 0.6765 -0.8412
v  -0.2043 0.6760 -0.8367
v  -0.2529 0.6759 -0.8313
v  -0.3016 0.6763 -0.8253
v  -0.3504 0.6794 -0.8216
v  -0.3979 0.6879 -0.8228
v  -0.4428 0.7035 -0.8255
v  0.5184 0.7060 -0.7740
v  0.4681 0.6986 -0.7614
v  0.4194 0.7015 -0.7754
v  0.3722 0.7038 -0.7899
v  0.3254 0.7060 -0.8029
v  0.2781 0.7077 -0.8128
v  0.2304 0.7089 -0.8204
v  0.1824 0.7095 -0.8253
v  0.1340 0.7098 -0.8283
v  0.0855 0.7095 -0.8285
v  0.0383 0.7113 -0.8392
v  -0.0091 0.7094 -0.8287
v  -0.0575 0.7094 -0.8298
v  -0.1058 0.7091 -0.8281
v  -0.1538 0.7080 -0.8225
v  -0.2018 0.7073 -0.8177
v  -0.2494 0.7061 -0.8094
v  -0.2967 0.7047 -0.7995
v  -0.3435 0.7032 -0.7875
v  -0.3901 0.7015 -0.7766
v  -0.4364 0.6973 -0.7704
v  0.5045 0.8203 -1.3784
v  0.4549 0.8241 -1.3842
v  0.4604 0.8312 -1.3322
v  0.4987 0.8099 -1.3278
v  0.4085 0.8213 -1.3636
v  0.4172 0.8463 -1.3323
v  0.3638 0.8177 -1.3423
v  0.3691 0.8484 -1.3227
v  0.3176 0.8144 -1.3264
v  0.3224 0.8455 -1.3080
v  0.2791 0.8099 -1.2969
v  0.2746 0.8453 -1.2988
v  0.2307 0.8090 -1.3010
v  0.2276 0.8417 -1.2872
v  0.1827 0.8063 -1.2938
v  0.1840 0.8340 -1.2674
v  0.1340 0.8065 -1.2923
v  0.1361 0.8383 -1.2750
v  0.0940 0.8023 -1.2647
v  0.0878 0.8379 -1.2693
v  0.0453 0.8009 -1.2654
v  0.0427 0.8333 -1.2517
v  0.0014 0.8049 -1.2861
v  -0.0016 0.8377 -1.2718
v  -0.0468 0.8055 -1.2934
v  -0.0499 0.8377 -1.2778
v  -0.0951 0.8061 -1.3000
v  -0.0985 0.8352 -1.2765
v  -0.1432 0.8043 -1.2928
v  -0.1447 0.8394 -1.2908
v  -0.1863 0.8075 -1.3152
v  -0.1923 0.8397 -1.3002
v  -0.2322 0.8094 -1.3311
v  -0.2398 0.8394 -1.3099
v  -0.2801 0.8088 -1.3391
v  -0.2871 0.8401 -1.3218
v  -0.3216 0.8141 -1.3626
v  -0.3351 0.8390 -1.3325
v  -0.3656 0.8175 -1.3799
v  -0.3837 0.8332 -1.3377
v  -0.4087 0.8167 -1.3917
v  -0.4240 0.8135 -1.3362
v  0.4623 0.8300 -1.2788
v  0.4884 0.8023 -1.2762
v  0.4236 0.8504 -1.2802
v  0.3780 0.8632 -1.2782
v  0.3295 0.8683 -1.2727
v  0.2806 0.8694 -1.2656
v  0.2321 0.8681 -1.2577
v  0.1844 0.8643 -1.2468
v  0.1365 0.8611 -1.2392
v  0.0895 0.8679 -1.2472
v  0.0407 0.8677 -1.2459
v  -0.0076 0.8668 -1.2479
v  -0.0552 0.8610 -1.2434
v  -0.1027 0.8647 -1.2537
v  -0.1510 0.8651 -1.2606
v  -0.1996 0.8639 -1.2674
v  -0.2483 0.8616 -1.2742
v  -0.2970 0.8579 -1.2806
v  -0.3448 0.8494 -1.2844
v  -0.3870 0.8321 -1.2837
v  -0.4110 0.8038 -1.2825
v  0.4582 0.8248 -1.2251
v  0.4767 0.7949 -1.2243
v  0.4248 0.8489 -1.2260
v  0.3822 0.8658 -1.2251
v  0.3350 0.8764 -1.2225
v  0.2861 0.8821 -1.2188
v  0.2368 0.8848 -1.2147
v  0.1874 0.8868 -1.2110
v  0.1382 0.8858 -1.2070
v  0.0890 0.8866 -1.2062
v  0.0398 0.8877 -1.2066
v  -0.0095 0.8864 -1.2078
v  -0.0587 0.8844 -1.2091
v  -0.1078 0.8834 -1.2130
v  -0.1569 0.8812 -1.2171
v  -0.2060 0.8775 -1.2214
v  -0.2549 0.8720 -1.2255
v  -0.3029 0.8635 -1.2289
v  -0.3475 0.8489 -1.2303
v  -0.3821 0.8256 -1.2296
v  -0.3974 0.7952 -1.2303
v  0.4527 0.8178 -1.1716
v  0.4706 0.7877 -1.1715
v  0.4224 0.8436 -1.1717
v  0.3826 0.8631 -1.1705
v  0.3368 0.8762 -1.1683
v  0.2886 0.8849 -1.1657
v  0.2393 0.8906 -1.1629
v  0.1896 0.8943 -1.1604
v  0.1396 0.8962 -1.1583
v  0.0895 0.8968 -1.1573
v  0.0393 0.8969 -1.1573
v  -0.0108 0.8958 -1.1584
v  -0.0608 0.8941 -1.1601
v  -0.1107 0.8915 -1.1627
v  -0.1603 0.8873 -1.1656
v  -0.2095 0.8815 -1.1687
v  -0.2578 0.8734 -1.1717
v  -0.3044 0.8616 -1.1743
v  -0.3454 0.8433 -1.1757
v  -0.3749 0.8175 -1.1762
v  -0.3859 0.7866 -1.1784
v  0.4477 0.8112 -1.1182
v  0.4440 0.7804 -1.1251
v  0.4213 0.8385 -1.1175
v  0.3817 0.8580 -1.1156
v  0.3366 0.8718 -1.1132
v  0.2889 0.8816 -1.1108
v  0.2399 0.8885 -1.1084
v  0.1901 0.8933 -1.1063
v  0.1399 0.8962 -1.1045
v  0.0895 0.8976 -1.1038
v  0.0390 0.8978 -1.1039
v  -0.0115 0.8967 -1.1049
v  -0.0618 0.8945 -1.1064
v  -0.1119 0.8910 -1.1087
v  -0.1615 0.8858 -1.1112
v  -0.2105 0.8788 -1.1138
v  -0.2582 0.8692 -1.1166
v  -0.3035 0.8558 -1.1193
v  -0.3421 0.8356 -1.1216
v  -0.3686 0.8087 -1.1230
v  -0.3805 0.7779 -1.1255
v  0.4321 0.8008 -1.0675
v  0.4530 0.7727 -1.0726
v  0.4193 0.8310 -1.0635
v  0.3809 0.8511 -1.0608
v  0.3357 0.8646 -1.0581
v  0.2882 0.8744 -1.0557
v  0.2393 0.8816 -1.0535
v  0.1896 0.8867 -1.0515
v  0.1395 0.8899 -1.0499
v  0.0892 0.8916 -1.0491
v  0.0387 0.8919 -1.0492
v  -0.0117 0.8909 -1.0502
v  -0.0620 0.8886 -1.0517
v  -0.1120 0.8848 -1.0539
v  -0.1615 0.8793 -1.0563
v  -0.2103 0.8719 -1.0588
v  -0.2577 0.8618 -1.0614
v  -0.3025 0.8481 -1.0644
v  -0.3405 0.8277 -1.0679
v  -0.3631 0.7994 -1.0699
v  -0.3754 0.7685 -1.0724
v  0.4463 0.7953 -1.0162
v  0.4611 0.7651 -1.0201
v  0.4194 0.8213 -1.0101
v  0.3810 0.8412 -1.0062
v  0.3356 0.8542 -1.0034
v  0.2878 0.8634 -1.0011
v  0.2388 0.8702 -0.9992
v  0.1892 0.8749 -0.9973
v  0.1392 0.8779 -0.9958
v  0.0889 0.8795 -0.9951
v  0.0386 0.8799 -0.9952
v  -0.0117 0.8789 -0.9960
v  -0.0619 0.8769 -0.9976
v  -0.1118 0.8735 -0.9996
v  -0.1613 0.8684 -1.0018
v  -0.2100 0.8614 -1.0041
v  -0.2575 0.8519 -1.0066
v  -0.3028 0.8389 -1.0097
v  -0.3423 0.8201 -1.0142
v  -0.3518 0.7894 -1.0179
v  -0.3579 0.7586 -1.0222
v  0.4549 0.7886 -0.9635
v  0.4544 0.7572 -0.9671
v  0.4254 0.8132 -0.9567
v  0.3836 0.8299 -0.9519
v  0.3366 0.8406 -0.9495
v  0.2880 0.8481 -0.9479
v  0.2386 0.8537 -0.9466
v  0.1888 0.8575 -0.9452
v  0.1388 0.8598 -0.9441
v  0.0886 0.8611 -0.9436
v  0.0384 0.8615 -0.9438
v  -0.0118 0.8607 -0.9445
v  -0.0619 0.8592 -0.9457
v  -0.1119 0.8565 -0.9473
v  -0.1616 0.8524 -0.9490
v  -0.2108 0.8465 -0.9507
v  -0.2590 0.8382 -0.9527
v  -0.3052 0.8263 -0.9557
v  -0.3456 0.8083 -0.9609
v  -0.3733 0.7830 -0.9687
v  -0.3836 0.7527 -0.9751
v  0.4642 0.7795 -0.9111
v  0.4787 0.7503 -0.9194
v  0.4302 0.8016 -0.9030
v  0.3850 0.8147 -0.8986
v  0.3365 0.8226 -0.8974
v  0.2872 0.8279 -0.8974
v  0.2376 0.8316 -0.8978
v  0.1879 0.8341 -0.8977
v  0.1380 0.8355 -0.8975
v  0.0882 0.8363 -0.8975
v  0.0383 0.8369 -0.8977
v  -0.0115 0.8360 -0.8983
v  -0.0614 0.8351 -0.8989
v  -0.1112 0.8334 -0.8995
v  -0.1608 0.8307 -0.8998
v  -0.2103 0.8268 -0.8999
v  -0.2593 0.8209 -0.9003
v  -0.3069 0.8112 -0.9025
v  -0.3498 0.7957 -0.9075
v  -0.3822 0.7729 -0.9160
v  -0.3984 0.7439 -0.9240
v  0.4736 0.7695 -0.8584
v  0.4972 0.7432 -0.8684
v  0.4315 0.7852 -0.8505
v  0.3832 0.7934 -0.8489
v  0.3339 0.7981 -0.8508
v  0.2846 0.8011 -0.8537
v  0.2353 0.8032 -0.8567
v  0.1860 0.8044 -0.8587
v  0.1368 0.8051 -0.8599
v  0.0875 0.8054 -0.8606
v  0.0382 0.8062 -0.8607
v  -0.0110 0.8051 -0.8614
v  -0.0602 0.8048 -0.8612
v  -0.1094 0.8039 -0.8603
v  -0.1586 0.8023 -0.8585
v  -0.2078 0.8005 -0.8556
v  -0.2570 0.7975 -0.8526
v  -0.3059 0.7917 -0.8515
v  -0.3518 0.7799 -0.8549
v  -0.3899 0.7610 -0.8633
v  -0.4144 0.7349 -0.8734
v  0.4762 0.7539 -0.8061
v  0.5162 0.7363 -0.8162
v  0.4271 0.7604 -0.8047
v  0.3779 0.7640 -0.8097
v  0.3293 0.7662 -0.8167
v  0.2809 0.7679 -0.8233
v  0.2325 0.7691 -0.8291
v  0.1839 0.7698 -0.8330
v  0.1354 0.7702 -0.8353
v  0.0869 0.7703 -0.8366
v  0.0384 0.7709 -0.8381
v  -0.0102 0.7701 -0.8369
v  -0.0588 0.7698 -0.8370
v  -0.1073 0.7693 -0.8344
v  -0.1557 0.7682 -0.8313
v  -0.2040 0.7672 -0.8253
v  -0.2523 0.7658 -0.8181
v  -0.3007 0.7637 -0.8099
v  -0.3494 0.7596 -0.8048
v  -0.3922 0.7453 -0.8114
v  -0.4290 0.7261 -0.8231
v  0.4637 0.7252 -0.7666
v  0.5079 0.7218 -0.7605
v  0.4184 0.7263 -0.7792
v  0.3725 0.7283 -0.7923
v  0.3255 0.7302 -0.8023
v  0.2781 0.7317 -0.8111
v  0.2304 0.7328 -0.8182
v  0.1824 0.7334 -0.8232
v  0.1340 0.7337 -0.8257
v  0.0855 0.7337 -0.8264
v  0.0382 0.7351 -0.8369
v  -0.0091 0.7334 -0.8259
v  -0.0575 0.7334 -0.8277
v  -0.1058 0.7329 -0.8252
v  -0.1539 0.7319 -0.8200
v  -0.2019 0.7310 -0.8145
v  -0.2494 0.7296 -0.8054
v  -0.2966 0.7279 -0.7933
v  -0.3435 0.7255 -0.7777
v  -0.3917 0.7224 -0.7618
v  -0.4402 0.7209 -0.7731
v  0.8369 0.0000 1.3974
v  0.8369 0.3907 1.3974
v  0.8336 0.3907 1.4132
v  0.8336 0.0000 1.4132
v  0.8369 0.6869 1.3974
v  0.8336 0.6869 1.4132
v  0.8247 0.6869 1.4268
v  0.8247 0.3907 1.4268
v  0.8247 0.0000 1.4268
v  0.8112 0.3907 1.4357
v  0.8112 0.0000 1.4357
v  0.8112 0.6869 1.4357
v  0.7953 0.6869 1.4390
v  0.7953 0.3907 1.4390
v  0.7953 0.0000 1.4390
v  0.7795 0.3907 1.4357
v  0.7795 0.0000 1.4357
v  0.7795 0.6869 1.4357
v  0.7659 0.6869 1.4268
v  0.7659 0.3907 1.4268
v  0.7659 0.0000 1.4268
v  0.7571 0.3907 1.4132
v  0.7571 0.0000 1.4132
v  0.7571 0.6869 1.4132
v  0.7538 0.6869 1.3974
v  0.7538 0.3907 1.3974
v  0.7538 0.0000 1.3974
v  0.7571 0.3907 1.3815
v  0.7571 0.0000 1.3815
v  0.7571 0.6869 1.3815
v  0.7659 0.6869 1.3680
v  0.7659 0.3907 1.3680
v  0.7659 0.0000 1.3680
v  0.7795 0.3907 1.3591
v  0.7795 0.0000 1.3591
v  0.7795 0.6869 1.3591
v  0.7953 0.6869 1.3558
v  0.7953 0.3907 1.3558
v  0.7953 0.0000 1.3558
v  0.8112 0.3907 1.3591
v  0.8112 0.0000 1.3591
v  0.8112 0.6869 1.3591
v  0.8247 0.6869 1.3680
v  0.8247 0.3907 1.3680
v  0.8247 0.0000 1.3680
v  0.8336 0.3907 1.3815
v  0.8336 0.0000 1.3815
v  0.8336 0.6869 1.3815
v  0.8222 0.8112 1.4268
v  0.8309 0.8117 1.4132
v  0.8227 0.8411 1.4132
v  0.8148 0.8390 1.4268
v  0.8341 0.8119 1.3974
v  0.8257 0.8418 1.3974
v  0.8098 0.8769 1.3974
v  0.8072 0.8755 1.4132
v  0.8002 0.8716 1.4268
v  0.7936 0.8095 1.4390
v  0.8091 0.8104 1.4357
v  0.8027 0.8359 1.4357
v  0.7886 0.8322 1.4390
v  0.7895 0.8656 1.4357
v  0.7771 0.8587 1.4390
v  0.7652 0.8079 1.4268
v  0.7783 0.8086 1.4357
v  0.7746 0.8287 1.4357
v  0.7628 0.8256 1.4268
v  0.7649 0.8519 1.4357
v  0.7546 0.8462 1.4268
v  0.7534 0.8072 1.3974
v  0.7566 0.8074 1.4132
v  0.7550 0.8237 1.4132
v  0.7522 0.8230 1.3974
v  0.7480 0.8425 1.4132
v  0.7455 0.8412 1.3974
v  0.7652 0.8079 1.3680
v  0.7566 0.8074 1.3815
v  0.7550 0.8237 1.3815
v  0.7628 0.8256 1.3680
v  0.7480 0.8425 1.3815
v  0.7546 0.8462 1.3680
v  0.7936 0.8095 1.3558
v  0.7783 0.8086 1.3591
v  0.7746 0.8287 1.3591
v  0.7886 0.8322 1.3558
v  0.7649 0.8519 1.3591
v  0.7771 0.8587 1.3558
v  0.8222 0.8112 1.3680
v  0.8091 0.8104 1.3591
v  0.8027 0.8359 1.3591
v  0.8148 0.8390 1.3680
v  0.7895 0.8656 1.3591
v  0.8002 0.8716 1.3680
v  0.8309 0.8117 1.3815
v  0.8227 0.8411 1.3815
v  0.8072 0.8755 1.3815
v  0.6786 0.9703 1.3974
v  0.6577 0.9741 1.3974
v  0.6577 0.9708 1.4132
v  0.6783 0.9671 1.4132
v  0.5667 0.9741 1.3974
v  0.5667 0.9708 1.4132
v  0.5667 0.9620 1.4268
v  0.6577 0.9620 1.4268
v  0.6777 0.9585 1.4268
v  0.6577 0.9484 1.4357
v  0.6767 0.9454 1.4357
v  0.5667 0.9484 1.4357
v  0.5667 0.9326 1.4390
v  0.6577 0.9326 1.4390
v  0.6755 0.9301 1.4390
v  0.6577 0.9167 1.4357
v  0.6744 0.9149 1.4357
v  0.5667 0.9167 1.4357
v  0.5667 0.9032 1.4268
v  0.6577 0.9032 1.4268
v  0.6735 0.9018 1.4268
v  0.6577 0.8943 1.4132
v  0.6728 0.8933 1.4132
v  0.5667 0.8943 1.4132
v  0.5667 0.8910 1.3974
v  0.6577 0.8910 1.3974
v  0.6726 0.8902 1.3974
v  0.6577 0.8943 1.3815
v  0.6728 0.8933 1.3815
v  0.5667 0.8943 1.3815
v  0.5667 0.9032 1.3680
v  0.6577 0.9032 1.3680
v  0.6735 0.9018 1.3680
v  0.6577 0.9167 1.3591
v  0.6744 0.9149 1.3591
v  0.5667 0.9167 1.3591
v  0.5667 0.9326 1.3558
v  0.6577 0.9326 1.3558
v  0.6755 0.9301 1.3558
v  0.6577 0.9484 1.3591
v  0.6767 0.9454 1.3591
v  0.5667 0.9484 1.3591
v  0.5667 0.9620 1.3680
v  0.6577 0.9620 1.3680
v  0.6777 0.9585 1.3680
v  0.6577 0.9708 1.3815
v  0.6783 0.9671 1.3815
v  0.5667 0.9708 1.3815
v  0.7517 0.9390 1.3974
v  0.7131 0.9588 1.3974
v  0.7122 0.9559 1.4132
v  0.7499 0.9366 1.4132
v  0.7095 0.9482 1.4268
v  0.7451 0.9301 1.4268
v  0.7056 0.9365 1.4357
v  0.7378 0.9202 1.4357
v  0.7009 0.9228 1.4390
v  0.7293 0.9087 1.4390
v  0.6964 0.9093 1.4357
v  0.7210 0.8974 1.4357
v  0.6926 0.8978 1.4268
v  0.7140 0.8879 1.4268
v  0.6902 0.8903 1.4132
v  0.7096 0.8817 1.4132
v  0.6893 0.8876 1.3974
v  0.7079 0.8795 1.3974
v  0.6902 0.8903 1.3815
v  0.7096 0.8817 1.3815
v  0.6926 0.8978 1.3680
v  0.7140 0.8879 1.3680
v  0.6964 0.9093 1.3591
v  0.7210 0.8974 1.3591
v  0.7009 0.9228 1.3558
v  0.7293 0.9087 1.3558
v  0.7056 0.9365 1.3591
v  0.7378 0.9202 1.3591
v  0.7095 0.9482 1.3680
v  0.7451 0.9301 1.3680
v  0.7122 0.9559 1.3815
v  0.7499 0.9366 1.3815
v  0.8369 0.7938 1.3974
v  0.8336 0.7938 1.4132
v  0.8247 0.7938 1.4268
v  0.8112 0.7938 1.4357
v  0.7953 0.7938 1.4390
v  0.7795 0.7938 1.4357
v  0.7659 0.7938 1.4268
v  0.7571 0.7938 1.4132
v  0.7538 0.7938 1.3974
v  0.7571 0.7938 1.3815
v  0.7659 0.7938 1.3680
v  0.7795 0.7938 1.3591
v  0.7953 0.7938 1.3558
v  0.8112 0.7938 1.3591
v  0.8247 0.7938 1.3680
v  0.8336 0.7938 1.3815
v  0.3218 0.9741 1.3974
v  0.3218 0.9708 1.4132
v  0.0000 0.9741 1.3974
v  0.0000 0.9708 1.4132
v  0.0000 0.9620 1.4268
v  0.3218 0.9620 1.4268
v  0.3218 0.9484 1.4357
v  0.0000 0.9484 1.4357
v  0.0000 0.9326 1.4390
v  0.3218 0.9326 1.4390
v  0.3218 0.9167 1.4357
v  0.0000 0.9167 1.4357
v  0.0000 0.9032 1.4268
v  0.3218 0.9032 1.4268
v  0.3218 0.8943 1.4132
v  0.0000 0.8943 1.4132
v  0.0000 0.8910 1.3974
v  0.3218 0.8910 1.3974
v  0.3218 0.8943 1.3815
v  0.0000 0.8943 1.3815
v  0.0000 0.9032 1.3680
v  0.3218 0.9032 1.3680
v  0.3218 0.9167 1.3591
v  0.0000 0.9167 1.3591
v  0.0000 0.9326 1.3558
v  0.3218 0.9326 1.3558
v  0.3218 0.9484 1.3591
v  0.0000 0.9484 1.3591
v  0.0000 0.9620 1.3680
v  0.3218 0.9620 1.3680
v  0.3218 0.9708 1.3815
v  0.0000 0.9708 1.3815
v  0.7822 0.9085 1.4132
v  0.7761 0.9032 1.4268
v  0.7845 0.9105 1.3974
v  0.7668 0.8951 1.4357
v  0.7560 0.8857 1.4390
v  0.7454 0.8765 1.4357
v  0.7366 0.8688 1.4268
v  0.7308 0.8638 1.4132
v  0.7287 0.8620 1.3974
v  0.7308 0.8638 1.3815
v  0.7366 0.8688 1.3680
v  0.7454 0.8765 1.3591
v  0.7560 0.8857 1.3558
v  0.7668 0.8951 1.3591
v  0.7761 0.9032 1.3680
v  0.7822 0.9085 1.3815
v  -0.8369 0.0000 1.3974
v  -0.8336 0.0000 1.4132
v  -0.8336 0.3907 1.4132
v  -0.8369 0.3907 1.3974
v  -0.8247 0.0000 1.4268
v  -0.8247 0.3907 1.4268
v  -0.8247 0.6869 1.4268
v  -0.8336 0.6869 1.4132
v  -0.8369 0.6869 1.3974
v  -0.8112 0.0000 1.4357
v  -0.8112 0.3907 1.4357
v  -0.7953 0.0000 1.4390
v  -0.7953 0.3907 1.4390
v  -0.7953 0.6869 1.4390
v  -0.8112 0.6869 1.4357
v  -0.7795 0.0000 1.4357
v  -0.7795 0.3907 1.4357
v  -0.7659 0.0000 1.4268
v  -0.7659 0.3907 1.4268
v  -0.7659 0.6869 1.4268
v  -0.7795 0.6869 1.4357
v  -0.7571 0.0000 1.4132
v  -0.7571 0.3907 1.4132
v  -0.7538 0.0000 1.3974
v  -0.7538 0.3907 1.3974
v  -0.7538 0.6869 1.3974
v  -0.7571 0.6869 1.4132
v  -0.7571 0.0000 1.3815
v  -0.7571 0.3907 1.3815
v  -0.7659 0.0000 1.3680
v  -0.7659 0.3907 1.3680
v  -0.7659 0.6869 1.3680
v  -0.7571 0.6869 1.3815
v  -0.7795 0.0000 1.3591
v  -0.7795 0.3907 1.3591
v  -0.7953 0.0000 1.3558
v  -0.7953 0.3907 1.3558
v  -0.7953 0.6869 1.3558
v  -0.7795 0.6869 1.3591
v  -0.8112 0.0000 1.3591
v  -0.8112 0.3907 1.3591
v  -0.8247 0.0000 1.3680
v  -0.8247 0.3907 1.3680
v  -0.8247 0.6869 1.3680
v  -0.8112 0.6869 1.3591
v  -0.8336 0.0000 1.3815
v  -0.8336 0.3907 1.3815
v  -0.8336 0.6869 1.3815
v  -0.8222 0.8112 1.4268
v  -0.8148 0.8390 1.4268
v  -0.8227 0.8411 1.4132
v  -0.8309 0.8117 1.4132
v  -0.8002 0.8716 1.4268
v  -0.8072 0.8755 1.4132
v  -0.8098 0.8769 1.3974
v  -0.8257 0.8418 1.3974
v  -0.8341 0.8119 1.3974
v  -0.7936 0.8095 1.4390
v  -0.7886 0.8322 1.4390
v  -0.8027 0.8359 1.4357
v  -0.8091 0.8104 1.4357
v  -0.7771 0.8587 1.4390
v  -0.7895 0.8656 1.4357
v  -0.7652 0.8079 1.4268
v  -0.7628 0.8256 1.4268
v  -0.7746 0.8287 1.4357
v  -0.7783 0.8086 1.4357
v  -0.7546 0.8462 1.4268
v  -0.7649 0.8519 1.4357
v  -0.7534 0.8072 1.3974
v  -0.7522 0.8230 1.3974
v  -0.7550 0.8237 1.4132
v  -0.7566 0.8074 1.4132
v  -0.7455 0.8412 1.3974
v  -0.7480 0.8425 1.4132
v  -0.7652 0.8079 1.3680
v  -0.7628 0.8256 1.3680
v  -0.7550 0.8237 1.3815
v  -0.7566 0.8074 1.3815
v  -0.7546 0.8462 1.3680
v  -0.7480 0.8425 1.3815
v  -0.7936 0.8095 1.3558
v  -0.7886 0.8322 1.3558
v  -0.7746 0.8287 1.3591
v  -0.7783 0.8086 1.3591
v  -0.7771 0.8587 1.3558
v  -0.7649 0.8519 1.3591
v  -0.8222 0.8112 1.3680
v  -0.8148 0.8390 1.3680
v  -0.8027 0.8359 1.3591
v  -0.8091 0.8104 1.3591
v  -0.8002 0.8716 1.3680
v  -0.7895 0.8656 1.3591
v  -0.8227 0.8411 1.3815
v  -0.8309 0.8117 1.3815
v  -0.8072 0.8755 1.3815
v  -0.6786 0.9703 1.3974
v  -0.6783 0.9671 1.4132
v  -0.6577 0.9708 1.4132
v  -0.6577 0.9741 1.3974
v  -0.6777 0.9585 1.4268
v  -0.6577 0.9620 1.4268
v  -0.5667 0.9620 1.4268
v  -0.5667 0.9708 1.4132
v  -0.5667 0.9741 1.3974
v  -0.6767 0.9454 1.4357
v  -0.6577 0.9484 1.4357
v  -0.6755 0.9301 1.4390
v  -0.6577 0.9326 1.4390
v  -0.5667 0.9326 1.4390
v  -0.5667 0.9484 1.4357
v  -0.6744 0.9149 1.4357
v  -0.6577 0.9167 1.4357
v  -0.6735 0.9018 1.4268
v  -0.6577 0.9032 1.4268
v  -0.5667 0.9032 1.4268
v  -0.5667 0.9167 1.4357
v  -0.6728 0.8933 1.4132
v  -0.6577 0.8943 1.4132
v  -0.6726 0.8902 1.3974
v  -0.6577 0.8910 1.3974
v  -0.5667 0.8910 1.3974
v  -0.5667 0.8943 1.4132
v  -0.6728 0.8933 1.3815
v  -0.6577 0.8943 1.3815
v  -0.6735 0.9018 1.3680
v  -0.6577 0.9032 1.3680
v  -0.5667 0.9032 1.3680
v  -0.5667 0.8943 1.3815
v  -0.6744 0.9149 1.3591
v  -0.6577 0.9167 1.3591
v  -0.6755 0.9301 1.3558
v  -0.6577 0.9326 1.3558
v  -0.5667 0.9326 1.3558
v  -0.5667 0.9167 1.3591
v  -0.6767 0.9454 1.3591
v  -0.6577 0.9484 1.3591
v  -0.6777 0.9585 1.3680
v  -0.6577 0.9620 1.3680
v  -0.5667 0.9620 1.3680
v  -0.5667 0.9484 1.3591
v  -0.6783 0.9671 1.3815
v  -0.6577 0.9708 1.3815
v  -0.5667 0.9708 1.3815
v  -0.7517 0.9390 1.3974
v  -0.7499 0.9366 1.4132
v  -0.7122 0.9559 1.4132
v  -0.7131 0.9588 1.3974
v  -0.7451 0.9301 1.4268
v  -0.7095 0.9482 1.4268
v  -0.7378 0.9202 1.4357
v  -0.7056 0.9365 1.4357
v  -0.7293 0.9087 1.4390
v  -0.7009 0.9228 1.4390
v  -0.7210 0.8974 1.4357
v  -0.6964 0.9093 1.4357
v  -0.7140 0.8879 1.4268
v  -0.6926 0.8978 1.4268
v  -0.7096 0.8817 1.4132
v  -0.6902 0.8903 1.4132
v  -0.7079 0.8795 1.3974
v  -0.6893 0.8876 1.3974
v  -0.7096 0.8817 1.3815
v  -0.6902 0.8903 1.3815
v  -0.7140 0.8879 1.3680
v  -0.6926 0.8978 1.3680
v  -0.7210 0.8974 1.3591
v  -0.6964 0.9093 1.3591
v  -0.7293 0.9087 1.3558
v  -0.7009 0.9228 1.3558
v  -0.7378 0.9202 1.3591
v  -0.7056 0.9365 1.3591
v  -0.7451 0.9301 1.3680
v  -0.7095 0.9482 1.3680
v  -0.7499 0.9366 1.3815
v  -0.7122 0.9559 1.3815
v  -0.8336 0.7938 1.4132
v  -0.8369 0.7938 1.3974
v  -0.8247 0.7938 1.4268
v  -0.8112 0.7938 1.4357
v  -0.7953 0.7938 1.4390
v  -0.7795 0.7938 1.4357
v  -0.7659 0.7938 1.4268
v  -0.7571 0.7938 1.4132
v  -0.7538 0.7938 1.3974
v  -0.7571 0.7938 1.3815
v  -0.7659 0.7938 1.3680
v  -0.7795 0.7938 1.3591
v  -0.7953 0.7938 1.3558
v  -0.8112 0.7938 1.3591
v  -0.8247 0.7938 1.3680
v  -0.8336 0.7938 1.3815
v  -0.3218 0.9708 1.4132
v  -0.3218 0.9741 1.3974
v  -0.3218 0.9620 1.4268
v  -0.3218 0.9484 1.4357
v  -0.3218 0.9326 1.4390
v  -0.3218 0.9167 1.4357
v  -0.3218 0.9032 1.4268
v  -0.3218 0.8943 1.4132
v  -0.3218 0.8910 1.3974
v  -0.3218 0.8943 1.3815
v  -0.3218 0.9032 1.3680
v  -0.3218 0.9167 1.3591
v  -0.3218 0.9326 1.3558
v  -0.3218 0.9484 1.3591
v  -0.3218 0.9620 1.3680
v  -0.3218 0.9708 1.3815
v  -0.7761 0.9032 1.4268
v  -0.7822 0.9085 1.4132
v  -0.7845 0.9105 1.3974
v  -0.7560 0.8857 1.4390
v  -0.7668 0.8951 1.4357
v  -0.7366 0.8688 1.4268
v  -0.7454 0.8765 1.4357
v  -0.7287 0.8620 1.3974
v  -0.7308 0.8638 1.4132
v  -0.7366 0.8688 1.3680
v  -0.7308 0.8638 1.3815
v  -0.7560 0.8857 1.3558
v  -0.7454 0.8765 1.3591
v  -0.7761 0.9032 1.3680
v  -0.7668 0.8951 1.3591
v  -0.7822 0.9085 1.3815
# 2322 vertices

vn 0.1734 -0.9341 -0.3120
vn 0.1734 -0.9341 0.3120
vn -0.1734 -0.9341 0.3120
vn -0.1734 -0.9341 -0.3120
vn 0.1734 0.9341 -0.3120
vn -0.1734 0.9341 -0.3120
vn -0.1734 0.9341 0.3120
vn 0.1734 0.9341 0.3120
vn 0.0828 -0.0697 -0.9941
vn -0.0828 -0.0697 -0.9941
vn -0.0828 0.0697 -0.9941
vn 0.0828 0.0697 -0.9941
vn -0.9517 -0.1281 -0.2791
vn -0.9517 -0.1281 0.2791
vn -0.9517 0.1281 0.2791
vn -0.9517 0.1281 -0.2791
vn -0.0828 -0.0697 0.9941
vn 0.0828 -0.0697 0.9941
vn 0.0828 0.0697 0.9941
vn -0.0828 0.0697 0.9941
vn 0.9517 -0.1281 0.2791
vn 0.9517 -0.1281 -0.2791
vn 0.9517 0.1281 -0.2791
vn 0.9517 0.1281 0.2791
vn 0.1016 -0.5106 -0.8538
vn 0.4973 -0.4337 -0.7514
vn 0.7143 -0.6526 -0.2527
vn 0.7143 -0.6526 0.2527
vn 0.4973 -0.4337 0.7514
vn 0.1016 -0.5106 0.8538
vn -0.1016 -0.5106 0.8538
vn -0.4973 -0.4337 0.7514
vn -0.7143 -0.6526 0.2527
vn -0.7143 -0.6526 -0.2527
vn -0.4973 -0.4337 -0.7514
vn -0.1016 -0.5106 -0.8538
vn 0.7143 0.6526 -0.2527
vn 0.4973 0.4337 -0.7514
vn 0.1016 0.5106 -0.8538
vn -0.1016 0.5106 -0.8538
vn -0.4973 0.4337 -0.7514
vn -0.7143 0.6526 -0.2527
vn -0.7143 0.6526 0.2527
vn -0.4973 0.4337 0.7514
vn -0.1016 0.5106 0.8538
vn 0.1016 0.5106 0.8538
vn 0.4973 0.4337 0.7514
vn 0.7143 0.6526 0.2527
vn 0.5530 -0.0800 -0.8293
vn -0.5530 -0.0800 -0.8293
vn -0.5530 0.0800 -0.8293
vn 0.5530 0.0800 -0.8293
vn -0.5530 -0.0800 0.8293
vn -0.5530 0.0800 0.8293
vn 0.5530 -0.0800 0.8293
vn 0.5530 0.0800 0.8293
vn 1.0000 0.0000 -0.0000
vn 1.0000 -0.0000 -0.0000
vn 0.9239 0.0000 0.3827
vn 0.7071 0.0000 0.7071
vn 0.7071 -0.0000 0.7071
vn 0.3827 0.0000 0.9239
vn 0.0000 0.0000 1.0000
vn -0.3827 0.0000 0.9239
vn -0.7071 -0.0000 0.7071
vn -0.7071 0.0000 0.7071
vn -0.9239 0.0000 0.3827
vn -1.0000 0.0000 0.0000
vn -1.0000 -0.0000 0.0000
vn -0.9239 0.0000 -0.3827
vn -0.7071 -0.0000 -0.7071
vn -0.7071 0.0000 -0.7071
vn -0.3827 0.0000 -0.9239
vn 0.0000 0.0000 -1.0000
vn 0.3827 0.0000 -0.9239
vn 0.7071 -0.0000 -0.7071
vn 0.7071 0.0000 -0.7071
vn 0.9239 0.0000 -0.3827
vn 0.7075 0.1446 0.6918
vn 0.9089 0.1934 0.3694
vn 0.8790 0.3183 0.3550
vn 0.6954 0.2478 0.6746
vn 0.9775 0.2107 -0.0000
vn 0.9397 0.3420 -0.0000
vn 0.8602 0.5099 -0.0000
vn 0.8060 0.4781 0.3488
vn 0.6409 0.3809 0.6664
vn 0.0071 0.0020 1.0000
vn 0.3920 0.0745 0.9169
vn 0.3946 0.1368 0.9086
vn 0.0116 0.0047 0.9999
vn 0.3670 0.2190 0.9041
vn 0.0136 0.0087 0.9999
vn -0.7116 -0.0676 0.6994
vn -0.3841 -0.0503 0.9219
vn -0.3856 -0.1140 0.9156
vn -0.7091 -0.1848 0.6804
vn -0.3540 -0.2085 0.9117
vn -0.6440 -0.3739 0.6674
vn -0.9986 -0.0522 0.0000
vn -0.9254 -0.0602 0.3743
vn -0.9112 -0.2090 0.3551
vn -0.9776 -0.2106 0.0000
vn -0.8162 -0.4655 0.3421
vn -0.8706 -0.4920 0.0000
vn -0.7116 -0.0676 -0.6994
vn -0.9254 -0.0602 -0.3742
vn -0.9112 -0.2090 -0.3551
vn -0.7091 -0.1848 -0.6804
vn -0.8162 -0.4655 -0.3421
vn -0.6440 -0.3739 -0.6674
vn 0.0071 0.0020 -1.0000
vn -0.3841 -0.0503 -0.9219
vn -0.3856 -0.1140 -0.9156
vn 0.0116 0.0047 -0.9999
vn -0.3540 -0.2085 -0.9117
vn 0.0136 0.0087 -0.9999
vn 0.7075 0.1446 -0.6918
vn 0.3920 0.0745 -0.9169
vn 0.3946 0.1368 -0.9086
vn 0.6954 0.2478 -0.6746
vn 0.3670 0.2190 -0.9041
vn 0.6409 0.3809 -0.6664
vn 0.9089 0.1934 -0.3694
vn 0.8790 0.3183 -0.3551
vn 0.8060 0.4781 -0.3488
vn 0.2478 0.9688 -0.0000
vn 0.0898 0.9960 -0.0000
vn 0.0821 0.9222 0.3778
vn 0.2287 0.9020 0.3662
vn 0.0000 1.0000 -0.0000
vn 0.0000 0.9239 0.3827
vn 0.0000 0.7071 0.7071
vn 0.0608 0.7111 0.7005
vn 0.1738 0.7047 0.6879
vn 0.0311 0.3903 0.9202
vn 0.0925 0.3927 0.9150
vn 0.0000 0.3827 0.9239
vn 0.0000 -0.0000 1.0000
vn 0.0012 0.0088 1.0000
vn 0.0033 0.0092 1.0000
vn -0.0207 -0.3769 0.9260
vn -0.0689 -0.3820 0.9216
vn 0.0000 -0.3827 0.9239
vn 0.0000 -0.7071 0.7071
vn -0.0300 -0.7040 0.7096
vn -0.1045 -0.7085 0.6979
vn -0.0301 -0.9229 0.3839
vn -0.1087 -0.9216 0.3727
vn 0.0000 -0.9239 0.3827
vn -0.0000 -1.0000 -0.0000
vn -0.0285 -0.9996 -0.0000
vn -0.1043 -0.9945 0.0000
vn -0.0301 -0.9229 -0.3839
vn -0.1087 -0.9216 -0.3727
vn -0.0000 -0.9239 -0.3827
vn -0.0000 -0.7071 -0.7071
vn -0.0300 -0.7040 -0.7096
vn -0.1045 -0.7085 -0.6979
vn -0.0207 -0.3769 -0.9260
vn -0.0689 -0.3820 -0.9216
vn -0.0000 -0.3827 -0.9239
vn -0.0000 0.0000 -1.0000
vn 0.0012 0.0088 -1.0000
vn 0.0033 0.0092 -1.0000
vn 0.0311 0.3903 -0.9202
vn 0.0925 0.3927 -0.9150
vn -0.0000 0.3827 -0.9239
vn -0.0000 0.7071 -0.7071
vn 0.0608 0.7111 -0.7005
vn 0.1738 0.7047 -0.6879
vn 0.0821 0.9222 -0.3778
vn 0.2287 0.9020 -0.3662
vn -0.0000 0.9239 -0.3827
vn 0.5604 0.8282 -0.0000
vn 0.3869 0.9221 -0.0000
vn 0.3609 0.8633 0.3529
vn 0.5244 0.7761 0.3503
vn 0.2831 0.6841 0.6722
vn 0.4154 0.6171 0.6683
vn 0.1581 0.3889 0.9076
vn 0.2363 0.3538 0.9050
vn 0.0048 0.0107 0.9999
vn 0.0079 0.0134 0.9999
vn -0.1391 -0.3819 0.9137
vn -0.2251 -0.3441 0.9116
vn -0.2327 -0.7002 0.6750
vn -0.4012 -0.6291 0.6657
vn -0.2709 -0.8969 0.3496
vn -0.4980 -0.7981 0.3392
vn -0.2767 -0.9609 -0.0000
vn -0.5255 -0.8508 0.0000
vn -0.2709 -0.8969 -0.3496
vn -0.4980 -0.7981 -0.3392
vn -0.2327 -0.7002 -0.6750
vn -0.4012 -0.6291 -0.6657
vn -0.1391 -0.3819 -0.9137
vn -0.2251 -0.3441 -0.9116
vn 0.0048 0.0107 -0.9999
vn 0.0079 0.0134 -0.9999
vn 0.1581 0.3889 -0.9076
vn 0.2363 0.3538 -0.9050
vn 0.2831 0.6841 -0.6722
vn 0.4154 0.6171 -0.6683
vn 0.3609 0.8633 -0.3529
vn 0.5244 0.7761 -0.3503
vn 0.9971 0.0757 -0.0000
vn 0.9229 0.0689 0.3787
vn 0.7106 0.0503 0.7018
vn 0.3889 0.0251 0.9209
vn 0.0069 0.0007 1.0000
vn -0.3785 -0.0153 0.9255
vn -0.7051 -0.0198 0.7088
vn -0.9234 -0.0172 0.3834
vn -0.9999 -0.0147 0.0000
vn -0.9234 -0.0172 -0.3834
vn -0.7051 -0.0198 -0.7088
vn -0.3785 -0.0153 -0.9255
vn 0.0069 0.0007 -1.0000
vn 0.3889 0.0251 -0.9209
vn 0.7106 0.0503 -0.7018
vn 0.9229 0.0689 -0.3787
vn -0.0000 1.0000 -0.0000
vn -0.0000 -0.0000 1.0000
vn 0.0000 -1.0000 -0.0000
vn 0.0000 -0.9239 -0.3827
vn 0.0000 -0.7071 -0.7071
vn 0.0000 -0.3827 -0.9239
vn 0.0000 -0.0000 -1.0000
vn 0.0000 0.3827 -0.9239
vn 0.0000 0.7071 -0.7071
vn 0.0000 0.9239 -0.3827
vn 0.6844 0.6387 0.3516
vn 0.5414 0.5078 0.6701
vn 0.7317 0.6817 -0.0000
vn 0.3070 0.2908 0.9062
vn 0.0082 0.0087 0.9999
vn -0.2987 -0.2875 0.9100
vn -0.5362 -0.5219 0.6633
vn -0.6725 -0.6583 0.3381
vn -0.7140 -0.7001 0.0000
vn -0.6725 -0.6583 -0.3381
vn -0.5362 -0.5219 -0.6633
vn -0.2987 -0.2875 -0.9100
vn 0.0082 0.0087 -0.9999
vn 0.3070 0.2908 -0.9062
vn 0.5414 0.5078 -0.6701
vn 0.6844 0.6387 -0.3516
vn -0.3827 -0.0000 0.9239
vn 0.3827 -0.0000 0.9239
vn 0.3827 -0.0000 -0.9239
vn -0.3827 -0.0000 -0.9239
vn -0.7075 0.1446 0.6918
vn -0.6954 0.2478 0.6746
vn -0.8790 0.3183 0.3551
vn -0.9089 0.1934 0.3694
vn -0.6409 0.3809 0.6664
vn -0.8060 0.4781 0.3488
vn -0.8602 0.5099 0.0000
vn -0.9397 0.3420 0.0000
vn -0.9775 0.2107 0.0000
vn -0.0071 0.0020 1.0000
vn -0.0116 0.0047 0.9999
vn -0.3946 0.1368 0.9086
vn -0.3920 0.0745 0.9169
vn -0.0136 0.0087 0.9999
vn -0.3670 0.2190 0.9041
vn 0.7116 -0.0676 0.6994
vn 0.7091 -0.1848 0.6804
vn 0.3856 -0.1140 0.9156
vn 0.3841 -0.0503 0.9219
vn 0.6440 -0.3739 0.6674
vn 0.3540 -0.2085 0.9117
vn 0.9986 -0.0522 -0.0000
vn 0.9776 -0.2106 -0.0000
vn 0.9112 -0.2090 0.3551
vn 0.9254 -0.0602 0.3742
vn 0.8706 -0.4920 -0.0000
vn 0.8162 -0.4655 0.3421
vn 0.7116 -0.0676 -0.6994
vn 0.7091 -0.1848 -0.6804
vn 0.9112 -0.2090 -0.3551
vn 0.9254 -0.0602 -0.3742
vn 0.6440 -0.3739 -0.6674
vn 0.8162 -0.4655 -0.3421
vn -0.0071 0.0020 -1.0000
vn -0.0116 0.0047 -0.9999
vn 0.3856 -0.1140 -0.9156
vn 0.3841 -0.0503 -0.9219
vn -0.0136 0.0087 -0.9999
vn 0.3540 -0.2085 -0.9117
vn -0.7075 0.1446 -0.6918
vn -0.6954 0.2478 -0.6746
vn -0.3946 0.1368 -0.9086
vn -0.3920 0.0745 -0.9169
vn -0.6409 0.3809 -0.6664
vn -0.3670 0.2190 -0.9041
vn -0.8790 0.3183 -0.3551
vn -0.9089 0.1934 -0.3694
vn -0.8060 0.4781 -0.3488
vn -0.2478 0.9688 0.0000
vn -0.2287 0.9020 0.3662
vn -0.0821 0.9222 0.3778
vn -0.0898 0.9960 0.0000
vn -0.1738 0.7047 0.6879
vn -0.0608 0.7111 0.7005
vn -0.0925 0.3927 0.9150
vn -0.0311 0.3903 0.9202
vn -0.0033 0.0092 1.0000
vn -0.0012 0.0088 1.0000
vn 0.0689 -0.3820 0.9216
vn 0.0207 -0.3769 0.9260
vn 0.1045 -0.7085 0.6979
vn 0.0300 -0.7040 0.7096
vn 0.1087 -0.9216 0.3727
vn 0.0301 -0.9229 0.3839
vn 0.1043 -0.9945 -0.0000
vn 0.0285 -0.9996 0.0000
vn 0.1087 -0.9216 -0.3727
vn 0.0301 -0.9229 -0.3839
vn 0.1045 -0.7085 -0.6979
vn 0.0300 -0.7040 -0.7096
vn 0.0689 -0.3820 -0.9216
vn 0.0207 -0.3769 -0.9260
vn -0.0033 0.0092 -1.0000
vn -0.0012 0.0088 -1.0000
vn -0.0925 0.3927 -0.9150
vn -0.0311 0.3903 -0.9202
vn -0.1738 0.7047 -0.6879
vn -0.0608 0.7111 -0.7005
vn -0.2287 0.9020 -0.3662
vn -0.0821 0.9222 -0.3778
vn -0.5604 0.8282 0.0000
vn -0.5244 0.7761 0.3503
vn -0.3609 0.8633 0.3529
vn -0.3869 0.9221 0.0000
vn -0.4154 0.6171 0.6683
vn -0.2831 0.6841 0.6722
vn -0.2363 0.3538 0.9050
vn -0.1581 0.3889 0.9076
vn -0.0079 0.0134 0.9999
vn -0.0048 0.0107 0.9999
vn 0.2251 -0.3441 0.9116
vn 0.1391 -0.3819 0.9137
vn 0.4012 -0.6291 0.6657
vn 0.2327 -0.7002 0.6750
vn 0.4980 -0.7981 0.3392
vn 0.2709 -0.8969 0.3496
vn 0.5255 -0.8508 -0.0000
vn 0.2767 -0.9609 -0.0000
vn 0.4980 -0.7981 -0.3392
vn 0.2709 -0.8969 -0.3496
vn 0.4012 -0.6291 -0.6657
vn 0.2327 -0.7002 -0.6750
vn 0.2251 -0.3441 -0.9116
vn 0.1391 -0.3819 -0.9137
vn -0.0079 0.0134 -0.9999
vn -0.0048 0.0107 -0.9999
vn -0.2363 0.3538 -0.9050
vn -0.1581 0.3889 -0.9076
vn -0.4154 0.6171 -0.6683
vn -0.2831 0.6841 -0.6722
vn -0.5244 0.7761 -0.3503
vn -0.3609 0.8633 -0.3529
vn -0.9229 0.0689 0.3787
vn -0.9971 0.0757 0.0000
vn -0.7106 0.0503 0.7018
vn -0.3889 0.0251 0.9209
vn -0.0069 0.0007 1.0000
vn 0.3785 -0.0153 0.9255
vn 0.7051 -0.0198 0.7088
vn 0.9234 -0.0172 0.3834
vn 0.9999 -0.0147 -0.0000
vn 0.9234 -0.0172 -0.3834
vn 0.7051 -0.0198 -0.7088
vn 0.3785 -0.0153 -0.9255
vn -0.0069 0.0007 -1.0000
vn -0.3889 0.0251 -0.9209
vn -0.7106 0.0503 -0.7018
vn -0.9229 0.0689 -0.3787
vn -0.5414 0.5078 0.6701
vn -0.6844 0.6387 0.3516
vn -0.7317 0.6817 0.0000
vn -0.0082 0.0087 0.9999
vn -0.3071 0.2908 0.9062
vn 0.5362 -0.5219 0.6633
vn 0.2987 -0.2875 0.9100
vn 0.7140 -0.7001 -0.0000
vn 0.6725 -0.6583 0.3381
vn 0.5362 -0.5219 -0.6633
vn 0.6725 -0.6583 -0.3381
vn -0.0082 0.0087 -0.9999
vn 0.2987 -0.2875 -0.9100
vn -0.5414 0.5078 -0.6701
vn -0.3071 0.2908 -0.9062
vn -0.6844 0.6387 -0.3516
vn 0.0171 0.9980 0.0601
vn 0.0701 0.9975 -0.0000
vn -0.0000 0.9991 0.0430
vn 0.0000 0.9657 0.2596
vn 0.0000 0.9736 0.2283
vn 0.0178 0.2605 0.9653
vn 0.0031 0.2336 0.9723
vn -0.0163 0.9999 0.0000
vn 0.0000 0.9998 -0.0174
vn -0.0203 0.9998 0.0000
vn 0.0000 1.0000 0.0035
vn -0.0122 0.9993 -0.0347
vn -0.0000 0.9999 -0.0163
vn 0.0546 0.9985 -0.0000
vn 0.0404 0.9992 -0.0004
vn -0.0127 0.9998 0.0153
vn 0.0000 0.9999 0.0139
vn -0.0230 0.9984 -0.0512
vn 0.0225 0.9997 -0.0124
vn 0.0125 0.9996 -0.0242
vn 0.0598 0.9980 0.0197
vn 0.0343 0.9994 -0.0092
vn 0.0507 0.9984 0.0232
vn -0.1450 0.8009 0.5809
vn -0.1727 0.9529 0.2492
vn 0.0320 0.6145 -0.7882
vn 0.2465 0.9688 -0.0268
vn -0.0203 0.9765 0.2146
vn -0.2090 0.9302 0.3017
vn -0.0001 0.9999 0.0138
vn -0.0012 0.9993 0.0364
vn 0.0226 0.9997 -0.0000
vn -0.0067 1.0000 0.0005
vn -0.0000 0.9997 -0.0253
vn 0.0189 0.9996 -0.0194
vn -0.0180 0.9998 -0.0000
vn -0.0035 1.0000 0.0000
vn -0.0000 1.0000 -0.0030
vn -0.0000 1.0000 0.0000
vn 0.0000 1.0000 0.0000
vn -0.1415 0.9899 0.0000
vn -0.8709 0.4903 0.0319
vn -0.9185 0.3949 0.0223
vn -0.1884 0.9821 0.0000
vn 0.0591 0.9982 -0.0000
vn 0.0646 0.9966 0.0505
vn 0.0964 0.9953 0.0000
vn 0.0601 0.9963 0.0622
vn 0.0217 0.9997 -0.0091
vn -0.0647 0.9955 0.0690
vn -0.0419 0.9991 -0.0026
vn -0.0601 0.9971 0.0468
vn -0.0807 0.9954 0.0509
vn -0.0548 0.9985 -0.0000
vn 0.9522 0.3053 -0.0039
vn 0.2292 0.9734 -0.0000
vn 0.2050 0.9788 -0.0000
vn 0.9306 0.3659 -0.0081
vn -0.0020 1.0000 -0.0000
vn -0.0000 1.0000 0.0017
vn -0.0138 0.9999 0.0096
vn 0.0020 1.0000 -0.0000
vn -0.0442 0.9990 0.0118
vn -0.0031 0.9993 -0.0379
vn 0.0000 0.9995 0.0330
vn 0.0271 0.9991 -0.0340
vn -0.0531 0.9985 0.0148
vn -0.2126 0.9618 0.1724
vn -0.9444 0.3288 0.0042
vn -0.5998 0.5129 0.6142
vn 0.0187 0.4191 0.9078
vn 0.0010 0.9800 0.1988
vn -0.0059 0.3570 0.9341
vn 0.0000 0.9859 0.1673
vn 0.0092 0.4580 0.8889
vn -0.0011 0.9764 0.2159
vn 0.0073 0.3104 0.9506
vn 0.0639 0.9796 0.1904
vn -0.0186 0.4052 0.9140
vn 0.0006 0.9850 0.1723
vn -0.0028 0.5267 0.8501
vn -0.0644 0.9813 0.1813
vn 0.0365 0.4186 0.9075
vn 0.8737 0.4864 -0.0089
vn 0.1604 0.9784 0.1307
vn -0.0215 0.5406 0.8410
vn 0.5627 0.6029 0.5657
vn -0.0345 0.4482 0.8933
vn -0.0000 0.9868 0.1617
vn 0.0008 0.9814 0.1920
vn -0.0074 0.3715 0.9284
vn 0.0085 0.4342 0.9008
vn 0.0001 0.9854 0.1702
vn -0.0000 0.9864 0.1644
vn -0.0078 0.4375 0.8992
vn -0.0287 0.4165 0.9087
vn -0.0001 0.9825 0.1861
vn 0.0001 0.9737 0.2279
vn -0.0265 0.3264 0.9449
vn -0.2304 0.9731 -0.0000
vn -0.9477 0.3188 -0.0111
vn 0.0000 0.9991 0.0432
vn 0.0164 0.9999 -0.0000
vn 0.9342 0.3558 -0.0253
vn 0.2114 0.9774 -0.0000
vn -0.0073 1.0000 0.0000
vn 0.0073 1.0000 -0.0000
vn -0.2687 0.9632 0.0000
vn -0.9772 0.2121 0.0075
vn 0.0000 0.9994 -0.0341
vn 0.0156 0.9994 -0.0296
vn 0.0047 1.0000 -0.0000
vn 0.9722 0.2336 -0.0134
vn 0.2531 0.9674 -0.0008
vn 0.0000 1.0000 0.0062
vn -0.0000 0.9996 -0.0268
vn -0.2351 0.9720 0.0000
vn -0.9495 0.3126 0.0270
vn 0.0398 0.9987 -0.0312
vn 0.0345 0.9986 -0.0398
vn -0.0398 0.9963 -0.0766
vn -0.0345 0.9971 -0.0677
vn 0.0122 0.9999 -0.0000
vn 0.9159 0.4009 0.0182
vn 0.1905 0.9817 -0.0002
vn -0.0312 0.9988 -0.0371
vn 0.0000 0.9987 -0.0516
vn 0.0311 0.9963 -0.0795
vn -0.1999 0.9798 -0.0000
vn -0.9221 0.3865 0.0174
vn 0.0365 0.9993 -0.0000
vn 0.0464 0.9989 0.0000
vn 0.0532 0.9980 0.0340
vn 0.0490 0.9987 -0.0135
vn -0.0879 0.9951 -0.0453
vn -0.0555 0.9985 0.0000
vn 0.9096 0.4155 -0.0064
vn 0.1834 0.9830 0.0002
vn -0.0434 0.9986 -0.0310
vn -0.0602 0.9982 -0.0000
vn -0.0504 0.9980 -0.0371
vn 0.0194 0.9998 -0.0000
vn -0.1927 0.9812 0.0000
vn -0.9198 0.3924 -0.0046
vn -0.0000 0.9995 0.0312
vn 0.0503 0.9979 0.0397
vn 0.0540 0.9956 0.0765
vn -0.0501 0.9954 0.0816
vn -0.0414 0.9991 0.0000
vn 0.9352 0.3540 -0.0032
vn 0.2060 0.9785 0.0003
vn -0.0364 0.9993 -0.0001
vn 0.0002 0.9999 -0.0124
vn -0.0378 0.9986 0.0370
vn 0.0000 0.9998 0.0186
vn 0.0737 0.9941 0.0791
vn -0.2092 0.9779 0.0000
vn -0.9368 0.3498 -0.0063
vn 0.0000 1.0000 0.0051
vn 0.0000 1.0000 0.0080
vn 0.0230 0.9997 -0.0000
vn 0.9268 0.3754 0.0075
vn 0.1995 0.9799 -0.0004
vn -0.0145 0.9999 -0.0000
vn -0.0001 0.9998 0.0210
vn -0.0238 0.9997 -0.0000
vn 0.0000 0.9995 0.0327
vn 0.0158 0.9993 -0.0340
vn -0.2098 0.9777 -0.0000
vn -0.9363 0.3513 0.0060
vn 0.0442 0.9979 -0.0464
vn 0.0447 0.9978 -0.0491
vn -0.0443 0.9977 -0.0511
vn -0.0177 0.9998 0.0000
vn 0.9194 0.3933 0.0096
vn 0.1902 0.9817 -0.0002
vn -0.0119 0.9999 -0.0095
vn 0.0000 0.9999 0.0125
vn -0.0247 0.9997 0.0000
vn -0.0397 0.9992 -0.0001
vn -0.0232 0.9993 -0.0295
vn -0.1930 0.9812 -0.0000
vn -0.9207 0.3902 0.0031
vn 0.0541 0.9973 -0.0505
vn 0.0571 0.9949 -0.0826
vn 0.0054 0.9995 -0.0314
vn -0.0572 0.9983 -0.0087
vn -0.0596 0.9982 0.0000
vn 0.9203 0.3910 0.0115
vn 0.1940 0.9810 0.0008
vn -0.0112 0.9999 0.0000
vn 0.0000 1.0000 -0.0017
vn 0.0112 0.9999 -0.0016
vn -0.0386 0.9993 0.0000
vn -0.0344 0.9993 0.0169
vn -0.0123 0.9993 0.0340
vn 0.1548 0.9312 -0.3301
vn 0.8921 0.2666 -0.3648
vn 0.2367 0.8589 -0.4541
vn 0.0247 0.2179 -0.9757
vn 0.1387 0.7831 -0.6062
vn -0.1993 0.1271 -0.9717
vn 0.3744 0.6328 -0.6778
vn -0.0036 -0.1184 -0.9930
vn 0.3130 0.8131 -0.4908
vn 0.1243 -0.3450 -0.9303
vn 0.1718 0.8966 -0.4082
vn 0.2976 -0.1024 -0.9492
vn 0.0863 0.9910 -0.1026
vn 0.4307 0.4175 -0.8001
vn -0.0253 0.9596 0.2801
vn 0.0505 0.8481 -0.5274
vn -0.9768 0.2132 -0.0182
vn -0.3448 0.9311 -0.1190
vn 0.0198 0.4204 -0.9071
vn -0.6481 0.4387 -0.6224
vn 0.0530 0.4914 -0.8693
vn -0.0956 0.9938 -0.0568
vn -0.1099 0.9938 -0.0145
vn 0.0853 0.4656 -0.8809
vn 0.0385 0.5131 -0.8574
vn -0.1126 0.9892 0.0940
vn 0.0336 0.9620 0.2709
vn -0.1392 0.7000 -0.7004
vn -0.3094 0.9261 -0.2159
vn 0.1888 0.8776 0.4405
vn 0.0588 0.8126 0.5799
vn -0.0878 0.9900 0.1105
vn 0.4221 0.8377 -0.3465
vn 0.9539 0.2979 -0.0359
vn 0.3262 0.8000 -0.5036
vn 0.1742 0.9294 -0.3253
vn 0.0141 0.9992 -0.0381
vn -0.0104 0.9992 0.0383
vn -0.1969 0.9599 0.1996
vn -0.3415 0.8753 0.3423
vn -0.9455 0.3253 -0.0129
vn -0.2548 0.9603 0.1136
vn -0.0516 0.9843 0.1690
vn -0.0099 0.9760 0.2177
vn 0.0313 0.9561 0.2912
vn 0.0717 0.9402 0.3331
vn 0.0783 0.9631 0.2575
vn 0.0532 0.9847 0.1662
vn 0.5176 0.7613 -0.3906
vn 0.9724 -0.1506 -0.1781
vn 0.1655 0.9669 -0.1940
vn 0.0028 1.0000 -0.0094
vn -0.0658 0.9929 0.0989
vn -0.2568 0.9285 0.2683
vn -0.3198 0.8876 0.3314
vn -0.1380 0.9726 0.1873
vn -0.9054 0.4246 0.0058
vn -0.1741 0.9835 0.0490
vn -0.0040 0.9969 0.0786
vn 0.0033 0.9955 0.0949
vn 0.0043 0.9961 0.0887
vn 0.0004 0.9958 0.0919
vn 0.0000 0.9995 0.0308
vn 0.0000 1.0000 0.0055
vn 0.3692 0.9085 -0.1957
vn 0.9774 -0.0131 -0.2111
vn -0.0066 0.9928 0.1195
vn -0.1152 0.9827 0.1449
vn -0.3018 0.9014 0.3105
vn -0.2990 0.9126 0.2790
vn -0.1070 0.9798 0.1690
vn 0.0086 0.9998 0.0170
vn -0.9241 0.3820 0.0054
vn -0.1933 0.9811 0.0001
vn -0.0000 1.0000 0.0030
vn -0.0000 1.0000 0.0035
vn 0.0275 0.9996 0.0003
vn -0.0274 0.9983 0.0518
vn 0.0331 0.9995 -0.0000
vn 0.0978 0.9952 -0.0062
vn 0.8989 0.3728 -0.2302
vn -0.1521 0.9665 0.2067
vn -0.2078 0.9192 0.3344
vn -0.2238 0.9455 0.2367
vn -0.0977 0.9927 0.0708
vn -0.0209 0.9995 -0.0248
vn 0.0616 0.9978 -0.0230
vn -0.9172 0.3983 0.0027
vn -0.1900 0.9818 -0.0002
vn -0.0000 1.0000 0.0089
vn 0.0604 0.9979 -0.0234
vn -0.0000 0.9999 0.0133
vn -0.0605 0.9981 0.0153
vn 0.0294 0.9825 0.1838
vn 0.8937 0.4445 -0.0618
vn -0.3390 0.9130 0.2270
vn -0.1666 0.9664 0.1956
vn -0.0016 0.9987 0.0506
vn -0.0002 0.9979 0.0644
vn 0.0000 0.9993 0.0365
vn 0.0000 0.9999 -0.0162
vn -0.9334 0.3586 -0.0094
vn -0.2044 0.9789 -0.0011
vn 0.0104 0.9998 0.0158
vn 0.0053 0.9993 0.0381
vn 0.0180 0.9996 -0.0196
vn -0.0122 0.9999 0.0000
vn -0.0142 0.9526 0.3039
vn 0.8525 0.5160 0.0833
vn -0.1351 0.9795 0.1491
vn -0.0244 0.9997 0.0012
vn -0.0756 0.9971 0.0039
vn -0.0802 0.9965 0.0223
vn 0.0734 0.9966 0.0371
vn 0.1035 0.9946 -0.0000
vn -0.9217 0.3871 -0.0239
vn -0.1924 0.9813 -0.0007
vn 0.0184 0.9998 -0.0000
vn 0.0000 0.9999 0.0161
vn 0.0261 0.9996 -0.0089
vn 0.0376 0.9986 0.0373
vn -0.0445 0.9989 -0.0134
vn -0.0378 0.9992 -0.0154
vn 0.1152 0.9862 0.1185
vn 0.8772 0.4694 0.1009
vn 0.0017 1.0000 0.0000
vn -0.0265 0.9994 -0.0209
vn -0.0406 0.9971 -0.0647
vn 0.0264 0.9988 -0.0411
vn 0.0447 0.9990 -0.0000
vn -0.9189 0.3933 -0.0297
vn -0.1798 0.9837 -0.0000
vn 0.0188 0.9998 -0.0000
vn 0.0000 0.9999 -0.0157
vn 0.0248 0.9995 0.0206
vn -0.0000 0.9993 -0.0380
vn -0.0436 0.9985 -0.0323
vn 0.2068 0.9784 -0.0000
vn 0.9418 0.3338 0.0405
vn 0.0000 1.0000 -0.0050
vn -0.0000 1.0000 -0.0035
vn -0.0566 0.9983 0.0152
vn 0.0567 0.9983 0.0146
vn -0.8637 0.5036 -0.0206
vn -0.1331 0.9911 -0.0000
vn 0.0241 0.9996 -0.0161
vn -0.0000 0.9984 0.0558
vn -0.0240 0.9996 0.0143
vn -0.0694 -0.9976 -0.0002
vn 0.0002 -1.0000 0.0002
vn -0.0169 -0.9981 -0.0594
vn -0.0002 -0.9991 -0.0432
vn -0.1043 -0.9539 0.2816
vn -0.0003 -0.9737 -0.2280
vn -0.0001 -0.9660 -0.2584
vn 0.0205 -0.9672 0.2531
vn -0.0000 -0.9998 0.0204
vn 0.0163 -0.9999 0.0034
vn -0.0001 -1.0000 -0.0036
vn 0.0202 -0.9998 -0.0001
vn 0.0001 -0.9999 0.0160
vn 0.0122 -0.9993 0.0341
vn -0.0412 -0.9992 0.0002
vn -0.0542 -0.9985 -0.0006
vn -0.0003 -0.9999 -0.0139
vn 0.0131 -0.9998 -0.0152
vn -0.0225 -0.9997 0.0123
vn 0.0232 -0.9984 0.0512
vn -0.0598 -0.9980 -0.0198
vn -0.0126 -0.9996 0.0243
vn -0.0504 -0.9985 -0.0232
vn -0.0342 -0.9994 0.0091
vn -0.0461 -0.7575 -0.6512
vn 0.1664 -0.9545 -0.2473
vn 0.1496 -0.8001 -0.5809
vn -0.0154 0.0424 -0.9990
vn 0.2092 -0.9296 -0.3033
vn 0.0214 -0.9762 -0.2160
vn 0.0040 -0.9992 -0.0407
vn 0.0005 -0.9998 -0.0174
vn 0.0068 -1.0000 -0.0004
vn -0.0228 -0.9997 -0.0000
vn -0.0189 -0.9996 0.0193
vn -0.0001 -0.9997 0.0251
vn 0.0036 -1.0000 -0.0000
vn 0.0180 -0.9998 -0.0000
vn 0.0004 -1.0000 -0.0000
vn -0.0001 -1.0000 0.0030
vn 0.0002 -1.0000 -0.0000
vn -0.3897 -0.9202 -0.0368
vn -0.4944 -0.8686 -0.0334
vn 0.1411 -0.9900 0.0001
vn 0.1879 -0.9822 -0.0001
vn -0.0010 -1.0000 0.0001
vn -0.0612 -0.9981 -0.0001
vn -0.0642 -0.9967 -0.0502
vn -0.0966 -0.9953 -0.0002
vn -0.0602 -0.9963 -0.0621
vn -0.0216 -0.9997 0.0094
vn 0.0648 -0.9955 -0.0693
vn 0.0418 -0.9991 0.0027
vn 0.0599 -0.9971 -0.0468
vn 0.0808 -0.9954 -0.0511
vn -0.0002 -1.0000 0.0002
vn 0.0547 -0.9985 -0.0001
vn -0.2044 -0.9789 -0.0000
vn -0.2285 -0.9736 -0.0001
vn 0.3095 -0.9509 -0.0015
vn 0.3721 -0.9275 0.0348
vn 0.0047 -1.0000 0.0000
vn 0.0030 -1.0000 -0.0000
vn 0.0138 -0.9999 -0.0096
vn -0.0001 -1.0000 -0.0017
vn -0.0022 -1.0000 -0.0001
vn 0.0438 -0.9990 -0.0118
vn 0.0028 -0.9993 0.0376
vn -0.0004 -1.0000 -0.0004
vn -0.0004 -0.9995 -0.0331
vn -0.0268 -0.9991 0.0337
vn 0.0515 -0.9986 -0.0150
vn 0.0001 -1.0000 0.0000
vn -0.5212 -0.6517 0.5511
vn -0.3254 -0.9451 0.0306
vn 0.2117 -0.9623 -0.1710
vn -0.0303 -0.9162 0.3995
vn -0.0030 -0.9803 -0.1976
vn 0.0048 -0.9275 0.3737
vn 0.0000 -0.9859 -0.1675
vn -0.0250 -0.8996 0.4360
vn 0.0011 -0.9764 -0.2160
vn -0.0319 -0.9416 0.3352
vn -0.0628 -0.9800 -0.1888
vn 0.0519 -0.9134 0.4037
vn -0.0007 -0.9850 -0.1724
vn 0.0225 -0.8508 0.5250
vn 0.0633 -0.9812 -0.1826
vn -0.0849 -0.9163 0.3914
vn 0.0187 -0.8451 0.5342
vn -0.1588 -0.9788 -0.1294
vn 0.4753 -0.8787 0.0456
vn 0.5802 -0.5538 0.5972
vn 0.0545 -0.8922 0.4484
vn 0.0017 -0.9870 -0.1609
vn -0.0005 -0.9236 0.3834
vn -0.0008 -0.9815 -0.1917
vn -0.0269 -0.9046 0.4254
vn -0.0001 -0.9854 -0.1704
vn 0.0194 -0.9020 0.4314
vn -0.0000 -0.9864 -0.1645
vn 0.0695 -0.9098 0.4092
vn -0.0000 -0.9826 -0.1857
vn 0.0954 -0.9405 0.3261
vn -0.0001 -0.9740 -0.2266
vn -0.3059 -0.9505 0.0550
vn 0.2299 -0.9732 0.0009
vn -0.0032 -1.0000 0.0019
vn 0.0000 -1.0000 0.0016
vn 0.0000 -1.0000 0.0021
vn 0.0001 -1.0000 0.0024
vn -0.0001 -0.9991 -0.0429
vn -0.0163 -0.9999 0.0015
vn -0.2100 -0.9777 0.0009
vn 0.3641 -0.9283 0.0750
vn 0.0030 -1.0000 0.0015
vn 0.0000 -1.0000 0.0018
vn 0.0073 -1.0000 0.0015
vn -0.0000 -1.0000 0.0017
vn -0.0072 -1.0000 0.0020
vn -0.0000 -1.0000 0.0029
vn -0.2322 -0.9726 0.0140
vn 0.2678 -0.9635 0.0000
vn -0.0041 -1.0000 -0.0000
vn 0.0001 -1.0000 -0.0001
vn -0.0000 -0.9994 0.0339
vn -0.0155 -0.9994 0.0295
vn -0.0000 -1.0000 -0.0003
vn -0.0047 -1.0000 0.0000
vn -0.2523 -0.9677 0.0006
vn 0.2640 -0.9640 -0.0325
vn 0.0035 -1.0000 0.0000
vn -0.0000 -1.0000 0.0000
vn -0.0000 -1.0000 -0.0063
vn 0.0000 -0.9996 0.0267
vn 0.0000 -1.0000 -0.0002
vn -0.3135 -0.9478 -0.0591
vn 0.2339 -0.9723 0.0000
vn -0.0035 -1.0000 -0.0000
vn -0.0397 -0.9987 0.0310
vn -0.0345 -0.9986 0.0397
vn 0.0398 -0.9963 0.0760
vn 0.0345 -0.9972 0.0670
vn -0.0124 -0.9999 -0.0001
vn -0.1910 -0.9816 0.0003
vn 0.3774 -0.9234 -0.0698
vn 0.0022 -1.0000 0.0000
vn -0.0001 -1.0000 -0.0001
vn 0.0310 -0.9988 0.0370
vn -0.0002 -0.9987 0.0515
vn -0.0310 -0.9964 0.0785
vn -0.3802 -0.9242 -0.0370
vn 0.1995 -0.9799 0.0001
vn -0.0390 -0.9992 -0.0000
vn -0.0464 -0.9989 -0.0002
vn -0.0528 -0.9980 -0.0341
vn -0.0485 -0.9987 0.0135
vn 0.0896 -0.9949 0.0463
vn 0.0550 -0.9985 0.0002
vn -0.1833 -0.9831 -0.0002
vn 0.4097 -0.9121 0.0142
vn -0.0002 -1.0000 -0.0000
vn 0.0431 -0.9986 0.0307
vn 0.0602 -0.9982 -0.0000
vn 0.0498 -0.9981 0.0371
vn -0.0197 -0.9998 0.0004
vn -0.3864 -0.9223 0.0064
vn 0.1928 -0.9812 0.0000
vn -0.0022 -1.0000 0.0000
vn 0.0001 -0.9995 -0.0311
vn -0.0501 -0.9980 -0.0395
vn -0.0543 -0.9956 -0.0768
vn 0.0503 -0.9954 -0.0813
vn 0.0405 -0.9992 -0.0001
vn -0.2057 -0.9786 -0.0003
vn 0.3570 -0.9340 0.0123
vn 0.0025 -1.0000 0.0000
vn 0.0362 -0.9993 0.0001
vn -0.0006 -0.9999 0.0124
vn 0.0376 -0.9986 -0.0366
vn 0.0008 -0.9998 -0.0186
vn -0.0717 -0.9944 -0.0774
vn -0.3498 -0.9367 0.0147
vn 0.2091 -0.9779 0.0000
vn -0.0025 -1.0000 -0.0000
vn 0.0000 -1.0000 0.0000
vn 0.0000 -1.0000 0.0001
vn -0.0000 -1.0000 -0.0055
vn -0.0000 -1.0000 -0.0077
vn -0.0230 -0.9997 0.0002
vn -0.1995 -0.9799 0.0004
vn 0.3729 -0.9278 -0.0098
vn 0.0024 -1.0000 -0.0000
vn 0.0144 -0.9999 0.0000
vn -0.0001 -0.9998 -0.0209
vn 0.0232 -0.9997 0.0000
vn -0.0008 -0.9995 -0.0326
vn -0.0156 -0.9993 0.0342
vn -0.3531 -0.9355 -0.0128
vn 0.2094 -0.9778 -0.0000
vn -0.0026 -1.0000 -0.0000
vn 0.0001 -1.0000 -0.0002
vn -0.0442 -0.9979 0.0464
vn -0.0448 -0.9978 0.0493
vn 0.0448 -0.9977 0.0516
vn 0.0176 -0.9998 -0.0000
vn -0.1903 -0.9817 0.0002
vn 0.3848 -0.9230 0.0047
vn 0.0022 -1.0000 -0.0000
vn 0.0118 -0.9999 0.0095
vn -0.0002 -0.9999 -0.0125
vn 0.0246 -0.9997 -0.0000
vn 0.0398 -0.9992 0.0002
vn 0.0231 -0.9993 0.0297
vn -0.3900 -0.9206 -0.0216
vn 0.1927 -0.9812 0.0000
vn -0.0021 -1.0000 -0.0001
vn -0.0540 -0.9973 0.0500
vn -0.0571 -0.9949 0.0826
vn -0.0053 -0.9995 0.0313
vn 0.0574 -0.9983 0.0086
vn 0.0595 -0.9982 0.0001
vn -0.1939 -0.9810 -0.0008
vn 0.3853 -0.9224 0.0263
vn 0.0135 -0.9999 0.0000
vn -0.0112 -0.9999 0.0016
vn 0.0384 -0.9993 -0.0000
vn 0.0346 -0.9993 -0.0169
vn 0.0123 -0.9993 -0.0342
vn 0.4647 -0.4842 -0.7413
vn 0.4670 -0.8667 -0.1753
vn -0.1593 -0.9288 0.3347
vn 0.1137 -0.9131 -0.3917
vn -0.1313 -0.7826 0.6085
vn -0.1204 -0.9879 -0.0978
vn -0.3777 -0.6190 0.6886
vn -0.1771 -0.9694 0.1698
vn -0.3035 -0.8196 0.4860
vn -0.3795 -0.8937 0.2393
vn -0.1602 -0.9083 0.3864
vn -0.4736 -0.8800 -0.0350
vn -0.0834 -0.9915 0.0995
vn -0.1543 -0.8412 -0.5182
vn 0.0376 -0.9596 -0.2787
vn 0.2455 -0.4394 -0.8641
vn 0.2828 -0.8557 -0.4334
vn 0.3429 -0.9320 0.1176
vn -0.2111 -0.9749 0.0703
vn -0.4424 -0.6910 -0.5716
vn 0.2656 -0.8618 -0.4322
vn 0.0924 -0.9942 0.0558
vn 0.2293 -0.8607 -0.4546
vn 0.1109 -0.9938 0.0124
vn 0.3220 -0.8204 -0.4725
vn 0.1150 -0.9888 -0.0949
vn 0.2847 -0.7007 -0.6542
vn -0.0316 -0.9631 -0.2674
vn -0.0065 -0.2971 -0.9548
vn -0.1899 -0.8754 -0.4446
vn -0.1707 0.2053 -0.9637
vn -0.0587 -0.8111 -0.5820
vn 0.1995 -0.9763 0.0838
vn -0.4219 -0.8400 0.3413
vn -0.3266 -0.7975 0.5072
vn -0.1717 -0.9307 0.3231
vn -0.0013 -0.9999 0.0121
vn 0.0131 -0.9984 -0.0545
vn 0.1920 -0.9595 -0.2059
vn 0.3428 -0.8732 -0.3465
vn 0.2549 -0.9598 -0.1176
vn -0.3064 -0.9514 0.0322
vn 0.0497 -0.9838 -0.1724
vn 0.0103 -0.9749 -0.2224
vn -0.0316 -0.9537 -0.2992
vn -0.0710 -0.9388 -0.3370
vn -0.0783 -0.9633 -0.2569
vn -0.0529 -0.9840 -0.1703
vn -0.0632 -0.9791 0.1931
vn -0.5195 -0.7588 0.3929
vn -0.1623 -0.9677 0.1929
vn 0.0010 -1.0000 0.0012
vn 0.0634 -0.9933 -0.0964
vn 0.2563 -0.9285 -0.2686
vn 0.3199 -0.8876 -0.3315
vn 0.1383 -0.9723 -0.1885
vn 0.1744 -0.9834 -0.0494
vn -0.4214 -0.9064 -0.0285
vn 0.0021 -0.9969 -0.0788
vn -0.0033 -0.9955 -0.0952
vn -0.0043 -0.9960 -0.0896
vn -0.0001 -0.9956 -0.0940
vn -0.0001 -0.9995 -0.0328
vn -0.0000 -1.0000 -0.0071
vn 0.0654 -0.9404 0.3337
vn -0.3686 -0.9085 0.1967
vn 0.0192 -0.9920 -0.1251
vn 0.1129 -0.9831 -0.1441
vn 0.3025 -0.9009 -0.3112
vn 0.2994 -0.9125 -0.2788
vn 0.1066 -0.9795 -0.1706
vn -0.0061 -0.9998 -0.0192
vn 0.1931 -0.9812 -0.0003
vn -0.3869 -0.9220 -0.0165
vn -0.0023 -1.0000 -0.0033
vn 0.0000 -1.0000 -0.0039
vn -0.0273 -0.9996 -0.0006
vn 0.0003 -1.0000 0.0003
vn 0.0272 -0.9983 -0.0514
vn -0.0331 -0.9995 0.0002
vn 0.3479 -0.9347 0.0725
vn -0.0974 -0.9952 0.0039
vn 0.1650 -0.9633 -0.2119
vn 0.2075 -0.9198 -0.3330
vn 0.2257 -0.9451 -0.2363
vn 0.0992 -0.9924 -0.0726
vn 0.0219 -0.9995 0.0247
vn -0.0606 -0.9979 0.0226
vn 0.1898 -0.9818 0.0002
vn -0.3909 -0.9204 -0.0103
vn -0.0023 -1.0000 0.0000
vn 0.0001 -1.0000 -0.0090
vn -0.0598 -0.9979 0.0233
vn -0.0002 -0.9999 -0.0134
vn 0.0597 -0.9981 -0.0156
vn 0.4144 -0.8848 -0.2130
vn -0.0319 -0.9826 -0.1829
vn 0.3471 -0.9100 -0.2267
vn 0.1663 -0.9665 -0.1954
vn 0.0035 -0.9986 -0.0536
vn 0.0004 -0.9979 -0.0645
vn -0.0001 -0.9993 -0.0363
vn 0.0001 -0.9999 0.0163
vn 0.2041 -0.9790 0.0011
vn -0.3587 -0.9334 -0.0072
vn -0.0025 -1.0000 0.0000
vn -0.0104 -0.9998 -0.0157
vn 0.0002 -1.0000 0.0000
vn -0.0051 -0.9993 -0.0381
vn -0.0180 -0.9996 0.0197
vn 0.0122 -0.9999 -0.0002
vn 0.5478 -0.7985 -0.2498
vn 0.0134 -0.9523 -0.3049
vn 0.1399 -0.9786 -0.1506
vn 0.0267 -0.9996 -0.0033
vn 0.0756 -0.9971 -0.0037
vn 0.0795 -0.9966 -0.0221
vn -0.0748 -0.9964 -0.0388
vn -0.1022 -0.9948 -0.0003
vn 0.1923 -0.9813 0.0007
vn -0.3836 -0.9235 0.0078
vn -0.0205 -0.9998 0.0000
vn 0.0000 -0.9999 -0.0161
vn -0.0262 -0.9996 0.0089
vn -0.0381 -0.9986 -0.0375
vn 0.0444 -0.9989 0.0134
vn 0.0377 -0.9992 0.0153
vn 0.4948 -0.8535 -0.1634
vn -0.1154 -0.9862 -0.1190
vn 0.0018 -1.0000 -0.0020
vn -0.0015 -1.0000 -0.0003
vn 0.0265 -0.9994 0.0208
vn 0.0405 -0.9971 0.0643
vn -0.0265 -0.9988 0.0401
vn -0.0443 -0.9990 -0.0001
vn 0.1798 -0.9837 0.0001
vn -0.4034 -0.9143 0.0367
vn -0.0204 -0.9998 0.0000
vn 0.0004 -0.9999 0.0158
vn -0.0240 -0.9995 -0.0205
vn 0.0001 -0.9993 0.0383
vn 0.0432 -0.9985 0.0321
vn -0.0002 -1.0000 -0.0001
vn 0.3414 -0.9364 -0.0812
vn -0.2068 -0.9784 -0.0011
vn 0.0021 -1.0000 0.0048
vn -0.0001 -1.0000 0.0036
vn 0.0560 -0.9983 -0.0150
vn 0.0006 -0.9993 0.0383
vn -0.0555 -0.9984 -0.0144
vn 0.1334 -0.9911 -0.0000
vn -0.4966 -0.8677 0.0238
vn -0.0011 -1.0000 -0.0000
vn -0.0240 -0.9996 0.0162
vn -0.0003 -0.9984 -0.0558
vn 0.0237 -0.9996 -0.0142
vn -0.0001 -1.0000 0.0001
vn 0.3498 -0.4464 -0.8236
vn 0.9509 -0.3084 -0.0251
vn 0.2165 -0.8380 -0.5008
vn -0.2111 -0.6424 -0.7367
vn 0.0529 -0.7458 -0.6641
vn -0.3087 -0.4611 -0.8319
vn -0.0966 -0.6011 -0.7933
vn -0.2898 -0.3161 -0.9034
vn -0.1566 -0.5496 -0.8206
vn -0.4016 -0.2154 -0.8901
vn -0.2967 -0.2325 -0.9262
vn -0.2861 0.0506 -0.9569
vn -0.0700 -0.3853 -0.9201
vn 0.0443 -0.2438 -0.9688
vn 0.0791 -0.4034 -0.9116
vn -0.0836 0.0077 -0.9965
vn -0.1597 -0.4319 -0.8877
vn -0.3722 -0.0668 -0.9257
vn -0.2811 0.0186 -0.9595
vn -0.2131 0.1165 -0.9701
vn 0.1001 -0.2144 -0.9716
vn 0.2515 0.0301 -0.9674
vn 0.2590 -0.3317 -0.9071
vn 0.2005 -0.0461 -0.9786
vn 0.0199 -0.4583 -0.8886
vn 0.1407 -0.0622 -0.9881
vn 0.1343 -0.4152 -0.8997
vn -0.0013 -0.1731 -0.9849
vn 0.2723 -0.2220 -0.9363
vn 0.1768 0.1474 -0.9731
vn 0.1870 -0.4347 -0.8809
vn 0.4176 -0.0281 -0.9082
vn 0.1847 -0.5480 -0.8158
vn 0.3460 -0.0696 -0.9356
vn 0.1217 -0.6463 -0.7533
vn 0.3635 0.0630 -0.9295
vn -0.0435 -0.7667 -0.6406
vn 0.3653 -0.1714 -0.9150
vn -0.3762 -0.8316 -0.4085
vn 0.0938 -0.2843 -0.9541
vn -0.7818 -0.6228 0.0315
vn -0.8614 -0.3229 -0.3920
vn 0.9461 -0.2004 0.2545
vn 0.5734 -0.7850 -0.2344
vn 0.2329 -0.8647 -0.4451
vn 0.1020 -0.8342 -0.5420
vn 0.0315 -0.7770 -0.6288
vn -0.0193 -0.7145 -0.6994
vn -0.0643 -0.5652 -0.8224
vn -0.1021 -0.6798 -0.7263
vn 0.0074 -0.6758 -0.7371
vn 0.0514 -0.5274 -0.8481
vn -0.0125 -0.3973 -0.9176
vn -0.0419 -0.6031 -0.7966
vn 0.0432 -0.6540 -0.7553
vn 0.1676 -0.5883 -0.7911
vn 0.0852 -0.7050 -0.7040
vn 0.0458 -0.7521 -0.6575
vn -0.0067 -0.8058 -0.5922
vn -0.1147 -0.8592 -0.4986
vn -0.3139 -0.8728 -0.3738
vn -0.6247 -0.7656 -0.1535
vn -0.8632 -0.4928 0.1099
vn 0.9668 -0.1516 0.2057
vn 0.7488 -0.6627 0.0124
vn 0.4282 -0.8716 -0.2386
vn 0.2272 -0.9056 -0.3581
vn 0.1334 -0.8954 -0.4248
vn 0.0847 -0.8820 -0.4636
vn 0.0349 -0.8579 -0.5127
vn 0.0024 -0.8401 -0.5424
vn 0.0124 -0.7859 -0.6182
vn 0.0356 -0.8325 -0.5528
vn 0.0142 -0.8088 -0.5879
vn -0.0097 -0.8192 -0.5734
vn 0.0145 -0.7801 -0.6255
vn 0.0121 -0.8387 -0.5445
vn -0.0236 -0.8680 -0.4960
vn -0.0674 -0.8911 -0.4488
vn -0.1308 -0.9087 -0.3964
vn -0.2512 -0.9101 -0.3296
vn -0.4638 -0.8567 -0.2256
vn -0.7428 -0.6675 -0.0517
vn -0.9214 -0.3661 0.1304
vn 0.9276 -0.2201 0.3020
vn 0.7898 -0.6129 0.0253
vn 0.5507 -0.8249 -0.1271
vn 0.3286 -0.9165 -0.2281
vn 0.1990 -0.9387 -0.2816
vn 0.1354 -0.9394 -0.3149
vn 0.0917 -0.9365 -0.3385
vn 0.0603 -0.9263 -0.3718
vn 0.0398 -0.9186 -0.3932
vn 0.0248 -0.9188 -0.3940
vn 0.0069 -0.9233 -0.3839
vn -0.0097 -0.9212 -0.3890
vn -0.0217 -0.9228 -0.3847
vn -0.0480 -0.9319 -0.3594
vn -0.0855 -0.9392 -0.3326
vn -0.1302 -0.9436 -0.3045
vn -0.1968 -0.9420 -0.2718
vn -0.3250 -0.9178 -0.2282
vn -0.5500 -0.8218 -0.1485
vn -0.8194 -0.5727 0.0238
vn -0.9574 -0.2779 0.0781
vn 0.9713 0.1028 0.2147
vn 0.9421 -0.2860 0.1748
vn 0.5980 -0.7940 -0.1092
vn 0.3642 -0.9166 -0.1650
vn 0.2366 -0.9518 -0.1952
vn 0.1656 -0.9624 -0.2153
vn 0.1189 -0.9658 -0.2304
vn 0.0836 -0.9661 -0.2441
vn 0.0548 -0.9662 -0.2521
vn 0.0294 -0.9660 -0.2567
vn 0.0037 -0.9667 -0.2560
vn -0.0212 -0.9666 -0.2554
vn -0.0457 -0.9676 -0.2481
vn -0.0762 -0.9687 -0.2363
vn -0.1136 -0.9677 -0.2250
vn -0.1603 -0.9640 -0.2122
vn -0.2294 -0.9534 -0.1962
vn -0.3644 -0.9151 -0.1725
vn -0.6362 -0.7608 -0.1283
vn -0.8214 -0.5659 -0.0719
vn -0.9532 -0.3022 0.0022
vn 0.9415 -0.2791 -0.1888
vn 0.8960 -0.4429 -0.0311
vn 0.7511 -0.6571 -0.0636
vn 0.3772 -0.9174 -0.1266
vn 0.2448 -0.9600 -0.1361
vn 0.1764 -0.9743 -0.1402
vn 0.1292 -0.9813 -0.1430
vn 0.0918 -0.9852 -0.1447
vn 0.0599 -0.9877 -0.1444
vn 0.0308 -0.9891 -0.1439
vn 0.0017 -0.9896 -0.1438
vn -0.0269 -0.9892 -0.1441
vn -0.0555 -0.9880 -0.1441
vn -0.0876 -0.9857 -0.1440
vn -0.1244 -0.9817 -0.1445
vn -0.1707 -0.9744 -0.1461
vn -0.2385 -0.9596 -0.1490
vn -0.3587 -0.9206 -0.1541
vn -0.5760 -0.8024 -0.1558
vn -0.8547 -0.4914 -0.1673
vn -0.9785 -0.1556 0.1355
vn 0.9785 -0.2039 -0.0322
vn 0.8026 -0.5415 -0.2501
vn 0.6023 -0.7889 -0.1218
vn 0.3815 -0.9187 -0.1023
vn 0.2405 -0.9670 -0.0839
vn 0.1712 -0.9830 -0.0663
vn 0.1248 -0.9908 -0.0528
vn 0.0879 -0.9953 -0.0418
vn 0.0564 -0.9979 -0.0322
vn 0.0286 -0.9992 -0.0263
vn 0.0002 -0.9997 -0.0258
vn -0.0276 -0.9993 -0.0270
vn -0.0545 -0.9980 -0.0334
vn -0.0846 -0.9955 -0.0439
vn -0.1184 -0.9913 -0.0572
vn -0.1592 -0.9844 -0.0750
vn -0.2175 -0.9710 -0.0991
vn -0.3341 -0.9331 -0.1334
vn -0.5514 -0.8166 -0.1706
vn -0.9565 -0.2867 -0.0545
vn -0.9745 0.2108 -0.0771
vn 0.9897 -0.0073 -0.1431
vn 0.9060 -0.3818 -0.1827
vn 0.5478 -0.8251 -0.1382
vn 0.3240 -0.9438 -0.0656
vn 0.2008 -0.9795 -0.0169
vn 0.1407 -0.9898 0.0242
vn 0.1023 -0.9930 0.0586
vn 0.0707 -0.9939 0.0846
vn 0.0444 -0.9936 0.1041
vn 0.0227 -0.9931 0.1154
vn -0.0015 -0.9933 0.1154
vn -0.0250 -0.9930 0.1151
vn -0.0456 -0.9937 0.1027
vn -0.0702 -0.9941 0.0827
vn -0.0977 -0.9936 0.0566
vn -0.1305 -0.9912 0.0229
vn -0.1786 -0.9838 -0.0170
vn -0.2807 -0.9575 -0.0663
vn -0.6020 -0.7844 -0.1494
vn -0.8101 -0.5420 -0.2235
vn -0.9077 -0.1747 -0.3816
vn 0.8953 -0.2462 -0.3713
vn 0.7547 -0.6282 -0.1892
vn 0.4716 -0.8794 -0.0651
vn 0.2537 -0.9667 0.0328
vn 0.1399 -0.9847 0.1035
vn 0.0841 -0.9828 0.1644
vn 0.0553 -0.9745 0.2175
vn 0.0371 -0.9653 0.2584
vn 0.0226 -0.9581 0.2857
vn 0.0135 -0.9538 0.3001
vn -0.0041 -0.9544 0.2984
vn -0.0201 -0.9533 0.3014
vn -0.0277 -0.9586 0.2834
vn -0.0423 -0.9658 0.2557
vn -0.0589 -0.9741 0.2182
vn -0.0836 -0.9820 0.1691
vn -0.1277 -0.9851 0.1148
vn -0.2123 -0.9757 0.0544
vn -0.4132 -0.9097 -0.0417
vn -0.7246 -0.6138 -0.3135
vn -0.9298 -0.1263 -0.3457
vn 0.8502 -0.4162 -0.3224
vn 0.6486 -0.7498 -0.1312
vn 0.3370 -0.9383 0.0774
vn 0.1377 -0.9664 0.2171
vn 0.0389 -0.9474 0.3178
vn -0.0038 -0.9180 0.3967
vn -0.0157 -0.8888 0.4580
vn -0.0121 -0.8655 0.5007
vn -0.0055 -0.8502 0.5264
vn 0.0028 -0.8440 0.5363
vn -0.0087 -0.8340 0.5517
vn -0.0134 -0.8443 0.5356
vn -0.0020 -0.8529 0.5220
vn -0.0016 -0.8681 0.4964
vn -0.0009 -0.8921 0.4518
vn -0.0126 -0.9173 0.3979
vn -0.0501 -0.9421 0.3316
vn -0.1228 -0.9618 0.2447
vn -0.2470 -0.9592 0.1379
vn -0.5695 -0.8196 -0.0635
vn -0.9016 -0.1585 -0.4024
vn 0.7618 -0.5704 -0.3071
vn 0.4229 -0.8998 0.1078
vn 0.0913 -0.9142 0.3950
vn -0.0636 -0.8301 0.5540
vn -0.1180 -0.7481 0.6530
vn -0.1199 -0.6927 0.7112
vn -0.0945 -0.6546 0.7500
vn -0.0588 -0.6306 0.7738
vn -0.0277 -0.6143 0.7886
vn -0.0237 -0.6182 0.7857
vn -0.0107 -0.5054 0.8628
vn 0.0106 -0.6292 0.7771
vn 0.0159 -0.6203 0.7842
vn 0.0438 -0.6349 0.7713
vn 0.0674 -0.6779 0.7321
vn 0.0767 -0.7047 0.7054
vn 0.0734 -0.7607 0.6449
vn 0.0249 -0.8284 0.5596
vn -0.0996 -0.9027 0.4185
vn -0.2574 -0.9437 0.2079
vn -0.9399 -0.3018 -0.1600
vn 0.8940 -0.4051 0.1915
vn 0.0120 -0.5183 0.8551
vn -0.2820 -0.3906 0.8763
vn -0.2813 -0.3048 0.9099
vn -0.2372 -0.2980 0.9246
vn -0.1815 -0.2905 0.9395
vn -0.1298 -0.2887 0.9486
vn -0.0807 -0.2800 0.9566
vn -0.0310 -0.2801 0.9595
vn -0.1130 -0.2780 0.9539
vn -0.0021 -0.1674 0.9859
vn 0.0978 -0.3038 0.9477
vn 0.0068 -0.2747 0.9615
vn 0.0766 -0.2966 0.9519
vn 0.1080 -0.3164 0.9425
vn 0.1341 -0.3357 0.9324
vn 0.1833 -0.3895 0.9026
vn 0.2129 -0.4804 0.8508
vn 0.2055 -0.6327 0.7466
vn 0.1580 -0.7995 0.5795
vn -0.4196 -0.6339 0.6497
vn 0.7085 0.6091 -0.3563
vn -0.1227 0.4612 -0.8788
vn 0.4126 0.9071 -0.0834
vn 0.6763 0.6997 0.2302
vn -0.4131 0.3254 -0.8505
vn 0.1378 0.9100 -0.3910
vn -0.3847 0.1726 -0.9067
vn -0.1563 0.7935 -0.5881
vn -0.4719 0.2414 -0.8480
vn -0.1963 0.7036 -0.6829
vn -0.2811 -0.0633 -0.9576
vn -0.2106 0.4273 -0.8793
vn -0.0378 0.2050 -0.9780
vn -0.3357 0.5490 -0.7654
vn -0.0909 0.4886 -0.8678
vn -0.1279 0.6217 -0.7727
vn -0.3077 0.2540 -0.9170
vn 0.0431 0.6748 -0.7367
vn -0.2883 -0.1056 -0.9517
vn -0.2474 0.2311 -0.9409
vn 0.2169 0.4362 -0.8733
vn 0.0260 0.2788 -0.9600
vn 0.2919 0.2566 -0.9214
vn 0.2538 0.5283 -0.8102
vn 0.1402 0.2825 -0.9490
vn 0.0206 0.6524 -0.7576
vn -0.0077 0.3739 -0.9274
vn 0.1149 0.6253 -0.7719
vn 0.1623 0.0905 -0.9826
vn 0.2369 0.4558 -0.8580
vn 0.3907 0.3045 -0.8687
vn 0.1509 0.6471 -0.7473
vn 0.2306 0.4178 -0.8788
vn 0.1523 0.7409 -0.6542
vn 0.3027 0.5383 -0.7866
vn 0.1481 0.7537 -0.6403
vn 0.3999 0.5797 -0.7100
vn 0.0044 0.8992 -0.4375
vn 0.2437 0.7173 -0.6527
vn -0.2801 0.9331 -0.2256
vn -0.2318 0.4820 -0.8450
vn -0.9303 0.3664 0.0204
vn 0.6044 0.7946 0.0578
vn 0.8269 0.5039 0.2495
vn 0.3709 0.9273 -0.0513
vn 0.1697 0.9640 -0.2049
vn 0.0135 0.9329 -0.3600
vn -0.0658 0.9043 -0.4218
vn -0.1429 0.8507 -0.5058
vn -0.1836 0.7154 -0.6742
vn 0.0360 0.8169 -0.5756
vn 0.0989 0.7688 -0.6317
vn -0.0006 0.5975 -0.8019
vn -0.0744 0.7753 -0.6272
vn 0.0165 0.8276 -0.5611
vn 0.1411 0.7842 -0.6043
vn 0.0632 0.8660 -0.4961
vn 0.0297 0.8974 -0.4401
vn -0.0075 0.9274 -0.3741
vn -0.0938 0.9583 -0.2699
vn -0.2756 0.9520 -0.1329
vn -0.5895 0.8053 0.0631
vn -0.9477 0.1737 0.2677
vn 0.7223 0.6769 0.1418
vn 0.9143 0.3502 0.2037
vn 0.4804 0.8750 0.0599
vn 0.2957 0.9552 -0.0134
vn 0.1618 0.9828 -0.0893
vn 0.0720 0.9839 -0.1634
vn 0.0270 0.9706 -0.2392
vn -0.0174 0.9386 -0.3447
vn -0.0217 0.9093 -0.4155
vn 0.0172 0.9504 -0.3105
vn 0.0034 0.9472 -0.3206
vn -0.0234 0.9485 -0.3159
vn -0.0074 0.9228 -0.3852
vn -0.0078 0.9567 -0.2909
vn -0.0388 0.9706 -0.2377
vn -0.0763 0.9795 -0.1862
vn -0.1324 0.9828 -0.1289
vn -0.2424 0.9687 -0.0540
vn -0.4407 0.8965 0.0465
vn -0.7401 0.6505 0.1705
vn -0.9615 0.1127 0.2508
vn 0.7540 0.6381 0.1557
vn 0.9070 0.2612 0.3304
vn 0.5462 0.8320 0.0973
vn 0.3612 0.9300 0.0679
vn 0.2282 0.9729 0.0371
vn 0.1459 0.9893 0.0001
vn 0.0930 0.9949 -0.0387
vn 0.0534 0.9964 -0.0655
vn 0.0215 0.9943 -0.1044
vn 0.0062 0.9940 -0.1094
vn -0.0094 0.9949 -0.0999
vn -0.0256 0.9945 -0.1017
vn -0.0381 0.9942 -0.1008
vn -0.0634 0.9951 -0.0764
vn -0.0984 0.9939 -0.0491
vn -0.1407 0.9899 -0.0184
vn -0.2062 0.9783 0.0184
vn -0.3296 0.9419 0.0642
vn -0.5369 0.8338 0.1282
vn -0.8153 0.5469 0.1901
vn -0.9829 0.0709 0.1702
vn 0.9292 0.2890 0.2305
vn 0.9822 -0.0623 0.1770
vn 0.5879 0.8015 0.1093
vn 0.3710 0.9225 0.1066
vn 0.2509 0.9624 0.1038
vn 0.1743 0.9802 0.0938
vn 0.1211 0.9893 0.0807
vn 0.0793 0.9944 0.0696
vn 0.0442 0.9974 0.0576
vn 0.0162 0.9987 0.0477
vn -0.0097 0.9989 0.0457
vn -0.0343 0.9984 0.0443
vn -0.0585 0.9971 0.0496
vn -0.0890 0.9942 0.0598
vn -0.1264 0.9895 0.0706
vn -0.1739 0.9812 0.0843
vn -0.2449 0.9642 0.1016
vn -0.3788 0.9177 0.1195
vn -0.5933 0.7924 0.1420
vn -0.8310 0.5256 0.1824
vn -0.9822 0.1431 0.1220
vn 0.8736 0.4796 0.0820
vn 0.9410 0.3211 -0.1066
vn 0.7327 0.6700 0.1198
vn 0.3797 0.9141 0.1422
vn 0.2490 0.9559 0.1555
vn 0.1788 0.9704 0.1625
vn 0.1286 0.9778 0.1653
vn 0.0878 0.9821 0.1666
vn 0.0521 0.9847 0.1665
vn 0.0209 0.9861 0.1647
vn -0.0087 0.9866 0.1628
vn -0.0371 0.9863 0.1605
vn -0.0656 0.9852 0.1586
vn -0.0982 0.9827 0.1572
vn -0.1366 0.9783 0.1557
vn -0.1855 0.9705 0.1540
vn -0.2559 0.9547 0.1517
vn -0.3890 0.9102 0.1423
vn -0.6403 0.7604 0.1089
vn -0.8512 0.4753 0.2227
vn -0.9565 0.1662 0.2396
vn 0.7974 0.5942 -0.1051
vn 0.9739 0.2264 0.0171
vn 0.5885 0.8024 0.0992
vn 0.3739 0.9121 0.1682
vn 0.2372 0.9490 0.2079
vn 0.1684 0.9576 0.2340
vn 0.1215 0.9602 0.2514
vn 0.0831 0.9608 0.2645
vn 0.0499 0.9604 0.2740
vn 0.0209 0.9603 0.2783
vn -0.0075 0.9607 0.2774
vn -0.0348 0.9609 0.2747
vn -0.0617 0.9617 0.2669
vn -0.0929 0.9623 0.2557
vn -0.1295 0.9617 0.2416
vn -0.1759 0.9586 0.2240
vn -0.2420 0.9489 0.2026
vn -0.3608 0.9161 0.1750
vn -0.7539 0.6517 0.0829
vn -0.9651 0.2547 -0.0602
vn -0.9812 0.1861 -0.0512
vn 0.8975 0.4320 -0.0881
vn 0.9850 -0.0176 -0.1714
vn 0.5214 0.8469 0.1039
vn 0.3058 0.9269 0.2177
vn 0.1911 0.9411 0.2789
vn 0.1350 0.9370 0.3222
vn 0.0977 0.9296 0.3553
vn 0.0659 0.9228 0.3797
vn 0.0391 0.9169 0.3972
vn 0.0169 0.9137 0.4061
vn -0.0068 0.9142 0.4051
vn -0.0292 0.9144 0.4038
vn -0.0497 0.9190 0.3911
vn -0.0754 0.9252 0.3720
vn -0.1063 0.9322 0.3459
vn -0.1483 0.9387 0.3112
vn -0.2162 0.9382 0.2704
vn -0.3404 0.9134 0.2232
vn -0.5589 0.8160 0.1477
vn -0.8125 0.5632 -0.1503
vn -0.9058 0.2596 -0.3350
vn 0.7435 0.6687 -0.0106
vn 0.9051 0.2255 -0.3605
vn 0.4344 0.8765 0.2075
vn 0.2276 0.9171 0.3273
vn 0.1279 0.9089 0.3970
vn 0.0795 0.8896 0.4498
vn 0.0532 0.8684 0.4929
vn 0.0346 0.8497 0.5261
vn 0.0195 0.8360 0.5484
vn 0.0101 0.8282 0.5604
vn -0.0069 0.8300 0.5577
vn -0.0212 0.8284 0.5598
vn -0.0283 0.8381 0.5448
vn -0.0426 0.8527 0.5207
vn -0.0598 0.8713 0.4871
vn -0.0919 0.8945 0.4376
vn -0.1584 0.9128 0.3765
vn -0.2809 0.9114 0.3008
vn -0.4806 0.8537 0.2006
vn -0.7450 0.6667 0.0224
vn -0.9195 0.3250 -0.2210
vn 0.5830 0.8020 0.1302
vn 0.9187 0.2576 -0.2995
vn 0.2799 0.8804 0.3829
vn 0.1127 0.8560 0.5045
vn 0.0350 0.8133 0.5807
vn 0.0021 0.7718 0.6358
vn -0.0091 0.7345 0.6786
vn -0.0096 0.7040 0.7101
vn -0.0071 0.6842 0.7293
vn 0.0013 0.6721 0.7404
vn -0.0082 0.6636 0.7481
vn -0.0133 0.6754 0.7373
vn -0.0003 0.6814 0.7319
vn 0.0016 0.7064 0.7078
vn 0.0075 0.7328 0.6804
vn -0.0006 0.7754 0.6315
vn -0.0508 0.8226 0.5663
vn -0.1747 0.8685 0.4638
vn -0.3715 0.8751 0.3101
vn -0.6188 0.7720 0.1454
vn -0.8381 0.5206 -0.1627
vn 0.3046 0.8379 0.4530
vn 0.9230 0.3843 -0.0197
vn 0.0548 0.7483 0.6611
vn -0.0554 0.6413 0.7653
vn -0.0916 0.5706 0.8161
vn -0.0938 0.5133 0.8530
vn -0.0783 0.4715 0.8784
vn -0.0523 0.4392 0.8969
vn -0.0314 0.4228 0.9057
vn -0.0232 0.4215 0.9065
vn -0.0041 0.3011 0.9536
vn 0.0047 0.4349 0.9004
vn 0.0200 0.4161 0.9091
vn 0.0460 0.4333 0.9001
vn 0.0731 0.4721 0.8785
vn 0.1050 0.4968 0.8615
vn 0.1106 0.5571 0.8230
vn 0.0620 0.6523 0.7554
vn -0.1728 0.7773 0.6049
vn -0.4309 0.8456 0.3150
vn -0.6812 0.7283 -0.0749
vn -0.1539 0.5265 0.8361
vn 0.3271 0.2399 0.9140
vn -0.2378 0.3888 0.8901
vn -0.2198 0.2818 0.9340
vn -0.1860 0.1824 0.9655
vn -0.1596 0.1324 0.9783
vn -0.1219 0.1020 0.9873
vn -0.0771 0.0886 0.9931
vn -0.0335 0.0756 0.9966
vn -0.1137 0.0916 0.9893
vn 0.0067 -0.0304 0.9995
vn 0.0927 0.0850 0.9921
vn 0.0066 0.0824 0.9966
vn 0.0791 0.0658 0.9947
vn 0.1081 0.0994 0.9892
vn 0.1487 0.0817 0.9855
vn 0.2144 0.0914 0.9725
vn 0.2782 0.0982 0.9555
vn 0.3039 0.1464 0.9414
vn 0.0255 0.2260 0.9738
vn -0.7636 0.4986 0.4102
vn 0.8790 0.3183 0.3551
vn -0.9254 -0.0602 0.3742
vn 0.2478 0.9688 0.0000
vn 0.0898 0.9960 0.0000
vn 0.0609 0.7111 0.7005
vn -0.0285 -0.9996 0.0000
vn -0.1043 -0.9945 -0.0000
vn -0.2767 -0.9609 0.0000
vn -0.8790 0.3183 0.3550
vn -0.8790 0.3183 -0.3550
vn 0.1043 -0.9945 0.0000
vn 0.2767 -0.9609 0.0000
vn -0.7106 0.0504 0.7018
vn -0.3070 0.2908 0.9062
# 1686 vertex normals

vt 0.9714 0.0087 0.0000
vt 0.9714 0.9913 0.0000
vt 0.0286 0.9913 0.0000
vt 0.0286 0.0087 0.0000
vt 0.0286 0.3251 0.0000
vt 0.9714 0.3251 0.0000
vt 0.9714 0.6749 0.0000
vt 0.0286 0.6749 0.0000
vt 0.0087 0.3251 0.0000
vt 0.9913 0.3251 0.0000
vt 0.9913 0.6749 0.0000
vt 0.0087 0.6749 0.0000
vt 0.9714 0.0000 0.0000
vt 1.0000 0.0000 0.0000
vt 1.0000 0.0087 0.0000
vt 1.0000 0.9913 0.0000
vt 1.0000 1.0000 0.0000
vt 0.9714 1.0000 0.0000
vt 0.0286 1.0000 0.0000
vt 0.0000 1.0000 0.0000
vt 0.0000 0.9913 0.0000
vt 0.0000 0.0087 0.0000
vt 0.0000 0.0000 0.0000
vt 0.0286 0.0000 0.0000
vt 0.0000 0.3251 0.0000
vt 1.0000 0.3251 0.0000
vt 1.0000 0.6749 0.0000
vt 0.0000 0.6749 0.0000
vt 0.0087 0.0000 0.0000
vt 0.9913 0.0000 0.0000
vt 0.9913 1.0000 0.0000
vt 0.0087 1.0000 0.0000
vt 0.7500 0.0000 1.0000
vt 0.7500 0.4673 1.0000
vt 0.8125 0.4673 1.0000
vt 0.8125 0.0000 1.0000
vt 0.7500 0.8215 1.0000
vt 0.8125 0.8215 1.0000
vt 0.8750 0.9347 1.0000
vt 0.8750 0.4673 1.0000
vt 0.8750 0.0000 1.0000
vt -0.1250 0.0000 1.0000
vt -0.1250 0.4673 1.0000
vt -0.0625 0.4673 1.0000
vt -0.0625 0.0000 1.0000
vt -0.1250 0.9347 1.0000
vt -0.0625 0.8215 1.0000
vt 0.0000 0.8215 1.0000
vt 0.0000 0.4673 1.0000
vt 0.0000 0.0000 1.0000
vt 0.0625 0.4673 1.0000
vt 0.0625 0.0000 1.0000
vt 0.0625 0.8215 1.0000
vt 0.1250 0.8215 1.0000
vt 0.1250 0.4673 1.0000
vt 0.1250 0.0000 1.0000
vt 0.1875 0.4673 1.0000
vt 0.1875 0.0000 1.0000
vt 0.1875 0.8215 1.0000
vt 0.2500 0.8215 1.0000
vt 0.2500 0.4673 1.0000
vt 0.2500 0.0000 1.0000
vt 0.3125 0.4673 1.0000
vt 0.3125 0.0000 1.0000
vt 0.3125 0.8215 1.0000
vt 0.3750 0.8215 1.0000
vt 0.3750 0.4673 1.0000
vt 0.3750 0.0000 1.0000
vt 0.4375 0.4673 1.0000
vt 0.4375 0.0000 1.0000
vt 0.4375 0.8215 1.0000
vt 0.5000 0.8215 1.0000
vt 0.5000 0.4673 1.0000
vt 0.5000 0.0000 1.0000
vt 0.5625 0.4673 1.0000
vt 0.5625 0.0000 1.0000
vt 0.5625 0.8215 1.0000
vt 0.6250 0.8215 1.0000
vt 0.6250 0.4673 1.0000
vt 0.6250 0.0000 1.0000
vt 0.6875 0.4673 1.0000
vt 0.6875 0.0000 1.0000
vt 0.6875 0.8215 1.0000
vt 0.8750 0.9641 1.0000
vt 0.8125 0.9621 1.0000
vt 0.8125 0.9706 1.0000
vt 0.8750 0.9705 1.0000
vt 0.7500 0.9621 1.0000
vt 0.7500 0.9707 1.0000
vt 0.7500 0.9768 1.0000
vt 0.8125 0.9767 1.0000
vt 0.8750 0.9769 1.0000
vt 0.0000 0.9619 1.0000
vt -0.0625 0.9620 1.0000
vt -0.0625 0.9702 1.0000
vt 0.0000 0.9699 1.0000
vt -0.1250 0.9641 1.0000
vt -0.1250 0.9705 1.0000
vt -0.1250 0.9769 1.0000
vt -0.0625 0.9762 1.0000
vt 0.0000 0.9758 1.0000
vt 0.1250 0.9616 1.0000
vt 0.0625 0.9618 1.0000
vt 0.0625 0.9694 1.0000
vt 0.1250 0.9690 1.0000
vt 0.0625 0.9752 1.0000
vt 0.1250 0.9747 1.0000
vt 0.2500 0.9615 1.0000
vt 0.1875 0.9616 1.0000
vt 0.1875 0.9686 1.0000
vt 0.2500 0.9685 1.0000
vt 0.1875 0.9743 1.0000
vt 0.2500 0.9741 1.0000
vt 0.3750 0.9616 1.0000
vt 0.3125 0.9616 1.0000
vt 0.3125 0.9686 1.0000
vt 0.3750 0.9690 1.0000
vt 0.3125 0.9743 1.0000
vt 0.3750 0.9747 1.0000
vt 0.5000 0.9619 1.0000
vt 0.4375 0.9618 1.0000
vt 0.4375 0.9694 1.0000
vt 0.5000 0.9699 1.0000
vt 0.4375 0.9752 1.0000
vt 0.5000 0.9758 1.0000
vt 0.6250 0.9620 1.0000
vt 0.5625 0.9620 1.0000
vt 0.5625 0.9702 1.0000
vt 0.6250 0.9705 1.0000
vt 0.5625 0.9762 1.0000
vt 0.6250 0.9765 1.0000
vt 0.6875 0.9621 1.0000
vt 0.6875 0.9706 1.0000
vt 0.6875 0.9767 1.0000
vt 0.7500 0.9983 1.0000
vt 0.7500 1.0000 1.0000
vt 0.8125 1.0000 1.0000
vt 0.8125 0.9983 1.0000
vt 0.8750 1.0000 1.0000
vt -0.1250 1.0000 1.0000
vt -0.0625 1.0000 1.0000
vt -0.0625 0.9985 1.0000
vt 0.0000 1.0000 1.0000
vt 0.0000 0.9986 1.0000
vt 0.0625 1.0000 1.0000
vt 0.0625 0.9987 1.0000
vt 0.1250 1.0000 1.0000
vt 0.1250 0.9988 1.0000
vt 0.1875 1.0000 1.0000
vt 0.1875 0.9989 1.0000
vt 0.2500 1.0000 1.0000
vt 0.2500 0.9990 1.0000
vt 0.3125 1.0000 1.0000
vt 0.3125 0.9989 1.0000
vt 0.3750 1.0000 1.0000
vt 0.3750 0.9988 1.0000
vt 0.4375 1.0000 1.0000
vt 0.4375 0.9987 1.0000
vt 0.5000 1.0000 1.0000
vt 0.5000 0.9986 1.0000
vt 0.5625 1.0000 1.0000
vt 0.5625 0.9985 1.0000
vt 0.6250 1.0000 1.0000
vt 0.6250 0.9984 1.0000
vt 0.6875 1.0000 1.0000
vt 0.6875 0.9983 1.0000
vt 0.7500 0.9871 1.0000
vt 0.7500 0.9933 1.0000
vt 0.8125 0.9934 1.0000
vt 0.8125 0.9872 1.0000
vt 0.8750 0.9935 1.0000
vt 0.8750 0.9869 1.0000
vt -0.1250 0.9869 1.0000
vt -0.1250 0.9935 1.0000
vt -0.0625 0.9938 1.0000
vt -0.0625 0.9878 1.0000
vt 0.0000 0.9942 1.0000
vt 0.0000 0.9883 1.0000
vt 0.0625 0.9947 1.0000
vt 0.0625 0.9889 1.0000
vt 0.1250 0.9952 1.0000
vt 0.1250 0.9895 1.0000
vt 0.1875 0.9956 1.0000
vt 0.1875 0.9901 1.0000
vt 0.2500 0.9958 1.0000
vt 0.2500 0.9903 1.0000
vt 0.3125 0.9956 1.0000
vt 0.3125 0.9901 1.0000
vt 0.3750 0.9952 1.0000
vt 0.3750 0.9895 1.0000
vt 0.4375 0.9947 1.0000
vt 0.4375 0.9889 1.0000
vt 0.5000 0.9942 1.0000
vt 0.5000 0.9883 1.0000
vt 0.5625 0.9938 1.0000
vt 0.5625 0.9878 1.0000
vt 0.6250 0.9935 1.0000
vt 0.6250 0.9874 1.0000
vt 0.6875 0.9934 1.0000
vt 0.6875 0.9872 1.0000
vt 0.7500 0.9494 1.0000
vt 0.8125 0.9494 1.0000
vt 0.8750 0.9494 1.0000
vt -0.1250 0.9494 1.0000
vt -0.0625 0.9494 1.0000
vt 0.0000 0.9494 1.0000
vt 0.0625 0.9494 1.0000
vt 0.1250 0.9494 1.0000
vt 0.1875 0.9494 1.0000
vt 0.2500 0.9494 1.0000
vt 0.3125 0.9494 1.0000
vt 0.3750 0.9494 1.0000
vt 0.4375 0.9494 1.0000
vt 0.5000 0.9494 1.0000
vt 0.5625 0.9494 1.0000
vt 0.6250 0.9494 1.0000
vt 0.6875 0.9494 1.0000
vt 0.8125 0.9819 1.0000
vt 0.8750 0.9819 1.0000
vt 0.7500 0.9819 1.0000
vt -0.0625 0.9820 1.0000
vt 0.0000 0.9820 1.0000
vt -0.1250 0.9819 1.0000
vt 0.0625 0.9821 1.0000
vt 0.1250 0.9821 1.0000
vt 0.1875 0.9822 1.0000
vt 0.2500 0.9823 1.0000
vt 0.3125 0.9822 1.0000
vt 0.3750 0.9821 1.0000
vt 0.4375 0.9821 1.0000
vt 0.5000 0.9820 1.0000
vt 0.5625 0.9820 1.0000
vt 0.6250 0.9819 1.0000
vt 0.6875 0.9819 1.0000
vt 0.5294 0.4762 0.0000
vt 0.4706 0.4762 0.0000
vt 0.4706 0.5238 0.0000
vt 0.5294 0.5238 0.0000
vt 0.5294 0.9524 0.0000
vt 0.4706 0.9524 0.0000
vt 0.4706 1.0000 0.0000
vt 0.5294 1.0000 0.0000
vt 0.5294 0.9048 0.0000
vt 0.4706 0.9048 0.0000
vt 0.5294 0.8571 0.0000
vt 0.4706 0.8571 0.0000
vt 0.5294 0.8095 0.0000
vt 0.4706 0.8095 0.0000
vt 0.5294 0.7619 0.0000
vt 0.4706 0.7619 0.0000
vt 0.5294 0.7143 0.0000
vt 0.4706 0.7143 0.0000
vt 0.5294 0.6667 0.0000
vt 0.4706 0.6667 0.0000
vt 0.5294 0.6190 0.0000
vt 0.4706 0.6190 0.0000
vt 0.5294 0.5714 0.0000
vt 0.4706 0.5714 0.0000
vt 0.4706 0.0476 0.0000
vt 0.5294 0.0476 0.0000
vt 0.5294 0.0000 0.0000
vt 0.4706 0.0000 0.0000
vt 0.4706 0.0952 0.0000
vt 0.5294 0.0952 0.0000
vt 0.4706 0.1429 0.0000
vt 0.5294 0.1429 0.0000
vt 0.4706 0.1905 0.0000
vt 0.5294 0.1905 0.0000
vt 0.4706 0.2381 0.0000
vt 0.5294 0.2381 0.0000
vt 0.4706 0.2857 0.0000
vt 0.5294 0.2857 0.0000
vt 0.4706 0.3333 0.0000
vt 0.5294 0.3333 0.0000
vt 0.4706 0.3810 0.0000
vt 0.5294 0.3810 0.0000
vt 0.4706 0.4286 0.0000
vt 0.5294 0.4286 0.0000
vt 0.0588 0.4762 0.0000
vt 0.0000 0.4762 0.0000
vt 0.0000 0.5238 0.0000
vt 0.0588 0.5238 0.0000
vt 0.1176 0.4762 0.0000
vt 0.1176 0.5238 0.0000
vt 0.1765 0.4762 0.0000
vt 0.1765 0.5238 0.0000
vt 0.2353 0.4762 0.0000
vt 0.2353 0.5238 0.0000
vt 0.2941 0.4762 0.0000
vt 0.2941 0.5238 0.0000
vt 0.3529 0.4762 0.0000
vt 0.3529 0.5238 0.0000
vt 0.4118 0.4762 0.0000
vt 0.4118 0.5238 0.0000
vt 1.0000 0.4762 0.0000
vt 0.9412 0.4762 0.0000
vt 0.9412 0.5238 0.0000
vt 1.0000 0.5238 0.0000
vt 0.8824 0.5238 0.0000
vt 0.8824 0.4762 0.0000
vt 0.8235 0.4762 0.0000
vt 0.8235 0.5238 0.0000
vt 0.7647 0.5238 0.0000
vt 0.7647 0.4762 0.0000
vt 0.7059 0.4762 0.0000
vt 0.7059 0.5238 0.0000
vt 0.6471 0.5238 0.0000
vt 0.6471 0.4762 0.0000
vt 0.5882 0.4762 0.0000
vt 0.5882 0.5238 0.0000
vt 0.0588 0.9524 0.0000
vt 0.0000 0.9524 0.0000
vt 0.0588 1.0000 0.0000
vt 0.1176 0.9524 0.0000
vt 0.1176 1.0000 0.0000
vt 0.1765 0.9524 0.0000
vt 0.1765 1.0000 0.0000
vt 0.2353 0.9524 0.0000
vt 0.2353 1.0000 0.0000
vt 0.2941 0.9524 0.0000
vt 0.2941 1.0000 0.0000
vt 0.3529 0.9524 0.0000
vt 0.3529 1.0000 0.0000
vt 0.4118 0.9524 0.0000
vt 0.4118 1.0000 0.0000
vt 1.0000 0.9524 0.0000
vt 0.9412 0.9524 0.0000
vt 0.9412 1.0000 0.0000
vt 0.8824 1.0000 0.0000
vt 0.8824 0.9524 0.0000
vt 0.8235 0.9524 0.0000
vt 0.8235 1.0000 0.0000
vt 0.7647 1.0000 0.0000
vt 0.7647 0.9524 0.0000
vt 0.7059 0.9524 0.0000
vt 0.7059 1.0000 0.0000
vt 0.6471 1.0000 0.0000
vt 0.6471 0.9524 0.0000
vt 0.5882 0.9524 0.0000
vt 0.5882 1.0000 0.0000
vt 0.0588 0.9048 0.0000
vt 0.0000 0.9048 0.0000
vt 0.1176 0.9048 0.0000
vt 0.1765 0.9048 0.0000
vt 0.2353 0.9048 0.0000
vt 0.2941 0.9048 0.0000
vt 0.3529 0.9048 0.0000
vt 0.4118 0.9048 0.0000
vt 1.0000 0.9048 0.0000
vt 0.9412 0.9048 0.0000
vt 0.8824 0.9048 0.0000
vt 0.8235 0.9048 0.0000
vt 0.7647 0.9048 0.0000
vt 0.7059 0.9048 0.0000
vt 0.6471 0.9048 0.0000
vt 0.5882 0.9048 0.0000
vt 0.0588 0.8571 0.0000
vt 0.0000 0.8571 0.0000
vt 0.1176 0.8571 0.0000
vt 0.1765 0.8571 0.0000
vt 0.2353 0.8571 0.0000
vt 0.2941 0.8571 0.0000
vt 0.3529 0.8571 0.0000
vt 0.4118 0.8571 0.0000
vt 1.0000 0.8571 0.0000
vt 0.9412 0.8571 0.0000
vt 0.8824 0.8571 0.0000
vt 0.8235 0.8571 0.0000
vt 0.7647 0.8571 0.0000
vt 0.7059 0.8571 0.0000
vt 0.6471 0.8571 0.0000
vt 0.5882 0.8571 0.0000
vt 0.0588 0.8095 0.0000
vt 0.0000 0.8095 0.0000
vt 0.1176 0.8095 0.0000
vt 0.1765 0.8095 0.0000
vt 0.2353 0.8095 0.0000
vt 0.2941 0.8095 0.0000
vt 0.3529 0.8095 0.0000
vt 0.4118 0.8095 0.0000
vt 1.0000 0.8095 0.0000
vt 0.9412 0.8095 0.0000
vt 0.8824 0.8095 0.0000
vt 0.8235 0.8095 0.0000
vt 0.7647 0.8095 0.0000
vt 0.7059 0.8095 0.0000
vt 0.6471 0.8095 0.0000
vt 0.5882 0.8095 0.0000
vt 0.0588 0.7619 0.0000
vt 0.0000 0.7619 0.0000
vt 0.1176 0.7619 0.0000
vt 0.1765 0.7619 0.0000
vt 0.2353 0.7619 0.0000
vt 0.2941 0.7619 0.0000
vt 0.3529 0.7619 0.0000
vt 0.4118 0.7619 0.0000
vt 1.0000 0.7619 0.0000
vt 0.9412 0.7619 0.0000
vt 0.8824 0.7619 0.0000
vt 0.8235 0.7619 0.0000
vt 0.7647 0.7619 0.0000
vt 0.7059 0.7619 0.0000
vt 0.6471 0.7619 0.0000
vt 0.5882 0.7619 0.0000
vt 0.0588 0.7143 0.0000
vt 0.0000 0.7143 0.0000
vt 0.1176 0.7143 0.0000
vt 0.1765 0.7143 0.0000
vt 0.2353 0.7143 0.0000
vt 0.2941 0.7143 0.0000
vt 0.3529 0.7143 0.0000
vt 0.4118 0.7143 0.0000
vt 1.0000 0.7143 0.0000
vt 0.9412 0.7143 0.0000
vt 0.8824 0.7143 0.0000
vt 0.8235 0.7143 0.0000
vt 0.7647 0.7143 0.0000
vt 0.7059 0.7143 0.0000
vt 0.6471 0.7143 0.0000
vt 0.5882 0.7143 0.0000
vt 0.0588 0.6667 0.0000
vt 0.0000 0.6667 0.0000
vt 0.1176 0.6667 0.0000
vt 0.1765 0.6667 0.0000
vt 0.2353 0.6667 0.0000
vt 0.2941 0.6667 0.0000
vt 0.3529 0.6667 0.0000
vt 0.4118 0.6667 0.0000
vt 1.0000 0.6667 0.0000
vt 0.9412 0.6667 0.0000
vt 0.8824 0.6667 0.0000
vt 0.8235 0.6667 0.0000
vt 0.7647 0.6667 0.0000
vt 0.7059 0.6667 0.0000
vt 0.6471 0.6667 0.0000
vt 0.5882 0.6667 0.0000
vt 0.0588 0.6190 0.0000
vt 0.0000 0.6190 0.0000
vt 0.1176 0.6190 0.0000
vt 0.1765 0.6190 0.0000
vt 0.2353 0.6190 0.0000
vt 0.2941 0.6190 0.0000
vt 0.3529 0.6190 0.0000
vt 0.4118 0.6190 0.0000
vt 1.0000 0.6190 0.0000
vt 0.9412 0.6190 0.0000
vt 0.8824 0.6190 0.0000
vt 0.8235 0.6190 0.0000
vt 0.7647 0.6190 0.0000
vt 0.7059 0.6190 0.0000
vt 0.6471 0.6190 0.0000
vt 0.5882 0.6190 0.0000
vt 0.0588 0.5714 0.0000
vt 0.0000 0.5714 0.0000
vt 0.1176 0.5714 0.0000
vt 0.1765 0.5714 0.0000
vt 0.2353 0.5714 0.0000
vt 0.2941 0.5714 0.0000
vt 0.3529 0.5714 0.0000
vt 0.4118 0.5714 0.0000
vt 1.0000 0.5714 0.0000
vt 0.9412 0.5714 0.0000
vt 0.8824 0.5714 0.0000
vt 0.8235 0.5714 0.0000
vt 0.7647 0.5714 0.0000
vt 0.7059 0.5714 0.0000
vt 0.6471 0.5714 0.0000
vt 0.5882 0.5714 0.0000
vt 0.9412 0.0476 0.0000
vt 1.0000 0.0476 0.0000
vt 0.9412 0.0000 0.0000
vt 0.8824 0.0476 0.0000
vt 0.8824 0.0000 0.0000
vt 0.8235 0.0476 0.0000
vt 0.8235 0.0000 0.0000
vt 0.7647 0.0476 0.0000
vt 0.7647 0.0000 0.0000
vt 0.7059 0.0476 0.0000
vt 0.7059 0.0000 0.0000
vt 0.6471 0.0476 0.0000
vt 0.6471 0.0000 0.0000
vt 0.5882 0.0476 0.0000
vt 0.5882 0.0000 0.0000
vt 0.0000 0.0476 0.0000
vt 0.0588 0.0476 0.0000
vt 0.0588 0.0000 0.0000
vt 0.1176 0.0000 0.0000
vt 0.1176 0.0476 0.0000
vt 0.1765 0.0476 0.0000
vt 0.1765 0.0000 0.0000
vt 0.2353 0.0000 0.0000
vt 0.2353 0.0476 0.0000
vt 0.2941 0.0476 0.0000
vt 0.2941 0.0000 0.0000
vt 0.3529 0.0000 0.0000
vt 0.3529 0.0476 0.0000
vt 0.4118 0.0476 0.0000
vt 0.4118 0.0000 0.0000
vt 0.9412 0.0952 0.0000
vt 1.0000 0.0952 0.0000
vt 0.8824 0.0952 0.0000
vt 0.8235 0.0952 0.0000
vt 0.7647 0.0952 0.0000
vt 0.7059 0.0952 0.0000
vt 0.6471 0.0952 0.0000
vt 0.5882 0.0952 0.0000
vt 0.0000 0.0952 0.0000
vt 0.0588 0.0952 0.0000
vt 0.1176 0.0952 0.0000
vt 0.1765 0.0952 0.0000
vt 0.2353 0.0952 0.0000
vt 0.2941 0.0952 0.0000
vt 0.3529 0.0952 0.0000
vt 0.4118 0.0952 0.0000
vt 0.9412 0.1429 0.0000
vt 1.0000 0.1429 0.0000
vt 0.8824 0.1429 0.0000
vt 0.8235 0.1429 0.0000
vt 0.7647 0.1429 0.0000
vt 0.7059 0.1429 0.0000
vt 0.6471 0.1429 0.0000
vt 0.5882 0.1429 0.0000
vt 0.0000 0.1429 0.0000
vt 0.0588 0.1429 0.0000
vt 0.1176 0.1429 0.0000
vt 0.1765 0.1429 0.0000
vt 0.2353 0.1429 0.0000
vt 0.2941 0.1429 0.0000
vt 0.3529 0.1429 0.0000
vt 0.4118 0.1429 0.0000
vt 0.9412 0.1905 0.0000
vt 1.0000 0.1905 0.0000
vt 0.8824 0.1905 0.0000
vt 0.8235 0.1905 0.0000
vt 0.7647 0.1905 0.0000
vt 0.7059 0.1905 0.0000
vt 0.6471 0.1905 0.0000
vt 0.5882 0.1905 0.0000
vt 0.0000 0.1905 0.0000
vt 0.0588 0.1905 0.0000
vt 0.1176 0.1905 0.0000
vt 0.1765 0.1905 0.0000
vt 0.2353 0.1905 0.0000
vt 0.2941 0.1905 0.0000
vt 0.3529 0.1905 0.0000
vt 0.4118 0.1905 0.0000
vt 0.9412 0.2381 0.0000
vt 1.0000 0.2381 0.0000
vt 0.8824 0.2381 0.0000
vt 0.8235 0.2381 0.0000
vt 0.7647 0.2381 0.0000
vt 0.7059 0.2381 0.0000
vt 0.6471 0.2381 0.0000
vt 0.5882 0.2381 0.0000
vt 0.0000 0.2381 0.0000
vt 0.0588 0.2381 0.0000
vt 0.1176 0.2381 0.0000
vt 0.1765 0.2381 0.0000
vt 0.2353 0.2381 0.0000
vt 0.2941 0.2381 0.0000
vt 0.3529 0.2381 0.0000
vt 0.4118 0.2381 0.0000
vt 0.9412 0.2857 0.0000
vt 1.0000 0.2857 0.0000
vt 0.8824 0.2857 0.0000
vt 0.8235 0.2857 0.0000
vt 0.7647 0.2857 0.0000
vt 0.7059 0.2857 0.0000
vt 0.6471 0.2857 0.0000
vt 0.5882 0.2857 0.0000
vt 0.0000 0.2857 0.0000
vt 0.0588 0.2857 0.0000
vt 0.1176 0.2857 0.0000
vt 0.1765 0.2857 0.0000
vt 0.2353 0.2857 0.0000
vt 0.2941 0.2857 0.0000
vt 0.3529 0.2857 0.0000
vt 0.4118 0.2857 0.0000
vt 0.9412 0.3333 0.0000
vt 1.0000 0.3333 0.0000
vt 0.8824 0.3333 0.0000
vt 0.8235 0.3333 0.0000
vt 0.7647 0.3333 0.0000
vt 0.7059 0.3333 0.0000
vt 0.6471 0.3333 0.0000
vt 0.5882 0.3333 0.0000
vt 0.0000 0.3333 0.0000
vt 0.0588 0.3333 0.0000
vt 0.1176 0.3333 0.0000
vt 0.1765 0.3333 0.0000
vt 0.2353 0.3333 0.0000
vt 0.2941 0.3333 0.0000
vt 0.3529 0.3333 0.0000
vt 0.4118 0.3333 0.0000
vt 0.9412 0.3810 0.0000
vt 1.0000 0.3810 0.0000
vt 0.8824 0.3810 0.0000
vt 0.8235 0.3810 0.0000
vt 0.7647 0.3810 0.0000
vt 0.7059 0.3810 0.0000
vt 0.6471 0.3810 0.0000
vt 0.5882 0.3810 0.0000
vt 0.0000 0.3810 0.0000
vt 0.0588 0.3810 0.0000
vt 0.1176 0.3810 0.0000
vt 0.1765 0.3810 0.0000
vt 0.2353 0.3810 0.0000
vt 0.2941 0.3810 0.0000
vt 0.3529 0.3810 0.0000
vt 0.4118 0.3810 0.0000
vt 0.9412 0.4286 0.0000
vt 1.0000 0.4286 0.0000
vt 0.8824 0.4286 0.0000
vt 0.8235 0.4286 0.0000
vt 0.7647 0.4286 0.0000
vt 0.7059 0.4286 0.0000
vt 0.6471 0.4286 0.0000
vt 0.5882 0.4286 0.0000
vt 0.0000 0.4286 0.0000
vt 0.0588 0.4286 0.0000
vt 0.1176 0.4286 0.0000
vt 0.1765 0.4286 0.0000
vt 0.2353 0.4286 0.0000
vt 0.2941 0.4286 0.0000
vt 0.3529 0.4286 0.0000
vt 0.4118 0.4286 0.0000
vt 1.0000 0.0833 0.0000
vt 0.9500 0.0833 0.0000
vt 0.9500 0.0000 0.0000
vt 0.9000 0.0833 0.0000
vt 0.9000 0.0000 0.0000
vt 0.8500 0.0833 0.0000
vt 0.8500 0.0000 0.0000
vt 0.8000 0.0833 0.0000
vt 0.8000 0.0000 0.0000
vt 0.7500 0.0833 0.0000
vt 0.7500 0.0000 0.0000
vt 0.7000 0.0833 0.0000
vt 0.7000 0.0000 0.0000
vt 0.6500 0.0833 0.0000
vt 0.6500 0.0000 0.0000
vt 0.6000 0.0833 0.0000
vt 0.6000 0.0000 0.0000
vt 0.5500 0.0833 0.0000
vt 0.5500 0.0000 0.0000
vt 0.5000 0.0833 0.0000
vt 0.5000 0.0000 0.0000
vt 0.4500 0.0833 0.0000
vt 0.4500 0.0000 0.0000
vt 0.4000 0.0833 0.0000
vt 0.4000 0.0000 0.0000
vt 0.3500 0.0833 0.0000
vt 0.3500 0.0000 0.0000
vt 0.3000 0.0833 0.0000
vt 0.3000 0.0000 0.0000
vt 0.2500 0.0833 0.0000
vt 0.2500 0.0000 0.0000
vt 0.2000 0.0833 0.0000
vt 0.2000 0.0000 0.0000
vt 0.1500 0.0833 0.0000
vt 0.1500 0.0000 0.0000
vt 0.1000 0.0833 0.0000
vt 0.1000 0.0000 0.0000
vt 0.0500 0.0833 0.0000
vt 0.0500 0.0000 0.0000
vt -0.0000 0.0833 0.0000
vt -0.0000 0.0000 0.0000
vt 1.0000 0.1667 0.0000
vt 0.9500 0.1667 0.0000
vt 0.9000 0.1667 0.0000
vt 0.8500 0.1667 0.0000
vt 0.8000 0.1667 0.0000
vt 0.7500 0.1667 0.0000
vt 0.7000 0.1667 0.0000
vt 0.6500 0.1667 0.0000
vt 0.6000 0.1667 0.0000
vt 0.5500 0.1667 0.0000
vt 0.5000 0.1667 0.0000
vt 0.4500 0.1667 0.0000
vt 0.4000 0.1667 0.0000
vt 0.3500 0.1667 0.0000
vt 0.3000 0.1667 0.0000
vt 0.2500 0.1667 0.0000
vt 0.2000 0.1667 0.0000
vt 0.1500 0.1667 0.0000
vt 0.1000 0.1667 0.0000
vt 0.0500 0.1667 0.0000
vt -0.0000 0.1667 0.0000
vt 1.0000 0.2500 0.0000
vt 0.9500 0.2500 0.0000
vt 0.9000 0.2500 0.0000
vt 0.8500 0.2500 0.0000
vt 0.8000 0.2500 0.0000
vt 0.7500 0.2500 0.0000
vt 0.7000 0.2500 0.0000
vt 0.6500 0.2500 0.0000
vt 0.6000 0.2500 0.0000
vt 0.5500 0.2500 0.0000
vt 0.5000 0.2500 0.0000
vt 0.4500 0.2500 0.0000
vt 0.4000 0.2500 0.0000
vt 0.3500 0.2500 0.0000
vt 0.3000 0.2500 0.0000
vt 0.2500 0.2500 0.0000
vt 0.2000 0.2500 0.0000
vt 0.1500 0.2500 0.0000
vt 0.1000 0.2500 0.0000
vt 0.0500 0.2500 0.0000
vt -0.0000 0.2500 0.0000
vt 0.9500 0.3333 0.0000
vt 0.9000 0.3333 0.0000
vt 0.8500 0.3333 0.0000
vt 0.8000 0.3333 0.0000
vt 0.7500 0.3333 0.0000
vt 0.7000 0.3333 0.0000
vt 0.6500 0.3333 0.0000
vt 0.6000 0.3333 0.0000
vt 0.5500 0.3333 0.0000
vt 0.5000 0.3333 0.0000
vt 0.4500 0.3333 0.0000
vt 0.4000 0.3333 0.0000
vt 0.3500 0.3333 0.0000
vt 0.3000 0.3333 0.0000
vt 0.2500 0.3333 0.0000
vt 0.2000 0.3333 0.0000
vt 0.1500 0.3333 0.0000
vt 0.1000 0.3333 0.0000
vt 0.0500 0.3333 0.0000
vt -0.0000 0.3333 0.0000
vt 1.0000 0.4167 0.0000
vt 0.9500 0.4167 0.0000
vt 0.9000 0.4167 0.0000
vt 0.8500 0.4167 0.0000
vt 0.8000 0.4167 0.0000
vt 0.7500 0.4167 0.0000
vt 0.7000 0.4167 0.0000
vt 0.6500 0.4167 0.0000
vt 0.6000 0.4167 0.0000
vt 0.5500 0.4167 0.0000
vt 0.5000 0.4167 0.0000
vt 0.4500 0.4167 0.0000
vt 0.4000 0.4167 0.0000
vt 0.3500 0.4167 0.0000
vt 0.3000 0.4167 0.0000
vt 0.2500 0.4167 0.0000
vt 0.2000 0.4167 0.0000
vt 0.1500 0.4167 0.0000
vt 0.1000 0.4167 0.0000
vt 0.0500 0.4167 0.0000
vt -0.0000 0.4167 0.0000
vt 1.0000 0.5000 0.0000
vt 0.9500 0.5000 0.0000
vt 0.9000 0.5000 0.0000
vt 0.8500 0.5000 0.0000
vt 0.8000 0.5000 0.0000
vt 0.7500 0.5000 0.0000
vt 0.7000 0.5000 0.0000
vt 0.6500 0.5000 0.0000
vt 0.6000 0.5000 0.0000
vt 0.5500 0.5000 0.0000
vt 0.5000 0.5000 0.0000
vt 0.4500 0.5000 0.0000
vt 0.4000 0.5000 0.0000
vt 0.3500 0.5000 0.0000
vt 0.3000 0.5000 0.0000
vt 0.2500 0.5000 0.0000
vt 0.2000 0.5000 0.0000
vt 0.1500 0.5000 0.0000
vt 0.1000 0.5000 0.0000
vt 0.0500 0.5000 0.0000
vt -0.0000 0.5000 0.0000
vt 1.0000 0.5833 0.0000
vt 0.9500 0.5833 0.0000
vt 0.9000 0.5833 0.0000
vt 0.8500 0.5833 0.0000
vt 0.8000 0.5833 0.0000
vt 0.7500 0.5833 0.0000
vt 0.7000 0.5833 0.0000
vt 0.6500 0.5833 0.0000
vt 0.6000 0.5833 0.0000
vt 0.5500 0.5833 0.0000
vt 0.5000 0.5833 0.0000
vt 0.4500 0.5833 0.0000
vt 0.4000 0.5833 0.0000
vt 0.3500 0.5833 0.0000
vt 0.3000 0.5833 0.0000
vt 0.2500 0.5833 0.0000
vt 0.2000 0.5833 0.0000
vt 0.1500 0.5833 0.0000
vt 0.1000 0.5833 0.0000
vt 0.0500 0.5833 0.0000
vt -0.0000 0.5833 0.0000
vt 0.9500 0.6667 0.0000
vt 0.9000 0.6667 0.0000
vt 0.8500 0.6667 0.0000
vt 0.8000 0.6667 0.0000
vt 0.7500 0.6667 0.0000
vt 0.7000 0.6667 0.0000
vt 0.6500 0.6667 0.0000
vt 0.6000 0.6667 0.0000
vt 0.5500 0.6667 0.0000
vt 0.5000 0.6667 0.0000
vt 0.4500 0.6667 0.0000
vt 0.4000 0.6667 0.0000
vt 0.3500 0.6667 0.0000
vt 0.3000 0.6667 0.0000
vt 0.2500 0.6667 0.0000
vt 0.2000 0.6667 0.0000
vt 0.1500 0.6667 0.0000
vt 0.1000 0.6667 0.0000
vt 0.0500 0.6667 0.0000
vt -0.0000 0.6667 0.0000
vt 1.0000 0.7500 0.0000
vt 0.9500 0.7500 0.0000
vt 0.9000 0.7500 0.0000
vt 0.8500 0.7500 0.0000
vt 0.8000 0.7500 0.0000
vt 0.7500 0.7500 0.0000
vt 0.7000 0.7500 0.0000
vt 0.6500 0.7500 0.0000
vt 0.6000 0.7500 0.0000
vt 0.5500 0.7500 0.0000
vt 0.5000 0.7500 0.0000
vt 0.4500 0.7500 0.0000
vt 0.4000 0.7500 0.0000
vt 0.3500 0.7500 0.0000
vt 0.3000 0.7500 0.0000
vt 0.2500 0.7500 0.0000
vt 0.2000 0.7500 0.0000
vt 0.1500 0.7500 0.0000
vt 0.1000 0.7500 0.0000
vt 0.0500 0.7500 0.0000
vt -0.0000 0.7500 0.0000
vt 1.0000 0.8333 0.0000
vt 0.9500 0.8333 0.0000
vt 0.9000 0.8333 0.0000
vt 0.8500 0.8333 0.0000
vt 0.8000 0.8333 0.0000
vt 0.7500 0.8333 0.0000
vt 0.7000 0.8333 0.0000
vt 0.6500 0.8333 0.0000
vt 0.6000 0.8333 0.0000
vt 0.5500 0.8333 0.0000
vt 0.5000 0.8333 0.0000
vt 0.4500 0.8333 0.0000
vt 0.4000 0.8333 0.0000
vt 0.3500 0.8333 0.0000
vt 0.3000 0.8333 0.0000
vt 0.2500 0.8333 0.0000
vt 0.2000 0.8333 0.0000
vt 0.1500 0.8333 0.0000
vt 0.1000 0.8333 0.0000
vt 0.0500 0.8333 0.0000
vt -0.0000 0.8333 0.0000
vt 1.0000 0.9167 0.0000
vt 0.9500 0.9167 0.0000
vt 0.9000 0.9167 0.0000
vt 0.8500 0.9167 0.0000
vt 0.8000 0.9167 0.0000
vt 0.7500 0.9167 0.0000
vt 0.7000 0.9167 0.0000
vt 0.6500 0.9167 0.0000
vt 0.6000 0.9167 0.0000
vt 0.5500 0.9167 0.0000
vt 0.5000 0.9167 0.0000
vt 0.4500 0.9167 0.0000
vt 0.4000 0.9167 0.0000
vt 0.3500 0.9167 0.0000
vt 0.3000 0.9167 0.0000
vt 0.2500 0.9167 0.0000
vt 0.2000 0.9167 0.0000
vt 0.1500 0.9167 0.0000
vt 0.1000 0.9167 0.0000
vt 0.0500 0.9167 0.0000
vt -0.0000 0.9167 0.0000
vt 0.9500 1.0000 0.0000
vt 0.9000 1.0000 0.0000
vt 0.8500 1.0000 0.0000
vt 0.8000 1.0000 0.0000
vt 0.7500 1.0000 0.0000
vt 0.7000 1.0000 0.0000
vt 0.6500 1.0000 0.0000
vt 0.6000 1.0000 0.0000
vt 0.5500 1.0000 0.0000
vt 0.5000 1.0000 0.0000
vt 0.4500 1.0000 0.0000
vt 0.4000 1.0000 0.0000
vt 0.3500 1.0000 0.0000
vt 0.3000 1.0000 0.0000
vt 0.2500 1.0000 0.0000
vt 0.2000 1.0000 0.0000
vt 0.1500 1.0000 0.0000
vt 0.1000 1.0000 0.0000
vt 0.0500 1.0000 0.0000
vt -0.0000 1.0000 0.0000
vt 0.0000 0.0833 0.0000
vt 0.0000 0.1667 0.0000
vt 0.0000 0.2500 0.0000
vt 0.0000 0.4167 0.0000
vt 0.0000 0.5000 0.0000
vt 0.0000 0.5833 0.0000
vt 0.0000 0.7500 0.0000
vt 0.0000 0.8333 0.0000
vt 0.0000 0.9167 0.0000
vt 0.0833 0.0000 0.0000
vt 0.0833 1.0000 0.0000
vt 0.1667 0.0000 0.0000
vt 0.1667 1.0000 0.0000
vt 0.3333 0.0000 0.0000
vt 0.3333 1.0000 0.0000
vt 0.4167 0.0000 0.0000
vt 0.4167 1.0000 0.0000
vt 0.5833 0.0000 0.0000
vt 0.5833 1.0000 0.0000
vt 0.6667 0.0000 0.0000
vt 0.6667 1.0000 0.0000
vt 0.8333 0.0000 0.0000
vt 0.8333 1.0000 0.0000
vt 0.9167 0.0000 0.0000
vt 0.9167 1.0000 0.0000
# 920 texture coords

o bed
g bed
usemtl Material__65
s 1
f 1/1/1 2/2/2 3/3/3 4/4/4 
f 5/4/5 6/1/6 7/2/7 8/3/8 
s 2
f 9/5/9 10/6/10 11/7/11 12/8/12 
s 4
f 13/9/13 14/10/14 15/11/15 16/12/16 
s 2
f 17/5/17 18/6/18 19/7/19 20/8/20 
s 4
f 21/9/21 22/10/22 23/11/23 24/12/24 
s 1
f 1/1/1 25/13/25 26/14/26 27/15/27 
f 2/2/2 28/16/28 29/17/29 30/18/30 
f 3/3/3 31/19/31 32/20/32 33/21/33 
f 4/4/4 34/22/34 35/23/35 36/24/36 
f 5/4/5 37/22/37 38/23/38 39/24/39 
f 6/1/6 40/13/40 41/14/41 42/15/42 
f 7/2/7 43/16/43 44/17/44 45/18/45 
f 8/3/8 46/19/46 47/20/47 48/21/48 
s 2
f 9/5/9 49/25/49 26/23/26 25/24/25 
f 10/6/10 36/13/36 35/14/35 50/26/50 
f 11/7/11 51/27/51 41/17/41 40/18/40 
f 12/8/12 39/19/39 38/20/38 52/28/52 
s 4
f 13/9/13 50/25/50 35/23/35 34/29/34 
f 14/10/14 33/30/33 32/14/32 53/26/53 
f 15/11/15 54/27/54 44/17/44 43/31/43 
f 16/12/16 42/32/42 41/20/41 51/28/51 
s 2
f 17/5/17 53/25/53 32/23/32 31/24/31 
f 18/6/18 30/13/30 29/14/29 55/26/55 
f 19/7/19 56/27/56 47/17/47 46/18/46 
f 20/8/20 45/19/45 44/20/44 54/28/54 
s 4
f 21/9/21 55/25/55 29/23/29 28/29/28 
f 22/10/22 27/30/27 26/14/26 49/26/49 
f 23/11/23 52/27/52 38/17/38 37/31/37 
f 24/12/24 48/32/48 47/20/47 56/28/56 
s 1
f 2/2/2 1/1/1 27/15/27 28/16/28 
f 3/3/3 2/2/2 30/18/30 31/19/31 
f 4/4/4 3/3/3 33/21/33 34/22/34 
f 1/1/1 4/4/4 36/24/36 25/13/25 
f 6/1/6 5/4/5 39/24/39 40/13/40 
f 7/2/7 6/1/6 42/15/42 43/16/43 
f 8/3/8 7/2/7 45/18/45 46/19/46 
f 5/4/5 8/3/8 48/21/48 37/22/37 
s 2
f 10/6/10 9/5/9 25/24/25 36/13/36 
f 11/7/11 10/6/10 50/26/50 51/27/51 
f 12/8/12 11/7/11 40/18/40 39/19/39 
f 9/5/9 12/8/12 52/28/52 49/25/49 
s 4
f 14/10/14 13/9/13 34/29/34 33/30/33 
f 15/11/15 14/10/14 53/26/53 54/27/54 
f 16/12/16 15/11/15 43/31/43 42/32/42 
f 13/9/13 16/12/16 51/28/51 50/25/50 
s 2
f 18/6/18 17/5/17 31/24/31 30/13/30 
f 19/7/19 18/6/18 55/26/55 56/27/56 
f 20/8/20 19/7/19 46/18/46 45/19/45 
f 17/5/17 20/8/20 54/28/54 53/25/53 
s 4
f 22/10/22 21/9/21 28/29/28 27/30/27 
f 23/11/23 22/10/22 49/26/49 52/27/52 
f 24/12/24 23/11/23 37/31/37 48/32/48 
f 21/9/21 24/12/24 56/28/56 55/25/55 
s 16
f 57/33/57 58/34/58 59/35/59 60/36/59 
f 58/34/58 61/37/57 62/38/59 59/35/59 
f 63/39/60 64/40/61 59/35/59 62/38/59 
f 64/40/61 65/41/60 60/36/59 59/35/59 
f 65/42/60 64/43/61 66/44/62 67/45/62 
f 64/43/61 63/46/60 68/47/62 66/44/62 
f 69/48/63 70/49/63 66/44/62 68/47/62 
f 70/49/63 71/50/63 67/45/62 66/44/62 
f 71/50/63 70/49/63 72/51/64 73/52/64 
f 70/49/63 69/48/63 74/53/64 72/51/64 
f 75/54/65 76/55/66 72/51/64 74/53/64 
f 76/55/66 77/56/66 73/52/64 72/51/64 
f 77/56/66 76/55/66 78/57/67 79/58/67 
f 76/55/66 75/54/65 80/59/67 78/57/67 
f 81/60/68 82/61/69 78/57/67 80/59/67 
f 82/61/69 83/62/68 79/58/67 78/57/67 
f 83/62/68 82/61/69 84/63/70 85/64/70 
f 82/61/69 81/60/68 86/65/70 84/63/70 
f 87/66/71 88/67/72 84/63/70 86/65/70 
f 88/67/72 89/68/72 85/64/70 84/63/70 
f 89/68/72 88/67/72 90/69/73 91/70/73 
f 88/67/72 87/66/71 92/71/73 90/69/73 
f 93/72/74 94/73/74 90/69/73 92/71/73 
f 94/73/74 95/74/74 91/70/73 90/69/73 
f 95/74/74 94/73/74 96/75/75 97/76/75 
f 94/73/74 93/72/74 98/77/75 96/75/75 
f 99/78/76 100/79/77 96/75/75 98/77/75 
f 100/79/77 101/80/77 97/76/75 96/75/75 
f 101/80/77 100/79/77 102/81/78 103/82/78 
f 100/79/77 99/78/76 104/83/78 102/81/78 
f 61/37/57 58/34/58 102/81/78 104/83/78 
f 58/34/58 57/33/57 103/82/78 102/81/78 
f 105/84/79 106/85/80 107/86/81 108/87/82 
f 106/85/80 109/88/83 110/89/84 107/86/81 
f 111/90/85 112/91/86 107/86/81 110/89/84 
f 112/91/86 113/92/87 108/87/82 107/86/81 
f 114/93/88 115/94/89 116/95/90 117/96/91 
f 115/94/89 105/97/79 108/98/82 116/95/90 
f 113/99/87 118/100/92 116/95/90 108/98/82 
f 118/100/92 119/101/93 117/96/91 116/95/90 
f 120/102/94 121/103/95 122/104/96 123/105/97 
f 121/103/95 114/93/88 117/96/91 122/104/96 
f 119/101/93 124/106/98 122/104/96 117/96/91 
f 124/106/98 125/107/99 123/105/97 122/104/96 
f 126/108/100 127/109/101 128/110/102 129/111/103 
f 127/109/101 120/102/94 123/105/97 128/110/102 
f 125/107/99 130/112/104 128/110/102 123/105/97 
f 130/112/104 131/113/105 129/111/103 128/110/102 
f 132/114/106 133/115/107 134/116/108 135/117/109 
f 133/115/107 126/108/100 129/111/103 134/116/108 
f 131/113/105 136/118/110 134/116/108 129/111/103 
f 136/118/110 137/119/111 135/117/109 134/116/108 
f 138/120/112 139/121/113 140/122/114 141/123/115 
f 139/121/113 132/114/106 135/117/109 140/122/114 
f 137/119/111 142/124/116 140/122/114 135/117/109 
f 142/124/116 143/125/117 141/123/115 140/122/114 
f 144/126/118 145/127/119 146/128/120 147/129/121 
f 145/127/119 138/120/112 141/123/115 146/128/120 
f 143/125/117 148/130/122 146/128/120 141/123/115 
f 148/130/122 149/131/123 147/129/121 146/128/120 
f 109/88/83 150/132/124 151/133/125 110/89/84 
f 150/132/124 144/126/118 147/129/121 151/133/125 
f 149/131/123 152/134/126 151/133/125 147/129/121 
f 152/134/126 111/90/85 110/89/84 151/133/125 
f 153/135/127 154/136/128 155/137/129 156/138/130 
f 154/136/128 157/136/131 158/137/132 155/137/129 
f 159/139/133 160/139/134 155/137/129 158/137/132 
f 160/139/134 161/139/135 156/138/130 155/137/129 
f 161/140/135 160/140/134 162/141/136 163/142/137 
f 160/140/134 159/140/133 164/141/138 162/141/136 
f 165/143/139 166/143/140 162/141/136 164/141/138 
f 166/143/140 167/144/141 163/142/137 162/141/136 
f 167/144/141 166/143/140 168/145/142 169/146/143 
f 166/143/140 165/143/139 170/145/144 168/145/142 
f 171/147/145 172/147/146 168/145/142 170/145/144 
f 172/147/146 173/148/147 169/146/143 168/145/142 
f 173/148/147 172/147/146 174/149/148 175/150/149 
f 172/147/146 171/147/145 176/149/150 174/149/148 
f 177/151/151 178/151/152 174/149/148 176/149/150 
f 178/151/152 179/152/153 175/150/149 174/149/148 
f 179/152/153 178/151/152 180/153/154 181/154/155 
f 178/151/152 177/151/151 182/153/156 180/153/154 
f 183/155/157 184/155/158 180/153/154 182/153/156 
f 184/155/158 185/156/159 181/154/155 180/153/154 
f 185/156/159 184/155/158 186/157/160 187/158/161 
f 184/155/158 183/155/157 188/157/162 186/157/160 
f 189/159/163 190/159/164 186/157/160 188/157/162 
f 190/159/164 191/160/165 187/158/161 186/157/160 
f 191/160/165 190/159/164 192/161/166 193/162/167 
f 190/159/164 189/159/163 194/161/168 192/161/166 
f 195/163/169 196/163/170 192/161/166 194/161/168 
f 196/163/170 197/164/171 193/162/167 192/161/166 
f 197/164/171 196/163/170 198/165/172 199/166/173 
f 196/163/170 195/163/169 200/165/174 198/165/172 
f 157/136/131 154/136/128 198/165/172 200/165/174 
f 154/136/128 153/135/127 199/166/173 198/165/172 
f 201/167/175 202/168/176 203/169/177 204/170/178 
f 202/168/176 153/135/127 156/138/130 203/169/177 
f 161/139/135 205/171/179 203/169/177 156/138/130 
f 205/171/179 206/172/180 204/170/178 203/169/177 
f 206/173/180 205/174/179 207/175/181 208/176/182 
f 205/174/179 161/140/135 163/142/137 207/175/181 
f 167/144/141 209/177/183 207/175/181 163/142/137 
f 209/177/183 210/178/184 208/176/182 207/175/181 
f 210/178/184 209/177/183 211/179/185 212/180/186 
f 209/177/183 167/144/141 169/146/143 211/179/185 
f 173/148/147 213/181/187 211/179/185 169/146/143 
f 213/181/187 214/182/188 212/180/186 211/179/185 
f 214/182/188 213/181/187 215/183/189 216/184/190 
f 213/181/187 173/148/147 175/150/149 215/183/189 
f 179/152/153 217/185/191 215/183/189 175/150/149 
f 217/185/191 218/186/192 216/184/190 215/183/189 
f 218/186/192 217/185/191 219/187/193 220/188/194 
f 217/185/191 179/152/153 181/154/155 219/187/193 
f 185/156/159 221/189/195 219/187/193 181/154/155 
f 221/189/195 222/190/196 220/188/194 219/187/193 
f 222/190/196 221/189/195 223/191/197 224/192/198 
f 221/189/195 185/156/159 187/158/161 223/191/197 
f 191/160/165 225/193/199 223/191/197 187/158/161 
f 225/193/199 226/194/200 224/192/198 223/191/197 
f 226/194/200 225/193/199 227/195/201 228/196/202 
f 225/193/199 191/160/165 193/162/167 227/195/201 
f 197/164/171 229/197/203 227/195/201 193/162/167 
f 229/197/203 230/198/204 228/196/202 227/195/201 
f 230/198/204 229/197/203 231/199/205 232/200/206 
f 229/197/203 197/164/171 199/166/173 231/199/205 
f 153/135/127 202/168/176 231/199/205 199/166/173 
f 202/168/176 201/167/175 232/200/206 231/199/205 
f 61/37/57 233/201/207 234/202/208 62/38/59 
f 233/201/207 109/88/83 106/85/80 234/202/208 
f 105/84/79 235/203/209 234/202/208 106/85/80 
f 235/203/209 63/39/60 62/38/59 234/202/208 
f 63/46/60 235/204/209 236/205/210 68/47/62 
f 235/204/209 105/97/79 115/94/89 236/205/210 
f 114/93/88 237/206/211 236/205/210 115/94/89 
f 237/206/211 69/48/63 68/47/62 236/205/210 
f 69/48/63 237/206/211 238/207/212 74/53/64 
f 237/206/211 114/93/88 121/103/95 238/207/212 
f 120/102/94 239/208/213 238/207/212 121/103/95 
f 239/208/213 75/54/65 74/53/64 238/207/212 
f 75/54/65 239/208/213 240/209/214 80/59/67 
f 239/208/213 120/102/94 127/109/101 240/209/214 
f 126/108/100 241/210/215 240/209/214 127/109/101 
f 241/210/215 81/60/68 80/59/67 240/209/214 
f 81/60/68 241/210/215 242/211/216 86/65/70 
f 241/210/215 126/108/100 133/115/107 242/211/216 
f 132/114/106 243/212/217 242/211/216 133/115/107 
f 243/212/217 87/66/71 86/65/70 242/211/216 
f 87/66/71 243/212/217 244/213/218 92/71/73 
f 243/212/217 132/114/106 139/121/113 244/213/218 
f 138/120/112 245/214/219 244/213/218 139/121/113 
f 245/214/219 93/72/74 92/71/73 244/213/218 
f 93/72/74 245/214/219 246/215/220 98/77/75 
f 245/214/219 138/120/112 145/127/119 246/215/220 
f 144/126/118 247/216/221 246/215/220 145/127/119 
f 247/216/221 99/78/76 98/77/75 246/215/220 
f 99/78/76 247/216/221 248/217/222 104/83/78 
f 247/216/221 144/126/118 150/132/124 248/217/222 
f 109/88/83 233/201/207 248/217/222 150/132/124 
f 233/201/207 61/37/57 104/83/78 248/217/222 
f 157/136/131 249/136/223 250/137/132 158/137/132 
f 249/136/223 251/136/131 252/137/132 250/137/132 
f 253/139/133 254/139/133 250/137/132 252/137/132 
f 254/139/133 159/139/133 158/137/132 250/137/132 
f 159/140/133 254/140/133 255/141/138 164/141/138 
f 254/140/133 253/140/133 256/141/138 255/141/138 
f 257/143/224 258/143/63 255/141/138 256/141/138 
f 258/143/63 165/143/139 164/141/138 255/141/138 
f 165/143/139 258/143/63 259/145/144 170/145/144 
f 258/143/63 257/143/224 260/145/144 259/145/144 
f 261/147/145 262/147/145 259/145/144 260/145/144 
f 262/147/145 171/147/145 170/145/144 259/145/144 
f 171/147/145 262/147/145 263/149/150 176/149/150 
f 262/147/145 261/147/145 264/149/150 263/149/150 
f 265/151/151 266/151/225 263/149/150 264/149/150 
f 266/151/225 177/151/151 176/149/150 263/149/150 
f 177/151/151 266/151/225 267/153/156 182/153/156 
f 266/151/225 265/151/151 268/153/226 267/153/156 
f 269/155/227 270/155/157 267/153/156 268/153/226 
f 270/155/157 183/155/157 182/153/156 267/153/156 
f 183/155/157 270/155/157 271/157/162 188/157/162 
f 270/155/157 269/155/227 272/157/228 271/157/162 
f 273/159/229 274/159/163 271/157/162 272/157/228 
f 274/159/163 189/159/163 188/157/162 271/157/162 
f 189/159/163 274/159/163 275/161/168 194/161/168 
f 274/159/163 273/159/229 276/161/230 275/161/168 
f 277/163/231 278/163/169 275/161/168 276/161/230 
f 278/163/169 195/163/169 194/161/168 275/161/168 
f 195/163/169 278/163/169 279/165/174 200/165/174 
f 278/163/169 277/163/231 280/165/232 279/165/174 
f 251/136/131 249/136/223 279/165/174 280/165/232 
f 249/136/223 157/136/131 200/165/174 279/165/174 
f 113/92/87 112/91/86 281/218/233 282/219/234 
f 112/91/86 111/90/85 283/220/235 281/218/233 
f 201/167/175 204/170/178 281/218/233 283/220/235 
f 204/170/178 206/172/180 282/219/234 281/218/233 
f 119/101/93 118/100/92 284/221/236 285/222/237 
f 118/100/92 113/99/87 282/223/234 284/221/236 
f 206/173/180 208/176/182 284/221/236 282/223/234 
f 208/176/182 210/178/184 285/222/237 284/221/236 
f 125/107/99 124/106/98 286/224/238 287/225/239 
f 124/106/98 119/101/93 285/222/237 286/224/238 
f 210/178/184 212/180/186 286/224/238 285/222/237 
f 212/180/186 214/182/188 287/225/239 286/224/238 
f 131/113/105 130/112/104 288/226/240 289/227/241 
f 130/112/104 125/107/99 287/225/239 288/226/240 
f 214/182/188 216/184/190 288/226/240 287/225/239 
f 216/184/190 218/186/192 289/227/241 288/226/240 
f 137/119/111 136/118/110 290/228/242 291/229/243 
f 136/118/110 131/113/105 289/227/241 290/228/242 
f 218/186/192 220/188/194 290/228/242 289/227/241 
f 220/188/194 222/190/196 291/229/243 290/228/242 
f 143/125/117 142/124/116 292/230/244 293/231/245 
f 142/124/116 137/119/111 291/229/243 292/230/244 
f 222/190/196 224/192/198 292/230/244 291/229/243 
f 224/192/198 226/194/200 293/231/245 292/230/244 
f 149/131/123 148/130/122 294/232/246 295/233/247 
f 148/130/122 143/125/117 293/231/245 294/232/246 
f 226/194/200 228/196/202 294/232/246 293/231/245 
f 228/196/202 230/198/204 295/233/247 294/232/246 
f 111/90/85 152/134/126 296/234/248 283/220/235 
f 152/134/126 149/131/123 295/233/247 296/234/248 
f 230/198/204 232/200/206 296/234/248 295/233/247 
f 232/200/206 201/167/175 283/220/235 296/234/248 
f 297/33/68 298/36/67 299/35/67 300/34/68 
f 298/36/67 301/41/66 302/40/66 299/35/67 
f 303/39/66 304/38/67 299/35/67 302/40/66 
f 304/38/67 305/37/68 300/34/68 299/35/67 
f 301/42/66 306/45/64 307/44/64 302/43/66 
f 306/45/64 308/50/63 309/49/139 307/44/64 
f 310/48/63 311/47/249 307/44/64 309/49/139 
f 311/47/249 303/46/66 302/43/66 307/44/64 
f 308/50/63 312/52/62 313/51/250 309/49/139 
f 312/52/62 314/56/60 315/55/60 313/51/250 
f 316/54/60 317/53/62 313/51/250 315/55/60 
f 317/53/62 310/48/63 309/49/139 313/51/250 
f 314/56/60 318/58/59 319/57/59 315/55/60 
f 318/58/59 320/62/57 321/61/57 319/57/59 
f 322/60/57 323/59/59 319/57/59 321/61/57 
f 323/59/59 316/54/60 315/55/60 319/57/59 
f 320/62/57 324/64/78 325/63/78 321/61/57 
f 324/64/78 326/68/77 327/67/77 325/63/78 
f 328/66/77 329/65/78 325/63/78 327/67/77 
f 329/65/78 322/60/57 321/61/57 325/63/78 
f 326/68/77 330/70/75 331/69/251 327/67/77 
f 330/70/75 332/74/74 333/73/229 331/69/251 
f 334/72/74 335/71/75 331/69/251 333/73/229 
f 335/71/75 328/66/77 327/67/77 331/69/251 
f 332/74/74 336/76/73 337/75/73 333/73/229 
f 336/76/73 338/80/72 339/79/72 337/75/73 
f 340/78/72 341/77/252 337/75/73 339/79/72 
f 341/77/252 334/72/74 333/73/229 337/75/73 
f 338/80/72 342/82/70 343/81/70 339/79/72 
f 342/82/70 297/33/68 300/34/68 343/81/70 
f 305/37/68 344/83/70 343/81/70 300/34/68 
f 344/83/70 340/78/72 339/79/72 343/81/70 
f 345/84/253 346/87/254 347/86/255 348/85/256 
f 346/87/254 349/92/257 350/91/258 347/86/255 
f 351/90/259 352/89/260 347/86/255 350/91/258 
f 352/89/260 353/88/261 348/85/256 347/86/255 
f 354/93/262 355/96/263 356/95/264 357/94/265 
f 355/96/263 358/101/266 359/100/267 356/95/264 
f 349/99/257 346/98/254 356/95/264 359/100/267 
f 346/98/254 345/97/253 357/94/265 356/95/264 
f 360/102/268 361/105/269 362/104/270 363/103/271 
f 361/105/269 364/107/272 365/106/273 362/104/270 
f 358/101/266 355/96/263 362/104/270 365/106/273 
f 355/96/263 354/93/262 363/103/271 362/104/270 
f 366/108/274 367/111/275 368/110/276 369/109/277 
f 367/111/275 370/113/278 371/112/279 368/110/276 
f 364/107/272 361/105/269 368/110/276 371/112/279 
f 361/105/269 360/102/268 369/109/277 368/110/276 
f 372/114/280 373/117/281 374/116/282 375/115/283 
f 373/117/281 376/119/284 377/118/285 374/116/282 
f 370/113/278 367/111/275 374/116/282 377/118/285 
f 367/111/275 366/108/274 375/115/283 374/116/282 
f 378/120/286 379/123/287 380/122/288 381/121/289 
f 379/123/287 382/125/290 383/124/291 380/122/288 
f 376/119/284 373/117/281 380/122/288 383/124/291 
f 373/117/281 372/114/280 381/121/289 380/122/288 
f 384/126/292 385/129/293 386/128/294 387/127/295 
f 385/129/293 388/131/296 389/130/297 386/128/294 
f 382/125/290 379/123/287 386/128/294 389/130/297 
f 379/123/287 378/120/286 387/127/295 386/128/294 
f 353/88/261 352/89/260 390/133/298 391/132/299 
f 352/89/260 351/90/259 392/134/300 390/133/298 
f 388/131/296 385/129/293 390/133/298 392/134/300 
f 385/129/293 384/126/292 391/132/299 390/133/298 
f 393/135/301 394/138/302 395/137/303 396/136/304 
f 394/138/302 397/139/305 398/139/306 395/137/303 
f 399/139/133 400/137/132 395/137/303 398/139/306 
f 400/137/132 401/136/223 396/136/304 395/137/303 
f 397/140/305 402/142/307 403/141/308 398/140/306 
f 402/142/307 404/144/309 405/143/310 403/141/308 
f 406/143/139 407/141/138 403/141/308 405/143/310 
f 407/141/138 399/140/133 398/140/306 403/141/308 
f 404/144/309 408/146/311 409/145/312 405/143/310 
f 408/146/311 410/148/313 411/147/314 409/145/312 
f 412/147/145 413/145/144 409/145/312 411/147/314 
f 413/145/144 406/143/139 405/143/310 409/145/312 
f 410/148/313 414/150/315 415/149/316 411/147/314 
f 414/150/315 416/152/317 417/151/318 415/149/316 
f 418/151/225 419/149/150 415/149/316 417/151/318 
f 419/149/150 412/147/145 411/147/314 415/149/316 
f 416/152/317 420/154/319 421/153/320 417/151/318 
f 420/154/319 422/156/321 423/155/322 421/153/320 
f 424/155/157 425/153/156 421/153/320 423/155/322 
f 425/153/156 418/151/225 417/151/318 421/153/320 
f 422/156/321 426/158/323 427/157/324 423/155/322 
f 426/158/323 428/160/325 429/159/326 427/157/324 
f 430/159/163 431/157/162 427/157/324 429/159/326 
f 431/157/162 424/155/157 423/155/322 427/157/324 
f 428/160/325 432/162/327 433/161/328 429/159/326 
f 432/162/327 434/164/329 435/163/330 433/161/328 
f 436/163/169 437/161/168 433/161/328 435/163/330 
f 437/161/168 430/159/163 429/159/326 433/161/328 
f 434/164/329 438/166/331 439/165/332 435/163/330 
f 438/166/331 393/135/301 396/136/304 439/165/332 
f 401/136/223 440/165/174 439/165/332 396/136/304 
f 440/165/174 436/163/169 435/163/330 439/165/332 
f 441/167/333 442/170/334 443/169/335 444/168/336 
f 442/170/334 445/172/337 446/171/338 443/169/335 
f 397/139/305 394/138/302 443/169/335 446/171/338 
f 394/138/302 393/135/301 444/168/336 443/169/335 
f 445/173/337 447/176/339 448/175/340 446/174/338 
f 447/176/339 449/178/341 450/177/342 448/175/340 
f 404/144/309 402/142/307 448/175/340 450/177/342 
f 402/142/307 397/140/305 446/174/338 448/175/340 
f 449/178/341 451/180/343 452/179/344 450/177/342 
f 451/180/343 453/182/345 454/181/346 452/179/344 
f 410/148/313 408/146/311 452/179/344 454/181/346 
f 408/146/311 404/144/309 450/177/342 452/179/344 
f 453/182/345 455/184/347 456/183/348 454/181/346 
f 455/184/347 457/186/349 458/185/350 456/183/348 
f 416/152/317 414/150/315 456/183/348 458/185/350 
f 414/150/315 410/148/313 454/181/346 456/183/348 
f 457/186/349 459/188/351 460/187/352 458/185/350 
f 459/188/351 461/190/353 462/189/354 460/187/352 
f 422/156/321 420/154/319 460/187/352 462/189/354 
f 420/154/319 416/152/317 458/185/350 460/187/352 
f 461/190/353 463/192/355 464/191/356 462/189/354 
f 463/192/355 465/194/357 466/193/358 464/191/356 
f 428/160/325 426/158/323 464/191/356 466/193/358 
f 426/158/323 422/156/321 462/189/354 464/191/356 
f 465/194/357 467/196/359 468/195/360 466/193/358 
f 467/196/359 469/198/361 470/197/362 468/195/360 
f 434/164/329 432/162/327 468/195/360 470/197/362 
f 432/162/327 428/160/325 466/193/358 468/195/360 
f 469/198/361 471/200/363 472/199/364 470/197/362 
f 471/200/363 441/167/333 444/168/336 472/199/364 
f 393/135/301 438/166/331 472/199/364 444/168/336 
f 438/166/331 434/164/329 470/197/362 472/199/364 
f 305/37/68 304/38/67 473/202/365 474/201/366 
f 304/38/67 303/39/66 475/203/367 473/202/365 
f 345/84/253 348/85/256 473/202/365 475/203/367 
f 348/85/256 353/88/261 474/201/366 473/202/365 
f 303/46/66 311/47/249 476/205/368 475/204/367 
f 311/47/249 310/48/63 477/206/369 476/205/368 
f 354/93/262 357/94/265 476/205/368 477/206/369 
f 357/94/265 345/97/253 475/204/367 476/205/368 
f 310/48/63 317/53/62 478/207/370 477/206/369 
f 317/53/62 316/54/60 479/208/371 478/207/370 
f 360/102/268 363/103/271 478/207/370 479/208/371 
f 363/103/271 354/93/262 477/206/369 478/207/370 
f 316/54/60 323/59/59 480/209/372 479/208/371 
f 323/59/59 322/60/57 481/210/373 480/209/372 
f 366/108/274 369/109/277 480/209/372 481/210/373 
f 369/109/277 360/102/268 479/208/371 480/209/372 
f 322/60/57 329/65/78 482/211/374 481/210/373 
f 329/65/78 328/66/77 483/212/375 482/211/374 
f 372/114/280 375/115/283 482/211/374 483/212/375 
f 375/115/283 366/108/274 481/210/373 482/211/374 
f 328/66/77 335/71/75 484/213/376 483/212/375 
f 335/71/75 334/72/74 485/214/377 484/213/376 
f 378/120/286 381/121/289 484/213/376 485/214/377 
f 381/121/289 372/114/280 483/212/375 484/213/376 
f 334/72/74 341/77/252 486/215/378 485/214/377 
f 341/77/252 340/78/72 487/216/379 486/215/378 
f 384/126/292 387/127/295 486/215/378 487/216/379 
f 387/127/295 378/120/286 485/214/377 486/215/378 
f 340/78/72 344/83/70 488/217/380 487/216/379 
f 344/83/70 305/37/68 474/201/366 488/217/380 
f 353/88/261 391/132/299 488/217/380 474/201/366 
f 391/132/299 384/126/292 487/216/379 488/217/380 
f 401/136/223 400/137/132 489/137/132 490/136/131 
f 400/137/132 399/139/133 491/139/133 489/137/132 
f 253/139/133 252/137/132 489/137/132 491/139/133 
f 252/137/132 251/136/131 490/136/131 489/137/132 
f 399/140/133 407/141/138 492/141/138 491/140/133 
f 407/141/138 406/143/139 493/143/63 492/141/138 
f 257/143/224 256/141/138 492/141/138 493/143/63 
f 256/141/138 253/140/133 491/140/133 492/141/138 
f 406/143/139 413/145/144 494/145/144 493/143/63 
f 413/145/144 412/147/145 495/147/145 494/145/144 
f 261/147/145 260/145/144 494/145/144 495/147/145 
f 260/145/144 257/143/224 493/143/63 494/145/144 
f 412/147/145 419/149/150 496/149/150 495/147/145 
f 419/149/150 418/151/225 497/151/151 496/149/150 
f 265/151/151 264/149/150 496/149/150 497/151/151 
f 264/149/150 261/147/145 495/147/145 496/149/150 
f 418/151/225 425/153/156 498/153/156 497/151/151 
f 425/153/156 424/155/157 499/155/157 498/153/156 
f 269/155/227 268/153/226 498/153/156 499/155/157 
f 268/153/226 265/151/151 497/151/151 498/153/156 
f 424/155/157 431/157/162 500/157/162 499/155/157 
f 431/157/162 430/159/163 501/159/163 500/157/162 
f 273/159/229 272/157/228 500/157/162 501/159/163 
f 272/157/228 269/155/227 499/155/157 500/157/162 
f 430/159/163 437/161/168 502/161/168 501/159/163 
f 437/161/168 436/163/169 503/163/169 502/161/168 
f 277/163/231 276/161/230 502/161/168 503/163/169 
f 276/161/230 273/159/229 501/159/163 502/161/168 
f 436/163/169 440/165/174 504/165/174 503/163/169 
f 440/165/174 401/136/223 490/136/131 504/165/174 
f 251/136/131 280/165/232 504/165/174 490/136/131 
f 280/165/232 277/163/231 503/163/169 504/165/174 
f 349/92/257 505/219/381 506/218/382 350/91/258 
f 505/219/381 445/172/337 442/170/334 506/218/382 
f 441/167/333 507/220/383 506/218/382 442/170/334 
f 507/220/383 351/90/259 350/91/258 506/218/382 
f 358/101/266 508/222/384 509/221/385 359/100/267 
f 508/222/384 449/178/341 447/176/339 509/221/385 
f 445/173/337 505/223/381 509/221/385 447/176/339 
f 505/223/381 349/99/257 359/100/267 509/221/385 
f 364/107/272 510/225/386 511/224/387 365/106/273 
f 510/225/386 453/182/345 451/180/343 511/224/387 
f 449/178/341 508/222/384 511/224/387 451/180/343 
f 508/222/384 358/101/266 365/106/273 511/224/387 
f 370/113/278 512/227/388 513/226/389 371/112/279 
f 512/227/388 457/186/349 455/184/347 513/226/389 
f 453/182/345 510/225/386 513/226/389 455/184/347 
f 510/225/386 364/107/272 371/112/279 513/226/389 
f 376/119/284 514/229/390 515/228/391 377/118/285 
f 514/229/390 461/190/353 459/188/351 515/228/391 
f 457/186/349 512/227/388 515/228/391 459/188/351 
f 512/227/388 370/113/278 377/118/285 515/228/391 
f 382/125/290 516/231/392 517/230/393 383/124/291 
f 516/231/392 465/194/357 463/192/355 517/230/393 
f 461/190/353 514/229/390 517/230/393 463/192/355 
f 514/229/390 376/119/284 383/124/291 517/230/393 
f 388/131/296 518/233/394 519/232/395 389/130/297 
f 518/233/394 469/198/361 467/196/359 519/232/395 
f 465/194/357 516/231/392 519/232/395 467/196/359 
f 516/231/392 382/125/290 389/130/297 519/232/395 
f 351/90/259 507/220/383 520/234/396 392/134/300 
f 507/220/383 441/167/333 471/200/363 520/234/396 
f 469/198/361 518/233/394 520/234/396 471/200/363 
f 518/233/394 388/131/296 392/134/300 520/234/396 
s 2
f 521/235/397 522/236/223 523/237/398 524/238/399 
f 525/239/400 526/240/401 527/241/402 528/242/403 
f 529/243/404 530/244/405 526/240/401 525/239/400 
f 531/245/406 532/246/407 530/244/405 529/243/404 
f 533/247/408 534/248/409 532/246/407 531/245/406 
f 535/249/410 536/250/411 534/248/409 533/247/408 
f 537/251/412 538/252/413 536/250/411 535/249/410 
f 539/253/414 540/254/415 538/252/413 537/251/412 
f 541/255/416 542/256/417 540/254/415 539/253/414 
f 543/257/418 544/258/419 542/256/417 541/255/416 
f 524/238/399 523/237/398 544/258/419 543/257/418 
f 545/259/420 546/260/421 547/261/422 548/262/423 
f 549/263/424 550/264/425 546/260/421 545/259/420 
f 551/265/426 552/266/427 550/264/425 549/263/424 
f 553/267/428 554/268/429 552/266/427 551/265/426 
f 555/269/430 556/270/431 554/268/429 553/267/428 
f 557/271/432 558/272/433 556/270/431 555/269/430 
f 559/273/434 560/274/131 558/272/433 557/271/432 
f 561/275/435 562/276/436 560/274/131 559/273/434 
f 563/277/131 564/278/436 562/276/436 561/275/435 
f 522/236/223 521/235/397 564/278/436 563/277/131 
f 565/279/437 566/280/438 567/281/439 568/282/440 
f 569/283/131 565/279/437 568/282/440 570/284/441 
f 571/285/442 569/283/131 570/284/441 572/286/443 
f 573/287/444 571/285/442 572/286/443 574/288/445 
f 575/289/446 573/287/444 574/288/445 576/290/447 
f 577/291/448 575/289/446 576/290/447 578/292/449 
f 579/293/131 577/291/448 578/292/449 580/294/450 
f 522/236/223 579/293/131 580/294/450 523/237/398 
f 581/295/451 582/296/452 583/297/453 584/298/454 
f 585/299/455 583/297/453 582/296/452 586/300/131 
f 586/300/131 587/301/456 588/302/457 585/299/455 
f 589/303/458 588/302/457 587/301/456 590/304/459 
f 590/304/459 591/305/436 592/306/460 589/303/458 
f 593/307/461 592/306/460 591/305/436 594/308/462 
f 594/308/462 595/309/436 596/310/463 593/307/461 
f 524/238/399 596/310/463 595/309/436 521/235/397 
f 597/311/464 598/312/465 599/20/466 600/313/467 
f 601/314/468 597/311/464 600/313/467 602/315/469 
f 603/316/470 601/314/468 602/315/469 604/317/471 
f 605/318/472 603/316/470 604/317/471 606/319/473 
f 607/320/474 605/318/472 606/319/473 608/321/475 
f 609/322/476 607/320/474 608/321/475 610/323/477 
f 611/324/478 609/322/476 610/323/477 612/325/479 
f 526/240/401 611/324/478 612/325/479 527/241/402 
f 613/326/480 614/327/481 615/328/482 616/17/483 
f 617/329/484 615/328/482 614/327/481 618/330/485 
f 618/330/485 619/331/486 620/332/487 617/329/484 
f 621/333/488 620/332/487 619/331/486 622/334/489 
f 622/334/489 623/335/490 624/336/491 621/333/488 
f 625/337/492 624/336/491 623/335/490 626/338/493 
f 626/338/493 627/339/494 628/340/495 625/337/492 
f 528/242/403 628/340/495 627/339/494 525/239/400 
f 629/341/496 630/342/497 598/312/465 597/311/464 
f 631/343/131 629/341/496 597/311/464 601/314/468 
f 632/344/131 631/343/131 601/314/468 603/316/470 
f 633/345/131 632/344/131 603/316/470 605/318/472 
f 634/346/131 633/345/131 605/318/472 607/320/474 
f 635/347/498 634/346/131 607/320/474 609/322/476 
f 636/348/499 635/347/498 609/322/476 611/324/478 
f 530/244/405 636/348/499 611/324/478 526/240/401 
f 637/349/500 638/350/501 614/327/481 613/326/480 
f 618/330/485 614/327/481 638/350/501 639/351/131 
f 639/351/131 640/352/131 619/331/486 618/330/485 
f 622/334/489 619/331/486 640/352/131 641/353/502 
f 641/353/502 642/354/131 623/335/490 622/334/489 
f 626/338/493 623/335/490 642/354/131 643/355/503 
f 643/355/503 644/356/435 627/339/494 626/338/493 
f 525/239/400 627/339/494 644/356/435 529/243/404 
f 645/357/504 646/358/505 630/342/497 629/341/496 
f 647/359/131 645/357/504 629/341/496 631/343/131 
f 648/360/131 647/359/131 631/343/131 632/344/131 
f 649/361/506 648/360/131 632/344/131 633/345/131 
f 650/362/507 649/361/506 633/345/131 634/346/131 
f 651/363/223 650/362/507 634/346/131 635/347/498 
f 652/364/508 651/363/223 635/347/498 636/348/499 
f 532/246/407 652/364/508 636/348/499 530/244/405 
f 653/365/509 654/366/510 638/350/501 637/349/500 
f 639/351/131 638/350/501 654/366/510 655/367/131 
f 655/367/131 656/368/131 640/352/131 639/351/131 
f 641/353/502 640/352/131 656/368/131 657/369/131 
f 657/369/131 658/370/511 642/354/131 641/353/502 
f 643/355/503 642/354/131 658/370/511 659/371/512 
f 659/371/512 660/372/435 644/356/435 643/355/503 
f 529/243/404 644/356/435 660/372/435 531/245/406 
f 661/373/513 662/374/514 646/358/505 645/357/504 
f 663/375/131 661/373/513 645/357/504 647/359/131 
f 664/376/515 663/375/131 647/359/131 648/360/131 
f 665/377/516 664/376/515 648/360/131 649/361/506 
f 666/378/517 665/377/516 649/361/506 650/362/507 
f 667/379/518 666/378/517 650/362/507 651/363/223 
f 668/380/519 667/379/518 651/363/223 652/364/508 
f 534/248/409 668/380/519 652/364/508 532/246/407 
f 669/381/520 670/382/521 654/366/510 653/365/509 
f 655/367/131 654/366/510 670/382/521 671/383/131 
f 671/383/131 672/384/131 656/368/131 655/367/131 
f 657/369/131 656/368/131 672/384/131 673/385/131 
f 673/385/131 674/386/522 658/370/511 657/369/131 
f 659/371/512 658/370/511 674/386/522 675/387/523 
f 675/387/523 676/388/524 660/372/435 659/371/512 
f 531/245/406 660/372/435 676/388/524 533/247/408 
f 677/389/525 678/390/526 662/374/514 661/373/513 
f 679/391/527 677/389/525 661/373/513 663/375/131 
f 680/392/528 679/391/527 663/375/131 664/376/515 
f 681/393/529 680/392/528 664/376/515 665/377/516 
f 682/394/530 681/393/529 665/377/516 666/378/517 
f 683/395/531 682/394/530 666/378/517 667/379/518 
f 684/396/532 683/395/531 667/379/518 668/380/519 
f 536/250/411 684/396/532 668/380/519 534/248/409 
f 685/397/533 686/398/534 670/382/521 669/381/520 
f 671/383/131 670/382/521 686/398/534 687/399/131 
f 687/399/131 688/400/131 672/384/131 671/383/131 
f 673/385/131 672/384/131 688/400/131 689/401/535 
f 689/401/535 690/402/536 674/386/522 673/385/131 
f 675/387/523 674/386/522 690/402/536 691/403/537 
f 691/403/537 692/404/538 676/388/524 675/387/523 
f 533/247/408 676/388/524 692/404/538 535/249/410 
f 693/405/539 694/406/540 678/390/526 677/389/525 
f 695/407/131 693/405/539 677/389/525 679/391/527 
f 696/408/541 695/407/131 679/391/527 680/392/528 
f 697/409/542 696/408/541 680/392/528 681/393/529 
f 698/410/543 697/409/542 681/393/529 682/394/530 
f 699/411/544 698/410/543 682/394/530 683/395/531 
f 700/412/545 699/411/544 683/395/531 684/396/532 
f 538/252/413 700/412/545 684/396/532 536/250/411 
f 701/413/546 702/414/547 686/398/534 685/397/533 
f 687/399/131 686/398/534 702/414/547 703/415/131 
f 703/415/131 704/416/548 688/400/131 687/399/131 
f 689/401/535 688/400/131 704/416/548 705/417/549 
f 705/417/549 706/418/550 690/402/536 689/401/535 
f 691/403/537 690/402/536 706/418/550 707/419/551 
f 707/419/551 708/420/552 692/404/538 691/403/537 
f 535/249/410 692/404/538 708/420/552 537/251/412 
f 709/421/553 710/422/554 694/406/540 693/405/539 
f 711/423/131 709/421/553 693/405/539 695/407/131 
f 712/424/131 711/423/131 695/407/131 696/408/541 
f 713/425/131 712/424/131 696/408/541 697/409/542 
f 714/426/555 713/425/131 697/409/542 698/410/543 
f 715/427/556 714/426/555 698/410/543 699/411/544 
f 716/428/557 715/427/556 699/411/544 700/412/545 
f 540/254/415 716/428/557 700/412/545 538/252/413 
f 717/429/558 718/430/559 702/414/547 701/413/546 
f 703/415/131 702/414/547 718/430/559 719/431/131 
f 719/431/131 720/432/560 704/416/548 703/415/131 
f 705/417/549 704/416/548 720/432/560 721/433/561 
f 721/433/561 722/434/562 706/418/550 705/417/549 
f 707/419/551 706/418/550 722/434/562 723/435/563 
f 723/435/563 724/436/564 708/420/552 707/419/551 
f 537/251/412 708/420/552 724/436/564 539/253/414 
f 725/437/565 726/438/566 710/422/554 709/421/553 
f 727/439/131 725/437/565 709/421/553 711/423/131 
f 728/440/131 727/439/131 711/423/131 712/424/131 
f 729/441/567 728/440/131 712/424/131 713/425/131 
f 730/442/568 729/441/567 713/425/131 714/426/555 
f 731/443/569 730/442/568 714/426/555 715/427/556 
f 732/444/570 731/443/569 715/427/556 716/428/557 
f 542/256/417 732/444/570 716/428/557 540/254/415 
f 733/445/571 734/446/572 718/430/559 717/429/558 
f 719/431/131 718/430/559 734/446/572 735/447/131 
f 735/447/131 736/448/573 720/432/560 719/431/131 
f 721/433/561 720/432/560 736/448/573 737/449/574 
f 737/449/574 738/450/575 722/434/562 721/433/561 
f 723/435/563 722/434/562 738/450/575 739/451/576 
f 739/451/576 740/452/577 724/436/564 723/435/563 
f 539/253/414 724/436/564 740/452/577 541/255/416 
f 741/453/578 742/454/579 726/438/566 725/437/565 
f 743/455/131 741/453/578 725/437/565 727/439/131 
f 744/456/580 743/455/131 727/439/131 728/440/131 
f 745/457/581 744/456/580 728/440/131 729/441/567 
f 746/458/582 745/457/581 729/441/567 730/442/568 
f 747/459/583 746/458/582 730/442/568 731/443/569 
f 748/460/584 747/459/583 731/443/569 732/444/570 
f 544/258/419 748/460/584 732/444/570 542/256/417 
f 749/461/585 750/462/586 734/446/572 733/445/571 
f 735/447/131 734/446/572 750/462/586 751/463/587 
f 751/463/587 752/464/588 736/448/573 735/447/131 
f 737/449/574 736/448/573 752/464/588 753/465/589 
f 753/465/589 754/466/590 738/450/575 737/449/574 
f 739/451/576 738/450/575 754/466/590 755/467/591 
f 755/467/591 756/468/592 740/452/577 739/451/576 
f 541/255/416 740/452/577 756/468/592 543/257/418 
f 568/282/440 567/281/439 742/454/579 741/453/578 
f 570/284/441 568/282/440 741/453/578 743/455/131 
f 572/286/443 570/284/441 743/455/131 744/456/580 
f 574/288/445 572/286/443 744/456/580 745/457/581 
f 576/290/447 574/288/445 745/457/581 746/458/582 
f 578/292/449 576/290/447 746/458/582 747/459/583 
f 580/294/450 578/292/449 747/459/583 748/460/584 
f 523/237/398 580/294/450 748/460/584 544/258/419 
f 584/298/454 583/297/453 750/462/586 749/461/585 
f 751/463/587 750/462/586 583/297/453 585/299/455 
f 585/299/455 588/302/457 752/464/588 751/463/587 
f 753/465/589 752/464/588 588/302/457 589/303/458 
f 589/303/458 592/306/460 754/466/590 753/465/589 
f 755/467/591 754/466/590 592/306/460 593/307/461 
f 593/307/461 596/310/463 756/468/592 755/467/591 
f 543/257/418 756/468/592 596/310/463 524/238/399 
f 757/469/593 758/470/594 759/14/595 760/471/596 
f 761/472/597 757/469/593 760/471/596 762/473/598 
f 763/474/599 761/472/597 762/473/598 764/475/600 
f 765/476/601 763/474/599 764/475/600 766/477/602 
f 767/478/603 765/476/601 766/477/602 768/479/604 
f 769/480/605 767/478/603 768/479/604 770/481/606 
f 771/482/607 769/480/605 770/481/606 772/483/608 
f 546/260/421 771/482/607 772/483/608 547/261/422 
f 773/484/609 774/485/610 775/486/611 776/23/612 
f 777/487/613 775/486/611 774/485/610 778/488/614 
f 778/488/614 779/489/615 780/490/616 777/487/613 
f 781/491/617 780/490/616 779/489/615 782/492/618 
f 782/492/618 783/493/619 784/494/620 781/491/617 
f 785/495/621 784/494/620 783/493/619 786/496/622 
f 786/496/622 787/497/623 788/498/624 785/495/621 
f 548/262/423 788/498/624 787/497/623 545/259/420 
f 789/499/625 790/500/626 758/470/594 757/469/593 
f 791/501/627 789/499/625 757/469/593 761/472/597 
f 792/502/628 791/501/627 761/472/597 763/474/599 
f 793/503/629 792/502/628 763/474/599 765/476/601 
f 794/504/630 793/503/629 765/476/601 767/478/603 
f 795/505/631 794/504/630 767/478/603 769/480/605 
f 796/506/632 795/505/631 769/480/605 771/482/607 
f 550/264/425 796/506/632 771/482/607 546/260/421 
f 797/507/633 798/508/634 774/485/610 773/484/609 
f 778/488/614 774/485/610 798/508/634 799/509/635 
f 799/509/635 800/510/636 779/489/615 778/488/614 
f 782/492/618 779/489/615 800/510/636 801/511/637 
f 801/511/637 802/512/638 783/493/619 782/492/618 
f 786/496/622 783/493/619 802/512/638 803/513/639 
f 803/513/639 804/514/640 787/497/623 786/496/622 
f 545/259/420 787/497/623 804/514/640 549/263/424 
f 805/515/641 806/516/642 790/500/626 789/499/625 
f 807/517/643 805/515/641 789/499/625 791/501/627 
f 808/518/644 807/517/643 791/501/627 792/502/628 
f 809/519/645 808/518/644 792/502/628 793/503/629 
f 810/520/646 809/519/645 793/503/629 794/504/630 
f 811/521/647 810/520/646 794/504/630 795/505/631 
f 812/522/648 811/521/647 795/505/631 796/506/632 
f 552/266/427 812/522/648 796/506/632 550/264/425 
f 813/523/649 814/524/650 798/508/634 797/507/633 
f 799/509/635 798/508/634 814/524/650 815/525/651 
f 815/525/651 816/526/652 800/510/636 799/509/635 
f 801/511/637 800/510/636 816/526/652 817/527/653 
f 817/527/653 818/528/654 802/512/638 801/511/637 
f 803/513/639 802/512/638 818/528/654 819/529/655 
f 819/529/655 820/530/656 804/514/640 803/513/639 
f 549/263/424 804/514/640 820/530/656 551/265/426 
f 821/531/657 822/532/658 806/516/642 805/515/641 
f 823/533/659 821/531/657 805/515/641 807/517/643 
f 824/534/660 823/533/659 807/517/643 808/518/644 
f 825/535/661 824/534/660 808/518/644 809/519/645 
f 826/536/662 825/535/661 809/519/645 810/520/646 
f 827/537/663 826/536/662 810/520/646 811/521/647 
f 828/538/664 827/537/663 811/521/647 812/522/648 
f 554/268/429 828/538/664 812/522/648 552/266/427 
f 829/539/665 830/540/666 814/524/650 813/523/649 
f 815/525/651 814/524/650 830/540/666 831/541/667 
f 831/541/667 832/542/668 816/526/652 815/525/651 
f 817/527/653 816/526/652 832/542/668 833/543/669 
f 833/543/669 834/544/131 818/528/654 817/527/653 
f 819/529/655 818/528/654 834/544/131 835/545/670 
f 835/545/670 836/546/671 820/530/656 819/529/655 
f 551/265/426 820/530/656 836/546/671 553/267/428 
f 837/547/672 838/548/673 822/532/658 821/531/657 
f 839/549/674 837/547/672 821/531/657 823/533/659 
f 840/550/675 839/549/674 823/533/659 824/534/660 
f 841/551/676 840/550/675 824/534/660 825/535/661 
f 842/552/677 841/551/676 825/535/661 826/536/662 
f 843/553/678 842/552/677 826/536/662 827/537/663 
f 844/554/679 843/553/678 827/537/663 828/538/664 
f 556/270/431 844/554/679 828/538/664 554/268/429 
f 845/555/680 846/556/681 830/540/666 829/539/665 
f 831/541/667 830/540/666 846/556/681 847/557/131 
f 847/557/131 848/558/131 832/542/668 831/541/667 
f 833/543/669 832/542/668 848/558/131 849/559/682 
f 849/559/682 850/560/683 834/544/131 833/543/669 
f 835/545/670 834/544/131 850/560/683 851/561/684 
f 851/561/684 852/562/685 836/546/671 835/545/670 
f 553/267/428 836/546/671 852/562/685 555/269/430 
f 853/563/686 854/564/687 838/548/673 837/547/672 
f 855/565/688 853/563/686 837/547/672 839/549/674 
f 856/566/689 855/565/688 839/549/674 840/550/675 
f 857/567/690 856/566/689 840/550/675 841/551/676 
f 858/568/691 857/567/690 841/551/676 842/552/677 
f 859/569/692 858/568/691 842/552/677 843/553/678 
f 860/570/693 859/569/692 843/553/678 844/554/679 
f 558/272/433 860/570/693 844/554/679 556/270/431 
f 861/571/694 862/572/695 846/556/681 845/555/680 
f 847/557/131 846/556/681 862/572/695 863/573/131 
f 863/573/131 864/574/696 848/558/131 847/557/131 
f 849/559/682 848/558/131 864/574/696 865/575/436 
f 865/575/436 866/576/697 850/560/683 849/559/682 
f 851/561/684 850/560/683 866/576/697 867/577/698 
f 867/577/698 868/578/699 852/562/685 851/561/684 
f 555/269/430 852/562/685 868/578/699 557/271/432 
f 869/579/700 870/580/701 854/564/687 853/563/686 
f 871/581/702 869/579/700 853/563/686 855/565/688 
f 872/582/703 871/581/702 855/565/688 856/566/689 
f 873/583/704 872/582/703 856/566/689 857/567/690 
f 874/584/705 873/583/704 857/567/690 858/568/691 
f 875/585/706 874/584/705 858/568/691 859/569/692 
f 876/586/707 875/585/706 859/569/692 860/570/693 
f 560/274/131 876/586/707 860/570/693 558/272/433 
f 877/587/708 878/588/709 862/572/695 861/571/694 
f 863/573/131 862/572/695 878/588/709 879/589/710 
f 879/589/710 880/590/711 864/574/696 863/573/131 
f 865/575/436 864/574/696 880/590/711 881/591/712 
f 881/591/712 882/592/713 866/576/697 865/575/436 
f 867/577/698 866/576/697 882/592/713 883/593/714 
f 883/593/714 884/594/715 868/578/699 867/577/698 
f 557/271/432 868/578/699 884/594/715 559/273/434 
f 885/595/716 886/596/717 870/580/701 869/579/700 
f 887/597/436 885/595/716 869/579/700 871/581/702 
f 888/598/718 887/597/436 871/581/702 872/582/703 
f 889/599/719 888/598/718 872/582/703 873/583/704 
f 890/600/720 889/599/719 873/583/704 874/584/705 
f 891/601/721 890/600/720 874/584/705 875/585/706 
f 892/602/722 891/601/721 875/585/706 876/586/707 
f 562/276/436 892/602/722 876/586/707 560/274/131 
f 893/603/723 894/604/724 878/588/709 877/587/708 
f 879/589/710 878/588/709 894/604/724 895/605/725 
f 895/605/725 896/606/726 880/590/711 879/589/710 
f 881/591/712 880/590/711 896/606/726 897/607/727 
f 897/607/727 898/608/728 882/592/713 881/591/712 
f 883/593/714 882/592/713 898/608/728 899/609/729 
f 899/609/729 900/610/131 884/594/715 883/593/714 
f 559/273/434 884/594/715 900/610/131 561/275/435 
f 901/611/730 902/612/731 886/596/717 885/595/716 
f 903/613/732 901/611/730 885/595/716 887/597/436 
f 904/614/131 903/613/732 887/597/436 888/598/718 
f 905/615/733 904/614/131 888/598/718 889/599/719 
f 906/616/734 905/615/733 889/599/719 890/600/720 
f 907/617/728 906/616/734 890/600/720 891/601/721 
f 908/618/735 907/617/728 891/601/721 892/602/722 
f 564/278/436 908/618/735 892/602/722 562/276/436 
f 909/619/736 910/620/737 894/604/724 893/603/723 
f 895/605/725 894/604/724 910/620/737 911/621/131 
f 911/621/131 912/622/738 896/606/726 895/605/725 
f 897/607/727 896/606/726 912/622/738 913/623/739 
f 913/623/739 914/624/740 898/608/728 897/607/727 
f 899/609/729 898/608/728 914/624/740 915/625/131 
f 915/625/131 916/626/131 900/610/131 899/609/729 
f 561/275/435 900/610/131 916/626/131 563/277/131 
f 582/296/452 581/295/451 902/612/731 901/611/730 
f 586/300/131 582/296/452 901/611/730 903/613/732 
f 587/301/456 586/300/131 903/613/732 904/614/131 
f 590/304/459 587/301/456 904/614/131 905/615/733 
f 591/305/436 590/304/459 905/615/733 906/616/734 
f 594/308/462 591/305/436 906/616/734 907/617/728 
f 595/309/436 594/308/462 907/617/728 908/618/735 
f 521/235/397 595/309/436 908/618/735 564/278/436 
f 566/280/438 565/279/437 910/620/737 909/619/736 
f 911/621/131 910/620/737 565/279/437 569/283/131 
f 569/283/131 571/285/442 912/622/738 911/621/131 
f 913/623/739 912/622/738 571/285/442 573/287/444 
f 573/287/444 575/289/446 914/624/740 913/623/739 
f 915/625/131 914/624/740 575/289/446 577/291/448 
f 577/291/448 579/293/131 916/626/131 915/625/131 
f 563/277/131 916/626/131 579/293/131 522/236/223 
f 917/237/741 918/236/742 919/235/743 920/238/744 
f 921/241/745 922/240/746 923/239/747 924/242/748 
f 922/240/746 925/244/749 926/243/750 923/239/747 
f 925/244/749 927/246/751 928/245/752 926/243/750 
f 927/246/751 929/248/753 930/247/754 928/245/752 
f 929/248/753 931/250/755 932/249/756 930/247/754 
f 931/250/755 933/252/757 934/251/758 932/249/756 
f 933/252/757 935/254/759 936/253/760 934/251/758 
f 935/254/759 937/256/761 938/255/762 936/253/760 
f 937/256/761 939/258/763 940/257/764 938/255/762 
f 939/258/763 917/237/741 920/238/744 940/257/764 
f 941/261/765 942/260/766 943/259/767 944/262/768 
f 942/260/766 945/264/769 946/263/770 943/259/767 
f 945/264/769 947/266/771 948/265/772 946/263/770 
f 947/266/771 949/268/773 950/267/774 948/265/772 
f 949/268/773 951/270/775 952/269/776 950/267/774 
f 951/270/775 953/272/777 954/271/778 952/269/776 
f 953/272/777 955/274/779 956/273/780 954/271/778 
f 955/274/779 957/276/781 958/275/225 956/273/780 
f 957/276/781 959/278/742 960/277/225 958/275/225 
f 959/278/742 919/235/743 918/236/742 960/277/225 
f 961/281/782 962/280/783 963/279/784 964/282/785 
f 964/282/785 963/279/784 965/283/786 966/284/787 
f 966/284/787 965/283/786 967/285/788 968/286/789 
f 968/286/789 967/285/788 969/287/790 970/288/791 
f 970/288/791 969/287/790 971/289/792 972/290/793 
f 972/290/793 971/289/792 973/291/794 974/292/795 
f 974/292/795 973/291/794 975/293/796 976/294/797 
f 976/294/797 975/293/796 918/236/742 917/237/741 
f 977/297/798 978/296/799 979/295/800 980/298/801 
f 978/296/799 977/297/798 981/299/802 982/300/803 
f 983/302/804 984/301/805 982/300/803 981/299/802 
f 984/301/805 983/302/804 985/303/806 986/304/807 
f 987/306/808 988/305/809 986/304/807 985/303/806 
f 988/305/809 987/306/808 989/307/810 990/308/811 
f 991/310/812 992/309/813 990/308/811 989/307/810 
f 992/309/813 991/310/812 920/238/744 919/235/743 
f 993/20/814 994/312/815 995/311/816 996/313/817 
f 996/313/817 995/311/816 997/314/818 998/315/819 
f 998/315/819 997/314/818 999/316/820 1000/317/821 
f 1000/317/821 999/316/820 1001/318/822 1002/319/823 
f 1002/319/823 1001/318/822 1003/320/824 1004/321/825 
f 1004/321/825 1003/320/824 1005/322/826 1006/323/827 
f 1006/323/827 1005/322/826 1007/324/828 1008/325/829 
f 1008/325/829 1007/324/828 922/240/746 921/241/745 
f 1009/328/830 1010/327/831 1011/326/832 1012/17/833 
f 1010/327/831 1009/328/830 1013/329/834 1014/330/835 
f 1015/332/836 1016/331/837 1014/330/835 1013/329/834 
f 1016/331/837 1015/332/836 1017/333/838 1018/334/839 
f 1019/336/840 1020/335/841 1018/334/839 1017/333/838 
f 1020/335/841 1019/336/840 1021/337/842 1022/338/843 
f 1023/340/844 1024/339/845 1022/338/843 1021/337/842 
f 1024/339/845 1023/340/844 924/242/748 923/239/747 
f 994/312/815 1025/342/846 1026/341/847 995/311/816 
f 995/311/816 1026/341/847 1027/343/848 997/314/818 
f 997/314/818 1027/343/848 1028/344/849 999/316/820 
f 999/316/820 1028/344/849 1029/345/850 1001/318/822 
f 1001/318/822 1029/345/850 1030/346/851 1003/320/824 
f 1003/320/824 1030/346/851 1031/347/852 1005/322/826 
f 1005/322/826 1031/347/852 1032/348/853 1007/324/828 
f 1007/324/828 1032/348/853 925/244/749 922/240/746 
f 1010/327/831 1033/350/854 1034/349/855 1011/326/832 
f 1033/350/854 1010/327/831 1014/330/835 1035/351/856 
f 1016/331/837 1036/352/857 1035/351/856 1014/330/835 
f 1036/352/857 1016/331/837 1018/334/839 1037/353/858 
f 1020/335/841 1038/354/859 1037/353/858 1018/334/839 
f 1038/354/859 1020/335/841 1022/338/843 1039/355/860 
f 1024/339/845 1040/356/861 1039/355/860 1022/338/843 
f 1040/356/861 1024/339/845 923/239/747 926/243/750 
f 1025/342/846 1041/358/862 1042/357/863 1026/341/847 
f 1026/341/847 1042/357/863 1043/359/864 1027/343/848 
f 1027/343/848 1043/359/864 1044/360/865 1028/344/849 
f 1028/344/849 1044/360/865 1045/361/866 1029/345/850 
f 1029/345/850 1045/361/866 1046/362/867 1030/346/851 
f 1030/346/851 1046/362/867 1047/363/868 1031/347/852 
f 1031/347/852 1047/363/868 1048/364/869 1032/348/853 
f 1032/348/853 1048/364/869 927/246/751 925/244/749 
f 1033/350/854 1049/366/870 1050/365/871 1034/349/855 
f 1049/366/870 1033/350/854 1035/351/856 1051/367/872 
f 1036/352/857 1052/368/151 1051/367/872 1035/351/856 
f 1052/368/151 1036/352/857 1037/353/858 1053/369/873 
f 1038/354/859 1054/370/874 1053/369/873 1037/353/858 
f 1054/370/874 1038/354/859 1039/355/860 1055/371/875 
f 1040/356/861 1056/372/876 1055/371/875 1039/355/860 
f 1056/372/876 1040/356/861 926/243/750 928/245/752 
f 1041/358/862 1057/374/877 1058/373/878 1042/357/863 
f 1042/357/863 1058/373/878 1059/375/879 1043/359/864 
f 1043/359/864 1059/375/879 1060/376/880 1044/360/865 
f 1044/360/865 1060/376/880 1061/377/881 1045/361/866 
f 1045/361/866 1061/377/881 1062/378/882 1046/362/867 
f 1046/362/867 1062/378/882 1063/379/883 1047/363/868 
f 1047/363/868 1063/379/883 1064/380/884 1048/364/869 
f 1048/364/869 1064/380/884 929/248/753 927/246/751 
f 1049/366/870 1065/382/885 1066/381/886 1050/365/871 
f 1065/382/885 1049/366/870 1051/367/872 1067/383/887 
f 1052/368/151 1068/384/225 1067/383/887 1051/367/872 
f 1068/384/225 1052/368/151 1053/369/873 1069/385/888 
f 1054/370/874 1070/386/889 1069/385/888 1053/369/873 
f 1070/386/889 1054/370/874 1055/371/875 1071/387/890 
f 1056/372/876 1072/388/891 1071/387/890 1055/371/875 
f 1072/388/891 1056/372/876 928/245/752 930/247/754 
f 1057/374/877 1073/390/892 1074/389/893 1058/373/878 
f 1058/373/878 1074/389/893 1075/391/894 1059/375/879 
f 1059/375/879 1075/391/894 1076/392/895 1060/376/880 
f 1060/376/880 1076/392/895 1077/393/896 1061/377/881 
f 1061/377/881 1077/393/896 1078/394/897 1062/378/882 
f 1062/378/882 1078/394/897 1079/395/898 1063/379/883 
f 1063/379/883 1079/395/898 1080/396/899 1064/380/884 
f 1064/380/884 1080/396/899 931/250/755 929/248/753 
f 1065/382/885 1081/398/900 1082/397/901 1066/381/886 
f 1081/398/900 1065/382/885 1067/383/887 1083/399/887 
f 1068/384/225 1084/400/902 1083/399/887 1067/383/887 
f 1084/400/902 1068/384/225 1069/385/888 1085/401/903 
f 1070/386/889 1086/402/904 1085/401/903 1069/385/888 
f 1086/402/904 1070/386/889 1071/387/890 1087/403/905 
f 1072/388/891 1088/404/906 1087/403/905 1071/387/890 
f 1088/404/906 1072/388/891 930/247/754 932/249/756 
f 1073/390/892 1089/406/907 1090/405/908 1074/389/893 
f 1074/389/893 1090/405/908 1091/407/909 1075/391/894 
f 1075/391/894 1091/407/909 1092/408/910 1076/392/895 
f 1076/392/895 1092/408/910 1093/409/911 1077/393/896 
f 1077/393/896 1093/409/911 1094/410/912 1078/394/897 
f 1078/394/897 1094/410/912 1095/411/913 1079/395/898 
f 1079/395/898 1095/411/913 1096/412/914 1080/396/899 
f 1080/396/899 1096/412/914 933/252/757 931/250/755 
f 1081/398/900 1097/414/915 1098/413/916 1082/397/901 
f 1097/414/915 1081/398/900 1083/399/887 1099/415/917 
f 1084/400/902 1100/416/918 1099/415/917 1083/399/887 
f 1100/416/918 1084/400/902 1085/401/903 1101/417/919 
f 1086/402/904 1102/418/920 1101/417/919 1085/401/903 
f 1102/418/920 1086/402/904 1087/403/905 1103/419/921 
f 1088/404/906 1104/420/922 1103/419/921 1087/403/905 
f 1104/420/922 1088/404/906 932/249/756 934/251/758 
f 1089/406/907 1105/422/923 1106/421/924 1090/405/908 
f 1090/405/908 1106/421/924 1107/423/925 1091/407/909 
f 1091/407/909 1107/423/925 1108/424/926 1092/408/910 
f 1092/408/910 1108/424/926 1109/425/927 1093/409/911 
f 1093/409/911 1109/425/927 1110/426/928 1094/410/912 
f 1094/410/912 1110/426/928 1111/427/929 1095/411/913 
f 1095/411/913 1111/427/929 1112/428/930 1096/412/914 
f 1096/412/914 1112/428/930 935/254/759 933/252/757 
f 1097/414/915 1113/430/931 1114/429/932 1098/413/916 
f 1113/430/931 1097/414/915 1099/415/917 1115/431/933 
f 1100/416/918 1116/432/934 1115/431/933 1099/415/917 
f 1116/432/934 1100/416/918 1101/417/919 1117/433/935 
f 1102/418/920 1118/434/936 1117/433/935 1101/417/919 
f 1118/434/936 1102/418/920 1103/419/921 1119/435/937 
f 1104/420/922 1120/436/938 1119/435/937 1103/419/921 
f 1120/436/938 1104/420/922 934/251/758 936/253/760 
f 1105/422/923 1121/438/939 1122/437/940 1106/421/924 
f 1106/421/924 1122/437/940 1123/439/941 1107/423/925 
f 1107/423/925 1123/439/941 1124/440/942 1108/424/926 
f 1108/424/926 1124/440/942 1125/441/943 1109/425/927 
f 1109/425/927 1125/441/943 1126/442/944 1110/426/928 
f 1110/426/928 1126/442/944 1127/443/945 1111/427/929 
f 1111/427/929 1127/443/945 1128/444/946 1112/428/930 
f 1112/428/930 1128/444/946 937/256/761 935/254/759 
f 1113/430/931 1129/446/947 1130/445/948 1114/429/932 
f 1129/446/947 1113/430/931 1115/431/933 1131/447/949 
f 1116/432/934 1132/448/950 1131/447/949 1115/431/933 
f 1132/448/950 1116/432/934 1117/433/935 1133/449/951 
f 1118/434/936 1134/450/952 1133/449/951 1117/433/935 
f 1134/450/952 1118/434/936 1119/435/937 1135/451/953 
f 1120/436/938 1136/452/954 1135/451/953 1119/435/937 
f 1136/452/954 1120/436/938 936/253/760 938/255/762 
f 1121/438/939 1137/454/955 1138/453/956 1122/437/940 
f 1122/437/940 1138/453/956 1139/455/957 1123/439/941 
f 1123/439/941 1139/455/957 1140/456/958 1124/440/942 
f 1124/440/942 1140/456/958 1141/457/959 1125/441/943 
f 1125/441/943 1141/457/959 1142/458/960 1126/442/944 
f 1126/442/944 1142/458/960 1143/459/961 1127/443/945 
f 1127/443/945 1143/459/961 1144/460/962 1128/444/946 
f 1128/444/946 1144/460/962 939/258/763 937/256/761 
f 1129/446/947 1145/462/963 1146/461/964 1130/445/948 
f 1145/462/963 1129/446/947 1131/447/949 1147/463/965 
f 1132/448/950 1148/464/859 1147/463/965 1131/447/949 
f 1148/464/859 1132/448/950 1133/449/951 1149/465/966 
f 1134/450/952 1150/466/967 1149/465/966 1133/449/951 
f 1150/466/967 1134/450/952 1135/451/953 1151/467/968 
f 1136/452/954 1152/468/969 1151/467/968 1135/451/953 
f 1152/468/969 1136/452/954 938/255/762 940/257/764 
f 1137/454/955 961/281/782 964/282/785 1138/453/956 
f 1138/453/956 964/282/785 966/284/787 1139/455/957 
f 1139/455/957 966/284/787 968/286/789 1140/456/958 
f 1140/456/958 968/286/789 970/288/791 1141/457/959 
f 1141/457/959 970/288/791 972/290/793 1142/458/960 
f 1142/458/960 972/290/793 974/292/795 1143/459/961 
f 1143/459/961 974/292/795 976/294/797 1144/460/962 
f 1144/460/962 976/294/797 917/237/741 939/258/763 
f 1145/462/963 977/297/798 980/298/801 1146/461/964 
f 977/297/798 1145/462/963 1147/463/965 981/299/802 
f 1148/464/859 983/302/804 981/299/802 1147/463/965 
f 983/302/804 1148/464/859 1149/465/966 985/303/806 
f 1150/466/967 987/306/808 985/303/806 1149/465/966 
f 987/306/808 1150/466/967 1151/467/968 989/307/810 
f 1152/468/969 991/310/812 989/307/810 1151/467/968 
f 991/310/812 1152/468/969 940/257/764 920/238/744 
f 1153/14/970 1154/470/971 1155/469/972 1156/471/973 
f 1156/471/973 1155/469/972 1157/472/974 1158/473/975 
f 1158/473/975 1157/472/974 1159/474/976 1160/475/977 
f 1160/475/977 1159/474/976 1161/476/978 1162/477/979 
f 1162/477/979 1161/476/978 1163/478/980 1164/479/981 
f 1164/479/981 1163/478/980 1165/480/982 1166/481/983 
f 1166/481/983 1165/480/982 1167/482/984 1168/483/985 
f 1168/483/985 1167/482/984 942/260/766 941/261/765 
f 1169/486/986 1170/485/987 1171/484/988 1172/23/989 
f 1170/485/987 1169/486/986 1173/487/990 1174/488/991 
f 1175/490/992 1176/489/993 1174/488/991 1173/487/990 
f 1176/489/993 1175/490/992 1177/491/994 1178/492/995 
f 1179/494/996 1180/493/997 1178/492/995 1177/491/994 
f 1180/493/997 1179/494/996 1181/495/998 1182/496/999 
f 1183/498/1000 1184/497/1001 1182/496/999 1181/495/998 
f 1184/497/1001 1183/498/1000 944/262/768 943/259/767 
f 1154/470/971 1185/500/1002 1186/499/1003 1155/469/972 
f 1155/469/972 1186/499/1003 1187/501/1004 1157/472/974 
f 1157/472/974 1187/501/1004 1188/502/1005 1159/474/976 
f 1159/474/976 1188/502/1005 1189/503/1006 1161/476/978 
f 1161/476/978 1189/503/1006 1190/504/1007 1163/478/980 
f 1163/478/980 1190/504/1007 1191/505/1008 1165/480/982 
f 1165/480/982 1191/505/1008 1192/506/1009 1167/482/984 
f 1167/482/984 1192/506/1009 945/264/769 942/260/766 
f 1170/485/987 1193/508/1010 1194/507/1011 1171/484/988 
f 1193/508/1010 1170/485/987 1174/488/991 1195/509/1012 
f 1176/489/993 1196/510/1013 1195/509/1012 1174/488/991 
f 1196/510/1013 1176/489/993 1178/492/995 1197/511/1014 
f 1180/493/997 1198/512/1015 1197/511/1014 1178/492/995 
f 1198/512/1015 1180/493/997 1182/496/999 1199/513/1016 
f 1184/497/1001 1200/514/1017 1199/513/1016 1182/496/999 
f 1200/514/1017 1184/497/1001 943/259/767 946/263/770 
f 1185/500/1002 1201/516/1018 1202/515/1019 1186/499/1003 
f 1186/499/1003 1202/515/1019 1203/517/1020 1187/501/1004 
f 1187/501/1004 1203/517/1020 1204/518/1021 1188/502/1005 
f 1188/502/1005 1204/518/1021 1205/519/1022 1189/503/1006 
f 1189/503/1006 1205/519/1022 1206/520/1023 1190/504/1007 
f 1190/504/1007 1206/520/1023 1207/521/1024 1191/505/1008 
f 1191/505/1008 1207/521/1024 1208/522/1025 1192/506/1009 
f 1192/506/1009 1208/522/1025 947/266/771 945/264/769 
f 1193/508/1010 1209/524/1026 1210/523/1027 1194/507/1011 
f 1209/524/1026 1193/508/1010 1195/509/1012 1211/525/1028 
f 1196/510/1013 1212/526/1029 1211/525/1028 1195/509/1012 
f 1212/526/1029 1196/510/1013 1197/511/1014 1213/527/1030 
f 1198/512/1015 1214/528/1031 1213/527/1030 1197/511/1014 
f 1214/528/1031 1198/512/1015 1199/513/1016 1215/529/1032 
f 1200/514/1017 1216/530/1033 1215/529/1032 1199/513/1016 
f 1216/530/1033 1200/514/1017 946/263/770 948/265/772 
f 1201/516/1018 1217/532/1034 1218/531/1035 1202/515/1019 
f 1202/515/1019 1218/531/1035 1219/533/1036 1203/517/1020 
f 1203/517/1020 1219/533/1036 1220/534/1037 1204/518/1021 
f 1204/518/1021 1220/534/1037 1221/535/1038 1205/519/1022 
f 1205/519/1022 1221/535/1038 1222/536/1039 1206/520/1023 
f 1206/520/1023 1222/536/1039 1223/537/1040 1207/521/1024 
f 1207/521/1024 1223/537/1040 1224/538/1041 1208/522/1025 
f 1208/522/1025 1224/538/1041 949/268/773 947/266/771 
f 1209/524/1026 1225/540/1042 1226/539/1043 1210/523/1027 
f 1225/540/1042 1209/524/1026 1211/525/1028 1227/541/1044 
f 1212/526/1029 1228/542/1045 1227/541/1044 1211/525/1028 
f 1228/542/1045 1212/526/1029 1213/527/1030 1229/543/1046 
f 1214/528/1031 1230/544/1047 1229/543/1046 1213/527/1030 
f 1230/544/1047 1214/528/1031 1215/529/1032 1231/545/1048 
f 1216/530/1033 1232/546/1049 1231/545/1048 1215/529/1032 
f 1232/546/1049 1216/530/1033 948/265/772 950/267/774 
f 1217/532/1034 1233/548/1050 1234/547/1051 1218/531/1035 
f 1218/531/1035 1234/547/1051 1235/549/1052 1219/533/1036 
f 1219/533/1036 1235/549/1052 1236/550/1053 1220/534/1037 
f 1220/534/1037 1236/550/1053 1237/551/1054 1221/535/1038 
f 1221/535/1038 1237/551/1054 1238/552/1055 1222/536/1039 
f 1222/536/1039 1238/552/1055 1239/553/1056 1223/537/1040 
f 1223/537/1040 1239/553/1056 1240/554/1057 1224/538/1041 
f 1224/538/1041 1240/554/1057 951/270/775 949/268/773 
f 1225/540/1042 1241/556/1058 1242/555/1059 1226/539/1043 
f 1241/556/1058 1225/540/1042 1227/541/1044 1243/557/1060 
f 1228/542/1045 1244/558/926 1243/557/1060 1227/541/1044 
f 1244/558/926 1228/542/1045 1229/543/1046 1245/559/1061 
f 1230/544/1047 1246/560/1062 1245/559/1061 1229/543/1046 
f 1246/560/1062 1230/544/1047 1231/545/1048 1247/561/1063 
f 1232/546/1049 1248/562/1064 1247/561/1063 1231/545/1048 
f 1248/562/1064 1232/546/1049 950/267/774 952/269/776 
f 1233/548/1050 1249/564/1065 1250/563/1066 1234/547/1051 
f 1234/547/1051 1250/563/1066 1251/565/1067 1235/549/1052 
f 1235/549/1052 1251/565/1067 1252/566/1068 1236/550/1053 
f 1236/550/1053 1252/566/1068 1253/567/1069 1237/551/1054 
f 1237/551/1054 1253/567/1069 1254/568/1070 1238/552/1055 
f 1238/552/1055 1254/568/1070 1255/569/1071 1239/553/1056 
f 1239/553/1056 1255/569/1071 1256/570/1072 1240/554/1057 
f 1240/554/1057 1256/570/1072 953/272/777 951/270/775 
f 1241/556/1058 1257/572/1073 1258/571/1074 1242/555/1059 
f 1257/572/1073 1241/556/1058 1243/557/1060 1259/573/1075 
f 1244/558/926 1260/574/1076 1259/573/1075 1243/557/1060 
f 1260/574/1076 1244/558/926 1245/559/1061 1261/575/1077 
f 1246/560/1062 1262/576/1078 1261/575/1077 1245/559/1061 
f 1262/576/1078 1246/560/1062 1247/561/1063 1263/577/1079 
f 1248/562/1064 1264/578/1080 1263/577/1079 1247/561/1063 
f 1264/578/1080 1248/562/1064 952/269/776 954/271/778 
f 1249/564/1065 1265/580/1081 1266/579/1082 1250/563/1066 
f 1250/563/1066 1266/579/1082 1267/581/1083 1251/565/1067 
f 1251/565/1067 1267/581/1083 1268/582/1084 1252/566/1068 
f 1252/566/1068 1268/582/1084 1269/583/1085 1253/567/1069 
f 1253/567/1069 1269/583/1085 1270/584/1086 1254/568/1070 
f 1254/568/1070 1270/584/1086 1271/585/1087 1255/569/1071 
f 1255/569/1071 1271/585/1087 1272/586/1088 1256/570/1072 
f 1256/570/1072 1272/586/1088 955/274/779 953/272/777 
f 1257/572/1073 1273/588/1089 1274/587/1090 1258/571/1074 
f 1273/588/1089 1257/572/1073 1259/573/1075 1275/589/1091 
f 1260/574/1076 1276/590/1092 1275/589/1091 1259/573/1075 
f 1276/590/1092 1260/574/1076 1261/575/1077 1277/591/1093 
f 1262/576/1078 1278/592/1094 1277/591/1093 1261/575/1077 
f 1278/592/1094 1262/576/1078 1263/577/1079 1279/593/1095 
f 1264/578/1080 1280/594/1096 1279/593/1095 1263/577/1079 
f 1280/594/1096 1264/578/1080 954/271/778 956/273/780 
f 1265/580/1081 1281/596/1097 1282/595/1098 1266/579/1082 
f 1266/579/1082 1282/595/1098 1283/597/1099 1267/581/1083 
f 1267/581/1083 1283/597/1099 1284/598/1100 1268/582/1084 
f 1268/582/1084 1284/598/1100 1285/599/1101 1269/583/1085 
f 1269/583/1085 1285/599/1101 1286/600/1102 1270/584/1086 
f 1270/584/1086 1286/600/1102 1287/601/1103 1271/585/1087 
f 1271/585/1087 1287/601/1103 1288/602/1104 1272/586/1088 
f 1272/586/1088 1288/602/1104 957/276/781 955/274/779 
f 1273/588/1089 1289/604/1105 1290/603/1106 1274/587/1090 
f 1289/604/1105 1273/588/1089 1275/589/1091 1291/605/1107 
f 1276/590/1092 1292/606/1108 1291/605/1107 1275/589/1091 
f 1292/606/1108 1276/590/1092 1277/591/1093 1293/607/1109 
f 1278/592/1094 1294/608/1110 1293/607/1109 1277/591/1093 
f 1294/608/1110 1278/592/1094 1279/593/1095 1295/609/1111 
f 1280/594/1096 1296/610/1112 1295/609/1111 1279/593/1095 
f 1296/610/1112 1280/594/1096 956/273/780 958/275/225 
f 1281/596/1097 1297/612/1113 1298/611/1114 1282/595/1098 
f 1282/595/1098 1298/611/1114 1299/613/1115 1283/597/1099 
f 1283/597/1099 1299/613/1115 1300/614/873 1284/598/1100 
f 1284/598/1100 1300/614/873 1301/615/1116 1285/599/1101 
f 1285/599/1101 1301/615/1116 1302/616/1117 1286/600/1102 
f 1286/600/1102 1302/616/1117 1303/617/1118 1287/601/1103 
f 1287/601/1103 1303/617/1118 1304/618/1119 1288/602/1104 
f 1288/602/1104 1304/618/1119 959/278/742 957/276/781 
f 1289/604/1105 1305/620/1120 1306/619/1121 1290/603/1106 
f 1305/620/1120 1289/604/1105 1291/605/1107 1307/621/1122 
f 1292/606/1108 1308/622/1123 1307/621/1122 1291/605/1107 
f 1308/622/1123 1292/606/1108 1293/607/1109 1309/623/1124 
f 1294/608/1110 1310/624/1125 1309/623/1124 1293/607/1109 
f 1310/624/1125 1294/608/1110 1295/609/1111 1311/625/1126 
f 1296/610/1112 1312/626/873 1311/625/1126 1295/609/1111 
f 1312/626/873 1296/610/1112 958/275/225 960/277/225 
f 1297/612/1113 979/295/800 978/296/799 1298/611/1114 
f 1298/611/1114 978/296/799 982/300/803 1299/613/1115 
f 1299/613/1115 982/300/803 984/301/805 1300/614/873 
f 1300/614/873 984/301/805 986/304/807 1301/615/1116 
f 1301/615/1116 986/304/807 988/305/809 1302/616/1117 
f 1302/616/1117 988/305/809 990/308/811 1303/617/1118 
f 1303/617/1118 990/308/811 992/309/813 1304/618/1119 
f 1304/618/1119 992/309/813 919/235/743 959/278/742 
f 1305/620/1120 963/279/784 962/280/783 1306/619/1121 
f 963/279/784 1305/620/1120 1307/621/1122 965/283/786 
f 1308/622/1123 967/285/788 965/283/786 1307/621/1122 
f 967/285/788 1308/622/1123 1309/623/1124 969/287/790 
f 1310/624/1125 971/289/792 969/287/790 1309/623/1124 
f 971/289/792 1310/624/1125 1311/625/1126 973/291/794 
f 1312/626/873 975/293/796 973/291/794 1311/625/1126 
f 975/293/796 1312/626/873 960/277/225 918/236/742 
s 1
f 528/242/403 527/241/402 921/241/745 924/242/748 
f 548/262/423 547/261/422 941/261/765 944/262/768 
s 4
f 567/281/439 566/280/438 962/280/783 961/281/782 
f 581/295/451 584/298/454 980/298/801 979/295/800 
f 599/20/466 598/312/465 994/312/815 993/20/814 
s 1
f 600/313/467 599/20/466 993/20/814 996/313/817 
f 602/315/469 600/313/467 996/313/817 998/315/819 
f 604/317/471 602/315/469 998/315/819 1000/317/821 
f 606/319/473 604/317/471 1000/317/821 1002/319/823 
f 608/321/475 606/319/473 1002/319/823 1004/321/825 
f 610/323/477 608/321/475 1004/321/825 1006/323/827 
f 612/325/479 610/323/477 1006/323/827 1008/325/829 
f 527/241/402 612/325/479 1008/325/829 921/241/745 
f 616/17/483 615/328/482 1009/328/830 1012/17/833 
s 4
f 613/326/480 616/17/483 1012/17/833 1011/326/832 
s 1
f 615/328/482 617/329/484 1013/329/834 1009/328/830 
f 617/329/484 620/332/487 1015/332/836 1013/329/834 
f 620/332/487 621/333/488 1017/333/838 1015/332/836 
f 621/333/488 624/336/491 1019/336/840 1017/333/838 
f 624/336/491 625/337/492 1021/337/842 1019/336/840 
f 625/337/492 628/340/495 1023/340/844 1021/337/842 
f 628/340/495 528/242/403 924/242/748 1023/340/844 
s 4
f 598/312/465 630/342/497 1025/342/846 994/312/815 
f 637/349/500 613/326/480 1011/326/832 1034/349/855 
f 630/342/497 646/358/505 1041/358/862 1025/342/846 
f 653/365/509 637/349/500 1034/349/855 1050/365/871 
f 646/358/505 662/374/514 1057/374/877 1041/358/862 
f 669/381/520 653/365/509 1050/365/871 1066/381/886 
f 662/374/514 678/390/526 1073/390/892 1057/374/877 
f 685/397/533 669/381/520 1066/381/886 1082/397/901 
f 678/390/526 694/406/540 1089/406/907 1073/390/892 
f 701/413/546 685/397/533 1082/397/901 1098/413/916 
f 694/406/540 710/422/554 1105/422/923 1089/406/907 
f 717/429/558 701/413/546 1098/413/916 1114/429/932 
f 710/422/554 726/438/566 1121/438/939 1105/422/923 
f 733/445/571 717/429/558 1114/429/932 1130/445/948 
f 726/438/566 742/454/579 1137/454/955 1121/438/939 
f 749/461/585 733/445/571 1130/445/948 1146/461/964 
f 742/454/579 567/281/439 961/281/782 1137/454/955 
f 584/298/454 749/461/585 1146/461/964 980/298/801 
s 1
f 759/14/595 758/470/594 1154/470/971 1153/14/970 
f 760/471/596 759/14/595 1153/14/970 1156/471/973 
f 762/473/598 760/471/596 1156/471/973 1158/473/975 
f 764/475/600 762/473/598 1158/473/975 1160/475/977 
f 766/477/602 764/475/600 1160/475/977 1162/477/979 
f 768/479/604 766/477/602 1162/477/979 1164/479/981 
f 770/481/606 768/479/604 1164/479/981 1166/481/983 
f 772/483/608 770/481/606 1166/481/983 1168/483/985 
f 547/261/422 772/483/608 1168/483/985 941/261/765 
f 776/23/612 775/486/611 1169/486/986 1172/23/989 
s 4
f 773/484/609 776/23/612 1172/23/989 1171/484/988 
s 1
f 775/486/611 777/487/613 1173/487/990 1169/486/986 
f 777/487/613 780/490/616 1175/490/992 1173/487/990 
f 780/490/616 781/491/617 1177/491/994 1175/490/992 
f 781/491/617 784/494/620 1179/494/996 1177/491/994 
f 784/494/620 785/495/621 1181/495/998 1179/494/996 
f 785/495/621 788/498/624 1183/498/1000 1181/495/998 
f 788/498/624 548/262/423 944/262/768 1183/498/1000 
s 4
f 758/470/594 790/500/626 1185/500/1002 1154/470/971 
f 797/507/633 773/484/609 1171/484/988 1194/507/1011 
f 790/500/626 806/516/642 1201/516/1018 1185/500/1002 
f 813/523/649 797/507/633 1194/507/1011 1210/523/1027 
f 806/516/642 822/532/658 1217/532/1034 1201/516/1018 
f 829/539/665 813/523/649 1210/523/1027 1226/539/1043 
f 822/532/658 838/548/673 1233/548/1050 1217/532/1034 
f 845/555/680 829/539/665 1226/539/1043 1242/555/1059 
f 838/548/673 854/564/687 1249/564/1065 1233/548/1050 
f 861/571/694 845/555/680 1242/555/1059 1258/571/1074 
f 854/564/687 870/580/701 1265/580/1081 1249/564/1065 
f 877/587/708 861/571/694 1258/571/1074 1274/587/1090 
f 870/580/701 886/596/717 1281/596/1097 1265/580/1081 
f 893/603/723 877/587/708 1274/587/1090 1290/603/1106 
f 886/596/717 902/612/731 1297/612/1113 1281/596/1097 
f 909/619/736 893/603/723 1290/603/1106 1306/619/1121 
f 902/612/731 581/295/451 979/295/800 1297/612/1113 
f 566/280/438 909/619/736 1306/619/1121 962/280/783 
s 2
f 1313/14/1127 1314/627/1128 1315/628/1129 1316/629/1130 
f 1316/629/1130 1315/628/1129 1317/630/1131 1318/631/1132 
f 1318/631/1132 1317/630/1131 1319/632/1133 1320/633/1134 
f 1320/633/1134 1319/632/1133 1321/634/1135 1322/635/1136 
f 1322/635/1136 1321/634/1135 1323/636/1137 1324/637/1138 
f 1324/637/1138 1323/636/1137 1325/638/1139 1326/639/1140 
f 1326/639/1140 1325/638/1139 1327/640/1141 1328/641/1142 
f 1328/641/1142 1327/640/1141 1329/642/1143 1330/643/1144 
f 1330/643/1144 1329/642/1143 1331/644/1145 1332/645/1146 
f 1332/645/1146 1331/644/1145 1333/646/1147 1334/647/1148 
f 1334/647/1148 1333/646/1147 1335/648/1149 1336/649/1150 
f 1336/649/1150 1335/648/1149 1337/650/1151 1338/651/1152 
f 1338/651/1152 1337/650/1151 1339/652/1153 1340/653/1154 
f 1340/653/1154 1339/652/1153 1341/654/1155 1342/655/1156 
f 1342/655/1156 1341/654/1155 1343/656/1157 1344/657/1158 
f 1344/657/1158 1343/656/1157 1345/658/1159 1346/659/1160 
f 1346/659/1160 1345/658/1159 1347/660/1161 1348/661/1162 
f 1348/661/1162 1347/660/1161 1349/662/1163 1350/663/1164 
f 1350/663/1164 1349/662/1163 1351/664/1165 1352/665/1166 
f 1352/665/1166 1351/664/1165 1353/666/1167 1354/667/1168 
f 1314/627/1128 1355/668/1169 1356/669/1170 1315/628/1129 
f 1315/628/1129 1356/669/1170 1357/670/1171 1317/630/1131 
f 1317/630/1131 1357/670/1171 1358/671/1172 1319/632/1133 
f 1319/632/1133 1358/671/1172 1359/672/1173 1321/634/1135 
f 1321/634/1135 1359/672/1173 1360/673/1174 1323/636/1137 
f 1323/636/1137 1360/673/1174 1361/674/1175 1325/638/1139 
f 1325/638/1139 1361/674/1175 1362/675/1176 1327/640/1141 
f 1327/640/1141 1362/675/1176 1363/676/1177 1329/642/1143 
f 1329/642/1143 1363/676/1177 1364/677/1178 1331/644/1145 
f 1331/644/1145 1364/677/1178 1365/678/1179 1333/646/1147 
f 1333/646/1147 1365/678/1179 1366/679/1180 1335/648/1149 
f 1335/648/1149 1366/679/1180 1367/680/1181 1337/650/1151 
f 1337/650/1151 1367/680/1181 1368/681/1182 1339/652/1153 
f 1339/652/1153 1368/681/1182 1369/682/1183 1341/654/1155 
f 1341/654/1155 1369/682/1183 1370/683/1184 1343/656/1157 
f 1343/656/1157 1370/683/1184 1371/684/1185 1345/658/1159 
f 1345/658/1159 1371/684/1185 1372/685/1186 1347/660/1161 
f 1347/660/1161 1372/685/1186 1373/686/1187 1349/662/1163 
f 1349/662/1163 1373/686/1187 1374/687/1188 1351/664/1165 
f 1351/664/1165 1374/687/1188 1375/688/1189 1353/666/1167 
f 1355/668/1169 1376/689/1190 1377/690/1191 1356/669/1170 
f 1356/669/1170 1377/690/1191 1378/691/1192 1357/670/1171 
f 1357/670/1171 1378/691/1192 1379/692/1193 1358/671/1172 
f 1358/671/1172 1379/692/1193 1380/693/1194 1359/672/1173 
f 1359/672/1173 1380/693/1194 1381/694/1195 1360/673/1174 
f 1360/673/1174 1381/694/1195 1382/695/1196 1361/674/1175 
f 1361/674/1175 1382/695/1196 1383/696/1197 1362/675/1176 
f 1362/675/1176 1383/696/1197 1384/697/1198 1363/676/1177 
f 1363/676/1177 1384/697/1198 1385/698/1199 1364/677/1178 
f 1364/677/1178 1385/698/1199 1386/699/1200 1365/678/1179 
f 1365/678/1179 1386/699/1200 1387/700/1201 1366/679/1180 
f 1366/679/1180 1387/700/1201 1388/701/1202 1367/680/1181 
f 1367/680/1181 1388/701/1202 1389/702/1203 1368/681/1182 
f 1368/681/1182 1389/702/1203 1390/703/1204 1369/682/1183 
f 1369/682/1183 1390/703/1204 1391/704/1205 1370/683/1184 
f 1370/683/1184 1391/704/1205 1392/705/1206 1371/684/1185 
f 1371/684/1185 1392/705/1206 1393/706/1207 1372/685/1186 
f 1372/685/1186 1393/706/1207 1394/707/1208 1373/686/1187 
f 1373/686/1187 1394/707/1208 1395/708/1209 1374/687/1188 
f 1374/687/1188 1395/708/1209 1396/709/1210 1375/688/1189 
f 1376/689/1190 1397/580/1211 1398/710/1212 1377/690/1191 
f 1377/690/1191 1398/710/1212 1399/711/1213 1378/691/1192 
f 1378/691/1192 1399/711/1213 1400/712/1214 1379/692/1193 
f 1379/692/1193 1400/712/1214 1401/713/1215 1380/693/1194 
f 1380/693/1194 1401/713/1215 1402/714/1216 1381/694/1195 
f 1381/694/1195 1402/714/1216 1403/715/1217 1382/695/1196 
f 1382/695/1196 1403/715/1217 1404/716/1218 1383/696/1197 
f 1383/696/1197 1404/716/1218 1405/717/1219 1384/697/1198 
f 1384/697/1198 1405/717/1219 1406/718/1220 1385/698/1199 
f 1385/698/1199 1406/718/1220 1407/719/1221 1386/699/1200 
f 1386/699/1200 1407/719/1221 1408/720/1222 1387/700/1201 
f 1387/700/1201 1408/720/1222 1409/721/1223 1388/701/1202 
f 1388/701/1202 1409/721/1223 1410/722/1224 1389/702/1203 
f 1389/702/1203 1410/722/1224 1411/723/1225 1390/703/1204 
f 1390/703/1204 1411/723/1225 1412/724/1226 1391/704/1205 
f 1391/704/1205 1412/724/1226 1413/725/1227 1392/705/1206 
f 1392/705/1206 1413/725/1227 1414/726/1228 1393/706/1207 
f 1393/706/1207 1414/726/1228 1415/727/1229 1394/707/1208 
f 1394/707/1208 1415/727/1229 1416/728/1230 1395/708/1209 
f 1395/708/1209 1416/728/1230 1417/729/1231 1396/709/1210 
f 1397/580/1211 1418/730/1232 1419/731/1233 1398/710/1212 
f 1398/710/1212 1419/731/1233 1420/732/1234 1399/711/1213 
f 1399/711/1213 1420/732/1234 1421/733/1235 1400/712/1214 
f 1400/712/1214 1421/733/1235 1422/734/1236 1401/713/1215 
f 1401/713/1215 1422/734/1236 1423/735/1237 1402/714/1216 
f 1402/714/1216 1423/735/1237 1424/736/1238 1403/715/1217 
f 1403/715/1217 1424/736/1238 1425/737/1239 1404/716/1218 
f 1404/716/1218 1425/737/1239 1426/738/1240 1405/717/1219 
f 1405/717/1219 1426/738/1240 1427/739/1241 1406/718/1220 
f 1406/718/1220 1427/739/1241 1428/740/1242 1407/719/1221 
f 1407/719/1221 1428/740/1242 1429/741/1243 1408/720/1222 
f 1408/720/1222 1429/741/1243 1430/742/1244 1409/721/1223 
f 1409/721/1223 1430/742/1244 1431/743/1245 1410/722/1224 
f 1410/722/1224 1431/743/1245 1432/744/1246 1411/723/1225 
f 1411/723/1225 1432/744/1246 1433/745/1247 1412/724/1226 
f 1412/724/1226 1433/745/1247 1434/746/1248 1413/725/1227 
f 1413/725/1227 1434/746/1248 1435/747/1249 1414/726/1228 
f 1414/726/1228 1435/747/1249 1436/748/1250 1415/727/1229 
f 1415/727/1229 1436/748/1250 1437/749/1251 1416/728/1230 
f 1416/728/1230 1437/749/1251 1438/750/1252 1417/729/1231 
f 1418/730/1232 1439/751/1253 1440/752/1254 1419/731/1233 
f 1419/731/1233 1440/752/1254 1441/753/1255 1420/732/1234 
f 1420/732/1234 1441/753/1255 1442/754/1256 1421/733/1235 
f 1421/733/1235 1442/754/1256 1443/755/1257 1422/734/1236 
f 1422/734/1236 1443/755/1257 1444/756/1258 1423/735/1237 
f 1423/735/1237 1444/756/1258 1445/757/1259 1424/736/1238 
f 1424/736/1238 1445/757/1259 1446/758/1260 1425/737/1239 
f 1425/737/1239 1446/758/1260 1447/759/1261 1426/738/1240 
f 1426/738/1240 1447/759/1261 1448/760/1262 1427/739/1241 
f 1427/739/1241 1448/760/1262 1449/761/1263 1428/740/1242 
f 1428/740/1242 1449/761/1263 1450/762/1264 1429/741/1243 
f 1429/741/1243 1450/762/1264 1451/763/1265 1430/742/1244 
f 1430/742/1244 1451/763/1265 1452/764/1266 1431/743/1245 
f 1431/743/1245 1452/764/1266 1453/765/1267 1432/744/1246 
f 1432/744/1246 1453/765/1267 1454/766/1268 1433/745/1247 
f 1433/745/1247 1454/766/1268 1455/767/1269 1434/746/1248 
f 1434/746/1248 1455/767/1269 1456/768/1270 1435/747/1249 
f 1435/747/1249 1456/768/1270 1457/769/1271 1436/748/1250 
f 1436/748/1250 1457/769/1271 1458/770/1272 1437/749/1251 
f 1437/749/1251 1458/770/1272 1459/771/1273 1438/750/1252 
f 1439/751/1253 1460/772/1274 1461/773/1275 1440/752/1254 
f 1440/752/1254 1461/773/1275 1462/774/1276 1441/753/1255 
f 1441/753/1255 1462/774/1276 1463/775/1277 1442/754/1256 
f 1442/754/1256 1463/775/1277 1464/776/1278 1443/755/1257 
f 1443/755/1257 1464/776/1278 1465/777/1279 1444/756/1258 
f 1444/756/1258 1465/777/1279 1466/778/1280 1445/757/1259 
f 1445/757/1259 1466/778/1280 1467/779/1281 1446/758/1260 
f 1446/758/1260 1467/779/1281 1468/780/1282 1447/759/1261 
f 1447/759/1261 1468/780/1282 1469/781/1283 1448/760/1262 
f 1448/760/1262 1469/781/1283 1470/782/1284 1449/761/1263 
f 1449/761/1263 1470/782/1284 1471/783/1285 1450/762/1264 
f 1450/762/1264 1471/783/1285 1472/784/1286 1451/763/1265 
f 1451/763/1265 1472/784/1286 1473/785/1287 1452/764/1266 
f 1452/764/1266 1473/785/1287 1474/786/1288 1453/765/1267 
f 1453/765/1267 1474/786/1288 1475/787/1289 1454/766/1268 
f 1454/766/1268 1475/787/1289 1476/788/1290 1455/767/1269 
f 1455/767/1269 1476/788/1290 1477/789/1291 1456/768/1270 
f 1456/768/1270 1477/789/1291 1478/790/1292 1457/769/1271 
f 1457/769/1271 1478/790/1292 1479/791/1293 1458/770/1272 
f 1458/770/1272 1479/791/1293 1480/792/1294 1459/771/1273 
f 1460/772/1274 1481/429/1295 1482/793/1296 1461/773/1275 
f 1461/773/1275 1482/793/1296 1483/794/1297 1462/774/1276 
f 1462/774/1276 1483/794/1297 1484/795/1298 1463/775/1277 
f 1463/775/1277 1484/795/1298 1485/796/1299 1464/776/1278 
f 1464/776/1278 1485/796/1299 1486/797/1300 1465/777/1279 
f 1465/777/1279 1486/797/1300 1487/798/1301 1466/778/1280 
f 1466/778/1280 1487/798/1301 1488/799/1302 1467/779/1281 
f 1467/779/1281 1488/799/1302 1489/800/1303 1468/780/1282 
f 1468/780/1282 1489/800/1303 1490/801/1304 1469/781/1283 
f 1469/781/1283 1490/801/1304 1491/802/1305 1470/782/1284 
f 1470/782/1284 1491/802/1305 1492/803/1306 1471/783/1285 
f 1471/783/1285 1492/803/1306 1493/804/1307 1472/784/1286 
f 1472/784/1286 1493/804/1307 1494/805/1308 1473/785/1287 
f 1473/785/1287 1494/805/1308 1495/806/1309 1474/786/1288 
f 1474/786/1288 1495/806/1309 1496/807/1310 1475/787/1289 
f 1475/787/1289 1496/807/1310 1497/808/1311 1476/788/1290 
f 1476/788/1290 1497/808/1311 1498/809/1312 1477/789/1291 
f 1477/789/1291 1498/809/1312 1499/810/1313 1478/790/1292 
f 1478/790/1292 1499/810/1313 1500/811/1314 1479/791/1293 
f 1479/791/1293 1500/811/1314 1501/812/1315 1480/792/1294 
f 1481/429/1295 1502/813/1316 1503/814/1317 1482/793/1296 
f 1482/793/1296 1503/814/1317 1504/815/1318 1483/794/1297 
f 1483/794/1297 1504/815/1318 1505/816/1319 1484/795/1298 
f 1484/795/1298 1505/816/1319 1506/817/1320 1485/796/1299 
f 1485/796/1299 1506/817/1320 1507/818/1321 1486/797/1300 
f 1486/797/1300 1507/818/1321 1508/819/1322 1487/798/1301 
f 1487/798/1301 1508/819/1322 1509/820/1323 1488/799/1302 
f 1488/799/1302 1509/820/1323 1510/821/1324 1489/800/1303 
f 1489/800/1303 1510/821/1324 1511/822/1325 1490/801/1304 
f 1490/801/1304 1511/822/1325 1512/823/1326 1491/802/1305 
f 1491/802/1305 1512/823/1326 1513/824/1327 1492/803/1306 
f 1492/803/1306 1513/824/1327 1514/825/1328 1493/804/1307 
f 1493/804/1307 1514/825/1328 1515/826/1329 1494/805/1308 
f 1494/805/1308 1515/826/1329 1516/827/1330 1495/806/1309 
f 1495/806/1309 1516/827/1330 1517/828/1331 1496/807/1310 
f 1496/807/1310 1517/828/1331 1518/829/1332 1497/808/1311 
f 1497/808/1311 1518/829/1332 1519/830/1333 1498/809/1312 
f 1498/809/1312 1519/830/1333 1520/831/1334 1499/810/1313 
f 1499/810/1313 1520/831/1334 1521/832/1335 1500/811/1314 
f 1500/811/1314 1521/832/1335 1522/833/1336 1501/812/1315 
f 1502/813/1316 1523/834/1337 1524/835/1338 1503/814/1317 
f 1503/814/1317 1524/835/1338 1525/836/1339 1504/815/1318 
f 1504/815/1318 1525/836/1339 1526/837/1340 1505/816/1319 
f 1505/816/1319 1526/837/1340 1527/838/1341 1506/817/1320 
f 1506/817/1320 1527/838/1341 1528/839/1342 1507/818/1321 
f 1507/818/1321 1528/839/1342 1529/840/1343 1508/819/1322 
f 1508/819/1322 1529/840/1343 1530/841/1344 1509/820/1323 
f 1509/820/1323 1530/841/1344 1531/842/1345 1510/821/1324 
f 1510/821/1324 1531/842/1345 1532/843/1346 1511/822/1325 
f 1511/822/1325 1532/843/1346 1533/844/1347 1512/823/1326 
f 1512/823/1326 1533/844/1347 1534/845/1348 1513/824/1327 
f 1513/824/1327 1534/845/1348 1535/846/1349 1514/825/1328 
f 1514/825/1328 1535/846/1349 1536/847/1350 1515/826/1329 
f 1515/826/1329 1536/847/1350 1537/848/1351 1516/827/1330 
f 1516/827/1330 1537/848/1351 1538/849/1352 1517/828/1331 
f 1517/828/1331 1538/849/1352 1539/850/1353 1518/829/1332 
f 1518/829/1332 1539/850/1353 1540/851/1354 1519/830/1333 
f 1519/830/1333 1540/851/1354 1541/852/1355 1520/831/1334 
f 1520/831/1334 1541/852/1355 1542/853/1356 1521/832/1335 
f 1521/832/1335 1542/853/1356 1543/854/1357 1522/833/1336 
f 1523/834/1337 1544/855/1358 1545/856/1359 1524/835/1338 
f 1524/835/1338 1545/856/1359 1546/857/1360 1525/836/1339 
f 1525/836/1339 1546/857/1360 1547/858/1361 1526/837/1340 
f 1526/837/1340 1547/858/1361 1548/859/1362 1527/838/1341 
f 1527/838/1341 1548/859/1362 1549/860/1363 1528/839/1342 
f 1528/839/1342 1549/860/1363 1550/861/1364 1529/840/1343 
f 1529/840/1343 1550/861/1364 1551/862/1365 1530/841/1344 
f 1530/841/1344 1551/862/1365 1552/863/1366 1531/842/1345 
f 1531/842/1345 1552/863/1366 1553/864/1367 1532/843/1346 
f 1532/843/1346 1553/864/1367 1554/865/1368 1533/844/1347 
f 1533/844/1347 1554/865/1368 1555/866/1369 1534/845/1348 
f 1534/845/1348 1555/866/1369 1556/867/1370 1535/846/1349 
f 1535/846/1349 1556/867/1370 1557/868/1371 1536/847/1350 
f 1536/847/1350 1557/868/1371 1558/869/1372 1537/848/1351 
f 1537/848/1351 1558/869/1372 1559/870/1373 1538/849/1352 
f 1538/849/1352 1559/870/1373 1560/871/1374 1539/850/1353 
f 1539/850/1353 1560/871/1374 1561/872/1375 1540/851/1354 
f 1540/851/1354 1561/872/1375 1562/873/1376 1541/852/1355 
f 1541/852/1355 1562/873/1376 1563/874/1377 1542/853/1356 
f 1542/853/1356 1563/874/1377 1564/875/1378 1543/854/1357 
f 1544/855/1358 1565/17/1379 1566/876/1380 1545/856/1359 
f 1545/856/1359 1566/876/1380 1567/877/1381 1546/857/1360 
f 1546/857/1360 1567/877/1381 1568/878/1382 1547/858/1361 
f 1547/858/1361 1568/878/1382 1569/879/1383 1548/859/1362 
f 1548/859/1362 1569/879/1383 1570/880/1384 1549/860/1363 
f 1549/860/1363 1570/880/1384 1571/881/1385 1550/861/1364 
f 1550/861/1364 1571/881/1385 1572/882/1386 1551/862/1365 
f 1551/862/1365 1572/882/1386 1573/883/1387 1552/863/1366 
f 1552/863/1366 1573/883/1387 1574/884/1388 1553/864/1367 
f 1553/864/1367 1574/884/1388 1575/885/1389 1554/865/1368 
f 1554/865/1368 1575/885/1389 1576/886/1390 1555/866/1369 
f 1555/866/1369 1576/886/1390 1577/887/1391 1556/867/1370 
f 1556/867/1370 1577/887/1391 1578/888/1392 1557/868/1371 
f 1557/868/1371 1578/888/1392 1579/889/1393 1558/869/1372 
f 1558/869/1372 1579/889/1393 1580/890/1394 1559/870/1373 
f 1559/870/1373 1580/890/1394 1581/891/1395 1560/871/1374 
f 1560/871/1374 1581/891/1395 1582/892/1396 1561/872/1375 
f 1561/872/1375 1582/892/1396 1583/893/1397 1562/873/1376 
f 1562/873/1376 1583/893/1397 1584/894/1398 1563/874/1377 
f 1563/874/1377 1584/894/1398 1585/895/1399 1564/875/1378 
s 4
f 1586/23/1400 1587/665/1401 1588/664/1402 1589/896/1403 
f 1587/665/1401 1590/663/1404 1591/662/1405 1588/664/1402 
f 1590/663/1404 1592/661/1406 1593/660/1407 1591/662/1405 
f 1592/661/1406 1594/659/1408 1595/658/1409 1593/660/1407 
f 1594/659/1408 1596/657/1410 1597/656/1411 1595/658/1409 
f 1596/657/1410 1598/655/1412 1599/654/1413 1597/656/1411 
f 1598/655/1412 1600/653/1414 1601/652/1415 1599/654/1413 
f 1600/653/1414 1602/651/1416 1603/650/1417 1601/652/1415 
f 1602/651/1416 1604/649/1418 1605/648/1419 1603/650/1417 
f 1604/649/1418 1606/647/1420 1607/646/1421 1605/648/1419 
f 1606/647/1420 1608/645/1422 1609/644/1423 1607/646/1421 
f 1608/645/1422 1610/643/1424 1611/642/1425 1609/644/1423 
f 1610/643/1424 1612/641/1426 1613/640/1427 1611/642/1425 
f 1612/641/1426 1614/639/1428 1615/638/1429 1613/640/1427 
f 1614/639/1428 1616/637/1430 1617/636/1431 1615/638/1429 
f 1616/637/1430 1618/635/1432 1619/634/1433 1617/636/1431 
f 1618/635/1432 1620/633/1434 1621/632/1435 1619/634/1433 
f 1620/633/1434 1622/631/1436 1623/630/1437 1621/632/1435 
f 1622/631/1436 1624/629/1438 1625/628/1439 1623/630/1437 
f 1624/629/1438 1626/14/1440 1627/627/1441 1625/628/1439 
f 1589/896/1403 1588/664/1402 1628/687/1442 1629/897/1443 
f 1588/664/1402 1591/662/1405 1630/686/1444 1628/687/1442 
f 1591/662/1405 1593/660/1407 1631/685/1445 1630/686/1444 
f 1593/660/1407 1595/658/1409 1632/684/1446 1631/685/1445 
f 1595/658/1409 1597/656/1411 1633/683/1447 1632/684/1446 
f 1597/656/1411 1599/654/1413 1634/682/1448 1633/683/1447 
f 1599/654/1413 1601/652/1415 1635/681/1449 1634/682/1448 
f 1601/652/1415 1603/650/1417 1636/680/1450 1635/681/1449 
f 1603/650/1417 1605/648/1419 1637/679/1451 1636/680/1450 
f 1605/648/1419 1607/646/1421 1638/678/1452 1637/679/1451 
f 1607/646/1421 1609/644/1423 1639/677/1453 1638/678/1452 
f 1609/644/1423 1611/642/1425 1640/676/1454 1639/677/1453 
f 1611/642/1425 1613/640/1427 1641/675/1455 1640/676/1454 
f 1613/640/1427 1615/638/1429 1642/674/1456 1641/675/1455 
f 1615/638/1429 1617/636/1431 1643/673/1457 1642/674/1456 
f 1617/636/1431 1619/634/1433 1644/672/1458 1643/673/1457 
f 1619/634/1433 1621/632/1435 1645/671/1459 1644/672/1458 
f 1621/632/1435 1623/630/1437 1646/670/1460 1645/671/1459 
f 1623/630/1437 1625/628/1439 1647/669/1461 1646/670/1460 
f 1625/628/1439 1627/627/1441 1648/668/1462 1647/669/1461 
f 1629/897/1443 1628/687/1442 1649/708/1463 1650/898/1464 
f 1628/687/1442 1630/686/1444 1651/707/1465 1649/708/1463 
f 1630/686/1444 1631/685/1445 1652/706/1466 1651/707/1465 
f 1631/685/1445 1632/684/1446 1653/705/1467 1652/706/1466 
f 1632/684/1446 1633/683/1447 1654/704/1468 1653/705/1467 
f 1633/683/1447 1634/682/1448 1655/703/1469 1654/704/1468 
f 1634/682/1448 1635/681/1449 1656/702/1470 1655/703/1469 
f 1635/681/1449 1636/680/1450 1657/701/1471 1656/702/1470 
f 1636/680/1450 1637/679/1451 1658/700/1472 1657/701/1471 
f 1637/679/1451 1638/678/1452 1659/699/1473 1658/700/1472 
f 1638/678/1452 1639/677/1453 1660/698/1474 1659/699/1473 
f 1639/677/1453 1640/676/1454 1661/697/1475 1660/698/1474 
f 1640/676/1454 1641/675/1455 1662/696/1476 1661/697/1475 
f 1641/675/1455 1642/674/1456 1663/695/1477 1662/696/1476 
f 1642/674/1456 1643/673/1457 1664/694/1478 1663/695/1477 
f 1643/673/1457 1644/672/1458 1665/693/1479 1664/694/1478 
f 1644/672/1458 1645/671/1459 1666/692/1480 1665/693/1479 
f 1645/671/1459 1646/670/1460 1667/691/1481 1666/692/1480 
f 1646/670/1460 1647/669/1461 1668/690/1482 1667/691/1481 
f 1647/669/1461 1648/668/1462 1669/689/1483 1668/690/1482 
f 1650/898/1464 1649/708/1463 1670/728/1484 1671/587/1485 
f 1649/708/1463 1651/707/1465 1672/727/1486 1670/728/1484 
f 1651/707/1465 1652/706/1466 1673/726/1487 1672/727/1486 
f 1652/706/1466 1653/705/1467 1674/725/1488 1673/726/1487 
f 1653/705/1467 1654/704/1468 1675/724/1489 1674/725/1488 
f 1654/704/1468 1655/703/1469 1676/723/1490 1675/724/1489 
f 1655/703/1469 1656/702/1470 1677/722/1491 1676/723/1490 
f 1656/702/1470 1657/701/1471 1678/721/1492 1677/722/1491 
f 1657/701/1471 1658/700/1472 1679/720/1493 1678/721/1492 
f 1658/700/1472 1659/699/1473 1680/719/1494 1679/720/1493 
f 1659/699/1473 1660/698/1474 1681/718/1495 1680/719/1494 
f 1660/698/1474 1661/697/1475 1682/717/1496 1681/718/1495 
f 1661/697/1475 1662/696/1476 1683/716/1497 1682/717/1496 
f 1662/696/1476 1663/695/1477 1684/715/1498 1683/716/1497 
f 1663/695/1477 1664/694/1478 1685/714/1499 1684/715/1498 
f 1664/694/1478 1665/693/1479 1686/713/1500 1685/714/1499 
f 1665/693/1479 1666/692/1480 1687/712/1501 1686/713/1500 
f 1666/692/1480 1667/691/1481 1688/711/1502 1687/712/1501 
f 1667/691/1481 1668/690/1482 1689/710/1503 1688/711/1502 
f 1668/690/1482 1669/689/1483 1690/580/1504 1689/710/1503 
f 1671/587/1485 1670/728/1484 1691/749/1505 1692/899/1506 
f 1670/728/1484 1672/727/1486 1693/748/1507 1691/749/1505 
f 1672/727/1486 1673/726/1487 1694/747/1508 1693/748/1507 
f 1673/726/1487 1674/725/1488 1695/746/1509 1694/747/1508 
f 1674/725/1488 1675/724/1489 1696/745/1510 1695/746/1509 
f 1675/724/1489 1676/723/1490 1697/744/1511 1696/745/1510 
f 1676/723/1490 1677/722/1491 1698/743/1512 1697/744/1511 
f 1677/722/1491 1678/721/1492 1699/742/1513 1698/743/1512 
f 1678/721/1492 1679/720/1493 1700/741/1514 1699/742/1513 
f 1679/720/1493 1680/719/1494 1701/740/1515 1700/741/1514 
f 1680/719/1494 1681/718/1495 1702/739/1516 1701/740/1515 
f 1681/718/1495 1682/717/1496 1703/738/1517 1702/739/1516 
f 1682/717/1496 1683/716/1497 1704/737/1518 1703/738/1517 
f 1683/716/1497 1684/715/1498 1705/736/1519 1704/737/1518 
f 1684/715/1498 1685/714/1499 1706/735/1520 1705/736/1519 
f 1685/714/1499 1686/713/1500 1707/734/1521 1706/735/1520 
f 1686/713/1500 1687/712/1501 1708/733/1522 1707/734/1521 
f 1687/712/1501 1688/711/1502 1709/732/1523 1708/733/1522 
f 1688/711/1502 1689/710/1503 1710/731/1524 1709/732/1523 
f 1689/710/1503 1690/580/1504 1711/730/1525 1710/731/1524 
f 1692/899/1506 1691/749/1505 1712/770/1526 1713/900/1527 
f 1691/749/1505 1693/748/1507 1714/769/1528 1712/770/1526 
f 1693/748/1507 1694/747/1508 1715/768/1529 1714/769/1528 
f 1694/747/1508 1695/746/1509 1716/767/1530 1715/768/1529 
f 1695/746/1509 1696/745/1510 1717/766/1531 1716/767/1530 
f 1696/745/1510 1697/744/1511 1718/765/1532 1717/766/1531 
f 1697/744/1511 1698/743/1512 1719/764/1533 1718/765/1532 
f 1698/743/1512 1699/742/1513 1720/763/1534 1719/764/1533 
f 1699/742/1513 1700/741/1514 1721/762/1535 1720/763/1534 
f 1700/741/1514 1701/740/1515 1722/761/1536 1721/762/1535 
f 1701/740/1515 1702/739/1516 1723/760/1537 1722/761/1536 
f 1702/739/1516 1703/738/1517 1724/759/1538 1723/760/1537 
f 1703/738/1517 1704/737/1518 1725/758/1539 1724/759/1538 
f 1704/737/1518 1705/736/1519 1726/757/1540 1725/758/1539 
f 1705/736/1519 1706/735/1520 1727/756/1541 1726/757/1540 
f 1706/735/1520 1707/734/1521 1728/755/1542 1727/756/1541 
f 1707/734/1521 1708/733/1522 1729/754/1543 1728/755/1542 
f 1708/733/1522 1709/732/1523 1730/753/1544 1729/754/1543 
f 1709/732/1523 1710/731/1524 1731/752/1545 1730/753/1544 
f 1710/731/1524 1711/730/1525 1732/751/1546 1731/752/1545 
f 1713/900/1527 1712/770/1526 1733/791/1547 1734/901/1548 
f 1712/770/1526 1714/769/1528 1735/790/1549 1733/791/1547 
f 1714/769/1528 1715/768/1529 1736/789/1550 1735/790/1549 
f 1715/768/1529 1716/767/1530 1737/788/1551 1736/789/1550 
f 1716/767/1530 1717/766/1531 1738/787/1552 1737/788/1551 
f 1717/766/1531 1718/765/1532 1739/786/1553 1738/787/1552 
f 1718/765/1532 1719/764/1533 1740/785/1554 1739/786/1553 
f 1719/764/1533 1720/763/1534 1741/784/1555 1740/785/1554 
f 1720/763/1534 1721/762/1535 1742/783/1556 1741/784/1555 
f 1721/762/1535 1722/761/1536 1743/782/1557 1742/783/1556 
f 1722/761/1536 1723/760/1537 1744/781/1558 1743/782/1557 
f 1723/760/1537 1724/759/1538 1745/780/1559 1744/781/1558 
f 1724/759/1538 1725/758/1539 1746/779/1560 1745/780/1559 
f 1725/758/1539 1726/757/1540 1747/778/1561 1746/779/1560 
f 1726/757/1540 1727/756/1541 1748/777/1562 1747/778/1561 
f 1727/756/1541 1728/755/1542 1749/776/1563 1748/777/1562 
f 1728/755/1542 1729/754/1543 1750/775/1564 1749/776/1563 
f 1729/754/1543 1730/753/1544 1751/774/1565 1750/775/1564 
f 1730/753/1544 1731/752/1545 1752/773/1566 1751/774/1565 
f 1731/752/1545 1732/751/1546 1753/772/1567 1752/773/1566 
f 1734/901/1548 1733/791/1547 1754/811/1568 1755/422/1569 
f 1733/791/1547 1735/790/1549 1756/810/1570 1754/811/1568 
f 1735/790/1549 1736/789/1550 1757/809/1571 1756/810/1570 
f 1736/789/1550 1737/788/1551 1758/808/1572 1757/809/1571 
f 1737/788/1551 1738/787/1552 1759/807/1573 1758/808/1572 
f 1738/787/1552 1739/786/1553 1760/806/1574 1759/807/1573 
f 1739/786/1553 1740/785/1554 1761/805/1575 1760/806/1574 
f 1740/785/1554 1741/784/1555 1762/804/1576 1761/805/1575 
f 1741/784/1555 1742/783/1556 1763/803/1577 1762/804/1576 
f 1742/783/1556 1743/782/1557 1764/802/1578 1763/803/1577 
f 1743/782/1557 1744/781/1558 1765/801/1579 1764/802/1578 
f 1744/781/1558 1745/780/1559 1766/800/1580 1765/801/1579 
f 1745/780/1559 1746/779/1560 1767/799/1581 1766/800/1580 
f 1746/779/1560 1747/778/1561 1768/798/1582 1767/799/1581 
f 1747/778/1561 1748/777/1562 1769/797/1583 1768/798/1582 
f 1748/777/1562 1749/776/1563 1770/796/1584 1769/797/1583 
f 1749/776/1563 1750/775/1564 1771/795/1585 1770/796/1584 
f 1750/775/1564 1751/774/1565 1772/794/1586 1771/795/1585 
f 1751/774/1565 1752/773/1566 1773/793/1587 1772/794/1586 
f 1752/773/1566 1753/772/1567 1774/429/1588 1773/793/1587 
f 1755/422/1569 1754/811/1568 1775/832/1589 1776/902/1590 
f 1754/811/1568 1756/810/1570 1777/831/1591 1775/832/1589 
f 1756/810/1570 1757/809/1571 1778/830/1592 1777/831/1591 
f 1757/809/1571 1758/808/1572 1779/829/1593 1778/830/1592 
f 1758/808/1572 1759/807/1573 1780/828/1594 1779/829/1593 
f 1759/807/1573 1760/806/1574 1781/827/1595 1780/828/1594 
f 1760/806/1574 1761/805/1575 1782/826/1596 1781/827/1595 
f 1761/805/1575 1762/804/1576 1783/825/1597 1782/826/1596 
f 1762/804/1576 1763/803/1577 1784/824/1598 1783/825/1597 
f 1763/803/1577 1764/802/1578 1785/823/1599 1784/824/1598 
f 1764/802/1578 1765/801/1579 1786/822/1600 1785/823/1599 
f 1765/801/1579 1766/800/1580 1787/821/1601 1786/822/1600 
f 1766/800/1580 1767/799/1581 1788/820/1602 1787/821/1601 
f 1767/799/1581 1768/798/1582 1789/819/1603 1788/820/1602 
f 1768/798/1582 1769/797/1583 1790/818/1604 1789/819/1603 
f 1769/797/1583 1770/796/1584 1791/817/1605 1790/818/1604 
f 1770/796/1584 1771/795/1585 1792/816/1606 1791/817/1605 
f 1771/795/1585 1772/794/1586 1793/815/1607 1792/816/1606 
f 1772/794/1586 1773/793/1587 1794/814/1608 1793/815/1607 
f 1773/793/1587 1774/429/1588 1795/813/1609 1794/814/1608 
f 1776/902/1590 1775/832/1589 1796/853/1610 1797/903/1611 
f 1775/832/1589 1777/831/1591 1798/852/1612 1796/853/1610 
f 1777/831/1591 1778/830/1592 1799/851/1613 1798/852/1612 
f 1778/830/1592 1779/829/1593 1800/850/1614 1799/851/1613 
f 1779/829/1593 1780/828/1594 1801/849/1615 1800/850/1614 
f 1780/828/1594 1781/827/1595 1802/848/1616 1801/849/1615 
f 1781/827/1595 1782/826/1596 1803/847/1617 1802/848/1616 
f 1782/826/1596 1783/825/1597 1804/846/1618 1803/847/1617 
f 1783/825/1597 1784/824/1598 1805/845/1619 1804/846/1618 
f 1784/824/1598 1785/823/1599 1806/844/1620 1805/845/1619 
f 1785/823/1599 1786/822/1600 1807/843/1621 1806/844/1620 
f 1786/822/1600 1787/821/1601 1808/842/1622 1807/843/1621 
f 1787/821/1601 1788/820/1602 1809/841/1623 1808/842/1622 
f 1788/820/1602 1789/819/1603 1810/840/1624 1809/841/1623 
f 1789/819/1603 1790/818/1604 1811/839/1625 1810/840/1624 
f 1790/818/1604 1791/817/1605 1812/838/1626 1811/839/1625 
f 1791/817/1605 1792/816/1606 1813/837/1627 1812/838/1626 
f 1792/816/1606 1793/815/1607 1814/836/1628 1813/837/1627 
f 1793/815/1607 1794/814/1608 1815/835/1629 1814/836/1628 
f 1794/814/1608 1795/813/1609 1816/834/1630 1815/835/1629 
f 1797/903/1611 1796/853/1610 1817/874/1631 1818/904/1632 
f 1796/853/1610 1798/852/1612 1819/873/1633 1817/874/1631 
f 1798/852/1612 1799/851/1613 1820/872/1634 1819/873/1633 
f 1799/851/1613 1800/850/1614 1821/871/1635 1820/872/1634 
f 1800/850/1614 1801/849/1615 1822/870/1636 1821/871/1635 
f 1801/849/1615 1802/848/1616 1823/869/1637 1822/870/1636 
f 1802/848/1616 1803/847/1617 1824/868/1638 1823/869/1637 
f 1803/847/1617 1804/846/1618 1825/867/1639 1824/868/1638 
f 1804/846/1618 1805/845/1619 1826/866/1640 1825/867/1639 
f 1805/845/1619 1806/844/1620 1827/865/1641 1826/866/1640 
f 1806/844/1620 1807/843/1621 1828/864/1642 1827/865/1641 
f 1807/843/1621 1808/842/1622 1829/863/1643 1828/864/1642 
f 1808/842/1622 1809/841/1623 1830/862/1644 1829/863/1643 
f 1809/841/1623 1810/840/1624 1831/861/1645 1830/862/1644 
f 1810/840/1624 1811/839/1625 1832/860/1646 1831/861/1645 
f 1811/839/1625 1812/838/1626 1833/859/1647 1832/860/1646 
f 1812/838/1626 1813/837/1627 1834/858/1648 1833/859/1647 
f 1813/837/1627 1814/836/1628 1835/857/1649 1834/858/1648 
f 1814/836/1628 1815/835/1629 1836/856/1650 1835/857/1649 
f 1815/835/1629 1816/834/1630 1837/855/1651 1836/856/1650 
f 1818/904/1632 1817/874/1631 1838/894/1652 1839/20/1653 
f 1817/874/1631 1819/873/1633 1840/893/1654 1838/894/1652 
f 1819/873/1633 1820/872/1634 1841/892/1655 1840/893/1654 
f 1820/872/1634 1821/871/1635 1842/891/1656 1841/892/1655 
f 1821/871/1635 1822/870/1636 1843/890/1657 1842/891/1656 
f 1822/870/1636 1823/869/1637 1844/889/1658 1843/890/1657 
f 1823/869/1637 1824/868/1638 1845/888/1659 1844/889/1658 
f 1824/868/1638 1825/867/1639 1846/887/1660 1845/888/1659 
f 1825/867/1639 1826/866/1640 1847/886/1661 1846/887/1660 
f 1826/866/1640 1827/865/1641 1848/885/1662 1847/886/1661 
f 1827/865/1641 1828/864/1642 1849/884/1663 1848/885/1662 
f 1828/864/1642 1829/863/1643 1850/883/1664 1849/884/1663 
f 1829/863/1643 1830/862/1644 1851/882/1665 1850/883/1664 
f 1830/862/1644 1831/861/1645 1852/881/1666 1851/882/1665 
f 1831/861/1645 1832/860/1646 1853/880/1667 1852/881/1666 
f 1832/860/1646 1833/859/1647 1854/879/1668 1853/880/1667 
f 1833/859/1647 1834/858/1648 1855/878/1669 1854/879/1668 
f 1834/858/1648 1835/857/1649 1856/877/1670 1855/878/1669 
f 1835/857/1649 1836/856/1650 1857/876/1671 1856/877/1670 
f 1836/856/1650 1837/855/1651 1858/17/1672 1857/876/1671 
s 8
f 1313/23/1127 1316/665/1130 1587/894/1401 1586/20/1400 
f 1316/665/1130 1318/663/1132 1590/893/1404 1587/894/1401 
f 1318/663/1132 1320/661/1134 1592/892/1406 1590/893/1404 
f 1320/661/1134 1322/659/1136 1594/891/1408 1592/892/1406 
f 1322/659/1136 1324/657/1138 1596/890/1410 1594/891/1408 
f 1324/657/1138 1326/655/1140 1598/889/1412 1596/890/1410 
f 1326/655/1140 1328/653/1142 1600/888/1414 1598/889/1412 
f 1328/653/1142 1330/651/1144 1602/887/1416 1600/888/1414 
f 1330/651/1144 1332/649/1146 1604/886/1418 1602/887/1416 
f 1332/649/1146 1334/647/1148 1606/885/1420 1604/886/1418 
f 1334/647/1148 1336/645/1150 1608/884/1422 1606/885/1420 
f 1336/645/1150 1338/643/1152 1610/883/1424 1608/884/1422 
f 1338/643/1152 1340/641/1154 1612/882/1426 1610/883/1424 
f 1340/641/1154 1342/639/1156 1614/881/1428 1612/882/1426 
f 1342/639/1156 1344/637/1158 1616/880/1430 1614/881/1428 
f 1344/637/1158 1346/635/1160 1618/879/1432 1616/880/1430 
f 1346/635/1160 1348/633/1162 1620/878/1434 1618/879/1432 
f 1348/633/1162 1350/631/1164 1622/877/1436 1620/878/1434 
f 1350/631/1164 1352/629/1166 1624/876/1438 1622/877/1436 
f 1352/629/1166 1354/14/1168 1626/17/1440 1624/876/1438 
s 16
f 1354/23/1168 1353/905/1167 1627/906/1441 1626/20/1440 
f 1353/905/1167 1375/907/1189 1648/908/1462 1627/906/1441 
f 1375/907/1189 1396/657/1210 1669/890/1483 1648/908/1462 
f 1396/657/1210 1417/909/1231 1690/910/1504 1669/890/1483 
f 1417/909/1231 1438/911/1252 1711/912/1525 1690/910/1504 
f 1438/911/1252 1459/647/1273 1732/885/1546 1711/912/1525 
f 1459/647/1273 1480/913/1294 1753/914/1567 1732/885/1546 
f 1480/913/1294 1501/915/1315 1774/916/1588 1753/914/1567 
f 1501/915/1315 1522/637/1336 1795/880/1609 1774/916/1588 
f 1522/637/1336 1543/917/1357 1816/918/1630 1795/880/1609 
f 1543/917/1357 1564/919/1378 1837/920/1651 1816/918/1630 
f 1564/919/1378 1585/14/1399 1858/17/1672 1837/920/1651 
s 32
f 1585/23/1399 1584/665/1398 1857/894/1671 1858/20/1672 
f 1584/665/1398 1583/663/1397 1856/893/1670 1857/894/1671 
f 1583/663/1397 1582/661/1396 1855/892/1669 1856/893/1670 
f 1582/661/1396 1581/659/1395 1854/891/1668 1855/892/1669 
f 1581/659/1395 1580/657/1394 1853/890/1667 1854/891/1668 
f 1580/657/1394 1579/655/1393 1852/889/1666 1853/890/1667 
f 1579/655/1393 1578/653/1392 1851/888/1665 1852/889/1666 
f 1578/653/1392 1577/651/1391 1850/887/1664 1851/888/1665 
f 1577/651/1391 1576/649/1390 1849/886/1663 1850/887/1664 
f 1576/649/1390 1575/647/1389 1848/885/1662 1849/886/1663 
f 1575/647/1389 1574/645/1388 1847/884/1661 1848/885/1662 
f 1574/645/1388 1573/643/1387 1846/883/1660 1847/884/1661 
f 1573/643/1387 1572/641/1386 1845/882/1659 1846/883/1660 
f 1572/641/1386 1571/639/1385 1844/881/1658 1845/882/1659 
f 1571/639/1385 1570/637/1384 1843/880/1657 1844/881/1658 
f 1570/637/1384 1569/635/1383 1842/879/1656 1843/880/1657 
f 1569/635/1383 1568/633/1382 1841/878/1655 1842/879/1656 
f 1568/633/1382 1567/631/1381 1840/877/1654 1841/878/1655 
f 1567/631/1381 1566/629/1380 1838/876/1652 1840/877/1654 
f 1566/629/1380 1565/14/1379 1839/17/1653 1838/876/1652 
s 64
f 1565/23/1379 1544/905/1358 1818/906/1632 1839/20/1653 
f 1544/905/1358 1523/907/1337 1797/908/1611 1818/906/1632 
f 1523/907/1337 1502/657/1316 1776/890/1590 1797/908/1611 
f 1502/657/1316 1481/909/1295 1755/910/1569 1776/890/1590 
f 1481/909/1295 1460/911/1274 1734/912/1548 1755/910/1569 
f 1460/911/1274 1439/647/1253 1713/885/1527 1734/912/1548 
f 1439/647/1253 1418/913/1232 1692/914/1506 1713/885/1527 
f 1418/913/1232 1397/915/1211 1671/916/1485 1692/914/1506 
f 1397/915/1211 1376/637/1190 1650/880/1464 1671/916/1485 
f 1376/637/1190 1355/917/1169 1629/918/1443 1650/880/1464 
f 1355/917/1169 1314/919/1128 1589/920/1403 1629/918/1443 
f 1314/919/1128 1313/14/1127 1586/17/1400 1589/920/1403 
s 16
f 1859/33/57 1860/34/58 1861/35/59 1862/36/59 
f 1860/34/58 1863/37/57 1864/38/59 1861/35/59 
f 1865/39/60 1866/40/61 1861/35/59 1864/38/59 
f 1866/40/61 1867/41/60 1862/36/59 1861/35/59 
f 1867/42/60 1866/43/61 1868/44/62 1869/45/62 
f 1866/43/61 1865/46/60 1870/47/62 1868/44/62 
f 1871/48/63 1872/49/63 1868/44/62 1870/47/62 
f 1872/49/63 1873/50/63 1869/45/62 1868/44/62 
f 1873/50/63 1872/49/63 1874/51/64 1875/52/64 
f 1872/49/63 1871/48/63 1876/53/64 1874/51/64 
f 1877/54/65 1878/55/66 1874/51/64 1876/53/64 
f 1878/55/66 1879/56/66 1875/52/64 1874/51/64 
f 1879/56/66 1878/55/66 1880/57/67 1881/58/67 
f 1878/55/66 1877/54/65 1882/59/67 1880/57/67 
f 1883/60/68 1884/61/69 1880/57/67 1882/59/67 
f 1884/61/69 1885/62/68 1881/58/67 1880/57/67 
f 1885/62/68 1884/61/69 1886/63/70 1887/64/70 
f 1884/61/69 1883/60/68 1888/65/70 1886/63/70 
f 1889/66/71 1890/67/72 1886/63/70 1888/65/70 
f 1890/67/72 1891/68/72 1887/64/70 1886/63/70 
f 1891/68/72 1890/67/72 1892/69/73 1893/70/73 
f 1890/67/72 1889/66/71 1894/71/73 1892/69/73 
f 1895/72/74 1896/73/74 1892/69/73 1894/71/73 
f 1896/73/74 1897/74/74 1893/70/73 1892/69/73 
f 1897/74/74 1896/73/74 1898/75/75 1899/76/75 
f 1896/73/74 1895/72/74 1900/77/75 1898/75/75 
f 1901/78/76 1902/79/77 1898/75/75 1900/77/75 
f 1902/79/77 1903/80/77 1899/76/75 1898/75/75 
f 1903/80/77 1902/79/77 1904/81/78 1905/82/78 
f 1902/79/77 1901/78/76 1906/83/78 1904/81/78 
f 1863/37/57 1860/34/58 1904/81/78 1906/83/78 
f 1860/34/58 1859/33/57 1905/82/78 1904/81/78 
f 1907/84/79 1908/85/80 1909/86/1673 1910/87/82 
f 1908/85/80 1911/88/83 1912/89/84 1909/86/1673 
f 1913/90/85 1914/91/86 1909/86/1673 1912/89/84 
f 1914/91/86 1915/92/87 1910/87/82 1909/86/1673 
f 1916/93/88 1917/94/89 1918/95/90 1919/96/91 
f 1917/94/89 1907/97/79 1910/98/82 1918/95/90 
f 1915/99/87 1920/100/92 1918/95/90 1910/98/82 
f 1920/100/92 1921/101/93 1919/96/91 1918/95/90 
f 1922/102/94 1923/103/95 1924/104/96 1925/105/97 
f 1923/103/95 1916/93/88 1919/96/91 1924/104/96 
f 1921/101/93 1926/106/98 1924/104/96 1919/96/91 
f 1926/106/98 1927/107/99 1925/105/97 1924/104/96 
f 1928/108/100 1929/109/1674 1930/110/102 1931/111/103 
f 1929/109/1674 1922/102/94 1925/105/97 1930/110/102 
f 1927/107/99 1932/112/104 1930/110/102 1925/105/97 
f 1932/112/104 1933/113/105 1931/111/103 1930/110/102 
f 1934/114/106 1935/115/107 1936/116/108 1937/117/109 
f 1935/115/107 1928/108/100 1931/111/103 1936/116/108 
f 1933/113/105 1938/118/110 1936/116/108 1931/111/103 
f 1938/118/110 1939/119/111 1937/117/109 1936/116/108 
f 1940/120/112 1941/121/113 1942/122/114 1943/123/115 
f 1941/121/113 1934/114/106 1937/117/109 1942/122/114 
f 1939/119/111 1944/124/116 1942/122/114 1937/117/109 
f 1944/124/116 1945/125/117 1943/123/115 1942/122/114 
f 1946/126/118 1947/127/119 1948/128/120 1949/129/121 
f 1947/127/119 1940/120/112 1943/123/115 1948/128/120 
f 1945/125/117 1950/130/122 1948/128/120 1943/123/115 
f 1950/130/122 1951/131/123 1949/129/121 1948/128/120 
f 1911/88/83 1952/132/124 1953/133/125 1912/89/84 
f 1952/132/124 1946/126/118 1949/129/121 1953/133/125 
f 1951/131/123 1954/134/126 1953/133/125 1949/129/121 
f 1954/134/126 1913/90/85 1912/89/84 1953/133/125 
f 1955/135/1675 1956/136/1676 1957/137/129 1958/138/130 
f 1956/136/1676 1959/136/436 1960/137/132 1957/137/129 
f 1961/139/133 1962/139/1677 1957/137/129 1960/137/132 
f 1962/139/1677 1963/139/135 1958/138/130 1957/137/129 
f 1963/140/135 1962/140/1677 1964/141/136 1965/142/137 
f 1962/140/1677 1961/140/133 1966/141/138 1964/141/136 
f 1967/143/139 1968/143/140 1964/141/136 1966/141/138 
f 1968/143/140 1969/144/141 1965/142/137 1964/141/136 
f 1969/144/141 1968/143/140 1970/145/142 1971/146/143 
f 1968/143/140 1967/143/139 1972/145/144 1970/145/142 
f 1973/147/145 1974/147/146 1970/145/142 1972/145/144 
f 1974/147/146 1975/148/147 1971/146/143 1970/145/142 
f 1975/148/147 1974/147/146 1976/149/148 1977/150/149 
f 1974/147/146 1973/147/145 1978/149/150 1976/149/148 
f 1979/151/873 1980/151/1678 1976/149/148 1978/149/150 
f 1980/151/1678 1981/152/1679 1977/150/149 1976/149/148 
f 1981/152/1679 1980/151/1678 1982/153/154 1983/154/155 
f 1980/151/1678 1979/151/873 1984/153/156 1982/153/154 
f 1985/155/157 1986/155/158 1982/153/154 1984/153/156 
f 1986/155/158 1987/156/159 1983/154/155 1982/153/154 
f 1987/156/159 1986/155/158 1988/157/160 1989/158/161 
f 1986/155/158 1985/155/157 1990/157/162 1988/157/160 
f 1991/159/163 1992/159/164 1988/157/160 1990/157/162 
f 1992/159/164 1993/160/165 1989/158/161 1988/157/160 
f 1993/160/165 1992/159/164 1994/161/166 1995/162/167 
f 1992/159/164 1991/159/163 1996/161/168 1994/161/166 
f 1997/163/169 1998/163/170 1994/161/166 1996/161/168 
f 1998/163/170 1999/164/171 1995/162/167 1994/161/166 
f 1999/164/171 1998/163/170 2000/165/172 2001/166/173 
f 1998/163/170 1997/163/169 2002/165/174 2000/165/172 
f 1959/136/436 1956/136/1676 2000/165/172 2002/165/174 
f 1956/136/1676 1955/135/1675 2001/166/173 2000/165/172 
f 2003/167/175 2004/168/176 2005/169/177 2006/170/178 
f 2004/168/176 1955/135/1675 1958/138/130 2005/169/177 
f 1963/139/135 2007/171/179 2005/169/177 1958/138/130 
f 2007/171/179 2008/172/180 2006/170/178 2005/169/177 
f 2008/173/180 2007/174/179 2009/175/181 2010/176/182 
f 2007/174/179 1963/140/135 1965/142/137 2009/175/181 
f 1969/144/141 2011/177/183 2009/175/181 1965/142/137 
f 2011/177/183 2012/178/184 2010/176/182 2009/175/181 
f 2012/178/184 2011/177/183 2013/179/185 2014/180/186 
f 2011/177/183 1969/144/141 1971/146/143 2013/179/185 
f 1975/148/147 2015/181/187 2013/179/185 1971/146/143 
f 2015/181/187 2016/182/188 2014/180/186 2013/179/185 
f 2016/182/188 2015/181/187 2017/183/189 2018/184/190 
f 2015/181/187 1975/148/147 1977/150/149 2017/183/189 
f 1981/152/1679 2019/185/1680 2017/183/189 1977/150/149 
f 2019/185/1680 2020/186/192 2018/184/190 2017/183/189 
f 2020/186/192 2019/185/1680 2021/187/193 2022/188/194 
f 2019/185/1680 1981/152/1679 1983/154/155 2021/187/193 
f 1987/156/159 2023/189/195 2021/187/193 1983/154/155 
f 2023/189/195 2024/190/196 2022/188/194 2021/187/193 
f 2024/190/196 2023/189/195 2025/191/197 2026/192/198 
f 2023/189/195 1987/156/159 1989/158/161 2025/191/197 
f 1993/160/165 2027/193/199 2025/191/197 1989/158/161 
f 2027/193/199 2028/194/200 2026/192/198 2025/191/197 
f 2028/194/200 2027/193/199 2029/195/201 2030/196/202 
f 2027/193/199 1993/160/165 1995/162/167 2029/195/201 
f 1999/164/171 2031/197/203 2029/195/201 1995/162/167 
f 2031/197/203 2032/198/204 2030/196/202 2029/195/201 
f 2032/198/204 2031/197/203 2033/199/205 2034/200/206 
f 2031/197/203 1999/164/171 2001/166/173 2033/199/205 
f 1955/135/1675 2004/168/176 2033/199/205 2001/166/173 
f 2004/168/176 2003/167/175 2034/200/206 2033/199/205 
f 1863/37/57 2035/201/207 2036/202/208 1864/38/59 
f 2035/201/207 1911/88/83 1908/85/80 2036/202/208 
f 1907/84/79 2037/203/209 2036/202/208 1908/85/80 
f 2037/203/209 1865/39/60 1864/38/59 2036/202/208 
f 1865/46/60 2037/204/209 2038/205/210 1870/47/62 
f 2037/204/209 1907/97/79 1917/94/89 2038/205/210 
f 1916/93/88 2039/206/211 2038/205/210 1917/94/89 
f 2039/206/211 1871/48/63 1870/47/62 2038/205/210 
f 1871/48/63 2039/206/211 2040/207/212 1876/53/64 
f 2039/206/211 1916/93/88 1923/103/95 2040/207/212 
f 1922/102/94 2041/208/213 2040/207/212 1923/103/95 
f 2041/208/213 1877/54/65 1876/53/64 2040/207/212 
f 1877/54/65 2041/208/213 2042/209/214 1882/59/67 
f 2041/208/213 1922/102/94 1929/109/1674 2042/209/214 
f 1928/108/100 2043/210/215 2042/209/214 1929/109/1674 
f 2043/210/215 1883/60/68 1882/59/67 2042/209/214 
f 1883/60/68 2043/210/215 2044/211/216 1888/65/70 
f 2043/210/215 1928/108/100 1935/115/107 2044/211/216 
f 1934/114/106 2045/212/217 2044/211/216 1935/115/107 
f 2045/212/217 1889/66/71 1888/65/70 2044/211/216 
f 1889/66/71 2045/212/217 2046/213/218 1894/71/73 
f 2045/212/217 1934/114/106 1941/121/113 2046/213/218 
f 1940/120/112 2047/214/219 2046/213/218 1941/121/113 
f 2047/214/219 1895/72/74 1894/71/73 2046/213/218 
f 1895/72/74 2047/214/219 2048/215/220 1900/77/75 
f 2047/214/219 1940/120/112 1947/127/119 2048/215/220 
f 1946/126/118 2049/216/221 2048/215/220 1947/127/119 
f 2049/216/221 1901/78/76 1900/77/75 2048/215/220 
f 1901/78/76 2049/216/221 2050/217/222 1906/83/78 
f 2049/216/221 1946/126/118 1952/132/124 2050/217/222 
f 1911/88/83 2035/201/207 2050/217/222 1952/132/124 
f 2035/201/207 1863/37/57 1906/83/78 2050/217/222 
f 1959/136/436 2051/136/435 2052/137/132 1960/137/132 
f 2051/136/435 2053/136/436 2054/137/132 2052/137/132 
f 2055/139/133 2056/139/133 2052/137/132 2054/137/132 
f 2056/139/133 1961/139/133 1960/137/132 2052/137/132 
f 1961/140/133 2056/140/133 2057/141/138 1966/141/138 
f 2056/140/133 2055/140/133 2058/141/138 2057/141/138 
f 2059/143/139 2060/143/63 2057/141/138 2058/141/138 
f 2060/143/63 1967/143/139 1966/141/138 2057/141/138 
f 1967/143/139 2060/143/63 2061/145/144 1972/145/144 
f 2060/143/63 2059/143/139 2062/145/144 2061/145/144 
f 2063/147/145 2064/147/145 2061/145/144 2062/145/144 
f 2064/147/145 1973/147/145 1972/145/144 2061/145/144 
f 1973/147/145 2064/147/145 2065/149/150 1978/149/150 
f 2064/147/145 2063/147/145 2066/149/150 2065/149/150 
f 2067/151/873 2068/151/926 2065/149/150 2066/149/150 
f 2068/151/926 1979/151/873 1978/149/150 2065/149/150 
f 1979/151/873 2068/151/926 2069/153/156 1984/153/156 
f 2068/151/926 2067/151/873 2070/153/226 2069/153/156 
f 2071/155/227 2072/155/157 2069/153/156 2070/153/226 
f 2072/155/157 1985/155/157 1984/153/156 2069/153/156 
f 1985/155/157 2072/155/157 2073/157/162 1990/157/162 
f 2072/155/157 2071/155/227 2074/157/228 2073/157/162 
f 2075/159/229 2076/159/163 2073/157/162 2074/157/228 
f 2076/159/163 1991/159/163 1990/157/162 2073/157/162 
f 1991/159/163 2076/159/163 2077/161/168 1996/161/168 
f 2076/159/163 2075/159/229 2078/161/230 2077/161/168 
f 2079/163/231 2080/163/169 2077/161/168 2078/161/230 
f 2080/163/169 1997/163/169 1996/161/168 2077/161/168 
f 1997/163/169 2080/163/169 2081/165/174 2002/165/174 
f 2080/163/169 2079/163/231 2082/165/232 2081/165/174 
f 2053/136/436 2051/136/435 2081/165/174 2082/165/232 
f 2051/136/435 1959/136/436 2002/165/174 2081/165/174 
f 1915/92/87 1914/91/86 2083/218/233 2084/219/234 
f 1914/91/86 1913/90/85 2085/220/235 2083/218/233 
f 2003/167/175 2006/170/178 2083/218/233 2085/220/235 
f 2006/170/178 2008/172/180 2084/219/234 2083/218/233 
f 1921/101/93 1920/100/92 2086/221/236 2087/222/237 
f 1920/100/92 1915/99/87 2084/223/234 2086/221/236 
f 2008/173/180 2010/176/182 2086/221/236 2084/223/234 
f 2010/176/182 2012/178/184 2087/222/237 2086/221/236 
f 1927/107/99 1926/106/98 2088/224/238 2089/225/239 
f 1926/106/98 1921/101/93 2087/222/237 2088/224/238 
f 2012/178/184 2014/180/186 2088/224/238 2087/222/237 
f 2014/180/186 2016/182/188 2089/225/239 2088/224/238 
f 1933/113/105 1932/112/104 2090/226/240 2091/227/241 
f 1932/112/104 1927/107/99 2089/225/239 2090/226/240 
f 2016/182/188 2018/184/190 2090/226/240 2089/225/239 
f 2018/184/190 2020/186/192 2091/227/241 2090/226/240 
f 1939/119/111 1938/118/110 2092/228/242 2093/229/243 
f 1938/118/110 1933/113/105 2091/227/241 2092/228/242 
f 2020/186/192 2022/188/194 2092/228/242 2091/227/241 
f 2022/188/194 2024/190/196 2093/229/243 2092/228/242 
f 1945/125/117 1944/124/116 2094/230/244 2095/231/245 
f 1944/124/116 1939/119/111 2093/229/243 2094/230/244 
f 2024/190/196 2026/192/198 2094/230/244 2093/229/243 
f 2026/192/198 2028/194/200 2095/231/245 2094/230/244 
f 1951/131/123 1950/130/122 2096/232/246 2097/233/247 
f 1950/130/122 1945/125/117 2095/231/245 2096/232/246 
f 2028/194/200 2030/196/202 2096/232/246 2095/231/245 
f 2030/196/202 2032/198/204 2097/233/247 2096/232/246 
f 1913/90/85 1954/134/126 2098/234/248 2085/220/235 
f 1954/134/126 1951/131/123 2097/233/247 2098/234/248 
f 2032/198/204 2034/200/206 2098/234/248 2097/233/247 
f 2034/200/206 2003/167/175 2085/220/235 2098/234/248 
f 2099/33/68 2100/36/67 2101/35/67 2102/34/68 
f 2100/36/67 2103/41/66 2104/40/66 2101/35/67 
f 2105/39/66 2106/38/67 2101/35/67 2104/40/66 
f 2106/38/67 2107/37/68 2102/34/68 2101/35/67 
f 2103/42/66 2108/45/64 2109/44/64 2104/43/66 
f 2108/45/64 2110/50/63 2111/49/139 2109/44/64 
f 2112/48/63 2113/47/249 2109/44/64 2111/49/139 
f 2113/47/249 2105/46/66 2104/43/66 2109/44/64 
f 2110/50/63 2114/52/62 2115/51/250 2111/49/139 
f 2114/52/62 2116/56/60 2117/55/60 2115/51/250 
f 2118/54/60 2119/53/62 2115/51/250 2117/55/60 
f 2119/53/62 2112/48/63 2111/49/139 2115/51/250 
f 2116/56/60 2120/58/59 2121/57/59 2117/55/60 
f 2120/58/59 2122/62/57 2123/61/57 2121/57/59 
f 2124/60/57 2125/59/59 2121/57/59 2123/61/57 
f 2125/59/59 2118/54/60 2117/55/60 2121/57/59 
f 2122/62/57 2126/64/78 2127/63/78 2123/61/57 
f 2126/64/78 2128/68/77 2129/67/77 2127/63/78 
f 2130/66/77 2131/65/78 2127/63/78 2129/67/77 
f 2131/65/78 2124/60/57 2123/61/57 2127/63/78 
f 2128/68/77 2132/70/75 2133/69/251 2129/67/77 
f 2132/70/75 2134/74/74 2135/73/229 2133/69/251 
f 2136/72/74 2137/71/75 2133/69/251 2135/73/229 
f 2137/71/75 2130/66/77 2129/67/77 2133/69/251 
f 2134/74/74 2138/76/73 2139/75/73 2135/73/229 
f 2138/76/73 2140/80/72 2141/79/72 2139/75/73 
f 2142/78/72 2143/77/252 2139/75/73 2141/79/72 
f 2143/77/252 2136/72/74 2135/73/229 2139/75/73 
f 2140/80/72 2144/82/70 2145/81/70 2141/79/72 
f 2144/82/70 2099/33/68 2102/34/68 2145/81/70 
f 2107/37/68 2146/83/70 2145/81/70 2102/34/68 
f 2146/83/70 2142/78/72 2141/79/72 2145/81/70 
f 2147/84/253 2148/87/254 2149/86/1681 2150/85/256 
f 2148/87/254 2151/92/257 2152/91/258 2149/86/1681 
f 2153/90/259 2154/89/260 2149/86/1681 2152/91/258 
f 2154/89/260 2155/88/261 2150/85/256 2149/86/1681 
f 2156/93/262 2157/96/263 2158/95/264 2159/94/265 
f 2157/96/263 2160/101/266 2161/100/267 2158/95/264 
f 2151/99/257 2148/98/254 2158/95/264 2161/100/267 
f 2148/98/254 2147/97/253 2159/94/265 2158/95/264 
f 2162/102/268 2163/105/269 2164/104/270 2165/103/271 
f 2163/105/269 2166/107/272 2167/106/273 2164/104/270 
f 2160/101/266 2157/96/263 2164/104/270 2167/106/273 
f 2157/96/263 2156/93/262 2165/103/271 2164/104/270 
f 2168/108/274 2169/111/275 2170/110/276 2171/109/277 
f 2169/111/275 2172/113/278 2173/112/279 2170/110/276 
f 2166/107/272 2163/105/269 2170/110/276 2173/112/279 
f 2163/105/269 2162/102/268 2171/109/277 2170/110/276 
f 2174/114/280 2175/117/281 2176/116/282 2177/115/283 
f 2175/117/281 2178/119/284 2179/118/285 2176/116/282 
f 2172/113/278 2169/111/275 2176/116/282 2179/118/285 
f 2169/111/275 2168/108/274 2177/115/283 2176/116/282 
f 2180/120/286 2181/123/287 2182/122/288 2183/121/289 
f 2181/123/287 2184/125/290 2185/124/291 2182/122/288 
f 2178/119/284 2175/117/281 2182/122/288 2185/124/291 
f 2175/117/281 2174/114/280 2183/121/289 2182/122/288 
f 2186/126/292 2187/129/293 2188/128/294 2189/127/295 
f 2187/129/293 2190/131/296 2191/130/297 2188/128/294 
f 2184/125/290 2181/123/287 2188/128/294 2191/130/297 
f 2181/123/287 2180/120/286 2189/127/295 2188/128/294 
f 2155/88/261 2154/89/260 2192/133/1682 2193/132/299 
f 2154/89/260 2153/90/259 2194/134/300 2192/133/1682 
f 2190/131/296 2187/129/293 2192/133/1682 2194/134/300 
f 2187/129/293 2186/126/292 2193/132/299 2192/133/1682 
f 2195/135/301 2196/138/302 2197/137/303 2198/136/304 
f 2196/138/302 2199/139/305 2200/139/306 2197/137/303 
f 2201/139/133 2202/137/132 2197/137/303 2200/139/306 
f 2202/137/132 2203/136/435 2198/136/304 2197/137/303 
f 2199/140/305 2204/142/307 2205/141/308 2200/140/306 
f 2204/142/307 2206/144/309 2207/143/310 2205/141/308 
f 2208/143/139 2209/141/138 2205/141/308 2207/143/310 
f 2209/141/138 2201/140/133 2200/140/306 2205/141/308 
f 2206/144/309 2210/146/311 2211/145/312 2207/143/310 
f 2210/146/311 2212/148/313 2213/147/314 2211/145/312 
f 2214/147/145 2215/145/144 2211/145/312 2213/147/314 
f 2215/145/144 2208/143/139 2207/143/310 2211/145/312 
f 2212/148/313 2216/150/315 2217/149/316 2213/147/314 
f 2216/150/315 2218/152/1683 2219/151/318 2217/149/316 
f 2220/151/926 2221/149/150 2217/149/316 2219/151/318 
f 2221/149/150 2214/147/145 2213/147/314 2217/149/316 
f 2218/152/1683 2222/154/319 2223/153/320 2219/151/318 
f 2222/154/319 2224/156/321 2225/155/322 2223/153/320 
f 2226/155/157 2227/153/156 2223/153/320 2225/155/322 
f 2227/153/156 2220/151/926 2219/151/318 2223/153/320 
f 2224/156/321 2228/158/323 2229/157/324 2225/155/322 
f 2228/158/323 2230/160/325 2231/159/326 2229/157/324 
f 2232/159/163 2233/157/162 2229/157/324 2231/159/326 
f 2233/157/162 2226/155/157 2225/155/322 2229/157/324 
f 2230/160/325 2234/162/327 2235/161/328 2231/159/326 
f 2234/162/327 2236/164/329 2237/163/330 2235/161/328 
f 2238/163/169 2239/161/168 2235/161/328 2237/163/330 
f 2239/161/168 2232/159/163 2231/159/326 2235/161/328 
f 2236/164/329 2240/166/331 2241/165/332 2237/163/330 
f 2240/166/331 2195/135/301 2198/136/304 2241/165/332 
f 2203/136/435 2242/165/174 2241/165/332 2198/136/304 
f 2242/165/174 2238/163/169 2237/163/330 2241/165/332 
f 2243/167/333 2244/170/334 2245/169/335 2246/168/336 
f 2244/170/334 2247/172/337 2248/171/338 2245/169/335 
f 2199/139/305 2196/138/302 2245/169/335 2248/171/338 
f 2196/138/302 2195/135/301 2246/168/336 2245/169/335 
f 2247/173/337 2249/176/339 2250/175/340 2248/174/338 
f 2249/176/339 2251/178/341 2252/177/342 2250/175/340 
f 2206/144/309 2204/142/307 2250/175/340 2252/177/342 
f 2204/142/307 2199/140/305 2248/174/338 2250/175/340 
f 2251/178/341 2253/180/343 2254/179/344 2252/177/342 
f 2253/180/343 2255/182/345 2256/181/346 2254/179/344 
f 2212/148/313 2210/146/311 2254/179/344 2256/181/346 
f 2210/146/311 2206/144/309 2252/177/342 2254/179/344 
f 2255/182/345 2257/184/347 2258/183/348 2256/181/346 
f 2257/184/347 2259/186/349 2260/185/1684 2258/183/348 
f 2218/152/1683 2216/150/315 2258/183/348 2260/185/1684 
f 2216/150/315 2212/148/313 2256/181/346 2258/183/348 
f 2259/186/349 2261/188/351 2262/187/352 2260/185/1684 
f 2261/188/351 2263/190/353 2264/189/354 2262/187/352 
f 2224/156/321 2222/154/319 2262/187/352 2264/189/354 
f 2222/154/319 2218/152/1683 2260/185/1684 2262/187/352 
f 2263/190/353 2265/192/355 2266/191/356 2264/189/354 
f 2265/192/355 2267/194/357 2268/193/358 2266/191/356 
f 2230/160/325 2228/158/323 2266/191/356 2268/193/358 
f 2228/158/323 2224/156/321 2264/189/354 2266/191/356 
f 2267/194/357 2269/196/359 2270/195/360 2268/193/358 
f 2269/196/359 2271/198/361 2272/197/362 2270/195/360 
f 2236/164/329 2234/162/327 2270/195/360 2272/197/362 
f 2234/162/327 2230/160/325 2268/193/358 2270/195/360 
f 2271/198/361 2273/200/363 2274/199/364 2272/197/362 
f 2273/200/363 2243/167/333 2246/168/336 2274/199/364 
f 2195/135/301 2240/166/331 2274/199/364 2246/168/336 
f 2240/166/331 2236/164/329 2272/197/362 2274/199/364 
f 2107/37/68 2106/38/67 2275/202/365 2276/201/366 
f 2106/38/67 2105/39/66 2277/203/1685 2275/202/365 
f 2147/84/253 2150/85/256 2275/202/365 2277/203/1685 
f 2150/85/256 2155/88/261 2276/201/366 2275/202/365 
f 2105/46/66 2113/47/249 2278/205/368 2277/204/1685 
f 2113/47/249 2112/48/63 2279/206/369 2278/205/368 
f 2156/93/262 2159/94/265 2278/205/368 2279/206/369 
f 2159/94/265 2147/97/253 2277/204/1685 2278/205/368 
f 2112/48/63 2119/53/62 2280/207/370 2279/206/369 
f 2119/53/62 2118/54/60 2281/208/371 2280/207/370 
f 2162/102/268 2165/103/271 2280/207/370 2281/208/371 
f 2165/103/271 2156/93/262 2279/206/369 2280/207/370 
f 2118/54/60 2125/59/59 2282/209/372 2281/208/371 
f 2125/59/59 2124/60/57 2283/210/373 2282/209/372 
f 2168/108/274 2171/109/277 2282/209/372 2283/210/373 
f 2171/109/277 2162/102/268 2281/208/371 2282/209/372 
f 2124/60/57 2131/65/78 2284/211/374 2283/210/373 
f 2131/65/78 2130/66/77 2285/212/375 2284/211/374 
f 2174/114/280 2177/115/283 2284/211/374 2285/212/375 
f 2177/115/283 2168/108/274 2283/210/373 2284/211/374 
f 2130/66/77 2137/71/75 2286/213/376 2285/212/375 
f 2137/71/75 2136/72/74 2287/214/377 2286/213/376 
f 2180/120/286 2183/121/289 2286/213/376 2287/214/377 
f 2183/121/289 2174/114/280 2285/212/375 2286/213/376 
f 2136/72/74 2143/77/252 2288/215/378 2287/214/377 
f 2143/77/252 2142/78/72 2289/216/379 2288/215/378 
f 2186/126/292 2189/127/295 2288/215/378 2289/216/379 
f 2189/127/295 2180/120/286 2287/214/377 2288/215/378 
f 2142/78/72 2146/83/70 2290/217/380 2289/216/379 
f 2146/83/70 2107/37/68 2276/201/366 2290/217/380 
f 2155/88/261 2193/132/299 2290/217/380 2276/201/366 
f 2193/132/299 2186/126/292 2289/216/379 2290/217/380 
f 2203/136/435 2202/137/132 2291/137/132 2292/136/436 
f 2202/137/132 2201/139/133 2293/139/133 2291/137/132 
f 2055/139/133 2054/137/132 2291/137/132 2293/139/133 
f 2054/137/132 2053/136/436 2292/136/436 2291/137/132 
f 2201/140/133 2209/141/138 2294/141/138 2293/140/133 
f 2209/141/138 2208/143/139 2295/143/63 2294/141/138 
f 2059/143/139 2058/141/138 2294/141/138 2295/143/63 
f 2058/141/138 2055/140/133 2293/140/133 2294/141/138 
f 2208/143/139 2215/145/144 2296/145/144 2295/143/63 
f 2215/145/144 2214/147/145 2297/147/145 2296/145/144 
f 2063/147/145 2062/145/144 2296/145/144 2297/147/145 
f 2062/145/144 2059/143/139 2295/143/63 2296/145/144 
f 2214/147/145 2221/149/150 2298/149/150 2297/147/145 
f 2221/149/150 2220/151/926 2299/151/873 2298/149/150 
f 2067/151/873 2066/149/150 2298/149/150 2299/151/873 
f 2066/149/150 2063/147/145 2297/147/145 2298/149/150 
f 2220/151/926 2227/153/156 2300/153/156 2299/151/873 
f 2227/153/156 2226/155/157 2301/155/157 2300/153/156 
f 2071/155/227 2070/153/226 2300/153/156 2301/155/157 
f 2070/153/226 2067/151/873 2299/151/873 2300/153/156 
f 2226/155/157 2233/157/162 2302/157/162 2301/155/157 
f 2233/157/162 2232/159/163 2303/159/163 2302/157/162 
f 2075/159/229 2074/157/228 2302/157/162 2303/159/163 
f 2074/157/228 2071/155/227 2301/155/157 2302/157/162 
f 2232/159/163 2239/161/168 2304/161/168 2303/159/163 
f 2239/161/168 2238/163/169 2305/163/169 2304/161/168 
f 2079/163/231 2078/161/230 2304/161/168 2305/163/169 
f 2078/161/230 2075/159/229 2303/159/163 2304/161/168 
f 2238/163/169 2242/165/174 2306/165/174 2305/163/169 
f 2242/165/174 2203/136/435 2292/136/436 2306/165/174 
f 2053/136/436 2082/165/232 2306/165/174 2292/136/436 
f 2082/165/232 2079/163/231 2305/163/169 2306/165/174 
f 2151/92/257 2307/219/381 2308/218/382 2152/91/258 
f 2307/219/381 2247/172/337 2244/170/334 2308/218/382 
f 2243/167/333 2309/220/383 2308/218/382 2244/170/334 
f 2309/220/383 2153/90/259 2152/91/258 2308/218/382 
f 2160/101/266 2310/222/384 2311/221/1686 2161/100/267 
f 2310/222/384 2251/178/341 2249/176/339 2311/221/1686 
f 2247/173/337 2307/223/381 2311/221/1686 2249/176/339 
f 2307/223/381 2151/99/257 2161/100/267 2311/221/1686 
f 2166/107/272 2312/225/386 2313/224/387 2167/106/273 
f 2312/225/386 2255/182/345 2253/180/343 2313/224/387 
f 2251/178/341 2310/222/384 2313/224/387 2253/180/343 
f 2310/222/384 2160/101/266 2167/106/273 2313/224/387 
f 2172/113/278 2314/227/388 2315/226/389 2173/112/279 
f 2314/227/388 2259/186/349 2257/184/347 2315/226/389 
f 2255/182/345 2312/225/386 2315/226/389 2257/184/347 
f 2312/225/386 2166/107/272 2173/112/279 2315/226/389 
f 2178/119/284 2316/229/390 2317/228/391 2179/118/285 
f 2316/229/390 2263/190/353 2261/188/351 2317/228/391 
f 2259/186/349 2314/227/388 2317/228/391 2261/188/351 
f 2314/227/388 2172/113/278 2179/118/285 2317/228/391 
f 2184/125/290 2318/231/392 2319/230/393 2185/124/291 
f 2318/231/392 2267/194/357 2265/192/355 2319/230/393 
f 2263/190/353 2316/229/390 2319/230/393 2265/192/355 
f 2316/229/390 2178/119/284 2185/124/291 2319/230/393 
f 2190/131/296 2320/233/394 2321/232/395 2191/130/297 
f 2320/233/394 2271/198/361 2269/196/359 2321/232/395 
f 2267/194/357 2318/231/392 2321/232/395 2269/196/359 
f 2318/231/392 2184/125/290 2191/130/297 2321/232/395 
f 2153/90/259 2309/220/383 2322/234/396 2194/134/300 
f 2309/220/383 2243/167/333 2273/200/363 2322/234/396 
f 2271/198/361 2320/233/394 2322/234/396 2273/200/363 
f 2320/233/394 2190/131/296 2194/134/300 2322/234/396 
# 2284 polygons

