# 3ds Max Wavefront OBJ Exporter v0.99 - (c)2007 guruware
# File Created: 15.12.2025 15:05:05

mtllib Prop_Toilet.mtl

#
# object Toilet
#

v  0.4887 0.4946 0.0774
v  0.4671 0.4946 0.1131
v  0.4383 0.4946 0.1272
v  0.4474 0.4946 0.0863
v  0.3211 0.4946 0.1518
v  0.3247 0.4946 0.1046
v  -0.1639 0.5024 0.1628
v  -0.1417 0.4946 0.1839
v  -0.2173 0.4946 0.1982
v  -0.2284 0.5024 0.1760
v  -0.1095 0.4946 0.2270
v  -0.2000 0.4946 0.2421
v  -0.2963 0.4946 0.2425
v  -0.2986 0.4946 0.1964
v  -0.3003 0.5024 0.1740
v  -0.3700 0.4946 0.1849
v  -0.3658 0.5024 0.1631
v  -0.3786 0.4946 0.2294
v  -0.4482 0.4946 0.2028
v  -0.4308 0.4946 0.1635
v  -0.4223 0.5024 0.1437
v  0.3333 0.4946 -0.0000
v  0.4580 0.4946 -0.0000
v  0.4560 0.4946 0.0354
v  0.3308 0.4946 0.0436
v  0.5044 0.4946 -0.0000
v  0.5019 0.4946 0.0312
v  -0.5491 0.4946 0.1128
v  -0.5146 0.4946 0.0928
v  -0.4800 0.4946 0.1321
v  -0.5066 0.4946 0.1626
v  -0.4976 0.5024 0.0824
v  -0.4670 0.5024 0.1164
v  -0.5761 0.4946 -0.0000
v  -0.5351 0.4946 -0.0000
v  -0.5312 0.4946 0.0478
v  -0.5706 0.4946 0.0577
v  -0.5147 0.5024 -0.0000
v  -0.5118 0.5024 0.0426
v  -0.5793 0.4946 0.1292
v  -0.6048 0.4946 0.0658
v  -0.6116 0.4946 -0.0000
v  -0.4636 0.4946 0.2362
v  -0.5301 0.4946 0.1879
v  -0.2955 0.4946 0.2829
v  -0.3860 0.4946 0.2682
v  -0.0940 0.4946 0.2649
v  -0.1903 0.4946 0.2792
v  0.0145 0.4946 0.1551
v  0.0227 0.4946 0.2285
v  -0.0301 0.4946 0.2481
v  -0.0446 0.4946 0.1960
v  -0.0875 0.4946 0.1472
v  -0.1201 0.5024 0.1282
v  -0.0929 0.5024 0.0839
v  -0.0524 0.4946 0.0989
v  0.1877 0.4946 0.1201
v  0.1850 0.4946 0.1771
v  0.0858 0.4946 0.2060
v  0.0860 0.4946 0.1374
v  0.0326 0.4946 -0.0000
v  0.0993 0.4946 -0.0000
v  0.0943 0.4946 0.0553
v  0.0273 0.4946 0.0565
v  0.1999 0.4946 -0.0000
v  0.1958 0.4946 0.0492
v  -0.0340 0.4946 0.0497
v  -0.0290 0.4946 -0.0000
v  -0.0778 0.5024 0.0415
v  -0.0733 0.5024 -0.0000
v  0.4474 0.5569 0.0863
v  0.3247 0.5569 0.1046
v  0.3209 0.5515 0.1511
v  0.4378 0.5515 0.1267
v  0.4879 0.5515 0.0772
v  0.4659 0.5472 0.1123
v  -0.1639 0.5492 0.1628
v  -0.2284 0.5492 0.1760
v  -0.2173 0.5569 0.1982
v  -0.1417 0.5569 0.1839
v  -0.3003 0.5492 0.1740
v  -0.2986 0.5569 0.1964
v  -0.2963 0.5569 0.2425
v  -0.2000 0.5569 0.2421
v  -0.1095 0.5569 0.2270
v  -0.3658 0.5492 0.1631
v  -0.3700 0.5569 0.1849
v  -0.4223 0.5492 0.1437
v  -0.4308 0.5569 0.1635
v  -0.4482 0.5569 0.2028
v  -0.3786 0.5569 0.2294
v  0.3333 0.5569 -0.0000
v  0.3308 0.5569 0.0436
v  0.4560 0.5569 0.0354
v  0.4580 0.5569 -0.0000
v  0.5010 0.5515 0.0311
v  0.5035 0.5515 -0.0000
v  -0.5491 0.5569 0.1128
v  -0.5066 0.5569 0.1626
v  -0.4800 0.5569 0.1321
v  -0.5146 0.5569 0.0928
v  -0.4670 0.5492 0.1164
v  -0.4976 0.5492 0.0824
v  -0.5761 0.5569 -0.0000
v  -0.5706 0.5569 0.0577
v  -0.5312 0.5569 0.0478
v  -0.5351 0.5569 -0.0000
v  -0.5118 0.5492 0.0426
v  -0.5147 0.5492 -0.0000
v  -0.5785 0.5515 0.1287
v  -0.6039 0.5515 0.0655
v  -0.6107 0.5515 -0.0000
v  -0.4631 0.5515 0.2354
v  -0.5295 0.5515 0.1873
v  -0.3857 0.5515 0.2674
v  -0.2954 0.5515 0.2820
v  -0.1904 0.5515 0.2782
v  -0.0941 0.5515 0.2640
v  -0.0446 0.5569 0.1960
v  -0.0302 0.5515 0.2472
v  0.0145 0.5569 0.1551
v  0.0226 0.5515 0.2276
v  -0.0875 0.5569 0.1472
v  -0.0524 0.5569 0.0989
v  -0.0929 0.5492 0.0839
v  -0.1201 0.5492 0.1282
v  0.1849 0.5515 0.1764
v  0.1877 0.5569 0.1201
v  0.0860 0.5569 0.1374
v  0.0857 0.5515 0.2051
v  0.0326 0.5569 -0.0000
v  0.0273 0.5569 0.0565
v  0.0943 0.5569 0.0553
v  0.0993 0.5569 -0.0000
v  0.1958 0.5569 0.0492
v  0.1999 0.5569 -0.0000
v  -0.0290 0.5569 -0.0000
v  -0.0340 0.5569 0.0497
v  -0.0733 0.5492 -0.0000
v  -0.0778 0.5492 0.0415
v  0.4770 0.5107 0.1182
v  0.4393 0.5107 0.1384
v  0.4393 0.4969 0.1384
v  0.4770 0.4969 0.1182
v  0.3217 0.5107 0.1646
v  0.3217 0.4969 0.1646
v  0.5072 0.5107 0.0758
v  0.5072 0.4969 0.0758
v  -0.1712 0.5258 0.1558
v  -0.2322 0.5258 0.1686
v  -0.3009 0.5258 0.1665
v  -0.3644 0.5258 0.1558
v  -0.4195 0.5258 0.1371
v  0.5251 0.5107 -0.0000
v  0.5223 0.5107 0.0302
v  0.5223 0.4969 0.0302
v  0.5251 0.4969 -0.0000
v  -0.4627 0.5258 0.1112
v  -0.4920 0.5258 0.0789
v  -0.5053 0.5258 0.0409
v  -0.5079 0.5258 -0.0000
v  -0.5899 0.5107 0.1351
v  -0.6167 0.5107 0.0687
v  -0.6167 0.4969 0.0687
v  -0.5899 0.4969 0.1351
v  -0.6239 0.5107 -0.0000
v  -0.6239 0.4969 -0.0000
v  -0.4693 0.5107 0.2474
v  -0.5385 0.5107 0.1967
v  -0.5385 0.4969 0.1967
v  -0.4693 0.4969 0.2474
v  -0.2957 0.5107 0.2963
v  -0.3889 0.5107 0.2811
v  -0.3889 0.4969 0.2811
v  -0.2957 0.4969 0.2963
v  -0.0907 0.5107 0.2777
v  -0.1882 0.5107 0.2918
v  -0.1882 0.4969 0.2918
v  -0.0907 0.4969 0.2777
v  0.0242 0.5107 0.2475
v  -0.0274 0.5107 0.2641
v  -0.0274 0.4969 0.2641
v  0.0242 0.4969 0.2475
v  -0.1064 0.5258 0.0789
v  -0.1310 0.5258 0.1219
v  0.1853 0.4969 0.1924
v  0.1853 0.5107 0.1924
v  0.0867 0.5107 0.2243
v  0.0867 0.4969 0.2243
v  -0.0881 0.5258 -0.0000
v  -0.0924 0.5258 0.0387
v  0.5014 0.5350 0.0742
v  0.5160 0.5350 0.0297
v  0.5022 0.5185 0.0744
v  0.5169 0.5185 0.0298
v  0.5196 0.5185 -0.0000
v  0.5187 0.5350 -0.0000
v  0.4721 0.5350 0.1152
v  0.4728 0.5185 0.1156
v  0.3202 0.5350 0.1603
v  0.4357 0.5350 0.1347
v  0.3204 0.5185 0.1609
v  0.4362 0.5185 0.1352
v  0.0234 0.5350 0.2414
v  0.0859 0.5350 0.2187
v  0.0236 0.5185 0.2422
v  0.0860 0.5185 0.2195
v  0.1847 0.5185 0.1882
v  0.1845 0.5350 0.1875
v  -0.0915 0.5350 0.2714
v  -0.0283 0.5350 0.2579
v  -0.0914 0.5185 0.2723
v  -0.0281 0.5185 0.2587
v  -0.2953 0.5350 0.2900
v  -0.1886 0.5350 0.2855
v  -0.2953 0.5185 0.2909
v  -0.1886 0.5185 0.2864
v  -0.4662 0.5350 0.2419
v  -0.3872 0.5350 0.2750
v  -0.4666 0.5185 0.2427
v  -0.3874 0.5185 0.2759
v  -0.5844 0.5350 0.1319
v  -0.5341 0.5350 0.1922
v  -0.5852 0.5185 0.1323
v  -0.5347 0.5185 0.1928
v  -0.6176 0.5350 -0.0000
v  -0.6106 0.5350 0.0671
v  -0.6185 0.5185 -0.0000
v  -0.6114 0.5185 0.0673
v  0.4378 0.5130 0.1368
v  0.4749 0.5130 0.1169
v  0.3210 0.5130 0.1627
v  0.5047 0.5130 0.0751
v  0.5196 0.5130 0.0300
v  0.5223 0.5130 -0.0000
v  -0.6141 0.5130 0.0680
v  -0.5875 0.5130 0.1337
v  -0.6212 0.5130 -0.0000
v  -0.5366 0.5130 0.1948
v  -0.4680 0.5130 0.2451
v  -0.3882 0.5130 0.2785
v  -0.2955 0.5130 0.2936
v  -0.1884 0.5130 0.2891
v  -0.0910 0.5130 0.2750
v  -0.0278 0.5130 0.2614
v  0.0239 0.5130 0.2449
v  0.1850 0.5130 0.1903
v  0.0863 0.5130 0.2219
v  0.2366 1.1023 0.1851
v  0.2441 1.1021 0.1828
v  0.2758 1.1021 0.2622
v  0.2702 1.1023 0.2659
v  0.3231 1.1021 0.3069
v  0.3195 1.1023 0.3122
v  0.3893 1.1021 0.3364
v  0.3884 1.1023 0.3428
v  0.4687 1.1021 0.3240
v  0.4710 1.1023 0.3299
v  0.5362 1.1021 0.2911
v  0.5413 1.1023 0.2959
v  0.5784 1.1021 0.2070
v  0.5857 1.1023 0.2103
v  0.2612 0.5750 0.1429
v  0.2658 0.5518 0.1396
v  0.2879 0.5518 0.2027
v  0.2839 0.5749 0.2076
v  0.2843 0.5473 0.1458
v  0.3004 0.5484 0.2047
v  0.5065 0.5472 0.1660
v  0.5281 0.5516 0.1631
v  0.4997 0.5516 0.2306
v  0.4856 0.5484 0.2287
v  0.5339 0.5748 0.1668
v  0.5045 0.5748 0.2361
v  0.3296 0.5517 0.2440
v  0.3270 0.5749 0.2502
v  0.3316 0.5473 0.2333
v  0.3872 0.5473 0.2599
v  0.3867 0.5517 0.2722
v  0.3863 0.5748 0.2791
v  0.4493 0.5517 0.2605
v  0.4517 0.5748 0.2670
v  0.4482 0.5473 0.2490
v  0.3875 0.5458 0.1890
v  0.4533 0.5458 0.1812
v  0.3280 0.5458 0.1697
v  0.2573 0.8349 0.1625
v  0.2805 0.8349 0.2345
v  0.2774 1.0974 0.2616
v  0.2493 1.0974 0.1824
v  0.2592 0.6324 0.1475
v  0.2822 0.6324 0.2140
v  0.5528 0.8349 0.1866
v  0.5209 0.8349 0.2632
v  0.5092 0.6325 0.2427
v  0.5394 0.6324 0.1716
v  0.5731 1.0974 0.2065
v  0.5347 1.0974 0.2903
v  0.3249 0.8349 0.2783
v  0.3237 1.0974 0.3061
v  0.3259 0.6324 0.2572
v  0.3865 0.6324 0.2865
v  0.3880 0.8349 0.3076
v  0.3895 1.0974 0.3353
v  0.4610 0.8349 0.2952
v  0.4684 1.0974 0.3230
v  0.4544 0.6324 0.2742
v  0.2161 1.0968 0.1929
v  0.2169 1.0922 0.1926
v  0.2528 1.0922 0.2778
v  0.2522 1.0968 0.2783
v  0.2196 1.0914 0.1916
v  0.2552 1.0914 0.2762
v  0.3080 1.0922 0.3293
v  0.3075 1.0968 0.3300
v  0.3096 1.0914 0.3270
v  0.3859 1.0914 0.3609
v  0.3855 1.0922 0.3637
v  0.3854 1.0968 0.3645
v  0.4783 1.0922 0.3491
v  0.4786 1.0968 0.3498
v  0.4773 1.0914 0.3464
v  0.5548 1.0914 0.3092
v  0.5570 1.0922 0.3113
v  0.5576 1.0968 0.3118
v  0.6048 1.0922 0.2207
v  0.6055 1.0968 0.2211
v  0.6022 1.0914 0.2193
v  0.5877 1.0922 0.2113
v  0.5903 1.0914 0.2128
v  0.5450 1.0914 0.2996
v  0.5429 1.0922 0.2974
v  0.4717 1.0922 0.3319
v  0.4727 1.0914 0.3345
v  0.3877 1.0914 0.3478
v  0.3881 1.0922 0.3449
v  0.3183 1.0922 0.3140
v  0.3168 1.0914 0.3163
v  0.2660 1.0914 0.2688
v  0.2684 1.0922 0.2671
v  0.2346 1.0922 0.1858
v  0.2319 1.0914 0.1869
v  0.2169 1.1275 0.1926
v  0.2161 1.1213 0.1929
v  0.2522 1.1213 0.2783
v  0.2528 1.1275 0.2778
v  0.3075 1.1213 0.3300
v  0.3080 1.1275 0.3293
v  0.3854 1.1213 0.3645
v  0.3855 1.1275 0.3637
v  0.4786 1.1213 0.3498
v  0.4783 1.1275 0.3491
v  0.5576 1.1213 0.3119
v  0.5570 1.1275 0.3113
v  0.6048 1.1275 0.2207
v  0.5745 1.1732 0.2042
v  0.5325 1.1732 0.2870
v  0.6055 1.1213 0.2211
v  0.2564 1.1812 0.1779
v  0.2485 1.1732 0.1808
v  0.2804 1.1732 0.2591
v  0.2873 1.1812 0.2544
v  0.3236 1.1838 0.2075
v  0.3263 1.1732 0.3024
v  0.3309 1.1812 0.2957
v  0.3902 1.1732 0.3308
v  0.3914 1.1812 0.3225
v  0.3924 1.1838 0.2260
v  0.4641 1.1812 0.3112
v  0.4740 1.1838 0.2182
v  0.4670 1.1732 0.3188
v  0.5263 1.1812 0.2808
v  0.5669 1.1812 0.2000
v  0.5863 1.0974 0.1135
v  0.5902 1.1021 0.1138
v  0.5936 1.0974 -0.0000
v  0.5961 1.1021 -0.0000
v  0.5973 1.1023 0.1156
v  0.6029 1.1023 -0.0000
v  0.6049 1.0922 -0.0000
v  0.5993 1.0922 0.1162
v  0.6077 1.0914 -0.0000
v  0.6020 1.0914 0.1169
v  0.6144 1.0914 0.1205
v  0.6204 1.0914 -0.0000
v  0.6171 1.0922 0.1213
v  0.6179 1.0968 0.1215
v  0.6232 1.0922 -0.0000
v  0.6239 1.0968 -0.0000
v  0.6179 1.1213 0.1215
v  0.6239 1.1212 -0.0000
v  0.6171 1.1275 0.1213
v  0.6232 1.1275 -0.0000
v  0.5900 1.1733 -0.0000
v  0.5851 1.1732 0.1122
v  0.5771 1.1812 0.1099
v  0.4788 1.1838 0.1199
v  0.5818 1.1812 -0.0000
v  0.4810 1.1838 -0.0000
v  0.3926 1.1838 0.1242
v  0.3927 1.1838 -0.0000
v  0.2478 1.1812 -0.0000
v  0.2502 1.1812 0.0978
v  0.3204 1.1838 0.1141
v  0.3191 1.1838 -0.0000
v  0.2395 1.1733 -0.0000
v  0.2420 1.1732 0.0994
v  0.2093 1.1275 0.1059
v  0.2061 1.1275 -0.0000
v  0.2053 1.1212 -0.0000
v  0.2085 1.1213 0.1060
v  0.2053 1.0968 -0.0000
v  0.2085 1.0968 0.1060
v  0.2061 1.0922 -0.0000
v  0.2093 1.0922 0.1059
v  0.2089 1.0914 -0.0000
v  0.2120 1.0914 0.1053
v  0.2216 1.0914 -0.0000
v  0.2246 1.0914 0.1027
v  0.2274 1.0922 0.1022
v  0.2244 1.0922 -0.0000
v  0.2265 1.1023 -0.0000
v  0.2294 1.1023 0.1017
v  0.2333 1.1021 -0.0000
v  0.2366 1.1021 0.1005
v  0.2400 0.8349 -0.0000
v  0.2466 0.8349 0.0893
v  0.2404 1.0974 0.1002
v  0.2357 1.0974 -0.0000
v  0.2420 0.6324 -0.0000
v  0.2485 0.6324 0.0811
v  0.2440 0.5751 -0.0000
v  0.2505 0.5750 0.0785
v  0.2488 0.5519 -0.0000
v  0.2553 0.5519 0.0767
v  0.2695 0.5473 -0.0000
v  0.2751 0.5473 0.0801
v  0.3225 0.5458 0.0933
v  0.3875 0.5458 0.1039
v  0.3191 0.5458 -0.0000
v  0.3876 0.5458 -0.0000
v  0.5269 0.5473 -0.0000
v  0.5192 0.5473 0.0912
v  0.4602 0.5458 0.0996
v  0.4645 0.5458 -0.0000
v  0.5520 0.5517 -0.0000
v  0.5429 0.5517 0.0896
v  0.5581 0.5748 -0.0000
v  0.5489 0.5748 0.0917
v  0.5546 0.6324 0.0943
v  0.5681 0.8350 0.1025
v  0.5639 0.6324 -0.0000
v  0.5774 0.8350 -0.0000
v  0.4229 1.1914 0.0374
v  0.4339 1.1914 0.0318
v  0.4332 1.1873 0.0309
v  0.4226 1.1873 0.0363
v  0.4426 1.1914 0.0231
v  0.4416 1.1873 0.0224
v  0.4481 1.1914 0.0121
v  0.4471 1.1873 0.0118
v  0.4501 1.1914 -0.0000
v  0.4489 1.1873 -0.0000
v  0.3715 1.1914 -0.0000
v  0.3734 1.1914 0.0121
v  0.3745 1.1873 0.0118
v  0.3727 1.1873 -0.0000
v  0.3790 1.1914 0.0231
v  0.3799 1.1873 0.0224
v  0.3877 1.1914 0.0318
v  0.3884 1.1873 0.0309
v  0.3986 1.1914 0.0374
v  0.3990 1.1873 0.0363
v  0.4108 1.1914 0.0393
v  0.4108 1.1873 0.0381
v  0.4317 1.1870 0.0288
v  0.4218 1.1870 0.0338
v  0.4395 1.1870 0.0209
v  0.4446 1.1870 0.0110
v  0.4463 1.1870 -0.0000
v  0.3770 1.1870 0.0110
v  0.3752 1.1870 -0.0000
v  0.3820 1.1870 0.0209
v  0.3899 1.1870 0.0288
v  0.3998 1.1870 0.0338
v  0.4108 1.1870 0.0356
v  0.4260 1.1861 0.0469
v  0.4240 1.1918 0.0408
v  0.4108 1.1918 0.0429
v  0.4108 1.1861 0.0493
v  0.4398 1.1861 0.0399
v  0.4360 1.1918 0.0347
v  0.4507 1.1861 0.0290
v  0.4455 1.1918 0.0252
v  0.4577 1.1861 0.0152
v  0.4515 1.1918 0.0132
v  0.4601 1.1861 -0.0000
v  0.4536 1.1918 -0.0000
v  0.3679 1.1918 -0.0000
v  0.3615 1.1861 -0.0000
v  0.3639 1.1861 0.0152
v  0.3700 1.1918 0.0132
v  0.3709 1.1861 0.0290
v  0.3761 1.1918 0.0252
v  0.3818 1.1861 0.0399
v  0.3856 1.1918 0.0347
v  0.3955 1.1861 0.0469
v  0.3975 1.1918 0.0408
v  0.4246 1.1792 0.0426
v  0.4371 1.1792 0.0362
v  0.4402 1.1823 0.0405
v  0.4262 1.1823 0.0476
v  0.4470 1.1792 0.0263
v  0.4513 1.1823 0.0294
v  0.4534 1.1792 0.0138
v  0.4584 1.1823 0.0155
v  0.4556 1.1792 -0.0000
v  0.4608 1.1823 -0.0000
v  0.3660 1.1792 -0.0000
v  0.3682 1.1792 0.0138
v  0.3632 1.1823 0.0155
v  0.3608 1.1823 -0.0000
v  0.3745 1.1792 0.0263
v  0.3703 1.1823 0.0294
v  0.3845 1.1792 0.0362
v  0.3814 1.1823 0.0405
v  0.3969 1.1792 0.0426
v  0.3953 1.1823 0.0476
v  0.4108 1.1792 0.0448
v  0.4108 1.1823 0.0500
v  0.4290 1.1956 0.0251
v  0.4204 1.1956 0.0295
v  0.4108 1.1956 0.0310
v  0.4359 1.1956 0.0182
v  0.4403 1.1956 0.0096
v  0.4418 1.1956 -0.0000
v  0.3813 1.1956 0.0096
v  0.3798 1.1956 -0.0000
v  0.3857 1.1956 0.0182
v  0.3926 1.1956 0.0251
v  0.4012 1.1956 0.0295
v  0.4108 1.1967 -0.0000
v  0.1063 0.5782 0.0772
v  0.1084 0.5757 0.0772
v  0.1089 0.5759 -0.0000
v  0.1065 0.5787 -0.0000
v  0.1087 0.5724 0.0772
v  0.1092 0.5723 -0.0000
v  0.1069 0.5696 0.0772
v  0.1073 0.5692 -0.0000
v  0.1039 0.5683 0.0772
v  0.1039 0.5678 -0.0000
v  0.1007 0.5691 0.0772
v  0.1004 0.5686 -0.0000
v  0.0985 0.5716 0.0772
v  0.0980 0.5714 -0.0000
v  0.0983 0.5749 0.0772
v  0.0977 0.5750 -0.0000
v  0.1000 0.5777 0.0772
v  0.0996 0.5781 -0.0000
v  0.1031 0.5790 0.0772
v  0.1030 0.5795 -0.0000
v  0.1079 0.5635 0.0934
v  0.1137 0.5737 0.0934
v  0.1076 0.5736 0.0943
v  0.1079 0.5850 0.0934
v  0.0424 0.5744 0.0983
v  0.0755 0.5737 0.0943
v  0.0753 0.5853 0.0934
v  0.0298 0.5849 0.0991
v  0.0575 0.5632 0.0952
v  0.0883 0.5624 -0.0000
v  0.1081 0.5631 -0.0000
v  0.1081 0.5631 0.0435
v  0.0838 0.5624 0.0438
v  0.1081 0.5631 0.0771
v  0.0790 0.5624 0.0731
v  0.1081 0.5854 0.0771
v  0.1081 0.5854 0.0435
v  0.0755 0.5862 0.0436
v  0.0754 0.5862 0.0771
v  0.1081 0.5854 -0.0000
v  0.0756 0.5862 -0.0000
v  0.0600 0.5863 -0.0000
v  0.0548 0.5863 0.0440
v  0.0541 0.5863 0.0691
v  0.1141 0.5737 -0.0000
v  0.1141 0.5737 0.0435
v  0.1141 0.5737 0.0771
v  -0.0893 0.5648 -0.0000
v  -0.0940 0.5648 0.0401
v  -0.0772 0.5716 0.0422
v  -0.0716 0.5717 -0.0000
v  -0.1091 0.5648 0.0800
v  -0.0949 0.5716 0.0841
v  -0.0031 0.5897 0.1048
v  0.0224 0.5899 0.0417
v  0.0284 0.5900 -0.0000
v  -0.1271 0.5894 0.2120
v  -0.0607 0.5895 0.1670
v  -0.1256 0.5715 0.1257
v  -0.1701 0.5713 0.1597
v  -0.1360 0.5647 0.1197
v  -0.1766 0.5645 0.1522
v  -0.2960 0.5643 0.1748
v  -0.2953 0.5712 0.1836
v  -0.2296 0.5713 0.1789
v  -0.2329 0.5644 0.1704
v  -0.2906 0.5892 0.2445
v  -0.2069 0.5893 0.2377
v  -0.4381 0.5891 0.2050
v  -0.3685 0.5892 0.2328
v  -0.3584 0.5711 0.1740
v  -0.4153 0.5711 0.1527
v  -0.3569 0.5642 0.1655
v  -0.4119 0.5642 0.1452
v  -0.4901 0.5642 0.0814
v  -0.4968 0.5711 0.0854
v  -0.4626 0.5711 0.1224
v  -0.4574 0.5642 0.1165
v  -0.5404 0.5889 0.1131
v  -0.4968 0.5890 0.1636
v  -0.5718 0.5890 -0.0000
v  -0.5646 0.5890 0.0577
v  -0.5143 0.5710 0.0438
v  -0.5189 0.5710 -0.0000
v  -0.5066 0.5642 0.0418
v  -0.5108 0.5642 -0.0000
v  0.0098 0.5893 0.1105
v  0.0171 0.5747 0.1370
v  -0.0496 0.5893 0.1751
v  -0.0343 0.5745 0.1863
v  -0.1193 0.5890 0.2222
v  -0.1084 0.5742 0.2364
v  -0.2027 0.5889 0.2493
v  -0.1968 0.5740 0.2653
v  -0.2899 0.5888 0.2566
v  -0.2888 0.5738 0.2734
v  -0.3707 0.5887 0.2446
v  -0.3738 0.5737 0.2610
v  -0.4429 0.5886 0.2157
v  -0.4497 0.5736 0.2305
v  -0.5042 0.5885 0.1722
v  -0.5146 0.5735 0.1841
v  -0.5498 0.5884 0.1190
v  -0.5633 0.5735 0.1272
v  -0.5753 0.5884 0.0607
v  -0.5907 0.5735 0.0649
v  -0.5830 0.5885 -0.0000
v  -0.5991 0.5735 -0.0000
v  -0.5681 0.5638 0.1301
v  -0.5182 0.5638 0.1885
v  -0.4520 0.5638 0.2361
v  -0.2882 0.5640 0.2798
v  -0.3747 0.5639 0.2673
v  -0.1942 0.5641 0.2715
v  -0.1036 0.5643 0.2419
v  -0.0273 0.5645 0.1907
v  0.0258 0.5646 0.1399
v  -0.6049 0.5637 -0.0000
v  -0.5962 0.5637 0.0664
v  -0.0435 0.5569 0.0997
v  -0.0182 0.5569 0.0445
v  0.0453 0.5576 0.0841
v  0.0164 0.5575 0.1354
v  -0.0350 0.5575 0.1846
v  -0.0874 0.5569 0.1513
v  -0.1088 0.5575 0.2343
v  -0.1438 0.5569 0.1923
v  -0.1968 0.5575 0.2629
v  -0.2155 0.5569 0.2157
v  -0.2884 0.5575 0.2709
v  -0.2924 0.5569 0.2219
v  -0.3728 0.5574 0.2586
v  -0.3648 0.5569 0.2111
v  -0.4481 0.5574 0.2283
v  -0.4298 0.5569 0.1860
v  -0.5125 0.5574 0.1822
v  -0.4846 0.5569 0.1488
v  -0.5609 0.5574 0.1257
v  -0.5250 0.5569 0.1032
v  -0.5881 0.5574 0.0641
v  -0.5467 0.5569 0.0528
v  -0.5965 0.5574 -0.0000
v  -0.5529 0.5569 -0.0000
v  -0.1045 0.5577 0.0822
v  -0.1131 0.5602 0.0791
v  -0.0988 0.5603 0.0396
v  -0.0891 0.5577 0.0412
v  -0.0944 0.5603 -0.0000
v  -0.0845 0.5577 -0.0000
v  -0.1320 0.5577 0.1231
v  -0.1388 0.5602 0.1184
v  -0.1736 0.5577 0.1566
v  -0.1783 0.5601 0.1506
v  -0.2313 0.5577 0.1755
v  -0.2338 0.5600 0.1687
v  -0.2959 0.5576 0.1802
v  -0.2963 0.5600 0.1731
v  -0.3581 0.5576 0.1708
v  -0.3567 0.5599 0.1639
v  -0.4142 0.5576 0.1500
v  -0.4114 0.5599 0.1438
v  -0.4608 0.5576 0.1204
v  -0.4566 0.5599 0.1155
v  -0.4944 0.5576 0.0841
v  -0.4890 0.5599 0.0808
v  -0.5115 0.5576 0.0432
v  -0.5053 0.5599 0.0415
v  -0.5160 0.5576 -0.0000
v  -0.5094 0.5599 -0.0000
v  -0.5181 0.5591 0.1886
v  -0.5680 0.5591 0.1300
v  -0.4518 0.5591 0.2363
v  -0.3745 0.5591 0.2675
v  -0.2879 0.5592 0.2801
v  -0.1937 0.5592 0.2718
v  -0.1028 0.5593 0.2422
v  -0.0261 0.5594 0.1909
v  0.0273 0.5595 0.1400
v  0.0528 0.5596 0.0901
v  -0.5962 0.5591 0.0663
v  -0.6049 0.5590 -0.0000
v  -0.0130 0.5569 -0.0000
v  0.0631 0.5576 -0.0000
v  0.0566 0.5576 0.0457
v  0.0677 0.5596 0.0469
v  0.0705 0.5617 0.0466
v  0.0747 0.5596 -0.0000
v  0.0774 0.5617 -0.0000
v  0.0472 0.5870 -0.0000
v  0.0409 0.5890 -0.0000
v  0.0347 0.5890 0.0445
v  0.0409 0.5870 0.0460
v  0.0772 0.5628 0.0934
v  0.1214 0.5776 0.1225
v  0.1192 0.5845 0.1220
v  0.1078 0.5826 0.1220
v  0.1101 0.5746 0.1220
v  0.1120 0.5664 0.1220
v  0.1228 0.5703 0.1220
v  0.0920 0.5699 0.1122
v  0.0941 0.5650 0.1122
v  0.0948 0.5655 0.1208
v  0.0929 0.5701 0.1208
v  0.0914 0.5751 0.1122
v  0.0923 0.5750 0.1208
v  0.1279 0.5662 0.1124
v  0.1305 0.5782 0.1290
v  0.1232 0.5665 0.1208
v  0.1127 0.5629 0.1122
v  0.1125 0.5638 0.1208
v  0.1067 0.5860 0.1122
v  0.1109 0.5865 0.0951
v  0.1032 0.5842 0.1037
v  0.0945 0.5809 0.1122
v  0.0952 0.5803 0.1037
v  0.0995 0.5614 0.1122
v  0.0999 0.5622 0.1208
v  0.1211 0.5897 0.0909
v  0.1214 0.5897 0.1122
v  0.1184 0.5653 -0.0000
v  0.1279 0.5658 -0.0000
v  0.1279 0.5660 0.0522
v  0.1184 0.5653 0.0512
v  0.1279 0.5662 0.0919
v  0.1178 0.5645 0.0898
v  0.1210 0.5896 -0.0000
v  0.1128 0.5867 -0.0000
v  0.1128 0.5867 0.0512
v  0.1210 0.5896 0.0513
v  0.0923 0.5750 0.1037
v  0.1287 0.5998 0.1376
v  0.1176 0.5879 0.1208
v  0.1070 0.5852 0.1208
v  0.0952 0.5803 0.1208
v  0.0972 0.5786 0.1220
v  0.0958 0.5709 0.1220
v  0.1008 0.5648 0.1220
v  0.2070 1.0222 0.1058
v  0.2102 1.0212 -0.0000
v  0.2097 1.0988 -0.0000
v  0.2077 1.0979 0.0806
v  0.2055 1.1638 -0.0000
v  0.2045 1.1518 0.0701
v  0.1982 0.8360 0.1072
v  0.2012 0.8362 -0.0000
v  0.2075 0.9310 -0.0000
v  0.2038 0.9314 0.1166
v  0.1878 0.7094 -0.0000
v  0.1937 0.7556 -0.0000
v  0.1915 0.7567 0.0828
v  0.1868 0.7160 0.0663
v  0.1895 1.2309 -0.0000
v  0.1890 1.2230 0.0622
v  0.1877 1.1968 0.1218
v  0.1729 0.6236 0.0540
v  0.1772 0.6597 0.0897
v  0.1599 0.6093 0.1199
v  0.1592 0.5877 0.0601
v  0.1802 0.7134 0.1487
v  0.1625 0.6703 0.1789
v  0.1842 0.7804 0.1867
v  0.1664 0.7539 0.2272
v  0.1881 0.8554 0.2089
v  0.1706 0.8431 0.2550
v  0.1920 0.9320 0.2150
v  0.1749 0.9319 0.2625
v  0.1954 1.0038 0.2050
v  0.1790 1.0141 0.2504
v  0.1983 1.0679 0.1808
v  0.1825 1.0876 0.2209
v  0.2004 1.1212 0.1446
v  0.1855 1.1501 0.1764
v  0.1415 0.5801 0.1273
v  0.1422 0.5652 0.0636
v  0.1457 0.6541 0.1900
v  0.1500 0.7431 0.2416
v  0.1547 0.8377 0.2713
v  0.1594 0.9315 0.2795
v  0.1637 1.0178 0.2670
v  0.1675 1.0949 0.2358
v  0.1708 1.1610 0.1882
v  0.1733 1.2107 0.1299
v  0.1748 1.2388 0.0662
v  0.1752 1.2475 -0.0000
v  0.1729 0.6214 -0.0000
v  0.1804 0.6613 -0.0000
v  0.1928 1.0228 0.1051
v  0.1930 1.1156 0.0720
v  0.1945 1.1198 -0.0000
v  0.1959 1.0219 -0.0000
v  0.1840 0.8371 0.1067
v  0.1896 0.9323 0.1160
v  0.1932 0.9319 -0.0000
v  0.1870 0.8374 -0.0000
v  0.1766 0.7341 -0.0000
v  0.1750 0.7380 0.0741
v  0.1873 1.1989 -0.0000
v  0.1869 1.1923 0.0539
v  0.1709 1.2245 0.0621
v  0.1713 1.2323 -0.0000
v  0.1858 1.1699 0.1055
v  0.1696 1.1984 0.1216
v  0.1476 0.5940 -0.0000
v  0.1475 0.5949 0.0581
v  0.1589 0.6368 0.0836
v  0.1589 0.6242 -0.0000
v  0.1441 0.6020 0.1010
v  0.1309 0.6036 0.1256
v  0.1414 0.6721 0.1790
v  0.1627 0.7005 0.1567
v  0.1469 0.7551 0.2274
v  0.1665 0.7734 0.1979
v  0.1518 0.8442 0.2551
v  0.1706 0.8529 0.2217
v  0.1562 0.9331 0.2626
v  0.1746 0.9328 0.2282
v  0.1604 1.0155 0.2504
v  0.1783 1.0073 0.2172
v  0.1641 1.0891 0.2207
v  0.1815 1.0736 0.1912
v  0.1673 1.1517 0.1762
v  0.1840 1.1290 0.1526
v  0.1682 1.2466 -0.0000
v  0.1667 1.2419 -0.0000
v  0.1664 1.2335 0.0645
v  0.1678 1.2380 0.0659
v  0.1650 1.2063 0.1264
v  0.1664 1.2101 0.1291
v  0.1625 1.1579 0.1831
v  0.1639 1.1606 0.1872
v  0.1591 1.0933 0.2295
v  0.1605 1.0948 0.2345
v  0.1552 1.0174 0.2601
v  0.1565 1.0180 0.2656
v  0.1508 0.9326 0.2727
v  0.1521 0.9319 0.2782
v  0.1461 0.8408 0.2647
v  0.1474 0.8384 0.2700
v  0.1408 0.7486 0.2356
v  0.1423 0.7442 0.2400
v  0.1346 0.6624 0.1843
v  0.1369 0.6557 0.1872
v  0.1403 0.6527 0.1898
v  0.1451 0.7422 0.2425
v  0.1355 0.5775 0.1288
v  0.1500 0.8373 0.2726
v  0.1547 0.9315 0.2809
v  0.1591 1.0182 0.2683
v  0.1630 1.0956 0.2370
v  0.1664 1.1619 0.1891
v  0.1690 1.2119 0.1305
v  0.1704 1.2402 0.0665
v  0.1708 1.2489 -0.0000
v  0.1368 0.5651 0.1040
v  0.1376 0.5632 0.0599
v  0.1375 0.5622 -0.0000
v  0.1421 0.5639 -0.0000
v  0.1088 0.5628 0.1037
v  0.1087 0.5656 0.1025
v  0.1141 0.5670 0.0897
v  0.0999 0.5622 0.1037
v  0.1008 0.5648 0.1025
v  0.0998 0.5719 0.1025
v  0.1058 0.5734 0.1025
v  0.1118 0.5750 0.0897
v  0.0948 0.5655 0.1037
v  0.0970 0.5672 0.1025
v  0.0929 0.5701 0.1037
v  0.0955 0.5708 0.1025
v  0.0950 0.5746 0.1025
v  0.0972 0.5786 0.1025
v  0.1045 0.5817 0.1025
v  0.1099 0.5831 0.0897
v  0.1117 0.5836 0.0512
v  0.1117 0.5836 -0.0000
v  0.1138 0.5755 -0.0000
v  0.1138 0.5755 0.0512
v  0.1159 0.5675 0.0512
v  0.1159 0.5675 -0.0000
v  0.1055 0.5770 0.1016
v  0.1071 0.5751 0.1016
v  0.1073 0.5727 0.1016
v  0.1060 0.5706 0.1016
v  0.1038 0.5697 0.1016
v  0.1014 0.5703 0.1016
v  0.0998 0.5721 0.1016
v  0.0996 0.5746 0.1016
v  0.1009 0.5766 0.1016
v  0.1032 0.5776 0.1016
v  0.1068 0.5750 0.1028
v  0.1053 0.5767 0.1028
v  0.1035 0.5736 0.1028
v  0.1069 0.5728 0.1028
v  0.1058 0.5709 0.1028
v  0.1037 0.5701 0.1028
v  0.1016 0.5706 0.1028
v  0.1002 0.5723 0.1028
v  0.1000 0.5745 0.1028
v  0.1012 0.5763 0.1028
v  0.1032 0.5772 0.1028
v  0.1593 0.5868 -0.0000
v  0.4887 0.4946 -0.0774
v  0.4474 0.4946 -0.0863
v  0.4383 0.4946 -0.1272
v  0.4671 0.4946 -0.1131
v  0.3247 0.4946 -0.1046
v  0.3211 0.4946 -0.1518
v  -0.1639 0.5024 -0.1628
v  -0.2284 0.5024 -0.1760
v  -0.2173 0.4946 -0.1982
v  -0.1417 0.4946 -0.1839
v  -0.2000 0.4946 -0.2421
v  -0.1095 0.4946 -0.2270
v  -0.2986 0.4946 -0.1964
v  -0.2963 0.4946 -0.2425
v  -0.3003 0.5024 -0.1740
v  -0.3658 0.5024 -0.1631
v  -0.3700 0.4946 -0.1849
v  -0.3786 0.4946 -0.2294
v  -0.4308 0.4946 -0.1635
v  -0.4482 0.4946 -0.2028
v  -0.4223 0.5024 -0.1437
v  0.3308 0.4946 -0.0436
v  0.4560 0.4946 -0.0354
v  0.5019 0.4946 -0.0312
v  -0.5491 0.4946 -0.1128
v  -0.5066 0.4946 -0.1626
v  -0.4800 0.4946 -0.1321
v  -0.5146 0.4946 -0.0928
v  -0.4670 0.5024 -0.1164
v  -0.4976 0.5024 -0.0824
v  -0.5706 0.4946 -0.0577
v  -0.5312 0.4946 -0.0478
v  -0.5118 0.5024 -0.0426
v  -0.5793 0.4946 -0.1292
v  -0.6048 0.4946 -0.0658
v  -0.4636 0.4946 -0.2362
v  -0.5301 0.4946 -0.1879
v  -0.3860 0.4946 -0.2682
v  -0.2955 0.4946 -0.2829
v  -0.1903 0.4946 -0.2792
v  -0.0940 0.4946 -0.2649
v  0.0145 0.4946 -0.1551
v  -0.0446 0.4946 -0.1960
v  -0.0301 0.4946 -0.2481
v  0.0227 0.4946 -0.2285
v  -0.0875 0.4946 -0.1472
v  -0.1201 0.5024 -0.1282
v  -0.0524 0.4946 -0.0989
v  -0.0929 0.5024 -0.0839
v  0.1877 0.4946 -0.1201
v  0.0860 0.4946 -0.1374
v  0.0858 0.4946 -0.2060
v  0.1850 0.4946 -0.1771
v  0.0273 0.4946 -0.0565
v  0.0943 0.4946 -0.0553
v  0.1958 0.4946 -0.0492
v  -0.0340 0.4946 -0.0497
v  -0.0778 0.5024 -0.0415
v  0.4474 0.5569 -0.0863
v  0.4378 0.5515 -0.1267
v  0.3209 0.5515 -0.1511
v  0.3247 0.5569 -0.1046
v  0.4879 0.5515 -0.0772
v  0.4659 0.5472 -0.1123
v  -0.1639 0.5492 -0.1628
v  -0.1417 0.5569 -0.1839
v  -0.2173 0.5569 -0.1982
v  -0.2284 0.5492 -0.1760
v  -0.2986 0.5569 -0.1964
v  -0.3003 0.5492 -0.1740
v  -0.2000 0.5569 -0.2421
v  -0.2963 0.5569 -0.2425
v  -0.1095 0.5569 -0.2270
v  -0.3700 0.5569 -0.1849
v  -0.3658 0.5492 -0.1631
v  -0.4308 0.5569 -0.1635
v  -0.4223 0.5492 -0.1437
v  -0.3786 0.5569 -0.2294
v  -0.4482 0.5569 -0.2028
v  0.4560 0.5569 -0.0354
v  0.3308 0.5569 -0.0436
v  0.5010 0.5515 -0.0311
v  -0.5491 0.5569 -0.1128
v  -0.5146 0.5569 -0.0928
v  -0.4800 0.5569 -0.1321
v  -0.5066 0.5569 -0.1626
v  -0.4670 0.5492 -0.1164
v  -0.4976 0.5492 -0.0824
v  -0.5312 0.5569 -0.0478
v  -0.5706 0.5569 -0.0577
v  -0.5118 0.5492 -0.0426
v  -0.5785 0.5515 -0.1287
v  -0.6039 0.5515 -0.0655
v  -0.4631 0.5515 -0.2354
v  -0.5295 0.5515 -0.1873
v  -0.3857 0.5515 -0.2674
v  -0.2954 0.5515 -0.2820
v  -0.1904 0.5515 -0.2782
v  -0.0941 0.5515 -0.2640
v  -0.0446 0.5569 -0.1960
v  -0.0302 0.5515 -0.2472
v  0.0145 0.5569 -0.1551
v  0.0226 0.5515 -0.2276
v  -0.0875 0.5569 -0.1472
v  -0.0524 0.5569 -0.0989
v  -0.1201 0.5492 -0.1282
v  -0.0929 0.5492 -0.0839
v  0.1849 0.5515 -0.1764
v  0.0857 0.5515 -0.2051
v  0.0860 0.5569 -0.1374
v  0.1877 0.5569 -0.1201
v  0.0943 0.5569 -0.0553
v  0.0273 0.5569 -0.0565
v  0.1958 0.5569 -0.0492
v  -0.0340 0.5569 -0.0497
v  -0.0778 0.5492 -0.0415
v  0.4770 0.5107 -0.1182
v  0.4770 0.4969 -0.1182
v  0.4393 0.4969 -0.1384
v  0.4393 0.5107 -0.1384
v  0.3217 0.4969 -0.1646
v  0.3217 0.5107 -0.1646
v  0.5072 0.5107 -0.0758
v  0.5072 0.4969 -0.0758
v  -0.2322 0.5258 -0.1686
v  -0.1712 0.5258 -0.1558
v  -0.3009 0.5258 -0.1665
v  -0.3644 0.5258 -0.1558
v  -0.4195 0.5258 -0.1371
v  0.5223 0.4969 -0.0302
v  0.5223 0.5107 -0.0302
v  -0.4627 0.5258 -0.1112
v  -0.4920 0.5258 -0.0789
v  -0.5053 0.5258 -0.0409
v  -0.5899 0.5107 -0.1351
v  -0.5899 0.4969 -0.1351
v  -0.6167 0.4969 -0.0687
v  -0.6167 0.5107 -0.0687
v  -0.4693 0.5107 -0.2474
v  -0.4693 0.4969 -0.2474
v  -0.5385 0.4969 -0.1967
v  -0.5385 0.5107 -0.1967
v  -0.2957 0.5107 -0.2963
v  -0.2957 0.4969 -0.2963
v  -0.3889 0.4969 -0.2811
v  -0.3889 0.5107 -0.2811
v  -0.0907 0.5107 -0.2777
v  -0.0907 0.4969 -0.2777
v  -0.1882 0.4969 -0.2918
v  -0.1882 0.5107 -0.2918
v  0.0242 0.5107 -0.2475
v  0.0242 0.4969 -0.2475
v  -0.0274 0.4969 -0.2641
v  -0.0274 0.5107 -0.2641
v  -0.1310 0.5258 -0.1219
v  -0.1064 0.5258 -0.0789
v  0.1853 0.4969 -0.1924
v  0.0867 0.4969 -0.2243
v  0.0867 0.5107 -0.2243
v  0.1853 0.5107 -0.1924
v  -0.0924 0.5258 -0.0387
v  0.5160 0.5350 -0.0297
v  0.5014 0.5350 -0.0742
v  0.5169 0.5185 -0.0298
v  0.5022 0.5185 -0.0744
v  0.4721 0.5350 -0.1152
v  0.4728 0.5185 -0.1156
v  0.4357 0.5350 -0.1347
v  0.3202 0.5350 -0.1603
v  0.4362 0.5185 -0.1352
v  0.3204 0.5185 -0.1609
v  0.0859 0.5350 -0.2187
v  0.0234 0.5350 -0.2414
v  0.0860 0.5185 -0.2195
v  0.0236 0.5185 -0.2422
v  0.1845 0.5350 -0.1875
v  0.1847 0.5185 -0.1882
v  -0.0283 0.5350 -0.2579
v  -0.0915 0.5350 -0.2714
v  -0.0281 0.5185 -0.2587
v  -0.0914 0.5185 -0.2723
v  -0.1886 0.5350 -0.2855
v  -0.2953 0.5350 -0.2900
v  -0.1886 0.5185 -0.2864
v  -0.2953 0.5185 -0.2909
v  -0.3872 0.5350 -0.2750
v  -0.4662 0.5350 -0.2419
v  -0.3874 0.5185 -0.2759
v  -0.4666 0.5185 -0.2427
v  -0.5341 0.5350 -0.1922
v  -0.5844 0.5350 -0.1319
v  -0.5347 0.5185 -0.1928
v  -0.5852 0.5185 -0.1323
v  -0.6106 0.5350 -0.0671
v  -0.6114 0.5185 -0.0673
v  0.4749 0.5130 -0.1169
v  0.4378 0.5130 -0.1368
v  0.3210 0.5130 -0.1627
v  0.5047 0.5130 -0.0751
v  0.5196 0.5130 -0.0300
v  -0.5875 0.5130 -0.1337
v  -0.6141 0.5130 -0.0680
v  -0.4680 0.5130 -0.2451
v  -0.5366 0.5130 -0.1948
v  -0.2955 0.5130 -0.2936
v  -0.3882 0.5130 -0.2785
v  -0.0910 0.5130 -0.2750
v  -0.1884 0.5130 -0.2891
v  0.0239 0.5130 -0.2449
v  -0.0278 0.5130 -0.2614
v  0.0863 0.5130 -0.2219
v  0.1850 0.5130 -0.1903
v  0.2366 1.1023 -0.1851
v  0.2702 1.1023 -0.2659
v  0.2758 1.1021 -0.2622
v  0.2441 1.1021 -0.1828
v  0.3195 1.1023 -0.3122
v  0.3231 1.1021 -0.3069
v  0.3884 1.1023 -0.3428
v  0.3893 1.1021 -0.3364
v  0.4710 1.1023 -0.3299
v  0.4687 1.1021 -0.3240
v  0.5413 1.1023 -0.2959
v  0.5362 1.1021 -0.2911
v  0.5857 1.1023 -0.2103
v  0.5784 1.1021 -0.2070
v  0.2612 0.5750 -0.1429
v  0.2839 0.5749 -0.2076
v  0.2879 0.5518 -0.2027
v  0.2658 0.5518 -0.1396
v  0.3004 0.5484 -0.2047
v  0.2843 0.5473 -0.1458
v  0.5065 0.5472 -0.1660
v  0.4856 0.5484 -0.2287
v  0.4997 0.5516 -0.2306
v  0.5281 0.5516 -0.1631
v  0.5045 0.5748 -0.2361
v  0.5339 0.5748 -0.1668
v  0.3270 0.5749 -0.2502
v  0.3296 0.5517 -0.2440
v  0.3316 0.5473 -0.2333
v  0.3867 0.5517 -0.2722
v  0.3872 0.5473 -0.2599
v  0.3863 0.5748 -0.2791
v  0.4517 0.5748 -0.2670
v  0.4493 0.5517 -0.2605
v  0.4482 0.5473 -0.2490
v  0.3875 0.5458 -0.1890
v  0.4533 0.5458 -0.1812
v  0.3280 0.5458 -0.1697
v  0.2573 0.8349 -0.1625
v  0.2493 1.0974 -0.1824
v  0.2774 1.0974 -0.2616
v  0.2805 0.8349 -0.2345
v  0.2822 0.6324 -0.2140
v  0.2592 0.6324 -0.1475
v  0.5528 0.8349 -0.1866
v  0.5394 0.6324 -0.1716
v  0.5092 0.6325 -0.2427
v  0.5209 0.8349 -0.2632
v  0.5347 1.0974 -0.2903
v  0.5731 1.0974 -0.2065
v  0.3237 1.0974 -0.3061
v  0.3249 0.8349 -0.2783
v  0.3259 0.6324 -0.2572
v  0.3880 0.8349 -0.3076
v  0.3865 0.6324 -0.2865
v  0.3895 1.0974 -0.3353
v  0.4684 1.0974 -0.3230
v  0.4610 0.8349 -0.2952
v  0.4544 0.6324 -0.2742
v  0.2161 1.0968 -0.1929
v  0.2522 1.0968 -0.2783
v  0.2528 1.0922 -0.2778
v  0.2169 1.0922 -0.1926
v  0.2552 1.0914 -0.2762
v  0.2196 1.0914 -0.1916
v  0.3075 1.0968 -0.3300
v  0.3080 1.0922 -0.3293
v  0.3096 1.0914 -0.3270
v  0.3855 1.0922 -0.3637
v  0.3859 1.0914 -0.3609
v  0.3854 1.0968 -0.3645
v  0.4786 1.0968 -0.3498
v  0.4783 1.0922 -0.3491
v  0.4773 1.0914 -0.3464
v  0.5570 1.0922 -0.3113
v  0.5548 1.0914 -0.3092
v  0.5576 1.0968 -0.3118
v  0.6055 1.0968 -0.2211
v  0.6048 1.0922 -0.2207
v  0.6022 1.0914 -0.2193
v  0.5877 1.0922 -0.2113
v  0.5429 1.0922 -0.2974
v  0.5450 1.0914 -0.2996
v  0.5903 1.0914 -0.2128
v  0.4717 1.0922 -0.3319
v  0.4727 1.0914 -0.3345
v  0.3881 1.0922 -0.3449
v  0.3877 1.0914 -0.3478
v  0.3183 1.0922 -0.3140
v  0.3168 1.0914 -0.3163
v  0.2684 1.0922 -0.2671
v  0.2660 1.0914 -0.2688
v  0.2346 1.0922 -0.1858
v  0.2319 1.0914 -0.1869
v  0.2169 1.1275 -0.1926
v  0.2528 1.1275 -0.2778
v  0.2522 1.1213 -0.2783
v  0.2161 1.1213 -0.1929
v  0.3080 1.1275 -0.3293
v  0.3075 1.1213 -0.3300
v  0.3855 1.1275 -0.3637
v  0.3854 1.1213 -0.3645
v  0.4783 1.1275 -0.3491
v  0.4786 1.1213 -0.3498
v  0.5570 1.1275 -0.3113
v  0.5576 1.1213 -0.3119
v  0.5325 1.1732 -0.2870
v  0.5745 1.1732 -0.2042
v  0.6048 1.1275 -0.2207
v  0.6055 1.1213 -0.2211
v  0.2564 1.1812 -0.1779
v  0.2873 1.1812 -0.2544
v  0.2804 1.1732 -0.2591
v  0.2485 1.1732 -0.1808
v  0.3236 1.1838 -0.2075
v  0.3309 1.1812 -0.2957
v  0.3263 1.1732 -0.3024
v  0.3914 1.1812 -0.3225
v  0.3902 1.1732 -0.3308
v  0.3924 1.1838 -0.2260
v  0.4740 1.1838 -0.2182
v  0.4641 1.1812 -0.3112
v  0.4670 1.1732 -0.3188
v  0.5263 1.1812 -0.2808
v  0.5669 1.1812 -0.2000
v  0.5902 1.1021 -0.1138
v  0.5863 1.0974 -0.1135
v  0.5973 1.1023 -0.1156
v  0.5993 1.0922 -0.1162
v  0.6020 1.0914 -0.1169
v  0.6144 1.0914 -0.1205
v  0.6179 1.0968 -0.1215
v  0.6171 1.0922 -0.1213
v  0.6179 1.1213 -0.1215
v  0.6171 1.1275 -0.1213
v  0.5851 1.1732 -0.1122
v  0.4788 1.1838 -0.1199
v  0.5771 1.1812 -0.1099
v  0.3926 1.1838 -0.1242
v  0.3204 1.1838 -0.1141
v  0.2502 1.1812 -0.0978
v  0.2420 1.1732 -0.0994
v  0.2093 1.1275 -0.1059
v  0.2085 1.1213 -0.1060
v  0.2085 1.0968 -0.1060
v  0.2093 1.0922 -0.1059
v  0.2120 1.0914 -0.1053
v  0.2246 1.0914 -0.1027
v  0.2274 1.0922 -0.1022
v  0.2294 1.1023 -0.1017
v  0.2366 1.1021 -0.1005
v  0.2404 1.0974 -0.1002
v  0.2466 0.8349 -0.0893
v  0.2485 0.6324 -0.0811
v  0.2505 0.5750 -0.0785
v  0.2553 0.5519 -0.0767
v  0.2751 0.5473 -0.0801
v  0.3875 0.5458 -0.1039
v  0.3225 0.5458 -0.0933
v  0.4602 0.5458 -0.0996
v  0.5192 0.5473 -0.0912
v  0.5429 0.5517 -0.0896
v  0.5489 0.5748 -0.0917
v  0.5681 0.8350 -0.1025
v  0.5546 0.6324 -0.0943
v  0.4229 1.1914 -0.0374
v  0.4226 1.1873 -0.0363
v  0.4332 1.1873 -0.0309
v  0.4339 1.1914 -0.0318
v  0.4416 1.1873 -0.0224
v  0.4426 1.1914 -0.0231
v  0.4471 1.1873 -0.0118
v  0.4481 1.1914 -0.0121
v  0.3745 1.1873 -0.0118
v  0.3734 1.1914 -0.0121
v  0.3799 1.1873 -0.0224
v  0.3790 1.1914 -0.0231
v  0.3884 1.1873 -0.0309
v  0.3877 1.1914 -0.0318
v  0.3990 1.1873 -0.0363
v  0.3986 1.1914 -0.0374
v  0.4108 1.1873 -0.0381
v  0.4108 1.1914 -0.0393
v  0.4218 1.1870 -0.0338
v  0.4317 1.1870 -0.0288
v  0.4395 1.1870 -0.0209
v  0.4446 1.1870 -0.0110
v  0.3770 1.1870 -0.0110
v  0.3820 1.1870 -0.0209
v  0.3899 1.1870 -0.0288
v  0.3998 1.1870 -0.0338
v  0.4108 1.1870 -0.0356
v  0.4260 1.1861 -0.0469
v  0.4108 1.1861 -0.0493
v  0.4108 1.1918 -0.0429
v  0.4240 1.1918 -0.0408
v  0.4360 1.1918 -0.0347
v  0.4398 1.1861 -0.0399
v  0.4455 1.1918 -0.0252
v  0.4507 1.1861 -0.0290
v  0.4515 1.1918 -0.0132
v  0.4577 1.1861 -0.0152
v  0.3700 1.1918 -0.0132
v  0.3639 1.1861 -0.0152
v  0.3761 1.1918 -0.0252
v  0.3709 1.1861 -0.0290
v  0.3856 1.1918 -0.0347
v  0.3818 1.1861 -0.0399
v  0.3975 1.1918 -0.0408
v  0.3955 1.1861 -0.0469
v  0.4246 1.1792 -0.0426
v  0.4262 1.1823 -0.0476
v  0.4402 1.1823 -0.0405
v  0.4371 1.1792 -0.0362
v  0.4513 1.1823 -0.0294
v  0.4470 1.1792 -0.0263
v  0.4584 1.1823 -0.0155
v  0.4534 1.1792 -0.0138
v  0.3632 1.1823 -0.0155
v  0.3682 1.1792 -0.0138
v  0.3703 1.1823 -0.0294
v  0.3745 1.1792 -0.0263
v  0.3814 1.1823 -0.0405
v  0.3845 1.1792 -0.0362
v  0.3953 1.1823 -0.0476
v  0.3969 1.1792 -0.0426
v  0.4108 1.1823 -0.0500
v  0.4108 1.1792 -0.0448
v  0.4204 1.1956 -0.0295
v  0.4290 1.1956 -0.0251
v  0.4108 1.1956 -0.0310
v  0.4359 1.1956 -0.0182
v  0.4403 1.1956 -0.0096
v  0.3813 1.1956 -0.0096
v  0.3857 1.1956 -0.0182
v  0.3926 1.1956 -0.0251
v  0.4012 1.1956 -0.0295
v  0.1063 0.5782 -0.0772
v  0.1084 0.5757 -0.0772
v  0.1087 0.5724 -0.0772
v  0.1069 0.5696 -0.0772
v  0.1039 0.5683 -0.0772
v  0.1007 0.5691 -0.0772
v  0.0985 0.5716 -0.0772
v  0.0983 0.5749 -0.0772
v  0.1000 0.5777 -0.0772
v  0.1031 0.5790 -0.0772
v  0.1079 0.5635 -0.0934
v  0.1076 0.5736 -0.0943
v  0.1137 0.5737 -0.0934
v  0.1079 0.5850 -0.0934
v  0.0424 0.5744 -0.0983
v  0.0298 0.5849 -0.0991
v  0.0753 0.5853 -0.0934
v  0.0755 0.5737 -0.0943
v  0.0575 0.5632 -0.0952
v  0.0838 0.5624 -0.0438
v  0.1081 0.5631 -0.0435
v  0.0790 0.5624 -0.0731
v  0.1081 0.5631 -0.0771
v  0.1081 0.5854 -0.0771
v  0.0754 0.5862 -0.0771
v  0.0755 0.5862 -0.0436
v  0.1081 0.5854 -0.0435
v  0.0548 0.5863 -0.0440
v  0.0541 0.5863 -0.0691
v  0.1141 0.5737 -0.0435
v  0.1141 0.5737 -0.0771
v  -0.0772 0.5716 -0.0422
v  -0.0940 0.5648 -0.0401
v  -0.0949 0.5716 -0.0841
v  -0.1091 0.5648 -0.0800
v  0.0224 0.5899 -0.0417
v  -0.0031 0.5897 -0.1048
v  -0.1701 0.5713 -0.1597
v  -0.1256 0.5715 -0.1257
v  -0.0607 0.5895 -0.1670
v  -0.1271 0.5894 -0.2120
v  -0.1360 0.5647 -0.1197
v  -0.1766 0.5645 -0.1522
v  -0.2960 0.5643 -0.1748
v  -0.2329 0.5644 -0.1704
v  -0.2296 0.5713 -0.1789
v  -0.2953 0.5712 -0.1836
v  -0.2069 0.5893 -0.2377
v  -0.2906 0.5892 -0.2445
v  -0.4153 0.5711 -0.1527
v  -0.3584 0.5711 -0.1740
v  -0.3685 0.5892 -0.2328
v  -0.4381 0.5891 -0.2050
v  -0.3569 0.5642 -0.1655
v  -0.4119 0.5642 -0.1452
v  -0.4901 0.5642 -0.0814
v  -0.4574 0.5642 -0.1165
v  -0.4626 0.5711 -0.1224
v  -0.4968 0.5711 -0.0854
v  -0.4968 0.5890 -0.1636
v  -0.5404 0.5889 -0.1131
v  -0.5143 0.5710 -0.0438
v  -0.5646 0.5890 -0.0577
v  -0.5066 0.5642 -0.0418
v  0.0171 0.5747 -0.1370
v  0.0098 0.5893 -0.1105
v  -0.0343 0.5745 -0.1863
v  -0.0496 0.5893 -0.1751
v  -0.1193 0.5890 -0.2222
v  -0.1084 0.5742 -0.2364
v  -0.1968 0.5740 -0.2653
v  -0.2027 0.5889 -0.2493
v  -0.2899 0.5888 -0.2566
v  -0.2888 0.5738 -0.2734
v  -0.3738 0.5737 -0.2610
v  -0.3707 0.5887 -0.2446
v  -0.4429 0.5886 -0.2157
v  -0.4497 0.5736 -0.2305
v  -0.5146 0.5735 -0.1841
v  -0.5042 0.5885 -0.1722
v  -0.5498 0.5884 -0.1190
v  -0.5633 0.5735 -0.1272
v  -0.5907 0.5735 -0.0649
v  -0.5753 0.5884 -0.0607
v  -0.5182 0.5638 -0.1885
v  -0.5681 0.5638 -0.1301
v  -0.4520 0.5638 -0.2361
v  -0.2882 0.5640 -0.2798
v  -0.3747 0.5639 -0.2673
v  -0.1942 0.5641 -0.2715
v  -0.1036 0.5643 -0.2419
v  -0.0273 0.5645 -0.1907
v  0.0258 0.5646 -0.1399
v  -0.5962 0.5637 -0.0664
v  -0.0435 0.5569 -0.0997
v  0.0164 0.5575 -0.1354
v  0.0453 0.5576 -0.0841
v  -0.0182 0.5569 -0.0445
v  -0.0874 0.5569 -0.1513
v  -0.0350 0.5575 -0.1846
v  -0.1438 0.5569 -0.1923
v  -0.1088 0.5575 -0.2343
v  -0.2155 0.5569 -0.2157
v  -0.1968 0.5575 -0.2629
v  -0.2924 0.5569 -0.2219
v  -0.2884 0.5575 -0.2709
v  -0.3648 0.5569 -0.2111
v  -0.3728 0.5574 -0.2586
v  -0.4298 0.5569 -0.1860
v  -0.4481 0.5574 -0.2283
v  -0.4846 0.5569 -0.1488
v  -0.5125 0.5574 -0.1822
v  -0.5250 0.5569 -0.1032
v  -0.5609 0.5574 -0.1257
v  -0.5467 0.5569 -0.0528
v  -0.5881 0.5574 -0.0641
v  -0.1045 0.5577 -0.0822
v  -0.0891 0.5577 -0.0412
v  -0.0988 0.5603 -0.0396
v  -0.1131 0.5602 -0.0791
v  -0.1388 0.5602 -0.1184
v  -0.1320 0.5577 -0.1231
v  -0.1783 0.5601 -0.1506
v  -0.1736 0.5577 -0.1566
v  -0.2338 0.5600 -0.1687
v  -0.2313 0.5577 -0.1755
v  -0.2963 0.5600 -0.1731
v  -0.2959 0.5576 -0.1802
v  -0.3567 0.5599 -0.1639
v  -0.3581 0.5576 -0.1708
v  -0.4114 0.5599 -0.1438
v  -0.4142 0.5576 -0.1500
v  -0.4566 0.5599 -0.1155
v  -0.4608 0.5576 -0.1204
v  -0.4890 0.5599 -0.0808
v  -0.4944 0.5576 -0.0841
v  -0.5053 0.5599 -0.0415
v  -0.5115 0.5576 -0.0432
v  -0.5680 0.5591 -0.1300
v  -0.5181 0.5591 -0.1886
v  -0.4518 0.5591 -0.2363
v  -0.3745 0.5591 -0.2675
v  -0.2879 0.5592 -0.2801
v  -0.1937 0.5592 -0.2718
v  -0.1028 0.5593 -0.2422
v  -0.0261 0.5594 -0.1909
v  0.0273 0.5595 -0.1400
v  0.0528 0.5596 -0.0901
v  -0.5962 0.5591 -0.0663
v  0.0566 0.5576 -0.0457
v  0.0705 0.5617 -0.0466
v  0.0677 0.5596 -0.0469
v  0.0409 0.5870 -0.0460
v  0.0347 0.5890 -0.0445
v  0.0772 0.5628 -0.0934
v  0.1214 0.5776 -0.1225
v  0.1101 0.5746 -0.1220
v  0.1078 0.5826 -0.1220
v  0.1192 0.5845 -0.1220
v  0.1228 0.5703 -0.1220
v  0.1120 0.5664 -0.1220
v  0.0920 0.5699 -0.1122
v  0.0929 0.5701 -0.1208
v  0.0948 0.5655 -0.1208
v  0.0941 0.5650 -0.1122
v  0.0914 0.5751 -0.1122
v  0.0923 0.5750 -0.1208
v  0.1279 0.5662 -0.1124
v  0.1232 0.5665 -0.1208
v  0.1305 0.5782 -0.1290
v  0.1127 0.5629 -0.1122
v  0.1125 0.5638 -0.1208
v  0.1067 0.5860 -0.1122
v  0.1032 0.5842 -0.1037
v  0.1109 0.5865 -0.0951
v  0.0945 0.5809 -0.1122
v  0.0952 0.5803 -0.1037
v  0.0995 0.5614 -0.1122
v  0.0999 0.5622 -0.1208
v  0.1211 0.5897 -0.0909
v  0.1214 0.5897 -0.1122
v  0.1184 0.5653 -0.0512
v  0.1279 0.5660 -0.0522
v  0.1178 0.5645 -0.0898
v  0.1279 0.5662 -0.0919
v  0.1210 0.5896 -0.0513
v  0.1128 0.5867 -0.0512
v  0.0923 0.5750 -0.1037
v  0.1287 0.5998 -0.1376
v  0.1176 0.5879 -0.1208
v  0.1070 0.5852 -0.1208
v  0.0972 0.5786 -0.1220
v  0.0952 0.5803 -0.1208
v  0.0958 0.5709 -0.1220
v  0.1008 0.5648 -0.1220
v  0.2070 1.0222 -0.1058
v  0.2077 1.0979 -0.0806
v  0.2045 1.1518 -0.0701
v  0.1982 0.8360 -0.1072
v  0.2038 0.9314 -0.1166
v  0.1868 0.7160 -0.0663
v  0.1915 0.7567 -0.0828
v  0.1890 1.2230 -0.0622
v  0.1877 1.1968 -0.1218
v  0.1729 0.6236 -0.0540
v  0.1592 0.5877 -0.0601
v  0.1599 0.6093 -0.1199
v  0.1772 0.6597 -0.0897
v  0.1625 0.6703 -0.1789
v  0.1802 0.7134 -0.1487
v  0.1664 0.7539 -0.2272
v  0.1842 0.7804 -0.1867
v  0.1706 0.8431 -0.2550
v  0.1881 0.8554 -0.2089
v  0.1749 0.9319 -0.2625
v  0.1920 0.9320 -0.2150
v  0.1790 1.0141 -0.2504
v  0.1954 1.0038 -0.2050
v  0.1825 1.0876 -0.2209
v  0.1983 1.0679 -0.1808
v  0.1855 1.1501 -0.1764
v  0.2004 1.1212 -0.1446
v  0.1422 0.5652 -0.0636
v  0.1415 0.5801 -0.1273
v  0.1457 0.6541 -0.1900
v  0.1500 0.7431 -0.2416
v  0.1547 0.8377 -0.2713
v  0.1594 0.9315 -0.2795
v  0.1637 1.0178 -0.2670
v  0.1675 1.0949 -0.2358
v  0.1708 1.1610 -0.1882
v  0.1733 1.2107 -0.1299
v  0.1748 1.2388 -0.0662
v  0.1928 1.0228 -0.1051
v  0.1930 1.1156 -0.0720
v  0.1840 0.8371 -0.1067
v  0.1896 0.9323 -0.1160
v  0.1750 0.7380 -0.0741
v  0.1709 1.2245 -0.0621
v  0.1869 1.1923 -0.0539
v  0.1696 1.1984 -0.1216
v  0.1858 1.1699 -0.1055
v  0.1589 0.6368 -0.0836
v  0.1475 0.5949 -0.0581
v  0.1441 0.6020 -0.1010
v  0.1627 0.7005 -0.1567
v  0.1414 0.6721 -0.1790
v  0.1309 0.6036 -0.1256
v  0.1665 0.7734 -0.1979
v  0.1469 0.7551 -0.2274
v  0.1706 0.8529 -0.2217
v  0.1518 0.8442 -0.2551
v  0.1746 0.9328 -0.2282
v  0.1562 0.9331 -0.2626
v  0.1783 1.0073 -0.2172
v  0.1604 1.0155 -0.2504
v  0.1815 1.0736 -0.1912
v  0.1641 1.0891 -0.2207
v  0.1840 1.1290 -0.1526
v  0.1673 1.1517 -0.1762
v  0.1678 1.2380 -0.0659
v  0.1664 1.2335 -0.0645
v  0.1650 1.2063 -0.1264
v  0.1664 1.2101 -0.1291
v  0.1639 1.1606 -0.1872
v  0.1625 1.1579 -0.1831
v  0.1591 1.0933 -0.2295
v  0.1605 1.0948 -0.2345
v  0.1565 1.0180 -0.2656
v  0.1552 1.0174 -0.2601
v  0.1508 0.9326 -0.2727
v  0.1521 0.9319 -0.2782
v  0.1474 0.8384 -0.2700
v  0.1461 0.8408 -0.2647
v  0.1408 0.7486 -0.2356
v  0.1423 0.7442 -0.2400
v  0.1369 0.6557 -0.1872
v  0.1346 0.6624 -0.1843
v  0.1451 0.7422 -0.2425
v  0.1403 0.6527 -0.1898
v  0.1355 0.5775 -0.1288
v  0.1547 0.9315 -0.2809
v  0.1500 0.8373 -0.2726
v  0.1630 1.0956 -0.2370
v  0.1591 1.0182 -0.2683
v  0.1690 1.2119 -0.1305
v  0.1664 1.1619 -0.1891
v  0.1704 1.2402 -0.0665
v  0.1376 0.5632 -0.0599
v  0.1368 0.5651 -0.1040
v  0.1141 0.5670 -0.0897
v  0.1087 0.5656 -0.1025
v  0.1088 0.5628 -0.1037
v  0.1008 0.5648 -0.1025
v  0.0999 0.5622 -0.1037
v  0.1058 0.5734 -0.1025
v  0.0998 0.5719 -0.1025
v  0.1118 0.5750 -0.0897
v  0.0970 0.5672 -0.1025
v  0.0948 0.5655 -0.1037
v  0.0955 0.5708 -0.1025
v  0.0929 0.5701 -0.1037
v  0.0950 0.5746 -0.1025
v  0.0972 0.5786 -0.1025
v  0.1045 0.5817 -0.1025
v  0.1099 0.5831 -0.0897
v  0.1117 0.5836 -0.0512
v  0.1138 0.5755 -0.0512
v  0.1159 0.5675 -0.0512
v  0.1071 0.5751 -0.1016
v  0.1055 0.5770 -0.1016
v  0.1073 0.5727 -0.1016
v  0.1060 0.5706 -0.1016
v  0.1038 0.5697 -0.1016
v  0.1014 0.5703 -0.1016
v  0.0998 0.5721 -0.1016
v  0.0996 0.5746 -0.1016
v  0.1009 0.5766 -0.1016
v  0.1032 0.5776 -0.1016
v  0.1068 0.5750 -0.1028
v  0.1035 0.5736 -0.1028
v  0.1053 0.5767 -0.1028
v  0.1069 0.5728 -0.1028
v  0.1058 0.5709 -0.1028
v  0.1037 0.5701 -0.1028
v  0.1016 0.5706 -0.1028
v  0.1002 0.5723 -0.1028
v  0.1000 0.5745 -0.1028
v  0.1012 0.5763 -0.1028
v  0.1032 0.5772 -0.1028
v  -0.4749 0.3433 0.1444
v  -0.5170 0.4037 0.1528
v  -0.5523 0.3992 0.0946
v  -0.4938 0.3229 0.0915
v  -0.5683 0.3955 -0.0000
v  -0.5050 0.3109 -0.0000
v  -0.1615 0.3998 0.1726
v  -0.1782 0.3373 0.1509
v  -0.1547 0.3193 0.1171
v  -0.1292 0.3939 0.1233
v  -0.2034 0.0002 -0.0000
v  -0.1153 0.0002 -0.0000
v  -0.1262 0.0002 0.0914
v  -0.2150 0.0002 0.1036
v  -0.4435 0.2680 -0.0000
v  -0.4355 0.2824 0.0964
v  -0.4068 0.3126 0.1731
v  -0.4252 0.2972 0.1380
v  -0.2170 0.3991 0.2049
v  -0.2252 0.3366 0.1720
v  -0.2838 0.3965 0.2251
v  -0.2863 0.3306 0.1863
v  -0.3553 0.3946 0.2274
v  -0.3507 0.3239 0.1888
v  -0.4237 0.3958 0.2144
v  -0.4658 0.4006 0.1961
v  -0.1803 0.1339 0.1382
v  -0.1800 0.0731 0.1386
v  -0.1656 0.0730 0.1159
v  -0.1659 0.1339 0.1167
v  -0.1701 0.0464 0.1391
v  -0.1586 0.0489 0.1175
v  -0.4596 0.1343 -0.0000
v  -0.4769 0.0717 -0.0000
v  -0.4585 0.0718 0.1112
v  -0.4459 0.1344 0.1022
v  -0.4882 0.0320 -0.0000
v  -0.4671 0.0327 0.1158
v  -0.4410 0.0719 0.1463
v  -0.4313 0.1345 0.1350
v  -0.4468 0.0332 0.1525
v  -0.4181 0.0338 0.1753
v  -0.4151 0.0720 0.1681
v  -0.4082 0.1346 0.1558
v  -0.3545 0.0724 0.1815
v  -0.3522 0.1347 0.1689
v  -0.3552 0.0350 0.1891
v  -0.2866 0.0726 0.1798
v  -0.2866 0.1347 0.1693
v  -0.2866 0.0360 0.1874
v  -0.2268 0.0373 0.1730
v  -0.2268 0.0729 0.1654
v  -0.2266 0.1348 0.1572
v  -0.1802 0.3077 0.1384
v  -0.1791 0.2664 0.1380
v  -0.1632 0.2720 0.1167
v  -0.4407 0.2473 -0.0000
v  -0.4460 0.2064 -0.0000
v  -0.4345 0.2170 0.0975
v  -0.4318 0.2602 0.0964
v  -0.4217 0.2249 0.1309
v  -0.4199 0.2732 0.1329
v  -0.4031 0.2331 0.1528
v  -0.3999 0.2847 0.1583
v  -0.3505 0.2376 0.1660
v  -0.3495 0.2946 0.1721
v  -0.2866 0.2419 0.1673
v  -0.2866 0.3013 0.1710
v  -0.2263 0.2472 0.1567
v  -0.2260 0.3070 0.1583
v  -0.1809 0.2051 0.1379
v  -0.1644 0.2037 0.1167
v  -0.2762 0.0002 -0.0000
v  -0.2810 0.0002 0.1104
v  -0.3704 0.0002 -0.0000
v  -0.3603 0.0002 0.1240
v  -0.4907 0.0079 -0.0000
v  -0.4897 0.0021 -0.0000
v  -0.4675 0.0021 0.1162
v  -0.4686 0.0080 0.1167
v  -0.4689 0.0007 -0.0000
v  -0.4496 0.0007 0.1142
v  -0.1388 0.0000 0.1512
v  -0.1375 0.0021 0.1564
v  -0.2273 0.0021 0.1723
v  -0.2262 0.0007 0.1660
v  -0.1370 0.0091 0.1577
v  -0.2269 0.0089 0.1737
v  -0.2868 0.0021 0.1867
v  -0.2865 0.0007 0.1751
v  -0.2866 0.0086 0.1881
v  -0.3553 0.0084 0.1897
v  -0.3551 0.0021 0.1884
v  -0.3566 0.0007 0.1776
v  -0.4184 0.0082 0.1760
v  -0.4177 0.0021 0.1748
v  -0.4117 0.0011 0.1691
v  -0.4466 0.0021 0.1525
v  -0.4315 0.0007 0.1513
v  -0.4476 0.0081 0.1534
v  -0.1369 0.0264 0.1581
v  -0.0696 0.5110 -0.0000
v  -0.1180 0.4513 -0.0000
v  -0.1269 0.4506 0.0767
v  -0.0746 0.5101 0.0537
v  -0.1700 0.3588 -0.0000
v  -0.1743 0.3581 0.0363
v  -0.5806 0.4946 -0.0000
v  -0.5944 0.5078 -0.0000
v  -0.5900 0.5078 0.0526
v  -0.5763 0.4946 0.0496
v  -0.5966 0.4961 -0.0000
v  -0.5922 0.4961 0.0524
v  -0.5783 0.4960 0.1027
v  -0.5763 0.5078 0.1031
v  -0.5635 0.4946 0.0972
v  -0.5529 0.5077 0.1491
v  -0.5420 0.4945 0.1406
v  -0.5540 0.4959 0.1486
v  -0.5210 0.4958 0.1880
v  -0.5208 0.5075 0.1886
v  -0.5121 0.4944 0.1777
v  -0.4807 0.5073 0.2192
v  -0.4741 0.4942 0.2066
v  -0.4808 0.4957 0.2187
v  -0.4349 0.4955 0.2406
v  -0.4346 0.5071 0.2411
v  -0.4300 0.4940 0.2271
v  -0.1442 0.4938 0.1898
v  -0.1436 0.5052 0.1896
v  -0.1832 0.5056 0.2182
v  -0.1839 0.4942 0.2182
v  -0.1522 0.4940 0.1781
v  -0.1899 0.4926 0.2051
v  -0.2335 0.4929 0.2261
v  -0.2289 0.5060 0.2403
v  -0.2297 0.4946 0.2403
v  -0.1120 0.5048 0.1569
v  -0.1222 0.4956 0.1470
v  -0.1124 0.4931 0.1571
v  -0.0880 0.4929 0.1128
v  -0.0875 0.5051 0.1124
v  -0.0985 0.4986 0.1046
v  -0.3322 0.4951 0.2581
v  -0.3316 0.5066 0.2584
v  -0.3841 0.5069 0.2542
v  -0.3846 0.4953 0.2537
v  -0.3315 0.4935 0.2432
v  -0.3817 0.4938 0.2394
v  -0.2791 0.5063 0.2538
v  -0.2814 0.4932 0.2388
v  -0.2798 0.4948 0.2536
v  -0.5807 0.4640 0.0758
v  -0.5919 0.4640 -0.0000
v  -0.5334 0.4639 0.1645
v  -0.1484 0.4623 0.1859
v  -0.1054 0.4598 0.1323
v  -0.2097 0.4630 0.2245
v  -0.2812 0.4633 0.2482
v  -0.3580 0.4635 0.2504
v  -0.4328 0.4636 0.2353
v  -0.4776 0.4637 0.2138
v  -0.5409 0.4518 0.0610
v  -0.5501 0.4518 -0.0000
v  -0.4309 0.3496 0.0347
v  -0.4367 0.3495 -0.0000
v  -0.5039 0.4517 0.1322
v  -0.4081 0.3499 0.0752
v  -0.1627 0.4503 0.1345
v  -0.1965 0.3527 0.0757
v  -0.3330 0.4512 0.2000
v  -0.2280 0.4508 0.1794
v  -0.2370 0.3522 0.1026
v  -0.3023 0.3513 0.1141
v  -0.4385 0.4516 0.1803
v  -0.3677 0.3504 0.1026
v  -0.3024 0.2843 0.0329
v  -0.3117 0.2824 -0.0000
v  -0.2204 0.2570 0.0249
v  -0.2257 0.2537 -0.0000
v  -0.1713 0.3108 0.0208
v  -0.1924 0.3063 0.0533
v  -0.1364 0.3049 0.0139
v  -0.1359 0.2926 0.0355
v  -0.2565 0.2935 0.0650
v  -0.1945 0.2731 0.0491
v  -0.1714 0.3111 -0.0000
v  -0.1354 0.2495 -0.0000
v  -0.1359 0.2458 -0.0000
v  -0.1359 0.2495 0.0220
v  -0.1354 0.2517 0.0215
v  -0.1336 0.2675 0.0432
v  -0.1330 0.2675 0.0401
v  -0.1359 0.3020 0.0137
v  -0.1354 0.2918 0.0339
v  -0.1364 0.3055 -0.0000
v  -0.1359 0.3020 -0.0000
v  -0.1353 0.2891 -0.0000
v  -0.1353 0.2875 0.0149
v  -0.1329 0.2668 -0.0000
v  -0.1363 0.0406 0.1457
v  0.1643 0.0430 0.1231
v  0.2081 0.0422 0.1077
v  0.2014 0.0475 0.0719
v  0.1486 0.0477 0.0715
v  0.2593 0.0444 0.0572
v  0.2372 0.0411 0.0848
v  0.1460 0.1029 0.0620
v  0.1467 0.0710 0.0614
v  0.2023 0.0709 0.0595
v  0.1979 0.1032 0.0596
v  0.2532 0.0716 0.0541
v  0.2469 0.1038 0.0552
v  0.2515 0.1541 0.0575
v  0.2595 0.1548 -0.0000
v  0.2665 0.2031 -0.0000
v  0.2665 0.2031 0.0575
v  0.2947 0.2715 -0.0000
v  0.2841 0.2726 0.0593
v  0.2600 0.1039 -0.0000
v  0.2685 0.0719 -0.0000
v  0.2750 0.0436 -0.0000
v  0.2529 0.0007 -0.0000
v  0.2742 0.0021 -0.0000
v  0.2624 0.0021 0.0573
v  0.2427 0.0007 0.0563
v  0.2756 0.0085 -0.0000
v  0.2637 0.0086 0.0578
v  0.2430 0.0021 0.0852
v  0.2259 0.0007 0.0830
v  0.2441 0.0088 0.0860
v  0.2124 0.0090 0.1103
v  0.2116 0.0021 0.1091
v  0.1992 0.0007 0.1058
v  0.1658 0.0021 0.1259
v  0.1610 0.0007 0.1219
v  0.1663 0.0091 0.1272
v  0.2761 0.0242 -0.0000
v  0.2643 0.0246 0.0577
v  0.1322 0.0002 0.1267
v  0.1444 0.0002 0.0719
v  0.2127 0.0259 0.1106
v  0.1665 0.0264 0.1276
v  0.0309 0.0002 -0.0000
v  0.1557 0.0002 -0.0000
v  0.0301 0.0002 0.0781
v  0.2446 0.0252 0.0861
v  0.4206 0.4772 -0.0000
v  0.4400 0.5110 -0.0000
v  0.4338 0.5110 0.0541
v  0.4143 0.4792 0.0555
v  0.3592 0.3803 -0.0000
v  0.3527 0.3877 0.0559
v  0.0239 0.0000 0.1355
v  0.1134 0.1029 0.0620
v  0.1140 0.0710 0.0614
v  0.1157 0.0477 0.0715
v  0.2178 0.2031 0.0594
v  0.2048 0.1541 0.0604
v  0.2335 0.2726 0.0610
v  0.3774 0.5110 0.0541
v  0.3589 0.4792 0.0555
v  0.2999 0.3877 0.0559
v  -0.0587 0.5110 0.0541
v  0.1391 0.5110 0.0541
v  0.1416 0.5110 -0.0000
v  -0.0571 0.5110 -0.0000
v  0.1610 0.2031 0.0594
v  0.1268 0.2031 0.0594
v  0.1173 0.1541 0.0604
v  0.1503 0.1541 0.0604
v  0.1744 0.2726 0.0610
v  0.1386 0.2726 0.0610
v  0.3115 0.5110 0.0541
v  0.2700 0.5110 0.0541
v  0.2535 0.4792 0.0555
v  0.2943 0.4792 0.0555
v  0.2381 0.3877 0.0559
v  0.1992 0.3877 0.0559
v  0.3829 0.5110 -0.0000
v  0.3162 0.5110 -0.0000
v  0.1303 0.0430 0.1290
v  0.1323 0.0091 0.1331
v  0.1318 0.0021 0.1318
v  0.1325 0.0264 0.1335
v  0.0106 0.1029 0.0620
v  0.0110 0.0710 0.0614
v  0.0120 0.0477 0.0715
v  0.2741 0.5110 -0.0000
v  0.0187 0.2031 0.0594
v  0.0130 0.1541 0.0604
v  0.0259 0.2726 0.0610
v  0.1251 0.4792 0.0555
v  0.0764 0.3877 0.0559
v  0.0230 0.0430 0.1388
v  0.0250 0.0091 0.1429
v  0.0245 0.0021 0.1416
v  0.0252 0.0264 0.1433
v  -0.1447 0.1029 0.0620
v  -0.1461 0.0708 0.0630
v  -0.1446 0.0477 0.0715
v  -0.1445 0.2031 0.0594
v  -0.1445 0.1541 0.0604
v  -0.1421 0.2726 0.0610
v  -0.0626 0.4915 0.0585
v  -0.1348 0.3091 0.0596
v  -0.0765 0.4603 0.0577
v  -0.1091 0.3900 0.0559
v  -0.4749 0.3433 -0.1444
v  -0.4938 0.3229 -0.0915
v  -0.5523 0.3992 -0.0946
v  -0.5170 0.4037 -0.1528
v  -0.1615 0.3998 -0.1726
v  -0.1292 0.3939 -0.1233
v  -0.1547 0.3193 -0.1171
v  -0.1782 0.3373 -0.1509
v  -0.2150 0.0002 -0.1036
v  -0.1262 0.0002 -0.0914
v  -0.4355 0.2824 -0.0964
v  -0.4068 0.3126 -0.1731
v  -0.4252 0.2972 -0.1380
v  -0.2252 0.3366 -0.1720
v  -0.2170 0.3991 -0.2049
v  -0.2863 0.3306 -0.1863
v  -0.2838 0.3965 -0.2251
v  -0.3507 0.3239 -0.1888
v  -0.3553 0.3946 -0.2274
v  -0.4237 0.3958 -0.2144
v  -0.4658 0.4006 -0.1961
v  -0.1803 0.1339 -0.1382
v  -0.1659 0.1339 -0.1167
v  -0.1656 0.0730 -0.1159
v  -0.1800 0.0731 -0.1386
v  -0.1586 0.0489 -0.1175
v  -0.1701 0.0464 -0.1391
v  -0.4459 0.1344 -0.1022
v  -0.4585 0.0718 -0.1112
v  -0.4671 0.0327 -0.1158
v  -0.4313 0.1345 -0.1350
v  -0.4410 0.0719 -0.1463
v  -0.4468 0.0332 -0.1525
v  -0.4151 0.0720 -0.1681
v  -0.4181 0.0338 -0.1753
v  -0.4082 0.1346 -0.1558
v  -0.3522 0.1347 -0.1689
v  -0.3545 0.0724 -0.1815
v  -0.3552 0.0350 -0.1891
v  -0.2866 0.1347 -0.1693
v  -0.2866 0.0726 -0.1798
v  -0.2866 0.0360 -0.1874
v  -0.2268 0.0729 -0.1654
v  -0.2268 0.0373 -0.1730
v  -0.2266 0.1348 -0.1572
v  -0.1802 0.3077 -0.1384
v  -0.1632 0.2720 -0.1167
v  -0.1791 0.2664 -0.1380
v  -0.4318 0.2602 -0.0964
v  -0.4345 0.2170 -0.0975
v  -0.4199 0.2732 -0.1329
v  -0.4217 0.2249 -0.1309
v  -0.3999 0.2847 -0.1583
v  -0.4031 0.2331 -0.1528
v  -0.3495 0.2946 -0.1721
v  -0.3505 0.2376 -0.1660
v  -0.2866 0.3013 -0.1710
v  -0.2866 0.2419 -0.1673
v  -0.2260 0.3070 -0.1583
v  -0.2263 0.2472 -0.1567
v  -0.1809 0.2051 -0.1379
v  -0.1644 0.2037 -0.1167
v  -0.2810 0.0002 -0.1104
v  -0.3603 0.0002 -0.1240
v  -0.4686 0.0080 -0.1167
v  -0.4675 0.0021 -0.1162
v  -0.4496 0.0007 -0.1142
v  -0.1388 0.0000 -0.1512
v  -0.2262 0.0007 -0.1660
v  -0.2273 0.0021 -0.1723
v  -0.1375 0.0021 -0.1564
v  -0.2269 0.0089 -0.1737
v  -0.1370 0.0091 -0.1577
v  -0.2865 0.0007 -0.1751
v  -0.2868 0.0021 -0.1867
v  -0.2866 0.0086 -0.1881
v  -0.3551 0.0021 -0.1884
v  -0.3553 0.0084 -0.1897
v  -0.3566 0.0007 -0.1776
v  -0.4177 0.0021 -0.1748
v  -0.4184 0.0082 -0.1760
v  -0.4117 0.0011 -0.1691
v  -0.4315 0.0007 -0.1513
v  -0.4466 0.0021 -0.1525
v  -0.4476 0.0081 -0.1534
v  -0.1369 0.0264 -0.1581
v  -0.0746 0.5101 -0.0537
v  -0.1269 0.4506 -0.0767
v  -0.1743 0.3581 -0.0363
v  -0.5763 0.4946 -0.0496
v  -0.5900 0.5078 -0.0526
v  -0.5922 0.4961 -0.0524
v  -0.5763 0.5078 -0.1031
v  -0.5783 0.4960 -0.1027
v  -0.5635 0.4946 -0.0972
v  -0.5420 0.4945 -0.1406
v  -0.5529 0.5077 -0.1491
v  -0.5540 0.4959 -0.1486
v  -0.5208 0.5075 -0.1886
v  -0.5210 0.4958 -0.1880
v  -0.5121 0.4944 -0.1777
v  -0.4741 0.4942 -0.2066
v  -0.4807 0.5073 -0.2192
v  -0.4808 0.4957 -0.2187
v  -0.4346 0.5071 -0.2411
v  -0.4349 0.4955 -0.2406
v  -0.4300 0.4940 -0.2271
v  -0.1442 0.4938 -0.1898
v  -0.1839 0.4942 -0.2182
v  -0.1832 0.5056 -0.2182
v  -0.1436 0.5052 -0.1896
v  -0.1899 0.4926 -0.2051
v  -0.1522 0.4940 -0.1781
v  -0.2289 0.5060 -0.2403
v  -0.2335 0.4929 -0.2261
v  -0.2297 0.4946 -0.2403
v  -0.1222 0.4956 -0.1470
v  -0.1120 0.5048 -0.1569
v  -0.1124 0.4931 -0.1571
v  -0.0875 0.5051 -0.1124
v  -0.0880 0.4929 -0.1128
v  -0.0985 0.4986 -0.1046
v  -0.3322 0.4951 -0.2581
v  -0.3846 0.4953 -0.2537
v  -0.3841 0.5069 -0.2542
v  -0.3316 0.5066 -0.2584
v  -0.3817 0.4938 -0.2394
v  -0.3315 0.4935 -0.2432
v  -0.2814 0.4932 -0.2388
v  -0.2791 0.5063 -0.2538
v  -0.2798 0.4948 -0.2536
v  -0.5807 0.4640 -0.0758
v  -0.5334 0.4639 -0.1645
v  -0.1054 0.4598 -0.1323
v  -0.1484 0.4623 -0.1859
v  -0.2812 0.4633 -0.2482
v  -0.2097 0.4630 -0.2245
v  -0.3580 0.4635 -0.2504
v  -0.4776 0.4637 -0.2138
v  -0.4328 0.4636 -0.2353
v  -0.5409 0.4518 -0.0610
v  -0.4309 0.3496 -0.0347
v  -0.5039 0.4517 -0.1322
v  -0.4081 0.3499 -0.0752
v  -0.1627 0.4503 -0.1345
v  -0.1965 0.3527 -0.0757
v  -0.3330 0.4512 -0.2000
v  -0.2280 0.4508 -0.1794
v  -0.3023 0.3513 -0.1141
v  -0.2370 0.3522 -0.1026
v  -0.4385 0.4516 -0.1803
v  -0.3677 0.3504 -0.1026
v  -0.3024 0.2843 -0.0329
v  -0.2204 0.2570 -0.0249
v  -0.1924 0.3063 -0.0533
v  -0.1713 0.3108 -0.0208
v  -0.1359 0.2926 -0.0355
v  -0.1364 0.3049 -0.0139
v  -0.2565 0.2935 -0.0650
v  -0.1945 0.2731 -0.0491
v  -0.1354 0.2517 -0.0215
v  -0.1359 0.2495 -0.0220
v  -0.1330 0.2675 -0.0401
v  -0.1336 0.2675 -0.0432
v  -0.1354 0.2918 -0.0339
v  -0.1359 0.3020 -0.0137
v  -0.1353 0.2875 -0.0149
v  -0.1363 0.0406 -0.1457
v  0.1643 0.0430 -0.1231
v  0.1486 0.0477 -0.0715
v  0.2014 0.0475 -0.0719
v  0.2081 0.0422 -0.1077
v  0.2593 0.0444 -0.0572
v  0.2372 0.0411 -0.0848
v  0.1460 0.1029 -0.0620
v  0.1979 0.1032 -0.0596
v  0.2023 0.0709 -0.0595
v  0.1467 0.0710 -0.0614
v  0.2469 0.1038 -0.0552
v  0.2532 0.0716 -0.0541
v  0.2515 0.1541 -0.0575
v  0.2665 0.2031 -0.0575
v  0.2841 0.2726 -0.0593
v  0.2427 0.0007 -0.0563
v  0.2624 0.0021 -0.0573
v  0.2637 0.0086 -0.0578
v  0.2259 0.0007 -0.0830
v  0.2430 0.0021 -0.0852
v  0.2441 0.0088 -0.0860
v  0.2116 0.0021 -0.1091
v  0.2124 0.0090 -0.1103
v  0.1992 0.0007 -0.1058
v  0.1610 0.0007 -0.1219
v  0.1658 0.0021 -0.1259
v  0.1663 0.0091 -0.1272
v  0.2643 0.0246 -0.0577
v  0.1444 0.0002 -0.0719
v  0.1322 0.0002 -0.1267
v  0.1665 0.0264 -0.1276
v  0.2127 0.0259 -0.1106
v  0.0301 0.0002 -0.0781
v  0.2446 0.0252 -0.0861
v  0.4143 0.4792 -0.0555
v  0.4338 0.5110 -0.0541
v  0.3527 0.3877 -0.0559
v  0.0239 0.0000 -0.1355
v  0.1140 0.0710 -0.0614
v  0.1134 0.1029 -0.0620
v  0.1157 0.0477 -0.0715
v  0.2048 0.1541 -0.0604
v  0.2178 0.2031 -0.0594
v  0.2335 0.2726 -0.0610
v  0.3589 0.4792 -0.0555
v  0.3774 0.5110 -0.0541
v  0.2999 0.3877 -0.0559
v  -0.0587 0.5110 -0.0541
v  0.1391 0.5110 -0.0541
v  0.1610 0.2031 -0.0594
v  0.1503 0.1541 -0.0604
v  0.1173 0.1541 -0.0604
v  0.1268 0.2031 -0.0594
v  0.1744 0.2726 -0.0610
v  0.1386 0.2726 -0.0610
v  0.3115 0.5110 -0.0541
v  0.2943 0.4792 -0.0555
v  0.2535 0.4792 -0.0555
v  0.2700 0.5110 -0.0541
v  0.2381 0.3877 -0.0559
v  0.1992 0.3877 -0.0559
v  0.1303 0.0430 -0.1290
v  0.1318 0.0021 -0.1318
v  0.1323 0.0091 -0.1331
v  0.1325 0.0264 -0.1335
v  0.0110 0.0710 -0.0614
v  0.0106 0.1029 -0.0620
v  0.0120 0.0477 -0.0715
v  0.0130 0.1541 -0.0604
v  0.0187 0.2031 -0.0594
v  0.0259 0.2726 -0.0610
v  0.1251 0.4792 -0.0555
v  0.0764 0.3877 -0.0559
v  0.0230 0.0430 -0.1388
v  0.0245 0.0021 -0.1416
v  0.0250 0.0091 -0.1429
v  0.0252 0.0264 -0.1433
v  -0.1461 0.0708 -0.0630
v  -0.1447 0.1029 -0.0620
v  -0.1446 0.0477 -0.0715
v  -0.1445 0.1541 -0.0604
v  -0.1445 0.2031 -0.0594
v  -0.1421 0.2726 -0.0610
v  -0.0626 0.4915 -0.0585
v  -0.1348 0.3091 -0.0596
v  -0.1091 0.3900 -0.0559
v  -0.0765 0.4603 -0.0577
# 2285 vertices

vn 0.0699 -0.9970 0.0345
vn 0.0810 -0.9912 0.1046
vn 0.0389 -0.9936 0.1059
vn 0.0000 -1.0000 -0.0000
vn 0.0176 -0.9959 0.0884
vn -0.2623 -0.7794 -0.5690
vn -0.0491 -0.9932 -0.1055
vn -0.0158 -0.9886 -0.1497
vn -0.0589 -0.7201 -0.6914
vn 0.0135 -0.9870 -0.1600
vn 0.0686 -0.7058 -0.7051
vn 0.0387 -0.9874 -0.1537
vn 0.1733 -0.7082 -0.6844
vn 0.0700 -0.9870 -0.1446
vn 0.3015 -0.7050 -0.6419
vn 0.0584 -0.9983 -0.0000
vn 0.0602 -0.9981 0.0119
vn 0.1412 -0.9864 -0.0845
vn 0.1080 -0.9861 -0.1263
vn 0.6133 -0.7006 -0.3647
vn 0.4576 -0.6980 -0.5508
vn 0.1729 -0.9849 -0.0000
vn 0.1641 -0.9858 -0.0368
vn 0.7268 -0.6868 -0.0000
vn 0.7049 -0.6940 -0.1464
vn -0.0880 -0.9947 0.0531
vn -0.0976 -0.9949 0.0241
vn -0.0979 -0.9952 -0.0000
vn -0.0476 -0.9953 0.0846
vn -0.0686 -0.9949 0.0736
vn -0.0059 -0.9959 0.0899
vn -0.0257 -0.9957 0.0892
vn 0.0177 -0.9960 0.0871
vn 0.0081 -0.9958 0.0914
vn 0.0211 -0.9981 0.0582
vn 0.0223 -0.9973 0.0695
vn -0.0666 -0.9956 -0.0655
vn -0.4276 -0.8211 -0.3781
vn -0.4923 -0.8382 -0.2347
vn -0.0727 -0.9966 -0.0381
vn 0.0166 -0.9973 0.0717
vn 0.0191 -0.9980 0.0602
vn -0.0774 -0.9968 -0.0178
vn -0.0814 -0.9967 -0.0000
vn -0.5207 -0.8455 -0.1188
vn -0.5370 -0.8436 -0.0000
vn 0.0854 0.9926 0.0867
vn 0.0080 0.9982 0.0600
vn 0.1101 0.8237 0.5563
vn 0.2576 0.7633 0.5924
vn 0.5063 0.8167 0.2768
vn 0.4873 0.6853 0.5412
vn -0.2623 0.7794 -0.5690
vn -0.0589 0.7201 -0.6914
vn -0.0158 0.9886 -0.1497
vn -0.0491 0.9932 -0.1055
vn 0.0686 0.7058 -0.7051
vn 0.0135 0.9870 -0.1600
vn -0.0060 0.9973 0.0726
vn 0.0058 0.9970 0.0776
vn 0.0218 0.9972 0.0712
vn 0.1733 0.7082 -0.6844
vn 0.0387 0.9874 -0.1537
vn 0.3015 0.7050 -0.6419
vn 0.0700 0.9870 -0.1446
vn -0.0383 0.9967 0.0722
vn -0.0199 0.9971 0.0728
vn 0.0000 1.0000 -0.0000
vn 0.0635 0.9980 0.0076
vn 0.0620 0.9981 -0.0000
vn 0.4769 0.8743 0.0907
vn 0.4693 0.8830 -0.0000
vn -0.0769 0.9959 0.0466
vn -0.0585 0.9962 0.0650
vn 0.1080 0.9861 -0.1263
vn 0.1412 0.9864 -0.0845
vn 0.4576 0.6980 -0.5508
vn 0.6133 0.7006 -0.3647
vn -0.0833 0.9965 -0.0000
vn -0.0841 0.9963 0.0201
vn 0.1641 0.9858 -0.0368
vn 0.1729 0.9849 -0.0000
vn 0.7049 0.6940 -0.1464
vn 0.7268 0.6868 -0.0000
vn -0.5592 0.7580 0.3357
vn -0.6255 0.7646 0.1551
vn -0.6360 0.7717 0.0000
vn -0.3092 0.7747 0.5516
vn -0.4402 0.7640 0.4717
vn -0.1691 0.7873 0.5929
vn -0.0388 0.7939 0.6069
vn 0.0555 0.7881 0.6130
vn 0.1204 0.7982 0.5903
vn 0.0288 0.9984 0.0480
vn 0.1606 0.8481 0.5049
vn 0.0132 0.9994 0.0319
vn 0.1587 0.8850 0.4377
vn -0.0666 0.9956 -0.0655
vn -0.0727 0.9966 -0.0381
vn -0.4923 0.8382 -0.2347
vn -0.4276 0.8211 -0.3781
vn 0.1162 0.8602 0.4965
vn 0.0066 0.9988 0.0481
vn 0.0080 0.9992 0.0395
vn 0.1429 0.8831 0.4469
vn -0.0814 0.9967 -0.0000
vn -0.0774 0.9968 -0.0178
vn -0.5370 0.8436 -0.0000
vn -0.5207 0.8455 -0.1188
vn 0.6211 0.3695 0.6912
vn 0.3353 0.3440 0.8771
vn 0.2750 -0.6042 0.7479
vn 0.5395 -0.5858 0.6048
vn 0.1963 0.3426 0.9187
vn 0.1605 -0.6391 0.7522
vn 0.8218 0.3937 0.4119
vn 0.6972 -0.6262 0.3491
vn -0.4167 0.0000 -0.9091
vn -0.0785 0.0000 -0.9969
vn 0.1010 0.0000 -0.9949
vn 0.2455 0.0000 -0.9694
vn 0.4205 0.0000 -0.9073
vn 0.9115 0.4114 -0.0000
vn 0.8947 0.4069 0.1842
vn 0.7507 -0.6422 0.1551
vn 0.7616 -0.6481 -0.0000
vn 0.6343 0.0000 -0.7731
vn 0.8599 0.0000 -0.5105
vn 0.9802 0.0000 -0.1979
vn 1.0000 0.0000 -0.0000
vn -0.7842 0.4061 0.4692
vn -0.8862 0.4067 0.2217
vn -0.7671 -0.6123 0.1915
vn -0.6810 -0.6086 0.4073
vn -0.9123 0.4096 -0.0000
vn -0.7855 -0.6188 -0.0000
vn -0.4492 0.4084 0.7946
vn -0.6253 0.4084 0.6650
vn -0.5400 -0.6148 0.5748
vn -0.3866 -0.6177 0.6848
vn -0.0551 0.4124 0.9093
vn -0.2517 0.4088 0.8772
vn -0.2159 -0.6207 0.7538
vn -0.0468 -0.6247 0.7795
vn 0.1604 0.4171 0.8946
vn 0.0839 0.4173 0.9049
vn 0.0720 -0.6316 0.7719
vn 0.1365 -0.6369 0.7588
vn 0.2983 0.4077 0.8630
vn 0.2346 0.4138 0.8796
vn 0.1974 -0.6454 0.7379
vn 0.2465 -0.6575 0.7120
vn -0.9092 0.0000 -0.4164
vn -0.7620 0.0000 -0.6476
vn 0.1913 -0.6624 0.7243
vn 0.2372 0.3680 0.8990
vn 0.3020 0.3939 0.8681
vn 0.2453 -0.6642 0.7061
vn -1.0000 0.0000 -0.0000
vn -0.9748 0.0000 -0.2230
vn 0.8558 0.3071 0.4163
vn 0.9107 0.3698 0.1840
vn 0.8632 0.2454 0.4412
vn 0.9464 0.2551 0.1983
vn 0.9664 0.2571 -0.0000
vn 0.9240 0.3825 -0.0000
vn 0.6470 0.2522 0.7196
vn 0.6372 0.2277 0.7363
vn 0.1989 0.2614 0.9445
vn 0.3294 0.2134 0.9198
vn 0.2030 0.1884 0.9609
vn 0.3352 0.1959 0.9216
vn 0.3008 0.3565 0.8845
vn 0.3021 0.3495 0.8869
vn 0.3141 0.2447 0.9173
vn 0.3134 0.2276 0.9219
vn 0.2444 0.2031 0.9482
vn 0.2396 0.3066 0.9212
vn 0.1719 0.2447 0.9542
vn 0.2441 0.3103 0.9188
vn 0.1709 0.2553 0.9516
vn 0.2496 0.2540 0.9344
vn -0.0568 0.2463 0.9675
vn 0.0909 0.2338 0.9680
vn -0.0575 0.2595 0.9640
vn 0.0897 0.2578 0.9620
vn -0.4780 0.2272 0.8484
vn -0.2660 0.2408 0.9334
vn -0.4752 0.2574 0.8414
vn -0.2661 0.2578 0.9288
vn -0.8383 0.2152 0.5009
vn -0.6681 0.2168 0.7118
vn -0.8285 0.2600 0.4961
vn -0.6611 0.2580 0.7046
vn -0.9750 0.2222 -0.0000
vn -0.9467 0.2196 0.2356
vn -0.9664 0.2570 -0.0000
vn -0.9374 0.2585 0.2332
vn 0.2935 0.5142 0.8059
vn 0.5350 0.5746 0.6194
vn 0.1802 0.4974 0.8486
vn 0.7101 0.6036 0.3626
vn 0.7689 0.6189 0.1608
vn 0.7833 0.6216 -0.0000
vn -0.7579 0.6245 0.1888
vn -0.6684 0.6270 0.4002
vn -0.7832 0.6217 0.0000
vn -0.5351 0.6234 0.5701
vn -0.3849 0.6226 0.6814
vn -0.2155 0.6231 0.7518
vn -0.0467 0.6256 0.7787
vn 0.0726 0.6223 0.7794
vn 0.1389 0.6182 0.7737
vn 0.2035 0.6162 0.7608
vn 0.2604 0.6005 0.7560
vn 0.2143 0.5252 0.8235
vn 0.2668 0.5707 0.7766
vn 0.6359 -0.7564 -0.1537
vn -0.3387 -0.9377 0.0777
vn -0.4469 -0.8437 0.2974
vn 0.5456 -0.7480 -0.3779
vn -0.3311 -0.8022 0.4968
vn 0.3625 -0.7550 -0.5464
vn -0.0738 -0.8273 0.5569
vn 0.0885 -0.7349 -0.6724
vn 0.1811 -0.7976 0.5754
vn -0.1936 -0.7584 -0.6223
vn 0.3623 -0.8624 0.3535
vn -0.4749 -0.7314 -0.4894
vn 0.3258 -0.9407 0.0942
vn -0.6297 -0.7529 -0.1911
vn -0.9594 -0.1374 0.2463
vn -0.7134 -0.6784 0.1757
vn -0.6528 -0.6515 0.3865
vn -0.8335 -0.1668 0.5268
vn -0.1560 -0.9868 0.0438
vn -0.2003 -0.9685 0.1483
vn 0.1240 -0.9914 0.0414
vn 0.6721 -0.7128 0.2004
vn 0.5650 -0.6779 0.4703
vn 0.1382 -0.9799 0.1439
vn 0.9369 -0.1951 0.2902
vn 0.7338 -0.2141 0.6447
vn -0.4465 -0.6339 0.6315
vn -0.5685 -0.1898 0.8005
vn -0.1562 -0.9686 0.1933
vn -0.0334 -0.9768 0.2116
vn -0.1054 -0.6451 0.7568
vn -0.1327 -0.2043 0.9699
vn 0.2621 -0.6533 0.7103
vn 0.3417 -0.2076 0.9166
vn 0.0890 -0.9756 0.2007
vn -0.0014 -0.9999 0.0118
vn 0.0165 -0.9998 0.0127
vn -0.0237 -0.9996 0.0138
vn -0.9733 -0.0365 0.2267
vn -0.8501 -0.0620 0.5230
vn -0.8157 -0.2076 0.5400
vn -0.8754 -0.4373 0.2059
vn -0.9691 -0.0400 0.2436
vn -0.8443 -0.0726 0.5309
vn 0.9553 -0.0896 0.2819
vn 0.7369 -0.1087 0.6672
vn 0.7427 -0.1230 0.6582
vn 0.9512 -0.1002 0.2919
vn 0.8476 -0.4644 0.2566
vn 0.6874 -0.2266 0.6900
vn -0.5686 -0.0885 0.8179
vn -0.5483 -0.1577 0.8213
vn -0.5741 -0.0989 0.8128
vn -0.1337 -0.1134 0.9845
vn -0.1327 -0.1025 0.9858
vn -0.1276 -0.1672 0.9776
vn 0.3223 -0.1084 0.9404
vn 0.2964 -0.1657 0.9406
vn 0.3409 -0.1198 0.9324
vn -0.9670 -0.0822 0.2410
vn -0.7396 -0.6475 0.1837
vn -0.6300 -0.6401 0.4397
vn -0.8172 -0.0826 0.5704
vn -0.1388 -0.9898 0.0324
vn -0.1194 -0.9893 0.0835
vn -0.4223 -0.6434 0.6385
vn -0.5499 -0.0809 0.8313
vn -0.0800 -0.9894 0.1212
vn -0.0194 -0.9884 0.1505
vn -0.1011 -0.6287 0.7710
vn -0.1299 -0.0821 0.9881
vn 0.2275 -0.6457 0.7289
vn 0.2970 -0.0805 0.9515
vn 0.0422 -0.9895 0.1383
vn 0.1022 -0.9889 0.1076
vn 0.5383 -0.6306 0.5591
vn 0.6912 -0.0857 0.7176
vn 0.7277 -0.6466 0.2289
vn 0.9500 -0.0837 0.3009
vn 0.1370 -0.9898 0.0391
vn -0.6621 -0.7213 -0.2035
vn -0.1070 -0.9936 -0.0355
vn -0.0690 -0.9951 -0.0707
vn -0.4582 -0.7529 -0.4725
vn -0.2098 -0.7095 -0.6728
vn -0.0364 -0.9927 -0.1146
vn 0.0139 -0.9944 -0.1046
vn 0.0879 -0.7397 -0.6672
vn 0.3868 -0.7143 -0.5832
vn 0.0651 -0.9931 -0.0980
vn 0.0919 -0.9937 -0.0636
vn 0.5654 -0.7258 -0.3918
vn 0.6801 -0.7142 -0.1657
vn 0.1133 -0.9931 -0.0291
vn -0.9047 0.3610 0.2261
vn -0.9685 0.0616 0.2411
vn -0.8185 0.0612 0.5713
vn -0.7662 0.3570 0.5343
vn -0.5507 0.0599 0.8326
vn -0.5164 0.3528 0.7803
vn -0.1300 0.0609 0.9896
vn -0.1221 0.3529 0.9277
vn 0.2974 0.0595 0.9529
vn 0.2794 0.3517 0.8934
vn 0.6923 0.0633 0.7189
vn 0.6471 0.3614 0.6713
vn 0.8879 0.3632 0.2825
vn 0.7202 0.6597 0.2149
vn 0.5236 0.6646 0.5331
vn 0.9516 0.0623 0.3008
vn -0.4091 0.9079 0.0910
vn -0.7343 0.6562 0.1737
vn -0.6241 0.6539 0.4277
vn -0.3553 0.9025 0.2434
vn -0.0224 0.9996 0.0142
vn -0.4226 0.6463 0.6353
vn -0.2344 0.9053 0.3543
vn -0.0992 0.6511 0.7525
vn -0.0562 0.8996 0.4330
vn -0.0014 0.9999 0.0152
vn 0.1241 0.9072 0.4019
vn 0.0139 0.9998 0.0131
vn 0.2287 0.6440 0.7301
vn 0.3048 0.9007 0.3096
vn 0.4011 0.9094 0.1105
vn 0.9211 -0.3775 0.0956
vn 0.4302 -0.9019 0.0382
vn 0.9618 -0.2737 -0.0000
vn 0.5194 -0.8546 -0.0000
vn -0.6264 -0.7777 -0.0526
vn -0.6303 -0.7764 0.0000
vn -0.7229 -0.6909 -0.0000
vn -0.7227 -0.6884 -0.0615
vn -0.1294 -0.9916 -0.0000
vn -0.1301 -0.9914 -0.0117
vn 0.1365 -0.9906 0.0112
vn 0.1376 -0.9905 0.0000
vn 0.7468 -0.6618 0.0651
vn 0.9930 -0.0800 0.0867
vn 0.7513 -0.6600 0.0000
vn 0.9968 -0.0801 -0.0000
vn 0.9944 0.0603 0.0867
vn 0.9981 0.0609 0.0000
vn 0.9292 0.3606 0.0814
vn 0.9318 0.3630 0.0000
vn 0.7562 0.6544 -0.0000
vn 0.7572 0.6503 0.0603
vn 0.3951 0.9182 0.0296
vn 0.0135 0.9999 0.0005
vn 0.3947 0.9188 -0.0000
vn 0.0131 0.9999 -0.0000
vn -0.0000 1.0000 -0.0000
vn -0.3941 0.9191 0.0000
vn -0.3969 0.9176 0.0195
vn -0.0188 0.9998 0.0005
vn -0.0183 0.9998 0.0000
vn -0.7532 0.6578 -0.0000
vn -0.7556 0.6539 0.0395
vn -0.9300 0.3635 0.0550
vn -0.9305 0.3663 0.0000
vn -0.9981 0.0615 0.0000
vn -0.9964 0.0609 0.0588
vn -0.9967 -0.0806 -0.0000
vn -0.9950 -0.0804 0.0588
vn -0.7477 -0.6640 -0.0000
vn -0.7466 -0.6639 0.0440
vn -0.1353 -0.9908 -0.0000
vn -0.1354 -0.9908 0.0076
vn 0.1304 -0.9915 -0.0000
vn 0.1306 -0.9914 -0.0078
vn 0.7247 -0.6878 -0.0415
vn 0.7253 -0.6884 0.0000
vn 0.6252 -0.7805 -0.0000
vn 0.6252 -0.7796 -0.0354
vn -0.5263 -0.8503 -0.0000
vn -0.4369 -0.8991 0.0269
vn -0.9999 -0.0130 0.0000
vn -0.9938 -0.0209 0.1092
vn -0.9335 -0.3510 0.0726
vn -0.9687 -0.2483 -0.0000
vn -0.9997 -0.0227 0.0000
vn -0.9924 -0.0273 0.1199
vn -0.9929 -0.1190 0.0000
vn -0.9847 -0.1240 0.1223
vn -0.7260 -0.6877 -0.0000
vn -0.7167 -0.6918 0.0878
vn -0.1284 -0.9917 -0.0000
vn -0.1333 -0.9910 0.0144
vn -0.0165 -0.9999 0.0009
vn -0.0157 -0.9999 -0.0000
vn 0.1034 -0.9946 0.0000
vn 0.1075 -0.9941 0.0140
vn 0.0128 -0.9999 0.0009
vn 0.0122 -0.9999 -0.0000
vn 0.6946 -0.7194 0.0000
vn 0.6813 -0.7250 0.1011
vn 0.9841 -0.1777 0.0000
vn 0.9724 -0.1821 0.1461
vn 0.9856 -0.0875 0.1449
vn 0.9883 -0.0727 0.1341
vn 0.9966 -0.0829 0.0000
vn 0.9979 -0.0642 -0.0000
vn -0.1875 0.7950 -0.5769
vn -0.3566 0.7950 -0.4907
vn -0.4013 0.7307 -0.5523
vn -0.2110 0.7307 -0.6493
vn -0.4908 0.7950 -0.3565
vn -0.5523 0.7307 -0.4013
vn -0.5769 0.7950 -0.1875
vn -0.6493 0.7307 -0.2110
vn -0.6066 0.7950 -0.0000
vn -0.6827 0.7307 -0.0000
vn 0.6066 0.7950 -0.0000
vn 0.5769 0.7950 -0.1875
vn 0.6493 0.7307 -0.2110
vn 0.6827 0.7307 -0.0000
vn 0.4908 0.7950 -0.3566
vn 0.5523 0.7307 -0.4013
vn 0.3566 0.7950 -0.4908
vn 0.4013 0.7307 -0.5523
vn 0.1875 0.7950 -0.5769
vn 0.2110 0.7307 -0.6493
vn 0.0000 0.7950 -0.6066
vn 0.0000 0.7307 -0.6827
vn 0.2446 0.9093 0.3366
vn 0.1286 0.9093 0.3957
vn 0.3366 0.9093 0.2446
vn 0.3957 0.9093 0.1286
vn 0.4161 0.9093 0.0000
vn -0.3957 0.9093 0.1286
vn -0.4161 0.9093 -0.0000
vn -0.3366 0.9093 0.2446
vn -0.2446 0.9093 0.3366
vn -0.1286 0.9093 0.3957
vn -0.0000 0.9093 0.4161
vn 0.2710 0.4807 0.8340
vn 0.1065 0.9388 0.3277
vn -0.0000 0.9388 0.3446
vn -0.0000 0.4807 0.8769
vn 0.5154 0.4807 0.7094
vn 0.2025 0.9388 0.2788
vn 0.7094 0.4807 0.5154
vn 0.2788 0.9388 0.2025
vn 0.8340 0.4807 0.2710
vn 0.3277 0.9388 0.1065
vn 0.8769 0.4807 -0.0000
vn 0.3446 0.9388 -0.0000
vn -0.3446 0.9388 -0.0000
vn -0.8769 0.4807 -0.0000
vn -0.8340 0.4807 0.2710
vn -0.3277 0.9388 0.1065
vn -0.7094 0.4807 0.5154
vn -0.2788 0.9388 0.2025
vn -0.5154 0.4807 0.7094
vn -0.2025 0.9388 0.2788
vn -0.2710 0.4807 0.8340
vn -0.1065 0.9388 0.3277
vn 0.1575 -0.8604 0.4847
vn 0.2996 -0.8604 0.4123
vn 0.5406 -0.3924 0.7441
vn 0.2842 -0.3924 0.8748
vn 0.4123 -0.8604 0.2996
vn 0.7441 -0.3924 0.5406
vn 0.4847 -0.8604 0.1575
vn 0.8748 -0.3924 0.2842
vn 0.5097 -0.8604 -0.0000
vn 0.9198 -0.3924 -0.0000
vn -0.5097 -0.8604 -0.0000
vn -0.4847 -0.8604 0.1575
vn -0.8748 -0.3924 0.2842
vn -0.9198 -0.3924 -0.0000
vn -0.4123 -0.8604 0.2996
vn -0.7441 -0.3924 0.5406
vn -0.2996 -0.8604 0.4123
vn -0.5406 -0.3924 0.7441
vn -0.1575 -0.8604 0.4847
vn -0.2842 -0.3924 0.8748
vn -0.0000 -0.8604 0.5097
vn -0.0000 -0.3924 0.9198
vn 0.3320 0.8252 0.4569
vn 0.1745 0.8252 0.5372
vn 0.0000 0.8252 0.5648
vn 0.4569 0.8252 0.3320
vn 0.5372 0.8252 0.1745
vn 0.5648 0.8252 -0.0000
vn -0.5372 0.8252 0.1745
vn -0.5648 0.8252 0.0000
vn -0.4569 0.8252 0.3320
vn -0.3320 0.8252 0.4569
vn -0.1745 0.8252 0.5372
vn -0.0000 1.0000 0.0000
vn 0.5230 0.8517 0.0318
vn 0.9238 0.3816 0.0318
vn 0.9239 0.3827 0.0000
vn 0.5225 0.8527 -0.0000
vn 0.9717 -0.2342 0.0318
vn 0.9724 -0.2334 -0.0000
vn 0.6484 -0.7606 0.0318
vn 0.6495 -0.7604 -0.0000
vn 0.0775 -0.9965 0.0318
vn 0.0785 -0.9969 0.0000
vn -0.5230 -0.8517 0.0318
vn -0.5225 -0.8526 0.0000
vn -0.9238 -0.3816 0.0318
vn -0.9239 -0.3827 -0.0000
vn -0.9717 0.2342 0.0318
vn -0.9724 0.2334 -0.0000
vn -0.6484 0.7606 0.0318
vn -0.6495 0.7604 -0.0000
vn -0.0775 0.9965 0.0318
vn -0.0785 0.9969 -0.0000
vn 0.4072 -0.6944 0.5933
vn 0.8149 -0.0168 0.5793
vn 0.0718 -0.0047 0.9974
vn 0.4184 0.6870 0.5941
vn 0.4271 0.4349 0.7927
vn 0.0568 -0.0023 0.9984
vn 0.0437 0.7314 0.6806
vn 0.3305 0.8269 0.4549
vn 0.3728 -0.6311 0.6803
vn 0.0482 -0.9988 -0.0000
vn 0.5193 -0.8546 -0.0000
vn 0.5165 -0.8563 -0.0000
vn 0.0406 -0.9992 0.0052
vn 0.5136 -0.8579 0.0147
vn 0.0094 -0.9998 0.0189
vn 0.5314 0.8470 0.0160
vn 0.5325 0.8464 -0.0000
vn 0.0145 0.9999 0.0007
vn 0.0086 0.9995 0.0299
vn 0.5326 0.8464 -0.0000
vn 0.0154 0.9999 -0.0000
vn 0.0282 0.9996 -0.0000
vn 0.0278 0.9996 0.0022
vn -0.0236 0.9997 0.0114
vn 0.9998 -0.0214 0.0000
vn 0.9997 -0.0213 0.0128
vn -0.5097 0.8603 -0.0000
vn -0.5168 0.8470 -0.1248
vn -0.2667 0.9610 -0.0728
vn -0.2633 0.9647 -0.0000
vn -0.5262 0.8061 -0.2707
vn -0.2677 0.9517 -0.1501
vn -0.0627 0.9975 -0.0322
vn -0.0463 0.9989 -0.0090
vn -0.0418 0.9991 -0.0000
vn -0.0502 0.9943 -0.0942
vn -0.0697 0.9948 -0.0742
vn -0.2594 0.9328 -0.2503
vn -0.1921 0.9124 -0.3614
vn -0.4976 0.7377 -0.4563
vn -0.3562 0.6621 -0.6593
vn 0.0320 0.6057 -0.7950
vn 0.0165 0.8945 -0.4467
vn -0.0854 0.8987 -0.4302
vn -0.1500 0.6194 -0.7706
vn 0.0021 0.9935 -0.1140
vn -0.0245 0.9936 -0.1103
vn 0.0551 0.9929 -0.1058
vn 0.0285 0.9933 -0.1119
vn 0.1137 0.8903 -0.4410
vn 0.2095 0.8830 -0.4201
vn 0.2006 0.5921 -0.7805
vn 0.3619 0.5725 -0.7357
vn 0.7004 0.5524 -0.4520
vn 0.4094 0.8736 -0.2632
vn 0.3113 0.8749 -0.3711
vn 0.5306 0.5539 -0.6417
vn 0.1044 0.9923 -0.0661
vn 0.0820 0.9923 -0.0929
vn 0.1256 0.9921 -0.0000
vn 0.1197 0.9923 -0.0325
vn 0.4684 0.8752 -0.1205
vn 0.4829 0.8757 0.0000
vn 0.8033 0.5599 -0.2030
vn 0.8267 0.5627 -0.0000
vn 0.2227 0.9575 0.1834
vn 0.4996 0.7489 0.4354
vn 0.2301 0.9330 0.2769
vn 0.4471 0.6980 0.5594
vn 0.1612 0.9237 0.3477
vn 0.3218 0.6712 0.6678
vn 0.0724 0.9206 0.3838
vn 0.1491 0.6542 0.7415
vn -0.0155 0.9189 0.3942
vn -0.0234 0.6477 0.7615
vn -0.1063 0.9176 0.3831
vn -0.2011 0.6418 0.7400
vn -0.1962 0.9144 0.3542
vn -0.3750 0.6289 0.6810
vn -0.2800 0.9105 0.3043
vn -0.5333 0.6154 0.5803
vn -0.3554 0.9077 0.2232
vn -0.6697 0.6119 0.4208
vn -0.4005 0.9095 0.1112
vn -0.7570 0.6184 0.2112
vn -0.4101 0.9120 0.0000
vn -0.7820 0.6232 0.0000
vn -0.8212 0.2440 0.5159
vn -0.6558 0.2512 0.7119
vn -0.4646 0.2731 0.8424
vn -0.0273 0.3078 0.9510
vn -0.2500 0.2944 0.9224
vn 0.1892 0.3228 0.9274
vn 0.4084 0.3533 0.8417
vn 0.5728 0.4020 0.7143
vn 0.6803 0.4469 0.5809
vn -0.9651 0.2621 -0.0000
vn -0.9313 0.2542 0.2609
vn -0.0010 -1.0000 -0.0005
vn -0.0005 -1.0000 -0.0000
vn 0.1131 -0.9926 0.0448
vn 0.0768 -0.9951 0.0624
vn 0.0623 -0.9949 0.0791
vn -0.0013 -1.0000 -0.0011
vn 0.0455 -0.9942 0.0970
vn -0.0010 -1.0000 -0.0013
vn 0.0204 -0.9944 0.1041
vn -0.0006 -1.0000 -0.0021
vn -0.0035 -0.9945 0.1043
vn -0.0000 -1.0000 -0.0023
vn -0.0274 -0.9946 0.0999
vn 0.0005 -1.0000 -0.0023
vn -0.0511 -0.9944 0.0921
vn 0.0011 -1.0000 -0.0023
vn -0.0738 -0.9940 0.0802
vn 0.0017 -1.0000 -0.0020
vn -0.0947 -0.9937 0.0598
vn 0.0020 -1.0000 -0.0013
vn -0.1064 -0.9939 0.0298
vn 0.0024 -1.0000 -0.0006
vn -0.1083 -0.9941 -0.0000
vn 0.0027 -1.0000 -0.0000
vn -0.1171 -0.9913 -0.0595
vn -0.8463 -0.3058 -0.4361
vn -0.9369 -0.2668 -0.2259
vn -0.1210 -0.9922 -0.0287
vn -0.9684 -0.2493 0.0000
vn -0.1236 -0.9923 -0.0000
vn -0.1043 -0.9901 -0.0944
vn -0.6797 -0.3699 -0.6334
vn -0.0721 -0.9889 -0.1297
vn -0.4173 -0.4287 -0.8013
vn -0.0313 -0.9876 -0.1539
vn -0.1621 -0.4401 -0.8832
vn 0.0055 -0.9878 -0.1559
vn 0.0423 -0.4498 -0.8921
vn 0.0385 -0.9878 -0.1511
vn 0.2245 -0.4582 -0.8601
vn 0.0705 -0.9872 -0.1429
vn 0.3909 -0.4679 -0.7927
vn 0.1052 -0.9864 -0.1260
vn 0.5587 -0.4787 -0.6773
vn 0.1371 -0.9867 -0.0878
vn 0.7326 -0.4892 -0.4732
vn 0.1579 -0.9866 -0.0402
vn 0.8510 -0.4798 -0.2134
vn 0.1646 -0.9864 -0.0000
vn 0.8833 -0.4687 0.0000
vn -0.5322 -0.6162 0.5806
vn -0.6679 -0.6141 0.4205
vn -0.3803 -0.6089 0.6962
vn -0.2054 -0.6003 0.7730
vn -0.0184 -0.5935 0.8046
vn 0.1684 -0.5849 0.7934
vn 0.3697 -0.5647 0.7378
vn 0.5278 -0.5529 0.6448
vn 0.6974 -0.5135 0.4999
vn 0.3366 -0.9314 0.1387
vn -0.7624 -0.6108 0.2137
vn -0.7918 -0.6107 -0.0000
vn -0.0007 -1.0000 -0.0000
vn 0.1001 -0.9950 0.0000
vn 0.0978 -0.9950 0.0217
vn 0.4067 -0.9076 0.1044
vn 0.3242 -0.9433 0.0720
vn 0.4135 -0.9105 0.0000
vn 0.3191 -0.9477 -0.0000
vn 0.1704 0.9854 0.0000
vn 0.2019 0.9794 -0.0000
vn 0.1899 0.9807 0.0465
vn 0.1713 0.9839 0.0514
vn 0.0270 -0.7405 0.6715
vn -0.4456 -0.1143 0.8879
vn -0.4622 -0.0087 0.8867
vn -0.0569 0.2151 0.9749
vn -0.0199 -0.0051 0.9998
vn 0.0550 -0.2156 0.9749
vn -0.2379 -0.2273 0.9443
vn -0.9678 -0.2518 -0.0000
vn -0.7697 -0.6384 -0.0000
vn -0.6051 -0.5223 0.6009
vn -0.7873 -0.2049 0.5815
vn -0.9832 0.1824 -0.0000
vn -0.7828 0.1614 0.6009
vn 0.2535 -0.9368 0.2412
vn -0.2025 -0.5905 0.7812
vn 0.2865 -0.7364 0.6129
vn 0.1607 -0.9864 0.0355
vn 0.1520 -0.8027 0.5767
vn -0.3169 0.9479 0.0323
vn -0.4874 0.8618 -0.1406
vn -0.4887 0.7584 -0.4313
vn -0.6782 0.7348 -0.0000
vn -0.5838 0.6047 -0.5417
vn -0.2343 -0.9722 -0.0002
vn -0.1931 -0.8207 0.5378
vn -0.3861 0.9225 0.0016
vn -0.5866 0.8099 0.0066
vn -0.3295 -0.9442 -0.0000
vn -0.1536 -0.9881 -0.0000
vn -0.1036 -0.9946 0.0039
vn -0.3197 -0.9474 -0.0122
vn 0.0181 -0.9998 0.0040
vn -0.1453 -0.9834 -0.1086
vn -0.2518 0.9678 -0.0000
vn -0.7107 0.7035 -0.0000
vn -0.7077 0.7063 -0.0145
vn -0.2686 0.9632 -0.0003
vn -0.8239 0.1531 -0.5456
vn -0.9639 0.0210 0.2654
vn -0.5700 0.6768 0.4659
vn -0.2582 0.7750 0.5768
vn -0.5682 0.6228 0.5379
vn -0.2125 0.1741 0.9615
vn -0.1993 -0.0518 0.9786
vn -0.1010 -0.2555 0.9615
vn 0.9974 -0.0076 0.0717
vn 0.9999 -0.0121 -0.0000
vn 0.9994 0.0359 -0.0000
vn 0.9975 0.0377 0.0590
vn 0.9875 0.1577 -0.0000
vn 0.9863 0.1471 0.0743
vn 0.9941 -0.0829 0.0697
vn 0.9969 -0.0792 -0.0000
vn 0.9988 -0.0480 -0.0000
vn 0.9958 -0.0462 0.0787
vn 0.9901 -0.1402 0.0000
vn 0.9939 -0.1103 0.0000
vn 0.9915 -0.1163 0.0579
vn 0.9891 -0.1408 0.0426
vn 0.8824 0.4704 -0.0000
vn 0.8807 0.4541 0.1349
vn 0.8747 0.3958 0.2797
vn 0.9633 -0.2563 0.0798
vn 0.9763 -0.1927 0.0988
vn 0.9005 -0.3680 0.2315
vn 0.8713 -0.4833 0.0849
vn 0.9691 -0.1819 0.1665
vn 0.8554 -0.3320 0.3977
vn 0.9677 -0.1407 0.2092
vn 0.8463 -0.2430 0.4740
vn 0.9695 -0.0898 0.2281
vn 0.8461 -0.1389 0.5147
vn 0.9706 -0.0403 0.2373
vn 0.8495 -0.0236 0.5270
vn 0.9728 0.0124 0.2313
vn 0.8528 0.0986 0.5128
vn 0.9732 0.0729 0.2179
vn 0.8525 0.2199 0.4742
vn 0.9714 0.1585 0.1767
vn 0.8525 0.3307 0.4049
vn 0.6712 -0.6088 0.4229
vn 0.5565 -0.8205 0.1307
vn 0.4490 -0.5280 0.7209
vn 0.4953 -0.3690 0.7865
vn 0.5160 -0.1911 0.8350
vn 0.5213 -0.0018 0.8534
vn 0.5286 0.1972 0.8256
vn 0.5284 0.3896 0.7543
vn 0.5256 0.5620 0.6387
vn 0.5297 0.7105 0.4633
vn 0.5409 0.8079 0.2340
vn 0.5471 0.8370 0.0000
vn 0.9601 -0.2795 -0.0000
vn 0.9858 -0.1682 -0.0000
vn -0.9970 0.0025 -0.0779
vn -0.9972 -0.0481 -0.0565
vn -0.9985 -0.0541 -0.0000
vn -1.0000 0.0078 -0.0000
vn -0.9933 0.0870 -0.0757
vn -0.9952 0.0461 -0.0858
vn -0.9988 0.0481 0.0000
vn -0.9965 0.0831 -0.0000
vn -0.9915 0.1303 0.0000
vn -0.9904 0.1272 -0.0538
vn -0.9607 -0.2777 0.0000
vn -0.9593 -0.2695 -0.0843
vn -0.9001 -0.4165 -0.1278
vn -0.9016 -0.4326 -0.0000
vn -0.9543 -0.2391 -0.1794
vn -0.8955 -0.3639 -0.2563
vn -0.6323 0.7747 -0.0000
vn -0.6562 0.7495 -0.0881
vn -0.9644 0.2426 -0.1056
vn -0.9641 0.2656 0.0000
vn -0.7464 0.5811 -0.3242
vn -0.8237 0.5157 -0.2356
vn -0.8457 0.3553 -0.3982
vn -0.9342 0.2490 -0.2557
vn -0.8647 0.2423 -0.4400
vn -0.9404 0.1713 -0.2937
vn -0.8754 0.1350 -0.4642
vn -0.9457 0.1029 -0.3084
vn -0.8804 0.0282 -0.4734
vn -0.9476 0.0360 -0.3173
vn -0.8851 -0.0808 -0.4583
vn -0.9508 -0.0342 -0.3078
vn -0.8872 -0.1874 -0.4216
vn -0.9517 -0.1093 -0.2869
vn -0.8897 -0.2837 -0.3576
vn -0.9537 -0.1737 -0.2455
vn -0.8279 0.5608 -0.0000
vn -0.9990 -0.0448 -0.0000
vn -0.9990 -0.0375 -0.0243
vn -0.8263 0.5453 0.1409
vn -0.9985 -0.0259 -0.0491
vn -0.8280 0.4866 0.2785
vn -0.9971 -0.0144 -0.0754
vn -0.8377 0.3935 0.3786
vn -0.9957 0.0052 -0.0921
vn -0.8505 0.2885 0.4397
vn -0.9946 0.0276 -0.0998
vn -0.8601 0.1756 0.4789
vn -0.9937 0.0512 -0.0997
vn -0.8635 0.0597 0.5008
vn -0.9926 0.0772 -0.0939
vn -0.8675 -0.0521 0.4946
vn -0.9931 0.1002 -0.0602
vn -0.8645 -0.1628 0.4755
vn -0.9944 0.1039 -0.0179
vn -0.8403 -0.2597 0.4758
vn -0.3471 -0.5293 0.7741
vn -0.2826 -0.3875 0.8775
vn 0.2137 -0.7571 0.6174
vn -0.2506 -0.1837 0.9505
vn -0.2427 0.0355 0.9694
vn -0.2342 0.2614 0.9364
vn -0.2232 0.4761 0.8506
vn -0.2106 0.6666 0.7151
vn -0.1976 0.8325 0.5176
vn -0.1889 0.9462 0.2627
vn -0.1871 0.9823 -0.0000
vn 0.5112 -0.8503 0.1253
vn 0.0417 -0.9987 0.0290
vn 0.0028 -1.0000 0.0000
vn 0.6016 -0.7988 -0.0000
vn -0.0884 -0.9131 -0.3981
vn -0.5732 -0.2878 -0.7672
vn -0.7802 -0.5858 -0.2192
vn -0.2150 -0.8126 -0.5418
vn -0.0495 -0.2500 -0.9670
vn 0.0000 0.0000 -1.0000
vn -0.4897 -0.1274 -0.8626
vn -0.9365 -0.2437 -0.2521
vn -0.6448 -0.5353 -0.5456
vn -0.1896 -0.1622 -0.9684
vn -0.7977 -0.2076 -0.5662
vn -0.2187 -0.0569 -0.9741
vn -0.2446 0.0492 -0.9684
vn -0.1651 0.1942 -0.9670
vn -0.6407 -0.0277 -0.7673
vn -0.9797 0.1086 -0.1687
vn -0.9989 0.0418 -0.0235
vn -0.9992 0.0404 -0.0000
vn -0.9674 -0.2517 -0.0271
vn -0.8518 -0.5233 -0.0235
vn -0.8528 -0.5222 -0.0000
vn 0.5147 0.8383 0.1800
vn 0.9091 0.3756 0.1800
vn 0.9563 -0.2305 0.1800
vn 0.6382 -0.7486 0.1800
vn 0.0763 -0.9807 0.1800
vn -0.5147 -0.8382 0.1800
vn -0.9091 -0.3756 0.1800
vn -0.9563 0.2305 0.1800
vn -0.6381 0.7486 0.1800
vn -0.0763 0.9807 0.1800
vn 0.6050 0.2500 0.7560
vn 0.3426 0.5579 0.7559
vn -0.0000 0.0000 1.0000
vn 0.6364 -0.1534 0.7559
vn 0.4247 -0.4982 0.7559
vn 0.0508 -0.6526 0.7560
vn -0.3425 -0.5578 0.7560
vn -0.6050 -0.2500 0.7560
vn -0.6364 0.1534 0.7560
vn -0.4247 0.4982 0.7559
vn -0.0508 0.6527 0.7559
vn 0.8723 -0.4889 -0.0000
vn 0.0699 -0.9970 -0.0345
vn 0.0389 -0.9936 -0.1059
vn 0.0810 -0.9912 -0.1046
vn 0.0176 -0.9959 -0.0884
vn -0.2623 -0.7794 0.5690
vn -0.0589 -0.7201 0.6914
vn -0.0158 -0.9886 0.1497
vn -0.0491 -0.9932 0.1055
vn 0.0135 -0.9870 0.1600
vn 0.0686 -0.7058 0.7051
vn 0.1733 -0.7082 0.6844
vn 0.0387 -0.9874 0.1537
vn 0.0700 -0.9870 0.1446
vn 0.3015 -0.7050 0.6419
vn 0.0602 -0.9981 -0.0119
vn 0.1080 -0.9861 0.1263
vn 0.1412 -0.9864 0.0845
vn 0.4576 -0.6980 0.5508
vn 0.6133 -0.7006 0.3647
vn 0.1641 -0.9858 0.0368
vn 0.7049 -0.6940 0.1464
vn -0.0880 -0.9947 -0.0531
vn -0.0976 -0.9949 -0.0241
vn -0.0476 -0.9953 -0.0846
vn -0.0686 -0.9949 -0.0736
vn -0.0257 -0.9957 -0.0892
vn -0.0059 -0.9959 -0.0899
vn 0.0081 -0.9958 -0.0914
vn 0.0177 -0.9960 -0.0871
vn 0.0223 -0.9973 -0.0695
vn 0.0211 -0.9981 -0.0582
vn -0.0666 -0.9956 0.0655
vn -0.4276 -0.8211 0.3781
vn -0.0727 -0.9966 0.0381
vn -0.4923 -0.8382 0.2347
vn 0.0191 -0.9980 -0.0602
vn 0.0166 -0.9973 -0.0717
vn -0.0774 -0.9968 0.0178
vn -0.5207 -0.8455 0.1188
vn 0.0854 0.9926 -0.0867
vn 0.2576 0.7633 -0.5924
vn 0.1101 0.8237 -0.5563
vn 0.0080 0.9982 -0.0600
vn 0.5063 0.8167 -0.2768
vn 0.4873 0.6853 -0.5412
vn -0.2623 0.7794 0.5690
vn -0.0491 0.9932 0.1055
vn -0.0158 0.9886 0.1497
vn -0.0589 0.7201 0.6914
vn 0.0135 0.9870 0.1600
vn 0.0686 0.7058 0.7051
vn 0.0058 0.9970 -0.0776
vn -0.0060 0.9973 -0.0726
vn 0.0218 0.9972 -0.0712
vn 0.0387 0.9874 0.1537
vn 0.1733 0.7082 0.6844
vn 0.0700 0.9870 0.1446
vn 0.3015 0.7050 0.6419
vn -0.0199 0.9971 -0.0728
vn -0.0383 0.9967 -0.0722
vn 0.0635 0.9980 -0.0076
vn 0.4769 0.8743 -0.0907
vn -0.0769 0.9959 -0.0466
vn 0.1412 0.9864 0.0845
vn 0.1080 0.9861 0.1263
vn -0.0585 0.9962 -0.0650
vn 0.4576 0.6980 0.5508
vn 0.6133 0.7006 0.3647
vn 0.1641 0.9858 0.0368
vn -0.0841 0.9963 -0.0201
vn 0.7049 0.6940 0.1464
vn -0.5592 0.7580 -0.3357
vn -0.6255 0.7646 -0.1551
vn -0.3092 0.7747 -0.5516
vn -0.4402 0.7640 -0.4717
vn -0.1691 0.7873 -0.5929
vn -0.0388 0.7939 -0.6069
vn 0.0555 0.7881 -0.6130
vn 0.1204 0.7982 -0.5903
vn 0.0288 0.9984 -0.0480
vn 0.1606 0.8481 -0.5049
vn 0.0132 0.9994 -0.0319
vn 0.1587 0.8850 -0.4377
vn -0.0666 0.9956 0.0655
vn -0.0727 0.9966 0.0381
vn -0.4276 0.8211 0.3781
vn -0.4923 0.8382 0.2347
vn 0.1162 0.8602 -0.4965
vn 0.1429 0.8831 -0.4469
vn 0.0080 0.9992 -0.0395
vn 0.0066 0.9988 -0.0481
vn -0.0774 0.9968 0.0178
vn -0.5207 0.8455 0.1188
vn 0.6211 0.3695 -0.6912
vn 0.5395 -0.5858 -0.6048
vn 0.2750 -0.6042 -0.7479
vn 0.3353 0.3440 -0.8771
vn 0.1605 -0.6391 -0.7522
vn 0.1963 0.3426 -0.9187
vn 0.8218 0.3937 -0.4119
vn 0.6972 -0.6262 -0.3491
vn -0.0785 0.0000 0.9969
vn -0.4167 0.0000 0.9091
vn 0.1010 0.0000 0.9949
vn 0.2455 0.0000 0.9694
vn 0.4205 0.0000 0.9073
vn 0.7507 -0.6422 -0.1551
vn 0.8947 0.4069 -0.1842
vn 0.6343 0.0000 0.7731
vn 0.8599 0.0000 0.5105
vn 0.9802 0.0000 0.1979
vn -0.7842 0.4061 -0.4692
vn -0.6810 -0.6086 -0.4073
vn -0.7671 -0.6123 -0.1915
vn -0.8862 0.4067 -0.2217
vn -0.4492 0.4084 -0.7946
vn -0.3866 -0.6177 -0.6848
vn -0.5400 -0.6148 -0.5748
vn -0.6253 0.4084 -0.6650
vn -0.0551 0.4124 -0.9093
vn -0.0468 -0.6247 -0.7795
vn -0.2159 -0.6207 -0.7538
vn -0.2517 0.4088 -0.8772
vn 0.1604 0.4171 -0.8946
vn 0.1365 -0.6369 -0.7588
vn 0.0720 -0.6316 -0.7719
vn 0.0839 0.4173 -0.9049
vn 0.2983 0.4077 -0.8630
vn 0.2465 -0.6575 -0.7120
vn 0.1974 -0.6454 -0.7379
vn 0.2346 0.4138 -0.8796
vn -0.7620 0.0000 0.6476
vn -0.9092 0.0000 0.4164
vn 0.1913 -0.6624 -0.7243
vn 0.2453 -0.6642 -0.7061
vn 0.3020 0.3939 -0.8681
vn 0.2372 0.3680 -0.8990
vn -0.9748 0.0000 0.2230
vn 0.9107 0.3698 -0.1840
vn 0.8558 0.3071 -0.4163
vn 0.9464 0.2551 -0.1983
vn 0.8632 0.2454 -0.4412
vn 0.6470 0.2522 -0.7196
vn 0.6372 0.2277 -0.7363
vn 0.3294 0.2134 -0.9198
vn 0.1989 0.2614 -0.9445
vn 0.3352 0.1959 -0.9216
vn 0.2030 0.1884 -0.9609
vn 0.3021 0.3495 -0.8869
vn 0.3008 0.3565 -0.8845
vn 0.3134 0.2276 -0.9219
vn 0.3141 0.2447 -0.9173
vn 0.2396 0.3066 -0.9212
vn 0.2444 0.2031 -0.9482
vn 0.2441 0.3103 -0.9188
vn 0.1719 0.2447 -0.9542
vn 0.2496 0.2540 -0.9344
vn 0.1709 0.2553 -0.9516
vn 0.0909 0.2338 -0.9680
vn -0.0568 0.2463 -0.9675
vn 0.0897 0.2578 -0.9620
vn -0.0575 0.2595 -0.9640
vn -0.2660 0.2408 -0.9334
vn -0.4780 0.2272 -0.8484
vn -0.2661 0.2578 -0.9288
vn -0.4752 0.2574 -0.8414
vn -0.6681 0.2168 -0.7118
vn -0.8383 0.2152 -0.5009
vn -0.6611 0.2580 -0.7046
vn -0.8285 0.2600 -0.4961
vn -0.9467 0.2196 -0.2356
vn -0.9374 0.2585 -0.2332
vn 0.5350 0.5746 -0.6194
vn 0.2935 0.5142 -0.8059
vn 0.1802 0.4974 -0.8486
vn 0.7101 0.6036 -0.3626
vn 0.7689 0.6189 -0.1608
vn -0.6684 0.6270 -0.4002
vn -0.7579 0.6245 -0.1888
vn -0.3849 0.6226 -0.6814
vn -0.5351 0.6234 -0.5701
vn -0.0467 0.6256 -0.7787
vn -0.2155 0.6231 -0.7518
vn 0.1389 0.6182 -0.7737
vn 0.0726 0.6223 -0.7794
vn 0.2604 0.6005 -0.7560
vn 0.2035 0.6162 -0.7608
vn 0.2668 0.5707 -0.7766
vn 0.2143 0.5252 -0.8235
vn 0.6359 -0.7564 0.1537
vn 0.5456 -0.7480 0.3779
vn -0.4469 -0.8437 -0.2974
vn -0.3387 -0.9377 -0.0777
vn 0.3625 -0.7550 0.5464
vn -0.3311 -0.8022 -0.4968
vn 0.0885 -0.7349 0.6724
vn -0.0738 -0.8273 -0.5569
vn -0.1936 -0.7584 0.6223
vn 0.1811 -0.7976 -0.5754
vn -0.4749 -0.7314 0.4894
vn 0.3623 -0.8624 -0.3535
vn -0.6297 -0.7529 0.1911
vn 0.3258 -0.9407 -0.0942
vn -0.9594 -0.1374 -0.2463
vn -0.8335 -0.1668 -0.5268
vn -0.6528 -0.6515 -0.3865
vn -0.7134 -0.6784 -0.1757
vn -0.2003 -0.9685 -0.1483
vn -0.1560 -0.9868 -0.0438
vn 0.1240 -0.9914 -0.0414
vn 0.1382 -0.9799 -0.1439
vn 0.5650 -0.6779 -0.4703
vn 0.6721 -0.7128 -0.2004
vn 0.7338 -0.2141 -0.6447
vn 0.9369 -0.1951 -0.2902
vn -0.5685 -0.1898 -0.8005
vn -0.4465 -0.6339 -0.6315
vn -0.1562 -0.9686 -0.1933
vn -0.1054 -0.6451 -0.7568
vn -0.0334 -0.9768 -0.2116
vn -0.1327 -0.2043 -0.9699
vn 0.3417 -0.2076 -0.9166
vn 0.2621 -0.6533 -0.7103
vn 0.0890 -0.9756 -0.2007
vn -0.0014 -0.9999 -0.0118
vn 0.0165 -0.9998 -0.0127
vn -0.0237 -0.9996 -0.0138
vn -0.9733 -0.0365 -0.2267
vn -0.8754 -0.4373 -0.2059
vn -0.8157 -0.2076 -0.5400
vn -0.8501 -0.0620 -0.5230
vn -0.8443 -0.0726 -0.5309
vn -0.9691 -0.0400 -0.2436
vn 0.9553 -0.0896 -0.2819
vn 0.9512 -0.1002 -0.2919
vn 0.7427 -0.1230 -0.6582
vn 0.7369 -0.1087 -0.6672
vn 0.6874 -0.2266 -0.6900
vn 0.8476 -0.4644 -0.2566
vn -0.5483 -0.1577 -0.8213
vn -0.5686 -0.0885 -0.8179
vn -0.5741 -0.0989 -0.8128
vn -0.1327 -0.1025 -0.9858
vn -0.1337 -0.1134 -0.9845
vn -0.1276 -0.1672 -0.9776
vn 0.2964 -0.1657 -0.9406
vn 0.3223 -0.1084 -0.9404
vn 0.3409 -0.1198 -0.9324
vn -0.9670 -0.0822 -0.2410
vn -0.8172 -0.0826 -0.5704
vn -0.6300 -0.6401 -0.4397
vn -0.7396 -0.6475 -0.1837
vn -0.1194 -0.9893 -0.0835
vn -0.1388 -0.9898 -0.0324
vn -0.5499 -0.0809 -0.8313
vn -0.4223 -0.6434 -0.6385
vn -0.0800 -0.9894 -0.1212
vn -0.1011 -0.6287 -0.7710
vn -0.0194 -0.9884 -0.1505
vn -0.1299 -0.0821 -0.9881
vn 0.2970 -0.0805 -0.9515
vn 0.2275 -0.6457 -0.7289
vn 0.0422 -0.9895 -0.1383
vn 0.5383 -0.6306 -0.5591
vn 0.1022 -0.9889 -0.1076
vn 0.6912 -0.0857 -0.7176
vn 0.9500 -0.0837 -0.3009
vn 0.7277 -0.6466 -0.2289
vn 0.1370 -0.9898 -0.0391
vn -0.6621 -0.7213 0.2035
vn -0.4582 -0.7529 0.4725
vn -0.0690 -0.9951 0.0707
vn -0.1070 -0.9936 0.0355
vn -0.2098 -0.7095 0.6728
vn -0.0364 -0.9927 0.1146
vn 0.0879 -0.7397 0.6672
vn 0.0139 -0.9944 0.1046
vn 0.3868 -0.7143 0.5832
vn 0.0651 -0.9931 0.0980
vn 0.5654 -0.7258 0.3918
vn 0.0919 -0.9937 0.0636
vn 0.6801 -0.7142 0.1657
vn 0.1133 -0.9931 0.0291
vn -0.9047 0.3610 -0.2261
vn -0.7662 0.3570 -0.5343
vn -0.8185 0.0612 -0.5713
vn -0.9685 0.0616 -0.2411
vn -0.5164 0.3528 -0.7803
vn -0.5507 0.0599 -0.8326
vn -0.1221 0.3529 -0.9277
vn -0.1300 0.0609 -0.9896
vn 0.2794 0.3517 -0.8934
vn 0.2974 0.0595 -0.9529
vn 0.6471 0.3614 -0.6713
vn 0.6923 0.0633 -0.7189
vn 0.5236 0.6646 -0.5331
vn 0.7202 0.6597 -0.2149
vn 0.8879 0.3632 -0.2825
vn 0.9516 0.0623 -0.3008
vn -0.4091 0.9079 -0.0910
vn -0.3553 0.9025 -0.2434
vn -0.6241 0.6539 -0.4277
vn -0.7343 0.6562 -0.1737
vn -0.0224 0.9996 -0.0142
vn -0.2344 0.9053 -0.3543
vn -0.4226 0.6463 -0.6353
vn -0.0562 0.8996 -0.4330
vn -0.0992 0.6511 -0.7525
vn -0.0014 0.9999 -0.0152
vn 0.0139 0.9998 -0.0131
vn 0.1241 0.9072 -0.4019
vn 0.2287 0.6440 -0.7301
vn 0.3048 0.9007 -0.3096
vn 0.4011 0.9094 -0.1105
vn 0.4302 -0.9019 -0.0382
vn 0.9211 -0.3775 -0.0956
vn -0.6264 -0.7777 0.0526
vn -0.7227 -0.6884 0.0615
vn -0.1301 -0.9914 0.0117
vn 0.1365 -0.9906 -0.0112
vn 0.9930 -0.0800 -0.0867
vn 0.7468 -0.6618 -0.0651
vn 0.9944 0.0603 -0.0867
vn 0.9292 0.3606 -0.0814
vn 0.7572 0.6503 -0.0603
vn 0.0135 0.9999 -0.0005
vn 0.3951 0.9182 -0.0296
vn 0.0000 1.0000 0.0000
vn -0.0188 0.9998 -0.0005
vn -0.3969 0.9176 -0.0195
vn -0.7556 0.6539 -0.0395
vn -0.9300 0.3635 -0.0550
vn -0.9964 0.0609 -0.0588
vn -0.9950 -0.0804 -0.0588
vn -0.7466 -0.6639 -0.0440
vn -0.1354 -0.9908 -0.0076
vn 0.1306 -0.9914 0.0078
vn 0.7247 -0.6878 0.0415
vn 0.6252 -0.7796 0.0354
vn -0.4369 -0.8991 -0.0269
vn -0.9335 -0.3510 -0.0726
vn -0.9938 -0.0209 -0.1092
vn -0.9924 -0.0273 -0.1199
vn -0.9847 -0.1240 -0.1223
vn -0.7167 -0.6918 -0.0878
vn -0.1333 -0.9910 -0.0144
vn -0.0165 -0.9999 -0.0009
vn 0.0128 -0.9999 -0.0009
vn 0.1075 -0.9941 -0.0140
vn 0.6813 -0.7250 -0.1011
vn 0.9724 -0.1821 -0.1461
vn 0.9883 -0.0727 -0.1341
vn 0.9856 -0.0875 -0.1449
vn -0.1875 0.7950 0.5769
vn -0.2110 0.7307 0.6493
vn -0.4013 0.7307 0.5523
vn -0.3566 0.7950 0.4907
vn -0.5523 0.7307 0.4013
vn -0.4908 0.7950 0.3565
vn -0.6493 0.7307 0.2110
vn -0.5769 0.7950 0.1875
vn 0.6493 0.7307 0.2110
vn 0.5769 0.7950 0.1875
vn 0.5523 0.7307 0.4013
vn 0.4908 0.7950 0.3566
vn 0.4013 0.7307 0.5523
vn 0.3566 0.7950 0.4908
vn 0.2110 0.7307 0.6493
vn 0.1875 0.7950 0.5769
vn 0.0000 0.7307 0.6827
vn 0.0000 0.7950 0.6066
vn 0.1286 0.9093 -0.3957
vn 0.2446 0.9093 -0.3366
vn 0.3366 0.9093 -0.2446
vn 0.3957 0.9093 -0.1286
vn -0.3957 0.9093 -0.1286
vn -0.3366 0.9093 -0.2446
vn -0.2446 0.9093 -0.3366
vn -0.1286 0.9093 -0.3957
vn -0.0000 0.9093 -0.4161
vn 0.2710 0.4807 -0.8340
vn -0.0000 0.4807 -0.8769
vn -0.0000 0.9388 -0.3446
vn 0.1065 0.9388 -0.3277
vn 0.2025 0.9388 -0.2788
vn 0.5154 0.4807 -0.7094
vn 0.2788 0.9388 -0.2025
vn 0.7094 0.4807 -0.5154
vn 0.3277 0.9388 -0.1065
vn 0.8340 0.4807 -0.2710
vn -0.3277 0.9388 -0.1065
vn -0.8340 0.4807 -0.2710
vn -0.2788 0.9388 -0.2025
vn -0.7094 0.4807 -0.5154
vn -0.2025 0.9388 -0.2788
vn -0.5154 0.4807 -0.7094
vn -0.1065 0.9388 -0.3277
vn -0.2710 0.4807 -0.8340
vn 0.1575 -0.8604 -0.4847
vn 0.2842 -0.3924 -0.8748
vn 0.5406 -0.3924 -0.7441
vn 0.2996 -0.8604 -0.4123
vn 0.7441 -0.3924 -0.5406
vn 0.4123 -0.8604 -0.2996
vn 0.8748 -0.3924 -0.2842
vn 0.4847 -0.8604 -0.1575
vn -0.8748 -0.3924 -0.2842
vn -0.4847 -0.8604 -0.1575
vn -0.7441 -0.3924 -0.5406
vn -0.4123 -0.8604 -0.2996
vn -0.5406 -0.3924 -0.7441
vn -0.2996 -0.8604 -0.4123
vn -0.2842 -0.3924 -0.8748
vn -0.1575 -0.8604 -0.4847
vn -0.0000 -0.3924 -0.9198
vn -0.0000 -0.8604 -0.5097
vn 0.1745 0.8252 -0.5372
vn 0.3320 0.8252 -0.4569
vn 0.0000 0.8252 -0.5648
vn 0.4569 0.8252 -0.3320
vn 0.5372 0.8252 -0.1745
vn -0.5372 0.8252 -0.1745
vn -0.4569 0.8252 -0.3320
vn -0.3320 0.8252 -0.4569
vn -0.1745 0.8252 -0.5372
vn 0.5230 0.8517 -0.0318
vn 0.9238 0.3816 -0.0318
vn 0.9717 -0.2342 -0.0318
vn 0.6484 -0.7606 -0.0318
vn 0.0775 -0.9965 -0.0318
vn -0.5230 -0.8517 -0.0318
vn -0.9238 -0.3816 -0.0318
vn -0.9717 0.2342 -0.0318
vn -0.6484 0.7606 -0.0318
vn -0.0775 0.9965 -0.0318
vn 0.4072 -0.6944 -0.5933
vn 0.0718 -0.0047 -0.9974
vn 0.8149 -0.0168 -0.5793
vn 0.4184 0.6870 -0.5941
vn 0.4271 0.4349 -0.7927
vn 0.3305 0.8269 -0.4549
vn 0.0437 0.7314 -0.6806
vn 0.0568 -0.0023 -0.9984
vn 0.3728 -0.6311 -0.6803
vn 0.0406 -0.9992 -0.0052
vn 0.0094 -0.9998 -0.0189
vn 0.5136 -0.8579 -0.0147
vn 0.5314 0.8470 -0.0160
vn 0.0086 0.9995 -0.0299
vn 0.0145 0.9999 -0.0007
vn 0.0278 0.9996 -0.0022
vn -0.0236 0.9997 -0.0114
vn 0.9998 -0.0214 -0.0000
vn 0.9997 -0.0213 -0.0128
vn -0.2667 0.9610 0.0728
vn -0.5168 0.8470 0.1248
vn -0.2677 0.9517 0.1501
vn -0.5262 0.8061 0.2707
vn -0.0463 0.9989 0.0090
vn -0.0627 0.9975 0.0322
vn -0.1921 0.9124 0.3614
vn -0.2594 0.9328 0.2503
vn -0.0697 0.9948 0.0742
vn -0.0502 0.9943 0.0942
vn -0.4976 0.7377 0.4563
vn -0.3562 0.6621 0.6593
vn 0.0320 0.6057 0.7950
vn -0.1500 0.6194 0.7706
vn -0.0854 0.8987 0.4302
vn 0.0165 0.8945 0.4467
vn -0.0245 0.9936 0.1103
vn 0.0021 0.9935 0.1140
vn 0.2095 0.8830 0.4201
vn 0.1137 0.8903 0.4410
vn 0.0285 0.9933 0.1119
vn 0.0551 0.9929 0.1058
vn 0.2006 0.5921 0.7805
vn 0.3619 0.5725 0.7357
vn 0.7004 0.5524 0.4520
vn 0.5306 0.5539 0.6417
vn 0.3113 0.8749 0.3711
vn 0.4094 0.8736 0.2632
vn 0.0820 0.9923 0.0929
vn 0.1044 0.9923 0.0661
vn 0.4684 0.8752 0.1205
vn 0.1197 0.9923 0.0325
vn 0.8033 0.5599 0.2030
vn 0.4996 0.7489 -0.4354
vn 0.2227 0.9575 -0.1834
vn 0.4471 0.6980 -0.5594
vn 0.2301 0.9330 -0.2769
vn 0.1612 0.9237 -0.3477
vn 0.3218 0.6712 -0.6678
vn 0.1491 0.6542 -0.7415
vn 0.0724 0.9206 -0.3838
vn -0.0155 0.9189 -0.3942
vn -0.0234 0.6477 -0.7615
vn -0.2011 0.6418 -0.7400
vn -0.1063 0.9176 -0.3831
vn -0.1962 0.9144 -0.3542
vn -0.3750 0.6289 -0.6810
vn -0.5333 0.6154 -0.5803
vn -0.2800 0.9105 -0.3043
vn -0.3554 0.9077 -0.2232
vn -0.6697 0.6119 -0.4208
vn -0.7570 0.6184 -0.2112
vn -0.4005 0.9095 -0.1112
vn -0.6558 0.2512 -0.7119
vn -0.8212 0.2440 -0.5159
vn -0.4646 0.2731 -0.8424
vn -0.0273 0.3078 -0.9510
vn -0.2500 0.2944 -0.9224
vn 0.1892 0.3228 -0.9274
vn 0.4084 0.3533 -0.8417
vn 0.5728 0.4020 -0.7143
vn 0.6803 0.4469 -0.5809
vn -0.9313 0.2542 -0.2609
vn -0.0010 -1.0000 0.0005
vn 0.0768 -0.9951 -0.0624
vn 0.1131 -0.9926 -0.0448
vn -0.0005 -1.0000 0.0000
vn -0.0013 -1.0000 0.0011
vn 0.0623 -0.9949 -0.0791
vn -0.0010 -1.0000 0.0013
vn 0.0455 -0.9942 -0.0970
vn -0.0006 -1.0000 0.0021
vn 0.0204 -0.9944 -0.1041
vn -0.0000 -1.0000 0.0023
vn -0.0035 -0.9945 -0.1043
vn 0.0005 -1.0000 0.0023
vn -0.0274 -0.9946 -0.0999
vn 0.0011 -1.0000 0.0023
vn -0.0511 -0.9944 -0.0921
vn 0.0017 -1.0000 0.0020
vn -0.0738 -0.9940 -0.0802
vn 0.0020 -1.0000 0.0013
vn -0.0947 -0.9937 -0.0598
vn 0.0024 -1.0000 0.0006
vn -0.1064 -0.9939 -0.0298
vn -0.1171 -0.9913 0.0595
vn -0.1210 -0.9922 0.0287
vn -0.9369 -0.2668 0.2259
vn -0.8463 -0.3058 0.4361
vn -0.6797 -0.3699 0.6334
vn -0.1043 -0.9901 0.0944
vn -0.4173 -0.4287 0.8013
vn -0.0721 -0.9889 0.1297
vn -0.1621 -0.4401 0.8832
vn -0.0313 -0.9876 0.1539
vn 0.0423 -0.4498 0.8921
vn 0.0055 -0.9878 0.1559
vn 0.2245 -0.4582 0.8601
vn 0.0385 -0.9878 0.1511
vn 0.3909 -0.4679 0.7927
vn 0.0705 -0.9872 0.1429
vn 0.5587 -0.4787 0.6773
vn 0.1052 -0.9864 0.1260
vn 0.7326 -0.4892 0.4732
vn 0.1371 -0.9867 0.0878
vn 0.8510 -0.4798 0.2134
vn 0.1579 -0.9866 0.0402
vn -0.6679 -0.6141 -0.4205
vn -0.5322 -0.6162 -0.5806
vn -0.3803 -0.6089 -0.6962
vn -0.2054 -0.6003 -0.7730
vn -0.0184 -0.5935 -0.8046
vn 0.1684 -0.5849 -0.7934
vn 0.3697 -0.5647 -0.7378
vn 0.5278 -0.5529 -0.6448
vn 0.6974 -0.5135 -0.4999
vn 0.3366 -0.9314 -0.1387
vn -0.7624 -0.6108 -0.2137
vn 0.0978 -0.9950 -0.0217
vn 0.3242 -0.9433 -0.0720
vn 0.4067 -0.9076 -0.1044
vn 0.1713 0.9839 -0.0514
vn 0.1899 0.9807 -0.0465
vn 0.0270 -0.7405 -0.6715
vn -0.4456 -0.1143 -0.8879
vn -0.0199 -0.0051 -0.9998
vn -0.0569 0.2151 -0.9749
vn -0.4622 -0.0087 -0.8867
vn -0.2379 -0.2273 -0.9443
vn 0.0550 -0.2156 -0.9749
vn -0.7873 -0.2049 -0.5815
vn -0.6051 -0.5223 -0.6009
vn -0.7697 -0.6384 0.0000
vn -0.9832 0.1824 0.0000
vn -0.7828 0.1614 -0.6009
vn 0.2535 -0.9368 -0.2412
vn 0.2865 -0.7364 -0.6129
vn -0.2025 -0.5905 -0.7812
vn 0.1607 -0.9864 -0.0355
vn 0.1520 -0.8027 -0.5767
vn -0.3169 0.9479 -0.0323
vn -0.4887 0.7584 0.4313
vn -0.4874 0.8618 0.1406
vn -0.6782 0.7348 0.0000
vn -0.5838 0.6047 0.5417
vn -0.2343 -0.9722 0.0002
vn -0.1931 -0.8207 -0.5378
vn -0.3861 0.9225 -0.0016
vn -0.5866 0.8099 -0.0066
vn -0.3197 -0.9474 0.0122
vn -0.1036 -0.9946 -0.0039
vn -0.1453 -0.9834 0.1086
vn 0.0181 -0.9998 -0.0040
vn -0.2686 0.9632 0.0003
vn -0.7077 0.7063 0.0145
vn -0.8239 0.1531 0.5456
vn -0.9639 0.0210 -0.2654
vn -0.5700 0.6768 -0.4659
vn -0.2582 0.7750 -0.5768
vn -0.2125 0.1741 -0.9615
vn -0.5682 0.6228 -0.5379
vn -0.1993 -0.0518 -0.9786
vn -0.1010 -0.2555 -0.9615
vn 0.9974 -0.0076 -0.0717
vn 0.9975 0.0377 -0.0590
vn 0.9863 0.1471 -0.0743
vn 0.9941 -0.0829 -0.0697
vn 0.9958 -0.0462 -0.0787
vn 0.9891 -0.1408 -0.0426
vn 0.9915 -0.1163 -0.0579
vn 0.8807 0.4541 -0.1349
vn 0.8747 0.3958 -0.2797
vn 0.9633 -0.2563 -0.0798
vn 0.8713 -0.4833 -0.0849
vn 0.9005 -0.3680 -0.2315
vn 0.9763 -0.1927 -0.0988
vn 0.8554 -0.3320 -0.3977
vn 0.9691 -0.1819 -0.1665
vn 0.8463 -0.2430 -0.4740
vn 0.9677 -0.1407 -0.2092
vn 0.8461 -0.1389 -0.5147
vn 0.9695 -0.0898 -0.2281
vn 0.8495 -0.0236 -0.5270
vn 0.9706 -0.0403 -0.2373
vn 0.8528 0.0986 -0.5128
vn 0.9728 0.0124 -0.2313
vn 0.8525 0.2199 -0.4742
vn 0.9732 0.0729 -0.2179
vn 0.8525 0.3307 -0.4049
vn 0.9714 0.1585 -0.1767
vn 0.5565 -0.8205 -0.1307
vn 0.6712 -0.6088 -0.4229
vn 0.4490 -0.5280 -0.7209
vn 0.4953 -0.3690 -0.7865
vn 0.5160 -0.1911 -0.8350
vn 0.5213 -0.0018 -0.8534
vn 0.5286 0.1972 -0.8256
vn 0.5284 0.3896 -0.7543
vn 0.5256 0.5620 -0.6387
vn 0.5297 0.7105 -0.4633
vn 0.5409 0.8079 -0.2340
vn -0.9970 0.0025 0.0779
vn -0.9972 -0.0481 0.0565
vn -0.9933 0.0870 0.0757
vn -0.9952 0.0461 0.0858
vn -0.9904 0.1272 0.0538
vn -0.9001 -0.4165 0.1278
vn -0.9593 -0.2695 0.0843
vn -0.8955 -0.3639 0.2563
vn -0.9543 -0.2391 0.1794
vn -0.9644 0.2426 0.1056
vn -0.6562 0.7495 0.0881
vn -0.7464 0.5811 0.3242
vn -0.9342 0.2490 0.2557
vn -0.8457 0.3553 0.3982
vn -0.8237 0.5157 0.2356
vn -0.9404 0.1713 0.2937
vn -0.8647 0.2423 0.4400
vn -0.9457 0.1029 0.3084
vn -0.8754 0.1350 0.4642
vn -0.9476 0.0360 0.3173
vn -0.8804 0.0282 0.4734
vn -0.9508 -0.0342 0.3078
vn -0.8851 -0.0808 0.4583
vn -0.9517 -0.1093 0.2869
vn -0.8872 -0.1874 0.4216
vn -0.9537 -0.1737 0.2455
vn -0.8897 -0.2837 0.3576
vn -0.8263 0.5453 -0.1409
vn -0.9990 -0.0375 0.0243
vn -0.9985 -0.0259 0.0491
vn -0.8280 0.4866 -0.2785
vn -0.8377 0.3935 -0.3786
vn -0.9971 -0.0144 0.0754
vn -0.9957 0.0052 0.0921
vn -0.8505 0.2885 -0.4397
vn -0.8601 0.1756 -0.4789
vn -0.9946 0.0276 0.0998
vn -0.9937 0.0512 0.0997
vn -0.8635 0.0597 -0.5008
vn -0.8675 -0.0521 -0.4946
vn -0.9926 0.0772 0.0939
vn -0.9931 0.1002 0.0602
vn -0.8645 -0.1628 -0.4755
vn -0.8403 -0.2597 -0.4758
vn -0.9944 0.1039 0.0179
vn -0.2826 -0.3875 -0.8775
vn -0.3471 -0.5293 -0.7741
vn 0.2137 -0.7571 -0.6174
vn -0.2427 0.0355 -0.9694
vn -0.2506 -0.1837 -0.9505
vn -0.2232 0.4761 -0.8506
vn -0.2342 0.2614 -0.9364
vn -0.1976 0.8325 -0.5176
vn -0.2106 0.6666 -0.7151
vn -0.1889 0.9462 -0.2627
vn 0.0417 -0.9987 -0.0290
vn 0.5112 -0.8503 -0.1253
vn -0.7802 -0.5858 0.2192
vn -0.5732 -0.2878 0.7672
vn -0.0884 -0.9131 0.3981
vn -0.0495 -0.2500 0.9670
vn -0.2150 -0.8126 0.5418
vn -0.4897 -0.1274 0.8626
vn 0.0000 0.0000 1.0000
vn -0.9365 -0.2437 0.2521
vn -0.1896 -0.1622 0.9684
vn -0.6448 -0.5353 0.5456
vn -0.2187 -0.0569 0.9741
vn -0.7977 -0.2076 0.5662
vn -0.2446 0.0492 0.9684
vn -0.1651 0.1942 0.9670
vn -0.6407 -0.0277 0.7673
vn -0.9797 0.1086 0.1687
vn -0.9989 0.0418 0.0235
vn -0.9674 -0.2517 0.0271
vn -0.8518 -0.5233 0.0235
vn 0.9091 0.3756 -0.1800
vn 0.5147 0.8383 -0.1800
vn 0.9563 -0.2305 -0.1800
vn 0.6382 -0.7486 -0.1800
vn 0.0763 -0.9807 -0.1800
vn -0.5147 -0.8382 -0.1800
vn -0.9091 -0.3756 -0.1800
vn -0.9563 0.2305 -0.1800
vn -0.6381 0.7486 -0.1800
vn -0.0763 0.9807 -0.1800
vn 0.6050 0.2500 -0.7560
vn -0.0000 0.0000 -1.0000
vn 0.3426 0.5579 -0.7559
vn 0.6364 -0.1534 -0.7559
vn 0.4247 -0.4982 -0.7559
vn 0.0508 -0.6526 -0.7560
vn -0.3425 -0.5578 -0.7560
vn -0.6050 -0.2500 -0.7560
vn -0.6364 0.1534 -0.7560
vn -0.4247 0.4982 -0.7559
vn -0.0508 0.6527 -0.7559
vn -0.5964 -0.5799 0.5550
vn -0.6924 -0.4181 0.5880
vn -0.8315 -0.4315 0.3499
vn -0.6588 -0.6827 0.3161
vn -0.8816 -0.4719 -0.0000
vn -0.6951 -0.7189 0.0000
vn 0.6348 -0.3394 0.6941
vn 0.5179 -0.3870 0.7629
vn 0.8093 -0.2544 0.5295
vn 0.8412 -0.3423 0.4186
vn 0.0000 -1.0000 0.0000
vn -0.0002 -1.0000 -0.0021
vn 0.0005 -1.0000 0.0038
vn -0.8646 -0.5025 -0.0000
vn -0.8271 -0.4945 0.2671
vn -0.3712 -0.5186 0.7702
vn -0.7190 -0.4985 0.4843
vn 0.3746 -0.3888 0.8417
vn 0.3095 -0.4426 0.8417
vn 0.1591 -0.4160 0.8953
vn 0.1639 -0.4830 0.8601
vn -0.0695 -0.4007 0.9136
vn -0.0294 -0.4874 0.8727
vn -0.2937 -0.3960 0.8700
vn -0.4909 -0.4349 0.7549
vn 0.6327 0.0090 0.7744
vn 0.6705 0.1318 0.7301
vn 0.8882 0.1382 0.4381
vn 0.8878 -0.0081 0.4601
vn 0.4301 0.6680 0.6072
vn 0.6344 0.7232 0.2729
vn -0.9738 0.2273 -0.0000
vn -0.9628 0.2703 -0.0000
vn -0.9247 0.2341 0.3002
vn -0.9459 0.1874 0.2649
vn -0.9824 0.1866 -0.0000
vn -0.9308 0.1526 0.3322
vn -0.7670 0.2193 0.6030
vn -0.8006 0.1701 0.5746
vn -0.7575 0.1284 0.6401
vn -0.4279 0.1140 0.8966
vn -0.4357 0.2095 0.8754
vn -0.4614 0.1377 0.8764
vn -0.0959 0.2001 0.9751
vn -0.1166 0.1164 0.9863
vn -0.0967 0.1118 0.9890
vn 0.1274 0.1843 0.9746
vn 0.0969 0.0934 0.9909
vn 0.1266 0.1117 0.9856
vn 0.2739 0.1633 0.9478
vn 0.3652 0.1588 0.9173
vn 0.2913 0.0653 0.9544
vn 0.5460 -0.1630 0.8218
vn 0.6135 -0.0059 0.7897
vn 0.8768 -0.0928 0.4717
vn -1.0000 0.0072 0.0000
vn -0.9873 0.1592 -0.0000
vn -0.9696 0.1078 0.2195
vn -0.9769 -0.0397 0.2101
vn -0.8677 0.0645 0.4929
vn -0.8493 -0.1406 0.5089
vn -0.5356 -0.0034 0.8445
vn -0.4412 -0.3172 0.8394
vn -0.1310 -0.0367 0.9907
vn -0.0690 -0.3166 0.9460
vn 0.0785 -0.0214 0.9967
vn 0.1360 -0.2710 0.9529
vn 0.2783 -0.0132 0.9604
vn 0.3100 -0.2290 0.9227
vn 0.6030 -0.0044 0.7977
vn 0.8779 -0.0166 0.4785
vn 0.0005 -1.0000 0.0035
vn -0.0025 -1.0000 0.0000
vn -0.0018 -1.0000 0.0043
vn -0.9994 -0.0345 0.0000
vn -0.7065 -0.7077 -0.0000
vn -0.6561 -0.7153 0.2407
vn -0.9357 -0.0615 0.3474
vn -0.0401 -0.9992 -0.0000
vn -0.0436 -0.9989 0.0147
vn 0.0192 -0.9841 0.1765
vn 0.1015 -0.6470 0.7557
vn 0.1464 -0.7039 0.6951
vn 0.0143 -0.9935 0.1129
vn 0.1320 -0.1083 0.9853
vn 0.2041 -0.0904 0.9748
vn 0.0899 -0.7186 0.6896
vn 0.0063 -0.9979 0.0646
vn 0.1297 -0.0917 0.9873
vn -0.0942 -0.0934 0.9912
vn -0.0640 -0.7148 0.6964
vn -0.0085 -0.9973 0.0727
vn -0.4219 -0.0936 0.9018
vn -0.3024 -0.7003 0.6467
vn -0.0323 -0.9955 0.0889
vn -0.5366 -0.7063 0.4617
vn -0.0487 -0.9974 0.0536
vn -0.7517 -0.0789 0.6548
vn 0.1065 0.3588 0.9273
vn -0.4078 0.9131 -0.0000
vn -0.8249 0.5652 -0.0000
vn -0.7607 0.5883 -0.2742
vn -0.4088 0.9125 0.0160
vn -0.9614 0.2751 -0.0000
vn -0.9091 0.3096 -0.2786
vn 0.7535 0.6575 0.0000
vn -0.3493 0.9370 -0.0000
vn -0.3504 0.9344 0.0641
vn 0.7280 0.6749 -0.1207
vn -0.9998 0.0184 -0.0000
vn -0.9872 -0.0338 0.1559
vn -0.9204 -0.0615 0.3860
vn -0.3530 0.9248 0.1419
vn 0.6801 0.6834 -0.2654
vn -0.3482 0.9078 0.2339
vn 0.6142 0.6905 -0.3820
vn -0.8373 -0.1127 0.5350
vn -0.6684 -0.1532 0.7278
vn -0.3157 0.8895 0.3304
vn 0.4926 0.7010 -0.5157
vn -0.2402 0.8842 0.4005
vn 0.3687 0.7164 -0.5923
vn -0.5197 -0.1081 0.8474
vn -0.3432 -0.1048 0.9334
vn -0.1541 0.8837 0.4420
vn 0.2274 0.7249 -0.6502
vn 0.6470 -0.1007 0.7558
vn 0.3295 0.8725 0.3607
vn 0.2483 0.8865 0.3905
vn 0.5172 -0.1479 0.8430
vn -0.4589 0.7339 -0.5008
vn -0.3631 0.7292 -0.5800
vn -0.2256 0.7327 -0.6421
vn 0.1752 0.8825 0.4364
vn 0.3230 -0.1496 0.9345
vn 0.4425 0.8399 0.3143
vn -0.5450 0.7641 -0.3450
vn 0.7758 -0.1605 0.6103
vn 0.8873 -0.1133 0.4471
vn 0.4768 0.8301 0.2893
vn -0.6134 0.7632 -0.2029
vn 0.0164 -0.1449 0.9893
vn 0.0103 0.8842 0.4671
vn -0.0704 0.8841 0.4620
vn -0.1855 -0.1473 0.9715
vn -0.0005 0.7368 -0.6761
vn 0.1198 0.7514 -0.6489
vn 0.0911 0.8836 0.4592
vn -0.1192 0.7553 -0.6444
vn 0.1689 -0.0995 0.9806
vn -0.9225 -0.2661 0.2795
vn -0.9720 -0.2350 -0.0000
vn -0.7500 -0.2823 0.5982
vn 0.6434 -0.2300 0.7302
vn 0.8283 -0.2976 0.4746
vn 0.4100 -0.2678 0.8719
vn 0.1663 -0.2492 0.9541
vn -0.0826 -0.2696 0.9594
vn -0.3088 -0.2454 0.9189
vn -0.5358 -0.2485 0.8070
vn 0.6991 0.6814 -0.2167
vn 0.7513 0.6600 0.0000
vn 0.5516 0.8110 -0.1951
vn 0.5837 0.8120 0.0000
vn 0.5502 0.7025 -0.4515
vn 0.4477 0.7879 -0.4227
vn -0.5625 0.6259 -0.5403
vn -0.6749 0.4151 -0.6101
vn 0.0091 0.7014 -0.7127
vn -0.2822 0.6688 -0.6878
vn -0.2788 0.6007 -0.7493
vn -0.0014 0.6535 -0.7569
vn 0.2955 0.7086 -0.6408
vn 0.2442 0.7548 -0.6088
vn 0.3203 0.8776 -0.3567
vn 0.4076 0.9132 -0.0000
vn 0.1661 0.8970 -0.4095
vn 0.2160 0.9764 -0.0000
vn -0.7088 -0.6568 -0.2572
vn -0.5075 0.1363 -0.8508
vn -0.6815 -0.7086 -0.1828
vn -0.6851 -0.4781 -0.5496
vn 0.0053 0.7080 -0.7062
vn -0.0411 0.5422 -0.8392
vn -0.7736 -0.6336 0.0000
vn -0.9908 0.1356 0.0000
vn -0.5930 0.8052 -0.0000
vn -0.5504 0.7686 -0.3261
vn -0.9839 0.1774 -0.0199
vn -0.5914 0.2394 -0.7700
vn -0.9887 0.0902 -0.1201
vn -0.9937 -0.1108 -0.0179
vn -0.9770 -0.1833 -0.1086
vn -0.7066 -0.7076 -0.0000
vn -0.9958 -0.0918 -0.0000
vn -0.9972 -0.0744 -0.0000
vn -0.9970 -0.0776 -0.0006
vn -0.9998 0.0216 0.0000
vn 0.0349 0.8695 0.4928
vn 0.1679 0.7613 0.6263
vn 0.3360 0.7221 0.6047
vn 0.0955 0.8274 0.5534
vn -0.0016 0.8089 0.5879
vn 0.7684 0.3314 0.5475
vn 0.4506 0.7363 0.5048
vn 0.0231 0.0052 0.9997
vn 0.0170 0.1936 0.9809
vn 0.0687 0.2471 0.9666
vn 0.0664 -0.0097 0.9977
vn 0.6403 0.1678 0.7496
vn 0.6231 -0.0016 0.7821
vn 0.6407 -0.1407 0.7548
vn 0.9977 -0.0680 -0.0000
vn 0.9643 -0.2647 -0.0000
vn 0.7013 -0.2062 0.6824
vn 0.8934 -0.4493 -0.0000
vn 0.5722 -0.2305 0.7870
vn 0.9906 0.1365 0.0000
vn 0.9708 0.2398 -0.0000
vn 0.9902 0.1394 -0.0000
vn 0.0381 -0.9993 0.0000
vn 0.6932 -0.7207 -0.0000
vn 0.6404 -0.7176 0.2738
vn 0.0404 -0.9990 0.0176
vn 0.9926 -0.1213 -0.0000
vn 0.9121 -0.1194 0.3921
vn 0.5068 -0.7146 0.4821
vn 0.0414 -0.9983 0.0403
vn 0.7186 -0.1109 0.6865
vn 0.4786 -0.1104 0.8711
vn 0.3473 -0.6995 0.6246
vn 0.0412 -0.9959 0.0803
vn 0.1955 -0.6695 0.7166
vn 0.0503 -0.9854 0.1626
vn 0.2570 -0.1096 0.9602
vn 0.9999 0.0126 0.0000
vn 0.9171 0.1017 0.3854
vn 0.0321 -0.9828 0.1816
vn 0.0030 -1.0000 0.0010
vn 0.4863 0.1277 0.8644
vn 0.2587 0.1297 0.9572
vn 0.0026 -1.0000 0.0000
vn -0.0001 -1.0000 -0.0021
vn 0.7222 0.1756 0.6690
vn 0.8565 -0.5162 -0.0000
vn 0.8793 0.4762 -0.0000
vn 0.6955 0.4246 0.5796
vn 0.5657 -0.3418 0.7504
vn 0.8528 -0.5222 -0.0000
vn 0.5441 -0.3351 0.7692
vn 0.0152 -0.9870 0.1598
vn 0.0000 0.0060 1.0000
vn 0.0000 0.1925 0.9813
vn 0.0000 0.8125 0.5830
vn 0.0203 -0.0064 0.9998
vn 0.0301 -0.0039 0.9995
vn 0.0156 0.0049 0.9999
vn 0.0000 0.7221 0.6918
vn -0.0000 0.0239 0.9997
vn 0.0000 0.0246 0.9997
vn 0.1789 0.8755 0.4489
vn -0.0000 0.7221 0.6918
vn 0.0000 -0.0013 1.0000
vn 0.0000 0.0262 0.9997
vn 0.0000 0.0104 0.9999
vn 0.0000 0.0239 0.9997
vn 0.0826 0.7669 0.6364
vn 0.1303 -0.1078 0.9856
vn 0.0989 -0.6399 0.7621
vn 0.1307 0.1257 0.9834
vn 0.0049 0.1924 0.9813
vn -0.0000 0.8159 0.5782
vn 0.0002 0.0102 0.9999
vn 0.0077 0.0192 0.9998
vn 0.0001 0.0246 0.9997
vn 0.0388 0.7709 0.6358
vn 0.0906 -0.1070 0.9901
vn 0.0688 -0.6561 0.7515
vn 0.0905 0.1244 0.9881
vn 0.5565 0.0089 0.8308
vn 0.5612 0.1560 0.8129
vn 0.4693 0.6855 0.5567
vn 0.5796 -0.0105 0.8148
vn 0.5651 0.0207 0.8248
vn 0.5906 -0.0653 0.8044
vn 0.5267 -0.0833 0.8460
vn 0.5679 -0.1114 0.8155
vn 0.5281 -0.2604 0.8083
vn 0.5664 -0.2088 0.7972
vn -0.5964 -0.5799 -0.5550
vn -0.6588 -0.6827 -0.3161
vn -0.8315 -0.4315 -0.3499
vn -0.6924 -0.4181 -0.5880
vn 0.6348 -0.3394 -0.6941
vn 0.8412 -0.3423 -0.4186
vn 0.8093 -0.2544 -0.5295
vn 0.5179 -0.3870 -0.7629
vn 0.0005 -1.0000 -0.0038
vn -0.0002 -1.0000 0.0021
vn -0.8271 -0.4945 -0.2671
vn -0.3712 -0.5186 -0.7702
vn -0.7190 -0.4985 -0.4843
vn 0.3095 -0.4426 -0.8417
vn 0.3746 -0.3888 -0.8417
vn 0.1639 -0.4830 -0.8601
vn 0.1591 -0.4160 -0.8953
vn -0.0294 -0.4874 -0.8727
vn -0.0695 -0.4007 -0.9136
vn -0.2937 -0.3960 -0.8700
vn -0.4909 -0.4349 -0.7549
vn 0.6327 0.0090 -0.7744
vn 0.8878 -0.0081 -0.4601
vn 0.8882 0.1382 -0.4381
vn 0.6705 0.1318 -0.7301
vn 0.6344 0.7232 -0.2729
vn 0.4301 0.6680 -0.6072
vn -0.9459 0.1874 -0.2649
vn -0.9247 0.2341 -0.3002
vn -0.9308 0.1526 -0.3322
vn -0.8006 0.1701 -0.5746
vn -0.7670 0.2193 -0.6030
vn -0.7575 0.1284 -0.6401
vn -0.4357 0.2095 -0.8754
vn -0.4279 0.1140 -0.8966
vn -0.4614 0.1377 -0.8764
vn -0.1166 0.1164 -0.9863
vn -0.0959 0.2001 -0.9751
vn -0.0967 0.1118 -0.9890
vn 0.0969 0.0934 -0.9909
vn 0.1274 0.1843 -0.9746
vn 0.1266 0.1117 -0.9856
vn 0.3652 0.1588 -0.9173
vn 0.2739 0.1633 -0.9478
vn 0.2913 0.0653 -0.9544
vn 0.5460 -0.1630 -0.8218
vn 0.8768 -0.0928 -0.4717
vn 0.6135 -0.0059 -0.7897
vn -0.9769 -0.0397 -0.2101
vn -0.9696 0.1078 -0.2195
vn -0.8493 -0.1406 -0.5089
vn -0.8677 0.0645 -0.4929
vn -0.4412 -0.3172 -0.8394
vn -0.5356 -0.0034 -0.8445
vn -0.0690 -0.3166 -0.9460
vn -0.1310 -0.0367 -0.9907
vn 0.1360 -0.2710 -0.9529
vn 0.0785 -0.0214 -0.9967
vn 0.3100 -0.2290 -0.9227
vn 0.2783 -0.0132 -0.9604
vn 0.6030 -0.0044 -0.7977
vn 0.8779 -0.0166 -0.4785
vn 0.0005 -1.0000 -0.0035
vn -0.0018 -1.0000 -0.0043
vn -0.9357 -0.0615 -0.3474
vn -0.6561 -0.7153 -0.2407
vn -0.0436 -0.9989 -0.0147
vn 0.0192 -0.9841 -0.1765
vn 0.0143 -0.9935 -0.1129
vn 0.1464 -0.7039 -0.6951
vn 0.1015 -0.6470 -0.7557
vn 0.2041 -0.0904 -0.9748
vn 0.1320 -0.1083 -0.9853
vn 0.0063 -0.9979 -0.0646
vn 0.0899 -0.7186 -0.6896
vn 0.1297 -0.0917 -0.9873
vn -0.0640 -0.7148 -0.6964
vn -0.0942 -0.0934 -0.9912
vn -0.0085 -0.9973 -0.0727
vn -0.3024 -0.7003 -0.6467
vn -0.4219 -0.0936 -0.9018
vn -0.0323 -0.9955 -0.0889
vn -0.0487 -0.9974 -0.0536
vn -0.5366 -0.7063 -0.4617
vn -0.7517 -0.0789 -0.6548
vn 0.1065 0.3588 -0.9273
vn -0.4088 0.9125 -0.0160
vn -0.7607 0.5883 0.2742
vn -0.9091 0.3096 0.2786
vn 0.7280 0.6749 0.1207
vn -0.3504 0.9344 -0.0641
vn -0.9872 -0.0338 -0.1559
vn -0.3530 0.9248 -0.1419
vn -0.9204 -0.0615 -0.3860
vn 0.6801 0.6834 0.2654
vn 0.6142 0.6905 0.3820
vn -0.3482 0.9078 -0.2339
vn -0.8373 -0.1127 -0.5350
vn -0.3157 0.8895 -0.3304
vn -0.6684 -0.1532 -0.7278
vn 0.4926 0.7010 0.5157
vn 0.3687 0.7164 0.5923
vn -0.2402 0.8842 -0.4005
vn -0.5197 -0.1081 -0.8474
vn -0.1541 0.8837 -0.4420
vn -0.3432 -0.1048 -0.9334
vn 0.2274 0.7249 0.6502
vn 0.6470 -0.1007 -0.7558
vn 0.5172 -0.1479 -0.8430
vn 0.2483 0.8865 -0.3905
vn 0.3295 0.8725 -0.3607
vn -0.3631 0.7292 0.5800
vn -0.4589 0.7339 0.5008
vn 0.1752 0.8825 -0.4364
vn -0.2256 0.7327 0.6421
vn 0.3230 -0.1496 -0.9345
vn -0.5450 0.7641 0.3450
vn 0.4425 0.8399 -0.3143
vn 0.7758 -0.1605 -0.6103
vn 0.4768 0.8301 -0.2893
vn 0.8873 -0.1133 -0.4471
vn -0.6134 0.7632 0.2029
vn 0.0164 -0.1449 -0.9893
vn -0.1855 -0.1473 -0.9715
vn -0.0704 0.8841 -0.4620
vn 0.0103 0.8842 -0.4671
vn 0.1198 0.7514 0.6489
vn -0.0005 0.7368 0.6761
vn -0.1192 0.7553 0.6444
vn 0.0911 0.8836 -0.4592
vn 0.1689 -0.0995 -0.9806
vn -0.9225 -0.2661 -0.2795
vn -0.7500 -0.2823 -0.5982
vn 0.8283 -0.2976 -0.4746
vn 0.6434 -0.2300 -0.7302
vn 0.1663 -0.2492 -0.9541
vn 0.4100 -0.2678 -0.8719
vn -0.0826 -0.2696 -0.9594
vn -0.5358 -0.2485 -0.8070
vn -0.3088 -0.2454 -0.9189
vn 0.6991 0.6814 0.2167
vn 0.5516 0.8110 0.1951
vn 0.5502 0.7025 0.4515
vn 0.4477 0.7879 0.4227
vn -0.5625 0.6259 0.5403
vn -0.6749 0.4151 0.6101
vn 0.0091 0.7014 0.7127
vn -0.2822 0.6688 0.6878
vn -0.0014 0.6535 0.7569
vn -0.2788 0.6007 0.7493
vn 0.2955 0.7086 0.6408
vn 0.2442 0.7548 0.6088
vn 0.3203 0.8776 0.3567
vn 0.1661 0.8970 0.4095
vn -0.5075 0.1363 0.8508
vn -0.7088 -0.6568 0.2572
vn -0.6851 -0.4781 0.5496
vn -0.6815 -0.7086 0.1828
vn 0.0053 0.7080 0.7062
vn -0.0411 0.5422 0.8392
vn -0.9839 0.1774 0.0199
vn -0.5504 0.7686 0.3261
vn -0.9887 0.0902 0.1201
vn -0.5914 0.2394 0.7700
vn -0.9770 -0.1833 0.1086
vn -0.9937 -0.1108 0.0179
vn -0.9970 -0.0776 0.0006
vn 0.0349 0.8695 -0.4928
vn 0.1679 0.7613 -0.6263
vn -0.0016 0.8089 -0.5879
vn 0.0955 0.8274 -0.5534
vn 0.3360 0.7221 -0.6047
vn 0.7684 0.3314 -0.5475
vn 0.4506 0.7363 -0.5048
vn 0.0231 0.0052 -0.9997
vn 0.0664 -0.0097 -0.9977
vn 0.0687 0.2471 -0.9666
vn 0.0170 0.1936 -0.9809
vn 0.6231 -0.0016 -0.7821
vn 0.6403 0.1678 -0.7496
vn 0.6407 -0.1407 -0.7548
vn 0.7013 -0.2062 -0.6824
vn 0.5722 -0.2305 -0.7870
vn 0.0404 -0.9990 -0.0176
vn 0.6404 -0.7176 -0.2738
vn 0.9121 -0.1194 -0.3921
vn 0.0414 -0.9983 -0.0403
vn 0.5068 -0.7146 -0.4821
vn 0.7186 -0.1109 -0.6865
vn 0.3473 -0.6995 -0.6246
vn 0.4786 -0.1104 -0.8711
vn 0.0412 -0.9959 -0.0803
vn 0.0503 -0.9854 -0.1626
vn 0.1955 -0.6695 -0.7166
vn 0.2570 -0.1096 -0.9602
vn 0.9171 0.1017 -0.3854
vn 0.0030 -1.0000 -0.0010
vn 0.0321 -0.9828 -0.1816
vn 0.2587 0.1297 -0.9572
vn 0.4863 0.1277 -0.8644
vn -0.0001 -1.0000 0.0021
vn 0.7222 0.1756 -0.6690
vn 0.5657 -0.3418 -0.7504
vn 0.6955 0.4246 -0.5796
vn 0.5441 -0.3351 -0.7692
vn 0.0152 -0.9870 -0.1598
vn 0.0000 0.1925 -0.9813
vn 0.0000 0.0060 -1.0000
vn 0.0000 0.8125 -0.5830
vn 0.0301 -0.0039 -0.9995
vn 0.0203 -0.0064 -0.9998
vn 0.0156 0.0049 -0.9999
vn -0.0000 0.0239 -0.9997
vn 0.0000 0.7221 -0.6918
vn 0.0000 0.0246 -0.9997
vn 0.1789 0.8755 -0.4489
vn -0.0000 0.7221 -0.6918
vn 0.0000 -0.0013 -1.0000
vn 0.0000 0.0262 -0.9997
vn 0.0000 0.0104 -0.9999
vn 0.0000 0.0239 -0.9997
vn 0.0826 0.7669 -0.6364
vn 0.0989 -0.6399 -0.7621
vn 0.1303 -0.1078 -0.9856
vn 0.1307 0.1257 -0.9834
vn 0.0049 0.1924 -0.9813
vn -0.0000 0.8159 -0.5782
vn 0.0002 0.0102 -0.9999
vn 0.0077 0.0192 -0.9998
vn 0.0001 0.0246 -0.9997
vn 0.0388 0.7709 -0.6358
vn 0.0688 -0.6561 -0.7515
vn 0.0906 -0.1070 -0.9901
vn 0.0905 0.1244 -0.9881
vn 0.5612 0.1560 -0.8129
vn 0.5565 0.0089 -0.8308
vn 0.4693 0.6855 -0.5567
vn 0.5651 0.0207 -0.8248
vn 0.5796 -0.0105 -0.8148
vn 0.5906 -0.0653 -0.8044
vn 0.5267 -0.0833 -0.8460
vn 0.5679 -0.1114 -0.8155
vn 0.5664 -0.2088 -0.7972
vn 0.5281 -0.2604 -0.8083
# 2192 vertex normals

vt 0.6833 0.8750 0.0000
vt 0.9096 0.7778 0.0000
vt 0.9492 0.5000 0.0000
vt 0.6833 0.5000 0.0000
vt 1.0000 0.0000 0.0000
vt 0.6950 0.0000 0.0000
vt 0.0000 0.5934 0.0000
vt 0.0000 0.6966 0.0000
vt 0.5000 0.6966 0.0000
vt 0.5000 0.6192 0.0000
vt 0.0000 0.8499 0.0000
vt 0.5000 0.8495 0.0000
vt 1.0000 0.8499 0.0000
vt 1.0000 0.6966 0.0000
vt 1.0000 0.5934 0.0000
vt 0.5934 1.0000 0.0000
vt 0.6966 1.0000 0.0000
vt 0.6966 0.5000 0.0000
vt 0.6192 0.5000 0.0000
vt 0.8499 1.0000 0.0000
vt 0.8495 0.5000 0.0000
vt 0.8499 0.0000 0.0000
vt 0.6966 0.0000 0.0000
vt 0.5934 0.0000 0.0000
vt 0.0000 0.0000 0.0000
vt 0.0000 0.5000 0.0000
vt 0.2967 0.5000 0.0000
vt 0.2967 0.0000 0.0000
vt 0.0000 1.0000 0.0000
vt 0.2967 0.8750 0.0000
vt 0.7277 0.6300 0.0000
vt 0.7277 0.2540 0.0000
vt 0.5712 0.2540 0.0000
vt 0.5712 0.6300 0.0000
vt 0.7277 0.0635 0.0000
vt 0.5712 0.0635 0.0000
vt 0.4066 0.0000 0.0000
vt 0.4066 0.2540 0.0000
vt 0.4066 0.6310 0.0000
vt 1.0000 0.6310 0.0000
vt 1.0000 0.2540 0.0000
vt 0.8679 0.2540 0.0000
vt 0.8679 0.6300 0.0000
vt 0.8679 0.0635 0.0000
vt 0.7277 0.9385 0.0000
vt 0.8679 0.9385 0.0000
vt 1.0000 1.0000 0.0000
vt 0.4066 1.0000 0.0000
vt 0.5712 0.9385 0.0000
vt 0.9750 0.5000 0.0000
vt 0.5000 0.9750 0.0000
vt 0.0000 0.2500 0.0000
vt 0.5000 0.8750 0.0000
vt 0.5000 0.2500 0.0000
vt 1.0000 0.2500 0.0000
vt 0.5000 0.5000 0.0000
vt 0.5000 0.0000 0.0000
vt 1.0000 0.5000 0.0000
vt 0.7500 0.3619 0.0000
vt 0.1250 0.3631 0.0000
vt 0.1250 0.7404 0.0000
vt 0.7500 0.7404 0.0000
vt 0.7500 1.0000 0.0000
vt 0.0000 0.2596 0.0000
vt 0.5000 0.2596 0.0000
vt 0.0000 0.6393 0.0000
vt 0.5000 0.6369 0.0000
vt 1.0000 0.6393 0.0000
vt 1.0000 0.2596 0.0000
vt 0.5000 1.0000 0.0000
vt 0.8750 0.5000 0.0000
vt 0.6950 1.0000 0.0000
vt 0.5000 0.5934 0.0000
vt 0.5934 0.5000 0.0000
vt 0.2967 1.0000 0.0000
vt 0.5712 0.0000 0.0000
vt 0.7358 0.0000 0.0000
vt 0.8679 0.0000 0.0000
vt 0.7358 1.0000 0.0000
vt 0.8679 1.0000 0.0000
vt 0.5712 1.0000 0.0000
vt 0.0000 0.3607 0.0000
vt 0.0000 0.7404 0.0000
vt 0.9492 0.8750 0.0000
vt 0.6833 1.0000 0.0000
vt 0.7277 0.0000 0.0000
vt 0.7277 1.0000 0.0000
vt 0.0000 0.3631 0.0000
vt 0.7500 0.0000 0.0000
vt 0.5890 0.2500 0.0000
vt 0.6216 0.2656 0.0000
vt 0.6250 0.3125 0.0000
vt 0.6250 0.3750 0.0000
vt 0.6250 0.4375 0.0000
vt 0.6216 0.4844 0.0000
vt 0.5890 0.5000 0.0000
vt 0.5888 0.0128 0.0000
vt 0.5882 0.0026 0.0000
vt 0.6236 0.0026 0.0000
vt 0.6250 0.0052 0.0000
vt 0.5960 -0.0000 0.0000
vt 0.6223 0.0000 0.0000
vt 0.5856 0.7716 0.0000
vt 0.5871 0.7520 0.0000
vt 0.6190 0.7674 0.0000
vt 0.6150 0.7819 0.0000
vt 0.5885 0.7384 0.0000
vt 0.6250 0.7450 0.0000
vt 0.6268 0.0026 0.0000
vt 0.6867 0.0026 0.0000
vt 0.6873 0.0127 0.0000
vt 0.6286 0.0000 0.0000
vt 0.6859 0.0000 0.0000
vt 0.7432 0.0000 0.0000
vt 0.7466 0.0026 0.0000
vt 0.7500 0.0052 0.0000
vt 0.6250 0.8750 0.0000
vt 0.6223 0.8741 0.0000
vt 0.6223 0.8132 0.0000
vt 0.6250 0.8100 0.0000
vt 0.6195 0.8732 0.0000
vt 0.6170 0.8155 0.0000
vt 0.5850 0.8737 0.0000
vt 0.5851 0.8164 0.0000
vt 0.6188 0.9304 0.0000
vt 0.5846 0.9309 0.0000
vt 0.6182 0.9875 0.0000
vt 0.5925 0.9879 0.0000
vt 0.5890 0.1294 0.0000
vt 0.6372 0.1288 0.0000
vt 0.5890 0.0379 0.0000
vt 0.6372 0.0376 0.0000
vt 0.5890 0.6009 0.0000
vt 0.6250 0.5939 0.0000
vt 0.6251 0.6489 0.0000
vt 0.5988 0.6598 0.0000
vt 0.6875 0.1294 0.0000
vt 0.6823 0.2630 0.0000
vt 0.6192 0.2630 0.0000
vt 0.6875 0.0380 0.0000
vt 0.7500 0.0382 0.0000
vt 0.7501 0.1299 0.0000
vt 0.7500 0.2629 0.0000
vt 0.6874 0.2629 0.0000
vt 0.8125 0.1294 0.0000
vt 0.8125 0.2629 0.0000
vt 0.7497 0.2629 0.0000
vt 0.8125 0.0380 0.0000
vt 0.8750 0.0375 0.0000
vt 0.8750 0.1285 0.0000
vt 0.8755 0.2631 0.0000
vt 0.8122 0.2630 0.0000
vt 0.6250 0.7125 0.0000
vt 0.5890 0.7120 0.0000
vt 0.8125 0.0051 0.0000
vt 0.8750 0.0050 0.0000
vt 0.5888 0.4994 0.0000
vt 0.6213 0.4839 0.0000
vt 0.5879 0.2533 0.0000
vt 0.5887 0.2508 0.0000
vt 0.6212 0.2664 0.0000
vt 0.6201 0.2687 0.0000
vt 0.5870 0.3162 0.0000
vt 0.6246 0.3130 0.0000
vt 0.6236 0.3145 0.0000
vt 0.6247 0.3751 0.0000
vt 0.6237 0.3755 0.0000
vt 0.5872 0.3758 0.0000
vt 0.6237 0.4366 0.0000
vt 0.5872 0.4356 0.0000
vt 0.6247 0.4373 0.0000
vt 0.6204 0.4824 0.0000
vt 0.5881 0.4978 0.0000
vt 0.5489 0.5000 0.0000
vt 0.5000 0.4995 0.0000
vt 0.5488 0.4995 0.0000
vt 0.5484 0.4979 0.0000
vt 0.5479 0.4356 0.0000
vt 0.5000 0.4979 0.0000
vt 0.5000 0.4355 0.0000
vt 0.5479 0.3755 0.0000
vt 0.5000 0.3754 0.0000
vt 0.5000 0.2530 0.0000
vt 0.5483 0.2531 0.0000
vt 0.5478 0.3158 0.0000
vt 0.5000 0.3156 0.0000
vt 0.5000 0.2508 0.0000
vt 0.5488 0.2508 0.0000
vt 0.5489 0.2500 0.0000
vt 0.5000 0.1310 0.0000
vt 0.5489 0.1304 0.0000
vt 0.5000 0.0389 0.0000
vt 0.5489 0.0385 0.0000
vt 0.5000 0.0056 0.0000
vt 0.5489 0.0130 0.0000
vt 0.5006 0.0028 0.0000
vt 0.5488 0.0027 0.0000
vt 0.5013 -0.0000 0.0000
vt 0.5486 -0.0000 0.0000
vt 0.5465 0.9315 0.0000
vt 0.5467 0.8742 0.0000
vt 0.5463 0.9886 0.0000
vt 0.5000 0.9894 0.0000
vt 0.5000 0.9319 0.0000
vt 0.5000 0.8744 0.0000
vt 0.5000 0.7713 0.0000
vt 0.5471 0.7714 0.0000
vt 0.5468 0.8165 0.0000
vt 0.5000 0.8166 0.0000
vt 0.5000 0.7516 0.0000
vt 0.5479 0.7517 0.0000
vt 0.5000 0.7380 0.0000
vt 0.5487 0.7382 0.0000
vt 0.6048 0.6634 0.0000
vt 0.5576 0.6831 0.0000
vt 0.5489 0.6088 0.0000
vt 0.5489 0.7115 0.0000
vt 0.5000 0.7111 0.0000
vt 0.5490 0.6934 0.0000
vt 0.5018 0.7131 0.0000
vt 0.5000 0.6136 0.0000
vt 0.6468 0.8914 0.0000
vt 0.6249 0.9345 0.0000
vt 0.5907 0.9686 0.0000
vt 0.5477 0.9905 0.0000
vt 0.5000 0.6875 0.0000
vt 0.5477 0.6970 0.0000
vt 0.5907 0.7189 0.0000
vt 0.6249 0.7530 0.0000
vt 0.6468 0.7961 0.0000
vt 0.6543 0.8438 0.0000
vt 0.6250 0.5344 0.0000
vt 0.6243 0.6884 0.0000
vt 0.6132 0.6884 0.0000
vt 0.6125 0.5344 0.0000
vt 0.3757 0.6884 0.0000
vt 0.3750 0.5344 0.0000
vt 0.3875 0.5344 0.0000
vt 0.3868 0.6884 0.0000
vt 0.3882 0.6884 0.0000
vt 0.4000 0.5344 0.0000
vt 0.3993 0.6884 0.0000
vt 0.4007 0.6884 0.0000
vt 0.4125 0.5344 0.0000
vt 0.4118 0.6884 0.0000
vt 0.4132 0.6884 0.0000
vt 0.4250 0.5344 0.0000
vt 0.4243 0.6884 0.0000
vt 0.5507 0.6884 0.0000
vt 0.5500 0.5344 0.0000
vt 0.5625 0.5344 0.0000
vt 0.5618 0.6884 0.0000
vt 0.5632 0.6884 0.0000
vt 0.5750 0.5344 0.0000
vt 0.5743 0.6884 0.0000
vt 0.5757 0.6884 0.0000
vt 0.5875 0.5344 0.0000
vt 0.5868 0.6884 0.0000
vt 0.5882 0.6884 0.0000
vt 0.6000 0.5344 0.0000
vt 0.5993 0.6884 0.0000
vt 0.6007 0.6884 0.0000
vt 0.6118 0.6884 0.0000
vt 0.3750 0.3125 0.0000
vt 0.3875 0.3125 0.0000
vt 0.3875 0.4235 0.0000
vt 0.3750 0.4235 0.0000
vt 0.4000 0.3125 0.0000
vt 0.4000 0.4235 0.0000
vt 0.4125 0.3125 0.0000
vt 0.4125 0.4235 0.0000
vt 0.4250 0.3125 0.0000
vt 0.4250 0.4235 0.0000
vt 0.5500 0.3125 0.0000
vt 0.5625 0.3125 0.0000
vt 0.5625 0.4235 0.0000
vt 0.5500 0.4235 0.0000
vt 0.5750 0.3125 0.0000
vt 0.5750 0.4235 0.0000
vt 0.5875 0.3125 0.0000
vt 0.5875 0.4235 0.0000
vt 0.6000 0.3125 0.0000
vt 0.6000 0.4235 0.0000
vt 0.6125 0.3125 0.0000
vt 0.6125 0.4235 0.0000
vt 0.6250 0.4235 0.0000
vt 0.6256 0.9350 0.0000
vt 0.6477 0.8917 0.0000
vt 0.5913 0.9694 0.0000
vt 0.5480 0.9914 0.0000
vt 0.5480 0.6961 0.0000
vt 0.5913 0.7181 0.0000
vt 0.6256 0.7525 0.0000
vt 0.6477 0.7958 0.0000
vt 0.6553 0.8438 0.0000
vt 0.6131 0.9254 0.0000
vt 0.6330 0.8864 0.0000
vt 0.6398 0.8432 0.0000
vt 0.5822 0.9563 0.0000
vt 0.5432 0.9762 0.0000
vt 0.5000 0.9847 0.0000
vt 0.5432 0.7102 0.0000
vt 0.5000 0.7016 0.0000
vt 0.5822 0.7300 0.0000
vt 0.6131 0.7610 0.0000
vt 0.6330 0.8000 0.0000
vt 0.5000 0.8375 0.0000
vt 0.3844 0.3125 0.0000
vt 0.4094 0.3125 0.0000
vt 0.4094 0.5005 0.0000
vt 0.3844 0.5005 0.0000
vt 0.4344 0.3125 0.0000
vt 0.4344 0.5005 0.0000
vt 0.4594 0.3125 0.0000
vt 0.4594 0.5005 0.0000
vt 0.4844 0.3125 0.0000
vt 0.4844 0.5005 0.0000
vt 0.5094 0.3125 0.0000
vt 0.5094 0.5005 0.0000
vt 0.5344 0.3125 0.0000
vt 0.5344 0.5005 0.0000
vt 0.5594 0.3125 0.0000
vt 0.5594 0.5005 0.0000
vt 0.5844 0.3125 0.0000
vt 0.5844 0.5005 0.0000
vt 0.6094 0.3125 0.0000
vt 0.6094 0.5005 0.0000
vt 0.6250 0.5005 0.0000
vt 0.6317 0.0341 0.0000
vt 0.7500 0.0327 0.0000
vt 0.8750 0.0249 0.0000
vt 0.7507 0.2067 0.0000
vt 0.7502 0.1672 0.0000
vt 0.9018 0.2748 0.0000
vt 0.9123 0.3722 0.0000
vt 0.6032 0.2500 0.0000
vt 0.5002 0.1157 0.0000
vt 0.5000 0.0249 0.0000
vt 0.5658 0.0309 0.0000
vt 0.5536 0.1613 0.0000
vt 0.6152 0.0333 0.0000
vt 0.5892 0.1867 0.0000
vt 0.6087 0.7179 0.0000
vt 0.5621 0.7202 0.0000
vt 0.5574 0.5174 0.0000
vt 0.6004 0.4882 0.0000
vt 0.5000 0.7251 0.0000
vt 0.5000 0.5564 0.0000
vt 0.5000 0.4907 0.0000
vt 0.5559 0.4567 0.0000
vt 0.5877 0.4474 0.0000
vt 0.5937 0.0000 0.0000
vt 0.6875 0.0000 0.0000
vt 0.5625 0.8766 0.0000
vt 0.6146 0.8766 0.0000
vt 0.9398 0.0000 0.0000
vt 0.4697 0.0293 0.0000
vt 0.4692 0.1171 0.0000
vt 0.9385 0.1171 0.0000
vt 0.0000 0.1171 0.0000
vt 0.1180 0.7198 0.0000
vt 0.5959 0.7059 0.0000
vt 0.7646 0.7067 0.0000
vt 0.2725 0.0000 0.0000
vt 0.2665 0.5000 0.0000
vt 0.8829 0.5000 0.0000
vt 0.8829 0.0000 0.0000
vt 0.2605 1.0000 0.0000
vt 0.8829 1.0000 0.0000
vt 0.9707 0.5000 0.0000
vt 0.5000 0.1171 0.0000
vt 0.5000 0.0293 0.0000
vt 0.0000 0.7219 0.0000
vt 0.5000 0.7247 0.0000
vt 1.0000 0.7275 0.0000
vt 1.0000 0.1171 0.0000
vt 1.0000 0.2834 0.0000
vt 0.5000 0.2807 0.0000
vt 0.5000 0.8829 0.0000
vt 1.0000 0.8829 0.0000
vt 0.0000 0.2781 0.0000
vt 0.0000 0.8829 0.0000
vt 0.5000 0.9707 0.0000
vt 0.0000 0.7069 0.0000
vt 0.5000 0.7118 0.0000
vt 1.0000 0.7166 0.0000
vt 0.1751 0.0445 0.0000
vt 0.1970 0.4484 0.0000
vt 0.5320 0.2899 0.0000
vt 0.5300 0.0248 0.0000
vt 0.2189 0.8523 0.0000
vt 0.5339 0.5550 0.0000
vt 0.5964 0.4960 0.0000
vt 0.5816 0.2664 0.0000
vt 0.5999 0.0210 0.0000
vt 0.1883 0.8244 0.0000
vt 0.1134 0.7794 0.0000
vt 0.0000 0.9092 0.0000
vt 0.2499 0.9088 0.0000
vt 0.1942 0.9927 0.0000
vt 0.2093 0.4963 0.0000
vt 0.0895 0.5000 0.0000
vt 0.0908 1.0000 0.0000
vt 0.2068 0.9853 0.0000
vt 0.2396 0.4927 0.0000
vt 0.2244 0.0000 0.0000
vt 0.0881 0.0000 0.0000
vt 0.9906 0.8095 0.0000
vt 0.4953 0.7915 0.0000
vt 0.5000 0.9122 0.0000
vt 1.0000 0.9119 0.0000
vt 0.9811 0.7953 0.0000
vt 0.4906 0.7586 0.0000
vt 0.0000 0.7736 0.0000
vt 0.0000 0.9126 0.0000
vt 0.0071 0.1893 0.0000
vt 0.5035 0.2089 0.0000
vt 0.5000 0.0871 0.0000
vt 0.0000 0.0874 0.0000
vt 0.0142 0.2037 0.0000
vt 0.5071 0.2435 0.0000
vt 1.0000 0.2284 0.0000
vt 1.0000 0.0868 0.0000
vt 0.9919 0.8118 0.0000
vt 0.4959 0.7897 0.0000
vt 0.5000 0.9137 0.0000
vt 1.0000 0.9132 0.0000
vt 0.9837 0.7972 0.0000
vt 0.4918 0.7521 0.0000
vt 0.0000 0.7677 0.0000
vt 0.0000 0.9142 0.0000
vt 0.1614 0.8981 0.0000
vt 0.1512 0.4723 0.0000
vt 0.0816 0.5039 0.0000
vt 0.1082 0.9568 0.0000
vt 0.1689 0.8827 0.0000
vt 0.1720 0.4636 0.0000
vt 0.1460 0.2593 0.0000
vt 0.0683 0.2775 0.0000
vt 0.5000 0.9784 0.0000
vt 0.5000 0.0218 0.0000
vt 0.5000 0.9781 0.0000
vt 0.0224 0.5000 0.0000
vt 0.2496 1.0000 0.0000
vt 0.0307 0.2873 0.0000
vt 0.0450 0.5212 0.0000
vt 0.0624 1.0000 0.0000
vt 0.0000 0.4442 0.0000
vt 0.3538 0.6251 0.0000
vt 0.2500 1.0000 0.0000
vt 0.5419 0.5000 0.0000
vt 0.5558 1.0000 0.0000
vt 0.5558 0.0000 0.0000
vt 0.5000 0.4581 0.0000
vt 1.0000 0.4442 0.0000
vt 0.5000 0.5419 0.0000
vt 0.0000 0.5558 0.0000
vt 1.0000 0.5558 0.0000
vt 0.0329 0.5270 0.0000
vt 0.3392 0.3815 0.0000
vt 0.3592 0.7199 0.0000
vt 0.0034 0.0540 0.0000
vt 0.3349 0.0356 0.0000
vt 0.4699 0.0000 0.0000
vt 0.5981 0.2585 0.0000
vt 0.0312 0.8750 0.0000
vt 0.3036 1.0000 0.0000
vt 0.0181 0.2905 0.0000
vt 0.9342 0.4801 0.0000
vt 0.9282 1.0000 0.0000
vt 0.5891 1.0000 0.0000
vt 0.5897 1.0000 0.0000
vt 0.5902 1.0000 0.0000
vt 0.7596 1.0000 0.0000
vt 0.9308 1.0000 0.0000
vt 0.9443 0.8152 0.0000
vt 0.7671 0.7798 0.0000
vt 0.5965 0.7796 0.0000
vt 0.5972 0.8164 0.0000
vt 0.6103 0.1855 0.0000
vt 0.5517 0.1902 0.0000
vt 0.5002 0.1305 0.0000
vt 0.5554 0.4365 0.0000
vt 0.6107 0.3823 0.0000
vt 0.6147 0.4784 0.0000
vt 0.6250 0.7251 0.0000
vt 0.7320 0.1239 0.0000
vt 0.7183 0.0115 0.0000
vt 0.8193 -0.0004 0.0000
vt 0.8196 0.1250 0.0000
vt 0.8142 0.2500 0.0000
vt 0.7178 0.2337 0.0000
vt 0.6150 0.6250 0.0000
vt 0.6150 0.5680 0.0000
vt 0.6250 0.5625 0.0000
vt 0.6250 0.6250 0.0000
vt 0.6150 0.6818 0.0000
vt 0.6250 0.6875 0.0000
vt 0.5576 0.3850 0.0000
vt 0.6367 0.2491 0.0000
vt 0.6308 0.3404 0.0000
vt 0.6153 0.4358 0.0000
vt 0.6250 0.4441 0.0000
vt 0.6151 0.8114 0.0000
vt 0.6050 0.8187 0.0000
vt 0.6050 0.7935 0.0000
vt 0.6150 0.7453 0.0000
vt 0.6050 0.7480 0.0000
vt 0.6150 0.5039 0.0000
vt 0.6250 0.5020 0.0000
vt 0.6006 0.9545 0.0000
vt 0.6160 0.9526 0.0000
vt 0.5000 0.4313 0.0000
vt 0.4984 0.2960 0.0000
vt 0.5506 0.2957 0.0000
vt 0.5525 0.4313 0.0000
vt 0.5758 0.3561 0.0000
vt 0.6050 0.4313 0.0000
vt 0.5009 0.9540 0.0000
vt 0.5000 0.8187 0.0000
vt 0.5525 0.8187 0.0000
vt 0.5527 0.9391 0.0000
vt 0.6050 0.6875 0.0000
vt 0.6314 0.1181 0.0000
vt 0.7201 -0.0065 0.0000
vt 0.8253 0.0000 0.0000
vt 0.8191 0.2500 0.0000
vt 0.7216 0.2496 0.0000
vt 0.8629 0.0156 0.0000
vt 0.8611 0.0195 0.0000
vt 0.8736 0.1250 0.0000
vt 0.8750 0.0625 0.0000
vt 0.8750 0.1250 0.0000
vt 0.8750 0.1875 0.0000
vt 0.8613 0.2344 0.0000
vt 0.8593 0.2305 0.0000
vt 0.6383 0.6899 0.0000
vt 0.6897 0.1319 0.0000
vt 0.6423 0.1074 0.0000
vt 0.5350 0.3796 0.0000
vt 0.4732 0.0659 0.0000
vt 0.0750 0.2109 0.0000
vt 0.7515 0.0205 0.0000
vt 0.7948 0.0515 0.0000
vt 0.6434 0.1170 0.0000
vt 0.2561 0.0338 0.0000
vt 0.8639 0.0643 0.0000
vt 0.6005 0.0006 0.0000
vt 0.2639 0.0393 0.0000
vt 0.1750 0.0530 0.0000
vt 0.1084 0.2700 0.0000
vt 0.1134 0.4905 0.0000
vt 0.1693 0.6694 0.0000
vt 0.1263 0.9296 0.0000
vt 0.4712 0.5735 0.0000
vt 0.1245 0.4650 0.0000
vt 0.0087 0.8284 0.0000
vt 0.4691 0.8226 0.0000
vt 0.1367 0.9903 0.0000
vt 0.2035 0.9698 0.0000
vt 0.2376 0.4913 0.0000
vt 0.1456 0.4953 0.0000
vt 0.2716 0.0127 0.0000
vt 0.1725 0.0000 0.0000
vt 0.9880 0.8704 0.0000
vt 0.9789 0.7958 0.0000
vt 0.4934 0.7591 0.0000
vt 0.4947 0.8563 0.0000
vt 0.0078 0.7225 0.0000
vt 0.0000 0.8266 0.0000
vt 0.0088 0.1270 0.0000
vt 0.0186 0.2028 0.0000
vt 0.5062 0.2428 0.0000
vt 0.5041 0.1434 0.0000
vt 0.9938 0.2829 0.0000
vt 1.0000 0.1744 0.0000
vt 0.9900 0.8752 0.0000
vt 0.9755 0.7989 0.0000
vt 0.4932 0.7534 0.0000
vt 0.4954 0.8564 0.0000
vt 0.0110 0.7079 0.0000
vt 0.0000 0.8241 0.0000
vt 0.4726 0.9534 0.0000
vt 0.0222 0.4993 0.0000
vt 0.4993 0.9811 0.0000
vt 0.5006 0.0188 0.0000
vt 0.4994 0.9812 0.0000
vt 0.0434 0.5222 0.0000
vt 0.0299 0.2878 0.0000
vt 0.7022 0.5779 0.0000
vt 0.7035 0.3166 0.0000
vt 0.5482 0.0000 0.0000
vt 0.5424 0.5000 0.0000
vt 0.5366 1.0000 0.0000
vt 0.0000 0.4497 0.0000
vt 0.5000 0.4507 0.0000
vt 1.0000 0.4518 0.0000
vt 1.0000 0.5674 0.0000
vt 0.5000 0.5588 0.0000
vt 0.0000 0.5503 0.0000
vt 0.5000 0.4246 0.0000
vt 1.0000 0.4326 0.0000
vt 0.3950 0.1283 0.0000
vt 0.6211 0.0642 0.0000
vt 0.9018 0.0321 0.0000
vt 0.4322 0.0200 0.0000
vt 0.1712 0.4639 0.0000
vt 0.0872 0.5023 0.0000
vt 0.0788 0.2763 0.0000
vt 0.1673 0.8749 0.0000
vt 0.1038 0.9544 0.0000
vt 0.9303 0.8230 0.0000
vt 0.4741 0.8077 0.0000
vt 0.2411 0.5961 0.0000
vt 0.0564 0.9914 0.0000
vt 0.0818 0.4957 0.0000
vt 0.1073 0.0000 0.0000
vt 0.9926 0.9194 0.0000
vt 0.4963 0.9051 0.0000
vt 0.0000 0.8908 0.0000
vt 0.0056 0.0800 0.0000
vt 0.5028 0.0954 0.0000
vt 1.0000 0.1109 0.0000
vt 0.9936 0.9206 0.0000
vt 0.4968 0.9033 0.0000
vt 0.0000 0.8860 0.0000
vt 1.0000 0.7500 0.0000
vt 0.3899 0.5000 0.0000
vt 0.3976 0.0000 0.0000
vt 0.3821 1.0000 0.0000
vt 0.5000 0.6010 0.0000
vt 0.0000 0.5996 0.0000
vt 1.0000 0.6024 0.0000
vt 0.5000 0.4118 0.0000
vt 1.0000 0.4231 0.0000
vt 0.0000 0.4004 0.0000
vt 0.5000 0.5662 0.0000
vt 0.0000 0.5555 0.0000
vt 1.0000 0.5769 0.0000
vt 0.5973 0.3773 0.0000
vt 0.2793 0.4079 0.0000
vt 0.2589 0.0399 0.0000
vt 0.2997 0.7760 0.0000
vt 0.0160 0.0533 0.0000
vt 0.0373 0.2859 0.0000
vt 0.0501 0.5190 0.0000
vt 0.0432 0.5223 0.0000
vt 0.0758 0.9852 0.0000
vt 0.0703 0.9913 0.0000
vt 0.0000 0.9768 0.0000
vt 0.0000 0.9623 0.0000
vt 0.4990 0.9692 0.0000
vt 0.4994 0.9814 0.0000
vt 0.9981 0.9760 0.0000
vt 0.9989 0.9859 0.0000
vt 1.0000 0.0186 0.0000
vt 1.0000 0.0330 0.0000
vt 0.5008 0.0280 0.0000
vt 0.5005 0.0157 0.0000
vt 0.0016 0.0229 0.0000
vt 0.0009 0.0129 0.0000
vt 0.0000 0.9834 0.0000
vt 0.0000 0.9692 0.0000
vt 0.4990 0.9734 0.0000
vt 0.4994 0.9852 0.0000
vt 0.9979 0.9777 0.0000
vt 0.9988 0.9870 0.0000
vt 0.0141 0.0000 0.0000
vt 0.0281 0.0000 0.0000
vt 0.0090 0.5060 0.0000
vt 0.0090 0.5157 0.0000
vt -0.0100 1.0119 0.0000
vt 0.0038 1.0314 0.0000
vt 0.0226 0.4992 0.0000
vt 0.0113 0.4996 0.0000
vt 0.0452 0.9984 0.0000
vt 0.0226 0.9992 0.0000
vt 0.2917 0.9962 0.0000
vt -0.0076 0.9104 0.0000
vt 0.3541 0.7248 0.0000
vt 0.5267 0.8015 0.0000
vt 0.6532 0.8341 0.0000
vt 0.6909 0.9573 0.0000
vt 0.3183 0.6246 0.0000
vt 0.6250 0.2098 0.0000
vt 0.6809 0.2098 0.0000
vt 0.6234 0.2098 0.0000
vt 0.7469 0.2042 0.0000
vt 0.7424 0.2028 0.0000
vt 0.7528 0.1649 0.0000
vt 0.6969 0.1649 0.0000
vt 0.6274 0.1649 0.0000
vt 0.7771 0.1874 0.0000
vt 0.7721 0.1846 0.0000
vt 0.7771 0.1649 0.0000
vt 0.7771 0.1425 0.0000
vt 0.7721 0.1453 0.0000
vt 0.7469 0.1257 0.0000
vt 0.7424 0.1271 0.0000
vt 0.6809 0.1201 0.0000
vt 0.6250 0.1201 0.0000
vt 0.6234 0.1201 0.0000
vt 0.5625 0.1201 0.0000
vt 0.5000 0.1201 0.0000
vt 0.5000 0.1649 0.0000
vt 0.5625 0.1649 0.0000
vt 0.5000 0.2098 0.0000
vt 0.5625 0.2098 0.0000
vt 0.6250 0.7465 0.0000
vt 0.6250 0.7997 0.0000
vt 0.6252 0.9040 0.0000
vt 0.6254 0.9972 0.0000
vt 0.6050 0.5625 0.0000
vt 0.6050 0.6250 0.0000
vt 0.6050 0.5020 0.0000
vt 0.6050 0.4565 0.0000
vt 0.5615 0.3779 0.0000
vt 0.5420 0.3995 0.0000
vt 0.4188 0.3125 0.0000
vt 0.3962 0.3125 0.0000
vt 0.5085 0.3125 0.0000
vt 0.4414 0.3125 0.0000
vt 0.4640 0.3125 0.0000
vt 0.4867 0.3125 0.0000
vt 0.5093 0.3125 0.0000
vt 0.5319 0.3125 0.0000
vt 0.5545 0.3125 0.0000
vt 0.5772 0.3125 0.0000
vt 0.5998 0.3125 0.0000
vt 0.6139 0.3125 0.0000
vt 0.6993 0.8226 0.0000
vt 0.3672 0.0000 0.0000
vt 0.3906 0.0466 0.0000
vt 0.4375 0.0466 0.0000
vt 0.4375 0.0000 0.0000
vt 0.5000 0.0469 0.0000
vt 0.3750 0.7031 0.0000
vt 0.3789 0.7539 0.0000
vt 0.4219 0.7490 0.0000
vt 0.4219 0.7033 0.0000
vt 0.5000 0.7969 0.0000
vt 0.5000 0.7500 0.0000
vt 0.4303 0.7582 0.0000
vt 0.4301 0.7968 0.0000
vt 0.5000 0.9844 0.0000
vt 0.5000 0.9375 0.0000
vt 0.4375 0.9414 0.0000
vt 0.4375 0.9844 0.0000
vt 0.3789 0.9336 0.0000
vt 0.3906 0.9844 0.0000
vt 0.4062 0.9414 0.0000
vt 0.1250 0.0000 0.0000
vt 0.1250 0.0469 0.0000
vt 0.1719 0.0465 0.0000
vt 0.1719 0.0000 0.0000
vt 0.2188 0.0465 0.0000
vt 0.2188 0.0000 0.0000
vt 0.2656 0.0465 0.0000
vt 0.2656 0.0000 0.0000
vt 0.3125 0.0466 0.0000
vt 0.3125 0.0000 0.0000
vt 0.3438 0.0466 0.0000
vt 0.4236 0.7005 0.0000
vt 0.4005 0.7239 0.0000
vt 0.4771 0.6142 0.0000
vt 0.5694 0.5208 0.0000
vt 0.3806 0.7497 0.0000
vt 0.4157 0.7321 0.0000
vt 0.4375 0.9375 0.0000
vt 0.4922 0.9375 0.0000
vt 0.4062 0.9375 0.0000
vt 0.3828 0.9297 0.0000
vt 0.3750 0.8906 0.0000
vt 0.3750 0.8438 0.0000
vt 0.3750 0.7969 0.0000
vt 0.3828 0.7578 0.0000
vt 0.3818 0.7520 0.0000
vt 0.4080 0.7480 0.0000
vt 0.4242 0.7195 0.0000
vt 0.5827 0.6072 0.0000
vt 0.5000 0.8427 0.0000
vt 0.4301 0.8424 0.0000
vt 0.4922 0.8875 0.0000
vt 0.4253 0.8878 0.0000
vt 0.4844 0.9373 0.0000
vt 0.4845 0.9368 0.0000
vt 0.4380 0.9367 0.0000
vt 0.4376 0.9373 0.0000
vt 0.4845 0.9286 0.0000
vt 0.4382 0.9285 0.0000
vt 0.3857 0.7590 0.0000
vt 0.3769 0.7586 0.0000
vt 0.3765 0.7974 0.0000
vt 0.3851 0.7977 0.0000
vt 0.3755 0.7580 0.0000
vt 0.3754 0.7970 0.0000
vt 0.3763 0.8440 0.0000
vt 0.3848 0.8441 0.0000
vt 0.3753 0.8438 0.0000
vt 0.3753 0.8906 0.0000
vt 0.3764 0.8903 0.0000
vt 0.3849 0.8902 0.0000
vt 0.3832 0.9295 0.0000
vt 0.3842 0.9289 0.0000
vt 0.3908 0.9225 0.0000
vt 0.4072 0.9366 0.0000
vt 0.4079 0.9284 0.0000
vt 0.4065 0.9373 0.0000
vt 0.3750 0.7578 0.0000
vt 0.5000 0.0019 0.0000
vt 0.5000 0.4991 0.0000
vt 0.1994 0.5209 0.0000
vt 0.8476 0.0017 0.0000
vt 0.5000 0.9950 0.0000
vt 0.1226 0.9998 0.0000
vt 0.4995 0.1219 0.0000
vt 0.4842 0.1212 0.0000
vt 0.4687 0.1212 0.0000
vt 0.4687 0.1219 0.0000
vt 0.4843 0.1134 0.0000
vt 0.4687 0.1134 0.0000
vt 0.4375 0.1204 0.0000
vt 0.4377 0.1212 0.0000
vt 0.4379 0.1219 0.0000
vt 0.4367 0.1219 0.0000
vt 0.4371 0.1212 0.0000
vt 0.4061 0.1211 0.0000
vt 0.4059 0.1218 0.0000
vt 0.4062 0.1133 0.0000
vt 0.3750 0.1202 0.0000
vt 0.3751 0.1210 0.0000
vt 0.3751 0.1217 0.0000
vt 0.3737 0.1218 0.0000
vt 0.3744 0.1210 0.0000
vt 0.3434 0.1207 0.0000
vt 0.3431 0.1214 0.0000
vt 0.3437 0.1131 0.0000
vt 0.3125 0.1200 0.0000
vt 0.3125 0.1205 0.0000
vt 0.3125 0.1210 0.0000
vt 0.1250 0.1188 0.0000
vt 0.1250 0.1194 0.0000
vt 0.1558 0.1197 0.0000
vt 0.1561 0.1121 0.0000
vt 0.1250 0.1200 0.0000
vt 0.1554 0.1203 0.0000
vt 0.1859 0.1206 0.0000
vt 0.1867 0.1200 0.0000
vt 0.1875 0.1193 0.0000
vt 0.3767 0.6299 0.0000
vt 0.3759 0.6306 0.0000
vt 0.4067 0.6307 0.0000
vt 0.4071 0.6302 0.0000
vt 0.3750 0.6312 0.0000
vt 0.4064 0.6381 0.0000
vt 0.4375 0.6312 0.0000
vt 0.4375 0.6308 0.0000
vt 0.4375 0.6304 0.0000
vt 0.2500 0.1197 0.0000
vt 0.2500 0.1201 0.0000
vt 0.2809 0.1204 0.0000
vt 0.2812 0.1128 0.0000
vt 0.2500 0.1205 0.0000
vt 0.2805 0.1210 0.0000
vt 0.3110 0.1215 0.0000
vt 0.3118 0.1207 0.0000
vt 0.2484 0.1211 0.0000
vt 0.2492 0.1204 0.0000
vt 0.2183 0.1202 0.0000
vt 0.2179 0.1208 0.0000
vt 0.2186 0.1125 0.0000
vt 0.1875 0.1199 0.0000
vt 0.1875 0.1206 0.0000
vt 0.4531 0.0915 0.0000
vt 0.4844 0.0915 0.0000
vt 0.3906 0.0914 0.0000
vt 0.3750 0.6594 0.0000
vt 0.4219 0.6594 0.0000
vt 0.1719 0.0908 0.0000
vt 0.2188 0.0910 0.0000
vt 0.2656 0.0911 0.0000
vt 0.1250 0.0906 0.0000
vt 0.3125 0.0912 0.0000
vt 0.3438 0.0913 0.0000
vt 0.0000 0.0312 0.0000
vt 0.5000 0.0314 0.0000
vt 0.7500 0.5157 0.0000
vt 0.0000 0.5156 0.0000
vt 1.0000 0.0316 0.0000
vt 0.0000 0.0316 0.0000
vt 0.5000 0.0324 0.0000
vt 0.7500 0.5164 0.0000
vt 0.0000 0.5158 0.0000
vt 1.0000 0.0333 0.0000
vt 0.0000 0.0555 0.0000
vt 0.5000 0.0601 0.0000
vt 0.2500 0.5289 0.0000
vt 1.0000 0.0647 0.0000
vt 1.0000 0.5323 0.0000
vt 0.0000 0.0423 0.0000
vt 0.5000 0.0452 0.0000
vt 0.2500 0.5219 0.0000
vt 1.0000 0.0481 0.0000
vt 1.0000 0.5241 0.0000
vt 0.0000 0.0481 0.0000
vt 0.5000 0.0518 0.0000
vt 0.2500 0.5250 0.0000
vt 1.0000 0.0555 0.0000
vt 1.0000 0.5277 0.0000
vt 0.0000 0.0333 0.0000
vt 0.5000 0.0352 0.0000
vt 0.7500 0.5181 0.0000
vt 0.0000 0.5166 0.0000
vt 1.0000 0.0372 0.0000
vt 0.0000 0.0372 0.0000
vt 0.5000 0.0397 0.0000
vt 0.7500 0.5205 0.0000
vt 0.0000 0.5186 0.0000
vt 1.0000 0.0423 0.0000
vt 0.2119 0.0489 0.0000
vt 0.7500 0.5000 0.0000
vt 0.3750 0.5000 0.0000
vt 0.2500 0.0000 0.0000
vt 0.2500 0.5000 0.0000
vt -0.0734 -0.3745 0.0000
vt 0.8912 -0.3411 0.0000
vt 0.9936 0.9925 0.0000
vt 0.2549 0.9930 0.0000
vt 1.0405 -0.8566 0.0000
vt 1.3758 -0.6088 0.0000
vt 0.6250 0.5000 0.0000
vt 0.0071 1.0000 0.0000
vt 0.0036 0.9960 0.0000
vt 0.7477 0.9960 0.0000
vt 0.7453 1.0000 0.0000
vt 0.0210 1.0000 0.0000
vt 0.0105 0.9957 0.0000
vt 0.7437 0.9954 0.0000
vt 0.7374 1.0000 0.0000
vt 0.9873 0.9998 0.0000
vt 0.2597 0.9998 0.0000
vt 0.2540 0.9925 0.0000
vt 0.0181 -0.3517 0.0000
vt 1.0110 -0.3611 0.0000
vt 0.9989 0.9925 0.0000
vt 0.2580 0.9998 0.0000
vt 0.9979 0.9998 0.0000
vt 0.9866 0.9940 0.0000
vt 0.9732 1.0000 0.0000
vt 0.2642 1.0000 0.0000
vt 0.2571 0.9946 0.0000
vt 0.3829 0.7496 0.0000
vt 0.3763 0.7091 0.0000
vt 0.3960 0.7202 0.0000
vt 0.3296 0.6526 0.0000
vt 0.1653 0.7986 0.0000
vt 0.4619 0.7500 0.0000
vt 0.4137 0.7412 0.0000
vt 0.3415 0.9840 0.0000
vt 0.1933 0.9614 0.0000
vt 0.4117 0.9163 0.0000
vt 0.6933 0.9565 0.0000
vt 0.2599 0.9466 0.0000
vt 0.2647 0.8910 0.0000
vt 0.6001 0.8142 0.0000
vt 0.7982 0.9062 0.0000
vt 0.0001 1.1839 0.0000
vt 0.5000 1.1839 0.0000
vt 0.9999 1.1840 0.0000
vt 0.2501 1.1386 0.0000
vt 0.9996 1.1839 0.0000
vt 0.5027 1.0933 0.0000
vt 1.0000 1.1231 0.0000
vt 0.5134 0.0000 0.0000
vt -0.0334 1.0611 0.0000
vt 0.4907 0.7500 0.0000
vt 0.4906 0.7500 0.0000
vt 0.4604 0.7498 0.0000
vt 0.4611 0.7498 0.0000
vt 0.4905 0.7500 0.0000
vt 0.4599 0.7495 0.0000
vt 0.4353 0.7490 0.0000
vt 0.4378 0.7494 0.0000
vt 0.4344 0.7479 0.0000
vt 0.4098 0.7468 0.0000
vt 0.4111 0.7485 0.0000
vt 0.4153 0.7490 0.0000
vt 0.3927 0.7490 0.0000
vt 0.3978 0.7493 0.0000
vt 0.3912 0.7479 0.0000
vt 0.4904 0.7500 0.0000
vt 0.4597 0.7488 0.0000
vt 0.4999 0.7500 0.0000
vt 0.4090 0.7496 0.0000
vt 0.4481 0.7498 0.0000
vt 0.4092 0.7427 0.0000
vt 0.3905 0.7451 0.0000
vt 0.4515 0.7499 0.0000
vt 0.4340 0.7451 0.0000
vt 0.1096 0.8629 0.0000
vt 0.1023 0.9908 0.0000
vt 0.9612 0.9911 0.0000
vt 1.0000 0.9848 0.0000
vt -0.1839 0.0000 0.0000
vt 0.1121 0.4922 0.0000
vt 1.0000 0.4924 0.0000
vt 1.0000 1.0000 1.0000
vt 0.3906 0.7451 0.0000
vt 1.0000 0.1408 0.0000
vt 1.0000 0.8370 0.0000
# 1010 texture coords

o Toilet
g Toilet
usemtl Material__65
s 1
f 1/1/1 2/2/2 3/3/3 4/4/4 
f 4/4/4 3/3/3 5/5/5 6/6/4 
f 7/7/6 8/8/7 9/9/8 10/10/9 
f 8/8/7 11/11/4 12/12/4 9/9/8 
f 9/9/8 12/12/4 13/13/4 14/14/10 
f 10/10/9 9/9/8 14/14/10 15/15/11 
f 15/16/11 14/17/10 16/18/12 17/19/13 
f 14/17/10 13/20/4 18/21/4 16/18/12 
f 16/18/12 18/21/4 19/22/4 20/23/14 
f 17/19/13 16/18/12 20/23/14 21/24/15 
f 22/25/4 23/26/4 24/27/4 25/28/4 
f 23/26/4 26/29/16 27/30/17 24/27/4 
f 24/27/4 27/30/17 1/1/1 4/4/4 
f 25/28/4 24/27/4 4/4/4 6/6/4 
f 28/31/4 29/32/18 30/33/19 31/34/4 
f 29/32/18 32/35/20 33/36/21 30/33/19 
f 30/33/19 33/36/21 21/37/15 20/38/14 
f 31/34/4 30/33/19 20/38/14 19/39/4 
f 34/40/4 35/41/22 36/42/23 37/43/4 
f 35/41/22 38/5/24 39/44/25 36/42/23 
f 36/42/23 39/44/25 32/35/20 29/32/18 
f 37/43/4 36/42/23 29/32/18 28/31/4 
f 40/45/26 41/46/27 37/43/4 28/31/4 
f 41/46/27 42/47/28 34/40/4 37/43/4 
f 43/48/29 44/49/30 31/34/4 19/39/4 
f 44/49/30 40/45/26 28/31/4 31/34/4 
f 13/20/4 45/47/31 46/50/32 18/21/4 
f 18/21/4 46/50/32 43/5/29 19/22/4 
f 11/11/4 47/29/33 48/51/34 12/12/4 
f 12/12/4 48/51/34 45/47/31 13/13/4 
f 49/52/4 50/29/35 51/53/36 52/54/4 
f 52/54/4 51/53/36 47/47/33 11/55/4 
f 11/25/4 8/26/7 53/56/37 52/57/4 
f 8/26/7 7/29/6 54/53/38 53/56/37 
f 53/56/37 54/53/38 55/47/39 56/58/40 
f 52/57/4 53/56/37 56/58/40 49/5/4 
f 57/59/4 58/60/41 59/61/42 60/62/4 
f 60/62/4 59/61/42 50/29/35 49/63/4 
f 61/25/4 62/64/4 63/65/4 64/57/4 
f 62/64/4 65/66/4 66/67/4 63/65/4 
f 63/65/4 66/67/4 57/68/4 60/69/4 
f 64/57/4 63/65/4 60/69/4 49/5/4 
f 61/25/4 64/26/4 67/56/43 68/57/44 
f 64/26/4 49/29/4 56/70/40 67/56/43 
f 67/56/43 56/70/40 55/47/39 69/71/45 
f 68/57/44 67/56/43 69/71/45 70/5/46 
f 71/4/47 72/6/48 73/5/49 74/58/50 
f 75/72/51 71/4/47 74/58/50 76/47/52 
f 77/7/53 78/73/54 79/9/55 80/8/56 
f 78/73/54 81/15/57 82/14/58 79/9/55 
f 79/9/55 82/14/58 83/13/59 84/12/60 
f 80/8/56 79/9/55 84/12/60 85/11/61 
f 81/16/57 86/74/62 87/18/63 82/17/58 
f 86/74/62 88/24/64 89/23/65 87/18/63 
f 87/18/63 89/23/65 90/22/66 91/21/67 
f 82/17/58 87/18/63 91/21/67 83/20/59 
f 92/25/68 93/28/68 94/27/69 95/26/70 
f 93/28/68 72/6/48 71/4/47 94/27/69 
f 94/27/69 71/4/47 75/72/51 96/75/71 
f 95/26/70 94/27/69 96/75/71 97/29/72 
f 98/31/73 99/34/74 100/33/75 101/32/76 
f 99/34/74 90/39/66 89/38/65 100/33/75 
f 100/33/75 89/38/65 88/37/64 102/76/77 
f 101/32/76 100/33/75 102/76/77 103/77/78 
f 104/40/79 105/43/80 106/42/81 107/41/82 
f 105/43/80 98/31/73 101/32/76 106/42/81 
f 106/42/81 101/32/76 103/77/78 108/78/83 
f 107/41/82 106/42/81 108/78/83 109/5/84 
f 110/79/85 98/31/73 105/43/80 111/80/86 
f 111/80/86 105/43/80 104/40/79 112/47/87 
f 113/48/88 90/39/66 99/34/74 114/81/89 
f 114/81/89 99/34/74 98/31/73 110/79/85 
f 91/21/67 90/22/66 113/5/88 115/58/90 
f 83/20/59 91/21/67 115/58/90 116/47/91 
f 84/12/60 83/13/59 116/47/91 117/70/92 
f 85/11/61 84/12/60 117/70/92 118/29/93 
f 119/54/94 85/55/61 118/47/93 120/70/95 
f 121/52/96 119/54/94 120/70/95 122/29/97 
f 85/25/61 119/57/94 123/56/98 80/26/56 
f 119/57/94 121/5/96 124/58/99 123/56/98 
f 123/56/98 124/58/99 125/47/100 126/70/101 
f 80/26/56 123/56/98 126/70/101 77/29/53 
f 127/82/102 128/59/103 129/62/104 130/83/105 
f 130/83/105 129/62/104 121/63/96 122/29/97 
f 131/25/68 132/57/68 133/65/68 134/64/68 
f 132/57/68 121/5/96 129/69/104 133/65/68 
f 133/65/68 129/69/104 128/68/103 135/67/68 
f 134/64/68 133/65/68 135/67/68 136/66/68 
f 131/25/68 137/57/106 138/56/107 132/26/68 
f 137/57/106 139/5/108 140/58/109 138/56/107 
f 138/56/107 140/58/109 125/47/100 124/70/99 
f 132/26/68 138/56/107 124/70/99 121/29/96 
f 141/84/110 142/58/111 143/58/112 144/84/113 
f 142/58/111 145/5/114 146/5/115 143/58/112 
f 147/85/116 141/84/110 144/84/113 148/85/117 
s 2
f 77/7/53 149/7/118 150/73/119 78/73/54 
s 4
f 149/7/118 7/7/6 10/10/9 150/73/119 
f 150/73/119 10/10/9 15/15/11 151/15/120 
s 2
f 78/73/54 150/73/119 151/15/120 81/15/57 
f 81/16/57 151/16/120 152/74/121 86/74/62 
s 4
f 151/16/120 15/16/11 17/19/13 152/74/121 
f 152/74/121 17/19/13 21/24/15 153/24/122 
s 2
f 86/74/62 152/74/121 153/24/122 88/24/64 
s 1
f 154/29/123 155/75/124 156/75/125 157/29/126 
f 155/75/124 147/85/116 148/85/117 156/75/125 
s 2
f 88/37/64 153/37/122 158/76/127 102/76/77 
s 4
f 153/37/122 21/37/15 33/36/21 158/76/127 
f 158/76/127 33/36/21 32/35/20 159/86/128 
s 2
f 102/76/77 158/76/127 159/86/128 103/77/78 
f 103/77/78 159/86/128 160/78/129 108/78/83 
s 4
f 159/86/128 32/35/20 39/44/25 160/78/129 
f 160/78/129 39/44/25 38/5/24 161/5/130 
s 2
f 108/78/83 160/78/129 161/5/130 109/5/84 
s 1
f 162/87/131 163/80/132 164/80/133 165/87/134 
f 163/80/132 166/47/135 167/47/136 164/80/133 
f 168/48/137 169/81/138 170/81/139 171/48/140 
f 169/81/138 162/87/131 165/87/134 170/81/139 
f 172/47/141 173/58/142 174/58/143 175/47/144 
f 173/58/142 168/5/137 171/5/140 174/58/143 
f 176/29/145 177/70/146 178/70/147 179/29/148 
f 177/70/146 172/47/141 175/47/144 178/70/147 
f 180/29/149 181/70/150 182/70/151 183/29/152 
f 181/70/150 176/47/145 179/47/148 182/70/151 
s 2
f 125/47/100 184/47/153 185/70/154 126/70/101 
s 4
f 184/47/153 55/47/39 54/53/38 185/70/154 
f 185/70/154 54/53/38 7/29/6 149/29/118 
s 2
f 126/70/101 185/70/154 149/29/118 77/29/53 
s 1
f 186/88/155 187/88/156 188/83/157 189/83/158 
f 188/83/157 180/29/149 183/29/152 189/83/158 
s 2
f 139/5/108 190/5/159 191/58/160 140/58/109 
s 4
f 190/5/159 70/5/46 69/71/45 191/58/160 
f 191/58/160 69/71/45 55/47/39 184/47/153 
s 2
f 140/58/109 191/58/160 184/47/153 125/47/100 
f 75/72/51 192/85/161 193/75/162 96/75/71 
f 192/85/161 194/85/163 195/75/164 193/75/162 
f 193/75/162 195/75/164 196/29/165 197/29/166 
f 96/75/71 193/75/162 197/29/166 97/29/72 
f 76/47/52 198/84/167 192/85/161 75/72/51 
f 198/84/167 199/84/168 194/85/163 192/85/161 
f 73/5/49 200/5/169 201/58/170 74/58/50 
f 200/5/169 202/5/171 203/58/172 201/58/170 
f 201/58/170 203/58/172 199/84/168 198/84/167 
f 74/58/50 201/58/170 198/84/167 76/47/52 
f 122/29/97 204/29/173 205/83/174 130/83/105 
f 204/29/173 206/29/175 207/83/176 205/83/174 
f 205/83/174 207/83/176 208/88/177 209/88/178 
f 130/83/105 205/83/174 209/88/178 127/82/102 
f 118/47/93 210/47/179 211/70/180 120/70/95 
f 210/47/179 212/47/181 213/70/182 211/70/180 
f 211/70/180 213/70/182 206/29/175 204/29/173 
f 120/70/95 211/70/180 204/29/173 122/29/97 
f 116/47/91 214/47/183 215/70/184 117/70/92 
f 214/47/183 216/47/185 217/70/186 215/70/184 
f 215/70/184 217/70/186 212/29/181 210/29/179 
f 117/70/92 215/70/184 210/29/179 118/29/93 
f 113/5/88 218/5/187 219/58/188 115/58/90 
f 218/5/187 220/5/189 221/58/190 219/58/188 
f 219/58/188 221/58/190 216/47/185 214/47/183 
f 115/58/90 219/58/188 214/47/183 116/47/91 
f 110/79/85 222/87/191 223/81/192 114/81/89 
f 222/87/191 224/87/193 225/81/194 223/81/192 
f 223/81/192 225/81/194 220/48/189 218/48/187 
f 114/81/89 223/81/192 218/48/187 113/48/88 
f 112/47/87 226/47/195 227/80/196 111/80/86 
f 226/47/195 228/47/197 229/80/198 227/80/196 
f 227/80/196 229/80/198 224/87/193 222/87/191 
f 111/80/86 227/80/196 222/87/191 110/79/85 
f 199/84/168 203/58/172 230/58/199 231/84/200 
f 203/58/172 202/5/171 232/5/201 230/58/199 
f 230/58/199 232/5/201 145/5/114 142/58/111 
f 231/84/200 230/58/199 142/58/111 141/84/110 
s 3
f 5/5/5 3/3/3 143/58/112 146/5/115 
f 3/3/3 2/2/2 144/84/113 143/58/112 
s 2
f 194/85/163 199/84/168 231/84/200 233/85/202 
f 233/85/202 231/84/200 141/84/110 147/85/116 
s 3
f 2/2/2 1/1/1 148/85/117 144/84/113 
s 2
f 196/29/165 195/75/164 234/75/203 235/29/204 
f 195/75/164 194/85/163 233/85/202 234/75/203 
f 234/75/203 233/85/202 147/85/116 155/75/124 
f 235/29/204 234/75/203 155/75/124 154/29/123 
s 3
f 1/1/1 27/30/17 156/75/125 148/85/117 
f 27/30/17 26/29/16 157/29/126 156/75/125 
s 2
f 224/87/193 229/80/198 236/80/205 237/87/206 
f 229/80/198 228/47/197 238/47/207 236/80/205 
f 236/80/205 238/47/207 166/47/135 163/80/132 
f 237/87/206 236/80/205 163/80/132 162/87/131 
s 3
f 42/47/28 41/46/27 164/80/133 167/47/136 
f 41/46/27 40/45/26 165/87/134 164/80/133 
s 2
f 220/48/189 225/81/194 239/81/208 240/48/209 
f 225/81/194 224/87/193 237/87/206 239/81/208 
f 239/81/208 237/87/206 162/87/131 169/81/138 
f 240/48/209 239/81/208 169/81/138 168/48/137 
s 3
f 40/45/26 44/49/30 170/81/139 165/87/134 
f 44/49/30 43/48/29 171/48/140 170/81/139 
s 2
f 216/47/185 221/58/190 241/58/210 242/47/211 
f 221/58/190 220/5/189 240/5/209 241/58/210 
f 241/58/210 240/5/209 168/5/137 173/58/142 
f 242/47/211 241/58/210 173/58/142 172/47/141 
s 3
f 43/5/29 46/50/32 174/58/143 171/5/140 
f 46/50/32 45/47/31 175/47/144 174/58/143 
s 2
f 212/29/181 217/70/186 243/70/212 244/29/213 
f 217/70/186 216/47/185 242/47/211 243/70/212 
f 243/70/212 242/47/211 172/47/141 177/70/146 
f 244/29/213 243/70/212 177/70/146 176/29/145 
s 3
f 45/47/31 48/51/34 178/70/147 175/47/144 
f 48/51/34 47/29/33 179/29/148 178/70/147 
s 2
f 206/29/175 213/70/182 245/70/214 246/29/215 
f 213/70/182 212/47/181 244/47/213 245/70/214 
f 245/70/214 244/47/213 176/47/145 181/70/150 
f 246/29/215 245/70/214 181/70/150 180/29/149 
s 3
f 47/47/33 51/53/36 182/70/151 179/47/148 
f 51/53/36 50/29/35 183/29/152 182/70/151 
s 2
f 187/88/156 247/88/216 248/83/217 188/83/157 
f 247/88/216 208/88/177 207/83/176 248/83/217 
f 248/83/217 207/83/176 206/29/175 246/29/215 
f 188/83/157 248/83/217 246/29/215 180/29/149 
s 3
f 50/29/35 59/61/42 189/83/158 183/29/152 
f 59/61/42 58/60/41 186/88/155 189/83/158 
s 1
f 66/67/4 65/66/4 22/29/4 25/70/4 
f 57/68/4 66/67/4 25/70/4 6/47/4 
f 5/25/5 58/60/41 57/59/4 6/89/4 
s 3
f 58/60/41 5/25/5 146/25/115 186/88/155 
s 1
f 145/25/114 187/88/156 186/88/155 146/25/115 
s 2
f 202/25/171 208/88/177 247/88/216 232/25/201 
f 232/25/201 247/88/216 187/88/156 145/25/114 
f 209/88/178 208/88/177 202/25/171 200/25/169 
f 127/82/102 209/88/178 200/25/169 73/25/49 
s 1
f 73/25/49 72/89/48 128/59/103 127/82/102 
f 135/67/68 128/68/103 72/47/48 93/70/68 
f 136/66/68 135/67/68 93/70/68 92/29/68 
f 249/90/218 250/90/219 251/91/220 252/91/221 
f 251/91/220 253/92/222 254/92/223 252/91/221 
f 253/92/222 255/93/224 256/93/225 254/92/223 
f 255/93/224 257/94/226 258/94/227 256/93/225 
f 257/94/226 259/95/228 260/95/229 258/94/227 
f 259/95/228 261/96/230 262/96/231 260/95/229 
s 2
f 263/97/232 264/98/233 265/99/234 266/100/235 
s 1
f 264/98/233 267/101/236 268/102/237 265/99/234 
f 269/103/238 270/104/239 271/105/240 272/106/241 
s 2
f 270/104/239 273/107/242 274/108/243 271/105/240 
f 266/100/235 265/109/234 275/110/244 276/111/245 
s 1
f 265/109/234 268/112/237 277/113/246 275/110/244 
f 275/110/244 277/113/246 278/114/247 279/115/248 
s 2
f 276/111/245 275/110/244 279/115/248 280/116/249 
s 4
f 280/117/249 279/118/248 281/119/250 282/120/251 
s 1
f 279/118/248 278/121/247 283/122/252 281/119/250 
f 281/119/250 283/122/252 272/106/241 271/105/240 
s 4
f 282/120/251 281/119/250 271/105/240 274/108/243 
s 1
f 284/123/253 285/124/254 283/122/252 278/121/247 
f 285/124/254 269/103/238 272/106/241 283/122/252 
f 278/121/247 277/125/246 286/126/255 284/123/253 
f 277/125/246 268/127/237 267/128/236 286/126/255 
s 2
f 287/129/256 288/130/257 289/91/258 290/90/259 
f 287/129/256 291/131/260 292/132/261 288/130/257 
f 293/133/262 294/134/263 295/135/264 296/136/265 
f 293/133/262 297/96/266 298/95/267 294/134/263 
f 288/130/257 299/137/268 300/138/269 289/139/258 
f 288/130/257 292/132/261 301/140/270 299/137/268 
f 299/137/268 301/140/270 302/141/271 303/142/272 
f 299/137/268 303/142/272 304/143/273 300/144/269 
s 4
f 303/142/272 305/145/274 306/146/275 304/147/273 
f 303/142/272 302/141/271 307/148/276 305/145/274 
f 305/145/274 307/148/276 295/149/264 294/150/263 
f 305/145/274 294/150/263 298/151/267 306/152/275 
s 2
f 292/132/261 266/100/235 276/111/245 301/140/270 
f 301/140/270 276/111/245 280/116/249 302/141/271 
f 291/131/260 263/97/232 266/100/235 292/132/261 
f 295/153/264 274/108/243 273/107/242 296/154/265 
s 4
f 280/116/249 282/155/251 307/148/276 302/141/271 
f 282/155/251 274/156/243 295/149/264 307/148/276 
f 250/90/219 290/90/259 289/91/258 251/91/220 
s 2
f 300/92/269 304/93/273 255/93/224 253/92/222 
f 289/91/258 300/92/269 253/92/222 251/91/220 
s 4
f 306/94/275 298/95/267 259/95/228 257/94/226 
f 304/93/273 306/94/275 257/94/226 255/93/224 
s 8
f 297/96/266 261/96/230 259/95/228 298/95/267 
s 1
f 308/90/277 309/90/278 310/91/279 311/91/280 
s 2
f 309/90/278 312/90/281 313/91/282 310/91/279 
s 1
f 311/91/280 310/91/279 314/92/283 315/92/284 
s 2
f 310/91/279 313/91/282 316/92/285 314/92/283 
f 314/92/283 316/92/285 317/93/286 318/93/287 
s 1
f 315/92/284 314/92/283 318/93/287 319/93/288 
f 319/93/288 318/93/287 320/94/289 321/94/290 
s 2
f 318/93/287 317/93/286 322/94/291 320/94/289 
f 320/94/289 322/94/291 323/95/292 324/95/293 
s 1
f 321/94/290 320/94/289 324/95/293 325/95/294 
f 325/95/294 324/95/293 326/96/295 327/96/296 
s 2
f 324/95/293 323/95/292 328/96/297 326/96/295 
f 329/96/298 330/96/299 331/95/300 332/95/301 
s 4
f 332/95/301 333/94/302 258/94/227 260/95/229 
s 2
f 332/95/301 331/95/300 334/94/303 333/94/302 
f 333/94/302 334/94/303 335/93/304 336/93/305 
s 4
f 333/94/302 336/93/305 256/93/225 258/94/227 
s 8
f 336/93/305 337/92/306 254/92/223 256/93/225 
s 2
f 336/93/305 335/93/304 338/92/307 337/92/306 
f 337/92/306 338/92/307 339/91/308 340/91/309 
s 8
f 337/92/306 340/91/309 252/91/221 254/92/223 
f 340/91/309 341/90/310 249/90/218 252/91/221 
s 2
f 340/91/309 339/91/308 342/90/311 341/90/310 
f 331/95/300 330/96/299 328/96/297 323/95/292 
f 335/93/304 334/94/303 322/94/291 317/93/286 
f 334/94/303 331/95/300 323/95/292 322/94/291 
f 339/91/308 338/92/307 316/92/285 313/91/282 
f 338/92/307 335/93/304 317/93/286 316/92/285 
f 312/90/281 342/90/311 339/91/308 313/91/282 
s 8
f 262/96/231 329/96/298 332/95/301 260/95/229 
s 1
f 343/90/312 344/90/313 345/91/314 346/91/315 
f 346/91/315 345/91/314 347/92/316 348/92/317 
f 348/92/317 347/92/316 349/93/318 350/93/319 
f 350/93/319 349/93/318 351/94/320 352/94/321 
f 352/94/321 351/94/320 353/95/322 354/95/323 
f 354/95/323 355/96/324 356/157/325 357/158/326 
f 354/95/323 353/95/322 358/96/327 355/96/324 
f 344/90/313 308/90/277 311/91/280 345/91/314 
f 311/91/280 315/92/284 347/92/316 345/91/314 
f 315/92/284 319/93/288 349/93/318 347/92/316 
f 319/93/288 321/94/290 351/94/320 349/93/318 
f 321/94/290 325/95/294 353/95/322 351/94/320 
f 325/95/294 327/96/296 358/96/327 353/95/322 
f 359/159/328 360/160/329 361/161/330 362/162/331 
s 2
f 362/162/331 363/163/332 359/159/328 
s 1
f 362/162/331 361/161/330 364/164/333 365/165/334 
f 365/165/334 364/164/333 366/166/335 367/167/336 
s 2
f 365/165/334 367/167/336 368/168/337 363/163/332 
f 367/167/336 369/169/338 370/170/339 368/168/337 
s 1
f 367/167/336 366/166/335 371/171/340 369/169/338 
f 369/169/338 371/171/340 357/158/326 372/172/341 
s 2
f 372/172/341 370/170/339 369/169/338 
s 1
f 372/172/341 357/158/326 356/157/325 373/173/342 
f 361/161/330 360/160/329 343/90/312 346/91/315 
f 366/166/335 364/164/333 348/92/317 350/93/319 
f 364/164/333 361/161/330 346/91/315 348/92/317 
f 357/158/326 371/171/340 352/94/321 354/95/323 
f 371/171/340 366/166/335 350/93/319 352/94/321 
s 8
f 261/96/230 297/96/266 374/174/343 375/174/344 
f 375/174/344 374/174/343 376/56/345 377/56/346 
s 1
f 262/96/231 261/96/230 375/174/344 378/174/347 
f 375/174/344 377/56/346 379/56/348 378/174/347 
s 8
f 380/56/349 381/174/350 378/174/347 379/56/348 
f 381/174/350 329/96/298 262/96/231 378/174/347 
s 2
f 380/56/349 382/56/351 383/174/352 381/174/350 
f 381/174/350 383/174/352 330/96/299 329/96/298 
f 328/96/297 330/96/299 383/174/352 384/174/353 
f 383/174/352 382/56/351 385/56/354 384/174/353 
s 1
f 327/96/296 326/96/295 386/174/355 387/174/356 
s 2
f 326/96/295 328/96/297 384/174/353 386/174/355 
f 386/174/355 384/174/353 385/56/354 388/56/357 
s 1
f 387/174/356 386/174/355 388/56/357 389/56/358 
f 358/96/327 327/96/296 387/174/356 390/174/359 
f 387/174/356 389/56/358 391/56/360 390/174/359 
f 355/96/324 358/96/327 390/174/359 392/174/361 
f 392/174/361 390/174/359 391/56/360 393/56/362 
f 394/175/363 395/176/364 392/174/361 393/56/362 
f 395/176/364 356/157/325 355/96/324 392/174/361 
s 2
f 373/173/342 396/177/365 397/178/366 370/170/339 
s 1
f 373/173/342 356/157/325 395/176/364 396/177/365 
f 396/177/365 395/176/364 394/175/363 398/179/367 
s 2
f 396/177/365 398/179/367 399/180/368 397/178/366 
f 368/168/337 370/170/339 397/178/366 400/181/68 
f 400/181/68 397/178/366 399/180/368 401/182/369 
f 402/183/370 403/184/371 404/185/372 405/186/373 
f 403/184/371 359/159/328 363/163/332 404/185/372 
f 404/185/372 363/163/332 368/168/337 400/181/68 
f 405/186/373 404/185/372 400/181/68 401/182/369 
s 1
f 402/183/370 406/187/374 407/188/375 403/184/371 
f 403/184/371 407/188/375 360/160/329 359/159/328 
f 360/160/329 407/188/375 408/189/376 343/90/312 
f 407/188/375 406/187/374 409/54/377 408/189/376 
f 409/54/377 410/54/378 411/189/379 408/189/376 
f 408/189/376 411/189/379 344/90/313 343/90/312 
f 412/54/380 413/189/381 411/189/379 410/54/378 
f 413/189/381 308/90/277 344/90/313 411/189/379 
f 412/54/380 414/54/382 415/189/383 413/189/381 
s 2
f 414/54/382 416/54/384 417/189/385 415/189/383 
f 415/189/383 417/189/385 312/90/281 309/90/278 
s 1
f 413/189/381 415/189/383 309/90/278 308/90/277 
s 2
f 418/54/386 419/189/387 417/189/385 416/54/384 
f 419/189/387 342/90/311 312/90/281 417/189/385 
f 341/90/310 342/90/311 419/189/387 420/189/388 
f 420/189/388 419/189/387 418/54/386 421/54/389 
s 8
f 420/189/388 421/54/389 422/54/390 423/189/391 
f 249/90/218 341/90/310 420/189/388 423/189/391 
s 1
f 424/54/392 425/189/393 423/189/391 422/54/390 
f 425/189/393 250/90/219 249/90/218 423/189/391 
s 2
f 426/190/394 427/191/395 428/189/396 429/54/397 
s 4
f 428/189/396 290/90/259 250/90/219 425/189/393 
f 429/54/397 428/189/396 425/189/393 424/54/392 
s 2
f 290/90/259 428/189/396 427/191/395 287/129/256 
f 426/190/394 430/192/398 431/193/399 427/191/395 
f 427/191/395 431/193/399 291/131/260 287/129/256 
f 432/194/400 433/195/401 431/193/399 430/192/398 
f 433/195/401 263/97/232 291/131/260 431/193/399 
f 432/194/400 434/196/402 435/197/403 433/195/401 
s 1
f 434/196/402 436/198/404 437/199/405 435/197/403 
f 435/197/403 437/199/405 267/101/236 264/98/233 
s 2
f 433/195/401 435/197/403 264/98/233 263/97/232 
s 1
f 284/123/253 286/126/255 438/200/406 439/201/4 
f 286/126/255 267/128/236 437/202/405 438/200/406 
f 438/200/406 437/202/405 436/203/404 440/204/407 
f 439/201/4 438/200/406 440/204/407 441/205/4 
f 442/206/408 443/207/409 444/208/410 445/209/411 
f 443/207/409 269/103/238 285/124/254 444/208/410 
f 444/208/410 285/124/254 284/123/253 439/201/4 
f 445/209/411 444/208/410 439/201/4 441/205/4 
f 442/206/408 446/210/412 447/211/413 443/207/409 
s 2
f 446/210/412 448/212/414 449/213/415 447/211/413 
f 447/211/413 449/213/415 273/107/242 270/104/239 
s 1
f 443/207/409 447/211/413 270/104/239 269/103/238 
s 2
f 296/214/265 450/215/416 451/216/417 293/133/262 
f 296/154/265 273/107/242 449/213/415 450/217/416 
f 450/217/416 449/213/415 448/212/414 452/218/418 
f 450/219/416 452/220/418 453/221/419 451/216/417 
f 453/221/419 376/56/345 374/174/343 451/216/417 
f 451/216/417 374/174/343 297/96/266 293/133/262 
s 1
f 454/222/420 455/223/421 456/223/422 457/222/423 
f 455/223/421 458/224/424 459/224/425 456/223/422 
f 458/224/424 460/225/426 461/225/427 459/224/425 
f 460/225/426 462/70/428 463/70/429 461/225/427 
f 464/226/430 465/227/431 466/227/432 467/226/433 
f 465/227/431 468/228/434 469/228/435 466/227/432 
f 468/228/434 470/229/436 471/229/437 469/228/435 
f 470/229/436 472/230/438 473/230/439 471/229/437 
f 472/230/438 474/231/440 475/231/441 473/230/439 
f 474/231/440 454/222/420 457/222/423 475/231/441 
s 2
f 457/222/423 456/223/422 476/223/442 477/222/443 
f 456/223/422 459/224/425 478/224/444 476/223/442 
f 459/224/425 461/225/427 479/225/445 478/224/444 
f 461/225/427 463/70/429 480/70/446 479/225/445 
f 467/226/433 466/227/432 481/227/447 482/226/448 
f 466/227/432 469/228/435 483/228/449 481/227/447 
f 469/228/435 471/229/437 484/229/450 483/228/449 
f 471/229/437 473/230/439 485/230/451 484/229/450 
f 473/230/439 475/231/441 486/231/452 485/230/451 
f 475/231/441 457/222/423 477/222/443 486/231/452 
s 1
f 487/232/453 488/233/454 489/234/455 490/235/456 
f 488/236/454 487/237/453 491/238/457 492/239/458 
f 492/240/458 491/238/457 493/241/459 494/242/460 
f 494/243/460 493/241/459 495/244/461 496/245/462 
f 496/246/462 495/244/461 497/247/463 498/248/464 
f 499/249/465 500/250/466 501/251/467 502/252/468 
f 502/253/468 501/251/467 503/254/469 504/255/470 
f 504/256/470 503/254/469 505/257/471 506/258/472 
f 506/259/472 505/257/471 507/260/473 508/261/474 
f 508/262/474 507/260/473 490/235/456 489/263/455 
f 509/264/475 510/265/476 511/266/477 512/267/478 
s 2
f 511/266/477 491/238/457 487/237/453 512/267/478 
s 1
f 510/265/476 513/268/479 514/269/480 511/266/477 
s 2
f 514/269/480 493/241/459 491/238/457 511/266/477 
s 1
f 513/268/479 515/270/481 516/271/482 514/269/480 
s 2
f 516/271/482 495/244/461 493/241/459 514/269/480 
s 1
f 515/270/481 517/272/483 518/273/484 516/271/482 
s 2
f 518/273/484 497/247/463 495/244/461 516/271/482 
s 1
f 519/274/485 520/275/486 521/276/487 522/277/488 
s 2
f 521/276/487 501/251/467 500/250/466 522/277/488 
s 1
f 520/275/486 523/278/489 524/279/490 521/276/487 
s 2
f 524/279/490 503/254/469 501/251/467 521/276/487 
s 1
f 523/278/489 525/280/491 526/281/492 524/279/490 
s 2
f 526/281/492 505/257/471 503/254/469 524/279/490 
s 1
f 525/280/491 527/282/493 528/283/494 526/281/492 
s 2
f 528/283/494 507/260/473 505/257/471 526/281/492 
s 1
f 527/282/493 529/284/495 530/285/496 528/283/494 
s 2
f 530/285/496 490/235/456 507/260/473 528/283/494 
s 1
f 529/284/495 509/92/475 512/286/478 530/285/496 
s 2
f 512/286/478 487/232/453 490/235/456 530/285/496 
f 492/287/458 455/223/421 454/222/420 488/288/454 
f 494/289/460 458/224/424 455/223/421 492/287/458 
f 496/290/462 460/225/426 458/224/424 494/289/460 
f 498/70/464 462/70/428 460/225/426 496/290/462 
f 502/291/468 465/227/431 464/226/430 499/226/465 
f 504/292/470 468/228/434 465/227/431 502/291/468 
f 506/293/472 470/229/436 468/228/434 504/292/470 
f 508/294/474 472/230/438 470/229/436 506/293/472 
f 489/295/455 474/231/440 472/230/438 508/294/474 
f 488/288/454 454/222/420 474/231/440 489/295/455 
s 1
f 477/222/443 476/223/442 531/296/497 532/297/498 
f 486/231/452 477/222/443 532/297/498 533/298/499 
f 476/223/442 478/224/444 534/299/500 531/296/497 
f 478/224/444 479/225/445 535/300/501 534/299/500 
f 479/225/445 480/70/446 536/301/502 535/300/501 
f 482/226/448 481/227/447 537/302/503 538/303/504 
f 481/227/447 483/228/449 539/304/505 537/302/503 
f 483/228/449 484/229/450 540/305/506 539/304/505 
f 484/229/450 485/230/451 541/306/507 540/305/506 
f 485/230/451 486/231/452 533/298/499 541/306/507 
s 2
f 542/307/508 533/298/499 532/297/498 
f 542/307/508 532/297/498 531/296/497 
f 542/307/508 531/296/497 534/299/500 
f 542/307/508 534/299/500 535/300/501 
f 542/307/508 535/300/501 536/301/502 
f 542/307/508 538/303/504 537/302/503 
f 542/307/508 537/302/503 539/304/505 
f 542/307/508 539/304/505 540/305/506 
f 542/307/508 540/305/506 541/306/507 
f 542/307/508 541/306/507 533/298/499 
s 1
f 543/308/509 544/309/510 545/310/511 546/311/512 
s 2
f 544/309/510 547/312/513 548/313/514 545/310/511 
s 1
f 547/312/513 549/314/515 550/315/516 548/313/514 
s 2
f 549/314/515 551/316/517 552/317/518 550/315/516 
s 1
f 551/316/517 553/318/519 554/319/520 552/317/518 
s 2
f 553/318/519 555/320/521 556/321/522 554/319/520 
s 1
f 555/320/521 557/322/523 558/323/524 556/321/522 
s 2
f 557/322/523 559/324/525 560/325/526 558/323/524 
s 1
f 559/324/525 561/326/527 562/327/528 560/325/526 
s 2
f 561/326/527 543/92/509 546/328/512 562/327/528 
s 1
f 563/329/529 564/89/530 565/330/531 
f 564/89/530 566/331/532 565/330/531 
f 567/332/533 568/333/534 569/334/535 570/335/536 
f 571/336/537 568/333/534 567/332/533 
s 2
f 572/337/538 573/338/539 574/339/540 575/340/541 
f 575/340/541 574/339/540 576/341/542 577/342/543 
s 4
f 578/343/544 579/344/545 580/345/546 581/346/547 
f 579/344/545 582/347/548 583/348/549 580/345/546 
f 580/345/546 583/348/549 584/349/550 585/350/551 
f 581/346/547 580/345/546 585/350/551 586/351/552 
f 573/338/539 587/57/553 588/352/553 574/339/540 
f 588/352/553 589/353/554 576/341/542 574/339/540 
s 2
f 587/53/553 582/347/548 579/344/545 588/354/553 
f 579/344/545 578/343/544 589/355/554 588/354/553 
s 4
f 590/356/555 591/357/556 592/358/557 593/359/558 
f 591/357/556 594/25/559 595/360/560 592/358/557 
f 592/358/557 595/360/560 596/361/561 597/362/562 
f 593/359/558 592/358/557 597/362/562 598/363/563 
f 599/364/564 600/365/565 601/366/566 602/367/567 
f 600/365/565 596/368/561 595/369/560 601/366/566 
f 601/366/566 595/369/560 594/47/559 603/370/568 
f 602/367/567 601/366/566 603/370/568 604/5/569 
f 605/25/570 606/360/571 607/371/572 608/372/573 
f 606/360/571 609/373/574 610/374/575 607/371/572 
f 607/371/572 610/374/575 599/375/564 602/376/567 
f 608/372/573 607/371/572 602/376/567 604/5/569 
f 611/377/576 612/378/577 613/379/578 614/380/579 
f 612/378/577 609/381/574 606/382/571 613/379/578 
f 613/379/578 606/382/571 605/29/570 615/383/580 
f 614/380/579 613/379/578 615/383/580 616/47/581 
f 617/25/582 618/360/583 619/371/584 620/372/585 
f 618/360/583 621/384/586 622/385/587 619/371/584 
f 619/371/584 622/385/587 611/386/576 614/376/579 
f 620/372/585 619/371/584 614/376/579 616/5/581 
f 623/387/588 624/388/589 625/389/590 626/390/591 
f 624/388/589 621/391/586 618/392/583 625/389/590 
f 625/389/590 618/392/583 617/393/582 627/394/592 
f 626/390/591 625/389/590 627/394/592 628/395/593 
f 570/396/536 629/397/594 630/398/595 567/399/533 
f 629/400/594 631/401/596 632/402/597 630/403/595 
f 629/400/594 596/404/561 600/405/565 631/401/596 
f 631/401/596 600/405/565 599/364/564 633/406/598 
f 631/401/596 633/406/598 634/407/599 632/402/597 
f 633/408/598 635/409/600 636/410/601 634/411/599 
f 633/408/598 599/412/564 610/413/575 635/409/600 
f 635/409/600 610/413/575 609/373/574 637/414/602 
f 635/409/600 637/414/602 638/415/603 636/410/601 
f 637/416/602 639/417/604 640/418/605 638/419/603 
f 637/416/602 609/420/574 612/421/577 639/417/604 
f 639/417/604 612/421/577 611/377/576 641/422/606 
f 639/417/604 641/422/606 642/423/607 640/418/605 
f 641/424/606 643/425/608 644/426/609 642/427/607 
f 641/424/606 611/428/576 622/429/587 643/425/608 
f 643/425/608 622/429/587 621/384/586 645/430/610 
f 643/425/608 645/430/610 646/431/611 644/426/609 
f 645/432/610 647/433/612 648/434/613 646/435/611 
f 645/432/610 621/436/586 624/437/589 647/433/612 
f 647/433/612 624/437/589 623/387/588 649/438/614 
f 647/433/612 649/438/614 650/439/615 648/434/613 
f 644/426/609 646/431/611 651/29/616 652/440/617 
f 642/427/607 644/426/609 652/440/617 653/47/618 
f 654/25/619 638/419/603 640/418/605 655/441/620 
f 655/441/620 640/418/605 642/423/607 653/5/618 
f 636/410/601 638/415/603 654/29/619 656/442/621 
f 634/411/599 636/410/601 656/442/621 657/47/622 
f 657/25/622 658/443/623 632/402/597 634/407/599 
f 658/443/623 659/29/624 630/403/595 632/402/597 
f 571/444/537 567/399/533 630/398/595 659/29/624 
f 660/445/625 661/446/626 648/434/613 650/439/615 
f 661/446/626 651/447/616 646/435/611 648/434/613 
s 8
f 662/448/627 663/449/628 664/450/629 665/29/630 
f 665/29/630 666/26/631 667/451/632 662/452/627 
f 666/26/631 668/25/633 669/453/634 667/451/632 
f 668/47/633 670/70/635 671/454/636 669/455/634 
f 670/70/635 672/29/637 673/448/638 671/454/636 
f 672/25/637 674/57/639 675/456/640 673/457/638 
f 674/57/639 676/5/641 677/458/642 675/456/640 
f 676/47/641 678/70/643 679/454/644 677/455/642 
f 678/70/643 680/29/645 681/448/646 679/454/644 
f 680/447/645 682/459/647 683/460/648 681/461/646 
f 682/459/647 684/462/649 685/463/650 683/460/648 
f 686/25/651 687/25/652 688/464/653 689/464/654 
s 4
f 687/25/652 594/25/559 591/357/556 688/464/653 
f 688/464/653 591/357/556 590/356/555 690/356/655 
s 8
f 689/464/654 688/464/653 690/356/655 691/356/656 
f 686/47/651 692/58/657 693/58/658 687/47/652 
f 692/58/657 694/5/659 695/5/660 693/58/658 
s 4
f 693/58/658 695/5/660 604/5/569 603/370/568 
f 687/47/652 693/58/658 603/370/568 594/47/559 
s 8
f 694/5/659 696/57/661 697/57/662 695/5/660 
f 696/57/661 698/25/663 699/25/664 697/57/662 
s 4
f 697/57/662 699/25/664 605/25/570 608/372/573 
f 695/5/660 697/57/662 608/372/573 604/5/569 
s 8
f 698/29/663 700/70/665 701/70/666 699/29/664 
f 700/70/665 702/47/667 703/47/668 701/70/666 
s 4
f 701/70/666 703/47/668 616/47/581 615/383/580 
f 699/29/664 701/70/666 615/383/580 605/29/570 
s 8
f 702/5/667 704/57/669 705/57/670 703/5/668 
f 704/57/669 706/25/671 707/25/672 705/57/670 
s 4
f 705/57/670 707/25/672 617/25/582 620/372/585 
f 703/5/668 705/57/670 620/372/585 616/5/581 
s 8
f 706/393/671 708/465/673 709/465/674 707/393/672 
f 708/465/673 710/395/675 711/395/676 709/465/674 
s 4
f 709/465/674 711/395/676 628/395/593 627/394/592 
f 707/393/672 709/465/674 627/394/592 617/393/582 
s 8
f 680/29/645 678/70/643 712/70/677 713/29/678 
f 678/70/643 676/47/641 714/47/679 712/70/677 
s 4
f 712/70/677 714/47/679 653/47/618 652/440/617 
f 713/29/678 712/70/677 652/440/617 651/29/616 
s 8
f 676/5/641 674/57/639 715/57/680 714/5/679 
f 674/57/639 672/25/637 716/25/681 715/57/680 
s 4
f 715/57/680 716/25/681 654/25/619 655/441/620 
f 714/5/679 715/57/680 655/441/620 653/5/618 
s 8
f 672/29/637 670/70/635 717/70/682 716/29/681 
f 670/70/635 668/47/633 718/47/683 717/70/682 
s 4
f 717/70/682 718/47/683 657/47/622 656/442/621 
f 716/29/681 717/70/682 656/442/621 654/29/619 
s 8
f 668/25/633 666/26/631 719/26/684 718/25/683 
f 666/26/631 665/29/630 720/466/685 719/26/684 
s 4
f 719/26/684 720/466/685 659/29/624 658/443/623 
f 718/25/683 719/26/684 658/443/623 657/25/622 
s 8
f 665/29/630 664/450/629 721/467/686 720/466/685 
f 721/467/686 571/444/537 659/29/624 720/466/685 
f 684/462/649 682/459/647 722/459/687 723/468/688 
f 682/459/647 680/447/645 713/447/678 722/459/687 
s 4
f 722/459/687 713/447/678 651/447/616 661/446/626 
f 723/468/688 722/459/687 661/446/626 660/445/625 
s 8
f 681/461/646 683/460/648 708/465/673 706/393/671 
f 683/460/648 685/463/650 710/395/675 708/465/673 
f 677/455/642 679/454/644 704/57/669 702/5/667 
f 679/454/644 681/448/646 706/25/671 704/57/669 
f 673/457/638 675/456/640 700/70/665 698/29/663 
f 675/456/640 677/458/642 702/47/667 700/70/665 
f 669/455/634 671/454/636 696/57/661 694/5/659 
f 671/454/636 673/448/638 698/25/663 696/57/661 
f 662/452/627 667/451/632 692/58/657 686/47/651 
f 667/451/632 669/453/634 694/5/659 692/58/657 
f 662/448/627 686/25/651 689/464/654 663/449/628 
f 689/464/654 691/356/656 724/469/689 663/449/628 
f 725/470/690 726/471/691 663/449/628 724/469/689 
f 726/471/691 664/450/629 663/449/628 
f 571/444/537 721/467/686 727/472/692 728/473/693 
f 721/467/686 664/450/629 726/471/691 727/472/692 
f 727/472/692 726/471/691 725/470/690 729/474/694 
f 728/473/693 727/472/692 729/474/694 730/475/695 
s 4
f 731/476/696 732/477/697 733/478/698 734/479/699 
f 732/477/697 598/363/563 597/362/562 733/478/698 
f 733/478/698 597/362/562 596/361/561 629/397/594 
f 734/479/699 733/478/698 629/397/594 570/396/536 
s 1
f 568/333/534 735/480/700 563/329/529 565/330/531 
f 565/330/531 566/331/532 569/334/535 568/333/534 
s 2
f 735/480/700 577/342/543 576/341/542 563/329/529 
f 735/480/700 571/336/537 577/342/543 
f 571/336/537 728/481/693 577/342/543 
f 728/481/693 730/482/695 572/337/538 575/340/541 
s 4
f 731/349/696 734/483/699 585/350/551 584/349/550 
f 734/483/699 570/484/536 586/351/552 585/350/551 
f 570/484/536 569/485/535 581/346/547 586/351/552 
f 569/485/535 566/486/532 578/343/544 581/346/547 
f 564/89/530 563/329/529 576/341/542 589/353/554 
s 2
f 566/486/532 564/117/530 589/355/554 578/343/544 
s 1
f 736/487/701 737/488/702 738/489/703 739/490/704 
f 736/487/701 739/490/704 740/491/705 741/492/706 
s 2
f 742/493/707 743/494/708 744/495/709 745/496/710 
f 746/497/711 742/493/707 745/496/710 747/498/712 
f 748/499/713 749/500/714 750/501/715 
s 4
f 751/502/716 748/499/713 750/501/715 752/503/717 
s 2
f 753/504/718 754/505/719 755/506/720 
f 756/507/721 753/504/718 755/506/720 757/508/722 
s 4
f 758/509/723 751/502/716 752/503/717 759/510/724 
s 2
f 760/511/725 754/505/719 753/504/718 761/512/726 
s 4
f 762/513/727 763/514/728 764/515/729 765/516/730 
f 765/516/730 764/515/729 766/517/731 767/518/732 
s 2
f 768/519/733 769/520/734 770/521/735 771/522/736 
f 771/522/736 770/521/735 754/505/719 760/511/725 
s 8
f 759/510/724 744/495/709 743/494/708 758/509/723 
s 4
f 746/497/711 756/507/721 757/508/722 772/523/737 
s 8
f 773/524/738 774/525/739 737/488/702 
s 1
f 774/525/739 775/526/740 738/489/703 737/488/702 
f 752/527/717 750/528/715 741/492/706 740/491/705 
s 8
f 750/528/715 749/500/714 741/492/706 
s 1
f 775/526/740 776/529/741 777/530/742 738/489/703 
f 738/489/703 777/530/742 778/531/743 739/490/704 
f 776/529/741 747/532/712 778/531/743 777/530/742 
f 747/532/712 745/533/710 778/531/743 
f 745/533/710 744/534/709 778/531/743 
f 744/534/709 759/535/724 779/536/744 778/531/743 
f 759/535/724 752/527/717 740/491/705 779/536/744 
f 779/536/744 740/491/705 739/490/704 778/531/743 
s 8
f 749/500/714 773/524/738 736/487/701 741/492/706 
f 773/524/738 737/488/702 736/487/701 
s 1
f 780/537/745 781/538/746 782/539/747 783/540/748 
f 783/540/748 782/539/747 784/541/749 785/542/750 
f 786/543/751 787/544/752 788/545/753 789/546/754 
f 789/546/754 788/545/753 781/538/746 780/537/745 
f 790/356/755 791/547/756 792/548/757 793/549/758 
f 791/547/756 787/544/752 786/543/751 792/548/757 
f 784/550/749 794/551/759 795/552/760 785/553/750 
f 795/552/760 796/554/761 785/553/750 
f 797/555/762 798/556/763 799/557/764 800/558/765 
f 799/559/764 798/560/763 801/561/766 802/562/767 
f 801/561/766 803/563/768 804/564/769 802/562/767 
f 804/565/769 803/566/768 805/567/770 806/568/771 
f 805/567/770 807/569/772 808/570/773 806/568/771 
f 808/571/773 807/572/772 809/573/774 810/574/775 
f 809/573/774 811/575/776 812/576/777 810/574/775 
f 812/577/777 811/578/776 813/579/778 814/580/779 
f 813/579/778 785/581/750 796/582/761 814/580/779 
f 800/558/765 799/557/764 815/29/780 816/583/781 
f 799/559/764 802/562/767 817/584/782 815/29/780 
f 802/562/767 804/564/769 818/25/783 817/584/782 
f 804/565/769 806/568/771 819/585/784 818/47/783 
f 806/568/771 808/570/773 820/29/785 819/585/784 
f 808/571/773 810/574/775 821/586/786 820/25/785 
f 810/574/775 812/576/777 822/5/787 821/586/786 
f 812/577/777 814/580/779 823/587/788 822/47/787 
f 814/580/779 796/582/761 824/29/789 823/587/788 
f 796/554/761 795/552/760 825/588/790 824/447/789 
f 795/552/760 794/551/759 826/589/791 825/588/790 
f 798/556/763 797/555/762 827/590/792 828/591/793 
f 793/549/758 798/556/763 828/591/793 790/356/755 
f 786/543/751 803/592/768 801/593/766 792/58/757 
f 792/58/757 801/593/766 798/594/763 793/47/758 
f 789/546/754 807/595/772 805/596/770 786/543/751 
f 786/543/751 805/596/770 803/597/768 
f 780/537/745 811/598/776 809/599/774 
f 780/537/745 809/599/774 807/600/772 789/29/754 
f 785/542/750 813/601/778 783/57/748 
f 783/57/748 813/601/778 811/602/776 780/5/745 
s 2
f 829/537/794 830/603/795 831/604/796 832/538/797 
f 833/543/798 834/546/799 835/545/800 836/544/801 
f 834/546/799 829/537/794 832/538/797 835/545/800 
f 837/605/802 838/606/803 833/543/798 836/544/801 
f 839/550/804 840/607/805 841/608/806 842/609/807 
f 840/607/805 843/610/808 844/611/809 841/608/806 
f 845/612/810 846/613/811 847/614/812 848/590/813 
f 846/613/811 849/557/814 847/614/812 
f 849/559/814 850/615/815 851/616/816 852/561/817 847/560/812 
f 851/616/816 853/617/818 854/563/819 852/561/817 
f 853/618/818 855/619/820 856/567/821 854/566/819 
f 855/619/820 857/620/822 858/569/823 856/567/821 
f 857/621/822 859/622/824 860/573/825 858/572/823 
f 859/622/824 861/623/826 862/575/827 860/573/825 
f 861/624/826 863/625/828 864/579/829 862/578/827 
f 863/625/828 844/626/809 843/581/808 864/579/829 
f 838/606/803 837/605/802 848/590/813 847/614/812 
f 833/543/798 838/627/803 852/628/817 854/629/819 
f 838/627/803 847/630/812 852/628/817 
f 834/546/799 833/543/798 856/631/821 858/632/823 
f 833/543/798 854/633/819 856/631/821 
f 829/537/794 860/634/825 862/635/827 
f 829/537/794 834/29/799 858/636/823 860/634/825 
f 830/603/795 864/637/829 843/638/808 
f 830/603/795 829/5/794 862/639/827 864/637/829 
f 831/604/796 830/640/795 840/641/805 839/642/804 
f 830/640/795 843/643/808 840/641/805 
s 16
f 865/644/830 866/645/831 867/646/832 868/647/833 
s 2
f 866/645/831 842/609/807 841/608/806 867/646/832 
f 867/646/832 841/608/806 844/611/809 869/648/834 
s 16
f 868/647/833 867/646/832 869/648/834 870/649/835 
f 870/650/835 869/651/834 871/652/836 872/653/837 
s 2
f 869/651/834 844/626/809 863/625/828 871/652/836 
f 871/652/836 863/625/828 861/624/826 873/654/838 
s 16
f 872/653/837 871/652/836 873/654/838 874/655/839 
f 874/656/839 873/657/838 875/658/840 876/659/841 
s 2
f 873/657/838 861/623/826 859/622/824 875/658/840 
f 875/658/840 859/622/824 857/621/822 877/660/842 
s 16
f 876/659/841 875/658/840 877/660/842 878/661/843 
f 878/662/843 877/663/842 879/664/844 880/665/845 
s 2
f 877/663/842 857/620/822 855/619/820 879/664/844 
f 879/664/844 855/619/820 853/618/818 881/666/846 
s 16
f 880/665/845 879/664/844 881/666/846 882/667/847 
f 882/668/847 881/669/846 883/670/848 884/671/849 
s 2
f 881/669/846 853/617/818 851/616/816 883/670/848 
f 883/670/848 851/616/816 850/615/815 773/672/738 
s 16
f 884/671/849 883/670/848 773/672/738 749/673/714 
f 882/25/847 884/674/849 885/675/850 886/25/851 
f 884/674/849 749/676/714 887/677/852 885/675/850 
f 885/675/850 887/677/852 815/29/780 817/584/782 
f 886/25/851 885/675/850 817/584/782 818/25/783 
f 878/29/843 880/70/845 888/70/853 889/29/854 
f 880/70/845 882/47/847 886/47/851 888/70/853 
f 888/70/853 886/47/851 818/47/783 819/585/784 
f 889/29/854 888/70/853 819/585/784 820/29/785 
f 874/5/839 876/57/841 890/57/855 891/5/856 
f 876/57/841 878/25/843 889/25/854 890/57/855 
f 890/57/855 889/25/854 820/25/785 821/586/786 
f 891/5/856 890/57/855 821/586/786 822/5/787 
f 870/29/835 872/70/837 892/70/857 893/29/858 
f 872/70/837 874/47/839 891/47/856 892/70/857 
f 892/70/857 891/47/856 822/47/787 823/587/788 
f 893/29/858 892/70/857 823/587/788 824/29/789 
f 865/462/830 868/459/833 894/459/859 895/468/860 
f 868/459/833 870/447/835 893/447/858 894/459/859 
f 894/459/859 893/447/858 824/447/789 825/588/790 
f 895/468/860 894/459/859 825/588/790 826/589/791 
s 2
f 760/511/725 849/557/814 846/613/811 771/522/736 
f 760/511/725 761/678/726 850/679/815 849/557/814 
s 1
f 815/29/780 896/680/861 897/681/862 816/583/781 
s 2
f 816/583/781 897/681/862 898/682/863 899/683/864 
s 16
f 749/500/714 748/499/713 887/684/852 
f 887/684/852 748/499/713 896/680/861 815/29/780 
s 1
f 767/685/732 900/686/865 901/686/866 902/687/867 
s 16
f 900/686/865 903/688/868 904/689/869 901/686/866 
f 901/686/866 904/689/869 905/690/870 906/691/871 
s 1
f 902/687/867 901/686/866 906/691/871 907/692/872 
s 16
f 903/688/868 908/693/873 909/694/874 904/689/869 
f 904/689/869 909/694/874 905/690/870 
f 908/693/873 910/695/875 911/695/876 909/694/874 
f 910/695/875 772/696/737 912/697/877 911/695/876 
f 911/695/876 912/697/877 905/690/870 
f 909/694/874 911/695/876 905/690/870 
f 772/696/737 757/698/722 913/699/878 912/697/877 
f 912/697/877 913/699/878 905/690/870 
f 757/698/722 755/700/720 914/700/879 913/699/878 
s 4
f 755/700/720 754/701/719 915/702/880 914/700/879 
s 1
f 914/700/879 915/702/880 907/692/872 906/691/871 
s 16
f 913/699/878 914/700/879 906/691/871 905/690/870 
s 4
f 754/701/719 770/703/735 916/703/881 915/702/880 
f 770/703/735 769/704/734 917/704/882 916/703/881 
s 1
f 916/703/881 917/704/882 918/705/707 919/706/883 
f 915/702/880 916/703/881 919/706/883 907/692/872 
f 762/707/727 765/708/730 920/708/884 921/707/885 
f 765/708/730 767/685/732 902/687/867 920/708/884 
f 920/708/884 902/687/867 907/692/872 919/706/883 
f 921/707/885 920/708/884 919/706/883 918/705/707 
s 4
f 747/498/712 776/709/741 756/507/721 746/497/711 
s 2
f 775/710/740 753/504/718 756/507/721 776/709/741 
f 761/512/726 753/504/718 775/710/740 774/711/739 
f 761/512/726 774/711/739 773/712/738 
f 768/519/733 771/522/736 846/613/811 845/612/810 
f 908/713/873 743/494/708 742/493/707 910/714/875 
f 910/714/875 742/493/707 746/497/711 772/523/737 
s 8
f 758/509/723 743/494/708 908/713/873 903/715/868 
s 4
f 767/518/732 751/502/716 900/716/865 
f 900/716/865 751/502/716 758/509/723 903/715/868 
f 767/518/732 766/517/731 748/499/713 751/502/716 
f 896/680/861 748/499/713 766/517/731 
f 897/681/862 896/680/861 766/517/731 764/717/729 
f 898/682/863 897/681/862 764/717/729 763/718/728 
s 2
f 362/162/331 365/165/334 363/163/332 
f 372/172/341 373/173/342 370/170/339 
f 761/678/726 773/672/738 850/679/815 
f 728/481/693 575/340/541 577/342/543 
s 1
f 571/336/537 735/480/700 568/333/534 
f 544/309/510 543/308/509 922/308/886 923/309/887 
s 2
f 547/312/513 544/309/510 923/309/887 924/312/888 
s 1
f 549/314/515 547/312/513 924/312/888 925/314/889 
s 2
f 551/316/517 549/314/515 925/314/889 926/316/890 
s 1
f 553/318/519 551/316/517 926/316/890 927/318/891 
s 2
f 555/320/521 553/318/519 927/318/891 928/320/892 
s 1
f 557/322/523 555/320/521 928/320/892 929/322/893 
s 2
f 559/324/525 557/322/523 929/322/893 930/324/894 
s 1
f 561/326/527 559/324/525 930/324/894 931/326/895 
s 2
f 543/92/509 561/326/527 931/326/895 922/92/886 
s 1
f 932/719/896 933/720/897 934/721/898 
f 935/722/899 932/719/896 934/721/898 
f 936/723/900 935/722/899 934/721/898 
f 937/724/901 936/723/900 934/721/898 
f 938/725/902 937/724/901 934/721/898 
f 939/726/903 938/725/902 934/721/898 
f 940/727/904 939/726/903 934/721/898 
f 941/728/905 940/727/904 934/721/898 
f 942/729/906 941/728/905 934/721/898 
f 933/730/897 942/729/906 934/721/898 
s 4
f 923/309/887 922/308/886 933/720/897 932/719/896 
f 924/312/888 923/309/887 932/719/896 935/722/899 
f 925/314/889 924/312/888 935/722/899 936/723/900 
f 926/316/890 925/314/889 936/723/900 937/724/901 
f 927/318/891 926/316/890 937/724/901 938/725/902 
f 928/320/892 927/318/891 938/725/902 939/726/903 
f 929/322/893 928/320/892 939/726/903 940/727/904 
f 930/324/894 929/322/893 940/727/904 941/728/905 
f 931/326/895 930/324/894 941/728/905 942/729/906 
f 922/92/886 931/326/895 942/729/906 933/730/897 
s 1
f 827/590/792 797/555/762 800/558/765 943/731/907 
f 943/731/907 800/558/765 816/583/781 899/683/864 
f 944/1/908 945/4/4 946/3/909 947/2/910 
f 945/4/4 948/6/4 949/5/911 946/3/909 
f 950/7/912 951/10/913 952/9/914 953/8/915 
f 953/8/915 952/9/914 954/12/4 955/11/4 
f 952/9/914 956/14/916 957/13/4 954/12/4 
f 951/10/913 958/15/917 956/14/916 952/9/914 
f 958/16/917 959/19/918 960/18/919 956/17/916 
f 956/17/916 960/18/919 961/21/4 957/20/4 
f 960/18/919 962/23/920 963/22/4 961/21/4 
f 959/19/918 964/24/921 962/23/920 960/18/919 
f 22/25/4 965/28/4 966/27/4 23/26/4 
f 23/26/4 966/27/4 967/30/922 26/29/16 
f 966/27/4 945/4/4 944/1/908 967/30/922 
f 965/28/4 948/6/4 945/4/4 966/27/4 
f 968/31/4 969/34/4 970/33/923 971/32/924 
f 971/32/924 970/33/923 972/36/925 973/35/926 
f 970/33/923 962/38/920 964/37/921 972/36/925 
f 969/34/4 963/39/4 962/38/920 970/33/923 
f 34/40/4 974/43/4 975/42/927 35/41/22 
f 35/41/22 975/42/927 976/44/928 38/5/24 
f 975/42/927 971/32/924 973/35/926 976/44/928 
f 974/43/4 968/31/4 971/32/924 975/42/927 
f 977/45/929 968/31/4 974/43/4 978/46/930 
f 978/46/930 974/43/4 34/40/4 42/47/28 
f 979/48/931 963/39/4 969/34/4 980/49/932 
f 980/49/932 969/34/4 968/31/4 977/45/929 
f 957/20/4 961/21/4 981/50/933 982/47/934 
f 961/21/4 963/22/4 979/5/931 981/50/933 
f 955/11/4 954/12/4 983/51/935 984/29/936 
f 954/12/4 957/13/4 982/47/934 983/51/935 
f 985/52/4 986/54/4 987/53/937 988/29/938 
f 986/54/4 955/55/4 984/47/936 987/53/937 
f 955/25/4 986/57/4 989/56/939 953/26/915 
f 953/26/915 989/56/939 990/53/940 950/29/912 
f 989/56/939 991/58/941 992/47/942 990/53/940 
f 986/57/4 985/5/4 991/58/941 989/56/939 
f 993/59/4 994/62/4 995/61/943 996/60/944 
f 994/62/4 985/63/4 988/29/938 995/61/943 
f 61/25/4 997/57/4 998/65/4 62/64/4 
f 62/64/4 998/65/4 999/67/4 65/66/4 
f 998/65/4 994/69/4 993/68/4 999/67/4 
f 997/57/4 985/5/4 994/69/4 998/65/4 
f 61/25/4 68/57/44 1000/56/945 997/26/4 
f 997/26/4 1000/56/945 991/70/941 985/29/4 
f 1000/56/945 1001/71/946 992/47/942 991/70/941 
f 68/57/44 70/5/46 1001/71/946 1000/56/945 
f 1002/4/947 1003/58/948 1004/5/949 1005/6/950 
f 1006/72/951 1007/47/952 1003/58/948 1002/4/947 
f 1008/7/953 1009/8/954 1010/9/955 1011/73/956 
f 1011/73/956 1010/9/955 1012/14/957 1013/15/958 
f 1010/9/955 1014/12/959 1015/13/960 1012/14/957 
f 1009/8/954 1016/11/961 1014/12/959 1010/9/955 
f 1013/16/958 1012/17/957 1017/18/962 1018/74/963 
f 1018/74/963 1017/18/962 1019/23/964 1020/24/965 
f 1017/18/962 1021/21/966 1022/22/967 1019/23/964 
f 1012/17/957 1015/20/960 1021/21/966 1017/18/962 
f 92/25/68 95/26/70 1023/27/968 1024/28/68 
f 1024/28/68 1023/27/968 1002/4/947 1005/6/950 
f 1023/27/968 1025/75/969 1006/72/951 1002/4/947 
f 95/26/70 97/29/72 1025/75/969 1023/27/968 
f 1026/31/970 1027/32/971 1028/33/972 1029/34/973 
f 1029/34/973 1028/33/972 1019/38/964 1022/39/967 
f 1028/33/972 1030/76/974 1020/37/965 1019/38/964 
f 1027/32/971 1031/77/975 1030/76/974 1028/33/972 
f 104/40/79 107/41/82 1032/42/976 1033/43/977 
f 1033/43/977 1032/42/976 1027/32/971 1026/31/970 
f 1032/42/976 1034/78/978 1031/77/975 1027/32/971 
f 107/41/82 109/5/84 1034/78/978 1032/42/976 
f 1035/79/979 1036/80/980 1033/43/977 1026/31/970 
f 1036/80/980 112/47/87 104/40/79 1033/43/977 
f 1037/48/981 1038/81/982 1029/34/973 1022/39/967 
f 1038/81/982 1035/79/979 1026/31/970 1029/34/973 
f 1021/21/966 1039/58/983 1037/5/981 1022/22/967 
f 1015/20/960 1040/47/984 1039/58/983 1021/21/966 
f 1014/12/959 1041/70/985 1040/47/984 1015/13/960 
f 1016/11/961 1042/29/986 1041/70/985 1014/12/959 
f 1043/54/987 1044/70/988 1042/47/986 1016/55/961 
f 1045/52/989 1046/29/990 1044/70/988 1043/54/987 
f 1016/25/961 1009/26/954 1047/56/991 1043/57/987 
f 1043/57/987 1047/56/991 1048/58/992 1045/5/989 
f 1047/56/991 1049/70/993 1050/47/994 1048/58/992 
f 1009/26/954 1008/29/953 1049/70/993 1047/56/991 
f 1051/82/995 1052/83/996 1053/62/997 1054/59/998 
f 1052/83/996 1046/29/990 1045/63/989 1053/62/997 
f 131/25/68 134/64/68 1055/65/68 1056/57/68 
f 1056/57/68 1055/65/68 1053/69/997 1045/5/989 
f 1055/65/68 1057/67/68 1054/68/998 1053/69/997 
f 134/64/68 136/66/68 1057/67/68 1055/65/68 
f 131/25/68 1056/26/68 1058/56/999 137/57/106 
f 137/57/106 1058/56/999 1059/58/1000 139/5/108 
f 1058/56/999 1048/70/992 1050/47/994 1059/58/1000 
f 1056/26/68 1045/29/989 1048/70/992 1058/56/999 
f 1060/84/1001 1061/84/1002 1062/58/1003 1063/58/1004 
f 1063/58/1004 1062/58/1003 1064/5/1005 1065/5/1006 
f 1066/85/1007 1067/85/1008 1061/84/1002 1060/84/1001 
s 2
f 1008/7/953 1011/73/956 1068/73/1009 1069/7/1010 
s 4
f 1069/7/1010 1068/73/1009 951/10/913 950/7/912 
f 1068/73/1009 1070/15/1011 958/15/917 951/10/913 
s 2
f 1011/73/956 1013/15/958 1070/15/1011 1068/73/1009 
f 1013/16/958 1018/74/963 1071/74/1012 1070/16/1011 
s 4
f 1070/16/1011 1071/74/1012 959/19/918 958/16/917 
f 1071/74/1012 1072/24/1013 964/24/921 959/19/918 
s 2
f 1018/74/963 1020/24/965 1072/24/1013 1071/74/1012 
s 1
f 154/29/123 157/29/126 1073/75/1014 1074/75/1015 
f 1074/75/1015 1073/75/1014 1067/85/1008 1066/85/1007 
s 2
f 1020/37/965 1030/76/974 1075/76/1016 1072/37/1013 
s 4
f 1072/37/1013 1075/76/1016 972/36/925 964/37/921 
f 1075/76/1016 1076/86/1017 973/35/926 972/36/925 
s 2
f 1030/76/974 1031/77/975 1076/86/1017 1075/76/1016 
f 1031/77/975 1034/78/978 1077/78/1018 1076/86/1017 
s 4
f 1076/86/1017 1077/78/1018 976/44/928 973/35/926 
f 1077/78/1018 161/5/130 38/5/24 976/44/928 
s 2
f 1034/78/978 109/5/84 161/5/130 1077/78/1018 
s 1
f 1078/87/1019 1079/87/1020 1080/80/1021 1081/80/1022 
f 1081/80/1022 1080/80/1021 167/47/136 166/47/135 
f 1082/48/1023 1083/48/1024 1084/81/1025 1085/81/1026 
f 1085/81/1026 1084/81/1025 1079/87/1020 1078/87/1019 
f 1086/47/1027 1087/47/1028 1088/58/1029 1089/58/1030 
f 1089/58/1030 1088/58/1029 1083/5/1024 1082/5/1023 
f 1090/29/1031 1091/29/1032 1092/70/1033 1093/70/1034 
f 1093/70/1034 1092/70/1033 1087/47/1028 1086/47/1027 
f 1094/29/1035 1095/29/1036 1096/70/1037 1097/70/1038 
f 1097/70/1038 1096/70/1037 1091/47/1032 1090/47/1031 
s 2
f 1050/47/994 1049/70/993 1098/70/1039 1099/47/1040 
s 4
f 1099/47/1040 1098/70/1039 990/53/940 992/47/942 
f 1098/70/1039 1069/29/1010 950/29/912 990/53/940 
s 2
f 1049/70/993 1008/29/953 1069/29/1010 1098/70/1039 
s 1
f 1100/88/1041 1101/83/1042 1102/83/1043 1103/88/1044 
f 1102/83/1043 1101/83/1042 1095/29/1036 1094/29/1035 
s 2
f 139/5/108 1059/58/1000 1104/58/1045 190/5/159 
s 4
f 190/5/159 1104/58/1045 1001/71/946 70/5/46 
f 1104/58/1045 1099/47/1040 992/47/942 1001/71/946 
s 2
f 1059/58/1000 1050/47/994 1099/47/1040 1104/58/1045 
f 1006/72/951 1025/75/969 1105/75/1046 1106/85/1047 
f 1106/85/1047 1105/75/1046 1107/75/1048 1108/85/1049 
f 1105/75/1046 197/29/166 196/29/165 1107/75/1048 
f 1025/75/969 97/29/72 197/29/166 1105/75/1046 
f 1007/47/952 1006/72/951 1106/85/1047 1109/84/1050 
f 1109/84/1050 1106/85/1047 1108/85/1049 1110/84/1051 
f 1004/5/949 1003/58/948 1111/58/1052 1112/5/1053 
f 1112/5/1053 1111/58/1052 1113/58/1054 1114/5/1055 
f 1111/58/1052 1109/84/1050 1110/84/1051 1113/58/1054 
f 1003/58/948 1007/47/952 1109/84/1050 1111/58/1052 
f 1046/29/990 1052/83/996 1115/83/1056 1116/29/1057 
f 1116/29/1057 1115/83/1056 1117/83/1058 1118/29/1059 
f 1115/83/1056 1119/88/1060 1120/88/1061 1117/83/1058 
f 1052/83/996 1051/82/995 1119/88/1060 1115/83/1056 
f 1042/47/986 1044/70/988 1121/70/1062 1122/47/1063 
f 1122/47/1063 1121/70/1062 1123/70/1064 1124/47/1065 
f 1121/70/1062 1116/29/1057 1118/29/1059 1123/70/1064 
f 1044/70/988 1046/29/990 1116/29/1057 1121/70/1062 
f 1040/47/984 1041/70/985 1125/70/1066 1126/47/1067 
f 1126/47/1067 1125/70/1066 1127/70/1068 1128/47/1069 
f 1125/70/1066 1122/29/1063 1124/29/1065 1127/70/1068 
f 1041/70/985 1042/29/986 1122/29/1063 1125/70/1066 
f 1037/5/981 1039/58/983 1129/58/1070 1130/5/1071 
f 1130/5/1071 1129/58/1070 1131/58/1072 1132/5/1073 
f 1129/58/1070 1126/47/1067 1128/47/1069 1131/58/1072 
f 1039/58/983 1040/47/984 1126/47/1067 1129/58/1070 
f 1035/79/979 1038/81/982 1133/81/1074 1134/87/1075 
f 1134/87/1075 1133/81/1074 1135/81/1076 1136/87/1077 
f 1133/81/1074 1130/48/1071 1132/48/1073 1135/81/1076 
f 1038/81/982 1037/48/981 1130/48/1071 1133/81/1074 
f 112/47/87 1036/80/980 1137/80/1078 226/47/195 
f 226/47/195 1137/80/1078 1138/80/1079 228/47/197 
f 1137/80/1078 1134/87/1075 1136/87/1077 1138/80/1079 
f 1036/80/980 1035/79/979 1134/87/1075 1137/80/1078 
f 1110/84/1051 1139/84/1080 1140/58/1081 1113/58/1054 
f 1113/58/1054 1140/58/1081 1141/5/1082 1114/5/1055 
f 1140/58/1081 1063/58/1004 1065/5/1006 1141/5/1082 
f 1139/84/1080 1060/84/1001 1063/58/1004 1140/58/1081 
s 3
f 949/5/911 1064/5/1005 1062/58/1003 946/3/909 
f 946/3/909 1062/58/1003 1061/84/1002 947/2/910 
s 2
f 1108/85/1049 1142/85/1083 1139/84/1080 1110/84/1051 
f 1142/85/1083 1066/85/1007 1060/84/1001 1139/84/1080 
s 3
f 947/2/910 1061/84/1002 1067/85/1008 944/1/908 
s 2
f 196/29/165 235/29/204 1143/75/1084 1107/75/1048 
f 1107/75/1048 1143/75/1084 1142/85/1083 1108/85/1049 
f 1143/75/1084 1074/75/1015 1066/85/1007 1142/85/1083 
f 235/29/204 154/29/123 1074/75/1015 1143/75/1084 
s 3
f 944/1/908 1067/85/1008 1073/75/1014 967/30/922 
f 967/30/922 1073/75/1014 157/29/126 26/29/16 
s 2
f 1136/87/1077 1144/87/1085 1145/80/1086 1138/80/1079 
f 1138/80/1079 1145/80/1086 238/47/207 228/47/197 
f 1145/80/1086 1081/80/1022 166/47/135 238/47/207 
f 1144/87/1085 1078/87/1019 1081/80/1022 1145/80/1086 
s 3
f 42/47/28 167/47/136 1080/80/1021 978/46/930 
f 978/46/930 1080/80/1021 1079/87/1020 977/45/929 
s 2
f 1132/48/1073 1146/48/1087 1147/81/1088 1135/81/1076 
f 1135/81/1076 1147/81/1088 1144/87/1085 1136/87/1077 
f 1147/81/1088 1085/81/1026 1078/87/1019 1144/87/1085 
f 1146/48/1087 1082/48/1023 1085/81/1026 1147/81/1088 
s 3
f 977/45/929 1079/87/1020 1084/81/1025 980/49/932 
f 980/49/932 1084/81/1025 1083/48/1024 979/48/931 
s 2
f 1128/47/1069 1148/47/1089 1149/58/1090 1131/58/1072 
f 1131/58/1072 1149/58/1090 1146/5/1087 1132/5/1073 
f 1149/58/1090 1089/58/1030 1082/5/1023 1146/5/1087 
f 1148/47/1089 1086/47/1027 1089/58/1030 1149/58/1090 
s 3
f 979/5/931 1083/5/1024 1088/58/1029 981/50/933 
f 981/50/933 1088/58/1029 1087/47/1028 982/47/934 
s 2
f 1124/29/1065 1150/29/1091 1151/70/1092 1127/70/1068 
f 1127/70/1068 1151/70/1092 1148/47/1089 1128/47/1069 
f 1151/70/1092 1093/70/1034 1086/47/1027 1148/47/1089 
f 1150/29/1091 1090/29/1031 1093/70/1034 1151/70/1092 
s 3
f 982/47/934 1087/47/1028 1092/70/1033 983/51/935 
f 983/51/935 1092/70/1033 1091/29/1032 984/29/936 
s 2
f 1118/29/1059 1152/29/1093 1153/70/1094 1123/70/1064 
f 1123/70/1064 1153/70/1094 1150/47/1091 1124/47/1065 
f 1153/70/1094 1097/70/1038 1090/47/1031 1150/47/1091 
f 1152/29/1093 1094/29/1035 1097/70/1038 1153/70/1094 
s 3
f 984/47/936 1091/47/1032 1096/70/1037 987/53/937 
f 987/53/937 1096/70/1037 1095/29/1036 988/29/938 
s 2
f 1103/88/1044 1102/83/1043 1154/83/1095 1155/88/1096 
f 1155/88/1096 1154/83/1095 1117/83/1058 1120/88/1061 
f 1154/83/1095 1152/29/1093 1118/29/1059 1117/83/1058 
f 1102/83/1043 1094/29/1035 1152/29/1093 1154/83/1095 
s 3
f 988/29/938 1095/29/1036 1101/83/1042 995/61/943 
f 995/61/943 1101/83/1042 1100/88/1041 996/60/944 
s 1
f 999/67/4 965/70/4 22/29/4 65/66/4 
f 993/68/4 948/47/4 965/70/4 999/67/4 
f 949/25/911 948/89/4 993/59/4 996/60/944 
s 3
f 996/60/944 1100/88/1041 1064/25/1005 949/25/911 
s 1
f 1065/25/1006 1064/25/1005 1100/88/1041 1103/88/1044 
s 2
f 1114/25/1055 1141/25/1082 1155/88/1096 1120/88/1061 
f 1141/25/1082 1065/25/1006 1103/88/1044 1155/88/1096 
f 1119/88/1060 1112/25/1053 1114/25/1055 1120/88/1061 
f 1051/82/995 1004/25/949 1112/25/1053 1119/88/1060 
s 1
f 1004/25/949 1051/82/995 1054/59/998 1005/89/950 
f 1057/67/68 1024/70/68 1005/47/950 1054/68/998 
f 136/66/68 92/29/68 1024/70/68 1057/67/68 
f 1156/90/1097 1157/91/1098 1158/91/1099 1159/90/1100 
f 1158/91/1099 1157/91/1098 1160/92/1101 1161/92/1102 
f 1161/92/1102 1160/92/1101 1162/93/1103 1163/93/1104 
f 1163/93/1104 1162/93/1103 1164/94/1105 1165/94/1106 
f 1165/94/1106 1164/94/1105 1166/95/1107 1167/95/1108 
f 1167/95/1108 1166/95/1107 1168/96/1109 1169/96/1110 
s 2
f 1170/97/1111 1171/100/1112 1172/99/1113 1173/98/1114 
s 1
f 1173/98/1114 1172/99/1113 1174/102/1115 1175/101/1116 
f 1176/103/1117 1177/106/1118 1178/105/1119 1179/104/1120 
s 2
f 1179/104/1120 1178/105/1119 1180/108/1121 1181/107/1122 
f 1171/100/1112 1182/111/1123 1183/110/1124 1172/109/1113 
s 1
f 1172/109/1113 1183/110/1124 1184/113/1125 1174/112/1115 
f 1183/110/1124 1185/115/1126 1186/114/1127 1184/113/1125 
s 2
f 1182/111/1123 1187/116/1128 1185/115/1126 1183/110/1124 
s 4
f 1187/117/1128 1188/120/1129 1189/119/1130 1185/118/1126 
s 1
f 1185/118/1126 1189/119/1130 1190/122/1131 1186/121/1127 
f 1189/119/1130 1178/105/1119 1177/106/1118 1190/122/1131 
s 4
f 1188/120/1129 1180/108/1121 1178/105/1119 1189/119/1130 
s 1
f 1191/123/1132 1186/121/1127 1190/122/1131 1192/124/1133 
f 1192/124/1133 1190/122/1131 1177/106/1118 1176/103/1117 
f 1186/121/1127 1191/123/1132 1193/126/1134 1184/125/1125 
f 1184/125/1125 1193/126/1134 1175/128/1116 1174/127/1115 
s 2
f 1194/129/1135 1195/90/1136 1196/91/1137 1197/130/1138 
f 1194/129/1135 1197/130/1138 1198/132/1139 1199/131/1140 
f 1200/133/1141 1201/136/1142 1202/135/1143 1203/134/1144 
f 1200/133/1141 1203/134/1144 1204/95/1145 1205/96/1146 
f 1197/130/1138 1196/139/1137 1206/138/1147 1207/137/1148 
f 1197/130/1138 1207/137/1148 1208/140/1149 1198/132/1139 
f 1207/137/1148 1209/142/1150 1210/141/1151 1208/140/1149 
f 1207/137/1148 1206/144/1147 1211/143/1152 1209/142/1150 
s 4
f 1209/142/1150 1211/147/1152 1212/146/1153 1213/145/1154 
f 1209/142/1150 1213/145/1154 1214/148/1155 1210/141/1151 
f 1213/145/1154 1203/150/1144 1202/149/1143 1214/148/1155 
f 1213/145/1154 1212/152/1153 1204/151/1145 1203/150/1144 
s 2
f 1198/132/1139 1208/140/1149 1182/111/1123 1171/100/1112 
f 1208/140/1149 1210/141/1151 1187/116/1128 1182/111/1123 
f 1199/131/1140 1198/132/1139 1171/100/1112 1170/97/1111 
f 1202/153/1143 1201/154/1142 1181/107/1122 1180/108/1121 
s 4
f 1187/116/1128 1210/141/1151 1214/148/1155 1188/155/1129 
f 1188/155/1129 1214/148/1155 1202/149/1143 1180/156/1121 
f 1159/90/1100 1158/91/1099 1196/91/1137 1195/90/1136 
s 2
f 1206/92/1147 1161/92/1102 1163/93/1104 1211/93/1152 
f 1196/91/1137 1158/91/1099 1161/92/1102 1206/92/1147 
s 4
f 1212/94/1153 1165/94/1106 1167/95/1108 1204/95/1145 
f 1211/93/1152 1163/93/1104 1165/94/1106 1212/94/1153 
s 8
f 1205/96/1146 1204/95/1145 1167/95/1108 1169/96/1110 
s 1
f 1215/90/1156 1216/91/1157 1217/91/1158 1218/90/1159 
s 2
f 1218/90/1159 1217/91/1158 1219/91/1160 1220/90/1161 
s 1
f 1216/91/1157 1221/92/1162 1222/92/1163 1217/91/1158 
s 2
f 1217/91/1158 1222/92/1163 1223/92/1164 1219/91/1160 
f 1222/92/1163 1224/93/1165 1225/93/1166 1223/92/1164 
s 1
f 1221/92/1162 1226/93/1167 1224/93/1165 1222/92/1163 
f 1226/93/1167 1227/94/1168 1228/94/1169 1224/93/1165 
s 2
f 1224/93/1165 1228/94/1169 1229/94/1170 1225/93/1166 
f 1228/94/1169 1230/95/1171 1231/95/1172 1229/94/1170 
s 1
f 1227/94/1168 1232/95/1173 1230/95/1171 1228/94/1169 
f 1232/95/1173 1233/96/1174 1234/96/1175 1230/95/1171 
s 2
f 1230/95/1171 1234/96/1175 1235/96/1176 1231/95/1172 
f 1236/96/1177 1237/95/1178 1238/95/1179 1239/96/1180 
s 4
f 1237/95/1178 1166/95/1107 1164/94/1105 1240/94/1181 
s 2
f 1237/95/1178 1240/94/1181 1241/94/1182 1238/95/1179 
f 1240/94/1181 1242/93/1183 1243/93/1184 1241/94/1182 
s 4
f 1240/94/1181 1164/94/1105 1162/93/1103 1242/93/1183 
s 8
f 1242/93/1183 1162/93/1103 1160/92/1101 1244/92/1185 
s 2
f 1242/93/1183 1244/92/1185 1245/92/1186 1243/93/1184 
f 1244/92/1185 1246/91/1187 1247/91/1188 1245/92/1186 
s 8
f 1244/92/1185 1160/92/1101 1157/91/1098 1246/91/1187 
f 1246/91/1187 1157/91/1098 1156/90/1097 1248/90/1189 
s 2
f 1246/91/1187 1248/90/1189 1249/90/1190 1247/91/1188 
f 1238/95/1179 1231/95/1172 1235/96/1176 1239/96/1180 
f 1243/93/1184 1225/93/1166 1229/94/1170 1241/94/1182 
f 1241/94/1182 1229/94/1170 1231/95/1172 1238/95/1179 
f 1247/91/1188 1219/91/1160 1223/92/1164 1245/92/1186 
f 1245/92/1186 1223/92/1164 1225/93/1166 1243/93/1184 
f 1220/90/1161 1219/91/1160 1247/91/1188 1249/90/1190 
s 8
f 1168/96/1109 1166/95/1107 1237/95/1178 1236/96/1177 
s 1
f 1250/90/1191 1251/91/1192 1252/91/1193 1253/90/1194 
f 1251/91/1192 1254/92/1195 1255/92/1196 1252/91/1193 
f 1254/92/1195 1256/93/1197 1257/93/1198 1255/92/1196 
f 1256/93/1197 1258/94/1199 1259/94/1200 1257/93/1198 
f 1258/94/1199 1260/95/1201 1261/95/1202 1259/94/1200 
f 1260/95/1201 1262/158/1203 1263/157/1204 1264/96/1205 
f 1260/95/1201 1264/96/1205 1265/96/1206 1261/95/1202 
f 1253/90/1194 1252/91/1193 1216/91/1157 1215/90/1156 
f 1216/91/1157 1252/91/1193 1255/92/1196 1221/92/1162 
f 1221/92/1162 1255/92/1196 1257/93/1198 1226/93/1167 
f 1226/93/1167 1257/93/1198 1259/94/1200 1227/94/1168 
f 1227/94/1168 1259/94/1200 1261/95/1202 1232/95/1173 
f 1232/95/1173 1261/95/1202 1265/96/1206 1233/96/1174 
f 1266/159/1207 1267/162/1208 1268/161/1209 1269/160/1210 
s 2
f 1267/162/1208 1266/159/1207 1270/163/1211 
s 1
f 1267/162/1208 1271/165/1212 1272/164/1213 1268/161/1209 
f 1271/165/1212 1273/167/1214 1274/166/1215 1272/164/1213 
s 2
f 1271/165/1212 1270/163/1211 1275/168/1216 1273/167/1214 
f 1273/167/1214 1275/168/1216 1276/170/1217 1277/169/1218 
s 1
f 1273/167/1214 1277/169/1218 1278/171/1219 1274/166/1215 
f 1277/169/1218 1279/172/1220 1262/158/1203 1278/171/1219 
s 2
f 1279/172/1220 1277/169/1218 1276/170/1217 
s 1
f 1279/172/1220 1280/173/1221 1263/157/1204 1262/158/1203 
f 1268/161/1209 1251/91/1192 1250/90/1191 1269/160/1210 
f 1274/166/1215 1256/93/1197 1254/92/1195 1272/164/1213 
f 1272/164/1213 1254/92/1195 1251/91/1192 1268/161/1209 
f 1262/158/1203 1260/95/1201 1258/94/1199 1278/171/1219 
f 1278/171/1219 1258/94/1199 1256/93/1197 1274/166/1215 
s 8
f 1169/96/1110 1281/174/1222 1282/174/1223 1205/96/1146 
f 1281/174/1222 377/56/346 376/56/345 1282/174/1223 
s 1
f 1168/96/1109 1283/174/1224 1281/174/1222 1169/96/1110 
f 1281/174/1222 1283/174/1224 379/56/348 377/56/346 
s 8
f 380/56/349 379/56/348 1283/174/1224 1284/174/1225 
f 1284/174/1225 1283/174/1224 1168/96/1109 1236/96/1177 
s 2
f 380/56/349 1284/174/1225 1285/174/1226 382/56/351 
f 1284/174/1225 1236/96/1177 1239/96/1180 1285/174/1226 
f 1235/96/1176 1286/174/1227 1285/174/1226 1239/96/1180 
f 1285/174/1226 1286/174/1227 385/56/354 382/56/351 
s 1
f 1233/96/1174 1287/174/1228 1288/174/1229 1234/96/1175 
s 2
f 1234/96/1175 1288/174/1229 1286/174/1227 1235/96/1176 
f 1288/174/1229 388/56/357 385/56/354 1286/174/1227 
s 1
f 1287/174/1228 389/56/358 388/56/357 1288/174/1229 
f 1265/96/1206 1289/174/1230 1287/174/1228 1233/96/1174 
f 1287/174/1228 1289/174/1230 391/56/360 389/56/358 
f 1264/96/1205 1290/174/1231 1289/174/1230 1265/96/1206 
f 1290/174/1231 393/56/362 391/56/360 1289/174/1230 
f 394/175/363 393/56/362 1290/174/1231 1291/176/1232 
f 1291/176/1232 1290/174/1231 1264/96/1205 1263/157/1204 
s 2
f 1280/173/1221 1276/170/1217 1292/178/1233 1293/177/1234 
s 1
f 1280/173/1221 1293/177/1234 1291/176/1232 1263/157/1204 
f 1293/177/1234 398/179/367 394/175/363 1291/176/1232 
s 2
f 1293/177/1234 1292/178/1233 399/180/368 398/179/367 
f 1275/168/1216 1294/181/1235 1292/178/1233 1276/170/1217 
f 1294/181/1235 401/182/369 399/180/368 1292/178/1233 
f 402/183/370 405/186/373 1295/185/1236 1296/184/1237 
f 1296/184/1237 1295/185/1236 1270/163/1211 1266/159/1207 
f 1295/185/1236 1294/181/1235 1275/168/1216 1270/163/1211 
f 405/186/373 401/182/369 1294/181/1235 1295/185/1236 
s 1
f 402/183/370 1296/184/1237 1297/188/1238 406/187/374 
f 1296/184/1237 1266/159/1207 1269/160/1210 1297/188/1238 
f 1269/160/1210 1250/90/1191 1298/189/1239 1297/188/1238 
f 1297/188/1238 1298/189/1239 409/54/377 406/187/374 
f 409/54/377 1298/189/1239 1299/189/1240 410/54/378 
f 1298/189/1239 1250/90/1191 1253/90/1194 1299/189/1240 
f 412/54/380 410/54/378 1299/189/1240 1300/189/1241 
f 1300/189/1241 1299/189/1240 1253/90/1194 1215/90/1156 
f 412/54/380 1300/189/1241 1301/189/1242 414/54/382 
s 2
f 414/54/382 1301/189/1242 1302/189/1243 416/54/384 
f 1301/189/1242 1218/90/1159 1220/90/1161 1302/189/1243 
s 1
f 1300/189/1241 1215/90/1156 1218/90/1159 1301/189/1242 
s 2
f 418/54/386 416/54/384 1302/189/1243 1303/189/1244 
f 1303/189/1244 1302/189/1243 1220/90/1161 1249/90/1190 
f 1248/90/1189 1304/189/1245 1303/189/1244 1249/90/1190 
f 1304/189/1245 421/54/389 418/54/386 1303/189/1244 
s 8
f 1304/189/1245 1305/189/1246 422/54/390 421/54/389 
f 1156/90/1097 1305/189/1246 1304/189/1245 1248/90/1189 
s 1
f 424/54/392 422/54/390 1305/189/1246 1306/189/1247 
f 1306/189/1247 1305/189/1246 1156/90/1097 1159/90/1100 
s 2
f 426/190/394 429/54/397 1307/189/1248 1308/191/1249 
s 4
f 1307/189/1248 1306/189/1247 1159/90/1100 1195/90/1136 
f 429/54/397 424/54/392 1306/189/1247 1307/189/1248 
s 2
f 1195/90/1136 1194/129/1135 1308/191/1249 1307/189/1248 
f 426/190/394 1308/191/1249 1309/193/1250 430/192/398 
f 1308/191/1249 1194/129/1135 1199/131/1140 1309/193/1250 
f 432/194/400 430/192/398 1309/193/1250 1310/195/1251 
f 1310/195/1251 1309/193/1250 1199/131/1140 1170/97/1111 
f 432/194/400 1310/195/1251 1311/197/1252 434/196/402 
s 1
f 434/196/402 1311/197/1252 1312/199/1253 436/198/404 
f 1311/197/1252 1173/98/1114 1175/101/1116 1312/199/1253 
s 2
f 1310/195/1251 1170/97/1111 1173/98/1114 1311/197/1252 
s 1
f 1191/123/1132 1313/201/4 1314/200/1254 1193/126/1134 
f 1193/126/1134 1314/200/1254 1312/202/1253 1175/128/1116 
f 1314/200/1254 440/204/407 436/203/404 1312/202/1253 
f 1313/201/4 441/205/4 440/204/407 1314/200/1254 
f 442/206/408 445/209/411 1315/208/1255 1316/207/1256 
f 1316/207/1256 1315/208/1255 1192/124/1133 1176/103/1117 
f 1315/208/1255 1313/201/4 1191/123/1132 1192/124/1133 
f 445/209/411 441/205/4 1313/201/4 1315/208/1255 
f 442/206/408 1316/207/1256 1317/211/1257 446/210/412 
s 2
f 446/210/412 1317/211/1257 1318/213/1258 448/212/414 
f 1317/211/1257 1179/104/1120 1181/107/1122 1318/213/1258 
s 1
f 1316/207/1256 1176/103/1117 1179/104/1120 1317/211/1257 
s 2
f 1201/214/1142 1200/133/1141 1319/216/1259 1320/215/1260 
f 1201/154/1142 1320/217/1260 1318/213/1258 1181/107/1122 
f 1320/217/1260 452/218/418 448/212/414 1318/213/1258 
f 1320/219/1260 1319/216/1259 453/221/419 452/220/418 
f 453/221/419 1319/216/1259 1282/174/1223 376/56/345 
f 1319/216/1259 1200/133/1141 1205/96/1146 1282/174/1223 
s 1
f 1321/222/1261 1322/222/1262 1323/223/1263 1324/223/1264 
f 1324/223/1264 1323/223/1263 1325/224/1265 1326/224/1266 
f 1326/224/1266 1325/224/1265 1327/225/1267 1328/225/1268 
f 1328/225/1268 1327/225/1267 463/70/429 462/70/428 
f 464/226/430 467/226/433 1329/227/1269 1330/227/1270 
f 1330/227/1270 1329/227/1269 1331/228/1271 1332/228/1272 
f 1332/228/1272 1331/228/1271 1333/229/1273 1334/229/1274 
f 1334/229/1274 1333/229/1273 1335/230/1275 1336/230/1276 
f 1336/230/1276 1335/230/1275 1337/231/1277 1338/231/1278 
f 1338/231/1278 1337/231/1277 1322/222/1262 1321/222/1261 
s 2
f 1322/222/1262 1339/222/1279 1340/223/1280 1323/223/1263 
f 1323/223/1263 1340/223/1280 1341/224/1281 1325/224/1265 
f 1325/224/1265 1341/224/1281 1342/225/1282 1327/225/1267 
f 1327/225/1267 1342/225/1282 480/70/446 463/70/429 
f 467/226/433 482/226/448 1343/227/1283 1329/227/1269 
f 1329/227/1269 1343/227/1283 1344/228/1284 1331/228/1271 
f 1331/228/1271 1344/228/1284 1345/229/1285 1333/229/1273 
f 1333/229/1273 1345/229/1285 1346/230/1286 1335/230/1275 
f 1335/230/1275 1346/230/1286 1347/231/1287 1337/231/1277 
f 1337/231/1277 1347/231/1287 1339/222/1279 1322/222/1262 
s 1
f 1348/232/1288 1349/235/1289 1350/234/1290 1351/233/1291 
f 1351/236/1291 1352/239/1292 1353/238/1293 1348/237/1288 
f 1352/240/1292 1354/242/1294 1355/241/1295 1353/238/1293 
f 1354/243/1294 1356/245/1296 1357/244/1297 1355/241/1295 
f 1356/246/1296 498/248/464 497/247/463 1357/244/1297 
f 499/249/465 1358/252/1298 1359/251/1299 500/250/466 
f 1358/253/1298 1360/255/1300 1361/254/1301 1359/251/1299 
f 1360/256/1300 1362/258/1302 1363/257/1303 1361/254/1301 
f 1362/259/1302 1364/261/1304 1365/260/1305 1363/257/1303 
f 1364/262/1304 1350/263/1290 1349/235/1289 1365/260/1305 
f 1366/264/1306 1367/267/1307 1368/266/1308 1369/265/1309 
s 2
f 1368/266/1308 1367/267/1307 1348/237/1288 1353/238/1293 
s 1
f 1369/265/1309 1368/266/1308 1370/269/1310 1371/268/1311 
s 2
f 1370/269/1310 1368/266/1308 1353/238/1293 1355/241/1295 
s 1
f 1371/268/1311 1370/269/1310 1372/271/1312 1373/270/1313 
s 2
f 1372/271/1312 1370/269/1310 1355/241/1295 1357/244/1297 
s 1
f 1373/270/1313 1372/271/1312 518/273/484 517/272/483 
s 2
f 518/273/484 1372/271/1312 1357/244/1297 497/247/463 
s 1
f 519/274/485 522/277/488 1374/276/1314 1375/275/1315 
s 2
f 1374/276/1314 522/277/488 500/250/466 1359/251/1299 
s 1
f 1375/275/1315 1374/276/1314 1376/279/1316 1377/278/1317 
s 2
f 1376/279/1316 1374/276/1314 1359/251/1299 1361/254/1301 
s 1
f 1377/278/1317 1376/279/1316 1378/281/1318 1379/280/1319 
s 2
f 1378/281/1318 1376/279/1316 1361/254/1301 1363/257/1303 
s 1
f 1379/280/1319 1378/281/1318 1380/283/1320 1381/282/1321 
s 2
f 1380/283/1320 1378/281/1318 1363/257/1303 1365/260/1305 
s 1
f 1381/282/1321 1380/283/1320 1382/285/1322 1383/284/1323 
s 2
f 1382/285/1322 1380/283/1320 1365/260/1305 1349/235/1289 
s 1
f 1383/284/1323 1382/285/1322 1367/286/1307 1366/92/1306 
s 2
f 1367/286/1307 1382/285/1322 1349/235/1289 1348/232/1288 
f 1352/287/1292 1351/288/1291 1321/222/1261 1324/223/1264 
f 1354/289/1294 1352/287/1292 1324/223/1264 1326/224/1266 
f 1356/290/1296 1354/289/1294 1326/224/1266 1328/225/1268 
f 498/70/464 1356/290/1296 1328/225/1268 462/70/428 
f 1358/291/1298 499/226/465 464/226/430 1330/227/1270 
f 1360/292/1300 1358/291/1298 1330/227/1270 1332/228/1272 
f 1362/293/1302 1360/292/1300 1332/228/1272 1334/229/1274 
f 1364/294/1304 1362/293/1302 1334/229/1274 1336/230/1276 
f 1350/295/1290 1364/294/1304 1336/230/1276 1338/231/1278 
f 1351/288/1291 1350/295/1290 1338/231/1278 1321/222/1261 
s 1
f 1339/222/1279 1384/297/1324 1385/296/1325 1340/223/1280 
f 1347/231/1287 1386/298/1326 1384/297/1324 1339/222/1279 
f 1340/223/1280 1385/296/1325 1387/299/1327 1341/224/1281 
f 1341/224/1281 1387/299/1327 1388/300/1328 1342/225/1282 
f 1342/225/1282 1388/300/1328 536/301/502 480/70/446 
f 482/226/448 538/303/504 1389/302/1329 1343/227/1283 
f 1343/227/1283 1389/302/1329 1390/304/1330 1344/228/1284 
f 1344/228/1284 1390/304/1330 1391/305/1331 1345/229/1285 
f 1345/229/1285 1391/305/1331 1392/306/1332 1346/230/1286 
f 1346/230/1286 1392/306/1332 1386/298/1326 1347/231/1287 
s 2
f 542/307/508 1384/297/1324 1386/298/1326 
f 542/307/508 1385/296/1325 1384/297/1324 
f 542/307/508 1387/299/1327 1385/296/1325 
f 542/307/508 1388/300/1328 1387/299/1327 
f 542/307/508 536/301/502 1388/300/1328 
f 542/307/508 1389/302/1329 538/303/504 
f 542/307/508 1390/304/1330 1389/302/1329 
f 542/307/508 1391/305/1331 1390/304/1330 
f 542/307/508 1392/306/1332 1391/305/1331 
f 542/307/508 1386/298/1326 1392/306/1332 
s 1
f 1393/308/1333 546/311/512 545/310/511 1394/309/1334 
s 2
f 1394/309/1334 545/310/511 548/313/514 1395/312/1335 
s 1
f 1395/312/1335 548/313/514 550/315/516 1396/314/1336 
s 2
f 1396/314/1336 550/315/516 552/317/518 1397/316/1337 
s 1
f 1397/316/1337 552/317/518 554/319/520 1398/318/1338 
s 2
f 1398/318/1338 554/319/520 556/321/522 1399/320/1339 
s 1
f 1399/320/1339 556/321/522 558/323/524 1400/322/1340 
s 2
f 1400/322/1340 558/323/524 560/325/526 1401/324/1341 
s 1
f 1401/324/1341 560/325/526 562/327/528 1402/326/1342 
s 2
f 1402/326/1342 562/327/528 546/328/512 1393/92/1333 
s 1
f 1403/329/1343 1404/330/1344 1405/89/1345 
f 1405/89/1345 1404/330/1344 1406/331/1346 
f 1407/332/1347 1408/335/1348 1409/334/1349 1410/333/1350 
f 1411/336/1351 1407/332/1347 1410/333/1350 
s 2
f 572/337/538 1412/340/1352 1413/339/540 573/338/539 
f 1412/340/1352 1414/342/1353 1415/341/1354 1413/339/540 
s 4
f 1416/343/1355 1417/346/1356 1418/345/1357 1419/344/545 
f 1419/344/545 1418/345/1357 583/348/549 582/347/548 
f 1418/345/1357 1420/350/1358 584/349/550 583/348/549 
f 1417/346/1356 1421/351/1359 1420/350/1358 1418/345/1357 
f 573/338/539 1413/339/540 1422/352/1360 587/57/553 
f 1422/352/1360 1413/339/540 1415/341/1354 1423/353/1361 
s 2
f 587/53/553 1422/354/1360 1419/344/545 582/347/548 
f 1419/344/545 1422/354/1360 1423/355/1361 1416/343/1355 
s 4
f 590/356/555 593/359/558 1424/358/1362 1425/357/1363 
f 1425/357/1363 1424/358/1362 1426/360/1364 1427/25/1365 
f 1424/358/1362 1428/362/1366 1429/361/1367 1426/360/1364 
f 593/359/558 598/363/563 1428/362/1366 1424/358/1362 
f 1430/367/1368 1431/366/1369 1432/365/1370 1433/364/1371 
f 1431/366/1369 1426/369/1364 1429/368/1367 1432/365/1370 
f 1431/366/1369 1434/370/1372 1427/47/1365 1426/369/1364 
f 1430/367/1368 1435/5/1373 1434/370/1372 1431/366/1369 
f 1436/25/1374 1437/372/1375 1438/371/1376 1439/360/1377 
f 1439/360/1377 1438/371/1376 1440/374/1378 1441/373/1379 
f 1438/371/1376 1430/376/1368 1433/375/1371 1440/374/1378 
f 1437/372/1375 1435/5/1373 1430/376/1368 1438/371/1376 
f 1442/380/1380 1443/379/1381 1444/378/1382 1445/377/1383 
f 1443/379/1381 1439/382/1377 1441/381/1379 1444/378/1382 
f 1443/379/1381 1446/383/1384 1436/29/1374 1439/382/1377 
f 1442/380/1380 1447/47/1385 1446/383/1384 1443/379/1381 
f 1448/25/1386 1449/372/1387 1450/371/1388 1451/360/1389 
f 1451/360/1389 1450/371/1388 1452/385/1390 1453/384/1391 
f 1450/371/1388 1442/376/1380 1445/386/1383 1452/385/1390 
f 1449/372/1387 1447/5/1385 1442/376/1380 1450/371/1388 
f 626/390/591 1454/389/1392 1455/388/1393 623/387/588 
f 1454/389/1392 1451/392/1389 1453/391/1391 1455/388/1393 
f 1454/389/1392 1456/394/1394 1448/393/1386 1451/392/1389 
f 626/390/591 628/395/593 1456/394/1394 1454/389/1392 
f 1408/396/1348 1407/399/1347 1457/398/1395 1458/397/1396 
f 1458/400/1396 1457/403/1395 1459/402/1397 1460/401/1398 
f 1458/400/1396 1460/401/1398 1432/405/1370 1429/404/1367 
f 1460/401/1398 1461/406/1399 1433/364/1371 1432/405/1370 
f 1460/401/1398 1459/402/1397 1462/407/1400 1461/406/1399 
f 1461/408/1399 1462/411/1400 1463/410/1401 1464/409/1402 
f 1461/408/1399 1464/409/1402 1440/413/1378 1433/412/1371 
f 1464/409/1402 1465/414/1403 1441/373/1379 1440/413/1378 
f 1464/409/1402 1463/410/1401 1466/415/1404 1465/414/1403 
f 1465/416/1403 1466/419/1404 1467/418/1405 1468/417/1406 
f 1465/416/1403 1468/417/1406 1444/421/1382 1441/420/1379 
f 1468/417/1406 1469/422/1407 1445/377/1383 1444/421/1382 
f 1468/417/1406 1467/418/1405 1470/423/1408 1469/422/1407 
f 1469/424/1407 1470/427/1408 1471/426/1409 1472/425/1410 
f 1469/424/1407 1472/425/1410 1452/429/1390 1445/428/1383 
f 1472/425/1410 1473/430/1411 1453/384/1391 1452/429/1390 
f 1472/425/1410 1471/426/1409 1474/431/1412 1473/430/1411 
f 1473/432/1411 1474/435/1412 1475/434/1413 1476/433/1414 
f 1473/432/1411 1476/433/1414 1455/437/1393 1453/436/1391 
f 1476/433/1414 649/438/614 623/387/588 1455/437/1393 
f 1476/433/1414 1475/434/1413 650/439/615 649/438/614 
f 1471/426/1409 1477/440/1415 1478/29/1416 1474/431/1412 
f 1470/427/1408 1479/47/1417 1477/440/1415 1471/426/1409 
f 1480/25/1418 1481/441/1419 1467/418/1405 1466/419/1404 
f 1481/441/1419 1479/5/1417 1470/423/1408 1467/418/1405 
f 1463/410/1401 1482/442/1420 1480/29/1418 1466/415/1404 
f 1462/411/1400 1483/47/1421 1482/442/1420 1463/410/1401 
f 1483/25/1421 1462/407/1400 1459/402/1397 1484/443/1422 
f 1484/443/1422 1459/402/1397 1457/403/1395 1485/29/1423 
f 1411/444/1351 1485/29/1423 1457/398/1395 1407/399/1347 
f 660/445/625 650/439/615 1475/434/1413 1486/446/1424 
f 1486/446/1424 1475/434/1413 1474/435/1412 1478/447/1416 
s 8
f 1487/448/1425 1488/29/1426 1489/450/1427 1490/449/1428 
f 1488/29/1426 1487/452/1425 1491/451/1429 1492/26/1430 
f 1492/26/1430 1491/451/1429 1493/453/1431 1494/25/1432 
f 1494/47/1432 1493/455/1431 1495/454/1433 1496/70/1434 
f 1496/70/1434 1495/454/1433 1497/448/1435 1498/29/1436 
f 1498/25/1436 1497/457/1435 1499/456/1437 1500/57/1438 
f 1500/57/1438 1499/456/1437 1501/458/1439 1502/5/1440 
f 1502/47/1440 1501/455/1439 1503/454/1441 1504/70/1442 
f 1504/70/1442 1503/454/1441 1505/448/1443 1506/29/1444 
f 1506/447/1444 1505/461/1443 1507/460/1445 1508/459/1446 
f 1508/459/1446 1507/460/1445 685/463/650 684/462/649 
f 1509/25/1447 1510/464/1448 1511/464/1449 1512/25/1450 
s 4
f 1512/25/1450 1511/464/1449 1425/357/1363 1427/25/1365 
f 1511/464/1449 690/356/655 590/356/555 1425/357/1363 
s 8
f 1510/464/1448 691/356/656 690/356/655 1511/464/1449 
f 1509/47/1447 1512/47/1450 1513/58/1451 1514/58/1452 
f 1514/58/1452 1513/58/1451 1515/5/1453 1516/5/1454 
s 4
f 1513/58/1451 1434/370/1372 1435/5/1373 1515/5/1453 
f 1512/47/1450 1427/47/1365 1434/370/1372 1513/58/1451 
s 8
f 1516/5/1454 1515/5/1453 1517/57/1455 1518/57/1456 
f 1518/57/1456 1517/57/1455 1519/25/1457 1520/25/1458 
s 4
f 1517/57/1455 1437/372/1375 1436/25/1374 1519/25/1457 
f 1515/5/1453 1435/5/1373 1437/372/1375 1517/57/1455 
s 8
f 1520/29/1458 1519/29/1457 1521/70/1459 1522/70/1460 
f 1522/70/1460 1521/70/1459 1523/47/1461 1524/47/1462 
s 4
f 1521/70/1459 1446/383/1384 1447/47/1385 1523/47/1461 
f 1519/29/1457 1436/29/1374 1446/383/1384 1521/70/1459 
s 8
f 1524/5/1462 1523/5/1461 1525/57/1463 1526/57/1464 
f 1526/57/1464 1525/57/1463 1527/25/1465 1528/25/1466 
s 4
f 1525/57/1463 1449/372/1387 1448/25/1386 1527/25/1465 
f 1523/5/1461 1447/5/1385 1449/372/1387 1525/57/1463 
s 8
f 1528/393/1466 1527/393/1465 1529/465/1467 1530/465/1468 
f 1530/465/1468 1529/465/1467 711/395/676 710/395/675 
s 4
f 1529/465/1467 1456/394/1394 628/395/593 711/395/676 
f 1527/393/1465 1448/393/1386 1456/394/1394 1529/465/1467 
s 8
f 1506/29/1444 1531/29/1469 1532/70/1470 1504/70/1442 
f 1504/70/1442 1532/70/1470 1533/47/1471 1502/47/1440 
s 4
f 1532/70/1470 1477/440/1415 1479/47/1417 1533/47/1471 
f 1531/29/1469 1478/29/1416 1477/440/1415 1532/70/1470 
s 8
f 1502/5/1440 1533/5/1471 1534/57/1472 1500/57/1438 
f 1500/57/1438 1534/57/1472 1535/25/1473 1498/25/1436 
s 4
f 1534/57/1472 1481/441/1419 1480/25/1418 1535/25/1473 
f 1533/5/1471 1479/5/1417 1481/441/1419 1534/57/1472 
s 8
f 1498/29/1436 1535/29/1473 1536/70/1474 1496/70/1434 
f 1496/70/1434 1536/70/1474 1537/47/1475 1494/47/1432 
s 4
f 1536/70/1474 1482/442/1420 1483/47/1421 1537/47/1475 
f 1535/29/1473 1480/29/1418 1482/442/1420 1536/70/1474 
s 8
f 1494/25/1432 1537/25/1475 1538/26/1476 1492/26/1430 
f 1492/26/1430 1538/26/1476 1539/466/1477 1488/29/1426 
s 4
f 1538/26/1476 1484/443/1422 1485/29/1423 1539/466/1477 
f 1537/25/1475 1483/25/1421 1484/443/1422 1538/26/1476 
s 8
f 1488/29/1426 1539/466/1477 1540/467/1478 1489/450/1427 
f 1540/467/1478 1539/466/1477 1485/29/1423 1411/444/1351 
f 684/462/649 723/468/688 1541/459/1479 1508/459/1446 
f 1508/459/1446 1541/459/1479 1531/447/1469 1506/447/1444 
s 4
f 1541/459/1479 1486/446/1424 1478/447/1416 1531/447/1469 
f 723/468/688 660/445/625 1486/446/1424 1541/459/1479 
s 8
f 1505/461/1443 1528/393/1466 1530/465/1468 1507/460/1445 
f 1507/460/1445 1530/465/1468 710/395/675 685/463/650 
f 1501/455/1439 1524/5/1462 1526/57/1464 1503/454/1441 
f 1503/454/1441 1526/57/1464 1528/25/1466 1505/448/1443 
f 1497/457/1435 1520/29/1458 1522/70/1460 1499/456/1437 
f 1499/456/1437 1522/70/1460 1524/47/1462 1501/458/1439 
f 1493/455/1431 1516/5/1454 1518/57/1456 1495/454/1433 
f 1495/454/1433 1518/57/1456 1520/25/1458 1497/448/1435 
f 1487/452/1425 1509/47/1447 1514/58/1452 1491/451/1429 
f 1491/451/1429 1514/58/1452 1516/5/1454 1493/453/1431 
f 1487/448/1425 1490/449/1428 1510/464/1448 1509/25/1447 
f 1510/464/1448 1490/449/1428 724/469/689 691/356/656 
f 725/470/690 724/469/689 1490/449/1428 1542/471/1480 
f 1542/471/1480 1490/449/1428 1489/450/1427 
f 1411/444/1351 1543/473/1481 1544/472/1482 1540/467/1478 
f 1540/467/1478 1544/472/1482 1542/471/1480 1489/450/1427 
f 1544/472/1482 729/474/694 725/470/690 1542/471/1480 
f 1543/473/1481 730/475/695 729/474/694 1544/472/1482 
s 4
f 731/476/696 1545/479/1483 1546/478/1484 732/477/697 
f 732/477/697 1546/478/1484 1428/362/1366 598/363/563 
f 1546/478/1484 1458/397/1396 1429/361/1367 1428/362/1366 
f 1545/479/1483 1408/396/1348 1458/397/1396 1546/478/1484 
s 1
f 1410/333/1350 1404/330/1344 1403/329/1343 1547/480/1485 
f 1404/330/1344 1410/333/1350 1409/334/1349 1406/331/1346 
s 2
f 1547/480/1485 1403/329/1343 1415/341/1354 1414/342/1353 
f 1547/480/1485 1414/342/1353 1411/336/1351 
f 1411/336/1351 1414/342/1353 1543/481/1481 
f 1543/481/1481 1412/340/1352 572/337/538 730/482/695 
s 4
f 731/349/696 584/349/550 1420/350/1358 1545/483/1483 
f 1545/483/1483 1420/350/1358 1421/351/1359 1408/484/1348 
f 1408/484/1348 1421/351/1359 1417/346/1356 1409/485/1349 
f 1409/485/1349 1417/346/1356 1416/343/1355 1406/486/1346 
f 1405/89/1345 1423/353/1361 1415/341/1354 1403/329/1343 
s 2
f 1406/486/1346 1416/343/1355 1423/355/1361 1405/117/1345 
s 1
f 1548/487/1486 1549/490/1487 1550/489/1488 1551/488/1489 
f 1548/487/1486 1552/492/1490 1553/491/1491 1549/490/1487 
s 2
f 1554/493/707 1555/496/1492 1556/495/1493 1557/494/1494 
f 1558/497/1495 1559/498/1496 1555/496/1492 1554/493/707 
f 1560/499/1497 1561/501/1498 1562/500/1499 
s 4
f 1563/502/1500 1564/503/1501 1561/501/1498 1560/499/1497 
s 2
f 1565/504/1502 1566/506/1503 1567/505/1504 
f 1568/507/1505 1569/508/1506 1566/506/1503 1565/504/1502 
s 4
f 1570/509/1507 1571/510/1508 1564/503/1501 1563/502/1500 
s 2
f 1572/511/1509 1573/512/1510 1565/504/1502 1567/505/1504 
s 4
f 762/513/727 1574/516/1511 1575/515/1512 763/514/728 
f 1574/516/1511 1576/518/1513 1577/517/1514 1575/515/1512 
s 2
f 768/519/733 1578/522/1515 1579/521/1516 769/520/734 
f 1578/522/1515 1572/511/1509 1567/505/1504 1579/521/1516 
s 8
f 1571/510/1508 1570/509/1507 1557/494/1494 1556/495/1493 
s 4
f 1558/497/1495 1580/523/1517 1569/508/1506 1568/507/1505 
s 8
f 1581/524/1518 1551/488/1489 1582/525/1519 
s 1
f 1582/525/1519 1551/488/1489 1550/489/1488 1583/526/1520 
f 1564/527/1501 1553/491/1491 1552/492/1490 1561/528/1498 
s 8
f 1561/528/1498 1552/492/1490 1562/500/1499 
s 1
f 1583/526/1520 1550/489/1488 1584/530/1521 1585/529/1522 
f 1550/489/1488 1549/490/1487 1586/531/1523 1584/530/1521 
f 1585/529/1522 1584/530/1521 1586/531/1523 1559/532/1496 
f 1559/532/1496 1586/531/1523 1555/533/1492 
f 1555/533/1492 1586/531/1523 1556/534/1493 
f 1556/534/1493 1586/531/1523 1587/536/1524 1571/535/1508 
f 1571/535/1508 1587/536/1524 1553/491/1491 1564/527/1501 
f 1587/536/1524 1586/531/1523 1549/490/1487 1553/491/1491 
s 8
f 1562/500/1499 1552/492/1490 1548/487/1486 1581/524/1518 
f 1581/524/1518 1548/487/1486 1551/488/1489 
s 1
f 1588/537/1525 1589/540/1526 782/539/747 781/538/746 
f 1589/540/1526 1590/542/1527 784/541/749 782/539/747 
f 1591/543/1528 1592/546/1529 788/545/753 787/544/752 
f 1592/546/1529 1588/537/1525 781/538/746 788/545/753 
f 790/356/755 1593/549/1530 1594/548/1531 791/547/756 
f 791/547/756 1594/548/1531 1591/543/1528 787/544/752 
f 784/550/749 1590/553/1527 1595/552/1532 794/551/759 
f 1595/552/1532 1590/553/1527 1596/554/1533 
f 1597/555/1534 1598/558/1535 1599/557/1536 1600/556/1537 
f 1599/559/1536 1601/562/1538 1602/561/1539 1600/560/1537 
f 1602/561/1539 1601/562/1538 1603/564/1540 1604/563/1541 
f 1603/565/1540 1605/568/1542 1606/567/1543 1604/566/1541 
f 1606/567/1543 1605/568/1542 1607/570/1544 1608/569/1545 
f 1607/571/1544 1609/574/1546 1610/573/1547 1608/572/1545 
f 1610/573/1547 1609/574/1546 1611/576/1548 1612/575/1549 
f 1611/577/1548 1613/580/1550 1614/579/1551 1612/578/1549 
f 1614/579/1551 1613/580/1550 1596/582/1533 1590/581/1527 
f 1598/558/1535 1615/583/1552 1616/29/1553 1599/557/1536 
f 1599/559/1536 1616/29/1553 1617/584/1554 1601/562/1538 
f 1601/562/1538 1617/584/1554 1618/25/1555 1603/564/1540 
f 1603/565/1540 1618/47/1555 1619/585/1556 1605/568/1542 
f 1605/568/1542 1619/585/1556 1620/29/1557 1607/570/1544 
f 1607/571/1544 1620/25/1557 1621/586/1558 1609/574/1546 
f 1609/574/1546 1621/586/1558 1622/5/1559 1611/576/1548 
f 1611/577/1548 1622/47/1559 1623/587/1560 1613/580/1550 
f 1613/580/1550 1623/587/1560 1624/29/1561 1596/582/1533 
f 1596/554/1533 1624/447/1561 1625/588/1562 1595/552/1532 
f 1595/552/1532 1625/588/1562 826/589/791 794/551/759 
f 1600/556/1537 828/591/793 827/590/792 1597/555/1534 
f 1593/549/1530 790/356/755 828/591/793 1600/556/1537 
f 1591/543/1528 1594/58/1531 1602/593/1539 1604/592/1541 
f 1594/58/1531 1593/47/1530 1600/594/1537 1602/593/1539 
f 1592/546/1529 1591/543/1528 1606/596/1543 1608/595/1545 
f 1591/543/1528 1604/597/1541 1606/596/1543 
f 1588/537/1525 1610/599/1547 1612/598/1549 
f 1588/537/1525 1592/29/1529 1608/600/1545 1610/599/1547 
f 1590/542/1527 1589/57/1526 1614/601/1551 
f 1589/57/1526 1588/5/1525 1612/602/1549 1614/601/1551 
s 2
f 1626/537/1563 832/538/797 831/604/796 1627/603/1564 
f 1628/543/1565 836/544/801 835/545/800 1629/546/1566 
f 1629/546/1566 835/545/800 832/538/797 1626/537/1563 
f 837/605/802 836/544/801 1628/543/1565 1630/606/1567 
f 839/550/804 842/609/807 1631/608/1568 1632/607/1569 
f 1632/607/1569 1631/608/1568 1633/611/1570 1634/610/1571 
f 845/612/810 848/590/813 1635/614/1572 1636/613/1573 
f 1636/613/1573 1635/614/1572 1637/557/1574 
f 1637/559/1574 1635/560/1572 1638/561/1575 1639/616/1576 1640/615/1577 
f 1639/616/1576 1638/561/1575 1641/563/1578 1642/617/1579 
f 1642/618/1579 1641/566/1578 1643/567/1580 1644/619/1581 
f 1644/619/1581 1643/567/1580 1645/569/1582 1646/620/1583 
f 1646/621/1583 1645/572/1582 1647/573/1584 1648/622/1585 
f 1648/622/1585 1647/573/1584 1649/575/1586 1650/623/1587 
f 1650/624/1587 1649/578/1586 1651/579/1588 1652/625/1589 
f 1652/625/1589 1651/579/1588 1634/581/1571 1633/626/1570 
f 1630/606/1567 1635/614/1572 848/590/813 837/605/802 
f 1628/543/1565 1641/629/1578 1638/628/1575 1630/627/1567 
f 1630/627/1567 1638/628/1575 1635/630/1572 
f 1629/546/1566 1645/632/1582 1643/631/1580 1628/543/1565 
f 1628/543/1565 1643/631/1580 1641/633/1578 
f 1626/537/1563 1649/635/1586 1647/634/1584 
f 1626/537/1563 1647/634/1584 1645/636/1582 1629/29/1566 
f 1627/603/1564 1634/638/1571 1651/637/1588 
f 1627/603/1564 1651/637/1588 1649/639/1586 1626/5/1563 
f 831/604/796 839/642/804 1632/641/1569 1627/640/1564 
f 1627/640/1564 1632/641/1569 1634/643/1571 
s 16
f 865/644/830 1653/647/1590 1654/646/1591 866/645/831 
s 2
f 866/645/831 1654/646/1591 1631/608/1568 842/609/807 
f 1654/646/1591 1655/648/1592 1633/611/1570 1631/608/1568 
s 16
f 1653/647/1590 1656/649/1593 1655/648/1592 1654/646/1591 
f 1656/650/1593 1657/653/1594 1658/652/1595 1655/651/1592 
s 2
f 1655/651/1592 1658/652/1595 1652/625/1589 1633/626/1570 
f 1658/652/1595 1659/654/1596 1650/624/1587 1652/625/1589 
s 16
f 1657/653/1594 1660/655/1597 1659/654/1596 1658/652/1595 
f 1660/656/1597 1661/659/1598 1662/658/1599 1659/657/1596 
s 2
f 1659/657/1596 1662/658/1599 1648/622/1585 1650/623/1587 
f 1662/658/1599 1663/660/1600 1646/621/1583 1648/622/1585 
s 16
f 1661/659/1598 1664/661/1601 1663/660/1600 1662/658/1599 
f 1664/662/1601 1665/665/1602 1666/664/1603 1663/663/1600 
s 2
f 1663/663/1600 1666/664/1603 1644/619/1581 1646/620/1583 
f 1666/664/1603 1667/666/1604 1642/618/1579 1644/619/1581 
s 16
f 1665/665/1602 1668/667/1605 1667/666/1604 1666/664/1603 
f 1668/668/1605 1669/671/1606 1670/670/1607 1667/669/1604 
s 2
f 1667/669/1604 1670/670/1607 1639/616/1576 1642/617/1579 
f 1670/670/1607 1581/672/1518 1640/615/1577 1639/616/1576 
s 16
f 1669/671/1606 1562/673/1499 1581/672/1518 1670/670/1607 
f 1668/25/1605 1671/25/1608 1672/675/1609 1669/674/1606 
f 1669/674/1606 1672/675/1609 1673/677/1610 1562/676/1499 
f 1672/675/1609 1617/584/1554 1616/29/1553 1673/677/1610 
f 1671/25/1608 1618/25/1555 1617/584/1554 1672/675/1609 
f 1664/29/1601 1674/29/1611 1675/70/1612 1665/70/1602 
f 1665/70/1602 1675/70/1612 1671/47/1608 1668/47/1605 
f 1675/70/1612 1619/585/1556 1618/47/1555 1671/47/1608 
f 1674/29/1611 1620/29/1557 1619/585/1556 1675/70/1612 
f 1660/5/1597 1676/5/1613 1677/57/1614 1661/57/1598 
f 1661/57/1598 1677/57/1614 1674/25/1611 1664/25/1601 
f 1677/57/1614 1621/586/1558 1620/25/1557 1674/25/1611 
f 1676/5/1613 1622/5/1559 1621/586/1558 1677/57/1614 
f 1656/29/1593 1678/29/1615 1679/70/1616 1657/70/1594 
f 1657/70/1594 1679/70/1616 1676/47/1613 1660/47/1597 
f 1679/70/1616 1623/587/1560 1622/47/1559 1676/47/1613 
f 1678/29/1615 1624/29/1561 1623/587/1560 1679/70/1616 
f 865/462/830 895/468/860 1680/459/1617 1653/459/1590 
f 1653/459/1590 1680/459/1617 1678/447/1615 1656/447/1593 
f 1680/459/1617 1625/588/1562 1624/447/1561 1678/447/1615 
f 895/468/860 826/589/791 1625/588/1562 1680/459/1617 
s 2
f 1572/511/1509 1578/522/1515 1636/613/1573 1637/557/1574 
f 1572/511/1509 1637/557/1574 1640/679/1577 1573/678/1510 
s 1
f 1616/29/1553 1615/583/1552 1681/681/1618 1682/680/1619 
s 2
f 1615/583/1552 899/683/864 898/682/863 1681/681/1618 
s 16
f 1562/500/1499 1673/684/1610 1560/499/1497 
f 1673/684/1610 1616/29/1553 1682/680/1619 1560/499/1497 
s 1
f 1576/685/1513 1683/687/1620 1684/686/1621 1685/686/1622 
s 16
f 1685/686/1622 1684/686/1621 1686/689/1623 1687/688/1624 
f 1684/686/1621 1688/691/1625 1689/690/1626 1686/689/1623 
s 1
f 1683/687/1620 1690/692/1627 1688/691/1625 1684/686/1621 
s 16
f 1687/688/1624 1686/689/1623 1691/694/1628 1692/693/1629 
f 1686/689/1623 1689/690/1626 1691/694/1628 
f 1692/693/1629 1691/694/1628 1693/695/1630 1694/695/1631 
f 1694/695/1631 1693/695/1630 1695/697/1632 1580/696/1517 
f 1693/695/1630 1689/690/1626 1695/697/1632 
f 1691/694/1628 1689/690/1626 1693/695/1630 
f 1580/696/1517 1695/697/1632 1696/699/1633 1569/698/1506 
f 1695/697/1632 1689/690/1626 1696/699/1633 
f 1569/698/1506 1696/699/1633 1697/700/1634 1566/700/1503 
s 4
f 1566/700/1503 1697/700/1634 1698/702/1635 1567/701/1504 
s 1
f 1697/700/1634 1688/691/1625 1690/692/1627 1698/702/1635 
s 16
f 1696/699/1633 1689/690/1626 1688/691/1625 1697/700/1634 
s 4
f 1567/701/1504 1698/702/1635 1699/703/1636 1579/703/1516 
f 1579/703/1516 1699/703/1636 917/704/882 769/704/734 
s 1
f 1699/703/1636 1700/706/1637 918/705/707 917/704/882 
f 1698/702/1635 1690/692/1627 1700/706/1637 1699/703/1636 
f 762/707/727 921/707/885 1701/708/1638 1574/708/1511 
f 1574/708/1511 1701/708/1638 1683/687/1620 1576/685/1513 
f 1701/708/1638 1700/706/1637 1690/692/1627 1683/687/1620 
f 921/707/885 918/705/707 1700/706/1637 1701/708/1638 
s 4
f 1559/498/1496 1558/497/1495 1568/507/1505 1585/709/1522 
s 2
f 1583/710/1520 1585/709/1522 1568/507/1505 1565/504/1502 
f 1573/512/1510 1582/711/1519 1583/710/1520 1565/504/1502 
f 1573/512/1510 1581/712/1518 1582/711/1519 
f 768/519/733 845/612/810 1636/613/1573 1578/522/1515 
f 1692/713/1629 1694/714/1631 1554/493/707 1557/494/1494 
f 1694/714/1631 1580/523/1517 1558/497/1495 1554/493/707 
s 8
f 1570/509/1507 1687/715/1624 1692/713/1629 1557/494/1494 
s 4
f 1576/518/1513 1685/716/1622 1563/502/1500 
f 1685/716/1622 1687/715/1624 1570/509/1507 1563/502/1500 
f 1576/518/1513 1563/502/1500 1560/499/1497 1577/517/1514 
f 1682/680/1619 1577/517/1514 1560/499/1497 
f 1681/681/1618 1575/717/1512 1577/517/1514 1682/680/1619 
f 898/682/863 763/718/728 1575/717/1512 1681/681/1618 
s 2
f 1267/162/1208 1270/163/1211 1271/165/1212 
f 1279/172/1220 1276/170/1217 1280/173/1221 
f 1573/678/1510 1640/679/1577 1581/672/1518 
f 1543/481/1481 1414/342/1353 1412/340/1352 
s 1
f 1411/336/1351 1410/333/1350 1547/480/1485 
f 1394/309/1334 1702/309/1639 1703/308/1640 1393/308/1333 
s 2
f 1395/312/1335 1704/312/1641 1702/309/1639 1394/309/1334 
s 1
f 1396/314/1336 1705/314/1642 1704/312/1641 1395/312/1335 
s 2
f 1397/316/1337 1706/316/1643 1705/314/1642 1396/314/1336 
s 1
f 1398/318/1338 1707/318/1644 1706/316/1643 1397/316/1337 
s 2
f 1399/320/1339 1708/320/1645 1707/318/1644 1398/318/1338 
s 1
f 1400/322/1340 1709/322/1646 1708/320/1645 1399/320/1339 
s 2
f 1401/324/1341 1710/324/1647 1709/322/1646 1400/322/1340 
s 1
f 1402/326/1342 1711/326/1648 1710/324/1647 1401/324/1341 
s 2
f 1393/92/1333 1703/92/1640 1711/326/1648 1402/326/1342 
s 1
f 1712/719/1649 1713/721/1650 1714/720/1651 
f 1715/722/1652 1713/721/1650 1712/719/1649 
f 1716/723/1653 1713/721/1650 1715/722/1652 
f 1717/724/1654 1713/721/1650 1716/723/1653 
f 1718/725/1655 1713/721/1650 1717/724/1654 
f 1719/726/1656 1713/721/1650 1718/725/1655 
f 1720/727/1657 1713/721/1650 1719/726/1656 
f 1721/728/1658 1713/721/1650 1720/727/1657 
f 1722/729/1659 1713/721/1650 1721/728/1658 
f 1714/730/1651 1713/721/1650 1722/729/1659 
s 4
f 1702/309/1639 1712/719/1649 1714/720/1651 1703/308/1640 
f 1704/312/1641 1715/722/1652 1712/719/1649 1702/309/1639 
f 1705/314/1642 1716/723/1653 1715/722/1652 1704/312/1641 
f 1706/316/1643 1717/724/1654 1716/723/1653 1705/314/1642 
f 1707/318/1644 1718/725/1655 1717/724/1654 1706/316/1643 
f 1708/320/1645 1719/726/1656 1718/725/1655 1707/318/1644 
f 1709/322/1646 1720/727/1657 1719/726/1656 1708/320/1645 
f 1710/324/1647 1721/728/1658 1720/727/1657 1709/322/1646 
f 1711/326/1648 1722/729/1659 1721/728/1658 1710/324/1647 
f 1703/92/1640 1714/730/1651 1722/729/1659 1711/326/1648 
s 1
f 827/590/792 943/731/907 1598/558/1535 1597/555/1534 
f 943/731/907 899/683/864 1615/583/1552 1598/558/1535 
f 1723/732/1660 1724/733/1661 1725/734/1662 1726/735/1663 
f 1727/736/1664 1728/57/1665 1726/735/1663 1725/734/1662 
f 1729/737/1666 1730/738/1667 1731/739/1668 1732/740/1669 
f 1733/741/4 1734/742/1670 1735/743/1671 1736/744/1672 
f 1728/745/1665 1737/746/1673 1738/747/1674 1726/748/1663 
f 1739/749/1675 1723/750/1660 1740/751/1676 
f 1740/751/1676 1723/750/1660 1726/748/1663 1738/747/1674 
f 1730/752/1667 1729/753/1666 1741/754/1677 1742/755/1678 
f 1742/755/1678 1741/754/1677 1743/756/1679 1744/757/1680 
f 1744/757/1680 1743/756/1679 1745/758/1681 1746/759/1682 
f 1746/759/1682 1745/758/1681 1747/760/1683 1739/761/1675 
f 1739/761/1675 1747/760/1683 1748/762/1684 1723/732/1660 
f 1748/762/1684 1724/733/1661 1723/732/1660 
f 1749/763/1685 1750/764/1686 1751/765/1687 1752/766/1688 
f 1750/764/1686 1753/767/1689 1754/768/1690 1751/765/1687 
f 1755/746/1691 1756/746/1692 1757/769/1693 1758/769/1694 
f 1756/746/1692 1759/770/1695 1760/769/1696 1757/769/1693 
f 1758/769/1694 1757/769/1693 1761/771/1697 1762/771/1698 
f 1757/769/1693 1760/769/1696 1763/771/1699 1761/771/1697 
f 1761/771/1697 1763/771/1699 1764/772/1700 1765/772/1701 
f 1762/771/1698 1761/771/1697 1765/772/1701 1766/772/1702 
f 1766/772/1702 1765/772/1701 1767/773/1703 1768/773/1704 
f 1765/772/1701 1764/772/1700 1769/773/1705 1767/773/1703 
f 1768/773/1704 1767/773/1703 1770/774/1706 1771/774/1707 
f 1767/773/1703 1769/773/1705 1772/774/1708 1770/774/1706 
f 1770/774/1706 1772/774/1708 1773/775/1709 1774/775/1710 
f 1771/774/1707 1770/774/1706 1774/775/1710 1775/775/1711 
f 1774/775/1710 1773/775/1709 1753/767/1689 1750/764/1686 
f 1775/775/1711 1774/775/1710 1750/764/1686 1749/763/1685 
f 1776/776/1712 1777/777/1713 1778/778/1714 1731/739/1668 
f 1779/746/1715 1780/746/1716 1781/769/1717 1782/769/1718 
f 1782/769/1718 1781/769/1717 1783/771/1719 1784/771/1720 
f 1784/771/1720 1783/771/1719 1785/772/1721 1786/772/1722 
f 1786/772/1722 1785/772/1721 1787/773/1723 1788/773/1724 
f 1788/773/1724 1787/773/1723 1789/774/1725 1790/774/1726 
f 1790/774/1726 1789/774/1725 1791/775/1727 1792/775/1728 
f 1792/775/1728 1791/775/1727 1777/777/1713 1776/776/1712 
f 1730/738/1667 1776/776/1712 1731/739/1668 
f 1737/746/1673 1779/746/1715 1782/769/1718 1738/747/1674 
f 1738/747/1674 1782/769/1718 1784/771/1720 1740/751/1676 
f 1740/751/1676 1784/771/1720 1786/772/1722 1739/749/1675 
f 1739/749/1675 1786/772/1722 1788/773/1724 1746/773/1682 
f 1746/773/1682 1788/773/1724 1790/774/1726 1744/774/1680 
f 1744/774/1680 1790/774/1726 1792/775/1728 1742/775/1678 
f 1742/775/1678 1792/775/1728 1776/776/1712 1730/738/1667 
f 1791/775/1727 1775/775/1711 1793/779/1729 
f 1791/775/1727 1793/779/1729 1777/777/1713 
f 1787/773/1723 1768/773/1704 1771/774/1707 1789/774/1725 
f 1789/774/1725 1771/774/1707 1775/775/1711 1791/775/1727 
f 1785/772/1721 1766/772/1702 1768/773/1704 1787/773/1723 
f 1781/769/1717 1758/769/1694 1762/771/1698 1783/771/1719 
f 1783/771/1719 1762/771/1698 1766/772/1702 1785/772/1721 
f 1780/746/1716 1755/746/1691 1758/769/1694 1781/769/1717 
f 1793/779/1729 1749/763/1685 1752/766/1688 1794/780/1730 
f 1775/775/1711 1749/763/1685 1793/779/1729 
f 1778/778/1714 1777/777/1713 1793/779/1729 1794/780/1730 
f 1795/781/4 1733/741/4 1736/744/1672 1796/782/1731 
f 1797/783/1732 1795/781/4 1796/782/1731 1798/784/1733 
f 1799/785/1734 1800/786/1735 1801/787/1736 1802/788/1737 
f 1800/786/1735 1803/789/1738 1804/790/1739 1801/787/1736 
f 1805/791/1740 1806/792/1741 1807/793/1742 1808/794/1743 
f 1806/792/1741 1809/795/1744 1810/796/1745 1807/793/1742 
f 1808/794/1743 1807/793/1742 1811/797/1746 1812/798/1747 
f 1807/793/1742 1810/796/1745 1813/799/1748 1811/797/1746 
f 1811/797/1746 1813/799/1748 1814/800/1749 1815/801/1750 
f 1812/798/1747 1811/797/1746 1815/801/1750 1816/802/1751 
f 1815/801/1750 1814/800/1749 1817/803/1752 1818/804/1753 
f 1816/802/1751 1815/801/1750 1818/804/1753 1819/805/1754 
f 1819/805/1754 1818/804/1753 1820/806/1755 1821/807/1756 
f 1818/804/1753 1817/803/1752 1822/808/1757 1820/806/1755 
f 1820/806/1755 1822/808/1757 1802/788/1737 1801/787/1736 
f 1821/807/1756 1820/806/1755 1801/787/1736 1804/790/1739 
f 1805/791/1740 1808/794/1743 1736/744/1672 1735/743/1671 
f 1808/794/1743 1812/798/1747 1796/782/1731 1736/744/1672 
f 1812/798/1747 1816/802/1751 1798/784/1733 1796/782/1731 
f 1816/802/1751 1819/805/1754 1821/807/1756 1798/784/1733 
f 1798/784/1733 1821/807/1756 1804/790/1739 
f 1803/789/1738 1797/783/1732 1798/784/1733 1804/790/1739 
f 1773/775/1709 1810/796/1745 1809/795/1744 1823/809/1758 
f 1773/775/1709 1823/809/1758 1753/767/1689 
f 1769/773/1705 1814/800/1749 1813/799/1748 1772/774/1708 
f 1772/774/1708 1813/799/1748 1810/796/1745 1773/775/1709 
f 1760/769/1696 1802/788/1737 1822/808/1757 1763/771/1699 
f 1763/771/1699 1822/808/1757 1817/803/1752 1764/772/1700 
f 1764/772/1700 1817/803/1752 1814/800/1749 1769/773/1705 
f 1759/770/1695 1799/785/1734 1802/788/1737 1760/769/1696 
f 1824/810/1759 1825/811/1760 1826/812/1761 1827/813/1762 
f 1825/811/1760 1828/814/1763 1829/815/1764 1826/812/1761 
f 1830/816/1765 1831/817/1766 1832/818/1767 1833/819/1768 
f 1831/817/1766 1834/820/1769 1835/821/1770 1832/818/1767 
f 1832/818/1767 1835/821/1770 1836/822/1771 1837/823/1772 
f 1833/819/1768 1832/818/1767 1837/823/1772 1838/824/1773 
f 1838/825/1773 1837/826/1772 1839/827/1774 1840/828/1775 
f 1837/826/1772 1836/822/1771 1841/829/1776 1839/827/1774 
f 1839/827/1774 1841/829/1776 1842/830/1777 1843/831/1778 
f 1840/828/1775 1839/827/1774 1843/831/1778 1844/832/1779 
f 1844/833/1779 1843/834/1778 1845/835/1780 1846/836/1781 
f 1843/834/1778 1842/830/1777 1847/837/1782 1845/835/1780 
f 1845/835/1780 1847/837/1782 1848/838/1783 1849/839/1784 
f 1846/836/1781 1845/835/1780 1849/839/1784 1850/840/1785 
f 1851/841/1786 1852/842/1787 1853/843/1788 1854/844/1789 
f 1852/842/1787 1855/845/1790 1856/846/1791 1853/843/1788 
f 1853/843/1788 1856/846/1791 1857/847/1792 1858/848/1793 
f 1854/844/1789 1853/843/1788 1858/848/1793 1859/849/1794 
f 1855/850/1790 1852/851/1787 1860/852/1795 1861/853/1796 
f 1852/851/1787 1851/854/1786 1862/855/1797 1860/852/1795 
f 1860/852/1795 1862/855/1797 1863/856/1798 1864/857/1799 
f 1861/853/1796 1860/852/1795 1864/857/1799 1865/858/1800 
f 1866/859/1801 1867/860/1802 1868/861/1803 1869/862/1804 
f 1867/860/1802 1870/863/1805 1871/864/1806 1868/861/1803 
f 1868/861/1803 1871/864/1806 1850/865/1785 1849/866/1784 
f 1869/862/1804 1868/861/1803 1849/866/1784 1848/838/1783 
f 1870/867/1805 1867/868/1802 1872/869/1807 1873/870/1808 
f 1867/868/1802 1866/859/1801 1874/871/1809 1872/869/1807 
f 1872/869/1807 1874/871/1809 1859/849/1794 1858/872/1793 
f 1873/870/1808 1872/869/1807 1858/872/1793 1857/873/1792 
f 1836/822/1771 1835/821/1770 1875/874/1810 
f 1835/821/1770 1834/820/1769 1876/875/1811 1875/874/1810 
f 1877/876/1812 1842/830/1777 1841/829/1776 
f 1877/876/1812 1841/829/1776 1836/822/1771 1875/874/1810 
f 1724/733/1661 1877/876/1812 1875/874/1810 1725/734/1662 
f 1851/854/1786 1878/877/1813 1879/878/1814 1862/855/1797 
f 1878/877/1813 1729/737/1666 1732/740/1669 1879/878/1814 
f 1862/855/1797 1879/878/1814 1863/856/1798 
f 1741/754/1677 1880/879/1815 1881/880/1816 1743/756/1679 
f 1880/879/1815 1859/849/1794 1874/871/1809 1881/880/1816 
f 1881/880/1816 1874/871/1809 1866/859/1801 1882/881/1817 
f 1743/756/1679 1881/880/1816 1882/881/1817 1745/758/1681 
f 1729/753/1666 1878/882/1813 1880/879/1815 1741/754/1677 
f 1878/882/1813 1851/841/1786 1854/844/1789 1880/879/1815 
f 1854/844/1789 1859/849/1794 1880/879/1815 
f 1747/760/1683 1883/883/1818 1884/884/1819 1748/762/1684 
f 1883/883/1818 1848/838/1783 1847/837/1782 1884/884/1819 
f 1884/884/1819 1847/837/1782 1842/830/1777 1877/876/1812 
f 1748/762/1684 1884/884/1819 1877/876/1812 1724/733/1661 
f 1882/881/1817 1866/859/1801 1869/862/1804 
f 1882/881/1817 1869/862/1804 1848/838/1783 1883/883/1818 
f 1745/758/1681 1882/881/1817 1883/883/1818 1747/760/1683 
f 1830/885/1765 1833/886/1768 1885/887/1820 1886/888/1821 
f 1833/886/1768 1838/889/1773 1885/887/1820 
f 1886/888/1821 1885/887/1820 1887/63/1822 1888/29/1823 
f 1838/890/1773 1840/891/1775 1889/892/1824 1885/893/1820 
f 1840/891/1775 1844/894/1779 1889/892/1824 
f 1885/893/1820 1889/892/1824 1890/63/1825 1887/29/1822 
f 1855/895/1790 1861/896/1796 1891/897/1826 
f 1861/896/1796 1865/898/1800 1826/899/1761 1891/897/1826 
f 1891/897/1826 1826/899/1761 1829/47/1764 1892/450/1827 
f 1870/900/1805 1873/901/1808 1893/902/1828 
f 1873/901/1808 1857/903/1792 1894/904/1829 1893/902/1828 
f 1893/902/1828 1894/904/1829 1895/47/1830 1896/450/1831 
f 1857/905/1792 1856/906/1791 1894/907/1829 
f 1856/906/1791 1855/908/1790 1891/909/1826 1894/907/1829 
f 1894/907/1829 1891/909/1826 1892/47/1827 1895/450/1830 
f 1844/910/1779 1846/911/1781 1897/912/1832 1889/913/1824 
f 1846/911/1781 1850/914/1785 1897/912/1832 
f 1889/913/1824 1897/912/1832 1898/63/1833 1890/29/1825 
f 1850/915/1785 1871/916/1806 1893/917/1828 1897/918/1832 
f 1871/916/1806 1870/919/1805 1893/917/1828 
f 1897/918/1832 1893/917/1828 1896/63/1831 1898/29/1833 
f 1865/920/1800 1827/813/1762 1826/812/1761 
f 1888/25/1823 1887/89/1822 1899/921/1834 1900/26/1835 
f 1900/26/1835 1899/921/1834 1901/63/1836 1902/29/1837 
f 1887/25/1822 1890/89/1825 1899/922/1834 
f 1892/923/1827 1829/5/1764 1903/58/1838 1904/924/1839 
f 1904/925/1839 1903/926/1838 1905/927/1840 1906/928/1841 
f 1896/923/1831 1895/5/1830 1904/58/1839 1907/924/1842 
f 1907/929/1842 1904/930/1839 1908/923/1843 
f 1895/923/1830 1892/5/1827 1904/931/1839 
f 1890/25/1825 1898/89/1833 1907/921/1842 1899/26/1834 
f 1899/26/1834 1907/921/1842 1908/63/1843 1901/29/1836 
f 1898/25/1833 1896/89/1831 1907/922/1842 
f 1829/923/1764 1828/5/1763 1909/58/1844 1903/924/1838 
f 1910/932/1845 1911/933/1846 1912/934/1847 1913/935/1848 
f 1913/936/1848 1912/937/1847 1914/938/1849 1915/939/1850 
f 1905/927/1840 1916/940/1851 1917/941/1852 1906/928/1841 
f 1905/942/1840 1903/943/1838 1909/944/1844 1918/945/1853 
f 1916/946/1851 1905/942/1840 1918/945/1853 1919/947/1854 
f 1906/948/1841 1917/949/1852 1915/950/1850 1914/951/1849 
f 1902/25/1837 1901/89/1836 1912/934/1847 1911/933/1846 
f 1901/25/1836 1908/89/1843 1914/938/1849 1912/937/1847 
f 1919/29/1854 1920/29/1855 1921/29/1856 1916/29/1851 
f 1920/29/1855 1922/29/1857 1921/29/1856 
f 1916/29/1851 1921/29/1856 1917/29/1852 
f 1921/29/1856 1915/29/1850 1917/29/1852 
f 1921/29/1856 1922/29/1857 1915/29/1850 
f 1915/29/1850 1922/29/1857 1913/29/1848 
f 1922/29/1857 1910/29/1845 1913/29/1848 
f 1904/930/1839 1906/948/1841 1914/951/1849 1908/923/1843 
f 1875/874/1810 1876/875/1811 1727/736/1664 
f 1875/874/1810 1727/736/1664 1725/734/1662 
f 1753/767/1689 1923/952/1858 1754/768/1690 
f 1924/953/1859 1925/954/1860 1926/955/1861 1927/956/1862 
f 1928/957/1863 1926/955/1861 1929/958/1864 
f 1929/958/1864 1926/955/1861 1925/954/1860 
f 1930/959/1865 1931/960/1866 1932/961/1867 1933/962/1868 
f 1933/963/1868 1932/964/1867 1934/965/1869 1935/966/1870 
f 1936/25/1871 1937/967/1872 1938/968/1873 1939/57/1874 
f 1938/968/1873 1940/969/1875 1941/5/1876 1939/57/1874 
f 1942/970/1877 1937/971/1872 1936/5/1871 1935/923/1870 
f 1943/972/1878 1942/973/1877 1935/5/1870 1934/974/1869 
f 1932/961/1867 1931/960/1866 1927/956/1862 1926/955/1861 
f 1934/965/1869 1932/964/1867 1926/955/1861 1928/957/1863 
f 1928/25/1863 1944/975/1879 1943/972/1878 1934/974/1869 
f 1945/976/1880 1946/977/1881 1947/978/1882 1948/979/1883 
f 1946/977/1881 1949/980/1884 1950/981/1885 1947/978/1882 
f 1948/979/1883 1947/978/1882 1951/982/1886 1952/983/1887 
f 1947/978/1882 1950/981/1885 1953/984/1888 1951/982/1886 
f 1951/982/1886 1953/984/1888 1954/985/1889 1955/986/1890 
f 1952/983/1887 1951/982/1886 1955/986/1890 1956/987/1891 
f 1956/987/1891 1955/986/1890 1957/988/1892 1958/989/1893 
f 1955/986/1890 1954/985/1889 1959/990/1894 1957/988/1892 
f 1950/981/1885 1949/980/1884 1960/991/1895 1961/992/1896 
f 1960/991/1895 1944/993/1879 1928/957/1863 1961/992/1896 
f 1956/987/1891 1958/989/1893 1962/994/1897 1963/995/1898 
f 1959/990/1894 1954/985/1889 1964/996/1899 1965/997/1900 
f 1965/997/1900 1964/996/1899 1925/954/1860 1924/953/1859 
f 1966/742/1670 1967/977/1901 1963/995/1898 1968/998/1902 
f 1967/977/1901 1945/976/1880 1948/979/1883 1963/995/1898 
f 1948/979/1883 1952/983/1887 1963/995/1898 
f 1952/983/1887 1956/987/1891 1963/995/1898 
f 1925/954/1860 1964/996/1899 1969/999/1903 1929/958/1864 
f 1964/996/1899 1954/985/1889 1953/984/1888 1969/999/1903 
f 1969/999/1903 1953/984/1888 1950/981/1885 1961/992/1896 
f 1929/958/1864 1969/999/1903 1961/992/1896 1928/957/1863 
f 1970/1000/1904 1971/1001/1905 1972/1002/1906 1973/1003/1907 
f 1940/1004/1875 1974/1005/1908 1975/1006/1909 1941/5/1876 
f 1974/1005/1908 1970/1000/1904 1973/1003/1907 1975/1006/1909 
f 1976/1007/1910 1968/998/1902 1963/995/1898 1962/994/1897 
f 1931/960/1866 1930/959/1865 1977/959/1911 1978/960/1912 
f 1927/956/1862 1931/960/1866 1978/960/1912 1979/956/1913 
f 1936/25/1871 1939/57/1874 1980/57/1914 1981/25/1915 
f 1939/57/1874 1941/5/1876 1982/5/1916 1980/57/1914 
f 1973/1003/1907 1972/1002/1906 1983/1002/1917 1984/1003/1918 
f 1941/5/1876 1975/1006/1909 1985/1006/1919 1982/5/1916 
f 1975/1006/1909 1973/1003/1907 1984/1003/1918 1985/1006/1919 
f 1986/1002/1920 1987/1002/1921 1988/1002/68 1989/1002/68 
f 1936/25/1871 1981/25/1915 1933/25/1868 1935/25/1870 
f 1990/57/1922 1991/57/1922 1992/25/1923 1993/25/1923 
f 1994/5/1924 1995/5/1924 1991/57/1922 1990/57/1922 
f 1996/1002/1917 1997/1002/1917 1998/1003/1925 1999/1003/1925 
f 2000/1006/1919 2001/1006/1919 1995/5/1924 1994/5/1924 
f 1999/1003/1925 1998/1003/1925 2001/1006/1919 2000/1006/1919 
f 1996/1002/1917 1983/1002/1917 2002/1002/68 2003/1002/68 
f 1993/25/1923 1992/25/1923 1977/25/1911 1930/25/1865 
f 1980/57/1914 1990/57/1922 1993/25/1923 1981/25/1915 
f 1982/5/1916 1994/5/1924 1990/57/1922 1980/57/1914 
f 1983/1002/1917 1996/1002/1917 1999/1003/1925 1984/1003/1918 
f 1985/1006/1919 2000/1006/1919 1994/5/1924 1982/5/1916 
f 1984/1003/1918 1999/1003/1925 2000/1006/1919 1985/1006/1919 
f 1981/25/1915 1993/25/1923 1930/25/1865 1933/25/1868 
f 1983/1002/1917 1972/1002/1906 1971/1002/1905 2002/1002/68 
f 1924/953/1859 1927/956/1862 1979/956/1913 2004/953/1926 
f 1957/988/1892 1959/990/1894 2005/990/1927 2006/988/1928 
f 1959/990/1894 1965/997/1900 2007/1008/1929 2005/990/1927 
f 1965/997/1900 1924/953/1859 2004/953/1926 2007/1008/1929 
f 1977/959/1911 2008/959/1911 2009/960/1930 1978/960/1912 
f 1978/960/1912 2009/960/1930 2010/956/1931 1979/956/1913 
f 1997/1002/1917 1996/1002/1917 2003/1002/68 2011/1002/68 
f 1991/57/1922 2012/57/1922 2013/25/1923 1992/25/1923 
f 1995/5/1924 2014/5/1932 2012/57/1922 1991/57/1922 
f 1997/1002/1917 1987/1002/1921 2015/1003/1933 1998/1003/1925 
f 2001/1006/1919 2016/1006/1934 2014/5/1932 1995/5/1924 
f 1998/1003/1925 2015/1003/1933 2016/1006/1934 2001/1006/1919 
f 1992/25/1923 2013/25/1923 2008/25/1911 1977/25/1911 
f 1979/956/1913 2010/956/1931 2017/953/1935 2004/953/1926 
f 2005/990/1927 2018/990/1936 2019/988/1937 2006/988/1928 
f 2007/1008/1929 2020/1008/1938 2018/990/1936 2005/990/1927 
f 2004/953/1926 2017/953/1935 2020/1008/1938 2007/1008/1929 
f 2006/988/1928 1962/994/1897 1958/989/1893 1957/988/1892 
f 1987/1002/1921 1997/1002/1917 2011/1002/68 1988/1002/68 
f 2008/959/1911 2021/959/1939 2022/960/1940 2009/960/1930 
f 2009/960/1930 2022/960/1940 2023/956/1941 2010/956/1931 
f 2012/57/1922 2024/57/1942 2025/25/1943 2013/25/1923 
f 2014/5/1932 2026/5/1944 2024/57/1942 2012/57/1922 
f 1987/1002/1921 1986/1002/1920 2027/1003/1945 2015/1003/1933 
f 2028/1009/1946 2026/5/1944 2014/5/1932 
f 2015/1003/1933 2029/1010/1947 2030/1006/1948 2016/1006/1934 
f 2013/25/1923 2025/25/1943 2021/25/1939 2008/25/1911 
f 2010/956/1931 2023/956/1941 2017/953/1935 
f 2018/990/1936 1809/990/1744 1806/988/1741 2019/988/1937 
f 2020/1008/1938 1823/997/1758 1809/990/1744 2018/990/1936 
f 2017/953/1935 1923/953/1858 1823/997/1758 2020/1008/1938 
f 2006/988/1928 2019/988/1937 1976/1007/1910 1962/994/1897 
f 1966/742/1670 1968/998/1902 1735/998/1671 1734/742/1670 
f 1968/998/1902 1976/1007/1910 1805/1007/1740 1735/998/1671 
f 1976/1007/1910 2019/988/1937 1806/988/1741 1805/1007/1740 
f 1824/810/1759 1827/813/1762 1986/1002/1920 1989/1002/68 
f 1827/813/1762 1865/920/1800 1864/857/1799 1986/1002/1920 
f 1864/857/1799 1863/856/1798 2027/856/1945 1986/857/1920 
f 2015/1003/1933 2027/1003/1945 2029/1010/1947 
f 1863/856/1798 1879/878/1814 2029/1010/1947 2027/856/1945 
f 2030/1006/1948 2029/1010/1947 1879/878/1814 1732/740/1669 
f 2014/5/1932 2016/1006/1934 2030/1006/1948 2028/1009/1946 
f 1732/740/1669 1731/739/1668 2028/1009/1946 2030/1006/1948 
f 2026/5/1944 2028/1009/1946 1731/739/1668 1778/778/1714 
f 1778/778/1714 1794/780/1730 2024/57/1942 2026/5/1944 
f 2025/25/1943 2024/57/1942 1794/780/1730 1752/766/1688 
f 2021/25/1939 2025/25/1943 1752/766/1688 
f 1752/766/1688 1751/765/1687 2022/960/1940 2021/25/1939 
f 2023/956/1941 2022/960/1940 1751/765/1687 1754/768/1690 
f 1754/768/1690 1923/952/1858 2023/956/1941 
f 1753/767/1689 1823/809/1758 1923/953/1858 
f 2023/956/1941 1923/953/1858 2017/953/1935 
f 2031/732/1949 2032/735/1950 2033/734/1951 2034/733/1952 
f 1727/736/1664 2033/734/1951 2032/735/1950 1728/57/1665 
f 2035/737/1953 2036/740/1954 2037/739/1955 2038/738/1956 
f 1733/741/4 2039/744/1957 2040/743/1958 1734/742/1670 
f 1728/745/1665 2032/748/1950 2041/747/1959 1737/746/1673 
f 2042/749/1960 2043/751/1961 2031/750/1949 
f 2043/751/1961 2041/747/1959 2032/748/1950 2031/750/1949 
f 2038/752/1956 2044/755/1962 2045/754/1963 2035/753/1953 
f 2044/755/1962 2046/757/1964 2047/756/1965 2045/754/1963 
f 2046/757/1964 2048/759/1966 2049/758/1967 2047/756/1965 
f 2048/759/1966 2042/761/1960 2050/760/1968 2049/758/1967 
f 2042/761/1960 2031/732/1949 2051/762/1969 2050/760/1968 
f 2051/762/1969 2031/732/1949 2034/733/1952 
f 2052/763/1970 2053/766/1971 2054/765/1972 2055/764/1973 
f 2055/764/1973 2054/765/1972 2056/768/1974 2057/767/1975 
f 1755/746/1691 2058/769/1976 2059/769/1977 1756/746/1692 
f 1756/746/1692 2059/769/1977 2060/769/1978 1759/770/1695 
f 2058/769/1976 2061/771/1979 2062/771/1980 2059/769/1977 
f 2059/769/1977 2062/771/1980 2063/771/1981 2060/769/1978 
f 2062/771/1980 2064/772/1982 2065/772/1983 2063/771/1981 
f 2061/771/1979 2066/772/1984 2064/772/1982 2062/771/1980 
f 2066/772/1984 2067/773/1985 2068/773/1986 2064/772/1982 
f 2064/772/1982 2068/773/1986 2069/773/1987 2065/772/1983 
f 2067/773/1985 2070/774/1988 2071/774/1989 2068/773/1986 
f 2068/773/1986 2071/774/1989 2072/774/1990 2069/773/1987 
f 2071/774/1989 2073/775/1991 2074/775/1992 2072/774/1990 
f 2070/774/1988 2075/775/1993 2073/775/1991 2071/774/1989 
f 2073/775/1991 2055/764/1973 2057/767/1975 2074/775/1992 
f 2075/775/1993 2052/763/1970 2055/764/1973 2073/775/1991 
f 2076/776/1994 2037/739/1955 2077/778/1995 2078/777/1996 
f 1779/746/1715 2079/769/1997 2080/769/1998 1780/746/1716 
f 2079/769/1997 2081/771/1999 2082/771/2000 2080/769/1998 
f 2081/771/1999 2083/772/2001 2084/772/2002 2082/771/2000 
f 2083/772/2001 2085/773/2003 2086/773/2004 2084/772/2002 
f 2085/773/2003 2087/774/2005 2088/774/2006 2086/773/2004 
f 2087/774/2005 2089/775/2007 2090/775/2008 2088/774/2006 
f 2089/775/2007 2076/776/1994 2078/777/1996 2090/775/2008 
f 2038/738/1956 2037/739/1955 2076/776/1994 
f 1737/746/1673 2041/747/1959 2079/769/1997 1779/746/1715 
f 2041/747/1959 2043/751/1961 2081/771/1999 2079/769/1997 
f 2043/751/1961 2042/749/1960 2083/772/2001 2081/771/1999 
f 2042/749/1960 2048/773/1966 2085/773/2003 2083/772/2001 
f 2048/773/1966 2046/774/1964 2087/774/2005 2085/773/2003 
f 2046/774/1964 2044/775/1962 2089/775/2007 2087/774/2005 
f 2044/775/1962 2038/738/1956 2076/776/1994 2089/775/2007 
f 2090/775/2008 2091/779/2009 2075/775/1993 
f 2090/775/2008 2078/777/1996 2091/779/2009 
f 2086/773/2004 2088/774/2006 2070/774/1988 2067/773/1985 
f 2088/774/2006 2090/775/2008 2075/775/1993 2070/774/1988 
f 2084/772/2002 2086/773/2004 2067/773/1985 2066/772/1984 
f 2080/769/1998 2082/771/2000 2061/771/1979 2058/769/1976 
f 2082/771/2000 2084/772/2002 2066/772/1984 2061/771/1979 
f 1780/746/1716 2080/769/1998 2058/769/1976 1755/746/1691 
f 2091/779/2009 2092/780/2010 2053/766/1971 2052/763/1970 
f 2075/775/1993 2091/779/2009 2052/763/1970 
f 2077/778/1995 2092/780/2010 2091/779/2009 2078/777/1996 
f 1795/781/4 2093/782/2011 2039/744/1957 1733/741/4 
f 1797/783/1732 2094/784/2012 2093/782/2011 1795/781/4 
f 1799/785/1734 2095/788/2013 2096/787/2014 1800/786/1735 
f 1800/786/1735 2096/787/2014 2097/790/2015 1803/789/1738 
f 2098/791/2016 2099/794/2017 2100/793/2018 2101/792/2019 
f 2101/792/2019 2100/793/2018 2102/796/2020 2103/795/2021 
f 2099/794/2017 2104/798/2022 2105/797/2023 2100/793/2018 
f 2100/793/2018 2105/797/2023 2106/799/2024 2102/796/2020 
f 2105/797/2023 2107/801/2025 2108/800/2026 2106/799/2024 
f 2104/798/2022 2109/802/2027 2107/801/2025 2105/797/2023 
f 2107/801/2025 2110/804/2028 2111/803/2029 2108/800/2026 
f 2109/802/2027 2112/805/2030 2110/804/2028 2107/801/2025 
f 2112/805/2030 2113/807/2031 2114/806/2032 2110/804/2028 
f 2110/804/2028 2114/806/2032 2115/808/2033 2111/803/2029 
f 2114/806/2032 2096/787/2014 2095/788/2013 2115/808/2033 
f 2113/807/2031 2097/790/2015 2096/787/2014 2114/806/2032 
f 2098/791/2016 2040/743/1958 2039/744/1957 2099/794/2017 
f 2099/794/2017 2039/744/1957 2093/782/2011 2104/798/2022 
f 2104/798/2022 2093/782/2011 2094/784/2012 2109/802/2027 
f 2109/802/2027 2094/784/2012 2113/807/2031 2112/805/2030 
f 2094/784/2012 2097/790/2015 2113/807/2031 
f 1803/789/1738 2097/790/2015 2094/784/2012 1797/783/1732 
f 2074/775/1992 2116/809/2034 2103/795/2021 2102/796/2020 
f 2074/775/1992 2057/767/1975 2116/809/2034 
f 2069/773/1987 2072/774/1990 2106/799/2024 2108/800/2026 
f 2072/774/1990 2074/775/1992 2102/796/2020 2106/799/2024 
f 2060/769/1978 2063/771/1981 2115/808/2033 2095/788/2013 
f 2063/771/1981 2065/772/1983 2111/803/2029 2115/808/2033 
f 2065/772/1983 2069/773/1987 2108/800/2026 2111/803/2029 
f 1759/770/1695 2060/769/1978 2095/788/2013 1799/785/1734 
f 1824/810/1759 2117/813/2035 2118/812/2036 1825/811/1760 
f 1825/811/1760 2118/812/2036 2119/815/2037 1828/814/1763 
f 1830/816/1765 2120/819/2038 2121/818/2039 1831/817/1766 
f 1831/817/1766 2121/818/2039 2122/821/2040 1834/820/1769 
f 2121/818/2039 2123/823/2041 2124/822/2042 2122/821/2040 
f 2120/819/2038 2125/824/2043 2123/823/2041 2121/818/2039 
f 2125/825/2043 2126/828/2044 2127/827/2045 2123/826/2041 
f 2123/826/2041 2127/827/2045 2128/829/2046 2124/822/2042 
f 2127/827/2045 2129/831/2047 2130/830/2048 2128/829/2046 
f 2126/828/2044 2131/832/2049 2129/831/2047 2127/827/2045 
f 2131/833/2049 2132/836/2050 2133/835/2051 2129/834/2047 
f 2129/834/2047 2133/835/2051 2134/837/2052 2130/830/2048 
f 2133/835/2051 2135/839/2053 2136/838/2054 2134/837/2052 
f 2132/836/2050 2137/840/2055 2135/839/2053 2133/835/2051 
f 2138/841/2056 2139/844/2057 2140/843/2058 2141/842/2059 
f 2141/842/2059 2140/843/2058 2142/846/2060 2143/845/2061 
f 2140/843/2058 2144/848/2062 2145/847/2063 2142/846/2060 
f 2139/844/2057 2146/849/2064 2144/848/2062 2140/843/2058 
f 2143/850/2061 2147/853/2065 2148/852/2066 2141/851/2059 
f 2141/851/2059 2148/852/2066 2149/855/2067 2138/854/2056 
f 2148/852/2066 2150/857/2068 2151/856/2069 2149/855/2067 
f 2147/853/2065 2152/858/2070 2150/857/2068 2148/852/2066 
f 2153/859/2071 2154/862/2072 2155/861/2073 2156/860/2074 
f 2156/860/2074 2155/861/2073 2157/864/2075 2158/863/2076 
f 2155/861/2073 2135/866/2053 2137/865/2055 2157/864/2075 
f 2154/862/2072 2136/838/2054 2135/866/2053 2155/861/2073 
f 2158/867/2076 2159/870/2077 2160/869/2078 2156/868/2074 
f 2156/868/2074 2160/869/2078 2161/871/2079 2153/859/2071 
f 2160/869/2078 2144/872/2062 2146/849/2064 2161/871/2079 
f 2159/870/2077 2145/873/2063 2144/872/2062 2160/869/2078 
f 2124/822/2042 2162/874/2080 2122/821/2040 
f 2122/821/2040 2162/874/2080 1876/875/1811 1834/820/1769 
f 2163/876/2081 2128/829/2046 2130/830/2048 
f 2163/876/2081 2162/874/2080 2124/822/2042 2128/829/2046 
f 2034/733/1952 2033/734/1951 2162/874/2080 2163/876/2081 
f 2138/854/2056 2149/855/2067 2164/878/2082 2165/877/2083 
f 2165/877/2083 2164/878/2082 2036/740/1954 2035/737/1953 
f 2149/855/2067 2151/856/2069 2164/878/2082 
f 2045/754/1963 2047/756/1965 2166/880/2084 2167/879/2085 
f 2167/879/2085 2166/880/2084 2161/871/2079 2146/849/2064 
f 2166/880/2084 2168/881/2086 2153/859/2071 2161/871/2079 
f 2047/756/1965 2049/758/1967 2168/881/2086 2166/880/2084 
f 2035/753/1953 2045/754/1963 2167/879/2085 2165/882/2083 
f 2165/882/2083 2167/879/2085 2139/844/2057 2138/841/2056 
f 2139/844/2057 2167/879/2085 2146/849/2064 
f 2050/760/1968 2051/762/1969 2169/884/2087 2170/883/2088 
f 2170/883/2088 2169/884/2087 2134/837/2052 2136/838/2054 
f 2169/884/2087 2163/876/2081 2130/830/2048 2134/837/2052 
f 2051/762/1969 2034/733/1952 2163/876/2081 2169/884/2087 
f 2168/881/2086 2154/862/2072 2153/859/2071 
f 2168/881/2086 2170/883/2088 2136/838/2054 2154/862/2072 
f 2049/758/1967 2050/760/1968 2170/883/2088 2168/881/2086 
f 1830/885/1765 1886/888/1821 2171/887/2089 2120/886/2038 
f 2120/886/2038 2171/887/2089 2125/889/2043 
f 1886/888/1821 1888/29/1823 2172/63/2090 2171/887/2089 
f 2125/890/2043 2171/893/2089 2173/892/2091 2126/891/2044 
f 2126/891/2044 2173/892/2091 2131/894/2049 
f 2171/893/2089 2172/29/2090 2174/63/2092 2173/892/2091 
f 2143/895/2061 2175/897/2093 2147/896/2065 
f 2147/896/2065 2175/897/2093 2118/899/2036 2152/898/2070 
f 2175/897/2093 2176/450/2094 2119/47/2037 2118/899/2036 
f 2158/900/2076 2177/902/2095 2159/901/2077 
f 2159/901/2077 2177/902/2095 2178/904/2096 2145/903/2063 
f 2177/902/2095 2179/450/2097 2180/47/2098 2178/904/2096 
f 2145/905/2063 2178/907/2096 2142/906/2060 
f 2142/906/2060 2178/907/2096 2175/909/2093 2143/908/2061 
f 2178/907/2096 2180/450/2098 2176/47/2094 2175/909/2093 
f 2131/910/2049 2173/913/2091 2181/912/2099 2132/911/2050 
f 2132/911/2050 2181/912/2099 2137/914/2055 
f 2173/913/2091 2174/29/2092 2182/63/2100 2181/912/2099 
f 2137/915/2055 2181/918/2099 2177/917/2095 2157/916/2075 
f 2157/916/2075 2177/917/2095 2158/919/2076 
f 2181/918/2099 2182/29/2100 2179/63/2097 2177/917/2095 
f 2152/920/2070 2118/812/2036 2117/813/2035 
f 1888/25/1823 1900/26/1835 2183/921/2101 2172/89/2090 
f 1900/26/1835 1902/29/1837 2184/63/2102 2183/921/2101 
f 2172/25/2090 2183/922/2101 2174/89/2092 
f 2176/923/2094 2185/924/2103 2186/58/2104 2119/5/2037 
f 2185/925/2103 2187/928/2105 2188/927/2106 2186/926/2104 
f 2179/923/2097 2189/924/2107 2185/58/2103 2180/5/2098 
f 2189/929/2107 2190/923/2108 2185/930/2103 
f 2180/923/2098 2185/931/2103 2176/5/2094 
f 2174/25/2092 2183/26/2101 2189/921/2107 2182/89/2100 
f 2183/26/2101 2184/29/2102 2190/63/2108 2189/921/2107 
f 2182/25/2100 2189/922/2107 2179/89/2097 
f 2119/923/2037 2186/924/2104 1909/58/1844 1828/5/1763 
f 1910/932/1845 2191/935/2109 2192/934/2110 1911/933/1846 
f 2191/936/2109 2193/939/2111 2194/938/2112 2192/937/2110 
f 2188/927/2106 2187/928/2105 2195/941/2113 2196/940/2114 
f 2188/942/2106 1918/945/1853 1909/944/1844 2186/943/2104 
f 2196/946/2114 1919/947/1854 1918/945/1853 2188/942/2106 
f 2187/948/2105 2194/951/2112 2193/950/2111 2195/949/2113 
f 1902/25/1837 1911/933/1846 2192/934/2110 2184/89/2102 
f 2184/25/2102 2192/937/2110 2194/938/2112 2190/89/2108 
f 1919/29/1854 2196/29/2114 2197/29/2115 1920/29/1855 
f 1920/29/1855 2197/29/2115 1922/29/1857 
f 2196/29/2114 2195/29/2113 2197/29/2115 
f 2197/29/2115 2195/29/2113 2193/29/2111 
f 2197/29/2115 2193/29/2111 1922/29/1857 
f 2193/29/2111 2191/29/2109 1922/29/1857 
f 1922/29/1857 2191/29/2109 1910/29/1845 
f 2185/930/2103 2190/923/2108 2194/951/2112 2187/948/2105 
f 2162/874/2080 1727/736/1664 1876/875/1811 
f 2162/874/2080 2033/734/1951 1727/736/1664 
f 2057/767/1975 2056/768/1974 2198/952/2116 
f 2199/953/2117 2200/956/2118 2201/955/2119 2202/954/2120 
f 2203/957/2121 2204/958/2122 2201/955/2119 
f 2204/958/2122 2202/954/2120 2201/955/2119 
f 2205/959/2123 2206/962/2124 2207/961/2125 2208/960/2126 
f 2206/963/2124 2209/966/2127 2210/965/2128 2207/964/2125 
f 2211/25/2129 2212/57/2130 1938/968/1873 1937/967/1872 
f 1938/968/1873 2212/57/2130 2213/5/2131 1940/969/1875 
f 1942/970/1877 2209/923/2127 2211/5/2129 1937/971/1872 
f 1943/972/1878 2210/974/2128 2209/5/2127 1942/973/1877 
f 2207/961/2125 2201/955/2119 2200/956/2118 2208/960/2126 
f 2210/965/2128 2203/957/2121 2201/955/2119 2207/964/2125 
f 2203/25/2121 2210/974/2128 1943/972/1878 1944/975/1879 
f 1945/976/1880 2214/979/2132 2215/978/2133 1946/977/1881 
f 1946/977/1881 2215/978/2133 2216/981/2134 1949/980/1884 
f 2214/979/2132 2217/983/2135 2218/982/2136 2215/978/2133 
f 2215/978/2133 2218/982/2136 2219/984/2137 2216/981/2134 
f 2218/982/2136 2220/986/2138 2221/985/2139 2219/984/2137 
f 2217/983/2135 2222/987/2140 2220/986/2138 2218/982/2136 
f 2222/987/2140 2223/989/2141 2224/988/2142 2220/986/2138 
f 2220/986/2138 2224/988/2142 2225/990/2143 2221/985/2139 
f 2216/981/2134 2226/992/2144 1960/991/1895 1949/980/1884 
f 1960/991/1895 2226/992/2144 2203/957/2121 1944/993/1879 
f 2222/987/2140 2227/995/2145 2228/994/2146 2223/989/2141 
f 2225/990/2143 2229/997/2147 2230/996/2148 2221/985/2139 
f 2229/997/2147 2199/953/2117 2202/954/2120 2230/996/2148 
f 1966/742/1670 2231/998/2149 2227/995/2145 1967/977/1901 
f 1967/977/1901 2227/995/2145 2214/979/2132 1945/976/1880 
f 2214/979/2132 2227/995/2145 2217/983/2135 
f 2217/983/2135 2227/995/2145 2222/987/2140 
f 2202/954/2120 2204/958/2122 2232/999/2150 2230/996/2148 
f 2230/996/2148 2232/999/2150 2219/984/2137 2221/985/2139 
f 2232/999/2150 2226/992/2144 2216/981/2134 2219/984/2137 
f 2204/958/2122 2203/957/2121 2226/992/2144 2232/999/2150 
f 1970/1000/1904 2233/1003/2151 2234/1002/2152 1971/1001/1905 
f 1940/1004/1875 2213/5/2131 2235/1006/2153 1974/1005/1908 
f 1974/1005/1908 2235/1006/2153 2233/1003/2151 1970/1000/1904 
f 2236/1007/2154 2228/994/2146 2227/995/2145 2231/998/2149 
f 2208/960/2126 2237/960/2155 2238/959/2156 2205/959/2123 
f 2200/956/2118 2239/956/2157 2237/960/2155 2208/960/2126 
f 2211/25/2129 2240/25/2158 2241/57/2159 2212/57/2130 
f 2212/57/2130 2241/57/2159 2242/5/2160 2213/5/2131 
f 2233/1003/2151 2243/1003/2161 2244/1002/2162 2234/1002/2152 
f 2213/5/2131 2242/5/2160 2245/1006/2163 2235/1006/2153 
f 2235/1006/2153 2245/1006/2163 2243/1003/2161 2233/1003/2151 
f 2246/1002/2164 1989/1002/68 1988/1002/68 2247/1002/2165 
f 2211/25/2129 2209/25/2127 2206/25/2124 2240/25/2158 
f 2248/57/2166 2249/25/2167 2250/25/2167 2251/57/2166 
f 2252/5/2168 2248/57/2166 2251/57/2166 2253/5/2168 
f 2254/1002/2162 2255/1003/2169 2256/1003/2169 2257/1002/2162 
f 2258/1006/2163 2252/5/2168 2253/5/2168 2259/1006/2163 
f 2255/1003/2169 2258/1006/2163 2259/1006/2163 2256/1003/2169 
f 2254/1002/2162 2003/1002/68 2002/1002/68 2244/1002/2162 
f 2249/25/2167 2205/25/2123 2238/25/2156 2250/25/2167 
f 2241/57/2159 2240/25/2158 2249/25/2167 2248/57/2166 
f 2242/5/2160 2241/57/2159 2248/57/2166 2252/5/2168 
f 2244/1002/2162 2243/1003/2161 2255/1003/2169 2254/1002/2162 
f 2245/1006/2163 2242/5/2160 2252/5/2168 2258/1006/2163 
f 2243/1003/2161 2245/1006/2163 2258/1006/2163 2255/1003/2169 
f 2240/25/2158 2206/25/2124 2205/25/2123 2249/25/2167 
f 2244/1002/2162 2002/1002/68 1971/1002/1905 2234/1002/2152 
f 2199/953/2117 2260/953/2170 2239/956/2157 2200/956/2118 
f 2224/988/2142 2261/988/2171 2262/990/2172 2225/990/2143 
f 2225/990/2143 2262/990/2172 2263/1008/2173 2229/997/2147 
f 2229/997/2147 2263/1008/2173 2260/953/2170 2199/953/2117 
f 2238/959/2156 2237/960/2155 2264/960/2174 2265/959/2156 
f 2237/960/2155 2239/956/2157 2266/956/2175 2264/960/2174 
f 2257/1002/2162 2011/1002/68 2003/1002/68 2254/1002/2162 
f 2251/57/2166 2250/25/2167 2267/25/2167 2268/57/2166 
f 2253/5/2168 2251/57/2166 2268/57/2166 2269/5/2176 
f 2257/1002/2162 2256/1003/2169 2270/1003/2177 2247/1002/2165 
f 2259/1006/2163 2253/5/2168 2269/5/2176 2271/1006/2178 
f 2256/1003/2169 2259/1006/2163 2271/1006/2178 2270/1003/2177 
f 2250/25/2167 2238/25/2156 2265/25/2156 2267/25/2167 
f 2239/956/2157 2260/953/2170 2272/953/2179 2266/956/2175 
f 2262/990/2172 2261/988/2171 2273/988/2180 2274/990/2181 
f 2263/1008/2173 2262/990/2172 2274/990/2181 2275/1008/2182 
f 2260/953/2170 2263/1008/2173 2275/1008/2182 2272/953/2179 
f 2261/988/2171 2224/988/2142 2223/989/2141 2228/994/2146 
f 2247/1002/2165 1988/1002/68 2011/1002/68 2257/1002/2162 
f 2265/959/2156 2264/960/2174 2276/960/2183 2277/959/2184 
f 2264/960/2174 2266/956/2175 2278/956/2185 2276/960/2183 
f 2268/57/2166 2267/25/2167 2279/25/2186 2280/57/2187 
f 2269/5/2176 2268/57/2166 2280/57/2187 2281/5/2188 
f 2247/1002/2165 2270/1003/2177 2282/1003/2189 2246/1002/2164 
f 2283/1009/2190 2269/5/2176 2281/5/2188 
f 2270/1003/2177 2271/1006/2178 2284/1006/2191 2285/1010/2192 
f 2267/25/2167 2265/25/2156 2277/25/2184 2279/25/2186 
f 2266/956/2175 2272/953/2179 2278/956/2185 
f 2274/990/2181 2273/988/2180 2101/988/2019 2103/990/2021 
f 2275/1008/2182 2274/990/2181 2103/990/2021 2116/997/2034 
f 2272/953/2179 2275/1008/2182 2116/997/2034 2198/953/2116 
f 2261/988/2171 2228/994/2146 2236/1007/2154 2273/988/2180 
f 1966/742/1670 1734/742/1670 2040/998/1958 2231/998/2149 
f 2231/998/2149 2040/998/1958 2098/1007/2016 2236/1007/2154 
f 2236/1007/2154 2098/1007/2016 2101/988/2019 2273/988/2180 
f 1824/810/1759 1989/1002/68 2246/1002/2164 2117/813/2035 
f 2117/813/2035 2246/1002/2164 2150/857/2068 2152/920/2070 
f 2150/857/2068 2246/857/2164 2282/856/2189 2151/856/2069 
f 2270/1003/2177 2285/1010/2192 2282/1003/2189 
f 2151/856/2069 2282/856/2189 2285/1010/2192 2164/878/2082 
f 2284/1006/2191 2036/740/1954 2164/878/2082 2285/1010/2192 
f 2269/5/2176 2283/1009/2190 2284/1006/2191 2271/1006/2178 
f 2036/740/1954 2284/1006/2191 2283/1009/2190 2037/739/1955 
f 2281/5/2188 2077/778/1995 2037/739/1955 2283/1009/2190 
f 2077/778/1995 2281/5/2188 2280/57/2187 2092/780/2010 
f 2279/25/2186 2053/766/1971 2092/780/2010 2280/57/2187 
f 2277/25/2184 2053/766/1971 2279/25/2186 
f 2053/766/1971 2277/25/2184 2276/960/2183 2054/765/1972 
f 2278/956/2185 2056/768/1974 2054/765/1972 2276/960/2183 
f 2056/768/1974 2278/956/2185 2198/952/2116 
f 2057/767/1975 2198/953/2116 2116/809/2034 
f 2278/956/2185 2272/953/2179 2198/953/2116 
# 2162 polygons - 206 triangles

