# 3ds Max Wavefront OBJ Exporter v0.99 - (c)2007 guruware
# File Created: 14.01.2026 18:09:46

mtllib PSNA_Lighter01.mtl

#
# object PSNA_Lighter01
#

v  -0.0305 -0.0005 0.0091
v  -0.0305 -0.0005 -0.0091
v  0.0305 -0.0005 -0.0091
v  0.0305 -0.0005 0.0091
v  -0.0305 0.0090 0.0185
v  0.0305 0.0090 0.0185
v  0.0305 0.0803 0.0185
v  -0.0305 0.0803 0.0185
v  0.0399 0.0090 0.0091
v  0.0399 0.0090 -0.0091
v  0.0398 0.0803 -0.0091
v  0.0398 0.0803 0.0091
v  0.0305 0.0090 -0.0185
v  -0.0305 0.0090 -0.0185
v  -0.0305 0.0803 -0.0185
v  0.0305 0.0803 -0.0185
v  -0.0399 0.0090 -0.0091
v  -0.0399 0.0090 0.0091
v  -0.0398 0.0803 0.0091
v  -0.0398 0.0803 -0.0091
v  -0.0305 0.0019 0.0162
v  -0.0363 0.0031 0.0150
v  -0.0375 0.0019 0.0091
v  -0.0375 0.0019 -0.0091
v  -0.0363 0.0031 -0.0150
v  -0.0305 0.0019 -0.0162
v  0.0305 0.0019 -0.0162
v  0.0363 0.0031 -0.0150
v  0.0375 0.0019 -0.0091
v  0.0375 0.0019 0.0091
v  0.0363 0.0031 0.0150
v  0.0305 0.0019 0.0162
v  -0.0375 0.0090 0.0162
v  0.0375 0.0090 0.0162
v  0.0375 0.0090 -0.0162
v  -0.0375 0.0090 -0.0162
v  0.0375 0.0803 0.0161
v  -0.0375 0.0803 0.0161
v  0.0375 0.0803 -0.0161
v  -0.0375 0.0803 -0.0161
v  0.0291 0.0807 0.0176
v  -0.0291 0.0807 0.0176
v  0.0380 0.0808 -0.0087
v  0.0380 0.0808 0.0087
v  -0.0291 0.0807 -0.0176
v  0.0291 0.0807 -0.0176
v  -0.0380 0.0808 0.0087
v  -0.0380 0.0808 -0.0087
v  0.0357 0.0808 0.0153
v  -0.0357 0.0808 0.0153
v  0.0357 0.0808 -0.0153
v  -0.0357 0.0808 -0.0153
v  0.0282 0.0826 0.0171
v  -0.0282 0.0826 0.0171
v  0.0368 0.0826 -0.0084
v  0.0368 0.0826 0.0084
v  -0.0282 0.0826 -0.0171
v  0.0282 0.0826 -0.0171
v  -0.0368 0.0826 0.0084
v  -0.0368 0.0826 -0.0084
v  0.0347 0.0826 0.0149
v  -0.0347 0.0826 0.0149
v  0.0347 0.0826 -0.0149
v  -0.0347 0.0826 -0.0149
v  0.0280 0.0827 -0.0084
v  -0.0280 0.0827 -0.0084
v  -0.0280 0.0827 0.0084
v  0.0280 0.0827 0.0084
v  0.0182 0.0914 0.0086
v  0.0182 0.0946 0.0031
v  0.0182 0.0946 0.0086
v  -0.0173 0.0989 0.0040
v  -0.0174 0.0989 -0.0000
v  -0.0173 0.0946 -0.0000
v  -0.0173 0.0946 0.0040
v  -0.0014 0.0989 0.0086
v  0.0059 0.0989 0.0086
v  0.0023 0.1023 0.0086
v  0.0182 0.0840 0.0086
v  0.0182 0.0883 0.0031
v  0.0182 0.0883 0.0086
v  0.0182 0.1023 0.0031
v  0.0182 0.1023 0.0085
v  -0.0173 0.0914 0.0040
v  -0.0150 0.0914 0.0063
v  0.0087 0.0866 0.0086
v  0.0087 0.0914 0.0086
v  0.0050 0.0914 0.0086
v  0.0046 0.0894 0.0086
v  -0.0042 0.0963 0.0086
v  -0.0042 0.0914 0.0086
v  -0.0005 0.0914 0.0086
v  -0.0019 0.0969 0.0086
v  0.0114 0.0840 0.0086
v  0.0182 0.0806 0.0085
v  -0.0100 0.0889 0.0086
v  -0.0100 0.0840 0.0086
v  -0.0069 0.0840 0.0086
v  -0.0083 0.0894 0.0086
v  -0.0100 0.0989 0.0086
v  -0.0069 0.0989 0.0086
v  -0.0100 0.1023 0.0086
v  0.0145 0.0940 0.0086
v  0.0114 0.0989 0.0086
v  0.0128 0.0935 0.0086
v  -0.0173 0.0914 0.0033
v  -0.0173 0.0894 0.0030
v  -0.0173 0.0883 0.0040
v  -0.0173 0.0935 0.0030
v  0.0023 0.0889 0.0086
v  -0.0001 0.0894 0.0086
v  -0.0019 0.0859 0.0086
v  -0.0000 0.0935 0.0086
v  -0.0173 0.0840 0.0040
v  -0.0168 0.0840 0.0045
v  -0.0166 0.0859 0.0047
v  -0.0150 0.0805 0.0063
v  -0.0150 0.0814 0.0063
v  -0.0166 0.0821 0.0047
v  -0.0173 0.0806 0.0040
v  -0.0127 0.0840 0.0086
v  -0.0131 0.0840 0.0081
v  -0.0134 0.0821 0.0079
v  -0.0127 0.0806 0.0086
v  -0.0150 0.0866 0.0063
v  -0.0134 0.0859 0.0079
v  -0.0127 0.0883 0.0086
v  -0.0168 0.0989 0.0045
v  -0.0166 0.1008 0.0047
v  -0.0173 0.1023 0.0040
v  -0.0150 0.0963 0.0063
v  -0.0166 0.0969 0.0047
v  -0.0127 0.0989 0.0086
v  -0.0131 0.0989 0.0081
v  -0.0134 0.0969 0.0079
v  -0.0127 0.0946 0.0086
v  -0.0150 0.1023 0.0063
v  -0.0150 0.1015 0.0063
v  -0.0134 0.1008 0.0079
v  -0.0127 0.1023 0.0086
v  0.0166 0.0914 0.0086
v  0.0162 0.0894 0.0086
v  0.0162 0.0935 0.0086
v  0.0145 0.0889 0.0086
v  0.0128 0.0894 0.0086
v  0.0110 0.0859 0.0086
v  -0.0127 0.0914 0.0086
v  -0.0121 0.0914 0.0086
v  -0.0117 0.0935 0.0086
v  -0.0117 0.0894 0.0086
v  -0.0100 0.0940 0.0086
v  -0.0083 0.0935 0.0086
v  -0.0065 0.0970 0.0086
v  0.0059 0.0840 0.0086
v  0.0064 0.0859 0.0086
v  0.0087 0.0805 0.0086
v  0.0087 0.0814 0.0086
v  0.0064 0.0821 0.0086
v  0.0055 0.0805 0.0086
v  0.0110 0.0821 0.0086
v  -0.0065 0.0859 0.0086
v  -0.0042 0.0805 0.0086
v  -0.0042 0.0814 0.0086
v  -0.0065 0.0821 0.0086
v  -0.0100 0.0805 0.0086
v  -0.0014 0.0840 0.0086
v  -0.0019 0.0821 0.0086
v  -0.0010 0.0805 0.0086
v  -0.0042 0.1023 0.0086
v  -0.0042 0.1015 0.0086
v  -0.0019 0.1008 0.0086
v  -0.0065 0.1008 0.0086
v  0.0087 0.0963 0.0086
v  0.0064 0.0970 0.0086
v  0.0046 0.0935 0.0086
v  0.0110 0.0969 0.0086
v  0.0087 0.1023 0.0086
v  0.0087 0.1015 0.0086
v  0.0110 0.1008 0.0086
v  0.0119 0.1023 0.0086
v  0.0064 0.1008 0.0086
v  0.0116 0.0914 0.0086
v  -0.0042 0.0866 0.0086
v  -0.0074 0.0914 0.0086
v  -0.0173 0.1023 -0.0000
v  0.0023 0.0940 0.0086
v  0.0182 0.0806 0.0031
v  -0.0173 0.0883 -0.0000
v  -0.0174 0.0840 -0.0000
v  -0.0173 0.0805 -0.0000
v  0.0169 0.0946 0.0031
v  0.0167 0.0914 0.0069
v  0.0166 0.0946 0.0069
v  -0.0159 0.0946 -0.0000
v  -0.0159 0.0989 -0.0000
v  -0.0160 0.0989 0.0034
v  -0.0160 0.0946 0.0034
v  0.0059 0.0989 0.0072
v  -0.0014 0.0989 0.0072
v  0.0023 0.1023 0.0072
v  0.0169 0.0883 0.0031
v  0.0166 0.0840 0.0069
v  0.0166 0.0883 0.0069
v  0.0167 0.1024 0.0070
v  0.0169 0.1023 0.0031
v  -0.0140 0.0914 0.0053
v  -0.0159 0.0914 0.0035
v  0.0050 0.0914 0.0072
v  0.0087 0.0914 0.0071
v  0.0087 0.0866 0.0072
v  0.0046 0.0894 0.0072
v  -0.0005 0.0914 0.0072
v  -0.0042 0.0914 0.0071
v  -0.0042 0.0963 0.0072
v  -0.0019 0.0969 0.0072
v  0.0114 0.0840 0.0072
v  0.0167 0.0805 0.0070
v  -0.0069 0.0840 0.0072
v  -0.0100 0.0840 0.0071
v  -0.0100 0.0889 0.0072
v  -0.0083 0.0894 0.0072
v  -0.0069 0.0989 0.0072
v  -0.0100 0.0989 0.0071
v  -0.0100 0.1023 0.0072
v  0.0114 0.0989 0.0072
v  0.0145 0.0940 0.0072
v  0.0128 0.0935 0.0072
v  -0.0159 0.0894 0.0030
v  -0.0159 0.0914 0.0034
v  -0.0160 0.0883 0.0034
v  -0.0159 0.0935 0.0030
v  -0.0001 0.0894 0.0072
v  0.0023 0.0889 0.0072
v  -0.0019 0.0859 0.0072
v  -0.0000 0.0935 0.0072
v  -0.0156 0.0859 0.0037
v  -0.0158 0.0840 0.0035
v  -0.0160 0.0840 0.0034
v  -0.0156 0.0821 0.0037
v  -0.0140 0.0814 0.0053
v  -0.0140 0.0805 0.0053
v  -0.0161 0.0805 0.0034
v  -0.0124 0.0821 0.0069
v  -0.0121 0.0840 0.0072
v  -0.0120 0.0840 0.0073
v  -0.0122 0.0805 0.0073
v  -0.0124 0.0859 0.0069
v  -0.0140 0.0866 0.0053
v  -0.0121 0.0883 0.0072
v  -0.0156 0.1008 0.0037
v  -0.0158 0.0989 0.0035
v  -0.0161 0.1024 0.0034
v  -0.0156 0.0969 0.0037
v  -0.0140 0.0963 0.0053
v  -0.0124 0.0969 0.0069
v  -0.0121 0.0989 0.0072
v  -0.0120 0.0989 0.0073
v  -0.0121 0.0946 0.0072
v  -0.0124 0.1008 0.0069
v  -0.0140 0.1015 0.0053
v  -0.0140 0.1023 0.0053
v  -0.0122 0.1024 0.0073
v  0.0162 0.0893 0.0072
v  0.0167 0.0914 0.0072
v  0.0162 0.0935 0.0072
v  0.0128 0.0894 0.0072
v  0.0145 0.0889 0.0072
v  0.0110 0.0859 0.0072
v  -0.0117 0.0935 0.0072
v  -0.0122 0.0914 0.0076
v  -0.0120 0.0914 0.0076
v  -0.0117 0.0894 0.0072
v  -0.0083 0.0935 0.0072
v  -0.0100 0.0940 0.0072
v  -0.0065 0.0970 0.0072
v  0.0064 0.0859 0.0072
v  0.0059 0.0840 0.0072
v  0.0064 0.0821 0.0072
v  0.0087 0.0814 0.0072
v  0.0087 0.0805 0.0072
v  0.0055 0.0805 0.0072
v  0.0110 0.0821 0.0072
v  -0.0065 0.0859 0.0072
v  -0.0065 0.0821 0.0072
v  -0.0042 0.0814 0.0072
v  -0.0042 0.0805 0.0072
v  -0.0100 0.0805 0.0072
v  -0.0019 0.0821 0.0072
v  -0.0014 0.0840 0.0072
v  -0.0010 0.0805 0.0072
v  -0.0019 0.1008 0.0072
v  -0.0042 0.1015 0.0072
v  -0.0042 0.1023 0.0072
v  -0.0065 0.1008 0.0072
v  0.0064 0.0970 0.0072
v  0.0087 0.0963 0.0072
v  0.0046 0.0935 0.0072
v  0.0110 0.0969 0.0072
v  0.0110 0.1008 0.0072
v  0.0087 0.1015 0.0072
v  0.0087 0.1023 0.0072
v  0.0119 0.1023 0.0072
v  0.0064 0.1008 0.0072
v  0.0116 0.0914 0.0072
v  -0.0042 0.0866 0.0072
v  -0.0074 0.0914 0.0072
v  -0.0159 0.1023 -0.0000
v  0.0023 0.0940 0.0072
v  0.0169 0.0806 0.0031
v  -0.0159 0.0883 -0.0000
v  -0.0159 0.0840 -0.0000
v  -0.0159 0.0805 -0.0000
v  0.0182 0.0914 -0.0086
v  0.0182 0.0946 -0.0086
v  0.0182 0.0946 -0.0031
v  -0.0173 0.0989 -0.0040
v  -0.0173 0.0946 -0.0040
v  -0.0014 0.0989 -0.0086
v  0.0023 0.1023 -0.0086
v  0.0059 0.0989 -0.0086
v  0.0182 0.0840 -0.0086
v  0.0182 0.0883 -0.0086
v  0.0182 0.0883 -0.0031
v  0.0182 0.1023 -0.0031
v  0.0182 0.1023 -0.0085
v  -0.0173 0.0914 -0.0040
v  -0.0150 0.0914 -0.0063
v  0.0087 0.0866 -0.0086
v  0.0046 0.0894 -0.0086
v  0.0050 0.0914 -0.0086
v  0.0087 0.0914 -0.0086
v  -0.0042 0.0963 -0.0086
v  -0.0019 0.0969 -0.0086
v  -0.0005 0.0914 -0.0086
v  -0.0042 0.0914 -0.0086
v  0.0182 0.0806 -0.0085
v  0.0114 0.0840 -0.0086
v  -0.0100 0.0889 -0.0086
v  -0.0083 0.0894 -0.0086
v  -0.0069 0.0840 -0.0086
v  -0.0100 0.0840 -0.0086
v  -0.0100 0.0989 -0.0086
v  -0.0100 0.1023 -0.0086
v  -0.0069 0.0989 -0.0086
v  0.0145 0.0940 -0.0086
v  0.0128 0.0935 -0.0086
v  0.0114 0.0989 -0.0086
v  -0.0173 0.0883 -0.0040
v  -0.0173 0.0894 -0.0030
v  -0.0173 0.0914 -0.0033
v  -0.0173 0.0935 -0.0030
v  0.0023 0.0889 -0.0086
v  -0.0019 0.0859 -0.0086
v  -0.0001 0.0894 -0.0086
v  -0.0000 0.0935 -0.0086
v  -0.0173 0.0840 -0.0040
v  -0.0166 0.0859 -0.0047
v  -0.0168 0.0840 -0.0045
v  -0.0150 0.0805 -0.0063
v  -0.0173 0.0806 -0.0040
v  -0.0166 0.0821 -0.0047
v  -0.0150 0.0814 -0.0063
v  -0.0127 0.0840 -0.0086
v  -0.0127 0.0806 -0.0086
v  -0.0134 0.0821 -0.0079
v  -0.0131 0.0840 -0.0081
v  -0.0127 0.0883 -0.0086
v  -0.0134 0.0859 -0.0079
v  -0.0150 0.0866 -0.0063
v  -0.0173 0.1023 -0.0040
v  -0.0166 0.1008 -0.0047
v  -0.0168 0.0989 -0.0045
v  -0.0166 0.0969 -0.0047
v  -0.0150 0.0963 -0.0063
v  -0.0127 0.0989 -0.0086
v  -0.0127 0.0946 -0.0086
v  -0.0134 0.0969 -0.0079
v  -0.0131 0.0989 -0.0081
v  -0.0150 0.1023 -0.0063
v  -0.0127 0.1023 -0.0086
v  -0.0134 0.1008 -0.0079
v  -0.0150 0.1015 -0.0063
v  0.0162 0.0894 -0.0086
v  0.0166 0.0914 -0.0086
v  0.0162 0.0935 -0.0086
v  0.0145 0.0889 -0.0086
v  0.0110 0.0859 -0.0086
v  0.0128 0.0894 -0.0086
v  -0.0127 0.0914 -0.0086
v  -0.0117 0.0935 -0.0086
v  -0.0121 0.0914 -0.0086
v  -0.0117 0.0894 -0.0086
v  -0.0100 0.0940 -0.0086
v  -0.0065 0.0970 -0.0086
v  -0.0083 0.0935 -0.0086
v  0.0059 0.0840 -0.0086
v  0.0064 0.0859 -0.0086
v  0.0087 0.0805 -0.0086
v  0.0055 0.0805 -0.0086
v  0.0064 0.0821 -0.0086
v  0.0087 0.0814 -0.0086
v  0.0110 0.0821 -0.0086
v  -0.0065 0.0859 -0.0086
v  -0.0042 0.0805 -0.0086
v  -0.0100 0.0805 -0.0086
v  -0.0065 0.0821 -0.0086
v  -0.0042 0.0814 -0.0086
v  -0.0014 0.0840 -0.0086
v  -0.0010 0.0805 -0.0086
v  -0.0019 0.0821 -0.0086
v  -0.0042 0.1023 -0.0086
v  -0.0019 0.1008 -0.0086
v  -0.0042 0.1015 -0.0086
v  -0.0065 0.1008 -0.0086
v  0.0087 0.0963 -0.0086
v  0.0046 0.0935 -0.0086
v  0.0064 0.0970 -0.0086
v  0.0110 0.0969 -0.0086
v  0.0087 0.1023 -0.0086
v  0.0119 0.1023 -0.0086
v  0.0110 0.1008 -0.0086
v  0.0087 0.1015 -0.0086
v  0.0064 0.1008 -0.0086
v  0.0116 0.0914 -0.0086
v  -0.0074 0.0914 -0.0086
v  -0.0042 0.0866 -0.0086
v  0.0023 0.0940 -0.0086
v  0.0182 0.0806 -0.0031
v  0.0169 0.0946 -0.0031
v  0.0166 0.0946 -0.0069
v  0.0167 0.0914 -0.0069
v  -0.0160 0.0946 -0.0034
v  -0.0160 0.0989 -0.0034
v  0.0059 0.0989 -0.0072
v  0.0023 0.1023 -0.0072
v  -0.0014 0.0989 -0.0072
v  0.0169 0.0883 -0.0031
v  0.0166 0.0883 -0.0069
v  0.0166 0.0840 -0.0069
v  0.0169 0.1023 -0.0031
v  0.0167 0.1024 -0.0070
v  -0.0140 0.0914 -0.0053
v  -0.0159 0.0914 -0.0035
v  0.0050 0.0914 -0.0072
v  0.0046 0.0894 -0.0072
v  0.0087 0.0866 -0.0072
v  0.0087 0.0914 -0.0071
v  -0.0005 0.0914 -0.0072
v  -0.0019 0.0969 -0.0072
v  -0.0042 0.0963 -0.0072
v  -0.0042 0.0914 -0.0071
v  0.0114 0.0840 -0.0072
v  0.0167 0.0805 -0.0070
v  -0.0069 0.0840 -0.0072
v  -0.0083 0.0894 -0.0072
v  -0.0100 0.0889 -0.0072
v  -0.0100 0.0840 -0.0071
v  -0.0069 0.0989 -0.0072
v  -0.0100 0.1023 -0.0072
v  -0.0100 0.0989 -0.0071
v  0.0114 0.0989 -0.0072
v  0.0128 0.0935 -0.0072
v  0.0145 0.0940 -0.0072
v  -0.0159 0.0894 -0.0030
v  -0.0160 0.0883 -0.0034
v  -0.0159 0.0914 -0.0034
v  -0.0159 0.0935 -0.0030
v  -0.0001 0.0894 -0.0072
v  -0.0019 0.0859 -0.0072
v  0.0023 0.0889 -0.0072
v  -0.0000 0.0935 -0.0072
v  -0.0156 0.0859 -0.0037
v  -0.0160 0.0840 -0.0034
v  -0.0158 0.0840 -0.0035
v  -0.0156 0.0821 -0.0037
v  -0.0161 0.0805 -0.0034
v  -0.0140 0.0805 -0.0053
v  -0.0140 0.0814 -0.0053
v  -0.0124 0.0821 -0.0069
v  -0.0122 0.0805 -0.0073
v  -0.0120 0.0840 -0.0073
v  -0.0121 0.0840 -0.0072
v  -0.0124 0.0859 -0.0069
v  -0.0121 0.0883 -0.0072
v  -0.0140 0.0866 -0.0053
v  -0.0156 0.1008 -0.0037
v  -0.0161 0.1024 -0.0034
v  -0.0158 0.0989 -0.0035
v  -0.0156 0.0969 -0.0037
v  -0.0140 0.0963 -0.0053
v  -0.0124 0.0969 -0.0069
v  -0.0121 0.0946 -0.0072
v  -0.0120 0.0989 -0.0073
v  -0.0121 0.0989 -0.0072
v  -0.0124 0.1008 -0.0069
v  -0.0122 0.1024 -0.0073
v  -0.0140 0.1023 -0.0053
v  -0.0140 0.1015 -0.0053
v  0.0162 0.0893 -0.0072
v  0.0167 0.0914 -0.0072
v  0.0162 0.0935 -0.0072
v  0.0128 0.0894 -0.0072
v  0.0110 0.0859 -0.0072
v  0.0145 0.0889 -0.0072
v  -0.0117 0.0935 -0.0072
v  -0.0120 0.0914 -0.0076
v  -0.0122 0.0914 -0.0076
v  -0.0117 0.0894 -0.0072
v  -0.0083 0.0935 -0.0072
v  -0.0065 0.0970 -0.0072
v  -0.0100 0.0940 -0.0072
v  0.0064 0.0859 -0.0072
v  0.0059 0.0840 -0.0072
v  0.0064 0.0821 -0.0072
v  0.0055 0.0805 -0.0072
v  0.0087 0.0805 -0.0072
v  0.0087 0.0814 -0.0072
v  0.0110 0.0821 -0.0072
v  -0.0065 0.0859 -0.0072
v  -0.0065 0.0821 -0.0072
v  -0.0100 0.0805 -0.0072
v  -0.0042 0.0805 -0.0072
v  -0.0042 0.0814 -0.0072
v  -0.0019 0.0821 -0.0072
v  -0.0010 0.0805 -0.0072
v  -0.0014 0.0840 -0.0072
v  -0.0019 0.1008 -0.0072
v  -0.0042 0.1023 -0.0072
v  -0.0042 0.1015 -0.0072
v  -0.0065 0.1008 -0.0072
v  0.0064 0.0970 -0.0072
v  0.0046 0.0935 -0.0072
v  0.0087 0.0963 -0.0072
v  0.0110 0.0969 -0.0072
v  0.0110 0.1008 -0.0072
v  0.0119 0.1023 -0.0072
v  0.0087 0.1023 -0.0072
v  0.0087 0.1015 -0.0072
v  0.0064 0.1008 -0.0072
v  0.0116 0.0914 -0.0072
v  -0.0074 0.0914 -0.0072
v  -0.0042 0.0866 -0.0072
v  0.0023 0.0940 -0.0072
v  0.0169 0.0806 -0.0031
v  -0.0526 0.0971 0.0047
v  -0.0472 0.0943 0.0044
v  -0.0471 0.0944 -0.0000
v  -0.0526 0.0972 -0.0000
v  -0.0497 0.0825 0.0047
v  -0.0498 0.0824 -0.0000
v  -0.0467 0.0825 -0.0000
v  -0.0467 0.0826 0.0047
v  -0.0540 0.0962 0.0048
v  -0.0232 0.0955 0.0028
v  -0.0222 0.0947 0.0029
v  -0.0221 0.0948 -0.0000
v  -0.0232 0.0956 -0.0000
v  -0.0330 0.0928 0.0035
v  -0.0331 0.0929 -0.0000
v  -0.0208 0.0834 0.0028
v  -0.0185 0.0844 0.0028
v  -0.0317 0.0844 0.0035
v  -0.0551 0.0928 0.0048
v  -0.0524 0.0850 0.0048
v  -0.0184 0.0844 -0.0000
v  -0.0392 0.0840 0.0041
v  -0.0401 0.0928 0.0040
v  -0.0401 0.0930 -0.0000
v  -0.0392 0.0839 -0.0000
v  -0.0525 0.0850 -0.0000
v  -0.0516 0.0837 -0.0000
v  -0.0515 0.0837 0.0048
v  -0.0541 0.0963 -0.0000
v  -0.0553 0.0928 -0.0000
v  -0.0208 0.0833 -0.0000
v  -0.0317 0.0843 -0.0000
v  -0.0526 0.0971 -0.0047
v  -0.0472 0.0943 -0.0044
v  -0.0497 0.0825 -0.0047
v  -0.0467 0.0826 -0.0047
v  -0.0540 0.0962 -0.0048
v  -0.0232 0.0955 -0.0028
v  -0.0222 0.0947 -0.0029
v  -0.0330 0.0928 -0.0035
v  -0.0208 0.0834 -0.0028
v  -0.0317 0.0844 -0.0035
v  -0.0185 0.0844 -0.0028
v  -0.0551 0.0928 -0.0048
v  -0.0524 0.0850 -0.0048
v  -0.0401 0.0928 -0.0040
v  -0.0392 0.0840 -0.0041
v  -0.0515 0.0837 -0.0048
v  -0.0241 0.0882 0.0059
v  -0.0246 0.0904 0.0059
v  -0.0283 0.0882 0.0070
v  -0.0262 0.0919 0.0059
v  -0.0283 0.0925 0.0059
v  -0.0304 0.0919 0.0059
v  -0.0319 0.0904 0.0059
v  -0.0325 0.0882 0.0059
v  -0.0319 0.0861 0.0059
v  -0.0304 0.0846 0.0059
v  -0.0283 0.0840 0.0059
v  -0.0262 0.0846 0.0059
v  -0.0246 0.0861 0.0059
v  -0.0251 0.0901 -0.0000
v  -0.0252 0.0901 0.0043
v  -0.0247 0.0882 0.0043
v  -0.0247 0.0882 -0.0000
v  -0.0265 0.0914 -0.0000
v  -0.0265 0.0914 0.0043
v  -0.0283 0.0919 -0.0000
v  -0.0283 0.0919 0.0043
v  -0.0301 0.0914 -0.0000
v  -0.0301 0.0914 0.0043
v  -0.0314 0.0901 -0.0000
v  -0.0314 0.0901 0.0043
v  -0.0319 0.0882 -0.0000
v  -0.0319 0.0882 0.0043
v  -0.0314 0.0864 -0.0000
v  -0.0314 0.0864 0.0043
v  -0.0301 0.0851 -0.0000
v  -0.0301 0.0851 0.0043
v  -0.0283 0.0846 -0.0000
v  -0.0283 0.0846 0.0043
v  -0.0265 0.0851 -0.0000
v  -0.0265 0.0851 0.0043
v  -0.0251 0.0864 -0.0000
v  -0.0252 0.0864 0.0043
v  -0.0246 0.0904 0.0048
v  -0.0240 0.0882 0.0048
v  -0.0262 0.0919 0.0048
v  -0.0283 0.0925 0.0048
v  -0.0304 0.0919 0.0048
v  -0.0320 0.0904 0.0048
v  -0.0325 0.0882 0.0048
v  -0.0320 0.0861 0.0048
v  -0.0304 0.0846 0.0048
v  -0.0283 0.0840 0.0048
v  -0.0262 0.0846 0.0048
v  -0.0246 0.0861 0.0048
v  -0.0365 0.0799 0.0096
v  -0.0370 0.0817 0.0096
v  -0.0400 0.0799 0.0097
v  -0.0383 0.0830 0.0096
v  -0.0400 0.0835 0.0096
v  -0.0418 0.0830 0.0096
v  -0.0431 0.0817 0.0096
v  -0.0436 0.0799 0.0096
v  -0.0431 0.0782 0.0096
v  -0.0418 0.0769 0.0096
v  -0.0400 0.0764 0.0096
v  -0.0383 0.0769 0.0096
v  -0.0370 0.0782 0.0096
v  -0.0369 0.0817 -0.0000
v  -0.0369 0.0817 0.0048
v  -0.0364 0.0799 0.0048
v  -0.0364 0.0799 -0.0000
v  -0.0382 0.0831 -0.0000
v  -0.0382 0.0831 0.0048
v  -0.0400 0.0835 -0.0000
v  -0.0400 0.0835 0.0048
v  -0.0419 0.0831 -0.0000
v  -0.0419 0.0831 0.0048
v  -0.0432 0.0817 -0.0000
v  -0.0432 0.0817 0.0048
v  -0.0437 0.0799 -0.0000
v  -0.0437 0.0799 0.0048
v  -0.0432 0.0781 -0.0000
v  -0.0432 0.0781 0.0048
v  -0.0419 0.0768 -0.0000
v  -0.0419 0.0768 0.0048
v  -0.0400 0.0763 -0.0000
v  -0.0400 0.0763 0.0048
v  -0.0382 0.0768 -0.0000
v  -0.0382 0.0768 0.0048
v  -0.0369 0.0781 -0.0000
v  -0.0369 0.0781 0.0048
v  -0.0241 0.0882 -0.0059
v  -0.0283 0.0882 -0.0070
v  -0.0246 0.0904 -0.0059
v  -0.0262 0.0919 -0.0059
v  -0.0283 0.0925 -0.0059
v  -0.0304 0.0919 -0.0059
v  -0.0319 0.0904 -0.0059
v  -0.0325 0.0882 -0.0059
v  -0.0319 0.0861 -0.0059
v  -0.0304 0.0846 -0.0059
v  -0.0283 0.0840 -0.0059
v  -0.0262 0.0846 -0.0059
v  -0.0246 0.0861 -0.0059
v  -0.0247 0.0882 -0.0043
v  -0.0252 0.0901 -0.0043
v  -0.0265 0.0914 -0.0043
v  -0.0283 0.0919 -0.0043
v  -0.0301 0.0914 -0.0043
v  -0.0314 0.0901 -0.0043
v  -0.0319 0.0882 -0.0043
v  -0.0314 0.0864 -0.0043
v  -0.0301 0.0851 -0.0043
v  -0.0283 0.0846 -0.0043
v  -0.0265 0.0851 -0.0043
v  -0.0252 0.0864 -0.0043
v  -0.0246 0.0904 -0.0048
v  -0.0240 0.0882 -0.0048
v  -0.0262 0.0919 -0.0048
v  -0.0283 0.0925 -0.0048
v  -0.0304 0.0919 -0.0048
v  -0.0320 0.0904 -0.0048
v  -0.0325 0.0882 -0.0048
v  -0.0320 0.0861 -0.0048
v  -0.0304 0.0846 -0.0048
v  -0.0283 0.0840 -0.0048
v  -0.0262 0.0846 -0.0048
v  -0.0246 0.0861 -0.0048
v  -0.0365 0.0799 -0.0096
v  -0.0400 0.0799 -0.0097
v  -0.0370 0.0817 -0.0096
v  -0.0383 0.0830 -0.0096
v  -0.0400 0.0835 -0.0096
v  -0.0418 0.0830 -0.0096
v  -0.0431 0.0817 -0.0096
v  -0.0436 0.0799 -0.0096
v  -0.0431 0.0782 -0.0096
v  -0.0418 0.0769 -0.0096
v  -0.0400 0.0764 -0.0096
v  -0.0383 0.0769 -0.0096
v  -0.0370 0.0782 -0.0096
v  -0.0364 0.0799 -0.0048
v  -0.0369 0.0817 -0.0048
v  -0.0382 0.0831 -0.0048
v  -0.0400 0.0835 -0.0048
v  -0.0419 0.0831 -0.0048
v  -0.0432 0.0817 -0.0048
v  -0.0437 0.0799 -0.0048
v  -0.0432 0.0781 -0.0048
v  -0.0419 0.0768 -0.0048
v  -0.0400 0.0763 -0.0048
v  -0.0382 0.0768 -0.0048
v  -0.0369 0.0781 -0.0048
v  0.0266 0.0809 -0.0000
v  0.0261 0.0809 -0.0017
v  0.0261 0.0859 -0.0017
v  0.0265 0.0859 -0.0000
v  0.0249 0.0809 -0.0030
v  0.0248 0.0859 -0.0029
v  0.0231 0.0809 -0.0034
v  0.0231 0.0859 -0.0034
v  0.0213 0.0809 -0.0030
v  0.0213 0.0859 -0.0029
v  0.0200 0.0809 -0.0017
v  0.0200 0.0859 -0.0017
v  0.0195 0.0809 -0.0000
v  0.0196 0.0859 -0.0000
v  0.0200 0.0809 0.0017
v  0.0200 0.0859 0.0017
v  0.0213 0.0809 0.0030
v  0.0213 0.0859 0.0029
v  0.0231 0.0809 0.0034
v  0.0231 0.0859 0.0034
v  0.0249 0.0809 0.0030
v  0.0248 0.0859 0.0029
v  0.0261 0.0809 0.0017
v  0.0261 0.0859 0.0017
v  0.0243 0.0859 -0.0012
v  0.0247 0.0859 0.0004
v  0.0226 0.0859 -0.0016
v  0.0214 0.0859 -0.0004
v  0.0218 0.0859 0.0012
v  0.0235 0.0859 0.0016
v  0.0243 0.0893 -0.0012
v  0.0248 0.0893 0.0004
v  0.0226 0.0893 -0.0017
v  0.0213 0.0893 -0.0004
v  0.0218 0.0893 0.0012
v  0.0235 0.0893 0.0017
v  0.0231 0.0904 -0.0000
v  -0.0286 0.0835 -0.0049
v  -0.0288 0.0881 -0.0049
v  -0.0204 0.0882 -0.0049
v  -0.0204 0.0835 -0.0049
v  -0.0354 0.0835 -0.0049
v  -0.0347 0.0881 -0.0049
v  -0.0204 0.0829 -0.0060
v  -0.0286 0.0830 -0.0060
v  -0.0354 0.0829 -0.0060
v  -0.0204 0.0828 -0.0090
v  -0.0286 0.0828 -0.0090
v  -0.0353 0.0828 -0.0090
v  -0.0239 0.0934 -0.0029
v  -0.0279 0.0948 -0.0029
v  -0.0289 0.0881 -0.0026
v  -0.0340 0.0918 -0.0028
v  -0.0347 0.0881 -0.0026
v  -0.0286 0.0819 -0.0034
v  -0.0204 0.0819 -0.0034
v  -0.0204 0.0831 -0.0027
v  -0.0286 0.0832 -0.0027
v  -0.0354 0.0819 -0.0034
v  -0.0354 0.0832 -0.0027
v  -0.0286 0.0808 -0.0057
v  -0.0204 0.0809 -0.0057
v  -0.0354 0.0809 -0.0057
v  -0.0239 0.0933 -0.0050
v  -0.0218 0.0911 -0.0028
v  -0.0218 0.0911 -0.0049
v  -0.0279 0.0947 -0.0050
v  -0.0340 0.0918 -0.0048
v  -0.0317 0.0941 -0.0029
v  -0.0317 0.0940 -0.0049
v  -0.0204 0.0807 -0.0081
v  -0.0353 0.0807 -0.0081
v  -0.0204 0.0882 -0.0027
v  -0.0286 0.0835 0.0049
v  -0.0204 0.0835 0.0049
v  -0.0204 0.0882 0.0049
v  -0.0288 0.0881 0.0049
v  -0.0347 0.0881 0.0049
v  -0.0354 0.0835 0.0049
v  -0.0286 0.0830 0.0060
v  -0.0204 0.0829 0.0060
v  -0.0354 0.0829 0.0060
v  -0.0286 0.0828 0.0090
v  -0.0204 0.0828 0.0090
v  -0.0353 0.0828 0.0090
v  -0.0239 0.0934 0.0029
v  -0.0289 0.0881 0.0026
v  -0.0279 0.0948 0.0029
v  -0.0340 0.0918 0.0028
v  -0.0347 0.0881 0.0026
v  -0.0286 0.0819 0.0034
v  -0.0286 0.0832 0.0027
v  -0.0204 0.0831 0.0027
v  -0.0204 0.0819 0.0034
v  -0.0354 0.0819 0.0034
v  -0.0354 0.0832 0.0027
v  -0.0286 0.0808 0.0057
v  -0.0204 0.0809 0.0057
v  -0.0354 0.0809 0.0057
v  -0.0239 0.0933 0.0050
v  -0.0218 0.0911 0.0049
v  -0.0218 0.0911 0.0028
v  -0.0279 0.0947 0.0050
v  -0.0340 0.0918 0.0048
v  -0.0317 0.0940 0.0049
v  -0.0317 0.0941 0.0029
v  -0.0204 0.0807 0.0081
v  -0.0353 0.0807 0.0081
v  -0.0204 0.0882 0.0027
v  0.0224 0.0918 0.0036
v  0.0219 0.0913 0.0029
v  0.0229 0.0923 0.0029
v  0.0232 0.0935 0.0029
v  0.0228 0.0935 0.0036
v  0.0206 0.0935 0.0044
v  0.0206 0.0913 0.0036
v  0.0217 0.0916 0.0026
v  0.0206 0.0913 0.0026
v  0.0206 0.0913 0.0020
v  0.0217 0.0916 0.0020
v  0.0225 0.0924 0.0026
v  0.0225 0.0924 0.0020
v  0.0228 0.0935 0.0026
v  0.0228 0.0935 0.0020
v  0.0206 0.0910 0.0029
v  0.0230 0.0895 0.0017
v  0.0206 0.0889 0.0017
v  0.0206 0.0888 -0.0000
v  0.0230 0.0895 -0.0000
v  0.0247 0.0912 0.0017
v  0.0247 0.0912 -0.0000
v  0.0253 0.0935 0.0017
v  0.0253 0.0935 -0.0000
v  0.0189 0.0918 0.0036
v  0.0184 0.0923 0.0029
v  0.0193 0.0913 0.0029
v  0.0184 0.0935 0.0036
v  0.0180 0.0935 0.0029
v  0.0195 0.0916 0.0026
v  0.0195 0.0916 0.0020
v  0.0187 0.0924 0.0026
v  0.0187 0.0924 0.0020
v  0.0184 0.0935 0.0026
v  0.0184 0.0935 0.0020
v  0.0183 0.0895 0.0017
v  0.0183 0.0895 -0.0000
v  0.0166 0.0912 0.0017
v  0.0165 0.0912 -0.0000
v  0.0159 0.0935 0.0017
v  0.0159 0.0935 -0.0000
v  0.0224 0.0953 0.0036
v  0.0229 0.0948 0.0029
v  0.0219 0.0958 0.0029
v  0.0206 0.0958 0.0036
v  0.0217 0.0955 0.0026
v  0.0217 0.0955 0.0020
v  0.0206 0.0958 0.0020
v  0.0206 0.0958 0.0026
v  0.0225 0.0947 0.0026
v  0.0225 0.0947 0.0020
v  0.0206 0.0961 0.0029
v  0.0230 0.0976 0.0017
v  0.0230 0.0976 -0.0000
v  0.0206 0.0983 -0.0000
v  0.0206 0.0982 0.0017
v  0.0247 0.0959 0.0017
v  0.0247 0.0959 -0.0000
v  0.0189 0.0953 0.0036
v  0.0193 0.0958 0.0029
v  0.0184 0.0948 0.0029
v  0.0195 0.0955 0.0026
v  0.0195 0.0955 0.0020
v  0.0187 0.0947 0.0026
v  0.0187 0.0947 0.0020
v  0.0183 0.0976 0.0017
v  0.0183 0.0976 -0.0000
v  0.0166 0.0959 0.0017
v  0.0165 0.0959 -0.0000
v  0.0224 0.0918 -0.0036
v  0.0229 0.0923 -0.0029
v  0.0219 0.0913 -0.0029
v  0.0228 0.0935 -0.0036
v  0.0232 0.0935 -0.0029
v  0.0206 0.0913 -0.0036
v  0.0206 0.0935 -0.0044
v  0.0217 0.0916 -0.0026
v  0.0217 0.0916 -0.0020
v  0.0206 0.0913 -0.0020
v  0.0206 0.0913 -0.0026
v  0.0225 0.0924 -0.0026
v  0.0225 0.0924 -0.0020
v  0.0228 0.0935 -0.0026
v  0.0228 0.0935 -0.0020
v  0.0206 0.0910 -0.0029
v  0.0230 0.0895 -0.0017
v  0.0206 0.0889 -0.0017
v  0.0247 0.0912 -0.0017
v  0.0253 0.0935 -0.0017
v  0.0189 0.0918 -0.0036
v  0.0193 0.0913 -0.0029
v  0.0184 0.0923 -0.0029
v  0.0180 0.0935 -0.0029
v  0.0184 0.0935 -0.0036
v  0.0195 0.0916 -0.0026
v  0.0195 0.0916 -0.0020
v  0.0187 0.0924 -0.0026
v  0.0187 0.0924 -0.0020
v  0.0184 0.0935 -0.0026
v  0.0184 0.0935 -0.0020
v  0.0183 0.0895 -0.0017
v  0.0166 0.0912 -0.0017
v  0.0159 0.0935 -0.0017
v  0.0224 0.0953 -0.0036
v  0.0219 0.0958 -0.0029
v  0.0229 0.0948 -0.0029
v  0.0206 0.0958 -0.0036
v  0.0217 0.0955 -0.0026
v  0.0206 0.0958 -0.0026
v  0.0206 0.0958 -0.0020
v  0.0217 0.0955 -0.0020
v  0.0225 0.0947 -0.0026
v  0.0225 0.0947 -0.0020
v  0.0206 0.0961 -0.0029
v  0.0230 0.0976 -0.0017
v  0.0206 0.0982 -0.0017
v  0.0247 0.0959 -0.0017
v  0.0189 0.0953 -0.0036
v  0.0184 0.0948 -0.0029
v  0.0193 0.0958 -0.0029
v  0.0195 0.0955 -0.0026
v  0.0195 0.0955 -0.0020
v  0.0187 0.0947 -0.0026
v  0.0187 0.0947 -0.0020
v  0.0183 0.0976 -0.0017
v  0.0166 0.0959 -0.0017
v  0.0172 0.0960 0.0031
v  0.0171 0.0906 0.0030
v  0.0202 0.0895 0.0031
v  0.0207 0.0946 0.0032
v  0.0205 0.0985 0.0031
v  0.0172 0.1004 0.0029
v  0.0166 0.0960 0.0039
v  0.0165 0.0906 0.0039
v  0.0165 0.1004 0.0039
v  0.0170 0.0960 0.0059
v  0.0169 0.0907 0.0059
v  0.0169 0.1004 0.0059
v  0.0235 0.0905 0.0019
v  0.0218 0.0897 0.0019
v  0.0205 0.0946 0.0017
v  0.0245 0.0931 0.0019
v  0.0235 0.0964 0.0019
v  0.0203 0.0984 0.0018
v  0.0151 0.0960 0.0036
v  0.0162 0.0960 0.0018
v  0.0162 0.0906 0.0019
v  0.0151 0.0907 0.0036
v  0.0151 0.1004 0.0036
v  0.0163 0.1005 0.0019
v  0.0156 0.0960 0.0062
v  0.0156 0.0907 0.0062
v  0.0156 0.1004 0.0062
v  0.0235 0.0905 0.0033
v  0.0218 0.0897 0.0032
v  0.0244 0.0931 0.0033
v  0.0235 0.0964 0.0033
v  0.0242 0.0948 0.0033
v  0.0242 0.0948 0.0019
v  0.0201 0.0895 0.0018
v  0.0172 0.0960 -0.0031
v  0.0207 0.0946 -0.0032
v  0.0202 0.0895 -0.0031
v  0.0171 0.0906 -0.0030
v  0.0172 0.1004 -0.0029
v  0.0205 0.0985 -0.0031
v  0.0165 0.0906 -0.0039
v  0.0166 0.0960 -0.0039
v  0.0165 0.1004 -0.0039
v  0.0169 0.0907 -0.0059
v  0.0170 0.0960 -0.0059
v  0.0169 0.1004 -0.0059
v  0.0235 0.0905 -0.0019
v  0.0245 0.0931 -0.0019
v  0.0205 0.0946 -0.0017
v  0.0218 0.0897 -0.0019
v  0.0235 0.0964 -0.0019
v  0.0203 0.0984 -0.0018
v  0.0151 0.0960 -0.0036
v  0.0151 0.0907 -0.0036
v  0.0162 0.0906 -0.0019
v  0.0162 0.0960 -0.0018
v  0.0151 0.1004 -0.0036
v  0.0163 0.1005 -0.0019
v  0.0156 0.0960 -0.0062
v  0.0156 0.0907 -0.0062
v  0.0156 0.1004 -0.0062
v  0.0235 0.0905 -0.0033
v  0.0218 0.0897 -0.0032
v  0.0244 0.0931 -0.0033
v  0.0235 0.0964 -0.0033
v  0.0242 0.0948 -0.0019
v  0.0242 0.0948 -0.0033
v  0.0201 0.0895 -0.0018
v  0.0060 0.0808 -0.0000
v  0.0053 0.0808 -0.0029
v  0.0050 0.0829 -0.0027
v  0.0057 0.0829 0.0000
v  0.0031 0.0808 -0.0050
v  0.0030 0.0829 -0.0048
v  0.0002 0.0808 -0.0058
v  0.0002 0.0829 -0.0055
v  -0.0027 0.0808 -0.0050
v  -0.0025 0.0829 -0.0048
v  -0.0048 0.0808 -0.0029
v  -0.0045 0.0829 -0.0027
v  -0.0056 0.0808 -0.0000
v  -0.0053 0.0829 -0.0000
v  -0.0048 0.0808 0.0029
v  -0.0045 0.0829 0.0027
v  -0.0027 0.0808 0.0050
v  -0.0025 0.0829 0.0048
v  0.0002 0.0808 0.0058
v  0.0002 0.0829 0.0055
v  0.0031 0.0808 0.0050
v  0.0030 0.0829 0.0048
v  0.0053 0.0808 0.0029
v  0.0050 0.0829 0.0027
v  0.0030 0.0829 -0.0016
v  0.0035 0.0829 0.0000
v  0.0018 0.0829 -0.0028
v  0.0002 0.0829 -0.0032
v  -0.0014 0.0829 -0.0028
v  -0.0026 0.0829 -0.0016
v  -0.0030 0.0829 -0.0000
v  -0.0026 0.0829 0.0016
v  -0.0014 0.0829 0.0028
v  0.0002 0.0829 0.0032
v  0.0018 0.0829 0.0028
v  0.0030 0.0829 0.0016
v  0.0029 0.0843 -0.0015
v  0.0033 0.0843 0.0000
v  0.0018 0.0843 -0.0027
v  0.0002 0.0843 -0.0031
v  -0.0013 0.0843 -0.0027
v  -0.0024 0.0843 -0.0015
v  -0.0028 0.0843 -0.0000
v  -0.0024 0.0843 0.0015
v  -0.0013 0.0843 0.0027
v  0.0002 0.0843 0.0031
v  0.0018 0.0843 0.0027
v  0.0029 0.0843 0.0015
v  0.0025 0.0848 -0.0006
v  0.0008 0.0848 -0.0023
v  -0.0014 0.0848 -0.0017
v  -0.0021 0.0848 0.0006
v  -0.0004 0.0848 0.0023
v  0.0019 0.0848 0.0017
v  0.0016 0.0925 -0.0014
v  0.0021 0.0925 0.0005
v  -0.0003 0.0925 -0.0018
v  -0.0016 0.0925 -0.0005
v  -0.0011 0.0925 0.0014
v  0.0007 0.0925 0.0018
v  0.0017 0.1010 -0.0014
v  0.0022 0.1010 0.0005
v  -0.0003 0.1010 -0.0020
v  -0.0017 0.1010 -0.0005
v  -0.0012 0.1010 0.0014
v  0.0008 0.1010 0.0020
v  0.0013 0.1013 -0.0011
v  0.0017 0.1013 0.0004
v  -0.0002 0.1013 -0.0015
v  -0.0012 0.1013 -0.0004
v  -0.0008 0.1013 0.0011
v  0.0006 0.1013 0.0015
v  0.0002 0.1013 -0.0000
v  -0.1194 0.0561 0.0091
v  -0.1194 0.0561 -0.0091
v  -0.0606 0.0404 -0.0091
v  -0.0606 0.0404 0.0091
v  -0.1170 0.0652 0.0185
v  -0.0581 0.0495 0.0185
v  -0.0496 0.0812 0.0184
v  -0.1085 0.0970 0.0184
v  -0.1261 0.0677 -0.0091
v  -0.1261 0.0677 0.0091
v  -0.1175 0.0994 0.0091
v  -0.1175 0.0994 -0.0091
v  -0.0581 0.0495 -0.0185
v  -0.1170 0.0652 -0.0185
v  -0.1085 0.0970 -0.0184
v  -0.0496 0.0812 -0.0184
v  -0.0490 0.0470 0.0091
v  -0.0490 0.0470 -0.0091
v  -0.0406 0.0788 -0.0091
v  -0.0406 0.0788 0.0091
v  -0.0532 0.0408 0.0091
v  -0.0540 0.0423 0.0150
v  -0.0600 0.0427 0.0162
v  -0.1188 0.0584 0.0162
v  -0.1242 0.0611 0.0150
v  -0.1256 0.0603 0.0091
v  -0.1256 0.0603 -0.0091
v  -0.1242 0.0611 -0.0150
v  -0.1188 0.0584 -0.0162
v  -0.0600 0.0427 -0.0162
v  -0.0540 0.0423 -0.0150
v  -0.0532 0.0408 -0.0091
v  -0.1238 0.0671 0.0162
v  -0.0513 0.0477 0.0162
v  -0.1238 0.0671 -0.0162
v  -0.0513 0.0477 -0.0162
v  -0.1152 0.0987 0.0161
v  -0.0429 0.0794 0.0161
v  -0.1152 0.0987 -0.0161
v  -0.0429 0.0794 -0.0161
v  -0.0602 0.0433 -0.0087
v  -0.1183 0.0588 -0.0087
v  -0.1183 0.0588 0.0087
v  -0.0602 0.0433 0.0087
v  -0.0498 0.0821 0.0161
v  -0.0584 0.0500 0.0157
v  -0.1165 0.0655 0.0157
v  -0.1079 0.0976 0.0161
v  -0.1151 0.0995 0.0087
v  -0.1232 0.0674 0.0087
v  -0.1232 0.0674 -0.0087
v  -0.1151 0.0995 -0.0087
v  -0.1079 0.0976 -0.0161
v  -0.1165 0.0655 -0.0157
v  -0.0584 0.0500 -0.0157
v  -0.0498 0.0821 -0.0161
v  -0.0427 0.0801 -0.0087
v  -0.0517 0.0482 -0.0087
v  -0.0517 0.0482 0.0087
v  -0.0427 0.0801 0.0087
v  -0.0557 0.0453 0.0126
v  -0.0546 0.0434 0.0087
v  -0.0598 0.0448 0.0141
v  -0.1212 0.0628 0.0126
v  -0.1179 0.0603 0.0141
v  -0.1231 0.0617 0.0087
v  -0.1212 0.0628 -0.0126
v  -0.1231 0.0617 -0.0087
v  -0.1175 0.0611 -0.0132
v  -0.0557 0.0453 -0.0126
v  -0.0598 0.0448 -0.0141
v  -0.0546 0.0434 -0.0087
v  -0.1208 0.0668 0.0132
v  -0.0540 0.0489 0.0132
v  -0.1208 0.0668 -0.0132
v  -0.0540 0.0489 -0.0132
v  -0.1133 0.0991 0.0143
v  -0.0444 0.0806 0.0143
v  -0.1133 0.0991 -0.0143
v  -0.0444 0.0806 -0.0143
# 1196 vertices

vn -0.1587 -0.9745 0.1587
vn -0.1587 -0.9745 -0.1587
vn 0.1587 -0.9745 -0.1587
vn 0.1587 -0.9745 0.1587
vn -0.1587 -0.1582 0.9746
vn 0.1587 -0.1582 0.9746
vn 0.1516 0.5440 0.8253
vn -0.1516 0.5440 0.8253
vn 0.9746 -0.1581 0.1587
vn 0.9746 -0.1581 -0.1587
vn 0.7981 0.5879 -0.1322
vn 0.7981 0.5879 0.1322
vn 0.1587 -0.1582 -0.9746
vn -0.1587 -0.1582 -0.9746
vn -0.1516 0.5440 -0.8253
vn 0.1516 0.5440 -0.8253
vn -0.9746 -0.1581 -0.1587
vn -0.9746 -0.1581 0.1587
vn -0.7981 0.5879 0.1322
vn -0.7981 0.5879 -0.1322
vn -0.1340 -0.7007 0.7007
vn -0.5774 -0.5774 0.5774
vn -0.7007 -0.7007 0.1340
vn -0.7007 -0.7007 -0.1340
vn -0.5774 -0.5774 -0.5774
vn -0.1340 -0.7007 -0.7007
vn 0.1340 -0.7007 -0.7007
vn 0.5774 -0.5774 -0.5774
vn 0.7007 -0.7007 -0.1340
vn 0.7007 -0.7007 0.1340
vn 0.5774 -0.5774 0.5774
vn 0.1340 -0.7007 0.7007
vn -0.7008 -0.1335 0.7008
vn 0.7008 -0.1335 0.7008
vn 0.7008 -0.1335 -0.7008
vn -0.7008 -0.1335 -0.7008
vn 0.6049 0.5351 0.5897
vn -0.6049 0.5351 0.5897
vn 0.6049 0.5351 -0.5897
vn -0.6049 0.5351 -0.5897
vn 0.1104 0.7051 0.7004
vn -0.1104 0.7051 0.7004
vn 0.5539 0.8276 -0.0913
vn 0.5539 0.8276 0.0913
vn -0.1104 0.7051 -0.7004
vn 0.1104 0.7051 -0.7004
vn -0.5539 0.8276 0.0913
vn -0.5539 0.8276 -0.0913
vn 0.3779 0.8356 0.3986
vn -0.3779 0.8356 0.3986
vn 0.3779 0.8356 -0.3986
vn -0.3779 0.8356 -0.3986
vn 0.0758 0.7832 0.6171
vn -0.0758 0.7832 0.6171
vn 0.5181 0.8512 -0.0834
vn 0.5181 0.8512 0.0834
vn -0.0758 0.7832 -0.6171
vn 0.0758 0.7832 -0.6171
vn -0.5181 0.8512 0.0834
vn -0.5181 0.8512 -0.0834
vn 0.3965 0.7941 0.4607
vn -0.3965 0.7941 0.4607
vn 0.3965 0.7941 -0.4607
vn -0.3965 0.7941 -0.4607
vn 0.0040 1.0000 -0.0060
vn -0.0040 1.0000 -0.0060
vn -0.0040 1.0000 0.0060
vn 0.0040 1.0000 0.0060
vn 0.7101 0.0000 0.7041
vn 0.7056 0.0029 -0.7086
vn 0.7098 0.0051 0.7043
vn -0.9116 0.0079 0.4110
vn -1.0000 0.0039 -0.0000
vn -0.7894 -0.6139 -0.0000
vn -0.9258 0.0008 0.3779
vn -0.6471 0.0004 0.7624
vn 0.6448 0.0009 0.7643
vn -0.0000 0.7090 0.7053
vn 0.7098 -0.0083 0.7043
vn 0.7053 -0.0023 -0.7089
vn 0.7100 -0.0021 0.7042
vn 0.5752 0.5795 -0.5773
vn 0.5836 0.5684 0.5799
vn -0.9364 0.0000 0.3510
vn -0.7071 0.0000 0.7071
vn -0.0032 -0.6329 0.7742
vn -0.0012 0.0000 1.0000
vn -0.6623 -0.0000 0.7492
vn -0.3680 0.3697 0.8532
vn 0.0000 0.6365 0.7713
vn 0.0007 0.0000 1.0000
vn 0.6567 -0.0001 0.7542
vn -0.3914 0.3738 0.8409
vn -0.6485 -0.0023 0.7612
vn 0.5818 -0.5711 0.5792
vn -0.0014 0.6349 0.7726
vn 0.0058 -0.0048 1.0000
vn 0.6495 -0.0024 0.7603
vn -0.3851 0.4382 0.8122
vn 0.0058 0.0048 1.0000
vn 0.6514 0.0074 0.7587
vn -0.0003 0.7142 0.7000
vn 0.0068 -0.6255 0.7802
vn -0.6462 0.0026 0.7632
vn 0.3769 -0.4743 0.7956
vn -0.6876 -0.0000 -0.7261
vn -0.8333 0.3539 -0.4246
vn -0.9258 -0.0009 0.3780
vn -0.8327 -0.3537 -0.4260
vn -0.0035 0.6563 0.7545
vn 0.3654 0.3728 0.8529
vn -0.3936 -0.3735 0.8400
vn 0.3672 -0.3728 0.8522
vn -0.9116 -0.0079 0.4110
vn 0.0144 -0.0001 0.9999
vn -0.3223 -0.3444 0.8818
vn -0.4936 -0.7160 0.4936
vn -0.5539 0.6217 0.5537
vn -0.3409 0.3374 0.8775
vn -0.7218 -0.6251 0.2972
vn -0.4138 -0.0079 0.9103
vn -0.9997 -0.0000 -0.0234
vn -0.8744 0.3526 0.3333
vn -0.2979 -0.6246 0.7219
vn -0.5468 -0.6343 0.5465
vn -0.8782 -0.3599 0.3152
vn -0.3770 -0.0016 0.9262
vn -0.3386 -0.3372 0.8784
vn -0.7218 0.6251 0.2972
vn -0.5455 0.6365 0.5453
vn -0.3246 0.3447 0.8808
vn -0.4138 0.0079 0.9103
vn -0.9997 -0.0001 -0.0234
vn -0.8772 0.3601 0.3175
vn -0.3770 0.0015 0.9262
vn -0.4934 0.7163 0.4934
vn -0.5554 -0.6191 0.5552
vn -0.8753 -0.3524 0.3310
vn -0.2980 0.6245 0.7219
vn -0.6660 -0.0000 0.7460
vn -0.3960 0.3619 0.8439
vn -0.3982 -0.3620 0.8429
vn 0.0070 0.6285 0.7777
vn 0.3765 0.4754 0.7951
vn -0.3928 -0.3746 0.8399
vn -0.3469 0.0000 0.9379
vn 0.6945 -0.0000 0.7195
vn 0.4047 -0.3770 0.8331
vn 0.4024 0.3772 0.8341
vn 0.0018 -0.6313 0.7756
vn -0.3885 -0.4386 0.8104
vn 0.3909 0.3771 0.8396
vn 0.6446 -0.0030 0.7645
vn 0.3928 -0.3771 0.8388
vn 0.0023 -0.7144 0.6997
vn 0.0000 0.6218 0.7832
vn 0.3806 0.3713 0.8469
vn -0.0031 -0.7103 0.7039
vn -0.3939 0.3627 0.8446
vn 0.3914 -0.3764 0.8397
vn 0.0000 -0.7142 0.7000
vn 0.3911 0.3690 0.8432
vn -0.0003 -0.7142 0.7000
vn -0.6468 -0.0025 0.7627
vn -0.3803 0.3687 0.8482
vn 0.0031 -0.7102 0.7040
vn 0.0000 0.7145 0.6997
vn 0.0000 -0.6192 0.7852
vn -0.3939 -0.3660 0.8432
vn 0.3932 -0.3690 0.8422
vn 0.0008 0.6332 0.7740
vn 0.3905 0.3774 0.8397
vn -0.3696 -0.3696 0.8525
vn -0.3884 0.3737 0.8423
vn -0.3826 -0.3685 0.8473
vn 0.0068 0.7105 0.7036
vn 0.3938 -0.3688 0.8420
vn 0.5429 -0.0018 0.8398
vn -0.0038 -0.6326 0.7744
vn -0.5871 0.0028 0.8095
vn -0.6983 0.7159 -0.0000
vn -0.0034 -0.6547 0.7558
vn 0.5752 -0.5795 -0.5773
vn -0.7883 0.6153 -0.0000
vn -1.0000 -0.0039 -0.0000
vn -0.6983 -0.7159 -0.0000
vn -0.6866 0.0013 -0.7271
vn -0.9998 0.0023 0.0188
vn -0.7509 -0.0352 -0.6594
vn 0.7933 -0.6089 -0.0000
vn 1.0000 0.0039 -0.0000
vn 0.8797 0.0147 -0.4754
vn 0.9187 0.0040 -0.3950
vn 0.6448 0.0009 -0.7643
vn -0.6471 0.0004 -0.7624
vn -0.0000 0.7090 -0.7053
vn -0.6851 -0.0018 -0.7284
vn -0.6986 -0.0177 -0.7153
vn -0.7500 0.0453 -0.6599
vn -0.2846 0.9112 -0.2978
vn -0.5636 0.5750 -0.5931
vn 0.7145 0.0000 -0.6997
vn 0.9904 -0.0000 -0.1383
vn -0.6623 -0.0000 -0.7492
vn -0.0012 0.0000 -1.0000
vn -0.0032 -0.6329 -0.7742
vn -0.3680 0.3697 -0.8532
vn 0.6567 -0.0001 -0.7542
vn 0.0007 0.0000 -1.0000
vn 0.0000 0.6365 -0.7713
vn -0.3914 0.3738 -0.8409
vn -0.6688 -0.0083 -0.7434
vn -0.2782 -0.9142 -0.2947
vn 0.6495 -0.0023 -0.7603
vn -0.0323 -0.0048 -0.9995
vn -0.0125 0.6307 -0.7759
vn -0.3850 0.4383 -0.8122
vn 0.6514 0.0073 -0.7587
vn -0.0323 0.0048 -0.9995
vn -0.0134 0.7052 -0.7089
vn -0.6557 -0.0034 -0.7550
vn -0.0514 -0.6609 -0.7487
vn 0.3767 -0.4751 -0.7952
vn 0.8583 0.3364 -0.3875
vn 0.9482 0.0000 -0.3177
vn 0.9187 -0.0041 -0.3950
vn 0.8577 -0.3362 -0.3890
vn 0.3654 0.3728 -0.8529
vn -0.0035 0.6563 -0.7545
vn -0.3936 -0.3735 -0.8400
vn 0.3672 -0.3728 -0.8522
vn 0.8737 -0.3319 -0.3556
vn 0.9788 0.0000 -0.2047
vn 0.8797 -0.0147 -0.4753
vn 0.8459 0.3145 -0.4307
vn 0.5524 0.6241 -0.5526
vn 0.5040 -0.7015 -0.5039
vn 0.4924 -0.8426 -0.2180
vn 0.3950 0.3320 -0.8566
vn 0.4607 0.0003 -0.8875
vn 0.6040 -0.0144 -0.7968
vn 0.2169 -0.8439 -0.4907
vn 0.3246 -0.3544 -0.8770
vn 0.5459 -0.6354 -0.5461
vn 0.3970 0.0088 -0.9178
vn 0.8471 -0.3144 -0.4284
vn 0.9788 -0.0001 -0.2048
vn 0.4924 0.8426 -0.2180
vn 0.8727 0.3321 -0.3580
vn 0.5446 0.6376 -0.5448
vn 0.3269 0.3546 -0.8760
vn 0.4609 -0.0003 -0.8875
vn 0.6041 0.0144 -0.7968
vn 0.3969 -0.0089 -0.9178
vn 0.3927 -0.3320 -0.8577
vn 0.5539 -0.6215 -0.5540
vn 0.5038 0.7017 -0.5037
vn 0.2169 0.8439 -0.4908
vn -0.5501 0.4391 -0.7103
vn -0.9997 -0.0001 0.0247
vn -0.5526 -0.4383 -0.7089
vn 0.3763 0.4761 -0.7948
vn -0.0394 0.6536 -0.7558
vn -0.3942 -0.3747 -0.8392
vn 0.1847 -0.4344 -0.8816
vn 0.7349 -0.0001 0.6782
vn 0.8122 0.0000 0.5834
vn 0.1820 0.4343 -0.8822
vn -0.3884 -0.4387 -0.8103
vn -0.0095 -0.6270 -0.7789
vn 0.3910 0.3771 -0.8396
vn 0.3928 -0.3771 -0.8388
vn 0.6446 -0.0030 -0.7645
vn 0.3806 0.3713 -0.8469
vn 0.0002 0.6233 -0.7820
vn -0.0121 -0.7159 -0.6981
vn -0.0030 -0.7103 -0.7039
vn -0.4024 0.3908 -0.8279
vn 0.3914 -0.3764 -0.8397
vn 0.3911 0.3691 -0.8431
vn 0.0000 0.6218 -0.7832
vn -0.0000 -0.7142 -0.7000
vn -0.0134 -0.7052 -0.7089
vn -0.3803 0.3687 -0.8482
vn -0.6468 -0.0025 -0.7627
vn 0.0031 -0.7102 -0.7040
vn -0.3939 -0.3660 -0.8432
vn 0.0000 -0.6192 -0.7852
vn -0.0000 0.7145 -0.6997
vn 0.3933 -0.3691 -0.8421
vn 0.3905 0.3774 -0.8397
vn 0.0008 0.6332 -0.7740
vn -0.3696 -0.3696 -0.8525
vn -0.3895 0.3737 -0.8418
vn -0.3841 -0.3688 -0.8464
vn 0.0000 0.7146 -0.6996
vn -0.0187 0.7148 -0.6991
vn 0.3938 -0.3688 -0.8420
vn 0.5429 -0.0018 -0.8398
vn -0.0038 -0.6326 -0.7744
vn -0.5871 0.0028 -0.8095
vn 0.7098 0.7044 0.0000
vn -0.0034 -0.6547 -0.7558
vn -0.5636 -0.5750 -0.5931
vn 0.7922 0.6103 -0.0000
vn 1.0000 -0.0039 0.0000
vn 0.7098 -0.7044 0.0000
vn 0.7101 0.0000 -0.7041
vn 0.7098 0.0051 -0.7043
vn 0.7056 0.0029 0.7086
vn -0.9116 0.0079 -0.4110
vn -0.9258 0.0008 -0.3779
vn 0.7098 -0.0083 -0.7043
vn 0.7100 -0.0021 -0.7042
vn 0.7053 -0.0023 0.7089
vn 0.5752 0.5795 0.5773
vn 0.5836 0.5684 -0.5799
vn -0.9364 0.0000 -0.3510
vn -0.7071 0.0000 -0.7071
vn 0.5818 -0.5711 -0.5792
vn -0.6485 -0.0023 -0.7612
vn -0.0014 0.6349 -0.7726
vn -0.3851 0.4382 -0.8122
vn 0.6495 -0.0024 -0.7603
vn 0.0058 -0.0048 -1.0000
vn 0.0058 0.0048 -1.0000
vn -0.0003 0.7142 -0.7000
vn 0.6514 0.0074 -0.7587
vn 0.0068 -0.6255 -0.7802
vn 0.3769 -0.4743 -0.7956
vn -0.6462 0.0026 -0.7632
vn -0.9258 -0.0009 -0.3780
vn -0.8333 0.3539 0.4246
vn -0.6876 -0.0000 0.7261
vn -0.8327 -0.3537 0.4260
vn -0.9116 -0.0079 -0.4110
vn -0.3223 -0.3444 -0.8818
vn 0.0144 -0.0001 -0.9999
vn -0.4936 -0.7160 -0.4936
vn -0.7218 -0.6251 -0.2972
vn -0.3409 0.3374 -0.8775
vn -0.5539 0.6217 -0.5537
vn -0.4138 -0.0079 -0.9103
vn -0.2979 -0.6246 -0.7219
vn -0.8744 0.3526 -0.3333
vn -0.9997 -0.0000 0.0234
vn -0.3770 -0.0016 -0.9262
vn -0.8782 -0.3599 -0.3152
vn -0.5468 -0.6343 -0.5465
vn -0.7218 0.6251 -0.2972
vn -0.3386 -0.3372 -0.8784
vn -0.3246 0.3447 -0.8808
vn -0.5455 0.6365 -0.5453
vn -0.4138 0.0079 -0.9103
vn -0.3770 0.0015 -0.9262
vn -0.8772 0.3601 -0.3175
vn -0.9997 -0.0001 0.0234
vn -0.4934 0.7163 -0.4934
vn -0.2980 0.6245 -0.7219
vn -0.8753 -0.3524 -0.3310
vn -0.5554 -0.6191 -0.5552
vn -0.3960 0.3619 -0.8439
vn -0.6660 -0.0000 -0.7460
vn -0.3982 -0.3620 -0.8429
vn 0.0070 0.6285 -0.7777
vn -0.3928 -0.3746 -0.8399
vn 0.3765 0.4754 -0.7951
vn -0.3469 0.0000 -0.9379
vn 0.4047 -0.3770 -0.8331
vn 0.6945 -0.0000 -0.7195
vn 0.4024 0.3772 -0.8341
vn 0.0018 -0.6313 -0.7756
vn 0.3909 0.3771 -0.8396
vn -0.3885 -0.4386 -0.8104
vn 0.0023 -0.7144 -0.6997
vn -0.0031 -0.7103 -0.7039
vn -0.3939 0.3627 -0.8446
vn 0.0000 -0.7142 -0.7000
vn -0.0003 -0.7142 -0.7000
vn 0.3911 0.3690 -0.8432
vn 0.0000 0.7145 -0.6997
vn 0.3932 -0.3690 -0.8422
vn -0.3884 0.3737 -0.8423
vn 0.0068 0.7105 -0.7036
vn -0.3826 -0.3685 -0.8473
vn 0.5752 -0.5795 0.5773
vn -0.6866 0.0013 0.7271
vn -0.7509 -0.0352 0.6594
vn -0.9998 0.0023 -0.0188
vn 0.9187 0.0040 0.3950
vn 0.8797 0.0147 0.4754
vn -0.6851 -0.0018 0.7284
vn -0.7500 0.0453 0.6599
vn -0.6986 -0.0177 0.7153
vn -0.5636 0.5750 0.5931
vn -0.2846 0.9112 0.2978
vn 0.7145 0.0000 0.6997
vn 0.9904 -0.0000 0.1383
vn -0.6688 -0.0083 0.7434
vn -0.2782 -0.9142 0.2947
vn 0.6495 -0.0023 0.7603
vn -0.3850 0.4383 0.8122
vn -0.0125 0.6307 0.7759
vn -0.0323 -0.0048 0.9995
vn 0.6514 0.0073 0.7587
vn -0.0134 0.7052 0.7089
vn -0.0323 0.0048 0.9995
vn -0.6557 -0.0034 0.7550
vn 0.3767 -0.4751 0.7952
vn -0.0514 -0.6609 0.7487
vn 0.8583 0.3364 0.3875
vn 0.9187 -0.0041 0.3950
vn 0.9482 0.0000 0.3177
vn 0.8577 -0.3362 0.3890
vn 0.8737 -0.3319 0.3556
vn 0.8797 -0.0147 0.4753
vn 0.9788 0.0000 0.2047
vn 0.8459 0.3145 0.4307
vn 0.4924 -0.8426 0.2180
vn 0.5040 -0.7015 0.5039
vn 0.5524 0.6241 0.5526
vn 0.3950 0.3320 0.8566
vn 0.2169 -0.8439 0.4907
vn 0.6040 -0.0144 0.7968
vn 0.4607 0.0003 0.8875
vn 0.3246 -0.3544 0.8770
vn 0.3970 0.0088 0.9178
vn 0.5459 -0.6354 0.5461
vn 0.8471 -0.3144 0.4284
vn 0.4924 0.8426 0.2180
vn 0.9788 -0.0001 0.2048
vn 0.8727 0.3321 0.3580
vn 0.5446 0.6376 0.5448
vn 0.3269 0.3546 0.8760
vn 0.3969 -0.0089 0.9178
vn 0.6041 0.0144 0.7968
vn 0.4609 -0.0003 0.8875
vn 0.3927 -0.3320 0.8577
vn 0.2169 0.8439 0.4908
vn 0.5038 0.7017 0.5037
vn 0.5539 -0.6215 0.5540
vn -0.5501 0.4391 0.7103
vn -0.9997 -0.0001 -0.0247
vn -0.5526 -0.4383 0.7089
vn 0.3763 0.4761 0.7948
vn -0.3942 -0.3747 0.8392
vn -0.0394 0.6536 0.7558
vn 0.1847 -0.4344 0.8816
vn 0.8122 0.0000 -0.5834
vn 0.7349 -0.0001 -0.6782
vn 0.1820 0.4343 0.8822
vn -0.3884 -0.4387 0.8103
vn 0.3910 0.3771 0.8396
vn -0.0095 -0.6270 0.7789
vn -0.0030 -0.7103 0.7039
vn -0.0121 -0.7159 0.6981
vn 0.0002 0.6233 0.7820
vn -0.4024 0.3908 0.8279
vn 0.3911 0.3691 0.8431
vn -0.0134 -0.7052 0.7089
vn -0.0000 -0.7142 0.7000
vn -0.0000 0.7145 0.6997
vn 0.3933 -0.3691 0.8421
vn -0.3895 0.3737 0.8418
vn -0.3841 -0.3688 0.8464
vn -0.0187 0.7148 0.6991
vn 0.0000 0.7146 0.6996
vn -0.5636 -0.5750 0.5931
vn -0.0267 0.7718 0.6353
vn 0.2583 0.6253 0.7364
vn 0.3314 0.9435 0.0000
vn -0.0522 0.9986 -0.0000
vn -0.2228 -0.7359 0.6394
vn -0.2936 -0.9559 -0.0000
vn 0.1078 -0.9942 0.0000
vn 0.1107 -0.6922 0.7131
vn -0.5907 0.4584 0.6641
vn 0.1467 0.7765 0.6128
vn 0.6083 0.4642 0.6439
vn 0.7950 0.6066 0.0000
vn 0.1701 0.9854 0.0000
vn -0.0351 0.6615 0.7491
vn -0.1280 0.9918 -0.0000
vn 0.1458 -0.7681 0.6235
vn 0.7422 -0.3186 0.5895
vn 0.0416 -0.6747 0.7369
vn -0.7512 -0.0021 0.6601
vn -0.6436 -0.3377 0.6869
vn 0.9198 -0.3923 0.0000
vn 0.1423 -0.6592 0.7383
vn 0.1212 0.6755 0.7273
vn 0.1053 0.9944 0.0000
vn 0.1200 -0.9928 -0.0000
vn -0.8859 -0.4638 -0.0000
vn -0.7057 -0.7086 -0.0000
vn -0.5117 -0.5172 0.6861
vn -0.7906 0.6123 -0.0000
vn -1.0000 -0.0075 -0.0000
vn 0.1706 -0.9853 -0.0000
vn -0.0150 -0.9999 -0.0000
vn -0.0267 0.7718 -0.6353
vn 0.2583 0.6253 -0.7364
vn -0.2228 -0.7359 -0.6394
vn 0.1107 -0.6922 -0.7131
vn -0.5907 0.4584 -0.6641
vn 0.1467 0.7765 -0.6128
vn 0.6083 0.4642 -0.6439
vn -0.0351 0.6615 -0.7491
vn 0.1458 -0.7681 -0.6235
vn 0.0416 -0.6747 -0.7369
vn 0.7422 -0.3186 -0.5895
vn -0.7512 -0.0021 -0.6601
vn -0.6436 -0.3377 -0.6869
vn 0.1212 0.6755 -0.7273
vn 0.1423 -0.6592 -0.7383
vn -0.5117 -0.5172 -0.6861
vn 0.8191 -0.0000 0.5736
vn 0.7094 0.4096 0.5736
vn 0.0000 -0.0000 1.0000
vn 0.4096 0.7094 0.5736
vn 0.0000 0.8192 0.5736
vn -0.4096 0.7094 0.5736
vn -0.7094 0.4096 0.5736
vn -0.8192 -0.0000 0.5736
vn -0.7094 -0.4096 0.5736
vn -0.4096 -0.7094 0.5736
vn -0.0000 -0.8192 0.5736
vn 0.4096 -0.7094 0.5736
vn 0.7094 -0.4096 0.5736
vn 0.8660 0.5000 -0.0000
vn 0.7741 0.4469 -0.4483
vn 0.8939 -0.0000 -0.4483
vn 1.0000 -0.0000 -0.0000
vn 0.5000 0.8660 -0.0000
vn 0.4469 0.7741 -0.4483
vn -0.0000 1.0000 0.0000
vn 0.0000 0.8939 -0.4483
vn -0.5000 0.8660 0.0000
vn -0.4469 0.7741 -0.4483
vn -0.8660 0.5000 -0.0000
vn -0.7741 0.4469 -0.4483
vn -1.0000 0.0000 0.0000
vn -0.8939 -0.0000 -0.4483
vn -0.8660 -0.5000 0.0000
vn -0.7741 -0.4469 -0.4483
vn -0.5000 -0.8660 -0.0000
vn -0.4469 -0.7741 -0.4483
vn -0.0000 -1.0000 -0.0000
vn 0.0000 -0.8939 -0.4483
vn 0.5000 -0.8660 -0.0000
vn 0.4469 -0.7741 -0.4483
vn 0.8660 -0.5000 -0.0000
vn 0.7741 -0.4469 -0.4483
vn 0.7984 0.4610 -0.3874
vn 0.9219 0.0000 -0.3874
vn 0.4610 0.7984 -0.3874
vn -0.0000 0.9219 -0.3874
vn -0.4610 0.7984 -0.3874
vn -0.7984 0.4610 -0.3874
vn -0.9219 0.0000 -0.3874
vn -0.7984 -0.4609 -0.3874
vn -0.4610 -0.7984 -0.3874
vn -0.0000 -0.9219 -0.3874
vn 0.4610 -0.7984 -0.3874
vn 0.7984 -0.4610 -0.3874
vn 0.7565 0.0000 0.6540
vn 0.6552 0.3783 0.6540
vn -0.0000 0.0000 1.0000
vn 0.3783 0.6552 0.6540
vn 0.0000 0.7565 0.6540
vn -0.3783 0.6552 0.6540
vn -0.6552 0.3783 0.6540
vn -0.7565 -0.0000 0.6540
vn -0.6552 -0.3783 0.6540
vn -0.3783 -0.6552 0.6540
vn -0.0000 -0.7565 0.6540
vn 0.3783 -0.6552 0.6540
vn 0.6552 -0.3783 0.6540
vn 0.8660 0.5000 0.0063
vn 1.0000 -0.0000 0.0063
vn 0.5000 0.8660 0.0063
vn 0.0000 1.0000 -0.0000
vn 0.0000 1.0000 0.0063
vn -0.5000 0.8660 -0.0000
vn -0.5000 0.8660 0.0063
vn -0.8660 0.5000 0.0063
vn -1.0000 -0.0000 -0.0000
vn -1.0000 0.0000 0.0063
vn -0.8660 -0.5000 -0.0000
vn -0.8660 -0.5000 0.0063
vn -0.5000 -0.8660 0.0000
vn -0.5000 -0.8660 0.0063
vn 0.0000 -1.0000 -0.0000
vn 0.0000 -1.0000 0.0063
vn 0.5000 -0.8660 0.0063
vn 0.8660 -0.5000 0.0063
vn 0.8191 -0.0000 -0.5736
vn 0.0000 -0.0000 -1.0000
vn 0.7094 0.4096 -0.5736
vn 0.4096 0.7094 -0.5736
vn 0.0000 0.8192 -0.5736
vn -0.4096 0.7094 -0.5736
vn -0.7094 0.4096 -0.5736
vn -0.8192 -0.0000 -0.5736
vn -0.7094 -0.4096 -0.5736
vn -0.4096 -0.7094 -0.5736
vn -0.0000 -0.8192 -0.5736
vn 0.4096 -0.7094 -0.5736
vn 0.7094 -0.4096 -0.5736
vn 0.8939 -0.0000 0.4483
vn 0.7741 0.4469 0.4483
vn 0.4469 0.7741 0.4483
vn 0.0000 0.8939 0.4483
vn -0.4469 0.7741 0.4483
vn -0.7741 0.4469 0.4483
vn -0.8939 -0.0000 0.4483
vn -0.7741 -0.4469 0.4483
vn -0.4469 -0.7741 0.4483
vn 0.0000 -0.8939 0.4483
vn 0.4469 -0.7741 0.4483
vn 0.7741 -0.4469 0.4483
vn 0.7984 0.4610 0.3874
vn 0.9219 0.0000 0.3874
vn 0.4610 0.7984 0.3874
vn -0.0000 0.9219 0.3874
vn -0.4610 0.7984 0.3874
vn -0.7984 0.4610 0.3874
vn -0.9219 0.0000 0.3874
vn -0.7984 -0.4609 0.3874
vn -0.4610 -0.7984 0.3874
vn -0.0000 -0.9219 0.3874
vn 0.4610 -0.7984 0.3874
vn 0.7984 -0.4610 0.3874
vn 0.7565 0.0000 -0.6540
vn -0.0000 0.0000 -1.0000
vn 0.6552 0.3783 -0.6540
vn 0.3783 0.6552 -0.6540
vn 0.0000 0.7565 -0.6540
vn -0.3783 0.6552 -0.6540
vn -0.6552 0.3783 -0.6540
vn -0.7565 -0.0000 -0.6540
vn -0.6552 -0.3783 -0.6540
vn -0.3783 -0.6552 -0.6540
vn -0.0000 -0.7565 -0.6540
vn 0.3783 -0.6552 -0.6540
vn 0.6552 -0.3783 -0.6540
vn 1.0000 -0.0000 -0.0063
vn 0.8660 0.5000 -0.0063
vn 0.5000 0.8660 -0.0063
vn 0.0000 1.0000 -0.0063
vn -0.5000 0.8660 -0.0063
vn -0.8660 0.5000 -0.0063
vn -1.0000 0.0000 -0.0063
vn -0.8660 -0.5000 -0.0063
vn -0.5000 -0.8660 -0.0063
vn 0.0000 -1.0000 -0.0063
vn 0.5000 -0.8660 -0.0063
vn 0.8660 -0.5000 -0.0063
vn 0.9999 0.0111 -0.0000
vn 0.8654 0.0099 -0.5010
vn 0.6571 0.6508 -0.3804
vn 0.7573 0.6531 -0.0003
vn 0.4979 0.0072 -0.8672
vn 0.3780 0.6489 -0.6604
vn 0.0000 0.0055 -1.0000
vn 0.0005 0.6448 -0.7644
vn -0.4979 0.0072 -0.8672
vn -0.3800 0.6463 -0.6618
vn -0.8654 0.0099 -0.5010
vn -0.6554 0.6525 -0.3804
vn -0.9999 0.0111 -0.0000
vn -0.7573 0.6531 0.0003
vn -0.8654 0.0099 0.5010
vn -0.6571 0.6508 0.3804
vn -0.4979 0.0072 0.8672
vn -0.3780 0.6489 0.6604
vn -0.0000 0.0055 1.0000
vn -0.0004 0.6448 0.7644
vn 0.4979 0.0072 0.8672
vn 0.3800 0.6463 0.6618
vn 0.8654 0.0099 0.5010
vn 0.6554 0.6525 0.3804
vn 0.3945 0.8275 -0.3996
vn 0.5322 0.8343 0.1442
vn -0.1454 0.8185 -0.5558
vn -0.5322 0.8343 -0.1442
vn -0.3945 0.8275 0.3996
vn 0.1454 0.8185 0.5558
vn 0.6376 0.4233 -0.6436
vn 0.8742 0.4233 0.2377
vn -0.2324 0.4212 -0.8767
vn -0.8742 0.4233 -0.2377
vn -0.6376 0.4233 0.6436
vn 0.2324 0.4212 0.8767
vn -0.0006 0.5250 -0.8511
vn -0.0044 -0.0049 -1.0000
vn 0.7366 0.1619 -0.6567
vn 0.8515 0.2720 -0.4484
vn -0.8510 0.3256 -0.4120
vn -0.7005 0.1223 -0.7031
vn 0.7602 0.6261 -0.1736
vn -0.0006 0.9643 -0.2649
vn -0.7611 0.6249 -0.1739
vn 0.6178 0.7847 -0.0502
vn 0.0001 0.9977 -0.0675
vn -0.6169 0.7855 -0.0494
vn 0.4144 0.6660 0.6203
vn 0.0608 0.7793 0.6237
vn 0.0019 0.0181 0.9998
vn -0.6770 0.3878 0.6256
vn -0.7009 0.1198 0.7032
vn -0.0004 -0.7378 0.6750
vn 0.6443 -0.5667 0.5136
vn 0.6504 -0.2096 0.7301
vn -0.0002 -0.2663 0.9639
vn -0.6436 -0.5653 0.5159
vn -0.6699 -0.1599 0.7251
vn -0.0004 -0.9053 0.4248
vn 0.8678 -0.4512 0.2084
vn -0.8678 -0.4511 0.2083
vn 0.4065 0.6143 -0.6763
vn 0.6075 0.4452 0.6578
vn 0.6118 0.4019 -0.6813
vn 0.0477 0.7389 -0.6721
vn -0.6757 0.3563 -0.6454
vn -0.3450 0.7015 0.6236
vn -0.3563 0.6615 -0.6599
vn 1.0000 -0.0018 -0.0037
vn -1.0000 -0.0018 -0.0037
vn 0.7295 0.1681 0.6630
vn -0.0006 0.5250 0.8511
vn 0.8515 0.2720 0.4484
vn 0.7366 0.1619 0.6567
vn -0.0044 -0.0049 1.0000
vn -0.7005 0.1223 0.7031
vn -0.8510 0.3256 0.4120
vn -0.0006 0.9643 0.2649
vn 0.7602 0.6261 0.1736
vn -0.7611 0.6249 0.1739
vn 0.0001 0.9977 0.0675
vn 0.6178 0.7847 0.0502
vn -0.6169 0.7855 0.0494
vn 0.4144 0.6660 -0.6203
vn 0.0019 0.0181 -0.9998
vn 0.0608 0.7793 -0.6237
vn -0.6770 0.3878 -0.6256
vn -0.7009 0.1198 -0.7032
vn -0.0004 -0.7378 -0.6750
vn -0.0002 -0.2663 -0.9639
vn 0.6504 -0.2096 -0.7301
vn 0.6443 -0.5667 -0.5136
vn -0.6436 -0.5653 -0.5159
vn -0.6699 -0.1599 -0.7251
vn -0.0004 -0.9053 -0.4248
vn 0.8678 -0.4512 -0.2084
vn -0.8678 -0.4511 -0.2083
vn 0.4065 0.6143 0.6763
vn 0.6118 0.4019 0.6813
vn 0.6075 0.4452 -0.6578
vn 0.0477 0.7389 0.6721
vn -0.6757 0.3563 0.6454
vn -0.3563 0.6615 0.6599
vn -0.3450 0.7015 -0.6236
vn 1.0000 -0.0018 0.0037
vn -1.0000 -0.0018 0.0037
vn 0.7295 0.1681 -0.6630
vn 0.5471 -0.5471 0.6335
vn 0.4309 -0.8741 -0.2242
vn 0.8741 -0.4309 -0.2242
vn 0.9855 -0.0000 -0.1696
vn 0.6827 -0.0000 0.7307
vn 0.0000 0.0000 1.0000
vn 0.0000 -0.6827 0.7307
vn 0.4504 -0.7801 -0.4342
vn 0.0000 -0.9008 -0.4342
vn 0.0000 -0.7005 0.7137
vn 0.3502 -0.6066 0.7137
vn 0.7801 -0.4504 -0.4342
vn 0.6066 -0.3502 0.7137
vn 0.9008 -0.0000 -0.4342
vn 0.7005 0.0000 0.7137
vn 0.0000 -0.9855 -0.1696
vn 0.3968 -0.6874 0.6083
vn 0.0000 -0.7937 0.6083
vn 0.6874 -0.3968 0.6083
vn 0.7937 -0.0000 0.6083
vn 1.0000 0.0000 -0.0000
vn -0.5471 -0.5471 0.6335
vn -0.8741 -0.4309 -0.2242
vn -0.4309 -0.8741 -0.2242
vn -0.6827 -0.0000 0.7307
vn -0.9855 0.0000 -0.1696
vn -0.4504 -0.7801 -0.4342
vn -0.3502 -0.6066 0.7137
vn -0.7801 -0.4504 -0.4342
vn -0.6066 -0.3502 0.7137
vn -0.9008 0.0000 -0.4342
vn -0.7005 -0.0000 0.7137
vn -0.3968 -0.6874 0.6083
vn -0.6874 -0.3968 0.6083
vn -0.7937 -0.0000 0.6083
vn -1.0000 0.0000 -0.0000
vn 0.5471 0.5471 0.6335
vn 0.8741 0.4309 -0.2242
vn 0.4309 0.8741 -0.2242
vn 0.0000 0.6827 0.7307
vn 0.4504 0.7801 -0.4342
vn 0.3502 0.6066 0.7137
vn 0.0000 0.7005 0.7137
vn 0.0000 0.9008 -0.4342
vn 0.7801 0.4504 -0.4342
vn 0.6066 0.3502 0.7137
vn 0.0000 0.9855 -0.1696
vn 0.3968 0.6874 0.6083
vn 0.0000 0.7937 0.6083
vn 0.6874 0.3968 0.6083
vn -0.5471 0.5471 0.6335
vn -0.4309 0.8741 -0.2242
vn -0.8741 0.4309 -0.2242
vn -0.4504 0.7801 -0.4342
vn -0.3502 0.6066 0.7137
vn -0.7801 0.4504 -0.4342
vn -0.6066 0.3502 0.7137
vn -0.3968 0.6874 0.6083
vn -0.6874 0.3968 0.6083
vn 0.5471 -0.5471 -0.6335
vn 0.8741 -0.4309 0.2242
vn 0.4309 -0.8741 0.2242
vn 0.6827 -0.0000 -0.7307
vn 0.9855 -0.0000 0.1696
vn 0.0000 -0.6827 -0.7307
vn 0.0000 0.0000 -1.0000
vn 0.4504 -0.7801 0.4342
vn 0.3502 -0.6066 -0.7137
vn 0.0000 -0.7005 -0.7137
vn 0.0000 -0.9008 0.4342
vn 0.7801 -0.4504 0.4342
vn 0.6066 -0.3502 -0.7137
vn 0.9008 -0.0000 0.4342
vn 0.7005 0.0000 -0.7137
vn 0.0000 -0.9855 0.1696
vn 0.3968 -0.6874 -0.6083
vn 0.0000 -0.7937 -0.6083
vn 0.6874 -0.3968 -0.6083
vn 0.7937 -0.0000 -0.6083
vn -0.5471 -0.5471 -0.6335
vn -0.4309 -0.8741 0.2242
vn -0.8741 -0.4309 0.2242
vn -0.9855 0.0000 0.1696
vn -0.6827 -0.0000 -0.7307
vn -0.4504 -0.7801 0.4342
vn -0.3502 -0.6066 -0.7137
vn -0.7801 -0.4504 0.4342
vn -0.6066 -0.3502 -0.7137
vn -0.9008 0.0000 0.4342
vn -0.7005 -0.0000 -0.7137
vn -0.3968 -0.6874 -0.6083
vn -0.6874 -0.3968 -0.6083
vn -0.7937 -0.0000 -0.6083
vn 0.5471 0.5471 -0.6335
vn 0.4309 0.8741 0.2242
vn 0.8741 0.4309 0.2242
vn 0.0000 0.6827 -0.7307
vn 0.4504 0.7801 0.4342
vn 0.0000 0.9008 0.4342
vn 0.0000 0.7005 -0.7137
vn 0.3502 0.6066 -0.7137
vn 0.7801 0.4504 0.4342
vn 0.6066 0.3502 -0.7137
vn 0.0000 0.9855 0.1696
vn 0.3968 0.6874 -0.6083
vn 0.0000 0.7937 -0.6083
vn 0.6874 0.3968 -0.6083
vn -0.5471 0.5471 -0.6335
vn -0.8741 0.4309 0.2242
vn -0.4309 0.8741 0.2242
vn -0.4504 0.7801 0.4342
vn -0.3502 0.6066 -0.7137
vn -0.7801 0.4504 0.4342
vn -0.6066 0.3502 -0.7137
vn -0.3968 0.6874 -0.6083
vn -0.6874 0.3968 -0.6083
vn 0.4319 0.0074 0.9019
vn 0.1019 -0.7383 0.6667
vn -0.1068 -0.7432 0.6605
vn -0.0300 0.0003 0.9995
vn 0.3752 0.6358 0.6745
vn 0.5339 0.8089 0.2461
vn 0.9736 0.0024 0.2284
vn 0.5369 -0.8352 0.1195
vn 0.5258 0.8396 0.1367
vn 0.9826 0.0008 -0.1859
vn 0.7013 -0.7000 -0.1349
vn 0.7011 0.7002 -0.1349
vn 0.5965 -0.5332 -0.5998
vn 0.2071 -0.7227 -0.6594
vn 0.0129 0.0022 -0.9999
vn 0.7756 -0.0740 -0.6269
vn 0.6136 0.5024 -0.6091
vn 0.3348 0.6078 -0.7200
vn -0.9837 0.0014 -0.1796
vn -0.4899 0.0055 -0.8718
vn -0.4410 -0.6028 -0.6650
vn -0.7708 -0.6223 -0.1365
vn -0.7713 0.6216 -0.1369
vn -0.2913 0.6668 -0.6859
vn -0.9784 0.0008 0.2068
vn -0.6960 -0.7032 0.1454
vn -0.6957 0.7034 0.1454
vn 0.5508 -0.5100 0.6606
vn 0.1840 -0.7245 0.6642
vn 0.7387 -0.0687 0.6705
vn 0.5717 0.4779 0.6669
vn 0.6876 0.1996 0.6981
vn 0.7309 0.2088 -0.6497
vn -0.0774 -0.7433 -0.6644
vn 0.4319 0.0074 -0.9019
vn -0.0300 0.0003 -0.9995
vn -0.1068 -0.7432 -0.6605
vn 0.1019 -0.7383 -0.6667
vn 0.5339 0.8089 -0.2461
vn 0.3752 0.6358 -0.6745
vn 0.5369 -0.8352 -0.1195
vn 0.9736 0.0024 -0.2284
vn 0.5258 0.8396 -0.1367
vn 0.7013 -0.7000 0.1349
vn 0.9826 0.0008 0.1859
vn 0.7011 0.7002 0.1349
vn 0.5965 -0.5332 0.5998
vn 0.7756 -0.0740 0.6269
vn 0.0129 0.0022 0.9999
vn 0.2071 -0.7227 0.6594
vn 0.6136 0.5024 0.6091
vn 0.3348 0.6078 0.7200
vn -0.9837 0.0014 0.1796
vn -0.7708 -0.6223 0.1365
vn -0.4410 -0.6028 0.6650
vn -0.4899 0.0055 0.8718
vn -0.7713 0.6216 0.1369
vn -0.2913 0.6668 0.6859
vn -0.9784 0.0008 -0.2068
vn -0.6960 -0.7032 -0.1454
vn -0.6957 0.7034 -0.1454
vn 0.5508 -0.5100 -0.6606
vn 0.1840 -0.7245 -0.6642
vn 0.7387 -0.0687 -0.6705
vn 0.5717 0.4779 -0.6669
vn 0.7309 0.2088 0.6497
vn 0.6876 0.1996 -0.6981
vn -0.0774 -0.7433 0.6644
vn 0.9892 0.1465 -0.0000
vn 0.8567 0.1465 -0.4946
vn 0.6135 0.7058 -0.3542
vn 0.7084 0.7058 0.0000
vn 0.4946 0.1465 -0.8567
vn 0.3542 0.7058 -0.6135
vn 0.0000 0.1465 -0.9892
vn 0.0000 0.7058 -0.7084
vn -0.4946 0.1465 -0.8567
vn -0.3542 0.7058 -0.6135
vn -0.8567 0.1465 -0.4946
vn -0.6135 0.7058 -0.3542
vn -0.9892 0.1465 -0.0000
vn -0.7084 0.7058 -0.0000
vn -0.8567 0.1465 0.4946
vn -0.6135 0.7058 0.3542
vn -0.4946 0.1465 0.8567
vn -0.3542 0.7058 0.6135
vn -0.0000 0.1465 0.9892
vn -0.0000 0.7058 0.7084
vn 0.4946 0.1465 0.8567
vn 0.3542 0.7058 0.6135
vn 0.8567 0.1465 0.4946
vn 0.6135 0.7058 0.3542
vn 0.5198 0.7998 -0.3001
vn 0.6002 0.7998 0.0000
vn 0.3001 0.7998 -0.5198
vn 0.0000 0.7998 -0.6002
vn -0.3001 0.7998 -0.5198
vn -0.5198 0.7998 -0.3001
vn -0.6002 0.7998 -0.0000
vn -0.5198 0.7998 0.3001
vn -0.3001 0.7998 0.5198
vn -0.0000 0.7998 0.6002
vn 0.3001 0.7998 0.5198
vn 0.5198 0.7998 0.3001
vn 0.7281 0.5222 -0.4441
vn 0.8526 0.5222 0.0205
vn 0.4441 0.5222 -0.7281
vn -0.0205 0.5222 -0.8526
vn -0.4085 0.5222 -0.7486
vn -0.7486 0.5222 -0.4085
vn -0.8526 0.5222 -0.0205
vn -0.7281 0.5222 0.4441
vn -0.4441 0.5222 0.7281
vn 0.0205 0.5222 0.8526
vn 0.4085 0.5222 0.7486
vn 0.7486 0.5222 0.4085
vn 0.7663 0.6089 -0.2053
vn 0.2053 0.6089 -0.7663
vn -0.5609 0.6089 -0.5609
vn -0.7663 0.6089 0.2053
vn -0.2053 0.6089 0.7663
vn 0.5609 0.6089 0.5609
vn 0.7065 0.0422 -0.7065
vn 0.9651 0.0422 0.2586
vn -0.2586 0.0422 -0.9651
vn -0.9651 0.0422 -0.2586
vn -0.7065 0.0422 0.7065
vn 0.2586 0.0422 0.9651
vn 0.6357 0.4378 -0.6357
vn 0.8684 0.4378 0.2327
vn -0.2327 0.4378 -0.8684
vn -0.8684 0.4378 -0.2327
vn -0.6357 0.4378 0.6357
vn 0.2327 0.4378 0.8684
vn 0.2357 0.9428 -0.2357
vn 0.3219 0.9428 0.0863
vn -0.0863 0.9428 -0.3220
vn -0.3219 0.9428 -0.0863
vn -0.2357 0.9428 0.2357
vn 0.0863 0.9428 0.3220
vn -0.0000 1.0000 -0.0000
vn -0.4055 -0.9002 0.1587
vn -0.4055 -0.9002 -0.1587
vn -0.0989 -0.9824 -0.1587
vn -0.0989 -0.9824 0.1587
vn -0.1940 -0.1105 0.9748
vn 0.1127 -0.1927 0.9748
vn 0.2745 0.5049 0.8184
vn 0.0148 0.5745 0.8184
vn -0.9822 0.1007 -0.1588
vn -0.9822 0.1007 0.1588
vn -0.6459 0.7515 0.1344
vn -0.6459 0.7515 -0.1344
vn 0.1127 -0.1927 -0.9748
vn -0.1940 -0.1105 -0.9748
vn 0.0148 0.5745 -0.8184
vn 0.2745 0.5049 -0.8184
vn 0.9009 -0.4039 0.1588
vn 0.9009 -0.4039 -0.1588
vn 0.9351 0.3279 -0.1344
vn 0.9351 0.3279 0.1344
vn 0.4955 -0.8582 0.1340
vn 0.4082 -0.7071 0.5774
vn -0.0519 -0.7115 0.7007
vn -0.3108 -0.6422 0.7007
vn -0.7071 -0.4082 0.5774
vn -0.8582 -0.4955 0.1340
vn -0.8582 -0.4955 -0.1340
vn -0.7071 -0.4082 -0.5774
vn -0.3108 -0.6422 -0.7007
vn -0.0519 -0.7115 -0.7007
vn 0.4082 -0.7071 -0.5773
vn 0.4955 -0.8582 -0.1340
vn -0.7113 0.0534 0.7009
vn 0.6427 -0.3094 0.7009
vn -0.7113 0.0534 -0.7009
vn 0.6427 -0.3094 -0.7009
vn -0.4485 0.6591 0.6038
vn 0.7179 0.3465 0.6038
vn -0.4485 0.6591 -0.6038
vn 0.7179 0.3465 -0.6038
vn 0.1211 0.9831 0.1374
vn 0.3790 0.8946 0.2367
vn 0.3866 0.9119 -0.1374
vn 0.1211 0.9831 -0.1374
vn 0.1427 0.8468 -0.5124
vn -0.1920 0.1979 -0.9612
vn 0.2652 0.0754 -0.9612
vn 0.2998 0.8047 -0.5124
vn 0.7162 0.6931 -0.0814
vn 0.9651 -0.1121 -0.2367
vn 0.9651 -0.1121 0.2367
vn 0.7162 0.6931 0.0814
vn 0.2998 0.8047 0.5124
vn 0.2863 0.1709 0.9428
vn -0.1920 0.1979 0.9612
vn 0.1427 0.8468 0.5124
vn -0.2737 0.9584 0.0814
vn -0.8919 0.3855 0.2367
vn -0.8919 0.3855 -0.2367
vn -0.2737 0.9584 -0.0814
vn -0.5093 0.5746 -0.6407
vn -0.4857 0.8412 -0.2378
vn -0.0519 0.7249 -0.6868
vn 0.7284 0.2430 -0.6407
vn 0.4074 0.6019 -0.6868
vn 0.8412 0.4856 -0.2378
vn 0.6187 0.3570 0.6998
vn 0.8412 0.4856 0.2378
vn 0.3005 0.6459 0.7018
vn -0.5093 0.5746 0.6407
vn -0.0421 0.7240 0.6885
vn -0.4857 0.8412 0.2378
vn 0.7118 -0.0502 -0.7006
vn -0.6415 0.3125 -0.7006
vn 0.7118 -0.0502 0.7006
vn -0.6415 0.3125 0.7006
vn 0.4903 0.8325 -0.2581
vn -0.0084 0.9661 -0.2581
vn 0.4903 0.8325 0.2581
vn -0.0084 0.9661 0.2581
# 1103 vertex normals

vt 0.6919 0.2678 0.0000
vt 0.6918 0.2220 0.0000
vt 0.8685 0.2222 0.0000
vt 0.8683 0.2680 0.0000
vt 0.6921 0.3047 0.0000
vt 0.8680 0.3049 0.0000
vt 0.8679 0.4851 0.0000
vt 0.6917 0.4850 0.0000
vt 0.9620 0.1872 0.0000
vt 0.9096 0.1867 0.0000
vt 0.9113 0.0058 0.0000
vt 0.9639 0.0063 0.0000
vt 0.8676 0.1855 0.0000
vt 0.6928 0.1853 0.0000
vt 0.6921 0.0056 0.0000
vt 0.8685 0.0055 0.0000
vt 0.6508 0.1864 0.0000
vt 0.5984 0.1870 0.0000
vt 0.5968 0.0063 0.0000
vt 0.6494 0.0058 0.0000
vt 0.6922 0.2863 0.0000
vt 0.6743 0.2865 0.0000
vt 0.6704 0.2691 0.0000
vt 0.6704 0.2207 0.0000
vt 0.6730 0.2027 0.0000
vt 0.6921 0.2036 0.0000
vt 0.8683 0.2038 0.0000
vt 0.8874 0.2030 0.0000
vt 0.8902 0.2209 0.0000
vt 0.8895 0.2694 0.0000
vt 0.8858 0.2867 0.0000
vt 0.8680 0.2864 0.0000
vt 0.6707 0.3041 0.0000
vt 0.8894 0.3043 0.0000
vt 0.9834 0.1876 0.0000
vt 0.9799 0.2033 0.0000
vt 0.9620 0.2061 0.0000
vt 0.9077 0.2053 0.0000
vt 0.8886 0.1862 0.0000
vt 0.6719 0.1860 0.0000
vt 0.6528 0.2053 0.0000
vt 0.5984 0.2056 0.0000
vt 0.5804 0.2029 0.0000
vt 0.5770 0.1872 0.0000
vt 0.8892 0.4851 0.0000
vt 0.6704 0.4849 0.0000
vt 0.8899 0.0057 0.0000
vt 0.9852 0.0066 0.0000
vt 0.6707 0.0057 0.0000
vt 0.5755 0.0065 0.0000
vt 0.9955 0.2439 0.0000
vt 0.9982 0.3992 0.0000
vt 0.9958 0.3957 0.0000
vt 0.9931 0.2474 0.0000
vt 0.9721 0.4255 0.0000
vt 0.9244 0.4263 0.0000
vt 0.9255 0.4215 0.0000
vt 0.9709 0.4207 0.0000
vt 0.8976 0.4009 0.0000
vt 0.8949 0.2456 0.0000
vt 0.8973 0.2491 0.0000
vt 0.9000 0.3974 0.0000
vt 0.9210 0.2193 0.0000
vt 0.9687 0.2185 0.0000
vt 0.9676 0.2234 0.0000
vt 0.9222 0.2241 0.0000
vt 0.9908 0.4184 0.0000
vt 0.9887 0.4137 0.0000
vt 0.9878 0.2253 0.0000
vt 0.9858 0.2300 0.0000
vt 0.9053 0.4195 0.0000
vt 0.9073 0.4148 0.0000
vt 0.9023 0.2264 0.0000
vt 0.9044 0.2311 0.0000
vt 0.9909 0.3935 0.0000
vt 0.9883 0.2499 0.0000
vt 0.9265 0.4160 0.0000
vt 0.9697 0.4154 0.0000
vt 0.9022 0.2514 0.0000
vt 0.9047 0.3949 0.0000
vt 0.9665 0.2288 0.0000
vt 0.9234 0.2294 0.0000
vt 0.9857 0.4093 0.0000
vt 0.9826 0.2342 0.0000
vt 0.9105 0.4106 0.0000
vt 0.9074 0.2355 0.0000
vt 0.9266 0.3937 0.0000
vt 0.9241 0.2518 0.0000
vt 0.9665 0.2511 0.0000
vt 0.9689 0.3930 0.0000
vt 1.6745 0.5197 0.0000
vt 1.6896 0.4987 0.0000
vt 1.6874 0.5208 0.0000
vt 1.7079 0.6801 0.0000
vt 1.7111 0.6954 0.0000
vt 1.6928 0.6976 0.0000
vt 1.6887 0.6818 0.0000
vt 1.7048 0.6031 0.0000
vt 1.7049 0.5743 0.0000
vt 1.7199 0.5885 0.0000
vt 1.6444 0.5197 0.0000
vt 1.6618 0.4972 0.0000
vt 1.6612 0.5196 0.0000
vt 1.7224 0.5052 0.0000
vt 1.7184 0.5247 0.0000
vt 1.6748 0.6823 0.0000
vt 1.6740 0.6685 0.0000
vt 1.6525 0.5607 0.0000
vt 1.6724 0.5613 0.0000
vt 1.6718 0.5757 0.0000
vt 1.6621 0.5780 0.0000
vt 1.6918 0.6159 0.0000
vt 1.6718 0.6164 0.0000
vt 1.6718 0.6017 0.0000
vt 1.6957 0.6054 0.0000
vt 1.6407 0.5469 0.0000
vt 1.6312 0.5196 0.0000
vt 1.6602 0.6419 0.0000
vt 1.6400 0.6426 0.0000
vt 1.6394 0.6301 0.0000
vt 1.6625 0.6338 0.0000
vt 1.7051 0.6403 0.0000
vt 1.7051 0.6289 0.0000
vt 1.7204 0.6402 0.0000
vt 1.6857 0.5367 0.0000
vt 1.7048 0.5488 0.0000
vt 1.6829 0.5446 0.0000
vt 1.6750 0.6850 0.0000
vt 1.6655 0.6876 0.0000
vt 1.6610 0.6832 0.0000
vt 1.6848 0.6866 0.0000
vt 1.6589 0.5885 0.0000
vt 1.6619 0.5991 0.0000
vt 1.6476 0.6056 0.0000
vt 1.6815 0.5991 0.0000
vt 1.6419 0.6837 0.0000
vt 1.6419 0.6812 0.0000
vt 1.6511 0.6791 0.0000
vt 1.6245 0.6687 0.0000
vt 1.6278 0.6686 0.0000
vt 1.6326 0.6790 0.0000
vt 1.6271 0.6826 0.0000
vt 1.6408 0.6532 0.0000
vt 1.6409 0.6555 0.0000
vt 1.6319 0.6579 0.0000
vt 1.6260 0.6542 0.0000
vt 1.6546 0.6685 0.0000
vt 1.6502 0.6580 0.0000
vt 1.6595 0.6540 0.0000
vt 1.7076 0.6777 0.0000
vt 1.7164 0.6742 0.0000
vt 1.7227 0.6765 0.0000
vt 1.6933 0.6667 0.0000
vt 1.6981 0.6768 0.0000
vt 1.7053 0.6505 0.0000
vt 1.7054 0.6526 0.0000
vt 1.6965 0.6560 0.0000
vt 1.6868 0.6530 0.0000
vt 1.7226 0.6631 0.0000
vt 1.7195 0.6636 0.0000
vt 1.7147 0.6541 0.0000
vt 1.7204 0.6503 0.0000
vt 1.6741 0.5252 0.0000
vt 1.6645 0.5279 0.0000
vt 1.6835 0.5287 0.0000
vt 1.6616 0.5359 0.0000
vt 1.6634 0.5441 0.0000
vt 1.6491 0.5501 0.0000
vt 1.6732 0.6550 0.0000
vt 1.6731 0.6530 0.0000
vt 1.6827 0.6495 0.0000
vt 1.6633 0.6502 0.0000
vt 1.6851 0.6411 0.0000
vt 1.6821 0.6332 0.0000
vt 1.6958 0.6261 0.0000
vt 1.6388 0.5731 0.0000
vt 1.6481 0.5710 0.0000
vt 1.6231 0.5575 0.0000
vt 1.6263 0.5583 0.0000
vt 1.6296 0.5701 0.0000
vt 1.6233 0.5735 0.0000
vt 1.6317 0.5484 0.0000
vt 1.6483 0.6273 0.0000
vt 1.6223 0.6171 0.0000
vt 1.6255 0.6170 0.0000
vt 1.6300 0.6280 0.0000
vt 1.6249 0.6434 0.0000
vt 1.6384 0.6033 0.0000
vt 1.6294 0.6056 0.0000
vt 1.6233 0.6018 0.0000
vt 1.7209 0.6156 0.0000
vt 1.7179 0.6157 0.0000
vt 1.7140 0.6052 0.0000
vt 1.7142 0.6263 0.0000
vt 1.6921 0.5617 0.0000
vt 1.6958 0.5720 0.0000
vt 1.6817 0.5786 0.0000
vt 1.6961 0.5512 0.0000
vt 1.7209 0.5611 0.0000
vt 1.7179 0.5612 0.0000
vt 1.7140 0.5506 0.0000
vt 1.7202 0.5469 0.0000
vt 1.7140 0.5719 0.0000
vt 1.6730 0.5500 0.0000
vt 1.6519 0.6163 0.0000
vt 1.6721 0.6290 0.0000
vt 1.7261 0.6913 0.0000
vt 1.6847 0.5887 0.0000
vt 1.6287 0.5019 0.0000
vt 1.6590 0.6994 0.0000
vt 1.6409 0.6995 0.0000
vt 1.6258 0.6982 0.0000
vt 1.7585 0.5121 0.0000
vt 1.7704 0.5278 0.0000
vt 1.7574 0.5279 0.0000
vt 1.7613 0.6842 0.0000
vt 1.7446 0.6862 0.0000
vt 1.7424 0.6725 0.0000
vt 1.7598 0.6706 0.0000
vt 1.7398 0.5727 0.0000
vt 1.7399 0.6037 0.0000
vt 1.7255 0.5883 0.0000
vt 1.7837 0.5131 0.0000
vt 1.8009 0.5289 0.0000
vt 1.7833 0.5287 0.0000
vt 1.7247 0.5249 0.0000
vt 1.7275 0.5086 0.0000
vt 1.7718 0.6588 0.0000
vt 1.7725 0.6694 0.0000
vt 1.7699 0.5765 0.0000
vt 1.7699 0.5613 0.0000
vt 1.7896 0.5614 0.0000
vt 1.7783 0.5783 0.0000
vt 1.7701 0.5993 0.0000
vt 1.7703 0.6144 0.0000
vt 1.7506 0.6150 0.0000
vt 1.7477 0.6054 0.0000
vt 1.8004 0.5502 0.0000
vt 1.8152 0.5292 0.0000
vt 1.8009 0.6250 0.0000
vt 1.8013 0.6375 0.0000
vt 1.7815 0.6381 0.0000
vt 1.7792 0.6312 0.0000
vt 1.7403 0.6271 0.0000
vt 1.7404 0.6401 0.0000
vt 1.7261 0.6405 0.0000
vt 1.7395 0.5489 0.0000
vt 1.7596 0.5369 0.0000
vt 1.7616 0.5441 0.0000
vt 1.7810 0.6712 0.0000
vt 1.7725 0.6700 0.0000
vt 1.7852 0.6692 0.0000
vt 1.7643 0.6721 0.0000
vt 1.7785 0.5973 0.0000
vt 1.7804 0.5878 0.0000
vt 1.7927 0.6045 0.0000
vt 1.7617 0.5975 0.0000
vt 1.7948 0.6670 0.0000
vt 1.8026 0.6678 0.0000
vt 1.8027 0.6687 0.0000
vt 1.8104 0.6663 0.0000
vt 1.8127 0.6570 0.0000
vt 1.8163 0.6568 0.0000
vt 1.8169 0.6680 0.0000
vt 1.8095 0.6478 0.0000
vt 1.8017 0.6463 0.0000
vt 1.8016 0.6458 0.0000
vt 1.8159 0.6457 0.0000
vt 1.7939 0.6483 0.0000
vt 1.7915 0.6578 0.0000
vt 1.7841 0.6469 0.0000
vt 1.7343 0.6718 0.0000
vt 1.7423 0.6717 0.0000
vt 1.7278 0.6751 0.0000
vt 1.7500 0.6697 0.0000
vt 1.7521 0.6600 0.0000
vt 1.7487 0.6506 0.0000
vt 1.7406 0.6493 0.0000
vt 1.7406 0.6487 0.0000
vt 1.7584 0.6482 0.0000
vt 1.7327 0.6517 0.0000
vt 1.7310 0.6621 0.0000
vt 1.7278 0.6626 0.0000
vt 1.7257 0.6500 0.0000
vt 1.7788 0.5305 0.0000
vt 1.7703 0.5290 0.0000
vt 1.7618 0.5301 0.0000
vt 1.7785 0.5444 0.0000
vt 1.7808 0.5375 0.0000
vt 1.7926 0.5520 0.0000
vt 1.7627 0.6459 0.0000
vt 1.7712 0.6465 0.0000
vt 1.7712 0.6470 0.0000
vt 1.7797 0.6451 0.0000
vt 1.7622 0.6318 0.0000
vt 1.7603 0.6390 0.0000
vt 1.7479 0.6248 0.0000
vt 1.7924 0.5708 0.0000
vt 1.8002 0.5727 0.0000
vt 1.8080 0.5708 0.0000
vt 1.8108 0.5615 0.0000
vt 1.8144 0.5616 0.0000
vt 1.8144 0.5745 0.0000
vt 1.8082 0.5522 0.0000
vt 1.7931 0.6233 0.0000
vt 1.8087 0.6229 0.0000
vt 1.8112 0.6135 0.0000
vt 1.8148 0.6135 0.0000
vt 1.8155 0.6370 0.0000
vt 1.8083 0.6043 0.0000
vt 1.8004 0.6026 0.0000
vt 1.8146 0.6005 0.0000
vt 1.7323 0.6057 0.0000
vt 1.7297 0.6155 0.0000
vt 1.7263 0.6156 0.0000
vt 1.7325 0.6253 0.0000
vt 1.7474 0.5707 0.0000
vt 1.7501 0.5609 0.0000
vt 1.7615 0.5783 0.0000
vt 1.7474 0.5511 0.0000
vt 1.7319 0.5508 0.0000
vt 1.7294 0.5608 0.0000
vt 1.7261 0.5609 0.0000
vt 1.7255 0.5466 0.0000
vt 1.7321 0.5707 0.0000
vt 1.7700 0.5494 0.0000
vt 1.7900 0.6140 0.0000
vt 1.7706 0.6275 0.0000
vt 1.7313 0.6894 0.0000
vt 1.7595 0.5880 0.0000
vt 1.8150 0.5133 0.0000
vt 1.7859 0.6831 0.0000
vt 1.8032 0.6824 0.0000
vt 1.8173 0.6820 0.0000
vt 1.6902 0.4933 0.0000
vt 1.7233 0.5000 0.0000
vt 1.6752 0.6903 0.0000
vt 1.6692 0.6921 0.0000
vt 1.6888 0.7009 0.0000
vt 1.6817 0.6912 0.0000
vt 1.6632 0.5888 0.0000
vt 1.6652 0.5962 0.0000
vt 1.6716 0.5798 0.0000
vt 1.6649 0.5813 0.0000
vt 1.6804 0.5886 0.0000
vt 1.6783 0.5812 0.0000
vt 1.6719 0.5977 0.0000
vt 1.6787 0.5959 0.0000
vt 1.6419 0.6769 0.0000
vt 1.6482 0.6758 0.0000
vt 1.6324 0.6687 0.0000
vt 1.6356 0.6761 0.0000
vt 1.6220 0.6826 0.0000
vt 1.6190 0.6686 0.0000
vt 1.6408 0.6597 0.0000
vt 1.6345 0.6613 0.0000
vt 1.6502 0.6683 0.0000
vt 1.6472 0.6610 0.0000
vt 1.7073 0.6735 0.0000
vt 1.7134 0.6714 0.0000
vt 1.6977 0.6665 0.0000
vt 1.7010 0.6735 0.0000
vt 1.7054 0.6567 0.0000
vt 1.6993 0.6590 0.0000
vt 1.7151 0.6640 0.0000
vt 1.7118 0.6573 0.0000
vt 1.6737 0.5293 0.0000
vt 1.6670 0.5311 0.0000
vt 1.6818 0.5364 0.0000
vt 1.6802 0.5311 0.0000
vt 1.6734 0.5458 0.0000
vt 1.6799 0.5418 0.0000
vt 1.6654 0.5364 0.0000
vt 1.6669 0.5419 0.0000
vt 1.6732 0.6497 0.0000
vt 1.6799 0.6467 0.0000
vt 1.6643 0.6421 0.0000
vt 1.6662 0.6476 0.0000
vt 1.6721 0.6333 0.0000
vt 1.6657 0.6367 0.0000
vt 1.6810 0.6412 0.0000
vt 1.6788 0.6359 0.0000
vt 1.6482 0.5604 0.0000
vt 1.6459 0.5528 0.0000
vt 1.6391 0.5690 0.0000
vt 1.6455 0.5676 0.0000
vt 1.6307 0.5593 0.0000
vt 1.6328 0.5671 0.0000
vt 1.6178 0.5732 0.0000
vt 1.6177 0.5563 0.0000
vt 1.6400 0.5510 0.0000
vt 1.6338 0.5521 0.0000
vt 1.6475 0.6163 0.0000
vt 1.6445 0.6087 0.0000
vt 1.6393 0.6259 0.0000
vt 1.6455 0.6240 0.0000
vt 1.6299 0.6171 0.0000
vt 1.6329 0.6247 0.0000
vt 1.6194 0.6441 0.0000
vt 1.6169 0.6173 0.0000
vt 1.6382 0.6075 0.0000
vt 1.6320 0.6091 0.0000
vt 1.6963 0.6161 0.0000
vt 1.6990 0.6233 0.0000
vt 1.7046 0.6071 0.0000
vt 1.6984 0.6087 0.0000
vt 1.7136 0.6156 0.0000
vt 1.7108 0.6082 0.0000
vt 1.7052 0.6248 0.0000
vt 1.7114 0.6230 0.0000
vt 1.6965 0.5618 0.0000
vt 1.6990 0.5691 0.0000
vt 1.7048 0.5528 0.0000
vt 1.6987 0.5544 0.0000
vt 1.7136 0.5611 0.0000
vt 1.7109 0.5537 0.0000
vt 1.7052 0.5704 0.0000
vt 1.7114 0.5686 0.0000
vt 1.6614 0.4917 0.0000
vt 1.6247 0.5208 0.0000
vt 1.6261 0.4983 0.0000
vt 1.6210 0.6548 0.0000
vt 1.6178 0.6018 0.0000
vt 1.6637 0.7024 0.0000
vt 1.6201 0.6972 0.0000
vt 0.6745 0.5197 0.0000
vt 0.6874 0.5208 0.0000
vt 0.6896 0.4987 0.0000
vt 0.7079 0.6801 0.0000
vt 0.6887 0.6818 0.0000
vt 0.6928 0.6976 0.0000
vt 0.7111 0.6954 0.0000
vt 0.7048 0.6031 0.0000
vt 0.7199 0.5885 0.0000
vt 0.7049 0.5743 0.0000
vt 0.6444 0.5197 0.0000
vt 0.6612 0.5196 0.0000
vt 0.6618 0.4972 0.0000
vt 0.7224 0.5052 0.0000
vt 0.7184 0.5247 0.0000
vt 0.6748 0.6823 0.0000
vt 0.6740 0.6685 0.0000
vt 0.6525 0.5607 0.0000
vt 0.6621 0.5780 0.0000
vt 0.6718 0.5757 0.0000
vt 0.6724 0.5613 0.0000
vt 0.6918 0.6159 0.0000
vt 0.6957 0.6054 0.0000
vt 0.6718 0.6017 0.0000
vt 0.6718 0.6164 0.0000
vt 0.6312 0.5196 0.0000
vt 0.6407 0.5469 0.0000
vt 0.6602 0.6419 0.0000
vt 0.6625 0.6338 0.0000
vt 0.6394 0.6301 0.0000
vt 0.6400 0.6426 0.0000
vt 0.7051 0.6403 0.0000
vt 0.7204 0.6402 0.0000
vt 0.7051 0.6289 0.0000
vt 0.6857 0.5367 0.0000
vt 0.6829 0.5446 0.0000
vt 0.7048 0.5488 0.0000
vt 0.6610 0.6832 0.0000
vt 0.6655 0.6876 0.0000
vt 0.6750 0.6850 0.0000
vt 0.6848 0.6866 0.0000
vt 0.6589 0.5885 0.0000
vt 0.6476 0.6056 0.0000
vt 0.6619 0.5991 0.0000
vt 0.6815 0.5991 0.0000
vt 0.6419 0.6837 0.0000
vt 0.6511 0.6791 0.0000
vt 0.6419 0.6812 0.0000
vt 0.6245 0.6687 0.0000
vt 0.6271 0.6826 0.0000
vt 0.6326 0.6790 0.0000
vt 0.6278 0.6686 0.0000
vt 0.6408 0.6532 0.0000
vt 0.6260 0.6542 0.0000
vt 0.6319 0.6579 0.0000
vt 0.6409 0.6555 0.0000
vt 0.6595 0.6540 0.0000
vt 0.6502 0.6580 0.0000
vt 0.6546 0.6685 0.0000
vt 0.7227 0.6765 0.0000
vt 0.7164 0.6742 0.0000
vt 0.7076 0.6777 0.0000
vt 0.6981 0.6768 0.0000
vt 0.6933 0.6667 0.0000
vt 0.7053 0.6505 0.0000
vt 0.6868 0.6530 0.0000
vt 0.6965 0.6560 0.0000
vt 0.7054 0.6526 0.0000
vt 0.7226 0.6631 0.0000
vt 0.7204 0.6503 0.0000
vt 0.7147 0.6541 0.0000
vt 0.7195 0.6636 0.0000
vt 0.6645 0.5279 0.0000
vt 0.6741 0.5252 0.0000
vt 0.6835 0.5287 0.0000
vt 0.6616 0.5359 0.0000
vt 0.6491 0.5501 0.0000
vt 0.6634 0.5441 0.0000
vt 0.6732 0.6550 0.0000
vt 0.6827 0.6495 0.0000
vt 0.6731 0.6530 0.0000
vt 0.6633 0.6502 0.0000
vt 0.6851 0.6411 0.0000
vt 0.6958 0.6261 0.0000
vt 0.6821 0.6332 0.0000
vt 0.6388 0.5731 0.0000
vt 0.6481 0.5710 0.0000
vt 0.6231 0.5575 0.0000
vt 0.6233 0.5735 0.0000
vt 0.6296 0.5701 0.0000
vt 0.6263 0.5583 0.0000
vt 0.6317 0.5484 0.0000
vt 0.6483 0.6273 0.0000
vt 0.6223 0.6171 0.0000
vt 0.6249 0.6434 0.0000
vt 0.6300 0.6280 0.0000
vt 0.6255 0.6170 0.0000
vt 0.6384 0.6033 0.0000
vt 0.6233 0.6018 0.0000
vt 0.6294 0.6056 0.0000
vt 0.7209 0.6156 0.0000
vt 0.7140 0.6052 0.0000
vt 0.7179 0.6157 0.0000
vt 0.7142 0.6263 0.0000
vt 0.6921 0.5617 0.0000
vt 0.6817 0.5786 0.0000
vt 0.6958 0.5720 0.0000
vt 0.6961 0.5512 0.0000
vt 0.7209 0.5611 0.0000
vt 0.7202 0.5469 0.0000
vt 0.7140 0.5506 0.0000
vt 0.7179 0.5612 0.0000
vt 0.7140 0.5719 0.0000
vt 0.6730 0.5500 0.0000
vt 0.6721 0.6290 0.0000
vt 0.6519 0.6163 0.0000
vt 0.7261 0.6913 0.0000
vt 0.6847 0.5887 0.0000
vt 0.6287 0.5019 0.0000
vt 0.6409 0.6995 0.0000
vt 0.6590 0.6994 0.0000
vt 0.6258 0.6982 0.0000
vt 0.7585 0.5121 0.0000
vt 0.7574 0.5279 0.0000
vt 0.7704 0.5278 0.0000
vt 0.7613 0.6842 0.0000
vt 0.7598 0.6706 0.0000
vt 0.7424 0.6725 0.0000
vt 0.7446 0.6862 0.0000
vt 0.7398 0.5727 0.0000
vt 0.7255 0.5883 0.0000
vt 0.7399 0.6037 0.0000
vt 0.7837 0.5131 0.0000
vt 0.7833 0.5287 0.0000
vt 0.8009 0.5289 0.0000
vt 0.7275 0.5086 0.0000
vt 0.7247 0.5249 0.0000
vt 0.7718 0.6588 0.0000
vt 0.7725 0.6694 0.0000
vt 0.7699 0.5765 0.0000
vt 0.7783 0.5783 0.0000
vt 0.7896 0.5614 0.0000
vt 0.7699 0.5613 0.0000
vt 0.7701 0.5993 0.0000
vt 0.7477 0.6054 0.0000
vt 0.7506 0.6150 0.0000
vt 0.7703 0.6144 0.0000
vt 0.8004 0.5502 0.0000
vt 0.8152 0.5292 0.0000
vt 0.8009 0.6250 0.0000
vt 0.7792 0.6312 0.0000
vt 0.7815 0.6381 0.0000
vt 0.8013 0.6375 0.0000
vt 0.7403 0.6271 0.0000
vt 0.7261 0.6405 0.0000
vt 0.7404 0.6401 0.0000
vt 0.7395 0.5489 0.0000
vt 0.7616 0.5441 0.0000
vt 0.7596 0.5369 0.0000
vt 0.7810 0.6712 0.0000
vt 0.7852 0.6692 0.0000
vt 0.7725 0.6700 0.0000
vt 0.7643 0.6721 0.0000
vt 0.7785 0.5973 0.0000
vt 0.7927 0.6045 0.0000
vt 0.7804 0.5878 0.0000
vt 0.7617 0.5975 0.0000
vt 0.7948 0.6670 0.0000
vt 0.8027 0.6687 0.0000
vt 0.8026 0.6678 0.0000
vt 0.8104 0.6663 0.0000
vt 0.8169 0.6680 0.0000
vt 0.8163 0.6568 0.0000
vt 0.8127 0.6570 0.0000
vt 0.8095 0.6478 0.0000
vt 0.8159 0.6457 0.0000
vt 0.8016 0.6458 0.0000
vt 0.8017 0.6463 0.0000
vt 0.7939 0.6483 0.0000
vt 0.7841 0.6469 0.0000
vt 0.7915 0.6578 0.0000
vt 0.7343 0.6718 0.0000
vt 0.7278 0.6751 0.0000
vt 0.7423 0.6717 0.0000
vt 0.7500 0.6697 0.0000
vt 0.7521 0.6600 0.0000
vt 0.7487 0.6506 0.0000
vt 0.7584 0.6482 0.0000
vt 0.7406 0.6487 0.0000
vt 0.7406 0.6493 0.0000
vt 0.7327 0.6517 0.0000
vt 0.7257 0.6500 0.0000
vt 0.7278 0.6626 0.0000
vt 0.7310 0.6621 0.0000
vt 0.7788 0.5305 0.0000
vt 0.7703 0.5290 0.0000
vt 0.7618 0.5301 0.0000
vt 0.7785 0.5444 0.0000
vt 0.7926 0.5520 0.0000
vt 0.7808 0.5375 0.0000
vt 0.7627 0.6459 0.0000
vt 0.7712 0.6470 0.0000
vt 0.7712 0.6465 0.0000
vt 0.7797 0.6451 0.0000
vt 0.7622 0.6318 0.0000
vt 0.7479 0.6248 0.0000
vt 0.7603 0.6390 0.0000
vt 0.7924 0.5708 0.0000
vt 0.8002 0.5727 0.0000
vt 0.8080 0.5708 0.0000
vt 0.8144 0.5745 0.0000
vt 0.8144 0.5616 0.0000
vt 0.8108 0.5615 0.0000
vt 0.8082 0.5522 0.0000
vt 0.7931 0.6233 0.0000
vt 0.8087 0.6229 0.0000
vt 0.8155 0.6370 0.0000
vt 0.8148 0.6135 0.0000
vt 0.8112 0.6135 0.0000
vt 0.8083 0.6043 0.0000
vt 0.8146 0.6005 0.0000
vt 0.8004 0.6026 0.0000
vt 0.7323 0.6057 0.0000
vt 0.7263 0.6156 0.0000
vt 0.7297 0.6155 0.0000
vt 0.7325 0.6253 0.0000
vt 0.7474 0.5707 0.0000
vt 0.7615 0.5783 0.0000
vt 0.7501 0.5609 0.0000
vt 0.7474 0.5511 0.0000
vt 0.7319 0.5508 0.0000
vt 0.7255 0.5466 0.0000
vt 0.7261 0.5609 0.0000
vt 0.7294 0.5608 0.0000
vt 0.7321 0.5707 0.0000
vt 0.7700 0.5494 0.0000
vt 0.7706 0.6275 0.0000
vt 0.7900 0.6140 0.0000
vt 0.7313 0.6894 0.0000
vt 0.7595 0.5880 0.0000
vt 0.8150 0.5133 0.0000
vt 0.7859 0.6831 0.0000
vt 0.8032 0.6824 0.0000
vt 0.8173 0.6820 0.0000
vt 0.7233 0.5000 0.0000
vt 0.6902 0.4933 0.0000
vt 0.6692 0.6921 0.0000
vt 0.6752 0.6903 0.0000
vt 0.6817 0.6912 0.0000
vt 0.6888 0.7009 0.0000
vt 0.6652 0.5962 0.0000
vt 0.6632 0.5888 0.0000
vt 0.6649 0.5813 0.0000
vt 0.6716 0.5798 0.0000
vt 0.6783 0.5812 0.0000
vt 0.6804 0.5886 0.0000
vt 0.6787 0.5959 0.0000
vt 0.6719 0.5977 0.0000
vt 0.6482 0.6758 0.0000
vt 0.6419 0.6769 0.0000
vt 0.6356 0.6761 0.0000
vt 0.6324 0.6687 0.0000
vt 0.6190 0.6686 0.0000
vt 0.6220 0.6826 0.0000
vt 0.6345 0.6613 0.0000
vt 0.6408 0.6597 0.0000
vt 0.6472 0.6610 0.0000
vt 0.6502 0.6683 0.0000
vt 0.7134 0.6714 0.0000
vt 0.7073 0.6735 0.0000
vt 0.7010 0.6735 0.0000
vt 0.6977 0.6665 0.0000
vt 0.6993 0.6590 0.0000
vt 0.7054 0.6567 0.0000
vt 0.7118 0.6573 0.0000
vt 0.7151 0.6640 0.0000
vt 0.6670 0.5311 0.0000
vt 0.6737 0.5293 0.0000
vt 0.6802 0.5311 0.0000
vt 0.6818 0.5364 0.0000
vt 0.6799 0.5418 0.0000
vt 0.6734 0.5458 0.0000
vt 0.6669 0.5419 0.0000
vt 0.6654 0.5364 0.0000
vt 0.6799 0.6467 0.0000
vt 0.6732 0.6497 0.0000
vt 0.6662 0.6476 0.0000
vt 0.6643 0.6421 0.0000
vt 0.6657 0.6367 0.0000
vt 0.6721 0.6333 0.0000
vt 0.6788 0.6359 0.0000
vt 0.6810 0.6412 0.0000
vt 0.6459 0.5528 0.0000
vt 0.6482 0.5604 0.0000
vt 0.6455 0.5676 0.0000
vt 0.6391 0.5690 0.0000
vt 0.6328 0.5671 0.0000
vt 0.6307 0.5593 0.0000
vt 0.6177 0.5563 0.0000
vt 0.6178 0.5732 0.0000
vt 0.6338 0.5521 0.0000
vt 0.6400 0.5510 0.0000
vt 0.6445 0.6087 0.0000
vt 0.6475 0.6163 0.0000
vt 0.6455 0.6240 0.0000
vt 0.6393 0.6259 0.0000
vt 0.6329 0.6247 0.0000
vt 0.6299 0.6171 0.0000
vt 0.6169 0.6173 0.0000
vt 0.6194 0.6441 0.0000
vt 0.6320 0.6091 0.0000
vt 0.6382 0.6075 0.0000
vt 0.6990 0.6233 0.0000
vt 0.6963 0.6161 0.0000
vt 0.6984 0.6087 0.0000
vt 0.7046 0.6071 0.0000
vt 0.7108 0.6082 0.0000
vt 0.7136 0.6156 0.0000
vt 0.7114 0.6230 0.0000
vt 0.7052 0.6248 0.0000
vt 0.6990 0.5691 0.0000
vt 0.6965 0.5618 0.0000
vt 0.6987 0.5544 0.0000
vt 0.7048 0.5528 0.0000
vt 0.7109 0.5537 0.0000
vt 0.7136 0.5611 0.0000
vt 0.7114 0.5686 0.0000
vt 0.7052 0.5704 0.0000
vt 0.6614 0.4917 0.0000
vt 0.6261 0.4983 0.0000
vt 0.6247 0.5208 0.0000
vt 0.6210 0.6548 0.0000
vt 0.6178 0.6018 0.0000
vt 0.6637 0.7024 0.0000
vt 0.6201 0.6972 0.0000
vt 1.4647 0.5969 0.0000
vt 1.4878 0.5927 0.0000
vt 1.4883 0.6103 0.0000
vt 1.4575 0.6113 0.0000
vt 1.4769 0.5463 0.0000
vt 1.4701 0.5313 0.0000
vt 1.4862 0.5283 0.0000
vt 1.4886 0.5464 0.0000
vt 1.4608 0.5939 0.0000
vt 1.5853 0.5921 0.0000
vt 1.5890 0.5894 0.0000
vt 1.5977 0.5959 0.0000
vt 1.5895 0.6018 0.0000
vt 1.5457 0.5853 0.0000
vt 1.5458 0.6002 0.0000
vt 1.5935 0.5461 0.0000
vt 1.6016 0.5490 0.0000
vt 1.5492 0.5496 0.0000
vt 1.4578 0.5833 0.0000
vt 1.4673 0.5547 0.0000
vt 1.6108 0.5482 0.0000
vt 1.5188 0.5495 0.0000
vt 1.5163 0.5868 0.0000
vt 1.5184 0.6029 0.0000
vt 1.5197 0.5326 0.0000
vt 1.4528 0.5451 0.0000
vt 1.4592 0.5381 0.0000
vt 1.4706 0.5504 0.0000
vt 1.4486 0.6040 0.0000
vt 1.4405 0.5841 0.0000
vt 1.5976 0.5360 0.0000
vt 1.5498 0.5348 0.0000
vt 0.4647 0.5969 0.0000
vt 0.4575 0.6113 0.0000
vt 0.4883 0.6103 0.0000
vt 0.4878 0.5927 0.0000
vt 0.4769 0.5463 0.0000
vt 0.4886 0.5464 0.0000
vt 0.4862 0.5283 0.0000
vt 0.4701 0.5313 0.0000
vt 0.4608 0.5939 0.0000
vt 0.5853 0.5921 0.0000
vt 0.5895 0.6018 0.0000
vt 0.5977 0.5959 0.0000
vt 0.5890 0.5894 0.0000
vt 0.5457 0.5853 0.0000
vt 0.5458 0.6002 0.0000
vt 0.5935 0.5461 0.0000
vt 0.5492 0.5496 0.0000
vt 0.6016 0.5490 0.0000
vt 0.4578 0.5833 0.0000
vt 0.4673 0.5547 0.0000
vt 0.6108 0.5482 0.0000
vt 0.5163 0.5868 0.0000
vt 0.5188 0.5495 0.0000
vt 0.5184 0.6029 0.0000
vt 0.5197 0.5326 0.0000
vt 0.4706 0.5504 0.0000
vt 0.4592 0.5381 0.0000
vt 0.4528 0.5451 0.0000
vt 0.4405 0.5841 0.0000
vt 0.4486 0.6040 0.0000
vt 0.5976 0.5360 0.0000
vt 0.5498 0.5348 0.0000
vt 1.5990 0.8230 0.0000
vt 1.5929 0.8203 0.0000
vt 1.6010 0.8103 0.0000
vt 1.5890 0.8149 0.0000
vt 1.5883 0.8083 0.0000
vt 1.5910 0.8022 0.0000
vt 1.5964 0.7983 0.0000
vt 1.6030 0.7977 0.0000
vt 1.6091 0.8004 0.0000
vt 1.6130 0.8057 0.0000
vt 1.6137 0.8124 0.0000
vt 1.6110 0.8184 0.0000
vt 1.6056 0.8223 0.0000
vt 1.5817 0.8314 0.0000
vt 1.5897 0.8240 0.0000
vt 1.5980 0.8278 0.0000
vt 1.5948 0.8383 0.0000
vt 1.5737 0.8190 0.0000
vt 1.5844 0.8165 0.0000
vt 1.5731 0.8042 0.0000
vt 1.5835 0.8073 0.0000
vt 1.5799 0.7910 0.0000
vt 1.5874 0.7990 0.0000
vt 1.5924 0.7831 0.0000
vt 1.5949 0.7937 0.0000
vt 1.6071 0.7824 0.0000
vt 1.6040 0.7929 0.0000
vt 1.6203 0.7892 0.0000
vt 1.6123 0.7967 0.0000
vt 1.6282 0.8017 0.0000
vt 1.6176 0.8042 0.0000
vt 1.6289 0.8165 0.0000
vt 1.6184 0.8133 0.0000
vt 1.6221 0.8296 0.0000
vt 1.6146 0.8217 0.0000
vt 1.6096 0.8376 0.0000
vt 1.6071 0.8270 0.0000
vt 1.5909 0.8226 0.0000
vt 1.5983 0.8260 0.0000
vt 1.5861 0.8159 0.0000
vt 1.5853 0.8077 0.0000
vt 1.5888 0.8002 0.0000
vt 1.5955 0.7955 0.0000
vt 1.6036 0.7947 0.0000
vt 1.6111 0.7981 0.0000
vt 1.6159 0.8048 0.0000
vt 1.6166 0.8130 0.0000
vt 1.6132 0.8205 0.0000
vt 1.6065 0.8252 0.0000
vt 1.9612 0.8828 0.0000
vt 1.9542 0.8858 0.0000
vt 1.9522 0.8714 0.0000
vt 1.9467 0.8848 0.0000
vt 1.9407 0.8803 0.0000
vt 1.9378 0.8734 0.0000
vt 1.9387 0.8659 0.0000
vt 1.9433 0.8599 0.0000
vt 1.9502 0.8569 0.0000
vt 1.9577 0.8579 0.0000
vt 1.9637 0.8624 0.0000
vt 1.9666 0.8693 0.0000
vt 1.9657 0.8768 0.0000
vt 1.9466 0.9130 0.0000
vt 1.9506 0.8974 0.0000
vt 1.9638 0.8947 0.0000
vt 1.9682 0.9102 0.0000
vt 1.9266 0.9046 0.0000
vt 1.9378 0.8931 0.0000
vt 1.9134 0.8873 0.0000
vt 1.9288 0.8829 0.0000
vt 1.9106 0.8658 0.0000
vt 1.9262 0.8697 0.0000
vt 1.9190 0.8457 0.0000
vt 1.9305 0.8569 0.0000
vt 1.9362 0.8325 0.0000
vt 1.9406 0.8480 0.0000
vt 1.9578 0.8298 0.0000
vt 1.9539 0.8453 0.0000
vt 1.9778 0.8381 0.0000
vt 1.9667 0.8497 0.0000
vt 1.9910 0.8554 0.0000
vt 1.9756 0.8598 0.0000
vt 1.9938 0.8769 0.0000
vt 1.9782 0.8730 0.0000
vt 1.9855 0.8970 0.0000
vt 1.9739 0.8858 0.0000
vt 0.5990 0.8230 0.0000
vt 0.6010 0.8103 0.0000
vt 0.5929 0.8203 0.0000
vt 0.5890 0.8149 0.0000
vt 0.5883 0.8083 0.0000
vt 0.5910 0.8022 0.0000
vt 0.5964 0.7983 0.0000
vt 0.6030 0.7977 0.0000
vt 0.6091 0.8004 0.0000
vt 0.6130 0.8057 0.0000
vt 0.6137 0.8124 0.0000
vt 0.6110 0.8184 0.0000
vt 0.6056 0.8223 0.0000
vt 0.5817 0.8314 0.0000
vt 0.5948 0.8383 0.0000
vt 0.5980 0.8278 0.0000
vt 0.5897 0.8240 0.0000
vt 0.5737 0.8190 0.0000
vt 0.5844 0.8165 0.0000
vt 0.5731 0.8042 0.0000
vt 0.5835 0.8073 0.0000
vt 0.5799 0.7910 0.0000
vt 0.5874 0.7990 0.0000
vt 0.5924 0.7831 0.0000
vt 0.5949 0.7937 0.0000
vt 0.6071 0.7824 0.0000
vt 0.6040 0.7929 0.0000
vt 0.6203 0.7892 0.0000
vt 0.6123 0.7967 0.0000
vt 0.6282 0.8017 0.0000
vt 0.6176 0.8042 0.0000
vt 0.6289 0.8165 0.0000
vt 0.6184 0.8133 0.0000
vt 0.6221 0.8296 0.0000
vt 0.6146 0.8217 0.0000
vt 0.6096 0.8376 0.0000
vt 0.6071 0.8270 0.0000
vt 0.5909 0.8226 0.0000
vt 0.5983 0.8260 0.0000
vt 0.5861 0.8159 0.0000
vt 0.5853 0.8077 0.0000
vt 0.5888 0.8002 0.0000
vt 0.5955 0.7955 0.0000
vt 0.6036 0.7947 0.0000
vt 0.6111 0.7981 0.0000
vt 0.6159 0.8048 0.0000
vt 0.6166 0.8130 0.0000
vt 0.6132 0.8205 0.0000
vt 0.6065 0.8252 0.0000
vt 0.9612 0.8828 0.0000
vt 0.9522 0.8714 0.0000
vt 0.9542 0.8858 0.0000
vt 0.9467 0.8848 0.0000
vt 0.9407 0.8803 0.0000
vt 0.9378 0.8734 0.0000
vt 0.9387 0.8659 0.0000
vt 0.9433 0.8599 0.0000
vt 0.9502 0.8569 0.0000
vt 0.9577 0.8579 0.0000
vt 0.9637 0.8624 0.0000
vt 0.9666 0.8693 0.0000
vt 0.9657 0.8768 0.0000
vt 0.9466 0.9130 0.0000
vt 0.9682 0.9102 0.0000
vt 0.9638 0.8947 0.0000
vt 0.9506 0.8974 0.0000
vt 0.9266 0.9046 0.0000
vt 0.9378 0.8931 0.0000
vt 0.9134 0.8873 0.0000
vt 0.9288 0.8829 0.0000
vt 0.9106 0.8658 0.0000
vt 0.9262 0.8697 0.0000
vt 0.9190 0.8457 0.0000
vt 0.9305 0.8569 0.0000
vt 0.9362 0.8325 0.0000
vt 0.9406 0.8480 0.0000
vt 0.9578 0.8298 0.0000
vt 0.9539 0.8453 0.0000
vt 0.9778 0.8381 0.0000
vt 0.9667 0.8497 0.0000
vt 0.9910 0.8554 0.0000
vt 0.9756 0.8598 0.0000
vt 0.9938 0.8769 0.0000
vt 0.9782 0.8730 0.0000
vt 0.9855 0.8970 0.0000
vt 0.9739 0.8858 0.0000
vt 0.9868 0.9877 0.0000
vt 0.9693 0.9976 0.0000
vt 0.9660 0.9784 0.0000
vt 0.9743 0.9724 0.0000
vt 0.9488 0.9975 0.0000
vt 0.9555 0.9789 0.0000
vt 0.9305 0.9867 0.0000
vt 0.9456 0.9745 0.0000
vt 0.9204 0.9681 0.0000
vt 0.9399 0.9653 0.0000
vt 0.9209 0.9476 0.0000
vt 0.9390 0.9549 0.0000
vt 0.9314 0.9304 0.0000
vt 0.9438 0.9457 0.0000
vt 0.9489 0.9205 0.0000
vt 0.9522 0.9397 0.0000
vt 0.9693 0.9206 0.0000
vt 0.9627 0.9392 0.0000
vt 0.9877 0.9314 0.0000
vt 0.9725 0.9436 0.0000
vt 0.9978 0.9500 0.0000
vt 0.9783 0.9528 0.0000
vt 0.9972 0.9705 0.0000
vt 0.9791 0.9633 0.0000
vt 0.9596 0.9722 0.0000
vt 0.9706 0.9655 0.0000
vt 0.9479 0.9659 0.0000
vt 0.9475 0.9526 0.0000
vt 0.9586 0.9459 0.0000
vt 0.9703 0.9522 0.0000
vt 0.9629 0.9659 0.0000
vt 0.9678 0.9597 0.0000
vt 0.9546 0.9654 0.0000
vt 0.9506 0.9584 0.0000
vt 0.9552 0.9520 0.0000
vt 0.9635 0.9529 0.0000
vt 0.9591 0.9591 0.0000
vt 0.5981 0.3623 0.0000
vt 0.6205 0.3618 0.0000
vt 0.6190 0.4025 0.0000
vt 0.5945 0.4026 0.0000
vt 0.6002 0.3292 0.0000
vt 0.6221 0.3339 0.0000
vt 0.5878 0.4018 0.0000
vt 0.5924 0.3618 0.0000
vt 0.5944 0.3289 0.0000
vt 0.5731 0.3975 0.0000
vt 0.5779 0.3603 0.0000
vt 0.5799 0.3280 0.0000
vt 0.6443 0.4257 0.0000
vt 0.6523 0.4441 0.0000
vt 0.6216 0.4516 0.0000
vt 0.6416 0.4734 0.0000
vt 0.6252 0.4793 0.0000
vt 0.5908 0.4529 0.0000
vt 0.5911 0.4131 0.0000
vt 0.5967 0.4133 0.0000
vt 0.5980 0.4522 0.0000
vt 0.5964 0.4849 0.0000
vt 0.6023 0.4836 0.0000
vt 0.5789 0.4539 0.0000
vt 0.5810 0.4116 0.0000
vt 0.5859 0.4888 0.0000
vt 0.6516 0.4202 0.0000
vt 0.6330 0.4171 0.0000
vt 0.6378 0.4083 0.0000
vt 0.6617 0.4424 0.0000
vt 0.6476 0.4807 0.0000
vt 0.6506 0.4618 0.0000
vt 0.6594 0.4649 0.0000
vt 0.6020 0.4936 0.0000
vt 0.6282 0.4896 0.0000
vt 0.5951 0.4961 0.0000
vt 0.5688 0.4051 0.0000
vt 0.5898 0.5094 0.0000
vt 0.5800 0.5062 0.0000
vt 0.6334 0.3964 0.0000
vt 0.6393 0.3380 0.0000
vt 0.6186 0.4123 0.0000
vt 0.6495 0.3497 0.0000
vt 0.6520 0.3678 0.0000
vt 0.6445 0.3869 0.0000
vt 0.9338 0.6245 0.0000
vt 0.9314 0.6179 0.0000
vt 0.9408 0.6262 0.0000
vt 0.9443 0.6369 0.0000
vt 0.9383 0.6373 0.0000
vt 0.9216 0.6383 0.0000
vt 0.9206 0.6214 0.0000
vt 0.9330 0.6154 0.0000
vt 0.9200 0.6127 0.0000
vt 0.9198 0.6093 0.0000
vt 0.9346 0.6122 0.0000
vt 0.9431 0.6243 0.0000
vt 0.9460 0.6221 0.0000
vt 0.9476 0.6367 0.0000
vt 0.9513 0.6365 0.0000
vt 0.9202 0.6152 0.0000
vt 0.9450 0.5917 0.0000
vt 0.9184 0.5858 0.0000
vt 0.9174 0.5706 0.0000
vt 0.9521 0.5771 0.0000
vt 0.9653 0.6097 0.0000
vt 0.9787 0.6004 0.0000
vt 0.9732 0.6351 0.0000
vt 0.9906 0.6341 0.0000
vt 0.9078 0.6261 0.0000
vt 0.9011 0.6286 0.0000
vt 0.9093 0.6193 0.0000
vt 0.9049 0.6394 0.0000
vt 0.8989 0.6397 0.0000
vt 0.9075 0.6170 0.0000
vt 0.9055 0.6140 0.0000
vt 0.8986 0.6271 0.0000
vt 0.8954 0.6252 0.0000
vt 0.8956 0.6400 0.0000
vt 0.8919 0.6402 0.0000
vt 0.8926 0.5950 0.0000
vt 0.8838 0.5814 0.0000
vt 0.8747 0.6153 0.0000
vt 0.8603 0.6078 0.0000
vt 0.8701 0.6415 0.0000
vt 0.8527 0.6426 0.0000
vt 0.9355 0.6506 0.0000
vt 0.9421 0.6481 0.0000
vt 0.9339 0.6574 0.0000
vt 0.9227 0.6553 0.0000
vt 0.9358 0.6597 0.0000
vt 0.9377 0.6627 0.0000
vt 0.9234 0.6673 0.0000
vt 0.9232 0.6640 0.0000
vt 0.9447 0.6496 0.0000
vt 0.9478 0.6514 0.0000
vt 0.9231 0.6615 0.0000
vt 0.9506 0.6817 0.0000
vt 0.9594 0.6953 0.0000
vt 0.9258 0.7061 0.0000
vt 0.9249 0.6909 0.0000
vt 0.9685 0.6614 0.0000
vt 0.9829 0.6689 0.0000
vt 0.9094 0.6522 0.0000
vt 0.9118 0.6588 0.0000
vt 0.9025 0.6505 0.0000
vt 0.9102 0.6613 0.0000
vt 0.9086 0.6645 0.0000
vt 0.9001 0.6524 0.0000
vt 0.8972 0.6546 0.0000
vt 0.8982 0.6850 0.0000
vt 0.8911 0.6995 0.0000
vt 0.8780 0.6670 0.0000
vt 0.8646 0.6762 0.0000
vt 1.9338 0.6245 0.0000
vt 1.9408 0.6262 0.0000
vt 1.9314 0.6179 0.0000
vt 1.9383 0.6373 0.0000
vt 1.9443 0.6369 0.0000
vt 1.9206 0.6214 0.0000
vt 1.9216 0.6383 0.0000
vt 1.9330 0.6154 0.0000
vt 1.9346 0.6122 0.0000
vt 1.9198 0.6093 0.0000
vt 1.9200 0.6127 0.0000
vt 1.9431 0.6243 0.0000
vt 1.9460 0.6221 0.0000
vt 1.9476 0.6367 0.0000
vt 1.9513 0.6365 0.0000
vt 1.9202 0.6152 0.0000
vt 1.9450 0.5917 0.0000
vt 1.9521 0.5771 0.0000
vt 1.9174 0.5706 0.0000
vt 1.9184 0.5858 0.0000
vt 1.9653 0.6097 0.0000
vt 1.9787 0.6004 0.0000
vt 1.9732 0.6351 0.0000
vt 1.9906 0.6341 0.0000
vt 1.9078 0.6261 0.0000
vt 1.9093 0.6193 0.0000
vt 1.9011 0.6286 0.0000
vt 1.8989 0.6397 0.0000
vt 1.9049 0.6394 0.0000
vt 1.9075 0.6170 0.0000
vt 1.9055 0.6140 0.0000
vt 1.8986 0.6271 0.0000
vt 1.8954 0.6252 0.0000
vt 1.8956 0.6400 0.0000
vt 1.8919 0.6402 0.0000
vt 1.8926 0.5950 0.0000
vt 1.8838 0.5814 0.0000
vt 1.8747 0.6153 0.0000
vt 1.8603 0.6078 0.0000
vt 1.8701 0.6415 0.0000
vt 1.8527 0.6426 0.0000
vt 1.9355 0.6506 0.0000
vt 1.9339 0.6574 0.0000
vt 1.9421 0.6481 0.0000
vt 1.9227 0.6553 0.0000
vt 1.9358 0.6597 0.0000
vt 1.9232 0.6640 0.0000
vt 1.9234 0.6673 0.0000
vt 1.9377 0.6627 0.0000
vt 1.9447 0.6496 0.0000
vt 1.9478 0.6514 0.0000
vt 1.9231 0.6615 0.0000
vt 1.9506 0.6817 0.0000
vt 1.9249 0.6909 0.0000
vt 1.9258 0.7061 0.0000
vt 1.9594 0.6953 0.0000
vt 1.9685 0.6614 0.0000
vt 1.9829 0.6689 0.0000
vt 1.9094 0.6522 0.0000
vt 1.9025 0.6505 0.0000
vt 1.9118 0.6588 0.0000
vt 1.9102 0.6613 0.0000
vt 1.9086 0.6645 0.0000
vt 1.9001 0.6524 0.0000
vt 1.8972 0.6546 0.0000
vt 1.8982 0.6850 0.0000
vt 1.8911 0.6995 0.0000
vt 1.8780 0.6670 0.0000
vt 1.8646 0.6762 0.0000
vt 1.9550 0.7648 0.0000
vt 1.9808 0.7939 0.0000
vt 1.9693 0.8151 0.0000
vt 1.9423 0.7904 0.0000
vt 1.9264 0.7699 0.0000
vt 1.9337 0.7438 0.0000
vt 1.9602 0.7594 0.0000
vt 1.9867 0.7887 0.0000
vt 1.9381 0.7351 0.0000
vt 1.9708 0.7489 0.0000
vt 1.9972 0.7782 0.0000
vt 1.9473 0.7231 0.0000
vt 1.8662 0.7925 0.0000
vt 1.8589 0.7811 0.0000
vt 1.8923 0.7698 0.0000
vt 1.8858 0.7977 0.0000
vt 1.9083 0.7896 0.0000
vt 1.9182 0.7658 0.0000
vt 1.9002 0.7239 0.0000
vt 1.8993 0.7389 0.0000
vt 1.8621 0.7415 0.0000
vt 1.8616 0.7278 0.0000
vt 1.9302 0.7291 0.0000
vt 1.9279 0.7399 0.0000
vt 1.9016 0.7055 0.0000
vt 1.8588 0.7107 0.0000
vt 1.9375 0.7140 0.0000
vt 1.8616 0.7995 0.0000
vt 1.8509 0.7857 0.0000
vt 1.8854 0.8075 0.0000
vt 1.9163 0.7947 0.0000
vt 1.9015 0.8040 0.0000
vt 1.8975 0.7953 0.0000
vt 1.8526 0.7422 0.0000
vt 1.8531 0.7309 0.0000
vt 1.8494 0.7144 0.0000
vt 1.9598 0.8223 0.0000
vt 1.8565 0.7690 0.0000
vt 1.8472 0.7705 0.0000
vt 1.9470 0.8259 0.0000
vt 1.9288 0.8165 0.0000
vt 1.9218 0.8063 0.0000
vt 0.9550 0.7648 0.0000
vt 0.9423 0.7904 0.0000
vt 0.9693 0.8151 0.0000
vt 0.9808 0.7939 0.0000
vt 0.9337 0.7438 0.0000
vt 0.9264 0.7699 0.0000
vt 0.9867 0.7887 0.0000
vt 0.9602 0.7594 0.0000
vt 0.9381 0.7351 0.0000
vt 0.9972 0.7782 0.0000
vt 0.9708 0.7489 0.0000
vt 0.9473 0.7231 0.0000
vt 0.8662 0.7925 0.0000
vt 0.8858 0.7977 0.0000
vt 0.8923 0.7698 0.0000
vt 0.8589 0.7811 0.0000
vt 0.9083 0.7896 0.0000
vt 0.9182 0.7658 0.0000
vt 0.9002 0.7239 0.0000
vt 0.8616 0.7278 0.0000
vt 0.8621 0.7415 0.0000
vt 0.8993 0.7389 0.0000
vt 0.9302 0.7291 0.0000
vt 0.9279 0.7399 0.0000
vt 0.9016 0.7055 0.0000
vt 0.8588 0.7107 0.0000
vt 0.9375 0.7140 0.0000
vt 0.8616 0.7995 0.0000
vt 0.8509 0.7857 0.0000
vt 0.8854 0.8075 0.0000
vt 0.9163 0.7947 0.0000
vt 0.8975 0.7953 0.0000
vt 0.9015 0.8040 0.0000
vt 0.8526 0.7422 0.0000
vt 0.8531 0.7309 0.0000
vt 0.8494 0.7144 0.0000
vt 0.9598 0.8223 0.0000
vt 0.8565 0.7690 0.0000
vt 0.8472 0.7705 0.0000
vt 0.9288 0.8165 0.0000
vt 0.9470 0.8259 0.0000
vt 0.9218 0.8063 0.0000
vt 0.9749 0.4757 0.0000
vt 0.9827 0.4892 0.0000
vt 0.9709 0.4950 0.0000
vt 0.9640 0.4831 0.0000
vt 0.9888 0.5039 0.0000
vt 0.9762 0.5077 0.0000
vt 0.9929 0.5197 0.0000
vt 0.9798 0.5213 0.0000
vt 0.9941 0.5369 0.0000
vt 0.9810 0.5357 0.0000
vt 0.9909 0.5550 0.0000
vt 0.9788 0.5505 0.0000
vt 0.9822 0.5721 0.0000
vt 0.9720 0.5647 0.0000
vt 0.9689 0.5856 0.0000
vt 0.9597 0.5763 0.0000
vt 0.9020 0.4367 0.0000
vt 0.9208 0.4370 0.0000
vt 0.9189 0.4498 0.0000
vt 0.9026 0.4502 0.0000
vt 0.9384 0.4424 0.0000
vt 0.9333 0.4544 0.0000
vt 0.9532 0.4517 0.0000
vt 0.9455 0.4623 0.0000
vt 0.9652 0.4631 0.0000
vt 0.9556 0.4721 0.0000
vt 0.9580 0.5015 0.0000
vt 0.9524 0.4916 0.0000
vt 0.9623 0.5120 0.0000
vt 0.9653 0.5229 0.0000
vt 0.9665 0.5340 0.0000
vt 0.9656 0.5450 0.0000
vt 0.9617 0.5554 0.0000
vt 0.9540 0.5627 0.0000
vt 0.9189 0.4636 0.0000
vt 0.9087 0.4629 0.0000
vt 0.9288 0.4679 0.0000
vt 0.9378 0.4745 0.0000
vt 0.9456 0.4826 0.0000
vt 0.9492 0.5053 0.0000
vt 0.9446 0.4972 0.0000
vt 0.9531 0.5146 0.0000
vt 0.9558 0.5234 0.0000
vt 0.9573 0.5328 0.0000
vt 0.9573 0.5416 0.0000
vt 0.9563 0.5503 0.0000
vt 0.9492 0.5568 0.0000
vt 0.9179 0.4724 0.0000
vt 0.9089 0.4688 0.0000
vt 0.9253 0.4762 0.0000
vt 0.9325 0.4826 0.0000
vt 0.9387 0.4892 0.0000
vt 0.9415 0.5044 0.0000
vt 0.9483 0.5201 0.0000
vt 0.9515 0.5360 0.0000
vt 0.9518 0.5507 0.0000
vt 0.9194 0.4796 0.0000
vt 0.9070 0.4714 0.0000
vt 0.9316 0.4904 0.0000
vt 0.9004 0.5339 0.0000
vt 0.8947 0.5235 0.0000
vt 0.9048 0.5449 0.0000
vt 0.9081 0.5563 0.0000
vt 0.9113 0.5678 0.0000
vt 0.8804 0.5046 0.0000
vt 0.8878 0.5138 0.0000
vt 0.8553 0.5565 0.0000
vt 0.8502 0.5498 0.0000
vt 0.8580 0.5645 0.0000
vt 0.8589 0.5738 0.0000
vt 0.8598 0.5847 0.0000
vt 0.8433 0.5439 0.0000
vt 0.8350 0.5371 0.0000
vt 0.8527 0.5579 0.0000
vt 0.8483 0.5523 0.0000
vt 0.8549 0.5648 0.0000
vt 0.8553 0.5724 0.0000
vt 0.8543 0.5805 0.0000
vt 0.8423 0.5477 0.0000
vt 0.8354 0.5440 0.0000
vt 0.8450 0.5620 0.0000
vt 0.8198 0.8318 0.0000
vt 0.8115 0.8740 0.0000
vt 0.6685 0.8773 0.0000
vt 0.6574 0.8367 0.0000
vt 0.8212 0.7964 0.0000
vt 0.6542 0.8010 0.0000
vt 0.6536 0.7160 0.0000
vt 0.8167 0.7108 0.0000
vt 0.8379 0.8908 0.0000
vt 0.8585 0.8520 0.0000
vt 0.9110 0.9318 0.0000
vt 0.8684 0.9652 0.0000
vt 0.6698 0.9128 0.0000
vt 0.8109 0.9082 0.0000
vt 0.8286 0.9880 0.0000
vt 0.6544 0.9874 0.0000
vt 0.6190 0.8573 0.0000
vt 0.6437 0.8938 0.0000
vt 0.6122 0.9692 0.0000
vt 0.5726 0.9372 0.0000
vt 0.6373 0.8441 0.0000
vt 0.6333 0.8265 0.0000
vt 0.6547 0.8193 0.0000
vt 0.8217 0.8146 0.0000
vt 0.8434 0.8212 0.0000
vt 0.8399 0.8390 0.0000
vt 0.8261 0.8793 0.0000
vt 0.8207 0.8907 0.0000
vt 0.8100 0.8910 0.0000
vt 0.6704 0.8951 0.0000
vt 0.6601 0.8944 0.0000
vt 0.6546 0.8826 0.0000
vt 0.8410 0.7978 0.0000
vt 0.6343 0.8035 0.0000
vt 0.8253 0.9019 0.0000
vt 0.8701 0.8375 0.0000
vt 0.6555 0.9054 0.0000
vt 0.6074 0.8434 0.0000
vt 0.8360 0.7097 0.0000
vt 0.6345 0.7159 0.0000
vt 0.8492 0.9773 0.0000
vt 0.9263 0.9202 0.0000
vt 0.6326 0.9793 0.0000
vt 0.5561 0.9264 0.0000
vt 0.6269 0.2390 0.0000
vt 0.6211 0.2952 0.0000
vt 0.6069 0.2934 0.0000
vt 0.6129 0.2373 0.0000
vt 0.5794 0.2210 0.0000
vt 0.6043 0.2349 0.0000
vt 0.5977 0.2954 0.0000
vt 0.5770 0.3074 0.0000
vt 0.5964 0.3219 0.0000
vt 0.6060 0.3011 0.0000
vt 0.6228 0.3049 0.0000
vt 0.6317 0.3220 0.0000
vt 0.6541 0.3114 0.0000
vt 0.6290 0.2975 0.0000
vt 0.6360 0.2370 0.0000
vt 0.6567 0.2250 0.0000
vt 0.6372 0.2106 0.0000
vt 0.6277 0.2313 0.0000
vt 0.6108 0.2275 0.0000
vt 0.6018 0.2104 0.0000
vt 0.6090 0.2329 0.0000
vt 0.6121 0.2323 0.0000
vt 0.6085 0.2363 0.0000
vt 0.6032 0.2971 0.0000
vt 0.6023 0.2941 0.0000
vt 0.6070 0.2974 0.0000
vt 0.6247 0.2995 0.0000
vt 0.6216 0.3002 0.0000
vt 0.6251 0.2961 0.0000
vt 0.6305 0.2353 0.0000
vt 0.6315 0.2382 0.0000
vt 0.6268 0.2350 0.0000
vt 0.6013 0.2992 0.0000
vt 0.6067 0.2307 0.0000
vt 0.6268 0.3017 0.0000
vt 0.6324 0.2332 0.0000
vt 0.5859 0.3156 0.0000
vt 0.5900 0.2146 0.0000
vt 0.6435 0.3178 0.0000
vt 0.6477 0.2168 0.0000
vt 0.6542 0.7096 0.0000
vt 0.8158 0.7045 0.0000
vt 0.9143 0.9373 0.0000
vt 0.8720 0.9704 0.0000
vt 0.8283 0.9942 0.0000
vt 0.6546 0.9936 0.0000
vt 0.6089 0.9744 0.0000
vt 0.5692 0.9425 0.0000
vt 0.8322 0.7036 0.0000
vt 0.6379 0.7094 0.0000
vt 0.8521 0.9823 0.0000
vt 0.9275 0.9274 0.0000
vt 0.6312 0.9848 0.0000
vt 0.5555 0.9335 0.0000
# 1479 texture coords

o PSNA_Lighter01
g PSNA_Lighter01
usemtl LiftProp_VentCover01
s 1
f 1/1/1 2/2/2 3/3/3 4/4/4 
f 5/5/5 6/6/6 7/7/7 8/8/8 
f 9/9/9 10/10/10 11/11/11 12/12/12 
f 13/13/13 14/14/14 15/15/15 16/16/16 
f 17/17/17 18/18/18 19/19/19 20/20/20 
f 1/1/1 21/21/21 22/22/22 23/23/23 
f 2/2/2 24/24/24 25/25/25 26/26/26 
f 3/3/3 27/27/27 28/28/28 29/29/29 
f 4/4/4 30/30/30 31/31/31 32/32/32 
f 5/5/5 33/33/33 22/22/22 21/21/21 
f 6/6/6 32/32/32 31/31/31 34/34/34 
f 9/9/9 34/35/34 31/36/31 30/37/30 
f 10/10/10 29/38/29 28/28/28 35/39/35 
f 13/13/13 35/39/35 28/28/28 27/27/27 
f 14/14/14 26/26/26 25/25/25 36/40/36 
f 17/17/17 36/40/36 25/25/25 24/41/24 
f 18/18/18 23/42/23 22/43/22 33/44/33 
f 2/2/2 1/1/1 23/23/23 24/24/24 
f 3/3/3 2/2/2 26/26/26 27/27/27 
f 4/4/4 3/3/3 29/29/29 30/30/30 
f 1/1/1 4/4/4 32/32/32 21/21/21 
f 6/6/6 5/5/5 21/21/21 32/32/32 
f 7/7/7 6/6/6 34/34/34 37/45/37 
f 5/5/5 8/8/8 38/46/38 33/33/33 
f 10/10/10 9/9/9 30/37/30 29/38/29 
f 11/11/11 10/10/10 35/39/35 39/47/39 
f 9/9/9 12/12/12 37/48/37 34/35/34 
f 14/14/14 13/13/13 27/27/27 26/26/26 
f 15/15/15 14/14/14 36/40/36 40/49/40 
f 13/13/13 16/16/16 39/47/39 35/39/35 
f 18/18/18 17/17/17 24/41/24 23/42/23 
f 19/19/19 18/18/18 33/44/33 38/50/38 
f 17/17/17 20/20/20 40/49/40 36/40/36 
s 2
f 8/51/8 7/52/7 41/53/41 42/54/42 
f 12/55/12 11/56/11 43/57/43 44/58/44 
f 16/59/16 15/60/15 45/61/45 46/62/46 
f 20/63/20 19/64/19 47/65/47 48/66/48 
f 7/52/7 37/67/37 49/68/49 41/53/41 
f 38/69/38 8/51/8 42/54/42 50/70/50 
f 11/56/11 39/71/39 51/72/51 43/57/43 
f 37/67/37 12/55/12 44/58/44 49/68/49 
f 15/60/15 40/73/40 52/74/52 45/61/45 
f 39/71/39 16/59/16 46/62/46 51/72/51 
f 19/64/19 38/69/38 50/70/50 47/65/47 
f 40/73/40 20/63/20 48/66/48 52/74/52 
s 1
f 42/54/42 41/53/41 53/75/53 54/76/54 
f 44/58/44 43/57/43 55/77/55 56/78/56 
f 46/62/46 45/61/45 57/79/57 58/80/58 
f 48/66/48 47/65/47 59/81/59 60/82/60 
f 41/53/41 49/68/49 61/83/61 53/75/53 
f 50/70/50 42/54/42 54/76/54 62/84/62 
f 43/57/43 51/72/51 63/85/63 55/77/55 
f 49/68/49 44/58/44 56/78/56 61/83/61 
f 45/61/45 52/74/52 64/86/64 57/79/57 
f 51/72/51 46/62/46 58/80/58 63/85/63 
f 47/65/47 50/70/50 62/84/62 59/81/59 
f 52/74/52 48/66/48 60/82/60 64/86/64 
s 2
f 65/87/65 66/88/66 67/89/67 68/90/68 
f 66/88/66 60/82/60 59/81/59 67/89/67 
f 68/90/68 56/78/56 55/77/55 65/87/65 
f 68/90/68 67/89/67 54/76/54 53/75/53 
f 66/88/66 65/87/65 58/80/58 57/79/57 
f 61/83/61 56/78/56 68/90/68 53/75/53 
f 54/76/54 67/89/67 59/81/59 62/84/62 
f 63/85/63 58/80/58 65/87/65 55/77/55 
f 64/86/64 60/82/60 66/88/66 57/79/57 
s 8
f 69/91/69 70/92/70 71/93/71 
s 1
f 72/94/72 73/95/73 74/96/74 75/97/75 
f 76/98/76 77/99/77 78/100/78 
s 8
f 79/101/79 80/102/80 81/103/81 
f 82/104/82 83/105/83 71/93/71 70/92/70 
s 1
f 84/106/84 85/107/85 75/97/75 
f 86/108/86 87/109/87 88/110/88 89/111/89 
f 90/112/90 91/113/91 92/114/92 93/115/93 
f 79/101/79 94/116/94 95/117/95 
f 96/118/96 97/119/97 98/120/98 99/121/99 
f 100/122/100 101/123/101 102/124/102 
f 103/125/103 104/126/104 105/127/105 
f 84/106/84 106/128/106 107/129/107 108/130/108 
f 74/96/74 109/131/109 75/97/75 
f 110/132/110 111/133/111 112/134/112 
f 92/114/92 113/135/113 93/115/93 
f 114/136/114 115/137/115 116/138/116 108/130/108 
f 117/139/117 118/140/118 119/141/119 120/142/120 
f 121/143/121 122/144/122 123/145/123 124/146/124 
f 85/107/85 125/147/125 126/148/126 127/149/127 
f 72/94/72 128/150/115 129/151/128 130/152/129 
f 85/107/85 131/153/130 132/154/131 75/97/75 
f 133/155/132 134/156/133 135/157/134 136/158/135 
f 137/159/136 138/160/137 139/161/138 140/162/139 
f 69/91/69 141/163/140 142/164/141 81/103/81 
f 103/125/103 143/165/142 71/93/71 
f 144/166/143 145/167/144 146/168/145 
f 147/169/146 148/170/147 149/171/148 136/158/135 
f 96/118/96 150/172/149 127/149/127 
f 151/173/150 152/174/151 153/175/152 
f 154/176/153 155/177/154 89/111/89 
f 156/178/155 157/179/156 158/180/157 159/181/158 
f 94/116/94 160/182/159 95/117/95 
f 98/120/98 161/183/160 99/121/99 
f 162/184/161 163/185/156 164/186/162 165/187/163 
f 166/188/164 167/189/165 168/190/166 
f 169/191/167 170/192/168 171/193/169 78/100/78 
f 101/123/101 172/194/170 102/124/102 
f 173/195/171 174/196/172 175/197/173 
f 104/126/104 176/198/174 105/127/105 
f 177/199/167 178/200/168 179/201/175 180/202/176 
f 77/99/77 181/203/177 78/100/78 
s 8
f 81/103/81 80/102/80 70/92/70 69/91/69 
s 1
f 108/130/108 85/107/85 84/106/84 
f 105/127/105 173/195/171 87/109/87 182/204/178 
f 99/121/99 183/205/179 91/113/91 184/206/180 
f 84/106/84 75/97/75 109/131/109 106/128/106 
f 92/114/92 112/134/112 111/133/111 
f 69/91/69 71/93/71 143/165/142 141/163/140 
f 182/204/178 146/168/145 145/167/144 
f 147/169/146 127/149/127 150/172/149 148/170/147 
f 184/206/180 153/175/152 152/174/151 
f 130/152/129 185/207/181 73/95/73 72/94/72 
f 93/115/93 186/208/182 76/98/76 
f 136/158/135 151/173/150 100/122/100 133/155/132 
f 83/105/83 180/202/176 104/126/104 
f 72/94/72 75/97/75 132/154/131 128/150/115 
f 133/155/132 140/162/139 139/161/138 134/156/133 
f 76/98/76 78/100/78 171/193/169 
f 104/126/104 180/202/176 179/201/175 
f 77/99/77 175/197/173 174/196/172 
f 89/111/89 110/132/110 166/188/164 154/176/153 
s 8
f 95/117/95 187/209/183 80/102/80 79/101/79 
s 1
f 81/103/81 144/166/143 79/101/79 
f 124/146/124 165/187/163 97/119/97 121/143/121 
f 114/136/114 120/142/120 119/141/119 115/137/115 
f 121/143/121 127/149/127 126/148/126 122/144/122 
f 154/176/153 159/181/158 158/180/157 
f 98/120/98 165/187/163 164/186/162 
f 114/136/114 108/130/108 188/210/184 189/211/185 
f 159/181/158 154/176/153 166/188/164 168/190/166 
f 147/169/146 136/158/135 85/107/85 
f 146/168/145 182/204/178 87/109/87 86/108/86 
f 153/175/152 184/206/180 91/113/91 90/112/90 
f 127/149/127 121/143/121 97/119/97 96/118/96 
f 140/162/139 133/155/132 100/122/100 102/124/102 
f 71/93/71 83/105/83 104/126/104 103/125/103 
f 108/130/108 107/129/107 188/210/184 
f 186/208/182 93/115/93 113/135/113 
f 117/139/117 124/146/124 123/145/123 118/140/118 
f 85/107/85 108/130/108 116/138/116 125/147/125 
f 85/107/85 136/158/135 135/157/134 131/153/130 
f 137/159/136 130/152/129 129/151/128 138/160/137 
f 144/166/143 81/103/81 142/164/141 
f 151/173/150 136/158/135 149/171/148 
f 86/108/86 89/111/89 155/177/154 
f 156/178/155 95/117/95 160/182/159 157/179/156 
f 183/205/179 99/121/99 161/183/160 
f 162/184/161 168/190/166 167/189/165 163/185/156 
f 169/191/167 102/124/102 172/194/170 170/192/168 
f 173/195/171 105/127/105 176/198/174 
f 177/199/167 78/100/78 181/203/177 178/200/168 
f 127/149/127 147/169/146 85/107/85 
f 175/197/173 88/110/88 87/109/87 173/195/171 
f 112/134/112 92/114/92 91/113/91 183/205/179 
f 175/197/173 77/99/77 76/98/76 186/208/182 
f 153/175/152 101/123/101 100/122/100 151/173/150 
f 120/142/120 114/136/114 189/211/185 190/212/186 
f 112/134/112 166/188/164 110/132/110 
f 146/168/145 94/116/94 79/101/79 144/166/143 
f 98/120/98 97/119/97 165/187/163 
f 191/213/187 192/214/188 193/215/189 
f 194/216/190 195/217/191 196/218/192 197/219/193 
f 198/220/194 199/221/195 200/222/196 
f 201/223/197 202/224/198 203/225/199 
f 193/215/189 204/226/200 205/227/201 191/213/187 
f 206/228/202 207/229/203 197/219/193 
f 208/230/204 209/231/205 210/232/206 211/233/207 
f 212/234/208 213/235/209 214/236/210 215/237/211 
f 216/238/212 202/224/198 217/239/213 
f 218/240/214 219/241/215 220/242/216 221/243/217 
f 222/244/218 223/245/219 224/246/220 
f 225/247/221 226/248/222 227/249/223 
f 228/250/224 229/251/225 207/229/203 230/252/226 
f 231/253/227 194/216/190 197/219/193 
f 232/254/228 233/255/229 234/256/230 
f 235/257/231 212/234/208 215/237/211 
f 236/258/232 237/259/233 238/260/234 230/252/226 
f 239/261/235 240/262/236 241/263/237 242/264/238 
f 243/265/239 244/266/240 245/267/241 246/268/242 
f 247/269/243 248/270/244 206/228/202 249/271/245 
f 250/272/246 251/273/247 196/218/192 252/274/248 
f 253/275/249 254/276/250 206/228/202 197/219/193 
f 255/277/251 256/278/252 257/279/253 258/280/254 
f 259/281/255 260/282/256 261/283/257 262/284/258 
f 263/285/259 264/286/260 192/214/188 203/225/199 
f 265/287/261 226/248/222 193/215/189 
f 266/288/262 267/289/263 268/290/264 
f 269/291/265 270/292/266 271/293/267 258/280/254 
f 272/294/268 220/242/216 249/271/245 
f 273/295/269 274/296/270 275/297/271 
f 276/298/272 277/299/273 211/233/207 
f 278/300/274 279/301/275 280/302/276 281/303/277 
f 282/304/278 216/238/212 217/239/213 
f 283/305/279 218/240/214 221/243/217 
f 284/306/280 285/307/281 286/308/282 287/309/283 
f 288/310/284 289/311/285 290/312/286 
f 291/313/287 292/314/288 293/315/289 200/222/196 
f 294/316/290 222/244/218 224/246/220 
f 295/317/291 296/318/292 297/319/293 
f 298/320/294 225/247/221 227/249/223 
f 299/321/295 300/322/288 301/323/296 302/324/297 
f 303/325/298 198/220/194 200/222/196 
f 191/213/187 201/223/197 203/225/199 192/214/188 
f 206/228/202 230/252/226 207/229/203 
f 209/231/205 296/318/292 227/249/223 304/326/299 
f 213/235/209 305/327/300 221/243/217 306/328/301 
f 231/253/227 197/219/193 207/229/203 229/251/225 
f 232/254/228 234/256/230 212/234/208 
f 265/287/261 193/215/189 192/214/188 264/286/260 
f 266/288/262 268/290/264 304/326/299 
f 272/294/268 249/271/245 271/293/267 270/292/266 
f 273/295/269 275/297/271 306/328/301 
f 195/217/191 307/329/302 252/274/248 196/218/192 
f 308/330/303 215/237/211 199/221/195 
f 223/245/219 274/296/270 258/280/254 257/279/253 
f 225/247/221 302/324/297 204/226/200 
f 253/275/249 197/219/193 196/218/192 251/273/247 
f 259/281/255 262/284/258 257/279/253 256/278/252 
f 291/313/287 200/222/196 199/221/195 
f 299/321/295 302/324/297 225/247/221 
f 295/317/291 297/319/293 198/220/194 
f 289/311/285 233/255/229 211/233/207 277/299/273 
f 201/223/197 309/331/304 217/239/213 202/224/198 
f 267/289/263 203/225/199 202/224/198 
f 219/241/215 287/309/283 246/268/242 245/267/241 
f 239/261/235 242/264/238 238/260/234 237/259/233 
f 247/269/243 249/271/245 245/267/241 244/266/240 
f 278/300/274 281/303/277 277/299/273 
f 284/306/280 287/309/283 218/240/214 
f 310/332/305 230/252/226 238/260/234 311/333/306 
f 289/311/285 277/299/273 281/303/277 290/312/286 
f 206/228/202 258/280/254 271/293/267 
f 209/231/205 304/326/299 268/290/264 210/232/206 
f 213/235/209 306/328/301 275/297/271 214/236/210 
f 219/241/215 245/267/241 249/271/245 220/242/216 
f 223/245/219 257/279/253 262/284/258 224/246/220 
f 225/247/221 204/226/200 193/215/189 226/248/222 
f 228/250/224 230/252/226 310/332/305 
f 235/257/231 215/237/211 308/330/303 
f 243/265/239 246/268/242 241/263/237 240/262/236 
f 236/258/232 230/252/226 206/228/202 248/270/244 
f 255/277/251 258/280/254 206/228/202 254/276/250 
f 250/272/246 252/274/248 261/283/257 260/282/256 
f 263/285/259 203/225/199 267/289/263 
f 269/291/265 258/280/254 274/296/270 
f 276/298/272 211/233/207 210/232/206 
f 282/304/278 217/239/213 280/302/276 279/301/275 
f 283/305/279 221/243/217 305/327/300 
f 288/310/284 290/312/286 286/308/282 285/307/281 
f 294/316/290 224/246/220 293/315/289 292/314/288 
f 298/320/294 227/249/223 296/318/292 
f 303/325/298 200/222/196 301/323/296 300/322/288 
f 206/228/202 271/293/267 249/271/245 
f 209/231/205 208/230/204 297/319/293 296/318/292 
f 213/235/209 212/234/208 234/256/230 305/327/300 
f 199/221/195 198/220/194 297/319/293 308/330/303 
f 223/245/219 222/244/218 275/297/271 274/296/270 
f 311/333/306 238/260/234 242/264/238 312/334/307 
f 289/311/285 234/256/230 233/255/229 
f 202/224/198 216/238/212 268/290/264 267/289/263 
f 219/241/215 218/240/214 287/309/283 
s 2
f 82/104/82 70/92/70 191/335/187 205/336/201 
f 107/129/107 106/128/106 229/337/225 228/338/224 
f 109/131/109 74/96/74 194/339/190 231/340/227 
f 111/133/111 110/132/110 233/341/229 232/342/228 
f 89/111/89 88/110/88 208/343/204 211/344/207 
f 175/197/173 186/208/182 308/345/303 297/346/293 
f 113/135/113 92/114/92 212/347/208 235/348/231 
f 116/138/116 115/137/115 237/349/233 236/350/232 
f 119/141/119 118/140/118 240/351/236 239/352/235 
s 4
f 117/139/117 120/142/120 242/353/238 241/354/237 
s 2
f 123/145/123 122/144/122 244/355/240 243/356/239 
f 126/148/126 125/147/125 248/357/244 247/358/243 
f 129/151/128 128/150/115 251/359/247 250/360/246 
f 132/154/131 131/153/130 254/361/250 253/362/249 
f 135/157/134 134/156/133 256/363/252 255/364/251 
f 139/161/138 138/160/137 260/365/256 259/366/255 
s 4
f 137/159/136 140/162/139 262/284/258 261/283/257 
s 2
f 142/164/141 141/163/140 264/367/260 263/368/259 
f 143/165/142 103/125/103 226/369/222 265/370/261 
f 105/127/105 182/204/178 304/371/299 227/372/223 
f 145/167/144 144/166/143 267/373/263 266/374/262 
f 149/171/148 148/170/147 270/375/266 269/376/265 
f 150/172/149 96/118/96 220/377/216 272/378/268 
f 99/121/99 184/206/180 306/379/301 221/380/217 
f 152/174/151 151/173/150 274/381/270 273/382/269 
f 146/168/145 86/108/86 210/383/206 268/384/264 
f 155/177/154 154/176/153 277/385/273 276/386/272 
f 158/180/157 157/179/156 279/387/275 278/388/274 
s 4
f 156/178/155 159/181/158 281/389/277 280/390/276 
s 2
f 160/182/159 94/116/94 216/391/212 282/392/278 
f 112/134/112 183/205/179 305/393/300 234/394/230 
f 161/183/160 98/120/98 218/395/214 283/396/279 
f 164/186/162 163/185/156 285/397/281 284/398/280 
s 4
f 162/184/161 165/187/163 287/399/283 286/400/282 
s 2
f 167/189/165 166/188/164 289/401/285 288/402/284 
f 153/175/152 90/112/90 214/403/210 275/404/271 
f 93/115/93 76/98/76 199/405/195 215/406/211 
f 171/193/169 170/192/168 292/407/288 291/408/287 
s 4
f 169/191/167 78/100/78 200/222/196 293/315/289 
s 2
f 172/194/170 101/123/101 222/409/218 294/410/290 
f 174/196/172 173/195/171 296/411/292 295/412/291 
f 176/198/174 104/126/104 225/413/221 298/414/294 
f 179/201/175 178/200/168 300/415/288 299/416/295 
s 4
f 177/199/167 180/202/176 302/324/297 301/323/296 
s 2
f 181/203/177 77/99/77 198/417/194 303/418/298 
f 70/92/70 80/102/80 201/419/197 191/335/187 
f 106/128/106 109/131/109 231/340/227 229/337/225 
f 88/110/88 175/197/173 297/346/293 208/343/204 
f 92/114/92 111/133/111 232/342/228 212/347/208 
f 141/163/140 143/165/142 265/370/261 264/367/260 
f 182/204/178 145/167/144 266/374/262 304/371/299 
f 148/170/147 150/172/149 272/378/268 270/375/266 
f 184/206/180 152/174/151 273/382/269 306/379/301 
s 4
f 185/207/181 130/152/129 252/274/248 307/329/302 
f 83/105/83 82/104/82 205/227/201 204/226/200 
f 180/202/176 83/105/83 204/226/200 302/324/297 
s 2
f 128/150/115 132/154/131 253/362/249 251/359/247 
f 134/156/133 139/161/138 259/366/255 256/363/252 
f 76/98/76 171/193/169 291/408/287 199/405/195 
f 101/123/101 153/175/152 275/404/271 222/409/218 
f 104/126/104 179/201/175 299/416/295 225/413/221 
f 77/99/77 174/196/172 295/412/291 198/417/194 
s 4
f 187/209/183 95/117/95 217/420/213 309/421/304 
s 2
f 80/102/80 187/209/183 309/421/304 201/419/197 
s 4
f 165/187/163 124/146/124 246/422/242 287/399/283 
s 2
f 115/137/115 119/141/119 239/352/235 237/349/233 
f 122/144/122 126/148/126 247/358/243 244/355/240 
f 154/176/153 158/180/157 278/388/274 277/385/273 
f 94/116/94 146/168/145 268/384/264 216/391/212 
f 98/120/98 164/186/162 284/398/280 218/395/214 
f 166/188/164 112/134/112 234/394/230 289/401/285 
s 4
f 159/181/158 168/190/166 290/423/286 281/389/277 
f 140/162/139 102/124/102 224/246/220 262/284/258 
s 2
f 188/210/184 107/129/107 228/338/224 310/424/305 
f 110/132/110 89/111/89 211/344/207 233/341/229 
f 186/208/182 113/135/113 235/348/231 308/345/303 
s 4
f 124/146/124 117/139/117 241/354/237 246/422/242 
s 2
f 118/140/118 123/145/123 243/356/239 240/351/236 
f 125/147/125 116/138/116 236/350/232 248/357/244 
f 131/153/130 135/157/134 255/364/251 254/361/250 
s 4
f 130/152/129 137/159/136 261/283/257 252/274/248 
s 2
f 138/160/137 129/151/128 250/360/246 260/365/256 
f 103/125/103 105/127/105 227/372/223 226/369/222 
f 144/166/143 142/164/141 263/368/259 267/373/263 
f 96/118/96 99/121/99 221/380/217 220/377/216 
f 151/173/150 149/171/148 269/376/265 274/381/270 
f 86/108/86 155/177/154 276/386/272 210/383/206 
s 4
f 95/117/95 156/178/155 280/390/276 217/420/213 
s 2
f 157/179/156 160/182/159 282/392/278 279/387/275 
f 183/205/179 161/183/160 283/396/279 305/393/300 
s 4
f 168/190/166 162/184/161 286/400/282 290/423/286 
s 2
f 163/185/156 167/189/165 288/402/284 285/397/281 
f 90/112/90 93/115/93 215/406/211 214/403/210 
s 4
f 102/124/102 169/191/167 293/315/289 224/246/220 
s 2
f 170/192/168 172/194/170 294/410/290 292/407/288 
f 173/195/171 176/198/174 298/414/294 296/411/292 
s 4
f 78/100/78 177/199/167 301/323/296 200/222/196 
s 2
f 178/200/168 181/203/177 303/418/298 300/415/288 
s 4
f 120/142/120 190/212/186 312/425/307 242/353/238 
s 8
f 313/426/308 314/427/309 315/428/310 
s 1
f 316/429/311 317/430/312 74/431/74 73/432/73 
f 318/433/195 319/434/196 320/435/194 
s 8
f 321/436/313 322/437/314 323/438/315 
f 324/439/316 315/428/310 314/427/309 325/440/317 
s 1
f 326/441/318 317/430/312 327/442/319 
f 328/443/206 329/444/207 330/445/204 331/446/205 
f 332/447/210 333/448/211 334/449/208 335/450/209 
f 321/436/313 336/451/320 337/452/321 
f 338/453/322 339/454/323 340/455/324 341/456/325 
f 342/457/326 343/458/327 344/459/328 
f 345/460/329 346/461/330 347/462/331 
f 326/441/318 348/463/332 349/464/333 350/465/334 
f 74/431/74 317/430/312 351/466/335 
f 352/467/229 353/468/230 354/469/228 
f 334/449/208 333/448/211 355/470/231 
f 356/471/336 348/463/332 357/472/337 358/473/338 
f 359/474/339 360/475/340 361/476/341 362/477/342 
f 363/478/343 364/479/344 365/480/345 366/481/346 
f 327/442/319 367/482/347 368/483/348 369/484/349 
f 316/429/311 370/485/350 371/486/351 372/487/338 
f 327/442/319 317/430/312 373/488/352 374/489/353 
f 375/490/354 376/491/355 377/492/356 378/493/357 
f 379/494/358 380/495/359 381/496/360 382/497/361 
f 313/426/308 322/437/314 383/498/362 384/499/363 
f 345/460/329 314/427/309 385/500/364 
f 386/501/365 387/502/366 388/503/367 
f 389/504/368 376/491/355 390/505/369 391/506/370 
f 338/453/322 367/482/347 392/507/371 
f 393/508/372 394/509/373 395/510/374 
f 396/511/273 329/444/207 397/512/272 
f 398/513/375 399/514/376 400/515/274 401/516/281 
f 337/452/321 336/451/320 402/517/377 
f 340/455/324 339/454/323 403/518/279 
f 404/519/378 405/520/379 406/521/380 407/522/281 
f 408/523/285 409/524/286 410/525/284 
f 411/526/381 319/434/196 412/527/287 413/528/288 
f 344/459/328 343/458/327 414/529/382 
f 415/530/292 416/531/293 417/532/291 
f 347/462/331 346/461/330 418/533/383 
f 419/534/381 420/535/384 421/536/385 422/537/288 
f 320/435/194 319/434/196 423/538/298 
s 8
f 322/437/314 313/426/308 315/428/310 323/438/315 
s 1
f 348/463/332 326/441/318 327/442/319 
f 346/461/330 424/539/299 331/446/205 415/530/292 
f 339/454/323 425/540/301 335/450/209 426/541/300 
f 326/441/318 350/465/334 351/466/335 317/430/312 
f 334/449/208 354/469/228 353/468/230 
f 313/426/308 384/499/363 385/500/364 314/427/309 
f 424/539/299 388/503/367 387/502/366 
f 389/504/368 391/506/370 392/507/371 367/482/347 
f 425/540/301 395/510/374 394/509/373 
f 370/485/350 316/429/311 73/432/73 185/542/181 
f 333/448/211 318/433/195 427/543/303 
f 376/491/355 375/490/354 342/457/326 393/508/372 
f 325/440/317 347/462/331 420/535/384 
f 316/429/311 372/487/338 373/488/352 317/430/312 
f 375/490/354 378/493/357 381/496/360 380/495/359 
f 318/433/195 412/527/287 319/434/196 
f 347/462/331 421/536/385 420/535/384 
f 320/435/194 417/532/291 416/531/293 
f 329/444/207 396/511/273 408/523/285 352/467/229 
s 8
f 336/451/320 321/436/313 323/438/315 428/544/386 
s 1
f 322/437/314 321/436/313 386/501/365 
f 364/479/344 363/478/343 341/456/325 405/520/379 
f 356/471/336 358/473/338 361/476/341 360/475/340 
f 363/478/343 366/481/346 368/483/348 367/482/347 
f 396/511/273 400/515/274 399/514/376 
f 340/455/324 406/521/380 405/520/379 
f 356/471/336 189/545/185 188/546/184 348/463/332 
f 399/514/376 409/524/286 408/523/285 396/511/273 
f 389/504/368 327/442/319 376/491/355 
f 387/502/366 328/443/206 331/446/205 424/539/299 
f 394/509/373 332/447/210 335/450/209 425/540/301 
f 367/482/347 338/453/322 341/456/325 363/478/343 
f 380/495/359 343/458/327 342/457/326 375/490/354 
f 314/427/309 345/460/329 347/462/331 325/440/317 
f 348/463/332 188/546/184 349/464/333 
f 427/543/303 355/470/231 333/448/211 
f 359/474/339 362/477/342 365/480/345 364/479/344 
f 327/442/319 369/484/349 357/472/337 348/463/332 
f 327/442/319 374/489/353 377/492/356 376/491/355 
f 379/494/358 382/497/361 371/486/351 370/485/350 
f 386/501/365 383/498/362 322/437/314 
f 393/508/372 390/505/369 376/491/355 
f 328/443/206 397/512/272 329/444/207 
f 398/513/375 401/516/281 402/517/377 336/451/320 
f 426/541/300 403/518/279 339/454/323 
f 404/519/378 407/522/281 410/525/284 409/524/286 
f 411/526/381 413/528/288 414/529/382 343/458/327 
f 415/530/292 418/533/383 346/461/330 
f 419/534/381 422/537/288 423/538/298 319/434/196 
f 367/482/347 327/442/319 389/504/368 
f 416/531/293 415/530/292 331/446/205 330/445/204 
f 353/468/230 426/541/300 335/450/209 334/449/208 
f 416/531/293 427/543/303 318/433/195 320/435/194 
f 394/509/373 393/508/372 342/457/326 344/459/328 
f 360/475/340 190/547/186 189/545/185 356/471/336 
f 353/468/230 352/467/229 408/523/285 
f 387/502/366 386/501/365 321/436/313 337/452/321 
f 340/455/324 405/520/379 341/456/325 
f 429/548/387 430/549/388 431/550/389 
f 194/551/190 432/552/390 433/553/391 195/554/191 
f 434/555/77 435/556/78 436/557/76 
f 437/558/392 438/559/393 439/560/394 
f 430/549/388 429/548/387 440/561/395 441/562/396 
f 442/563/397 432/552/390 443/564/398 
f 444/565/88 445/566/89 446/567/86 447/568/87 
f 448/569/92 449/570/93 450/571/90 451/572/91 
f 452/573/399 453/574/400 439/560/394 
f 454/575/401 455/576/402 456/577/403 457/578/404 
f 458/579/405 459/580/406 460/581/407 
f 461/582/408 462/583/409 463/584/410 
f 464/585/411 465/586/412 443/564/398 466/587/413 
f 467/588/414 432/552/390 194/551/190 
f 468/589/111 469/590/112 470/591/110 
f 471/592/113 449/570/93 448/569/92 
f 472/593/415 465/586/412 473/594/416 474/595/417 
f 475/596/418 476/597/419 477/598/420 478/599/421 
f 479/600/422 480/601/423 481/602/424 482/603/425 
f 483/604/426 484/605/427 442/563/397 485/606/428 
f 486/607/429 487/608/430 433/553/391 488/609/431 
f 489/610/432 432/552/390 442/563/397 490/611/433 
f 491/612/434 492/613/435 493/614/436 494/615/437 
f 495/616/438 496/617/439 497/618/440 498/619/441 
f 499/620/442 438/559/393 431/550/389 500/621/443 
f 501/622/444 430/549/388 463/584/410 
f 502/623/445 503/624/446 504/625/447 
f 505/626/448 492/613/435 506/627/449 507/628/450 
f 508/629/451 484/605/427 456/577/403 
f 509/630/452 510/631/453 511/632/454 
f 512/633/154 445/566/89 513/634/153 
f 514/635/157 515/636/455 516/637/456 517/638/457 
f 518/639/458 453/574/400 452/573/399 
f 519/640/160 455/576/402 454/575/401 
f 520/641/459 521/642/460 522/643/461 523/644/156 
f 524/645/165 525/646/166 526/647/164 
f 527/648/169 435/556/78 528/649/462 529/650/168 
f 530/651/463 459/580/406 458/579/405 
f 531/652/172 532/653/173 533/654/171 
f 534/655/464 462/583/409 461/582/408 
f 535/656/465 536/657/466 537/658/467 538/659/168 
f 539/660/177 435/556/78 434/555/77 
f 429/548/387 431/550/389 438/559/393 437/558/392 
f 442/563/397 443/564/398 465/586/412 
f 447/568/87 540/661/178 462/583/409 533/654/171 
f 451/572/91 541/662/180 455/576/402 542/663/179 
f 467/588/414 466/587/413 443/564/398 432/552/390 
f 468/589/111 448/569/92 469/590/112 
f 501/622/444 500/621/443 431/550/389 430/549/388 
f 502/623/445 540/661/178 503/624/446 
f 508/629/451 507/628/450 506/627/449 484/605/427 
f 509/630/452 541/662/180 510/631/453 
f 195/554/191 433/553/391 487/608/430 307/664/302 
f 543/665/182 436/557/76 449/570/93 
f 460/581/407 493/614/436 492/613/435 511/632/454 
f 461/582/408 441/562/396 536/657/466 
f 489/610/432 488/609/431 433/553/391 432/552/390 
f 495/616/438 494/615/437 493/614/436 496/617/439 
f 527/648/169 436/557/76 435/556/78 
f 535/656/465 461/582/408 536/657/466 
f 531/652/172 434/555/77 532/653/173 
f 526/647/164 513/634/153 445/566/89 470/591/110 
f 437/558/392 439/560/394 453/574/400 544/666/468 
f 504/625/447 439/560/394 438/559/393 
f 457/578/404 481/602/424 480/601/423 521/642/460 
f 475/596/418 474/595/417 473/594/416 476/597/419 
f 483/604/426 482/603/425 481/602/424 484/605/427 
f 514/635/157 513/634/153 515/636/455 
f 520/641/459 454/575/401 521/642/460 
f 310/667/305 311/668/306 473/594/416 465/586/412 
f 526/647/164 525/646/166 515/636/455 513/634/153 
f 442/563/397 506/627/449 492/613/435 
f 447/568/87 446/567/86 503/624/446 540/661/178 
f 451/572/91 450/571/90 510/631/453 541/662/180 
f 457/578/404 456/577/403 484/605/427 481/602/424 
f 460/581/407 459/580/406 496/617/439 493/614/436 
f 461/582/408 463/584/410 430/549/388 441/562/396 
f 464/585/411 310/667/305 465/586/412 
f 471/592/113 543/665/182 449/570/93 
f 479/600/422 478/599/421 477/598/420 480/601/423 
f 472/593/415 485/606/428 442/563/397 465/586/412 
f 491/612/434 490/611/433 442/563/397 492/613/435 
f 486/607/429 498/619/441 497/618/440 487/608/430 
f 499/620/442 504/625/447 438/559/393 
f 505/626/448 511/632/454 492/613/435 
f 512/633/154 446/567/86 445/566/89 
f 518/639/458 517/638/457 516/637/456 453/574/400 
f 519/640/160 542/663/179 455/576/402 
f 524/645/165 523/644/156 522/643/461 525/646/166 
f 530/651/463 529/650/168 528/649/462 459/580/406 
f 534/655/464 533/654/171 462/583/409 
f 539/660/177 538/659/168 537/658/467 435/556/78 
f 442/563/397 484/605/427 506/627/449 
f 447/568/87 533/654/171 532/653/173 444/565/88 
f 451/572/91 542/663/179 469/590/112 448/569/92 
f 436/557/76 543/665/182 532/653/173 434/555/77 
f 460/581/407 511/632/454 510/631/453 458/579/405 
f 311/668/306 312/669/307 476/597/419 473/594/416 
f 526/647/164 470/591/110 469/590/112 
f 439/560/394 504/625/447 503/624/446 452/573/399 
f 457/578/404 521/642/460 454/575/401 
s 2
f 324/439/316 440/670/395 429/671/387 315/428/310 
f 349/464/333 464/672/411 466/673/413 350/465/334 
f 351/466/335 467/674/414 194/675/190 74/431/74 
f 354/469/228 468/676/111 470/677/110 352/467/229 
f 329/444/207 445/678/89 444/679/88 330/445/204 
f 416/531/293 532/680/173 543/681/182 427/543/303 
f 355/470/231 471/682/113 448/683/92 334/449/208 
f 357/472/337 472/684/415 474/685/417 358/473/338 
f 361/476/341 475/686/418 478/687/421 362/477/342 
s 4
f 359/474/339 477/688/420 476/689/419 360/475/340 
s 2
f 365/480/345 479/690/422 482/691/425 366/481/346 
f 368/483/348 483/692/426 485/693/428 369/484/349 
f 371/486/351 486/694/429 488/695/431 372/487/338 
f 373/488/352 489/696/432 490/697/433 374/489/353 
f 377/492/356 491/698/434 494/699/437 378/493/357 
f 381/496/360 495/700/438 498/701/441 382/497/361 
s 4
f 379/494/358 497/618/440 496/617/439 380/495/359 
s 2
f 383/498/362 499/702/442 500/703/443 384/499/363 
f 385/500/364 501/704/444 463/705/410 345/460/329 
f 346/461/330 462/706/409 540/707/178 424/539/299 
f 388/503/367 502/708/445 504/709/447 386/501/365 
f 390/505/369 505/710/448 507/711/450 391/506/370 
f 392/507/371 508/712/451 456/713/403 338/453/322 
f 339/454/323 455/714/402 541/715/180 425/540/301 
f 395/510/374 509/716/452 511/717/454 393/508/372 
f 387/502/366 503/718/446 446/719/86 328/443/206 
f 397/512/272 512/720/154 513/721/153 396/511/273 
f 400/515/274 514/722/157 517/723/457 401/516/281 
s 4
f 398/513/375 516/724/456 515/725/455 399/514/376 
s 2
f 402/517/377 518/726/458 452/727/399 337/452/321 
f 353/468/230 469/728/112 542/729/179 426/541/300 
f 403/518/279 519/730/160 454/731/401 340/455/324 
f 406/521/380 520/732/459 523/733/156 407/522/281 
s 4
f 404/519/378 522/734/461 521/735/460 405/520/379 
s 2
f 410/525/284 524/736/165 526/737/164 408/523/285 
f 394/509/373 510/738/453 450/739/90 332/447/210 
f 333/448/211 449/740/93 436/741/76 318/433/195 
f 412/527/287 527/742/169 529/743/168 413/528/288 
s 4
f 411/526/381 528/649/462 435/556/78 319/434/196 
s 2
f 414/529/382 530/744/463 458/745/405 344/459/328 
f 417/532/291 531/746/172 533/747/171 415/530/292 
f 418/533/383 534/748/464 461/749/408 347/462/331 
f 421/536/385 535/750/465 538/751/168 422/537/288 
s 4
f 419/534/381 537/658/467 536/657/466 420/535/384 
s 2
f 423/538/298 539/752/177 434/753/77 320/435/194 
f 315/428/310 429/671/387 437/754/392 323/438/315 
f 350/465/334 466/673/413 467/674/414 351/466/335 
f 330/445/204 444/679/88 532/680/173 416/531/293 
f 334/449/208 448/683/92 468/676/111 354/469/228 
f 384/499/363 500/703/443 501/704/444 385/500/364 
f 424/539/299 540/707/178 502/708/445 388/503/367 
f 391/506/370 507/711/450 508/712/451 392/507/371 
f 425/540/301 541/715/180 509/716/452 395/510/374 
s 4
f 185/542/181 307/664/302 487/608/430 370/485/350 
f 325/440/317 441/562/396 440/561/395 324/439/316 
f 420/535/384 536/657/466 441/562/396 325/440/317 
s 2
f 372/487/338 488/695/431 489/696/432 373/488/352 
f 378/493/357 494/699/437 495/700/438 381/496/360 
f 318/433/195 436/741/76 527/742/169 412/527/287 
f 344/459/328 458/745/405 510/738/453 394/509/373 
f 347/462/331 461/749/408 535/750/465 421/536/385 
f 320/435/194 434/753/77 531/746/172 417/532/291 
s 4
f 428/544/386 544/755/468 453/756/400 336/451/320 
s 2
f 323/438/315 437/754/392 544/755/468 428/544/386 
s 4
f 405/520/379 521/735/460 480/757/423 364/479/344 
s 2
f 358/473/338 474/685/417 475/686/418 361/476/341 
f 366/481/346 482/691/425 483/692/426 368/483/348 
f 396/511/273 513/721/153 514/722/157 400/515/274 
f 337/452/321 452/727/399 503/718/446 387/502/366 
f 340/455/324 454/731/401 520/732/459 406/521/380 
f 408/523/285 526/737/164 469/728/112 353/468/230 
s 4
f 399/514/376 515/725/455 525/758/166 409/524/286 
f 380/495/359 496/617/439 459/580/406 343/458/327 
s 2
f 188/546/184 310/759/305 464/672/411 349/464/333 
f 352/467/229 470/677/110 445/678/89 329/444/207 
f 427/543/303 543/681/182 471/682/113 355/470/231 
s 4
f 364/479/344 480/757/423 477/688/420 359/474/339 
s 2
f 362/477/342 478/687/421 479/690/422 365/480/345 
f 369/484/349 485/693/428 472/684/415 357/472/337 
f 374/489/353 490/697/433 491/698/434 377/492/356 
s 4
f 370/485/350 487/608/430 497/618/440 379/494/358 
s 2
f 382/497/361 498/701/441 486/694/429 371/486/351 
f 345/460/329 463/705/410 462/706/409 346/461/330 
f 386/501/365 504/709/447 499/702/442 383/498/362 
f 338/453/322 456/713/403 455/714/402 339/454/323 
f 393/508/372 511/717/454 505/710/448 390/505/369 
f 328/443/206 446/719/86 512/720/154 397/512/272 
s 4
f 336/451/320 453/756/400 516/724/456 398/513/375 
s 2
f 401/516/281 517/723/457 518/726/458 402/517/377 
f 426/541/300 542/729/179 519/730/160 403/518/279 
s 4
f 409/524/286 525/758/166 522/734/461 404/519/378 
s 2
f 407/522/281 523/733/156 524/736/165 410/525/284 
f 332/447/210 450/739/90 449/740/93 333/448/211 
s 4
f 343/458/327 459/580/406 528/649/462 411/526/381 
s 2
f 413/528/288 529/743/168 530/744/463 414/529/382 
f 415/530/292 533/747/171 534/748/464 418/533/383 
s 4
f 319/434/196 435/556/78 537/658/467 419/534/381 
s 2
f 422/537/288 538/751/168 539/752/177 423/538/298 
s 4
f 360/475/340 476/689/419 312/760/307 190/547/186 
s 1
f 545/761/469 546/762/470 547/763/471 548/764/472 
f 549/765/473 550/766/474 551/767/475 552/768/476 
s 2
f 545/761/469 553/769/477 546/762/470 
s 4
f 554/770/478 555/771/479 556/772/480 557/773/481 
s 1
f 558/774/482 554/770/478 557/773/481 559/775/483 
s 2
f 560/776/484 561/777/485 555/771/479 562/778/486 
f 563/779/487 564/780/488 552/768/476 
s 8
f 555/771/479 561/777/485 565/781/489 556/772/480 
s 2
f 555/771/479 554/770/478 562/778/486 
f 546/762/470 552/768/476 566/782/490 567/783/491 
s 1
f 558/774/482 559/775/483 568/784/492 567/783/491 
s 2
f 562/778/486 558/774/482 567/783/491 566/782/490 
s 1
f 552/768/476 551/767/475 569/785/493 566/782/490 
s 2
f 554/770/478 558/774/482 562/778/486 
s 4
f 564/780/488 570/786/494 571/787/495 572/788/496 
s 1
f 553/769/477 573/789/497 574/790/498 563/779/487 
s 2
f 563/779/487 552/768/476 546/762/470 
f 564/780/488 572/788/496 549/765/473 552/768/476 
s 4
f 573/789/497 553/769/477 545/761/469 548/764/472 
s 1
f 575/791/499 560/776/484 562/778/486 576/792/500 
s 4
f 570/786/494 564/780/488 563/779/487 574/790/498 
s 1
f 565/781/489 561/777/485 560/776/484 575/791/499 
f 547/763/471 546/762/470 567/783/491 568/784/492 
f 576/792/500 562/778/486 566/782/490 569/785/493 
s 4
f 550/766/474 549/765/473 572/788/496 571/787/495 
s 2
f 553/769/477 563/779/487 546/762/470 
s 1
f 577/793/501 548/794/472 547/795/471 578/796/502 
f 579/797/503 580/798/504 551/799/475 550/800/474 
s 2
f 577/793/501 578/796/502 581/801/505 
s 4
f 582/802/506 557/803/481 556/804/480 583/805/507 
s 1
f 584/806/508 559/807/483 557/803/481 582/802/506 
s 2
f 585/808/509 586/809/510 583/805/507 587/810/511 
f 588/811/512 580/798/504 589/812/513 
s 8
f 583/805/507 556/804/480 565/813/489 587/810/511 
s 2
f 583/805/507 586/809/510 582/802/506 
f 578/796/502 590/814/514 591/815/515 580/798/504 
s 1
f 584/806/508 590/814/514 568/816/492 559/807/483 
s 2
f 586/809/510 591/815/515 590/814/514 584/806/508 
s 1
f 580/798/504 591/815/515 569/817/493 551/799/475 
s 2
f 582/802/506 586/809/510 584/806/508 
s 4
f 589/812/513 592/818/516 571/819/495 570/820/494 
s 1
f 581/801/505 588/811/512 574/821/498 573/822/497 
s 2
f 588/811/512 578/796/502 580/798/504 
f 589/812/513 580/798/504 579/797/503 592/818/516 
s 4
f 573/822/497 548/794/472 577/793/501 581/801/505 
s 1
f 575/823/499 576/824/500 586/809/510 585/808/509 
s 4
f 570/820/494 574/821/498 588/811/512 589/812/513 
s 1
f 565/813/489 575/823/499 585/808/509 587/810/511 
f 547/795/471 568/816/492 590/814/514 578/796/502 
f 576/824/500 569/817/493 591/815/515 586/809/510 
s 4
f 550/800/474 571/819/495 592/818/516 579/797/503 
s 2
f 581/801/505 578/796/502 588/811/512 
s off
f 593/825/517 594/826/518 595/827/519 
f 594/826/518 596/828/520 595/827/519 
f 596/828/520 597/829/521 595/827/519 
f 597/829/521 598/830/522 595/827/519 
f 598/830/522 599/831/523 595/827/519 
f 599/831/523 600/832/524 595/827/519 
f 600/832/524 601/833/525 595/827/519 
f 601/833/525 602/834/526 595/827/519 
f 602/834/526 603/835/527 595/827/519 
f 603/835/527 604/836/528 595/827/519 
f 604/836/528 605/837/529 595/827/519 
f 605/837/529 593/825/517 595/827/519 
s 8
f 606/838/530 607/839/531 608/840/532 609/841/533 
f 610/842/534 611/843/535 607/839/531 606/838/530 
f 612/844/536 613/845/537 611/843/535 610/842/534 
f 614/846/538 615/847/539 613/845/537 612/844/536 
f 616/848/540 617/849/541 615/847/539 614/846/538 
f 618/850/542 619/851/543 617/849/541 616/848/540 
f 620/852/544 621/853/545 619/851/543 618/850/542 
f 622/854/546 623/855/547 621/853/545 620/852/544 
f 624/856/548 625/857/549 623/855/547 622/854/546 
f 626/858/550 627/859/551 625/857/549 624/856/548 
f 628/860/552 629/861/553 627/859/551 626/858/550 
f 609/841/533 608/840/532 629/861/553 628/860/552 
f 630/862/554 594/826/518 593/825/517 631/863/555 
f 632/864/556 596/828/520 594/826/518 630/862/554 
f 633/865/557 597/829/521 596/828/520 632/864/556 
f 634/866/558 598/830/522 597/829/521 633/865/557 
f 635/867/559 599/831/523 598/830/522 634/866/558 
f 636/868/560 600/832/524 599/831/523 635/867/559 
f 637/869/561 601/833/525 600/832/524 636/868/560 
f 638/870/562 602/834/526 601/833/525 637/869/561 
f 639/871/563 603/835/527 602/834/526 638/870/562 
f 640/872/564 604/836/528 603/835/527 639/871/563 
f 641/873/565 605/837/529 604/836/528 640/872/564 
f 631/863/555 593/825/517 605/837/529 641/873/565 
s off
f 630/862/554 631/863/555 608/840/532 607/839/531 
f 631/863/555 641/873/565 629/861/553 608/840/532 
f 641/873/565 640/872/564 627/859/551 629/861/553 
f 640/872/564 639/871/563 625/857/549 627/859/551 
f 639/871/563 638/870/562 623/855/547 625/857/549 
f 638/870/562 637/869/561 621/853/545 623/855/547 
f 637/869/561 636/868/560 619/851/543 621/853/545 
f 636/868/560 635/867/559 617/849/541 619/851/543 
f 635/867/559 634/866/558 615/847/539 617/849/541 
f 634/866/558 633/865/557 613/845/537 615/847/539 
f 633/865/557 632/864/556 611/843/535 613/845/537 
f 632/864/556 630/862/554 607/839/531 611/843/535 
s 1
f 642/874/566 643/875/567 644/876/568 
f 643/875/567 645/877/569 644/876/568 
f 645/877/569 646/878/570 644/876/568 
f 646/878/570 647/879/571 644/876/568 
f 647/879/571 648/880/572 644/876/568 
f 648/880/572 649/881/573 644/876/568 
f 649/881/573 650/882/574 644/876/568 
f 650/882/574 651/883/575 644/876/568 
f 651/883/575 652/884/576 644/876/568 
f 652/884/576 653/885/577 644/876/568 
f 653/885/577 654/886/578 644/876/568 
f 654/886/578 642/874/566 644/876/568 
s 2
f 655/887/530 656/888/579 657/889/580 658/890/533 
f 659/891/534 660/892/581 656/888/579 655/887/530 
f 661/893/582 662/894/583 660/892/581 659/891/534 
f 663/895/584 664/896/585 662/894/583 661/893/582 
f 665/897/540 666/898/586 664/896/585 663/895/584 
f 667/899/587 668/900/588 666/898/586 665/897/540 
f 669/901/589 670/902/590 668/900/588 667/899/587 
f 671/903/591 672/904/592 670/902/590 669/901/589 
f 673/905/593 674/906/594 672/904/592 671/903/591 
f 675/907/550 676/908/595 674/906/594 673/905/593 
f 677/909/552 678/910/596 676/908/595 675/907/550 
s 4
f 658/890/533 657/889/580 678/910/596 677/909/552 
s 2
f 656/888/579 643/875/567 642/874/566 657/889/580 
f 660/892/581 645/877/569 643/875/567 656/888/579 
f 662/894/583 646/878/570 645/877/569 660/892/581 
f 664/896/585 647/879/571 646/878/570 662/894/583 
f 666/898/586 648/880/572 647/879/571 664/896/585 
f 668/900/588 649/881/573 648/880/572 666/898/586 
f 670/902/590 650/882/574 649/881/573 668/900/588 
f 672/904/592 651/883/575 650/882/574 670/902/590 
f 674/906/594 652/884/576 651/883/575 672/904/592 
f 676/908/595 653/885/577 652/884/576 674/906/594 
f 678/910/596 654/886/578 653/885/577 676/908/595 
s 4
f 657/889/580 642/874/566 654/886/578 678/910/596 
s off
f 679/911/597 680/912/598 681/913/599 
f 681/913/599 680/912/598 682/914/600 
f 682/914/600 680/912/598 683/915/601 
f 683/915/601 680/912/598 684/916/602 
f 684/916/602 680/912/598 685/917/603 
f 685/917/603 680/912/598 686/918/604 
f 686/918/604 680/912/598 687/919/605 
f 687/919/605 680/912/598 688/920/606 
f 688/920/606 680/912/598 689/921/607 
f 689/921/607 680/912/598 690/922/608 
f 690/922/608 680/912/598 691/923/609 
f 691/923/609 680/912/598 679/911/597 
s 8
f 606/924/530 609/925/533 692/926/610 693/927/611 
f 610/928/534 606/924/530 693/927/611 694/929/612 
f 612/930/536 610/928/534 694/929/612 695/931/613 
f 614/932/538 612/930/536 695/931/613 696/933/614 
f 616/934/540 614/932/538 696/933/614 697/935/615 
f 618/936/542 616/934/540 697/935/615 698/937/616 
f 620/938/544 618/936/542 698/937/616 699/939/617 
f 622/940/546 620/938/544 699/939/617 700/941/618 
f 624/942/548 622/940/546 700/941/618 701/943/619 
f 626/944/550 624/942/548 701/943/619 702/945/620 
f 628/946/552 626/944/550 702/945/620 703/947/621 
f 609/925/533 628/946/552 703/947/621 692/926/610 
f 704/948/622 705/949/623 679/911/597 681/913/599 
f 706/950/624 704/948/622 681/913/599 682/914/600 
f 707/951/625 706/950/624 682/914/600 683/915/601 
f 708/952/626 707/951/625 683/915/601 684/916/602 
f 709/953/627 708/952/626 684/916/602 685/917/603 
f 710/954/628 709/953/627 685/917/603 686/918/604 
f 711/955/629 710/954/628 686/918/604 687/919/605 
f 712/956/630 711/955/629 687/919/605 688/920/606 
f 713/957/631 712/956/630 688/920/606 689/921/607 
f 714/958/632 713/957/631 689/921/607 690/922/608 
f 715/959/633 714/958/632 690/922/608 691/923/609 
f 705/949/623 715/959/633 691/923/609 679/911/597 
s off
f 704/948/622 693/927/611 692/926/610 705/949/623 
f 705/949/623 692/926/610 703/947/621 715/959/633 
f 715/959/633 703/947/621 702/945/620 714/958/632 
f 714/958/632 702/945/620 701/943/619 713/957/631 
f 713/957/631 701/943/619 700/941/618 712/956/630 
f 712/956/630 700/941/618 699/939/617 711/955/629 
f 711/955/629 699/939/617 698/937/616 710/954/628 
f 710/954/628 698/937/616 697/935/615 709/953/627 
f 709/953/627 697/935/615 696/933/614 708/952/626 
f 708/952/626 696/933/614 695/931/613 707/951/625 
f 707/951/625 695/931/613 694/929/612 706/950/624 
f 706/950/624 694/929/612 693/927/611 704/948/622 
s 1
f 716/960/634 717/961/635 718/962/636 
f 718/962/636 717/961/635 719/963/637 
f 719/963/637 717/961/635 720/964/638 
f 720/964/638 717/961/635 721/965/639 
f 721/965/639 717/961/635 722/966/640 
f 722/966/640 717/961/635 723/967/641 
f 723/967/641 717/961/635 724/968/642 
f 724/968/642 717/961/635 725/969/643 
f 725/969/643 717/961/635 726/970/644 
f 726/970/644 717/961/635 727/971/645 
f 727/971/645 717/961/635 728/972/646 
f 728/972/646 717/961/635 716/960/634 
s 2
f 655/973/530 658/974/533 729/975/647 730/976/648 
f 659/977/534 655/973/530 730/976/648 731/978/649 
f 661/979/582 659/977/534 731/978/649 732/980/650 
f 663/981/584 661/979/582 732/980/650 733/982/651 
f 665/983/540 663/981/584 733/982/651 734/984/652 
f 667/985/587 665/983/540 734/984/652 735/986/653 
f 669/987/589 667/985/587 735/986/653 736/988/654 
f 671/989/591 669/987/589 736/988/654 737/990/655 
f 673/991/593 671/989/591 737/990/655 738/992/656 
f 675/993/550 673/991/593 738/992/656 739/994/657 
f 677/995/552 675/993/550 739/994/657 740/996/658 
s 4
f 658/974/533 677/995/552 740/996/658 729/975/647 
s 2
f 730/976/648 729/975/647 716/960/634 718/962/636 
f 731/978/649 730/976/648 718/962/636 719/963/637 
f 732/980/650 731/978/649 719/963/637 720/964/638 
f 733/982/651 732/980/650 720/964/638 721/965/639 
f 734/984/652 733/982/651 721/965/639 722/966/640 
f 735/986/653 734/984/652 722/966/640 723/967/641 
f 736/988/654 735/986/653 723/967/641 724/968/642 
f 737/990/655 736/988/654 724/968/642 725/969/643 
f 738/992/656 737/990/655 725/969/643 726/970/644 
f 739/994/657 738/992/656 726/970/644 727/971/645 
f 740/996/658 739/994/657 727/971/645 728/972/646 
s 4
f 729/975/647 740/996/658 728/972/646 716/960/634 
s 8
f 741/997/659 742/998/660 743/999/661 744/1000/662 
f 742/998/660 745/1001/663 746/1002/664 743/999/661 
f 745/1001/663 747/1003/665 748/1004/666 746/1002/664 
f 747/1003/665 749/1005/667 750/1006/668 748/1004/666 
f 749/1005/667 751/1007/669 752/1008/670 750/1006/668 
f 751/1007/669 753/1009/671 754/1010/672 752/1008/670 
f 753/1009/671 755/1011/673 756/1012/674 754/1010/672 
f 755/1011/673 757/1013/675 758/1014/676 756/1012/674 
f 757/1013/675 759/1015/677 760/1016/678 758/1014/676 
f 759/1015/677 761/1017/679 762/1018/680 760/1016/678 
f 761/1017/679 763/1019/681 764/1020/682 762/1018/680 
f 763/1019/681 741/997/659 744/1000/662 764/1020/682 
s off
f 744/1000/662 743/999/661 765/1021/683 766/1022/684 
f 743/999/661 746/1002/664 765/1021/683 
f 746/1002/664 748/1004/666 767/1023/685 765/1021/683 
f 748/1004/666 750/1006/668 767/1023/685 
f 750/1006/668 752/1008/670 768/1024/686 767/1023/685 
f 752/1008/670 754/1010/672 768/1024/686 
f 754/1010/672 756/1012/674 769/1025/687 768/1024/686 
f 756/1012/674 758/1014/676 769/1025/687 
f 758/1014/676 760/1016/678 770/1026/688 769/1025/687 
f 760/1016/678 762/1018/680 770/1026/688 
f 762/1018/680 764/1020/682 766/1022/684 770/1026/688 
f 764/1020/682 744/1000/662 766/1022/684 
f 766/1022/684 765/1021/683 771/1027/689 772/1028/690 
f 765/1021/683 767/1023/685 773/1029/691 771/1027/689 
f 767/1023/685 768/1024/686 774/1030/692 773/1029/691 
f 768/1024/686 769/1025/687 775/1031/693 774/1030/692 
f 769/1025/687 770/1026/688 776/1032/694 775/1031/693 
f 770/1026/688 766/1022/684 772/1028/690 776/1032/694 
f 772/1028/690 771/1027/689 777/1033/536 
f 771/1027/689 773/1029/691 777/1033/536 
f 773/1029/691 774/1030/692 777/1033/536 
f 774/1030/692 775/1031/693 777/1033/536 
f 775/1031/693 776/1032/694 777/1033/536 
f 776/1032/694 772/1028/690 777/1033/536 
s 1
f 778/1034/695 779/1035/696 780/1036/697 781/1037/698 
f 778/1034/695 782/1038/699 783/1039/700 779/1035/696 
f 781/1037/698 784/1040/701 785/1041/702 778/1034/695 
f 778/1034/695 785/1041/702 786/1042/703 782/1038/699 
f 784/1040/701 787/1043/704 788/1044/705 785/1041/702 
f 785/1041/702 788/1044/705 789/1045/706 786/1042/703 
f 790/1046/707 791/1047/708 792/1048/709 
f 793/1049/710 794/1050/711 792/1048/709 
f 795/1051/712 796/1052/713 797/1053/714 798/1054/715 
f 799/1055/716 795/1051/712 798/1054/715 800/1056/717 
f 801/1057/718 802/1058/719 796/1052/713 795/1051/712 
f 803/1059/720 801/1057/718 795/1051/712 799/1055/716 
s 2
f 804/1060/721 790/1046/707 805/1061/722 806/1062/723 
f 807/1063/724 791/1047/708 790/1046/707 804/1060/721 
f 808/1064/725 793/1049/710 809/1065/726 810/1066/727 
f 782/1067/699 800/1056/717 794/1050/711 783/1068/700 
f 781/1037/698 797/1053/714 796/1052/713 
f 782/1067/699 799/1055/716 800/1056/717 
f 781/1037/698 796/1052/713 802/1058/719 784/1040/701 
f 786/1069/703 803/1059/720 799/1055/716 782/1067/699 
f 784/1040/701 802/1058/719 811/1070/728 787/1043/704 
f 789/1071/706 812/1072/729 803/1059/720 786/1069/703 
s 1
f 780/1036/697 779/1035/696 806/1073/723 
f 779/1035/696 783/1039/700 808/1074/725 
f 813/1075/730 792/1048/709 798/1054/715 797/1053/714 
f 792/1048/709 794/1050/711 800/1056/717 798/1054/715 
s 2
f 780/1036/697 813/1075/730 797/1053/714 781/1037/698 
f 783/1068/700 794/1050/711 793/1049/710 808/1064/725 
f 806/1062/723 805/1061/722 813/1075/730 780/1036/697 
f 810/1066/727 809/1065/726 791/1047/708 807/1063/724 
s 1
f 809/1065/726 792/1048/709 791/1047/708 
f 793/1049/710 792/1048/709 809/1065/726 
f 779/1035/696 810/1076/727 807/1077/724 
f 779/1035/696 808/1074/725 810/1076/727 
f 790/1046/707 792/1048/709 805/1061/722 
f 804/1078/721 779/1035/696 807/1077/724 
f 806/1073/723 779/1035/696 804/1078/721 
f 805/1061/722 792/1048/709 813/1075/730 
f 814/1034/731 815/1037/732 816/1036/733 817/1035/734 
f 814/1034/731 817/1035/734 818/1039/735 819/1038/736 
f 815/1037/732 814/1034/731 820/1041/737 821/1040/738 
f 814/1034/731 819/1038/736 822/1042/739 820/1041/737 
f 821/1040/738 820/1041/737 823/1044/740 824/1043/741 
f 820/1041/737 822/1042/739 825/1045/742 823/1044/740 
f 826/1046/743 827/1048/744 828/1047/745 
f 829/1049/746 827/1048/744 830/1050/747 
f 831/1051/748 832/1054/749 833/1053/750 834/1052/751 
f 835/1055/752 836/1056/753 832/1054/749 831/1051/748 
f 837/1057/754 831/1051/748 834/1052/751 838/1058/755 
f 839/1059/756 835/1055/752 831/1051/748 837/1057/754 
s 2
f 840/1060/757 841/1062/758 842/1061/759 826/1046/743 
f 843/1063/760 840/1060/757 826/1046/743 828/1047/745 
f 844/1064/761 845/1066/762 846/1065/763 829/1049/746 
f 819/1067/736 818/1068/735 830/1050/747 836/1056/753 
f 815/1037/732 834/1052/751 833/1053/750 
f 819/1067/736 836/1056/753 835/1055/752 
f 815/1037/732 821/1040/738 838/1058/755 834/1052/751 
f 822/1069/739 819/1067/736 835/1055/752 839/1059/756 
f 821/1040/738 824/1043/741 847/1070/764 838/1058/755 
f 825/1071/742 822/1069/739 839/1059/756 848/1072/765 
s 1
f 816/1036/733 841/1073/758 817/1035/734 
f 817/1035/734 844/1074/761 818/1039/735 
f 849/1075/766 833/1053/750 832/1054/749 827/1048/744 
f 827/1048/744 832/1054/749 836/1056/753 830/1050/747 
s 2
f 816/1036/733 815/1037/732 833/1053/750 849/1075/766 
f 818/1068/735 844/1064/761 829/1049/746 830/1050/747 
f 841/1062/758 816/1036/733 849/1075/766 842/1061/759 
f 845/1066/762 843/1063/760 828/1047/745 846/1065/763 
s 1
f 846/1065/763 828/1047/745 827/1048/744 
f 829/1049/746 846/1065/763 827/1048/744 
f 817/1035/734 843/1077/760 845/1076/762 
f 817/1035/734 845/1076/762 844/1074/761 
f 826/1046/743 842/1061/759 827/1048/744 
f 840/1078/757 843/1077/760 817/1035/734 
f 841/1073/758 840/1078/757 817/1035/734 
f 842/1061/759 849/1075/766 827/1048/744 
s 8
f 850/1079/767 851/1080/768 852/1081/769 
f 850/1079/767 852/1081/769 853/1082/770 854/1083/771 
s off
f 850/1079/767 855/1084/772 856/1085/773 
s 8
f 857/1086/774 858/1087/775 859/1088/776 860/1089/777 
f 861/1090/778 857/1086/774 860/1089/777 862/1091/779 
f 863/1092/780 861/1090/778 862/1091/779 864/1093/781 
s off
f 865/1094/782 858/1087/775 857/1086/774 851/1080/768 
f 851/1080/768 857/1086/774 861/1090/778 852/1081/769 
f 852/1081/769 861/1090/778 863/1092/780 853/1082/770 
s 8
f 866/1095/783 867/1096/784 868/1097/593 869/1098/550 
f 870/1099/785 866/1095/783 869/1098/550 871/1100/552 
f 872/1101/786 870/1099/785 871/1100/552 873/1102/787 
s 1
f 859/1088/776 867/1096/784 866/1095/783 860/1089/777 
f 860/1089/777 866/1095/783 870/1099/785 862/1091/779 
f 862/1091/779 870/1099/785 872/1101/786 864/1093/781 
s 8
f 856/1085/773 865/1094/782 851/1080/768 850/1079/767 
f 874/1103/788 875/1104/789 876/1105/790 
f 874/1103/788 877/1106/791 878/1107/792 875/1104/789 
s off
f 874/1103/788 856/1085/773 855/1084/772 
s 8
f 879/1108/793 880/1109/794 859/1088/776 858/1087/775 
f 881/1110/795 882/1111/796 880/1109/794 879/1108/793 
f 883/1112/797 884/1113/798 882/1111/796 881/1110/795 
s off
f 865/1094/782 876/1105/790 879/1108/793 858/1087/775 
f 876/1105/790 875/1104/789 881/1110/795 879/1108/793 
f 875/1104/789 878/1107/792 883/1112/797 881/1110/795 
s 8
f 885/1114/799 886/1115/591 868/1097/593 867/1096/784 
f 887/1116/800 888/1117/589 886/1115/591 885/1114/799 
f 889/1118/801 890/1119/802 888/1117/589 887/1116/800 
s 1
f 859/1088/776 880/1109/794 885/1114/799 867/1096/784 
f 880/1109/794 882/1111/796 887/1116/800 885/1114/799 
f 882/1111/796 884/1113/798 889/1118/801 887/1116/800 
s 8
f 856/1085/773 874/1103/788 876/1105/790 865/1094/782 
s off
f 855/1084/772 850/1079/767 854/1083/771 
f 877/1106/791 874/1103/788 855/1084/772 
s 8
f 891/1120/803 892/1121/804 893/1122/805 
f 891/1120/803 854/1083/771 853/1082/770 892/1121/804 
s off
f 891/1120/803 894/1123/806 855/1084/772 
s 8
f 895/1124/807 896/1125/808 897/1126/809 898/1127/810 
f 899/1128/811 900/1129/812 896/1125/808 895/1124/807 
f 863/1092/780 864/1093/781 900/1129/812 899/1128/811 
s off
f 901/1130/813 893/1122/805 895/1124/807 898/1127/810 
f 893/1122/805 892/1121/804 899/1128/811 895/1124/807 
f 892/1121/804 853/1082/770 863/1092/780 899/1128/811 
s 8
f 902/1131/814 903/1132/534 904/1133/582 905/1134/815 
f 906/1135/816 907/1136/530 903/1132/534 902/1131/814 
f 872/1101/786 873/1102/787 907/1136/530 906/1135/816 
s 1
f 897/1126/809 896/1125/808 902/1131/814 905/1134/815 
f 896/1125/808 900/1129/812 906/1135/816 902/1131/814 
f 900/1129/812 864/1093/781 872/1101/786 906/1135/816 
s 8
f 894/1123/806 891/1120/803 893/1122/805 901/1130/813 
f 908/1137/817 909/1138/818 910/1139/819 
f 908/1137/817 910/1139/819 878/1107/792 877/1106/791 
s off
f 908/1137/817 855/1084/772 894/1123/806 
s 8
f 911/1140/820 898/1127/810 897/1126/809 912/1141/821 
f 913/1142/822 911/1140/820 912/1141/821 914/1143/823 
f 883/1112/797 913/1142/822 914/1143/823 884/1113/798 
s off
f 901/1130/813 898/1127/810 911/1140/820 909/1138/818 
f 909/1138/818 911/1140/820 913/1142/822 910/1139/819 
f 910/1139/819 913/1142/822 883/1112/797 878/1107/792 
s 8
f 915/1144/824 905/1134/815 904/1133/582 916/1145/584 
f 917/1146/825 915/1144/824 916/1145/584 918/1147/540 
f 889/1118/801 917/1146/825 918/1147/540 890/1119/802 
s 1
f 897/1126/809 905/1134/815 915/1144/824 912/1141/821 
f 912/1141/821 915/1144/824 917/1146/825 914/1143/823 
f 914/1143/823 917/1146/825 889/1118/801 884/1113/798 
s 8
f 894/1123/806 901/1130/813 909/1138/818 908/1137/817 
s off
f 855/1084/772 854/1083/771 891/1120/803 
f 877/1106/791 855/1084/772 908/1137/817 
s 8
f 919/1148/826 920/1149/827 921/1150/828 
f 919/1148/826 922/1151/829 923/1152/830 920/1149/827 
s off
f 919/1148/826 924/1153/831 925/1154/832 
s 8
f 926/1155/833 927/1156/834 928/1157/835 929/1158/836 
f 930/1159/837 931/1160/838 927/1156/834 926/1155/833 
f 932/1161/839 933/1162/840 931/1160/838 930/1159/837 
s off
f 934/1163/841 921/1150/828 926/1155/833 929/1158/836 
f 921/1150/828 920/1149/827 930/1159/837 926/1155/833 
f 920/1149/827 923/1152/830 932/1161/839 930/1159/837 
s 8
f 935/1164/842 869/1165/550 868/1166/593 936/1167/843 
f 937/1168/844 871/1169/552 869/1165/550 935/1164/842 
f 938/1170/845 873/1171/787 871/1169/552 937/1168/844 
s 1
f 928/1157/835 927/1156/834 935/1164/842 936/1167/843 
f 927/1156/834 931/1160/838 937/1168/844 935/1164/842 
f 931/1160/838 933/1162/840 938/1170/845 937/1168/844 
s 8
f 924/1153/831 919/1148/826 921/1150/828 934/1163/841 
f 939/1172/846 940/1173/847 941/1174/848 
f 939/1172/846 941/1174/848 942/1175/849 943/1176/850 
s off
f 939/1172/846 925/1154/832 924/1153/831 
s 8
f 944/1177/851 929/1158/836 928/1157/835 945/1178/852 
f 946/1179/853 944/1177/851 945/1178/852 947/1180/854 
f 948/1181/855 946/1179/853 947/1180/854 949/1182/856 
s off
f 934/1163/841 929/1158/836 944/1177/851 940/1173/847 
f 940/1173/847 944/1177/851 946/1179/853 941/1174/848 
f 941/1174/848 946/1179/853 948/1181/855 942/1175/849 
s 8
f 950/1183/857 936/1167/843 868/1166/593 886/1184/591 
f 951/1185/858 950/1183/857 886/1184/591 888/1186/589 
f 952/1187/859 951/1185/858 888/1186/589 890/1188/802 
s 1
f 928/1157/835 936/1167/843 950/1183/857 945/1178/852 
f 945/1178/852 950/1183/857 951/1185/858 947/1180/854 
f 947/1180/854 951/1185/858 952/1187/859 949/1182/856 
s 8
f 924/1153/831 934/1163/841 940/1173/847 939/1172/846 
s off
f 925/1154/832 922/1151/829 919/1148/826 
f 943/1176/850 925/1154/832 939/1172/846 
s 8
f 953/1189/860 954/1190/861 955/1191/862 
f 953/1189/860 955/1191/862 923/1152/830 922/1151/829 
s off
f 953/1189/860 925/1154/832 956/1192/863 
s 8
f 957/1193/864 958/1194/865 959/1195/866 960/1196/867 
f 961/1197/868 957/1193/864 960/1196/867 962/1198/869 
f 932/1161/839 961/1197/868 962/1198/869 933/1162/840 
s off
f 963/1199/870 958/1194/865 957/1193/864 954/1190/861 
f 954/1190/861 957/1193/864 961/1197/868 955/1191/862 
f 955/1191/862 961/1197/868 932/1161/839 923/1152/830 
s 8
f 964/1200/871 965/1201/872 904/1202/582 903/1203/534 
f 966/1204/873 964/1200/871 903/1203/534 907/1205/530 
f 938/1170/845 966/1204/873 907/1205/530 873/1171/787 
s 1
f 959/1195/866 965/1201/872 964/1200/871 960/1196/867 
f 960/1196/867 964/1200/871 966/1204/873 962/1198/869 
f 962/1198/869 966/1204/873 938/1170/845 933/1162/840 
s 8
f 956/1192/863 963/1199/870 954/1190/861 953/1189/860 
f 967/1206/874 968/1207/875 969/1208/876 
f 967/1206/874 943/1176/850 942/1175/849 968/1207/875 
s off
f 967/1206/874 956/1192/863 925/1154/832 
s 8
f 970/1209/877 971/1210/878 959/1195/866 958/1194/865 
f 972/1211/879 973/1212/880 971/1210/878 970/1209/877 
f 948/1181/855 949/1182/856 973/1212/880 972/1211/879 
s off
f 963/1199/870 969/1208/876 970/1209/877 958/1194/865 
f 969/1208/876 968/1207/875 972/1211/879 970/1209/877 
f 968/1207/875 942/1175/849 948/1181/855 972/1211/879 
s 8
f 974/1213/881 916/1214/584 904/1202/582 965/1201/872 
f 975/1215/882 918/1216/540 916/1214/584 974/1213/881 
f 952/1187/859 890/1188/802 918/1216/540 975/1215/882 
s 1
f 959/1195/866 971/1210/878 974/1213/881 965/1201/872 
f 971/1210/878 973/1212/880 975/1215/882 974/1213/881 
f 973/1212/880 949/1182/856 952/1187/859 975/1215/882 
s 8
f 956/1192/863 967/1206/874 969/1208/876 963/1199/870 
s off
f 925/1154/832 953/1189/860 922/1151/829 
f 943/1176/850 967/1206/874 925/1154/832 
f 976/1217/883 977/1218/884 978/1219/885 979/1220/886 
f 976/1217/883 979/1220/886 980/1221/887 981/1222/888 
f 977/1218/884 976/1217/883 982/1223/889 983/1224/890 
f 976/1217/883 981/1222/888 984/1225/891 982/1223/889 
f 983/1224/890 982/1223/889 985/1226/892 986/1227/893 
f 982/1223/889 984/1225/891 987/1228/894 985/1226/892 
f 988/1229/895 989/1230/896 990/1231/897 991/1232/898 
f 992/1233/899 990/1231/897 993/1234/900 
f 994/1235/901 995/1236/902 996/1237/903 997/1238/904 
f 998/1239/905 999/1240/906 995/1236/902 994/1235/901 
f 1000/1241/907 994/1235/901 997/1238/904 1001/1242/908 
f 1002/1243/909 998/1239/905 994/1235/901 1000/1241/907 
s 1
f 1003/1244/910 1004/1245/911 989/1230/896 988/1229/895 
s 2
f 1005/1246/912 1003/1244/910 988/1229/895 991/1232/898 
f 1006/1247/913 1007/1248/914 1008/1249/915 992/1233/899 
s 1
f 981/1222/888 980/1221/887 993/1234/900 999/1240/906 
f 977/1250/884 983/1251/890 997/1238/904 996/1237/903 
f 984/1225/891 981/1222/888 999/1240/906 998/1239/905 
f 983/1251/890 986/1252/893 1001/1242/908 997/1238/904 
f 987/1228/894 984/1225/891 998/1239/905 1002/1243/909 
s off
f 978/1219/885 1004/1253/911 979/1220/886 
f 979/1220/886 1006/1247/913 980/1221/887 
f 1009/1254/916 996/1237/903 995/1236/902 990/1231/897 
f 990/1231/897 995/1236/902 999/1240/906 993/1234/900 
s 1
f 978/1255/885 977/1250/884 996/1237/903 1009/1254/916 
f 980/1221/887 1006/1247/913 992/1233/899 993/1234/900 
f 1004/1245/911 978/1255/885 1009/1254/916 989/1230/896 
s off
f 989/1230/896 1009/1254/916 990/1231/897 
f 1004/1253/911 1003/1256/910 1005/1257/912 979/1220/886 
s 2
f 1007/1248/914 1005/1246/912 991/1232/898 1008/1249/915 
s off
f 992/1233/899 1008/1249/915 990/1231/897 
f 979/1220/886 1007/1258/914 1006/1247/913 
f 1008/1249/915 991/1232/898 990/1231/897 
f 979/1220/886 1005/1257/912 1007/1258/914 
f 1010/1259/917 1011/1260/918 1012/1261/919 1013/1262/920 
f 1010/1259/917 1014/1263/921 1015/1264/922 1011/1260/918 
f 1013/1262/920 1016/1265/923 1017/1266/924 1010/1259/917 
f 1010/1259/917 1017/1266/924 1018/1267/925 1014/1263/921 
f 1016/1265/923 1019/1268/926 1020/1269/927 1017/1266/924 
f 1017/1266/924 1020/1269/927 1021/1270/928 1018/1267/925 
f 1022/1271/929 1023/1272/930 1024/1273/931 1025/1274/932 
f 1026/1275/933 1027/1276/934 1024/1273/931 
f 1028/1277/935 1029/1278/936 1030/1279/937 1031/1280/938 
f 1032/1281/939 1028/1277/935 1031/1280/938 1033/1282/940 
f 1034/1283/941 1035/1284/942 1029/1278/936 1028/1277/935 
f 1036/1285/943 1034/1283/941 1028/1277/935 1032/1281/939 
s 1
f 1037/1286/944 1022/1271/929 1025/1274/932 1038/1287/945 
s 2
f 1039/1288/946 1023/1272/930 1022/1271/929 1037/1286/944 
f 1040/1289/947 1026/1275/933 1041/1290/948 1042/1291/949 
s 1
f 1014/1263/921 1033/1282/940 1027/1276/934 1015/1264/922 
f 1013/1292/920 1030/1279/937 1029/1278/936 1016/1293/923 
f 1018/1267/925 1032/1281/939 1033/1282/940 1014/1263/921 
f 1016/1293/923 1029/1278/936 1035/1284/942 1019/1294/926 
f 1021/1270/928 1036/1285/943 1032/1281/939 1018/1267/925 
s off
f 1012/1261/919 1011/1260/918 1038/1295/945 
f 1011/1260/918 1015/1264/922 1040/1289/947 
f 1043/1296/950 1024/1273/931 1031/1280/938 1030/1279/937 
f 1024/1273/931 1027/1276/934 1033/1282/940 1031/1280/938 
s 1
f 1012/1297/919 1043/1296/950 1030/1279/937 1013/1292/920 
f 1015/1264/922 1027/1276/934 1026/1275/933 1040/1289/947 
f 1038/1287/945 1025/1274/932 1043/1296/950 1012/1297/919 
s off
f 1025/1274/932 1024/1273/931 1043/1296/950 
f 1038/1295/945 1011/1260/918 1039/1298/946 1037/1299/944 
s 2
f 1042/1291/949 1041/1290/948 1023/1272/930 1039/1288/946 
s off
f 1026/1275/933 1024/1273/931 1041/1290/948 
f 1011/1260/918 1040/1289/947 1042/1300/949 
f 1041/1290/948 1024/1273/931 1023/1272/930 
f 1011/1260/918 1042/1300/949 1039/1298/946 
s 1
f 1044/1301/951 1045/1302/952 1046/1303/953 1047/1304/954 
f 1045/1302/952 1048/1305/955 1049/1306/956 1046/1303/953 
f 1048/1305/955 1050/1307/957 1051/1308/958 1049/1306/956 
f 1050/1307/957 1052/1309/959 1053/1310/960 1051/1308/958 
f 1052/1309/959 1054/1311/961 1055/1312/962 1053/1310/960 
f 1054/1311/961 1056/1313/963 1057/1314/964 1055/1312/962 
f 1056/1313/963 1058/1315/965 1059/1316/966 1057/1314/964 
f 1058/1317/965 1060/1318/967 1061/1319/968 1059/1320/966 
f 1060/1318/967 1062/1321/969 1063/1322/970 1061/1319/968 
f 1062/1321/969 1064/1323/971 1065/1324/972 1063/1322/970 
f 1064/1323/971 1066/1325/973 1067/1326/974 1065/1324/972 
f 1066/1325/973 1044/1301/951 1047/1304/954 1067/1326/974 
f 1047/1304/954 1046/1303/953 1068/1327/975 1069/1328/976 
f 1046/1303/953 1049/1306/956 1070/1329/977 1068/1327/975 
f 1049/1306/956 1051/1308/958 1071/1330/978 1070/1329/977 
f 1051/1308/958 1053/1310/960 1072/1331/979 1071/1330/978 
f 1053/1310/960 1055/1312/962 1073/1332/980 1072/1331/979 
f 1055/1312/962 1057/1314/964 1074/1333/981 1073/1332/980 
f 1057/1314/964 1059/1316/966 1075/1334/982 1074/1333/981 
f 1059/1320/966 1061/1319/968 1076/1335/983 1075/1336/982 
f 1061/1319/968 1063/1322/970 1077/1337/984 1076/1335/983 
f 1063/1322/970 1065/1324/972 1078/1338/985 1077/1337/984 
f 1065/1324/972 1067/1326/974 1079/1339/986 1078/1338/985 
f 1067/1326/974 1047/1304/954 1069/1328/976 1079/1339/986 
f 1069/1328/976 1068/1327/975 1080/1340/987 1081/1341/988 
f 1068/1327/975 1070/1329/977 1082/1342/989 1080/1340/987 
f 1070/1329/977 1071/1330/978 1083/1343/990 1082/1342/989 
f 1071/1330/978 1072/1331/979 1084/1344/991 1083/1343/990 
f 1072/1331/979 1073/1332/980 1085/1345/992 1084/1344/991 
f 1073/1332/980 1074/1333/981 1086/1346/993 1085/1345/992 
f 1074/1333/981 1075/1334/982 1087/1347/994 1086/1346/993 
f 1075/1336/982 1076/1335/983 1088/1348/995 1087/1349/994 
f 1076/1335/983 1077/1337/984 1089/1350/996 1088/1348/995 
f 1077/1337/984 1078/1338/985 1090/1351/997 1089/1350/996 
f 1078/1338/985 1079/1339/986 1091/1352/998 1090/1351/997 
f 1079/1339/986 1069/1328/976 1081/1341/988 1091/1352/998 
f 1081/1341/988 1080/1340/987 1092/1353/999 
f 1080/1340/987 1082/1342/989 1093/1354/1000 1092/1353/999 
f 1082/1342/989 1083/1343/990 1093/1354/1000 
f 1083/1343/990 1084/1344/991 1094/1355/1001 1093/1354/1000 
f 1084/1344/991 1085/1345/992 1094/1355/1001 
f 1085/1345/992 1086/1346/993 1095/1356/1002 1094/1355/1001 
f 1086/1346/993 1087/1347/994 1095/1356/1002 
f 1087/1349/994 1088/1348/995 1096/1357/1003 1095/1358/1002 
f 1088/1348/995 1089/1350/996 1096/1357/1003 
f 1089/1350/996 1090/1351/997 1097/1359/1004 1096/1357/1003 
f 1090/1351/997 1091/1352/998 1097/1359/1004 
f 1091/1352/998 1081/1341/988 1092/1353/999 1097/1359/1004 
f 1092/1353/999 1098/1360/1005 1099/1361/1006 
f 1092/1353/999 1093/1354/1000 1098/1360/1005 
f 1093/1354/1000 1100/1362/1007 1098/1360/1005 
f 1093/1354/1000 1094/1355/1001 1100/1362/1007 
f 1094/1355/1001 1101/1363/1008 1100/1362/1007 
f 1094/1355/1001 1095/1356/1002 1101/1363/1008 
f 1095/1356/1002 1102/1364/1009 1101/1363/1008 
f 1095/1358/1002 1096/1357/1003 1102/1365/1009 
f 1096/1357/1003 1103/1366/1010 1102/1365/1009 
f 1096/1357/1003 1097/1359/1004 1103/1366/1010 
f 1097/1359/1004 1099/1361/1006 1103/1366/1010 
f 1097/1359/1004 1092/1353/999 1099/1361/1006 
f 1098/1360/1005 1104/1367/1011 1105/1368/1012 1099/1361/1006 
f 1100/1362/1007 1106/1369/1013 1104/1367/1011 1098/1360/1005 
f 1101/1363/1008 1107/1370/1014 1106/1369/1013 1100/1362/1007 
f 1102/1364/1009 1108/1371/1015 1107/1370/1014 1101/1363/1008 
f 1103/1366/1010 1109/1372/1016 1108/1373/1015 1102/1365/1009 
f 1099/1361/1006 1105/1368/1012 1109/1372/1016 1103/1366/1010 
f 1105/1368/1012 1104/1367/1011 1110/1374/1017 1111/1375/1018 
f 1104/1367/1011 1106/1369/1013 1112/1376/1019 1110/1374/1017 
f 1106/1369/1013 1107/1370/1014 1113/1377/1020 1112/1376/1019 
f 1107/1370/1014 1108/1371/1015 1114/1378/1021 1113/1377/1020 
f 1108/1373/1015 1109/1372/1016 1115/1379/1022 1114/1380/1021 
f 1109/1372/1016 1105/1368/1012 1111/1375/1018 1115/1379/1022 
f 1111/1375/1018 1110/1374/1017 1116/1381/1023 
f 1110/1374/1017 1112/1376/1019 1116/1381/1023 
f 1112/1376/1019 1113/1377/1020 1116/1381/1023 
f 1113/1377/1020 1114/1378/1021 1116/1381/1023 
f 1114/1380/1021 1115/1379/1022 1116/1381/1023 
f 1115/1379/1022 1111/1375/1018 1116/1381/1023 
f 1117/1382/1024 1118/1383/1025 1119/1384/1026 1120/1385/1027 
f 1121/1386/1028 1122/1387/1029 1123/1388/1030 1124/1389/1031 
f 1125/1390/1032 1126/1391/1033 1127/1392/1034 1128/1393/1035 
f 1129/1394/1036 1130/1395/1037 1131/1396/1038 1132/1397/1039 
f 1133/1398/1040 1134/1399/1041 1135/1400/1042 1136/1401/1043 
f 1120/1385/1027 1137/1402/1044 1138/1403/1045 1139/1404/1046 
f 1117/1382/1024 1140/1405/1047 1141/1406/1048 1142/1407/1049 
f 1118/1383/1025 1143/1408/1050 1144/1409/1051 1145/1410/1052 
f 1119/1384/1026 1146/1411/1053 1147/1412/1054 1148/1413/1055 
f 1121/1386/1028 1149/1414/1056 1141/1406/1048 1140/1405/1047 
f 1122/1387/1029 1139/1404/1046 1138/1403/1045 1150/1415/1057 
f 1125/1390/1032 1151/1416/1058 1144/1409/1051 1143/1408/1050 
f 1126/1391/1033 1142/1407/1049 1141/1406/1048 1149/1417/1056 
f 1129/1394/1036 1152/1418/1059 1147/1412/1054 1146/1411/1053 
f 1130/1395/1037 1145/1410/1052 1144/1409/1051 1151/1416/1058 
f 1133/1398/1040 1150/1419/1057 1138/1403/1045 1137/1402/1044 
f 1134/1399/1041 1148/1413/1055 1147/1412/1054 1152/1418/1059 
f 1117/1382/1024 1120/1385/1027 1139/1404/1046 1140/1405/1047 
f 1118/1383/1025 1117/1382/1024 1142/1407/1049 1143/1408/1050 
f 1119/1384/1026 1118/1383/1025 1145/1410/1052 1146/1411/1053 
f 1120/1385/1027 1119/1384/1026 1148/1413/1055 1137/1402/1044 
f 1121/1386/1028 1124/1389/1031 1153/1420/1060 1149/1414/1056 
f 1122/1387/1029 1121/1386/1028 1140/1405/1047 1139/1404/1046 
f 1123/1388/1030 1122/1387/1029 1150/1415/1057 1154/1421/1061 
f 1125/1390/1032 1128/1393/1035 1155/1422/1062 1151/1416/1058 
f 1126/1391/1033 1125/1390/1032 1143/1408/1050 1142/1407/1049 
f 1127/1392/1034 1126/1391/1033 1149/1417/1056 1153/1423/1060 
f 1129/1394/1036 1132/1397/1039 1156/1424/1063 1152/1418/1059 
f 1130/1395/1037 1129/1394/1036 1146/1411/1053 1145/1410/1052 
f 1131/1396/1038 1130/1395/1037 1151/1416/1058 1155/1422/1062 
f 1133/1398/1040 1136/1401/1043 1154/1425/1061 1150/1419/1057 
f 1134/1399/1041 1133/1398/1040 1137/1402/1044 1148/1413/1055 
f 1135/1400/1042 1134/1399/1041 1152/1418/1059 1156/1424/1063 
f 1157/1426/1064 1158/1427/1065 1159/1428/1066 1160/1429/1067 
f 1161/1430/1068 1162/1431/1069 1163/1432/1070 1164/1433/1071 
f 1165/1434/1072 1166/1435/1073 1167/1436/1074 1168/1437/1075 
f 1169/1438/1076 1170/1439/1077 1171/1440/1078 1172/1441/1079 
f 1173/1442/1080 1174/1443/1081 1175/1444/1082 1176/1445/1083 
f 1177/1446/1084 1178/1447/1085 1160/1429/1067 1179/1448/1086 
f 1180/1449/1087 1181/1450/1088 1159/1428/1066 1182/1451/1089 
f 1183/1452/1090 1184/1453/1091 1158/1427/1065 1185/1454/1092 
f 1186/1455/1093 1187/1456/1094 1157/1426/1064 1188/1457/1095 
f 1180/1449/1087 1189/1458/1096 1163/1432/1070 1181/1450/1088 
f 1177/1446/1084 1179/1448/1086 1162/1431/1069 1190/1459/1097 
f 1183/1452/1090 1191/1460/1098 1167/1436/1074 1184/1453/1091 
f 1180/1449/1087 1182/1451/1089 1166/1435/1073 1189/1458/1096 
f 1186/1455/1093 1192/1461/1099 1171/1440/1078 1187/1456/1094 
f 1183/1452/1090 1185/1454/1092 1170/1439/1077 1191/1460/1098 
f 1177/1446/1084 1190/1459/1097 1175/1444/1082 1178/1447/1085 
f 1186/1455/1093 1188/1457/1095 1174/1443/1081 1192/1461/1099 
f 1179/1448/1086 1160/1429/1067 1159/1428/1066 1181/1450/1088 
f 1182/1451/1089 1159/1428/1066 1158/1427/1065 1184/1453/1091 
f 1185/1454/1092 1158/1427/1065 1157/1426/1064 1187/1456/1094 
f 1188/1457/1095 1157/1426/1064 1160/1429/1067 1178/1447/1085 
f 1193/1462/1100 1164/1433/1071 1163/1432/1070 1189/1458/1096 
f 1181/1450/1088 1163/1432/1070 1162/1431/1069 1179/1448/1086 
f 1190/1459/1097 1162/1431/1069 1161/1430/1068 1194/1463/1101 
f 1195/1464/1102 1168/1437/1075 1167/1436/1074 1191/1460/1098 
f 1184/1453/1091 1167/1436/1074 1166/1435/1073 1182/1451/1089 
f 1189/1458/1096 1166/1435/1073 1165/1434/1072 1193/1462/1100 
f 1196/1465/1103 1172/1441/1079 1171/1440/1078 1192/1461/1099 
f 1187/1456/1094 1171/1440/1078 1170/1439/1077 1185/1454/1092 
f 1191/1460/1098 1170/1439/1077 1169/1438/1076 1195/1464/1102 
f 1194/1463/1101 1176/1445/1083 1175/1444/1082 1190/1459/1097 
f 1178/1447/1085 1175/1444/1082 1174/1443/1081 1188/1457/1095 
f 1192/1461/1099 1174/1443/1081 1173/1442/1080 1196/1465/1103 
s 2
f 1124/1389/1031 1123/1388/1030 1161/1466/1068 1164/1467/1071 
f 1128/1393/1035 1127/1392/1034 1165/1468/1072 1168/1469/1075 
f 1132/1397/1039 1131/1396/1038 1169/1470/1076 1172/1471/1079 
f 1136/1401/1043 1135/1400/1042 1173/1472/1080 1176/1473/1083 
f 1153/1420/1060 1124/1389/1031 1164/1467/1071 1193/1474/1100 
f 1123/1388/1030 1154/1421/1061 1194/1475/1101 1161/1466/1068 
f 1155/1422/1062 1128/1393/1035 1168/1469/1075 1195/1476/1102 
f 1127/1392/1034 1153/1423/1060 1193/1477/1100 1165/1468/1072 
f 1156/1424/1063 1132/1397/1039 1172/1471/1079 1196/1478/1103 
f 1131/1396/1038 1155/1422/1062 1195/1476/1102 1169/1470/1076 
f 1154/1425/1061 1136/1401/1043 1176/1473/1083 1194/1479/1101 
f 1135/1400/1042 1156/1424/1063 1196/1478/1103 1173/1472/1080 
# 1016 polygons - 344 triangles

