# 3ds Max Wavefront OBJ Exporter v0.99 - (c)2007 guruware
# File Created: 14.01.2026 10:19:14

mtllib PSNA_Cigarette01.mtl

#
# object PSNA_Cigarette01
#

v  0.0575 -0.0006 0.0258
v  -0.0575 -0.0006 0.0258
v  -0.0575 -0.0006 -0.0258
v  0.0575 -0.0006 -0.0258
v  -0.0575 0.1103 0.0258
v  -0.0579 0.1392 -0.0254
v  0.0575 0.1103 0.0258
v  0.0579 0.1392 -0.0254
v  -0.0575 0.1838 -0.0001
v  0.0575 0.1838 -0.0001
v  0.0575 0.2101 -0.0481
v  -0.0575 0.2101 -0.0481
v  0.0575 0.1649 -0.0729
v  -0.0575 0.1649 -0.0729
v  0.0559 0.0026 0.0245
v  0.0559 0.0026 -0.0255
v  -0.0559 0.0026 -0.0255
v  -0.0559 0.0026 0.0245
v  -0.0559 0.1104 0.0246
v  -0.0563 0.1400 -0.0244
v  0.0559 0.1104 0.0246
v  0.0563 0.1400 -0.0244
v  -0.0559 0.1819 -0.0006
v  -0.0559 0.2074 -0.0473
v  0.0559 0.2074 -0.0473
v  0.0559 0.1819 -0.0006
v  0.0559 0.1650 -0.0705
v  -0.0559 0.1650 -0.0705
v  -0.0394 0.0079 -0.0167
v  -0.0394 0.1065 -0.0167
v  -0.0384 0.1065 -0.0129
v  -0.0384 0.0079 -0.0129
v  -0.0422 0.0079 -0.0195
v  -0.0422 0.1065 -0.0195
v  -0.0459 0.0079 -0.0205
v  -0.0459 0.1065 -0.0205
v  -0.0497 0.0079 -0.0195
v  -0.0497 0.1065 -0.0195
v  -0.0525 0.0079 -0.0167
v  -0.0525 0.1065 -0.0167
v  -0.0535 0.0079 -0.0129
v  -0.0535 0.1065 -0.0129
v  -0.0525 0.0079 -0.0092
v  -0.0525 0.1065 -0.0092
v  -0.0497 0.0079 -0.0064
v  -0.0497 0.1065 -0.0064
v  -0.0459 0.0079 -0.0054
v  -0.0459 0.1065 -0.0054
v  -0.0422 0.0079 -0.0064
v  -0.0422 0.1065 -0.0064
v  -0.0394 0.0079 -0.0092
v  -0.0394 0.1065 -0.0092
v  -0.0394 0.1399 -0.0167
v  -0.0394 0.1435 -0.0167
v  -0.0384 0.1435 -0.0129
v  -0.0384 0.1399 -0.0129
v  -0.0384 0.0043 -0.0129
v  -0.0394 0.0043 -0.0167
v  -0.0422 0.1399 -0.0195
v  -0.0422 0.1435 -0.0195
v  -0.0422 0.0043 -0.0195
v  -0.0459 0.1399 -0.0205
v  -0.0459 0.1435 -0.0205
v  -0.0459 0.0043 -0.0205
v  -0.0497 0.1399 -0.0195
v  -0.0497 0.1435 -0.0195
v  -0.0497 0.0043 -0.0195
v  -0.0525 0.1399 -0.0167
v  -0.0525 0.1435 -0.0167
v  -0.0525 0.0043 -0.0167
v  -0.0535 0.1399 -0.0129
v  -0.0535 0.1435 -0.0129
v  -0.0535 0.0043 -0.0129
v  -0.0525 0.1399 -0.0092
v  -0.0525 0.1435 -0.0092
v  -0.0525 0.0043 -0.0092
v  -0.0497 0.1399 -0.0064
v  -0.0497 0.1435 -0.0064
v  -0.0497 0.0043 -0.0064
v  -0.0459 0.1399 -0.0054
v  -0.0459 0.1435 -0.0054
v  -0.0459 0.0043 -0.0054
v  -0.0422 0.1399 -0.0064
v  -0.0422 0.1435 -0.0064
v  -0.0422 0.0043 -0.0064
v  -0.0394 0.1399 -0.0092
v  -0.0394 0.1435 -0.0092
v  -0.0394 0.0043 -0.0092
v  -0.0459 0.0043 -0.0129
v  -0.0459 0.1435 -0.0129
v  -0.0246 0.0079 -0.0175
v  -0.0246 0.1065 -0.0175
v  -0.0236 0.1065 -0.0137
v  -0.0236 0.0079 -0.0137
v  -0.0273 0.0079 -0.0202
v  -0.0273 0.1065 -0.0202
v  -0.0311 0.0079 -0.0212
v  -0.0311 0.1065 -0.0212
v  -0.0349 0.0079 -0.0202
v  -0.0349 0.1065 -0.0202
v  -0.0376 0.0079 -0.0175
v  -0.0376 0.1065 -0.0175
v  -0.0386 0.0079 -0.0137
v  -0.0386 0.1065 -0.0137
v  -0.0376 0.0079 -0.0099
v  -0.0376 0.1065 -0.0099
v  -0.0349 0.0079 -0.0072
v  -0.0349 0.1065 -0.0072
v  -0.0311 0.0079 -0.0062
v  -0.0311 0.1065 -0.0062
v  -0.0273 0.0079 -0.0072
v  -0.0273 0.1065 -0.0072
v  -0.0246 0.0079 -0.0099
v  -0.0246 0.1065 -0.0099
v  -0.0246 0.1399 -0.0175
v  -0.0246 0.1435 -0.0175
v  -0.0236 0.1435 -0.0137
v  -0.0236 0.1399 -0.0137
v  -0.0236 0.0043 -0.0137
v  -0.0246 0.0043 -0.0175
v  -0.0273 0.1399 -0.0202
v  -0.0273 0.1435 -0.0202
v  -0.0273 0.0043 -0.0202
v  -0.0311 0.1399 -0.0212
v  -0.0311 0.1435 -0.0212
v  -0.0311 0.0043 -0.0212
v  -0.0349 0.1399 -0.0202
v  -0.0349 0.1435 -0.0202
v  -0.0349 0.0043 -0.0202
v  -0.0376 0.1399 -0.0175
v  -0.0376 0.1435 -0.0175
v  -0.0376 0.0043 -0.0175
v  -0.0386 0.1399 -0.0137
v  -0.0386 0.1435 -0.0137
v  -0.0386 0.0043 -0.0137
v  -0.0376 0.1399 -0.0099
v  -0.0376 0.1435 -0.0099
v  -0.0376 0.0043 -0.0099
v  -0.0349 0.1399 -0.0072
v  -0.0349 0.1435 -0.0072
v  -0.0349 0.0043 -0.0072
v  -0.0311 0.1399 -0.0062
v  -0.0311 0.1435 -0.0062
v  -0.0311 0.0043 -0.0062
v  -0.0273 0.1399 -0.0072
v  -0.0273 0.1435 -0.0072
v  -0.0273 0.0043 -0.0072
v  -0.0246 0.1399 -0.0099
v  -0.0246 0.1435 -0.0099
v  -0.0246 0.0043 -0.0099
v  -0.0311 0.0043 -0.0137
v  -0.0311 0.1435 -0.0137
v  -0.0085 0.0118 -0.0175
v  -0.0085 0.1104 -0.0175
v  -0.0075 0.1104 -0.0138
v  -0.0075 0.0118 -0.0138
v  -0.0113 0.0118 -0.0203
v  -0.0113 0.1104 -0.0203
v  -0.0150 0.0118 -0.0213
v  -0.0150 0.1104 -0.0213
v  -0.0188 0.0118 -0.0203
v  -0.0188 0.1104 -0.0203
v  -0.0216 0.0118 -0.0175
v  -0.0216 0.1104 -0.0175
v  -0.0226 0.0118 -0.0138
v  -0.0226 0.1104 -0.0138
v  -0.0216 0.0118 -0.0100
v  -0.0216 0.1104 -0.0100
v  -0.0188 0.0118 -0.0072
v  -0.0188 0.1104 -0.0072
v  -0.0150 0.0118 -0.0062
v  -0.0150 0.1104 -0.0062
v  -0.0113 0.0118 -0.0072
v  -0.0113 0.1104 -0.0072
v  -0.0085 0.0118 -0.0100
v  -0.0085 0.1104 -0.0100
v  -0.0085 0.1438 -0.0175
v  -0.0085 0.1474 -0.0175
v  -0.0075 0.1474 -0.0138
v  -0.0075 0.1438 -0.0138
v  -0.0075 0.0082 -0.0138
v  -0.0085 0.0082 -0.0175
v  -0.0113 0.1438 -0.0203
v  -0.0113 0.1474 -0.0203
v  -0.0113 0.0082 -0.0203
v  -0.0150 0.1438 -0.0213
v  -0.0150 0.1474 -0.0213
v  -0.0150 0.0082 -0.0213
v  -0.0188 0.1438 -0.0203
v  -0.0188 0.1474 -0.0203
v  -0.0188 0.0082 -0.0203
v  -0.0216 0.1438 -0.0175
v  -0.0216 0.1474 -0.0175
v  -0.0216 0.0082 -0.0175
v  -0.0226 0.1438 -0.0138
v  -0.0226 0.1474 -0.0138
v  -0.0226 0.0082 -0.0138
v  -0.0216 0.1438 -0.0100
v  -0.0216 0.1474 -0.0100
v  -0.0216 0.0082 -0.0100
v  -0.0188 0.1438 -0.0072
v  -0.0188 0.1474 -0.0072
v  -0.0188 0.0082 -0.0072
v  -0.0150 0.1438 -0.0062
v  -0.0150 0.1474 -0.0062
v  -0.0150 0.0082 -0.0062
v  -0.0113 0.1438 -0.0072
v  -0.0113 0.1474 -0.0072
v  -0.0113 0.0082 -0.0072
v  -0.0085 0.1438 -0.0100
v  -0.0085 0.1474 -0.0100
v  -0.0085 0.0082 -0.0100
v  -0.0150 0.0082 -0.0138
v  -0.0150 0.1474 -0.0138
v  0.0074 0.0079 -0.0174
v  0.0074 0.1065 -0.0174
v  0.0084 0.1065 -0.0136
v  0.0084 0.0079 -0.0136
v  0.0046 0.0079 -0.0201
v  0.0046 0.1065 -0.0201
v  0.0008 0.0079 -0.0212
v  0.0008 0.1065 -0.0212
v  -0.0029 0.0079 -0.0201
v  -0.0029 0.1065 -0.0201
v  -0.0057 0.0079 -0.0174
v  -0.0057 0.1065 -0.0174
v  -0.0067 0.0079 -0.0136
v  -0.0067 0.1065 -0.0136
v  -0.0057 0.0079 -0.0098
v  -0.0057 0.1065 -0.0098
v  -0.0029 0.0079 -0.0071
v  -0.0029 0.1065 -0.0071
v  0.0008 0.0079 -0.0061
v  0.0008 0.1065 -0.0061
v  0.0046 0.0079 -0.0071
v  0.0046 0.1065 -0.0071
v  0.0074 0.0079 -0.0098
v  0.0074 0.1065 -0.0098
v  0.0074 0.1399 -0.0174
v  0.0074 0.1435 -0.0174
v  0.0084 0.1435 -0.0136
v  0.0084 0.1399 -0.0136
v  0.0084 0.0043 -0.0136
v  0.0074 0.0043 -0.0174
v  0.0046 0.1399 -0.0201
v  0.0046 0.1435 -0.0201
v  0.0046 0.0043 -0.0201
v  0.0008 0.1399 -0.0212
v  0.0008 0.1435 -0.0212
v  0.0008 0.0043 -0.0212
v  -0.0029 0.1399 -0.0201
v  -0.0029 0.1435 -0.0201
v  -0.0029 0.0043 -0.0201
v  -0.0057 0.1399 -0.0174
v  -0.0057 0.1435 -0.0174
v  -0.0057 0.0043 -0.0174
v  -0.0067 0.1399 -0.0136
v  -0.0067 0.1435 -0.0136
v  -0.0067 0.0043 -0.0136
v  -0.0057 0.1399 -0.0098
v  -0.0057 0.1435 -0.0098
v  -0.0057 0.0043 -0.0098
v  -0.0029 0.1399 -0.0071
v  -0.0029 0.1435 -0.0071
v  -0.0029 0.0043 -0.0071
v  0.0008 0.1399 -0.0061
v  0.0008 0.1435 -0.0061
v  0.0008 0.0043 -0.0061
v  0.0046 0.1399 -0.0071
v  0.0046 0.1435 -0.0071
v  0.0046 0.0043 -0.0071
v  0.0074 0.1399 -0.0098
v  0.0074 0.1435 -0.0098
v  0.0074 0.0043 -0.0098
v  0.0008 0.0043 -0.0136
v  0.0008 0.1435 -0.0136
v  0.0229 0.0079 -0.0176
v  0.0229 0.1065 -0.0176
v  0.0239 0.1065 -0.0138
v  0.0239 0.0079 -0.0138
v  0.0202 0.0079 -0.0204
v  0.0202 0.1065 -0.0204
v  0.0164 0.0079 -0.0214
v  0.0164 0.1065 -0.0214
v  0.0126 0.0079 -0.0204
v  0.0126 0.1065 -0.0204
v  0.0099 0.0079 -0.0176
v  0.0099 0.1065 -0.0176
v  0.0089 0.0079 -0.0138
v  0.0089 0.1065 -0.0138
v  0.0099 0.0079 -0.0101
v  0.0099 0.1065 -0.0101
v  0.0126 0.0079 -0.0073
v  0.0126 0.1065 -0.0073
v  0.0164 0.0079 -0.0063
v  0.0164 0.1065 -0.0063
v  0.0202 0.0079 -0.0073
v  0.0202 0.1065 -0.0073
v  0.0229 0.0079 -0.0101
v  0.0229 0.1065 -0.0101
v  0.0229 0.1399 -0.0176
v  0.0229 0.1435 -0.0176
v  0.0239 0.1435 -0.0138
v  0.0239 0.1399 -0.0138
v  0.0239 0.0043 -0.0138
v  0.0229 0.0043 -0.0176
v  0.0202 0.1399 -0.0204
v  0.0202 0.1435 -0.0204
v  0.0202 0.0043 -0.0204
v  0.0164 0.1399 -0.0214
v  0.0164 0.1435 -0.0214
v  0.0164 0.0043 -0.0214
v  0.0126 0.1399 -0.0204
v  0.0126 0.1435 -0.0204
v  0.0126 0.0043 -0.0204
v  0.0099 0.1399 -0.0176
v  0.0099 0.1435 -0.0176
v  0.0099 0.0043 -0.0176
v  0.0089 0.1399 -0.0138
v  0.0089 0.1435 -0.0138
v  0.0089 0.0043 -0.0138
v  0.0099 0.1399 -0.0101
v  0.0099 0.1435 -0.0101
v  0.0099 0.0043 -0.0101
v  0.0126 0.1399 -0.0073
v  0.0126 0.1435 -0.0073
v  0.0126 0.0043 -0.0073
v  0.0164 0.1399 -0.0063
v  0.0164 0.1435 -0.0063
v  0.0164 0.0043 -0.0063
v  0.0202 0.1399 -0.0073
v  0.0202 0.1435 -0.0073
v  0.0202 0.0043 -0.0073
v  0.0229 0.1399 -0.0101
v  0.0229 0.1435 -0.0101
v  0.0229 0.0043 -0.0101
v  0.0164 0.0043 -0.0138
v  0.0164 0.1435 -0.0138
v  0.0379 0.0079 -0.0169
v  0.0379 0.1065 -0.0169
v  0.0389 0.1065 -0.0131
v  0.0389 0.0079 -0.0131
v  0.0351 0.0079 -0.0196
v  0.0351 0.1065 -0.0196
v  0.0314 0.0079 -0.0206
v  0.0314 0.1065 -0.0206
v  0.0276 0.0079 -0.0196
v  0.0276 0.1065 -0.0196
v  0.0248 0.0079 -0.0169
v  0.0248 0.1065 -0.0169
v  0.0238 0.0079 -0.0131
v  0.0238 0.1065 -0.0131
v  0.0248 0.0079 -0.0093
v  0.0248 0.1065 -0.0093
v  0.0276 0.0079 -0.0066
v  0.0276 0.1065 -0.0066
v  0.0314 0.0079 -0.0056
v  0.0314 0.1065 -0.0056
v  0.0351 0.0079 -0.0066
v  0.0351 0.1065 -0.0066
v  0.0379 0.0079 -0.0093
v  0.0379 0.1065 -0.0093
v  0.0379 0.1399 -0.0169
v  0.0379 0.1435 -0.0169
v  0.0389 0.1435 -0.0131
v  0.0389 0.1399 -0.0131
v  0.0389 0.0043 -0.0131
v  0.0379 0.0043 -0.0169
v  0.0351 0.1399 -0.0196
v  0.0351 0.1435 -0.0196
v  0.0351 0.0043 -0.0196
v  0.0314 0.1399 -0.0206
v  0.0314 0.1435 -0.0206
v  0.0314 0.0043 -0.0206
v  0.0276 0.1399 -0.0196
v  0.0276 0.1435 -0.0196
v  0.0276 0.0043 -0.0196
v  0.0248 0.1399 -0.0169
v  0.0248 0.1435 -0.0169
v  0.0248 0.0043 -0.0169
v  0.0238 0.1399 -0.0131
v  0.0238 0.1435 -0.0131
v  0.0238 0.0043 -0.0131
v  0.0248 0.1399 -0.0093
v  0.0248 0.1435 -0.0093
v  0.0248 0.0043 -0.0093
v  0.0276 0.1399 -0.0066
v  0.0276 0.1435 -0.0066
v  0.0276 0.0043 -0.0066
v  0.0314 0.1399 -0.0056
v  0.0314 0.1435 -0.0056
v  0.0314 0.0043 -0.0056
v  0.0351 0.1399 -0.0066
v  0.0351 0.1435 -0.0066
v  0.0351 0.0043 -0.0066
v  0.0379 0.1399 -0.0093
v  0.0379 0.1435 -0.0093
v  0.0379 0.0043 -0.0093
v  0.0314 0.0043 -0.0131
v  0.0314 0.1435 -0.0131
v  0.0533 0.0086 -0.0168
v  0.0533 0.1072 -0.0168
v  0.0543 0.1072 -0.0130
v  0.0543 0.0086 -0.0130
v  0.0505 0.0086 -0.0195
v  0.0505 0.1072 -0.0195
v  0.0467 0.0086 -0.0205
v  0.0467 0.1072 -0.0205
v  0.0430 0.0086 -0.0195
v  0.0430 0.1072 -0.0195
v  0.0402 0.0086 -0.0168
v  0.0402 0.1072 -0.0168
v  0.0392 0.0086 -0.0130
v  0.0392 0.1072 -0.0130
v  0.0402 0.0086 -0.0092
v  0.0402 0.1072 -0.0092
v  0.0430 0.0086 -0.0065
v  0.0430 0.1072 -0.0065
v  0.0467 0.0086 -0.0055
v  0.0467 0.1072 -0.0055
v  0.0505 0.0086 -0.0065
v  0.0505 0.1072 -0.0065
v  0.0533 0.0086 -0.0092
v  0.0533 0.1072 -0.0092
v  0.0533 0.1406 -0.0168
v  0.0533 0.1442 -0.0168
v  0.0543 0.1442 -0.0130
v  0.0543 0.1406 -0.0130
v  0.0543 0.0050 -0.0130
v  0.0533 0.0050 -0.0168
v  0.0505 0.1406 -0.0195
v  0.0505 0.1442 -0.0195
v  0.0505 0.0050 -0.0195
v  0.0467 0.1406 -0.0205
v  0.0467 0.1442 -0.0205
v  0.0467 0.0050 -0.0205
v  0.0430 0.1406 -0.0195
v  0.0430 0.1442 -0.0195
v  0.0430 0.0050 -0.0195
v  0.0402 0.1406 -0.0168
v  0.0402 0.1442 -0.0168
v  0.0402 0.0050 -0.0168
v  0.0392 0.1406 -0.0130
v  0.0392 0.1442 -0.0130
v  0.0392 0.0050 -0.0130
v  0.0402 0.1406 -0.0092
v  0.0402 0.1442 -0.0092
v  0.0402 0.0050 -0.0092
v  0.0430 0.1406 -0.0065
v  0.0430 0.1442 -0.0065
v  0.0430 0.0050 -0.0065
v  0.0467 0.1406 -0.0055
v  0.0467 0.1442 -0.0055
v  0.0467 0.0050 -0.0055
v  0.0505 0.1406 -0.0065
v  0.0505 0.1442 -0.0065
v  0.0505 0.0050 -0.0065
v  0.0533 0.1406 -0.0092
v  0.0533 0.1442 -0.0092
v  0.0533 0.0050 -0.0092
v  0.0467 0.0050 -0.0130
v  0.0467 0.1442 -0.0130
v  -0.0319 0.0079 -0.0033
v  -0.0319 0.1065 -0.0033
v  -0.0309 0.1065 0.0005
v  -0.0309 0.0079 0.0005
v  -0.0347 0.0079 -0.0060
v  -0.0347 0.1065 -0.0060
v  -0.0384 0.0079 -0.0070
v  -0.0384 0.1065 -0.0070
v  -0.0422 0.0079 -0.0060
v  -0.0422 0.1065 -0.0060
v  -0.0449 0.0079 -0.0033
v  -0.0449 0.1065 -0.0033
v  -0.0460 0.0079 0.0005
v  -0.0460 0.1065 0.0005
v  -0.0449 0.0079 0.0043
v  -0.0449 0.1065 0.0043
v  -0.0422 0.0079 0.0070
v  -0.0422 0.1065 0.0070
v  -0.0384 0.0079 0.0080
v  -0.0384 0.1065 0.0080
v  -0.0347 0.0079 0.0070
v  -0.0347 0.1065 0.0070
v  -0.0319 0.0079 0.0043
v  -0.0319 0.1065 0.0043
v  -0.0319 0.1399 -0.0033
v  -0.0319 0.1435 -0.0033
v  -0.0309 0.1435 0.0005
v  -0.0309 0.1399 0.0005
v  -0.0309 0.0043 0.0005
v  -0.0319 0.0043 -0.0033
v  -0.0347 0.1399 -0.0060
v  -0.0347 0.1435 -0.0060
v  -0.0347 0.0043 -0.0060
v  -0.0384 0.1399 -0.0070
v  -0.0384 0.1435 -0.0070
v  -0.0384 0.0043 -0.0070
v  -0.0422 0.1399 -0.0060
v  -0.0422 0.1435 -0.0060
v  -0.0422 0.0043 -0.0060
v  -0.0449 0.1399 -0.0033
v  -0.0449 0.1435 -0.0033
v  -0.0449 0.0043 -0.0033
v  -0.0460 0.1399 0.0005
v  -0.0460 0.1435 0.0005
v  -0.0460 0.0043 0.0005
v  -0.0449 0.1399 0.0043
v  -0.0449 0.1435 0.0043
v  -0.0449 0.0043 0.0043
v  -0.0422 0.1399 0.0070
v  -0.0422 0.1435 0.0070
v  -0.0422 0.0043 0.0070
v  -0.0384 0.1399 0.0080
v  -0.0384 0.1435 0.0080
v  -0.0384 0.0043 0.0080
v  -0.0347 0.1399 0.0070
v  -0.0347 0.1435 0.0070
v  -0.0347 0.0043 0.0070
v  -0.0319 0.1399 0.0043
v  -0.0319 0.1435 0.0043
v  -0.0319 0.0043 0.0043
v  -0.0384 0.0043 0.0005
v  -0.0384 0.1435 0.0005
v  -0.0158 0.0084 -0.0033
v  -0.0158 0.1070 -0.0033
v  -0.0148 0.1070 0.0004
v  -0.0148 0.0084 0.0004
v  -0.0186 0.0084 -0.0061
v  -0.0186 0.1070 -0.0061
v  -0.0224 0.0084 -0.0071
v  -0.0224 0.1070 -0.0071
v  -0.0261 0.0084 -0.0061
v  -0.0261 0.1070 -0.0061
v  -0.0289 0.0084 -0.0033
v  -0.0289 0.1070 -0.0033
v  -0.0299 0.0084 0.0004
v  -0.0299 0.1070 0.0004
v  -0.0289 0.0084 0.0042
v  -0.0289 0.1070 0.0042
v  -0.0261 0.0084 0.0070
v  -0.0261 0.1070 0.0070
v  -0.0224 0.0084 0.0080
v  -0.0224 0.1070 0.0080
v  -0.0186 0.0084 0.0070
v  -0.0186 0.1070 0.0070
v  -0.0158 0.0084 0.0042
v  -0.0158 0.1070 0.0042
v  -0.0158 0.1404 -0.0033
v  -0.0158 0.1440 -0.0033
v  -0.0148 0.1440 0.0004
v  -0.0148 0.1404 0.0004
v  -0.0148 0.0048 0.0004
v  -0.0158 0.0048 -0.0033
v  -0.0186 0.1404 -0.0061
v  -0.0186 0.1440 -0.0061
v  -0.0186 0.0048 -0.0061
v  -0.0224 0.1404 -0.0071
v  -0.0224 0.1440 -0.0071
v  -0.0224 0.0048 -0.0071
v  -0.0261 0.1404 -0.0061
v  -0.0261 0.1440 -0.0061
v  -0.0261 0.0048 -0.0061
v  -0.0289 0.1404 -0.0033
v  -0.0289 0.1440 -0.0033
v  -0.0289 0.0048 -0.0033
v  -0.0299 0.1404 0.0004
v  -0.0299 0.1440 0.0004
v  -0.0299 0.0048 0.0004
v  -0.0289 0.1404 0.0042
v  -0.0289 0.1440 0.0042
v  -0.0289 0.0048 0.0042
v  -0.0261 0.1404 0.0070
v  -0.0261 0.1440 0.0070
v  -0.0261 0.0048 0.0070
v  -0.0224 0.1404 0.0080
v  -0.0224 0.1440 0.0080
v  -0.0224 0.0048 0.0080
v  -0.0186 0.1404 0.0070
v  -0.0186 0.1440 0.0070
v  -0.0186 0.0048 0.0070
v  -0.0158 0.1404 0.0042
v  -0.0158 0.1440 0.0042
v  -0.0158 0.0048 0.0042
v  -0.0224 0.0048 0.0004
v  -0.0224 0.1440 0.0004
v  0.0000 0.0101 -0.0032
v  0.0000 0.1087 -0.0032
v  0.0010 0.1087 0.0006
v  0.0010 0.0101 0.0006
v  -0.0027 0.0101 -0.0059
v  -0.0027 0.1087 -0.0059
v  -0.0065 0.0101 -0.0070
v  -0.0065 0.1087 -0.0070
v  -0.0103 0.0101 -0.0059
v  -0.0103 0.1087 -0.0059
v  -0.0130 0.0101 -0.0032
v  -0.0130 0.1087 -0.0032
v  -0.0140 0.0101 0.0006
v  -0.0140 0.1087 0.0006
v  -0.0130 0.0101 0.0044
v  -0.0130 0.1087 0.0044
v  -0.0103 0.0101 0.0071
v  -0.0103 0.1087 0.0071
v  -0.0065 0.0101 0.0081
v  -0.0065 0.1087 0.0081
v  -0.0027 0.0101 0.0071
v  -0.0027 0.1087 0.0071
v  0.0000 0.0101 0.0044
v  0.0000 0.1087 0.0044
v  0.0000 0.1421 -0.0032
v  0.0000 0.1457 -0.0032
v  0.0010 0.1457 0.0006
v  0.0010 0.1421 0.0006
v  0.0010 0.0065 0.0006
v  0.0000 0.0065 -0.0032
v  -0.0027 0.1421 -0.0059
v  -0.0027 0.1457 -0.0059
v  -0.0027 0.0065 -0.0059
v  -0.0065 0.1421 -0.0070
v  -0.0065 0.1457 -0.0070
v  -0.0065 0.0065 -0.0070
v  -0.0103 0.1421 -0.0059
v  -0.0103 0.1457 -0.0059
v  -0.0103 0.0065 -0.0059
v  -0.0130 0.1421 -0.0032
v  -0.0130 0.1457 -0.0032
v  -0.0130 0.0065 -0.0032
v  -0.0140 0.1421 0.0006
v  -0.0140 0.1457 0.0006
v  -0.0140 0.0065 0.0006
v  -0.0130 0.1421 0.0044
v  -0.0130 0.1457 0.0044
v  -0.0130 0.0065 0.0044
v  -0.0103 0.1421 0.0071
v  -0.0103 0.1457 0.0071
v  -0.0103 0.0065 0.0071
v  -0.0065 0.1421 0.0081
v  -0.0065 0.1457 0.0081
v  -0.0065 0.0065 0.0081
v  -0.0027 0.1421 0.0071
v  -0.0027 0.1457 0.0071
v  -0.0027 0.0065 0.0071
v  0.0000 0.1421 0.0044
v  0.0000 0.1457 0.0044
v  0.0000 0.0065 0.0044
v  -0.0065 0.0065 0.0006
v  -0.0065 0.1457 0.0006
v  0.0156 0.0142 -0.0034
v  0.0156 0.1128 -0.0034
v  0.0166 0.1128 0.0004
v  0.0166 0.0142 0.0004
v  0.0128 0.0142 -0.0062
v  0.0128 0.1128 -0.0062
v  0.0091 0.0142 -0.0072
v  0.0091 0.1128 -0.0072
v  0.0053 0.0142 -0.0062
v  0.0053 0.1128 -0.0062
v  0.0025 0.0142 -0.0034
v  0.0025 0.1128 -0.0034
v  0.0015 0.0142 0.0004
v  0.0015 0.1128 0.0004
v  0.0025 0.0142 0.0041
v  0.0025 0.1128 0.0041
v  0.0053 0.0142 0.0069
v  0.0053 0.1128 0.0069
v  0.0091 0.0142 0.0079
v  0.0091 0.1128 0.0079
v  0.0128 0.0142 0.0069
v  0.0128 0.1128 0.0069
v  0.0156 0.0142 0.0041
v  0.0156 0.1128 0.0041
v  0.0156 0.1462 -0.0034
v  0.0156 0.1499 -0.0034
v  0.0166 0.1499 0.0004
v  0.0166 0.1462 0.0004
v  0.0166 0.0106 0.0004
v  0.0156 0.0106 -0.0034
v  0.0128 0.1462 -0.0062
v  0.0128 0.1499 -0.0062
v  0.0128 0.0106 -0.0062
v  0.0091 0.1462 -0.0072
v  0.0091 0.1499 -0.0072
v  0.0091 0.0106 -0.0072
v  0.0053 0.1462 -0.0062
v  0.0053 0.1499 -0.0062
v  0.0053 0.0106 -0.0062
v  0.0025 0.1462 -0.0034
v  0.0025 0.1499 -0.0034
v  0.0025 0.0106 -0.0034
v  0.0015 0.1462 0.0004
v  0.0015 0.1499 0.0004
v  0.0015 0.0106 0.0004
v  0.0025 0.1462 0.0041
v  0.0025 0.1499 0.0041
v  0.0025 0.0106 0.0041
v  0.0053 0.1462 0.0069
v  0.0053 0.1499 0.0069
v  0.0053 0.0106 0.0069
v  0.0091 0.1462 0.0079
v  0.0091 0.1499 0.0079
v  0.0091 0.0106 0.0079
v  0.0128 0.1462 0.0069
v  0.0128 0.1499 0.0069
v  0.0128 0.0106 0.0069
v  0.0156 0.1462 0.0041
v  0.0156 0.1499 0.0041
v  0.0156 0.0106 0.0041
v  0.0091 0.0106 0.0004
v  0.0091 0.1499 0.0004
v  0.0315 0.0079 -0.0027
v  0.0315 0.1065 -0.0027
v  0.0325 0.1065 0.0011
v  0.0325 0.0079 0.0011
v  0.0287 0.0079 -0.0054
v  0.0287 0.1065 -0.0054
v  0.0250 0.0079 -0.0064
v  0.0250 0.1065 -0.0064
v  0.0212 0.0079 -0.0054
v  0.0212 0.1065 -0.0054
v  0.0184 0.0079 -0.0027
v  0.0184 0.1065 -0.0027
v  0.0174 0.0079 0.0011
v  0.0174 0.1065 0.0011
v  0.0184 0.0079 0.0049
v  0.0184 0.1065 0.0049
v  0.0212 0.0079 0.0076
v  0.0212 0.1065 0.0076
v  0.0250 0.0079 0.0086
v  0.0250 0.1065 0.0086
v  0.0287 0.0079 0.0076
v  0.0287 0.1065 0.0076
v  0.0315 0.0079 0.0049
v  0.0315 0.1065 0.0049
v  0.0315 0.1399 -0.0027
v  0.0315 0.1435 -0.0027
v  0.0325 0.1435 0.0011
v  0.0325 0.1399 0.0011
v  0.0325 0.0043 0.0011
v  0.0315 0.0043 -0.0027
v  0.0287 0.1399 -0.0054
v  0.0287 0.1435 -0.0054
v  0.0287 0.0043 -0.0054
v  0.0250 0.1399 -0.0064
v  0.0250 0.1435 -0.0064
v  0.0250 0.0043 -0.0064
v  0.0212 0.1399 -0.0054
v  0.0212 0.1435 -0.0054
v  0.0212 0.0043 -0.0054
v  0.0184 0.1399 -0.0027
v  0.0184 0.1435 -0.0027
v  0.0184 0.0043 -0.0027
v  0.0174 0.1399 0.0011
v  0.0174 0.1435 0.0011
v  0.0174 0.0043 0.0011
v  0.0184 0.1399 0.0049
v  0.0184 0.1435 0.0049
v  0.0184 0.0043 0.0049
v  0.0212 0.1399 0.0076
v  0.0212 0.1435 0.0076
v  0.0212 0.0043 0.0076
v  0.0250 0.1399 0.0086
v  0.0250 0.1435 0.0086
v  0.0250 0.0043 0.0086
v  0.0287 0.1399 0.0076
v  0.0287 0.1435 0.0076
v  0.0287 0.0043 0.0076
v  0.0315 0.1399 0.0049
v  0.0315 0.1435 0.0049
v  0.0315 0.0043 0.0049
v  0.0250 0.0043 0.0011
v  0.0250 0.1435 0.0011
v  0.0469 0.0079 -0.0026
v  0.0469 0.1065 -0.0026
v  0.0479 0.1065 0.0012
v  0.0479 0.0079 0.0012
v  0.0441 0.0079 -0.0053
v  0.0441 0.1065 -0.0053
v  0.0404 0.0079 -0.0063
v  0.0404 0.1065 -0.0063
v  0.0366 0.0079 -0.0053
v  0.0366 0.1065 -0.0053
v  0.0338 0.0079 -0.0026
v  0.0338 0.1065 -0.0026
v  0.0328 0.0079 0.0012
v  0.0328 0.1065 0.0012
v  0.0338 0.0079 0.0050
v  0.0338 0.1065 0.0050
v  0.0366 0.0079 0.0077
v  0.0366 0.1065 0.0077
v  0.0404 0.0079 0.0087
v  0.0404 0.1065 0.0087
v  0.0441 0.0079 0.0077
v  0.0441 0.1065 0.0077
v  0.0469 0.0079 0.0050
v  0.0469 0.1065 0.0050
v  0.0469 0.1399 -0.0026
v  0.0469 0.1435 -0.0026
v  0.0479 0.1435 0.0012
v  0.0479 0.1399 0.0012
v  0.0479 0.0043 0.0012
v  0.0469 0.0043 -0.0026
v  0.0441 0.1399 -0.0053
v  0.0441 0.1435 -0.0053
v  0.0441 0.0043 -0.0053
v  0.0404 0.1399 -0.0063
v  0.0404 0.1435 -0.0063
v  0.0404 0.0043 -0.0063
v  0.0366 0.1399 -0.0053
v  0.0366 0.1435 -0.0053
v  0.0366 0.0043 -0.0053
v  0.0338 0.1399 -0.0026
v  0.0338 0.1435 -0.0026
v  0.0338 0.0043 -0.0026
v  0.0328 0.1399 0.0012
v  0.0328 0.1435 0.0012
v  0.0328 0.0043 0.0012
v  0.0338 0.1399 0.0050
v  0.0338 0.1435 0.0050
v  0.0338 0.0043 0.0050
v  0.0366 0.1399 0.0077
v  0.0366 0.1435 0.0077
v  0.0366 0.0043 0.0077
v  0.0404 0.1399 0.0087
v  0.0404 0.1435 0.0087
v  0.0404 0.0043 0.0087
v  0.0441 0.1399 0.0077
v  0.0441 0.1435 0.0077
v  0.0441 0.0043 0.0077
v  0.0469 0.1399 0.0050
v  0.0469 0.1435 0.0050
v  0.0469 0.0043 0.0050
v  0.0404 0.0043 0.0012
v  0.0404 0.1435 0.0012
v  -0.0393 0.0070 0.0114
v  -0.0292 0.1050 0.0114
v  -0.0282 0.1049 0.0151
v  -0.0383 0.0069 0.0151
v  -0.0420 0.0072 0.0086
v  -0.0320 0.1053 0.0086
v  -0.0458 0.0076 0.0076
v  -0.0357 0.1057 0.0076
v  -0.0495 0.0080 0.0086
v  -0.0395 0.1061 0.0086
v  -0.0523 0.0083 0.0114
v  -0.0422 0.1064 0.0114
v  -0.0533 0.0084 0.0151
v  -0.0432 0.1065 0.0151
v  -0.0523 0.0083 0.0189
v  -0.0422 0.1064 0.0189
v  -0.0495 0.0080 0.0217
v  -0.0395 0.1061 0.0217
v  -0.0458 0.0076 0.0227
v  -0.0357 0.1057 0.0227
v  -0.0420 0.0072 0.0217
v  -0.0320 0.1053 0.0217
v  -0.0393 0.0070 0.0189
v  -0.0292 0.1050 0.0189
v  -0.0258 0.1383 0.0114
v  -0.0254 0.1419 0.0114
v  -0.0244 0.1418 0.0151
v  -0.0248 0.1382 0.0151
v  -0.0386 0.0032 0.0151
v  -0.0396 0.0034 0.0114
v  -0.0286 0.1385 0.0086
v  -0.0282 0.1422 0.0086
v  -0.0424 0.0036 0.0086
v  -0.0323 0.1389 0.0076
v  -0.0319 0.1425 0.0076
v  -0.0461 0.0040 0.0076
v  -0.0361 0.1393 0.0086
v  -0.0357 0.1429 0.0086
v  -0.0499 0.0044 0.0086
v  -0.0388 0.1396 0.0114
v  -0.0384 0.1432 0.0114
v  -0.0526 0.0047 0.0114
v  -0.0398 0.1397 0.0151
v  -0.0394 0.1433 0.0151
v  -0.0536 0.0048 0.0151
v  -0.0388 0.1396 0.0189
v  -0.0384 0.1432 0.0189
v  -0.0526 0.0047 0.0189
v  -0.0361 0.1393 0.0217
v  -0.0357 0.1429 0.0217
v  -0.0499 0.0044 0.0217
v  -0.0323 0.1389 0.0227
v  -0.0319 0.1425 0.0227
v  -0.0461 0.0040 0.0227
v  -0.0286 0.1385 0.0217
v  -0.0282 0.1422 0.0217
v  -0.0424 0.0036 0.0217
v  -0.0258 0.1383 0.0189
v  -0.0254 0.1419 0.0189
v  -0.0396 0.0034 0.0189
v  -0.0461 0.0040 0.0151
v  -0.0319 0.1425 0.0151
v  -0.0083 0.0148 0.0113
v  -0.0083 0.1133 0.0113
v  -0.0073 0.1133 0.0151
v  -0.0073 0.0148 0.0151
v  -0.0111 0.0148 0.0086
v  -0.0111 0.1133 0.0086
v  -0.0149 0.0148 0.0076
v  -0.0149 0.1133 0.0076
v  -0.0186 0.0148 0.0086
v  -0.0186 0.1133 0.0086
v  -0.0214 0.0148 0.0113
v  -0.0214 0.1133 0.0113
v  -0.0224 0.0148 0.0151
v  -0.0224 0.1133 0.0151
v  -0.0214 0.0148 0.0189
v  -0.0214 0.1133 0.0189
v  -0.0186 0.0148 0.0216
v  -0.0186 0.1133 0.0216
v  -0.0149 0.0148 0.0227
v  -0.0149 0.1133 0.0227
v  -0.0111 0.0148 0.0216
v  -0.0111 0.1133 0.0216
v  -0.0083 0.0148 0.0189
v  -0.0083 0.1133 0.0189
v  -0.0083 0.1467 0.0113
v  -0.0083 0.1504 0.0113
v  -0.0073 0.1504 0.0151
v  -0.0073 0.1467 0.0151
v  -0.0073 0.0111 0.0151
v  -0.0083 0.0111 0.0113
v  -0.0111 0.1467 0.0086
v  -0.0111 0.1504 0.0086
v  -0.0111 0.0111 0.0086
v  -0.0149 0.1467 0.0076
v  -0.0149 0.1504 0.0076
v  -0.0149 0.0111 0.0076
v  -0.0186 0.1467 0.0086
v  -0.0186 0.1504 0.0086
v  -0.0186 0.0111 0.0086
v  -0.0214 0.1467 0.0113
v  -0.0214 0.1504 0.0113
v  -0.0214 0.0111 0.0113
v  -0.0224 0.1467 0.0151
v  -0.0224 0.1504 0.0151
v  -0.0224 0.0111 0.0151
v  -0.0214 0.1467 0.0189
v  -0.0214 0.1504 0.0189
v  -0.0214 0.0111 0.0189
v  -0.0186 0.1467 0.0216
v  -0.0186 0.1504 0.0216
v  -0.0186 0.0111 0.0216
v  -0.0149 0.1467 0.0227
v  -0.0149 0.1504 0.0227
v  -0.0149 0.0111 0.0227
v  -0.0111 0.1467 0.0216
v  -0.0111 0.1504 0.0216
v  -0.0111 0.0111 0.0216
v  -0.0083 0.1467 0.0189
v  -0.0083 0.1504 0.0189
v  -0.0083 0.0111 0.0189
v  -0.0149 0.0111 0.0151
v  -0.0149 0.1504 0.0151
v  -0.0058 0.0437 0.0116
v  -0.0058 0.1422 0.0116
v  -0.0031 0.1422 0.0088
v  -0.0031 0.0437 0.0088
v  -0.0067 0.0437 0.0154
v  -0.0067 0.1422 0.0154
v  -0.0056 0.0437 0.0191
v  -0.0056 0.1422 0.0191
v  -0.0027 0.0437 0.0218
v  -0.0027 0.1422 0.0218
v  0.0010 0.0437 0.0227
v  0.0010 0.1422 0.0227
v  0.0048 0.0437 0.0216
v  0.0048 0.1422 0.0216
v  0.0075 0.0437 0.0188
v  0.0075 0.1422 0.0188
v  0.0084 0.0437 0.0150
v  0.0084 0.1422 0.0150
v  0.0073 0.0437 0.0112
v  0.0073 0.1422 0.0112
v  0.0044 0.0437 0.0086
v  0.0044 0.1422 0.0086
v  0.0006 0.0437 0.0077
v  0.0006 0.1422 0.0077
v  -0.0058 0.1756 0.0116
v  -0.0058 0.1793 0.0116
v  -0.0031 0.1793 0.0088
v  -0.0031 0.1756 0.0088
v  -0.0031 0.0400 0.0088
v  -0.0058 0.0400 0.0116
v  -0.0067 0.1756 0.0154
v  -0.0067 0.1793 0.0154
v  -0.0067 0.0400 0.0154
v  -0.0056 0.1756 0.0191
v  -0.0056 0.1793 0.0191
v  -0.0056 0.0400 0.0191
v  -0.0027 0.1756 0.0218
v  -0.0027 0.1793 0.0218
v  -0.0027 0.0400 0.0218
v  0.0010 0.1756 0.0227
v  0.0010 0.1793 0.0227
v  0.0010 0.0400 0.0227
v  0.0048 0.1756 0.0216
v  0.0048 0.1793 0.0216
v  0.0048 0.0400 0.0216
v  0.0075 0.1756 0.0188
v  0.0075 0.1793 0.0188
v  0.0075 0.0400 0.0188
v  0.0084 0.1756 0.0150
v  0.0084 0.1793 0.0150
v  0.0084 0.0400 0.0150
v  0.0073 0.1756 0.0112
v  0.0073 0.1793 0.0112
v  0.0073 0.0400 0.0112
v  0.0044 0.1756 0.0086
v  0.0044 0.1793 0.0086
v  0.0044 0.0400 0.0086
v  0.0006 0.1756 0.0077
v  0.0006 0.1793 0.0077
v  0.0006 0.0400 0.0077
v  0.0008 0.0400 0.0152
v  0.0008 0.1793 0.0152
v  0.0101 0.1585 0.0112
v  0.0101 0.0599 0.0112
v  0.0091 0.0599 0.0150
v  0.0091 0.1585 0.0150
v  0.0129 0.1585 0.0084
v  0.0129 0.0599 0.0084
v  0.0167 0.1585 0.0074
v  0.0167 0.0599 0.0074
v  0.0204 0.1585 0.0084
v  0.0204 0.0599 0.0084
v  0.0232 0.1585 0.0112
v  0.0232 0.0599 0.0112
v  0.0242 0.1585 0.0150
v  0.0242 0.0599 0.0150
v  0.0232 0.1585 0.0187
v  0.0232 0.0599 0.0187
v  0.0204 0.1585 0.0215
v  0.0204 0.0599 0.0215
v  0.0167 0.1585 0.0225
v  0.0167 0.0599 0.0225
v  0.0129 0.1585 0.0215
v  0.0129 0.0599 0.0215
v  0.0101 0.1585 0.0187
v  0.0101 0.0599 0.0187
v  0.0101 0.0265 0.0112
v  0.0101 0.0229 0.0112
v  0.0091 0.0229 0.0150
v  0.0091 0.0265 0.0150
v  0.0091 0.1621 0.0150
v  0.0101 0.1621 0.0112
v  0.0129 0.0265 0.0084
v  0.0129 0.0229 0.0084
v  0.0129 0.1621 0.0084
v  0.0167 0.0265 0.0074
v  0.0167 0.0229 0.0074
v  0.0167 0.1621 0.0074
v  0.0204 0.0265 0.0084
v  0.0204 0.0229 0.0084
v  0.0204 0.1621 0.0084
v  0.0232 0.0265 0.0112
v  0.0232 0.0229 0.0112
v  0.0232 0.1621 0.0112
v  0.0242 0.0265 0.0150
v  0.0242 0.0229 0.0150
v  0.0242 0.1621 0.0150
v  0.0232 0.0265 0.0187
v  0.0232 0.0229 0.0187
v  0.0232 0.1621 0.0187
v  0.0204 0.0265 0.0215
v  0.0204 0.0229 0.0215
v  0.0204 0.1621 0.0215
v  0.0167 0.0265 0.0225
v  0.0167 0.0229 0.0225
v  0.0167 0.1621 0.0225
v  0.0129 0.0265 0.0215
v  0.0129 0.0229 0.0215
v  0.0129 0.1621 0.0215
v  0.0101 0.0265 0.0187
v  0.0101 0.0229 0.0187
v  0.0101 0.1621 0.0187
v  0.0167 0.1621 0.0150
v  0.0167 0.0229 0.0150
v  0.0388 0.0087 0.0119
v  0.0388 0.1073 0.0119
v  0.0398 0.1073 0.0157
v  0.0398 0.0087 0.0157
v  0.0361 0.0087 0.0092
v  0.0361 0.1073 0.0092
v  0.0323 0.0087 0.0082
v  0.0323 0.1073 0.0082
v  0.0285 0.0087 0.0092
v  0.0285 0.1073 0.0092
v  0.0258 0.0087 0.0119
v  0.0258 0.1073 0.0119
v  0.0248 0.0087 0.0157
v  0.0248 0.1073 0.0157
v  0.0258 0.0087 0.0195
v  0.0258 0.1073 0.0195
v  0.0285 0.0087 0.0222
v  0.0285 0.1073 0.0222
v  0.0323 0.0087 0.0232
v  0.0323 0.1073 0.0232
v  0.0361 0.0087 0.0222
v  0.0361 0.1073 0.0222
v  0.0388 0.0087 0.0195
v  0.0388 0.1073 0.0195
v  0.0388 0.1407 0.0119
v  0.0388 0.1443 0.0119
v  0.0398 0.1443 0.0157
v  0.0398 0.1407 0.0157
v  0.0398 0.0051 0.0157
v  0.0388 0.0051 0.0119
v  0.0361 0.1407 0.0092
v  0.0361 0.1443 0.0092
v  0.0361 0.0051 0.0092
v  0.0323 0.1407 0.0082
v  0.0323 0.1443 0.0082
v  0.0323 0.0051 0.0082
v  0.0285 0.1407 0.0092
v  0.0285 0.1443 0.0092
v  0.0285 0.0051 0.0092
v  0.0258 0.1407 0.0119
v  0.0258 0.1443 0.0119
v  0.0258 0.0051 0.0119
v  0.0248 0.1407 0.0157
v  0.0248 0.1443 0.0157
v  0.0248 0.0051 0.0157
v  0.0258 0.1407 0.0195
v  0.0258 0.1443 0.0195
v  0.0258 0.0051 0.0195
v  0.0285 0.1407 0.0222
v  0.0285 0.1443 0.0222
v  0.0285 0.0051 0.0222
v  0.0323 0.1407 0.0232
v  0.0323 0.1443 0.0232
v  0.0323 0.0051 0.0232
v  0.0361 0.1407 0.0222
v  0.0361 0.1443 0.0222
v  0.0361 0.0051 0.0222
v  0.0388 0.1407 0.0195
v  0.0388 0.1443 0.0195
v  0.0388 0.0051 0.0195
v  0.0323 0.0051 0.0157
v  0.0323 0.1443 0.0157
v  0.0542 0.0101 0.0120
v  0.0542 0.1087 0.0120
v  0.0552 0.1087 0.0158
v  0.0552 0.0101 0.0158
v  0.0515 0.0101 0.0093
v  0.0515 0.1087 0.0093
v  0.0477 0.0101 0.0083
v  0.0477 0.1087 0.0083
v  0.0439 0.0101 0.0093
v  0.0439 0.1087 0.0093
v  0.0412 0.0101 0.0120
v  0.0412 0.1087 0.0120
v  0.0402 0.0101 0.0158
v  0.0402 0.1087 0.0158
v  0.0412 0.0101 0.0196
v  0.0412 0.1087 0.0196
v  0.0439 0.0101 0.0223
v  0.0439 0.1087 0.0223
v  0.0477 0.0101 0.0233
v  0.0477 0.1087 0.0233
v  0.0515 0.0101 0.0223
v  0.0515 0.1087 0.0223
v  0.0542 0.0101 0.0196
v  0.0542 0.1087 0.0196
v  0.0542 0.1421 0.0120
v  0.0542 0.1457 0.0120
v  0.0552 0.1457 0.0158
v  0.0552 0.1421 0.0158
v  0.0552 0.0065 0.0158
v  0.0542 0.0065 0.0120
v  0.0515 0.1421 0.0093
v  0.0515 0.1457 0.0093
v  0.0515 0.0065 0.0093
v  0.0477 0.1421 0.0083
v  0.0477 0.1457 0.0083
v  0.0477 0.0065 0.0083
v  0.0439 0.1421 0.0093
v  0.0439 0.1457 0.0093
v  0.0439 0.0065 0.0093
v  0.0412 0.1421 0.0120
v  0.0412 0.1457 0.0120
v  0.0412 0.0065 0.0120
v  0.0402 0.1421 0.0158
v  0.0402 0.1457 0.0158
v  0.0402 0.0065 0.0158
v  0.0412 0.1421 0.0196
v  0.0412 0.1457 0.0196
v  0.0412 0.0065 0.0196
v  0.0439 0.1421 0.0223
v  0.0439 0.1457 0.0223
v  0.0439 0.0065 0.0223
v  0.0477 0.1421 0.0233
v  0.0477 0.1457 0.0233
v  0.0477 0.0065 0.0233
v  0.0515 0.1421 0.0223
v  0.0515 0.1457 0.0223
v  0.0515 0.0065 0.0223
v  0.0542 0.1421 0.0196
v  0.0542 0.1457 0.0196
v  0.0542 0.0065 0.0196
v  0.0477 0.0065 0.0158
v  0.0477 0.1457 0.0158
v  0.0463 0.1541 0.0234
v  0.0527 0.1541 0.0234
v  0.0529 0.0732 0.0236
v  0.0464 0.0732 0.0236
v  0.0526 0.1548 -0.0231
v  -0.0000 0.1548 -0.0231
v  -0.0000 0.0732 -0.0231
v  0.0528 0.0732 -0.0231
v  0.0552 0.1542 0.0211
v  0.0551 0.1547 -0.0207
v  0.0553 0.0732 -0.0207
v  0.0553 0.0732 0.0212
v  0.0426 0.1509 0.0234
v  0.0427 0.0732 0.0236
v  0.0361 0.1255 0.0234
v  0.0389 0.1275 0.0234
v  0.0390 0.0731 0.0235
v  0.0362 0.0731 0.0235
v  -0.0000 0.1255 0.0234
v  -0.0000 0.0731 0.0235
v  -0.0463 0.1541 0.0234
v  -0.0464 0.0732 0.0236
v  -0.0529 0.0732 0.0236
v  -0.0527 0.1541 0.0234
v  -0.0526 0.1548 -0.0231
v  -0.0528 0.0732 -0.0231
v  -0.0552 0.1542 0.0211
v  -0.0553 0.0732 0.0212
v  -0.0553 0.0732 -0.0207
v  -0.0551 0.1547 -0.0207
v  -0.0426 0.1509 0.0234
v  -0.0427 0.0732 0.0236
v  -0.0361 0.1255 0.0234
v  -0.0362 0.0731 0.0235
v  -0.0390 0.0731 0.0235
v  -0.0389 0.1275 0.0234
v  0.0468 0.1541 0.0238
v  0.0469 0.0732 0.0240
v  0.0534 0.0732 0.0240
v  0.0533 0.1541 0.0238
v  0.0532 0.1548 -0.0242
v  0.0534 0.0732 -0.0242
v  0.0000 0.0732 -0.0242
v  0.0000 0.1548 -0.0242
v  0.0558 0.1542 0.0215
v  0.0559 0.0732 0.0216
v  0.0559 0.0732 -0.0217
v  0.0557 0.1547 -0.0217
v  0.0430 0.1509 0.0238
v  0.0431 0.0732 0.0240
v  0.0365 0.1255 0.0238
v  0.0365 0.0731 0.0239
v  0.0394 0.0731 0.0239
v  0.0393 0.1275 0.0238
v  0.0000 0.1255 0.0238
v  0.0000 0.0731 0.0239
v  -0.0468 0.1541 0.0238
v  -0.0533 0.1541 0.0238
v  -0.0534 0.0732 0.0240
v  -0.0469 0.0732 0.0240
v  -0.0532 0.1548 -0.0242
v  -0.0534 0.0732 -0.0242
v  -0.0558 0.1542 0.0215
v  -0.0557 0.1547 -0.0217
v  -0.0559 0.0732 -0.0217
v  -0.0559 0.0732 0.0216
v  -0.0430 0.1509 0.0238
v  -0.0431 0.0732 0.0240
v  -0.0365 0.1255 0.0238
v  -0.0393 0.1275 0.0238
v  -0.0394 0.0731 0.0239
v  -0.0365 0.0731 0.0239
v  0.0263 0.1802 -0.0068
v  0.0508 0.1609 -0.0184
v  0.0489 0.1627 -0.0120
v  0.0301 0.1762 -0.0067
v  -0.0000 0.1579 -0.0215
v  -0.0000 0.1119 -0.0214
v  0.0548 0.1119 -0.0213
v  0.0548 0.1568 -0.0212
v  0.0000 0.1802 -0.0068
v  -0.0000 0.1652 -0.0183
v  0.0479 0.1618 -0.0104
v  0.0282 0.1676 -0.0085
v  0.0470 0.1610 -0.0088
v  0.0263 0.1645 -0.0081
v  0.0263 0.1626 -0.0038
v  0.0440 0.1621 0.0064
v  0.0263 0.1619 0.0059
v  0.0548 0.1570 -0.0135
v  0.0533 0.1597 -0.0134
v  0.0529 0.1601 -0.0093
v  0.0546 0.1579 0.0034
v  0.0498 0.1619 0.0048
v  0.0294 0.1748 -0.0064
v  0.0535 0.1604 0.0036
v  0.0517 0.1616 0.0042
v  0.0547 0.1119 0.0034
v  -0.0263 0.1802 -0.0068
v  -0.0301 0.1762 -0.0067
v  -0.0489 0.1627 -0.0120
v  -0.0508 0.1609 -0.0184
v  -0.0548 0.1568 -0.0212
v  -0.0548 0.1119 -0.0213
v  -0.0479 0.1618 -0.0104
v  -0.0282 0.1676 -0.0085
v  -0.0263 0.1645 -0.0081
v  -0.0470 0.1610 -0.0088
v  -0.0263 0.1626 -0.0038
v  -0.0263 0.1619 0.0059
v  -0.0440 0.1621 0.0064
v  -0.0533 0.1597 -0.0134
v  -0.0548 0.1570 -0.0135
v  -0.0529 0.1601 -0.0093
v  -0.0546 0.1579 0.0034
v  -0.0498 0.1619 0.0048
v  -0.0294 0.1748 -0.0064
v  -0.0517 0.1616 0.0042
v  -0.0535 0.1604 0.0036
v  -0.0547 0.1119 0.0034
# 1326 vertices

vn 0.5774 -0.5775 0.5771
vn -0.5774 -0.5775 0.5771
vn -0.5763 -0.5774 -0.5783
vn 0.5763 -0.5774 -0.5783
vn -0.5730 0.4655 0.6745
vn -0.9430 -0.2241 -0.2461
vn 0.5730 0.4655 0.6745
vn 0.9430 -0.2241 -0.2461
vn -0.5998 0.2793 0.7498
vn 0.5999 0.2791 0.7498
vn 0.5774 0.7837 -0.2291
vn -0.5774 0.7837 -0.2291
vn 0.5748 -0.2304 -0.7852
vn -0.5748 -0.2304 -0.7852
vn -0.5774 0.5775 -0.5771
vn -0.5760 0.5760 0.5800
vn 0.5760 0.5760 0.5800
vn 0.5774 0.5775 -0.5771
vn 0.5437 0.8379 -0.0485
vn 0.1807 0.3043 0.9353
vn -0.5437 0.8379 -0.0485
vn -0.1807 0.3043 0.9353
vn 0.1735 -0.6568 0.7338
vn 0.5774 -0.7837 0.2289
vn -0.5774 -0.7837 0.2289
vn -0.1735 -0.6568 0.7338
vn -0.5748 0.2304 0.7852
vn 0.5748 0.2304 0.7852
vn 0.8660 0.0000 -0.5000
vn 1.0000 0.0000 -0.0000
vn 0.5000 0.0000 -0.8660
vn 0.0000 0.0000 -1.0000
vn -0.5000 0.0000 -0.8660
vn -0.8660 0.0000 -0.5000
vn -1.0000 0.0000 0.0000
vn -0.8660 0.0000 0.5000
vn -0.5000 0.0000 0.8660
vn -0.0000 0.0000 1.0000
vn 0.5000 0.0000 0.8660
vn 0.8660 0.0000 0.5000
vn 0.6557 0.6533 -0.3785
vn 0.7571 0.6533 -0.0000
vn 0.7571 -0.6533 -0.0000
vn 0.6557 -0.6533 -0.3785
vn 0.3785 0.6533 -0.6557
vn 0.3785 -0.6533 -0.6557
vn 0.0000 0.6532 -0.7572
vn 0.0000 -0.6532 -0.7572
vn -0.3786 0.6532 -0.6557
vn -0.3786 -0.6532 -0.6557
vn -0.6557 0.6533 -0.3786
vn -0.6557 -0.6533 -0.3786
vn -0.7571 0.6533 0.0000
vn -0.7571 -0.6533 0.0000
vn -0.6557 0.6532 0.3786
vn -0.6557 -0.6532 0.3786
vn -0.3786 0.6532 0.6557
vn -0.3786 -0.6532 0.6557
vn -0.0000 0.6532 0.7572
vn -0.0000 -0.6532 0.7572
vn 0.3786 0.6532 0.6557
vn 0.3786 -0.6532 0.6557
vn 0.6557 0.6533 0.3786
vn 0.6557 -0.6533 0.3786
vn 0.0000 -1.0000 -0.0000
vn 0.0000 1.0000 -0.0000
vn 0.3785 0.6533 0.6557
vn 0.3785 -0.6533 0.6557
vn 0.6557 0.6533 0.3785
vn 0.6557 -0.6533 0.3785
vn 1.0000 0.0000 0.0000
vn -0.0000 0.0000 -1.0000
vn -1.0000 0.0000 -0.0000
vn 0.0000 0.0000 1.0000
vn 0.7571 0.6533 0.0000
vn 0.7571 -0.6533 0.0000
vn -0.0000 0.6533 -0.7571
vn -0.0000 -0.6533 -0.7571
vn -0.3785 0.6533 -0.6557
vn -0.3785 -0.6533 -0.6557
vn -0.6557 0.6533 -0.3785
vn -0.6557 -0.6533 -0.3785
vn -0.7572 0.6532 -0.0000
vn -0.7572 -0.6532 -0.0000
vn -0.6557 0.6533 0.3785
vn -0.6557 -0.6533 0.3785
vn -0.3785 0.6533 0.6557
vn -0.3785 -0.6533 0.6557
vn 0.0000 0.6533 0.7571
vn 0.0000 -0.6533 0.7571
vn -0.5000 -0.0000 -0.8660
vn -0.0000 0.6532 -0.7572
vn -0.0000 -0.6532 -0.7572
vn -0.6557 0.6532 -0.3786
vn -0.6557 -0.6532 -0.3786
vn -0.7571 0.6533 -0.0000
vn -0.7571 -0.6533 -0.0000
vn 0.0000 0.6533 -0.7571
vn 0.0000 -0.6533 -0.7571
vn -0.8660 -0.0000 -0.5000
vn 0.6557 0.6532 -0.3786
vn 0.6557 -0.6532 -0.3786
vn 0.3786 0.6532 -0.6557
vn 0.3786 -0.6532 -0.6557
vn 0.8615 -0.0884 -0.5000
vn 0.9948 -0.1020 0.0000
vn 0.4974 -0.0510 -0.8660
vn 0.0000 -0.0000 -1.0000
vn -0.4974 0.0510 -0.8660
vn -0.8615 0.0884 -0.5000
vn -0.9948 0.1020 -0.0000
vn -0.8615 0.0884 0.5000
vn -0.4974 0.0510 0.8660
vn 0.4974 -0.0510 0.8660
vn 0.8615 -0.0884 0.5000
vn 0.7189 0.5829 -0.3786
vn 0.8199 0.5726 0.0000
vn 0.6866 -0.7271 0.0000
vn 0.5857 -0.7167 -0.3786
vn 0.4432 0.6112 -0.6557
vn 0.3099 -0.6885 -0.6557
vn 0.0666 0.6498 -0.7572
vn -0.0667 -0.6498 -0.7572
vn -0.3100 0.6884 -0.6557
vn -0.4432 -0.6112 -0.6557
vn -0.5857 0.7167 -0.3786
vn -0.7189 -0.5830 -0.3785
vn -0.6866 0.7271 -0.0000
vn -0.8199 -0.5726 -0.0000
vn -0.5857 0.7167 0.3786
vn -0.7189 -0.5830 0.3785
vn -0.3100 0.6884 0.6557
vn -0.4433 -0.6112 0.6557
vn 0.0000 -0.0000 1.0000
vn 0.0666 0.6498 0.7572
vn -0.0666 -0.6498 0.7572
vn 0.4432 0.6112 0.6557
vn 0.3100 -0.6884 0.6557
vn 0.7189 0.5829 0.3786
vn 0.5857 -0.7167 0.3786
vn -0.1020 -0.9948 0.0000
vn 0.1020 0.9948 -0.0000
vn 0.7572 0.6532 0.0000
vn 0.7572 -0.6532 0.0000
vn -0.8793 0.0000 -0.4762
vn -0.5234 0.0000 -0.8521
vn -0.9996 0.0000 0.0273
vn -0.8521 0.0000 0.5234
vn -0.4762 0.0000 0.8793
vn 0.0273 -0.0000 0.9996
vn 0.0273 0.0000 0.9996
vn 0.5234 0.0000 0.8521
vn 0.8793 0.0000 0.4762
vn 0.9996 0.0000 -0.0273
vn 0.8521 0.0000 -0.5234
vn 0.4762 0.0000 -0.8793
vn -0.0273 0.0000 -0.9996
vn -0.6658 0.6532 -0.3606
vn -0.3963 0.6532 -0.6452
vn -0.3963 -0.6532 -0.6452
vn -0.6658 -0.6532 -0.3606
vn -0.7569 0.6532 0.0206
vn -0.7569 -0.6532 0.0206
vn -0.6451 0.6533 0.3963
vn -0.6451 -0.6533 0.3963
vn -0.3605 0.6533 0.6658
vn -0.3605 -0.6533 0.6658
vn 0.0206 0.6532 0.7569
vn 0.0206 -0.6532 0.7569
vn 0.3963 0.6532 0.6452
vn 0.3963 -0.6532 0.6452
vn 0.6658 0.6532 0.3606
vn 0.6658 -0.6532 0.3606
vn 0.7569 0.6532 -0.0206
vn 0.7569 -0.6532 -0.0206
vn 0.6452 0.6532 -0.3963
vn 0.6452 -0.6532 -0.3963
vn 0.3606 0.6532 -0.6658
vn 0.3606 -0.6532 -0.6658
vn -0.0206 0.6532 -0.7569
vn -0.0206 -0.6532 -0.7569
vn 0.5000 -0.0000 -0.8660
vn 0.8660 -0.0000 -0.5000
vn 1.0000 -0.0000 -0.0000
vn 0.8660 -0.0000 0.5000
vn 0.5000 -0.0000 0.8660
vn -0.7572 -0.6532 0.0000
vn -0.7572 0.6532 0.0000
vn 0.7572 -0.6532 -0.0000
vn 0.7572 0.6532 -0.0000
vn 0.3785 -0.6532 0.6557
vn -0.0000 -0.6533 0.7571
vn 0.0000 0.6532 0.7572
vn -0.8661 -0.0000 -0.4999
vn 0.0005 -0.0016 -1.0000
vn -0.3683 -0.0021 -0.9297
vn -0.3675 -0.0021 -0.9300
vn 0.0004 -0.0016 -1.0000
vn -0.3710 -0.0007 0.9286
vn 0.0000 0.0002 1.0000
vn -0.3733 -0.0007 0.9277
vn -0.9192 -0.0022 -0.3937
vn -0.9179 -0.0020 0.3968
vn -0.9196 -0.0020 0.3928
vn -0.9175 -0.0022 -0.3978
vn 0.0020 -0.0017 -1.0000
vn 0.0035 -0.0017 -1.0000
vn 0.0008 -0.0020 -1.0000
vn 0.0095 -0.0019 -1.0000
vn 0.0036 -0.0019 -1.0000
vn 0.0004 -0.0020 -1.0000
vn 0.0000 -0.0020 -1.0000
vn -0.0005 -0.0016 -1.0000
vn -0.0004 -0.0016 -1.0000
vn 0.3675 -0.0021 -0.9300
vn 0.3683 -0.0021 -0.9297
vn 0.3710 -0.0007 0.9286
vn 0.3733 -0.0007 0.9277
vn 0.9192 -0.0022 -0.3937
vn 0.9175 -0.0022 -0.3978
vn 0.9196 -0.0020 0.3928
vn 0.9179 -0.0020 0.3968
vn -0.0020 -0.0017 -1.0000
vn -0.0035 -0.0017 -1.0000
vn -0.0008 -0.0020 -1.0000
vn -0.0004 -0.0020 -1.0000
vn -0.0036 -0.0019 -1.0000
vn -0.0095 -0.0019 -1.0000
vn -0.0005 0.0017 1.0000
vn -0.0004 0.0017 1.0000
vn 0.3725 0.0022 0.9280
vn 0.3732 0.0022 0.9277
vn 0.3760 0.0007 -0.9266
vn 0.3782 0.0007 -0.9257
vn 0.0000 -0.0002 -1.0000
vn 0.9213 0.0022 0.3889
vn 0.9196 0.0022 0.3928
vn 0.9217 0.0020 -0.3879
vn 0.9201 0.0020 -0.3918
vn -0.0021 0.0017 1.0000
vn -0.0036 0.0017 1.0000
vn -0.0008 0.0020 1.0000
vn -0.0004 0.0020 1.0000
vn -0.0037 0.0020 1.0000
vn -0.0097 0.0020 1.0000
vn 0.0000 0.0020 1.0000
vn 0.0005 0.0017 1.0000
vn -0.3732 0.0022 0.9277
vn -0.3725 0.0022 0.9280
vn 0.0004 0.0017 1.0000
vn -0.3760 0.0007 -0.9266
vn -0.3782 0.0007 -0.9257
vn -0.9213 0.0022 0.3889
vn -0.9201 0.0020 -0.3918
vn -0.9217 0.0020 -0.3879
vn -0.9196 0.0022 0.3928
vn 0.0021 0.0017 1.0000
vn 0.0036 0.0017 1.0000
vn 0.0008 0.0020 1.0000
vn 0.0097 0.0020 1.0000
vn 0.0037 0.0020 1.0000
vn 0.0004 0.0020 1.0000
vn -0.1115 -0.6111 0.7836
vn -0.3884 -0.7794 0.4917
vn -0.5181 -0.8274 -0.2169
vn -0.4972 -0.4252 -0.7563
vn 0.0000 -0.2088 0.9780
vn 0.0000 0.0004 1.0000
vn -0.7103 -0.0011 0.7039
vn -0.6680 -0.3598 0.6515
vn -0.0000 -0.6054 0.7959
vn 0.0000 -0.5130 0.8584
vn -0.3687 -0.7187 -0.5895
vn 0.0166 0.0926 -0.9956
vn -0.1896 -0.9413 -0.2793
vn -0.1288 -0.6377 -0.7594
vn -0.1254 -0.9685 -0.2152
vn -0.0034 -0.9975 0.0706
vn 0.0150 -0.9971 -0.0752
vn -0.9663 -0.2574 -0.0005
vn -0.7544 -0.6466 0.1132
vn -0.6165 -0.7868 -0.0291
vn -0.9736 -0.2275 0.0177
vn -0.0361 -0.9925 0.1168
vn -0.1873 0.0400 -0.9815
vn -0.7398 -0.6709 0.0509
vn -0.2600 -0.9618 0.0858
vn -1.0000 0.0003 -0.0084
vn 0.1115 -0.6111 0.7836
vn 0.4972 -0.4252 -0.7563
vn 0.5181 -0.8274 -0.2169
vn 0.3884 -0.7794 0.4917
vn 0.6680 -0.3598 0.6515
vn 0.7103 -0.0011 0.7039
vn 0.3687 -0.7187 -0.5895
vn -0.0166 0.0926 -0.9956
vn 0.1288 -0.6377 -0.7594
vn 0.1896 -0.9413 -0.2793
vn 0.1254 -0.9685 -0.2152
vn -0.0150 -0.9971 -0.0752
vn 0.0034 -0.9975 0.0706
vn 0.7544 -0.6466 0.1132
vn 0.9663 -0.2574 -0.0005
vn 0.6165 -0.7868 -0.0291
vn 0.9736 -0.2275 0.0177
vn 0.0361 -0.9925 0.1168
vn 0.1873 0.0400 -0.9815
vn 0.2600 -0.9618 0.0858
vn 0.7398 -0.6708 0.0509
vn 1.0000 0.0003 -0.0084
# 310 vertex normals

vt 0.8930 0.6167 0.0000
vt 0.6637 0.6160 0.0000
vt 0.6634 0.7187 0.0000
vt 0.8927 0.7194 0.0000
vt 0.6644 0.3950 0.0000
vt 0.5624 0.3370 0.0000
vt 0.5610 0.6158 0.0000
vt 0.8936 0.3957 0.0000
vt 0.6618 0.9975 0.0000
vt 0.8927 0.9982 0.0000
vt 0.9957 0.6171 0.0000
vt 0.9960 0.3383 0.0000
vt 0.8946 0.3282 0.0000
vt 0.6653 0.3275 0.0000
vt 0.6657 0.2184 0.0000
vt 0.8950 0.2191 0.0000
vt 0.6660 0.1157 0.0000
vt 0.6656 0.0081 0.0000
vt 0.8965 0.0089 0.0000
vt 0.8953 0.1165 0.0000
vt 0.5632 0.3256 0.0000
vt 0.5630 0.2180 0.0000
vt 0.9976 0.2195 0.0000
vt 0.9967 0.3271 0.0000
vt 0.4925 0.4678 0.0000
vt 0.4700 0.4677 0.0000
vt 0.4701 0.4098 0.0000
vt 0.4926 0.4099 0.0000
vt 0.5410 0.4101 0.0000
vt 0.4927 0.3840 0.0000
vt 0.5537 0.3843 0.0000
vt 0.5409 0.4680 0.0000
vt 0.4090 0.4677 0.0000
vt 0.4091 0.4094 0.0000
vt 0.5535 0.4938 0.0000
vt 0.4924 0.4937 0.0000
vt 0.5543 0.3839 0.0000
vt 0.5046 0.3837 0.0000
vt 0.5043 0.4941 0.0000
vt 0.5539 0.4942 0.0000
vt 0.4575 0.4939 0.0000
vt 0.4579 0.3835 0.0000
vt 0.4089 0.3830 0.0000
vt 0.4086 0.4941 0.0000
vt 0.5548 0.4451 0.0000
vt 0.5051 0.4449 0.0000
vt 0.5050 0.4943 0.0000
vt 0.5052 0.4329 0.0000
vt 0.5548 0.4330 0.0000
vt 0.5053 0.3834 0.0000
vt 0.5623 0.3422 0.0000
vt 0.6644 0.3990 0.0000
vt 0.8936 0.4002 0.0000
vt 0.9960 0.3429 0.0000
vt 0.5632 0.3215 0.0000
vt 0.6653 0.3228 0.0000
vt 0.8946 0.3228 0.0000
vt 0.9968 0.3222 0.0000
vt 0.0392 0.0162 0.0000
vt 0.0381 0.3640 0.0000
vt 0.0289 0.3640 0.0000
vt 0.0300 0.0162 0.0000
vt 0.0483 0.0162 0.0000
vt 0.0472 0.3640 0.0000
vt 0.0575 0.0163 0.0000
vt 0.0563 0.3641 0.0000
vt 0.0666 0.0163 0.0000
vt 0.0655 0.3641 0.0000
vt 0.0758 0.0163 0.0000
vt 0.0746 0.3641 0.0000
vt 0.0849 0.0164 0.0000
vt 0.0838 0.3642 0.0000
vt 0.0941 0.0164 0.0000
vt 0.0929 0.3642 0.0000
vt 0.1032 0.0165 0.0000
vt 0.1021 0.3643 0.0000
vt 0.1124 0.0165 0.0000
vt 0.1112 0.3643 0.0000
vt 0.0117 0.0161 0.0000
vt 0.0106 0.3639 0.0000
vt 0.0015 0.3638 0.0000
vt 0.0026 0.0160 0.0000
vt 0.0209 0.0161 0.0000
vt 0.0198 0.3639 0.0000
vt 0.0377 0.4818 0.0000
vt 0.0376 0.4947 0.0000
vt 0.0285 0.4946 0.0000
vt 0.0285 0.4818 0.0000
vt 0.0301 0.0033 0.0000
vt 0.0392 0.0034 0.0000
vt 0.0468 0.4819 0.0000
vt 0.0468 0.4947 0.0000
vt 0.0484 0.0034 0.0000
vt 0.0560 0.4819 0.0000
vt 0.0559 0.4947 0.0000
vt 0.0575 0.0035 0.0000
vt 0.0651 0.4820 0.0000
vt 0.0651 0.4948 0.0000
vt 0.0667 0.0035 0.0000
vt 0.0743 0.4820 0.0000
vt 0.0742 0.4948 0.0000
vt 0.0758 0.0035 0.0000
vt 0.0834 0.4820 0.0000
vt 0.0834 0.4948 0.0000
vt 0.0850 0.0036 0.0000
vt 0.0926 0.4821 0.0000
vt 0.0925 0.4949 0.0000
vt 0.0941 0.0036 0.0000
vt 0.1017 0.4821 0.0000
vt 0.1017 0.4949 0.0000
vt 0.1033 0.0036 0.0000
vt 0.1108 0.4821 0.0000
vt 0.1108 0.4950 0.0000
vt 0.1124 0.0037 0.0000
vt 0.0102 0.4817 0.0000
vt 0.0102 0.4945 0.0000
vt 0.0010 0.4945 0.0000
vt 0.0011 0.4817 0.0000
vt 0.0026 0.0032 0.0000
vt 0.0118 0.0033 0.0000
vt 0.0194 0.4818 0.0000
vt 0.0193 0.4946 0.0000
vt 0.0209 0.0033 0.0000
vt 0.4068 0.8946 0.0000
vt 0.4301 0.9083 0.0000
vt 0.3929 0.9447 0.0000
vt 0.3799 0.8943 0.0000
vt 0.3564 0.9076 0.0000
vt 0.3427 0.9308 0.0000
vt 0.3425 0.9577 0.0000
vt 0.3557 0.9812 0.0000
vt 0.3790 0.9949 0.0000
vt 0.4059 0.9952 0.0000
vt 0.4294 0.9819 0.0000
vt 0.4431 0.9587 0.0000
vt 0.4433 0.9317 0.0000
vt 0.0673 0.9894 0.0000
vt 0.0421 0.9890 0.0000
vt 0.0555 0.9421 0.0000
vt 0.0204 0.9760 0.0000
vt 0.0081 0.9539 0.0000
vt 0.0086 0.9287 0.0000
vt 0.0216 0.9070 0.0000
vt 0.0436 0.8947 0.0000
vt 0.0689 0.8952 0.0000
vt 0.0906 0.9081 0.0000
vt 0.1028 0.9302 0.0000
vt 0.1024 0.9555 0.0000
vt 0.0894 0.9772 0.0000
vt 0.4083 0.4934 0.0000
vt 0.4170 0.4934 0.0000
vt 0.4169 0.3831 0.0000
vt 0.4082 0.3831 0.0000
vt 0.4837 0.4943 0.0000
vt 0.5543 0.4945 0.0000
vt 0.5546 0.3833 0.0000
vt 0.4838 0.3831 0.0000
vt 0.4216 0.4934 0.0000
vt 0.4791 0.4943 0.0000
vt 0.4792 0.3831 0.0000
vt 0.4215 0.3831 0.0000
vt 0.4034 0.4890 0.0000
vt 0.4033 0.3831 0.0000
vt 0.3946 0.4545 0.0000
vt 0.3983 0.4571 0.0000
vt 0.3983 0.3830 0.0000
vt 0.3945 0.3830 0.0000
vt 0.3462 0.4546 0.0000
vt 0.3461 0.3832 0.0000
vt 0.5282 0.4308 0.0000
vt 0.4914 0.4467 0.0000
vt 0.4996 0.4494 0.0000
vt 0.5250 0.4354 0.0000
vt 0.4909 0.4055 0.0000
vt 0.4189 0.4041 0.0000
vt 0.4180 0.4503 0.0000
vt 0.4839 0.4483 0.0000
vt 0.5324 0.4088 0.0000
vt 0.5035 0.4065 0.0000
vt 0.5019 0.4508 0.0000
vt 0.5293 0.4437 0.0000
vt 0.5039 0.4520 0.0000
vt 0.5327 0.4459 0.0000
vt 0.5346 0.4497 0.0000
vt 0.5162 0.4636 0.0000
vt 0.5401 0.4575 0.0000
vt 0.4875 0.4537 0.0000
vt 0.4917 0.4519 0.0000
vt 0.4949 0.4548 0.0000
vt 0.4954 0.4666 0.0000
vt 0.5073 0.4645 0.0000
vt 0.5265 0.4368 0.0000
vt 0.5003 0.4655 0.0000
vt 0.5042 0.4649 0.0000
vt 0.4229 0.4723 0.0000
# 195 texture coords

o PSNA_Cigarette01
g PSNA_Cigarette01
usemtl PSNA_Cigarette01
s 1
f 1/1/1 2/2/2 3/3/3 4/4/4 
s 2
f 5/5/5 6/6/6 3/7/3 2/2/2 
s 4
f 2/2/2 1/1/1 7/8/7 5/5/5 
f 4/4/4 3/3/3 6/9/6 8/10/8 
s 2
f 1/1/1 4/11/4 8/12/8 7/8/7 
s 1
f 9/13/9 10/14/10 11/15/11 12/16/12 
f 13/17/13 8/18/8 6/19/6 14/20/14 
s 2
f 12/16/12 11/15/11 13/17/13 14/20/14 
s 8
f 10/14/10 8/21/8 13/22/13 11/15/11 
f 12/16/12 14/23/14 6/24/6 9/13/9 
s 1
f 15/25/15 16/26/16 17/27/17 18/28/18 
s 2
f 19/29/19 18/28/18 17/30/17 20/31/20 
s 4
f 18/28/18 19/29/19 21/32/21 15/25/15 
f 16/26/16 22/33/22 20/34/20 17/27/17 
s 2
f 15/25/15 21/32/21 22/35/22 16/36/16 
s 1
f 23/37/23 24/38/24 25/39/25 26/40/26 
f 27/41/27 28/42/28 20/43/20 22/44/22 
s 2
f 24/38/24 28/42/28 27/41/27 25/39/25 
s 8
f 26/45/26 25/46/25 27/47/27 22/40/22 
f 24/48/24 23/49/23 20/37/20 28/50/28 
s 16
f 6/51/6 5/52/5 19/5/19 20/6/20 
f 5/5/5 7/8/7 21/53/21 19/52/19 
f 7/8/7 8/12/8 22/54/22 21/53/21 
s 32
f 8/55/8 10/56/10 26/14/26 22/21/22 
f 10/14/10 9/13/9 23/57/23 26/56/26 
f 9/13/9 6/24/6 20/58/20 23/57/23 
s 8
f 29/59/29 30/60/29 31/61/30 32/62/30 
f 33/63/31 34/64/31 30/60/29 29/59/29 
f 35/65/32 36/66/32 34/64/31 33/63/31 
f 37/67/33 38/68/33 36/66/32 35/65/32 
f 39/69/34 40/70/34 38/68/33 37/67/33 
f 41/71/35 42/72/35 40/70/34 39/69/34 
f 43/73/36 44/74/36 42/72/35 41/71/35 
f 45/75/37 46/76/37 44/74/36 43/73/36 
f 47/77/38 48/78/38 46/76/37 45/75/37 
f 49/79/39 50/80/39 48/81/38 47/82/38 
f 51/83/40 52/84/40 50/80/39 49/79/39 
f 32/62/30 31/61/30 52/84/40 51/83/40 
f 53/85/29 54/86/41 55/87/42 56/88/30 
f 32/62/30 57/89/43 58/90/44 29/59/29 
f 59/91/31 60/92/45 54/86/41 53/85/29 
f 29/59/29 58/90/44 61/93/46 33/63/31 
f 62/94/32 63/95/47 60/92/45 59/91/31 
f 33/63/31 61/93/46 64/96/48 35/65/32 
f 65/97/33 66/98/49 63/95/47 62/94/32 
f 35/65/32 64/96/48 67/99/50 37/67/33 
f 68/100/34 69/101/51 66/98/49 65/97/33 
f 37/67/33 67/99/50 70/102/52 39/69/34 
f 71/103/35 72/104/53 69/101/51 68/100/34 
f 39/69/34 70/102/52 73/105/54 41/71/35 
f 74/106/36 75/107/55 72/104/53 71/103/35 
f 41/71/35 73/105/54 76/108/56 43/73/36 
f 77/109/37 78/110/57 75/107/55 74/106/36 
f 43/73/36 76/108/56 79/111/58 45/75/37 
f 80/112/38 81/113/59 78/110/57 77/109/37 
f 45/75/37 79/111/58 82/114/60 47/77/38 
f 83/115/39 84/116/61 81/117/59 80/118/38 
f 47/82/38 82/119/60 85/120/62 49/79/39 
f 86/121/40 87/122/63 84/116/61 83/115/39 
f 49/79/39 85/120/62 88/123/64 51/83/40 
f 56/88/30 55/87/42 87/122/63 86/121/40 
f 51/83/40 88/123/64 57/89/43 32/62/30 
s off
f 58/124/44 57/125/43 89/126/65 
f 61/127/46 58/124/44 89/126/65 
f 64/128/48 61/127/46 89/126/65 
f 67/129/50 64/128/48 89/126/65 
f 70/130/52 67/129/50 89/126/65 
f 73/131/54 70/130/52 89/126/65 
f 76/132/56 73/131/54 89/126/65 
f 79/133/58 76/132/56 89/126/65 
f 82/134/60 79/133/58 89/126/65 
f 85/135/62 82/134/60 89/126/65 
f 88/136/64 85/135/62 89/126/65 
f 57/125/43 88/136/64 89/126/65 
f 55/137/42 54/138/41 90/139/66 
f 54/138/41 60/140/45 90/139/66 
f 60/140/45 63/141/47 90/139/66 
f 63/141/47 66/142/49 90/139/66 
f 66/142/49 69/143/51 90/139/66 
f 69/143/51 72/144/53 90/139/66 
f 72/144/53 75/145/55 90/139/66 
f 75/145/55 78/146/57 90/139/66 
f 78/146/57 81/147/59 90/139/66 
f 81/147/59 84/148/61 90/139/66 
f 84/148/61 87/149/63 90/139/66 
f 87/149/63 55/137/42 90/139/66 
s 8
f 30/60/29 53/85/29 56/88/30 31/61/30 
f 34/64/31 59/91/31 53/85/29 30/60/29 
f 36/66/32 62/94/32 59/91/31 34/64/31 
f 38/68/33 65/97/33 62/94/32 36/66/32 
f 40/70/34 68/100/34 65/97/33 38/68/33 
f 42/72/35 71/103/35 68/100/34 40/70/34 
f 44/74/36 74/106/36 71/103/35 42/72/35 
f 46/76/37 77/109/37 74/106/36 44/74/36 
f 48/78/38 80/112/38 77/109/37 46/76/37 
f 50/80/39 83/115/39 80/118/38 48/81/38 
f 52/84/40 86/121/40 83/115/39 50/80/39 
f 31/61/30 56/88/30 86/121/40 52/84/40 
f 91/59/29 92/60/29 93/61/30 94/62/30 
f 95/63/31 96/64/31 92/60/29 91/59/29 
f 97/65/32 98/66/32 96/64/31 95/63/31 
f 99/67/33 100/68/33 98/66/32 97/65/32 
f 101/69/34 102/70/34 100/68/33 99/67/33 
f 103/71/35 104/72/35 102/70/34 101/69/34 
f 105/73/36 106/74/36 104/72/35 103/71/35 
f 107/75/37 108/76/37 106/74/36 105/73/36 
f 109/77/38 110/78/38 108/76/37 107/75/37 
f 111/79/39 112/80/39 110/81/38 109/82/38 
f 113/83/40 114/84/40 112/80/39 111/79/39 
f 94/62/30 93/61/30 114/84/40 113/83/40 
f 115/85/29 116/86/41 117/87/42 118/88/30 
f 94/62/30 119/89/43 120/90/44 91/59/29 
f 121/91/31 122/92/45 116/86/41 115/85/29 
f 91/59/29 120/90/44 123/93/46 95/63/31 
f 124/94/32 125/95/47 122/92/45 121/91/31 
f 95/63/31 123/93/46 126/96/48 97/65/32 
f 127/97/33 128/98/49 125/95/47 124/94/32 
f 97/65/32 126/96/48 129/99/50 99/67/33 
f 130/100/34 131/101/51 128/98/49 127/97/33 
f 99/67/33 129/99/50 132/102/52 101/69/34 
f 133/103/35 134/104/53 131/101/51 130/100/34 
f 101/69/34 132/102/52 135/105/54 103/71/35 
f 136/106/36 137/107/55 134/104/53 133/103/35 
f 103/71/35 135/105/54 138/108/56 105/73/36 
f 139/109/37 140/110/57 137/107/55 136/106/36 
f 105/73/36 138/108/56 141/111/58 107/75/37 
f 142/112/38 143/113/59 140/110/57 139/109/37 
f 107/75/37 141/111/58 144/114/60 109/77/38 
f 145/115/39 146/116/67 143/117/59 142/118/38 
f 109/82/38 144/119/60 147/120/68 111/79/39 
f 148/121/40 149/122/69 146/116/67 145/115/39 
f 111/79/39 147/120/68 150/123/70 113/83/40 
f 118/88/30 117/87/42 149/122/69 148/121/40 
f 113/83/40 150/123/70 119/89/43 94/62/30 
s off
f 120/124/44 119/125/43 151/126/65 
f 123/127/46 120/124/44 151/126/65 
f 126/128/48 123/127/46 151/126/65 
f 129/129/50 126/128/48 151/126/65 
f 132/130/52 129/129/50 151/126/65 
f 135/131/54 132/130/52 151/126/65 
f 138/132/56 135/131/54 151/126/65 
f 141/133/58 138/132/56 151/126/65 
f 144/134/60 141/133/58 151/126/65 
f 147/135/68 144/134/60 151/126/65 
f 150/136/70 147/135/68 151/126/65 
f 119/125/43 150/136/70 151/126/65 
f 117/137/42 116/138/41 152/139/66 
f 116/138/41 122/140/45 152/139/66 
f 122/140/45 125/141/47 152/139/66 
f 125/141/47 128/142/49 152/139/66 
f 128/142/49 131/143/51 152/139/66 
f 131/143/51 134/144/53 152/139/66 
f 134/144/53 137/145/55 152/139/66 
f 137/145/55 140/146/57 152/139/66 
f 140/146/57 143/147/59 152/139/66 
f 143/147/59 146/148/67 152/139/66 
f 146/148/67 149/149/69 152/139/66 
f 149/149/69 117/137/42 152/139/66 
s 8
f 92/60/29 115/85/29 118/88/30 93/61/30 
f 96/64/31 121/91/31 115/85/29 92/60/29 
f 98/66/32 124/94/32 121/91/31 96/64/31 
f 100/68/33 127/97/33 124/94/32 98/66/32 
f 102/70/34 130/100/34 127/97/33 100/68/33 
f 104/72/35 133/103/35 130/100/34 102/70/34 
f 106/74/36 136/106/36 133/103/35 104/72/35 
f 108/76/37 139/109/37 136/106/36 106/74/36 
f 110/78/38 142/112/38 139/109/37 108/76/37 
f 112/80/39 145/115/39 142/118/38 110/81/38 
f 114/84/40 148/121/40 145/115/39 112/80/39 
f 93/61/30 118/88/30 148/121/40 114/84/40 
f 153/59/29 154/60/29 155/61/71 156/62/71 
f 157/63/31 158/64/31 154/60/29 153/59/29 
f 159/65/72 160/66/72 158/64/31 157/63/31 
f 161/67/33 162/68/33 160/66/72 159/65/72 
f 163/69/34 164/70/34 162/68/33 161/67/33 
f 165/71/73 166/72/73 164/70/34 163/69/34 
f 167/73/36 168/74/36 166/72/73 165/71/73 
f 169/75/37 170/76/37 168/74/36 167/73/36 
f 171/77/74 172/78/74 170/76/37 169/75/37 
f 173/79/39 174/80/39 172/81/74 171/82/74 
f 175/83/40 176/84/40 174/80/39 173/79/39 
f 156/62/71 155/61/71 176/84/40 175/83/40 
f 177/85/29 178/86/41 179/87/75 180/88/71 
f 156/62/71 181/89/76 182/90/44 153/59/29 
f 183/91/31 184/92/45 178/86/41 177/85/29 
f 153/59/29 182/90/44 185/93/46 157/63/31 
f 186/94/72 187/95/77 184/92/45 183/91/31 
f 157/63/31 185/93/46 188/96/78 159/65/72 
f 189/97/33 190/98/79 187/95/77 186/94/72 
f 159/65/72 188/96/78 191/99/80 161/67/33 
f 192/100/34 193/101/81 190/98/79 189/97/33 
f 161/67/33 191/99/80 194/102/82 163/69/34 
f 195/103/73 196/104/83 193/101/81 192/100/34 
f 163/69/34 194/102/82 197/105/84 165/71/73 
f 198/106/36 199/107/85 196/104/83 195/103/73 
f 165/71/73 197/105/84 200/108/86 167/73/36 
f 201/109/37 202/110/87 199/107/85 198/106/36 
f 167/73/36 200/108/86 203/111/88 169/75/37 
f 204/112/74 205/113/89 202/110/87 201/109/37 
f 169/75/37 203/111/88 206/114/90 171/77/74 
f 207/115/39 208/116/67 205/117/89 204/118/74 
f 171/82/74 206/119/90 209/120/68 173/79/39 
f 210/121/40 211/122/69 208/116/67 207/115/39 
f 173/79/39 209/120/68 212/123/70 175/83/40 
f 180/88/71 179/87/75 211/122/69 210/121/40 
f 175/83/40 212/123/70 181/89/76 156/62/71 
s off
f 182/124/44 181/125/76 213/126/65 
f 185/127/46 182/124/44 213/126/65 
f 188/128/78 185/127/46 213/126/65 
f 191/129/80 188/128/78 213/126/65 
f 194/130/82 191/129/80 213/126/65 
f 197/131/84 194/130/82 213/126/65 
f 200/132/86 197/131/84 213/126/65 
f 203/133/88 200/132/86 213/126/65 
f 206/134/90 203/133/88 213/126/65 
f 209/135/68 206/134/90 213/126/65 
f 212/136/70 209/135/68 213/126/65 
f 181/125/76 212/136/70 213/126/65 
f 179/137/75 178/138/41 214/139/66 
f 178/138/41 184/140/45 214/139/66 
f 184/140/45 187/141/77 214/139/66 
f 187/141/77 190/142/79 214/139/66 
f 190/142/79 193/143/81 214/139/66 
f 193/143/81 196/144/83 214/139/66 
f 196/144/83 199/145/85 214/139/66 
f 199/145/85 202/146/87 214/139/66 
f 202/146/87 205/147/89 214/139/66 
f 205/147/89 208/148/67 214/139/66 
f 208/148/67 211/149/69 214/139/66 
f 211/149/69 179/137/75 214/139/66 
s 8
f 154/60/29 177/85/29 180/88/71 155/61/71 
f 158/64/31 183/91/31 177/85/29 154/60/29 
f 160/66/72 186/94/72 183/91/31 158/64/31 
f 162/68/33 189/97/33 186/94/72 160/66/72 
f 164/70/34 192/100/34 189/97/33 162/68/33 
f 166/72/73 195/103/73 192/100/34 164/70/34 
f 168/74/36 198/106/36 195/103/73 166/72/73 
f 170/76/37 201/109/37 198/106/36 168/74/36 
f 172/78/74 204/112/74 201/109/37 170/76/37 
f 174/80/39 207/115/39 204/118/74 172/81/74 
f 176/84/40 210/121/40 207/115/39 174/80/39 
f 155/61/71 180/88/71 210/121/40 176/84/40 
f 215/59/29 216/60/29 217/61/30 218/62/30 
f 219/63/31 220/64/31 216/60/29 215/59/29 
f 221/65/72 222/66/72 220/64/31 219/63/31 
f 223/67/33 224/68/91 222/66/72 221/65/72 
f 225/69/34 226/70/34 224/68/91 223/67/33 
f 227/71/73 228/72/73 226/70/34 225/69/34 
f 229/73/36 230/74/36 228/72/73 227/71/73 
f 231/75/37 232/76/37 230/74/36 229/73/36 
f 233/77/38 234/78/38 232/76/37 231/75/37 
f 235/79/39 236/80/39 234/81/38 233/82/38 
f 237/83/40 238/84/40 236/80/39 235/79/39 
f 218/62/30 217/61/30 238/84/40 237/83/40 
f 239/85/29 240/86/41 241/87/42 242/88/30 
f 218/62/30 243/89/43 244/90/44 215/59/29 
f 245/91/31 246/92/45 240/86/41 239/85/29 
f 215/59/29 244/90/44 247/93/46 219/63/31 
f 248/94/72 249/95/92 246/92/45 245/91/31 
f 219/63/31 247/93/46 250/96/93 221/65/72 
f 251/97/91 252/98/49 249/95/92 248/94/72 
f 221/65/72 250/96/93 253/99/50 223/67/33 
f 254/100/34 255/101/94 252/98/49 251/97/91 
f 223/67/33 253/99/50 256/102/95 225/69/34 
f 257/103/73 258/104/96 255/101/94 254/100/34 
f 225/69/34 256/102/95 259/105/97 227/71/73 
f 260/106/36 261/107/85 258/104/96 257/103/73 
f 227/71/73 259/105/97 262/108/86 229/73/36 
f 263/109/37 264/110/87 261/107/85 260/106/36 
f 229/73/36 262/108/86 265/111/88 231/75/37 
f 266/112/38 267/113/59 264/110/87 263/109/37 
f 231/75/37 265/111/88 268/114/60 233/77/38 
f 269/115/39 270/116/67 267/117/59 266/118/38 
f 233/82/38 268/119/60 271/120/68 235/79/39 
f 272/121/40 273/122/69 270/116/67 269/115/39 
f 235/79/39 271/120/68 274/123/70 237/83/40 
f 242/88/30 241/87/42 273/122/69 272/121/40 
f 237/83/40 274/123/70 243/89/43 218/62/30 
s off
f 244/124/44 243/125/43 275/126/65 
f 247/127/46 244/124/44 275/126/65 
f 250/128/93 247/127/46 275/126/65 
f 253/129/50 250/128/93 275/126/65 
f 256/130/95 253/129/50 275/126/65 
f 259/131/97 256/130/95 275/126/65 
f 262/132/86 259/131/97 275/126/65 
f 265/133/88 262/132/86 275/126/65 
f 268/134/60 265/133/88 275/126/65 
f 271/135/68 268/134/60 275/126/65 
f 274/136/70 271/135/68 275/126/65 
f 243/125/43 274/136/70 275/126/65 
f 241/137/42 240/138/41 276/139/66 
f 240/138/41 246/140/45 276/139/66 
f 246/140/45 249/141/92 276/139/66 
f 249/141/92 252/142/49 276/139/66 
f 252/142/49 255/143/94 276/139/66 
f 255/143/94 258/144/96 276/139/66 
f 258/144/96 261/145/85 276/139/66 
f 261/145/85 264/146/87 276/139/66 
f 264/146/87 267/147/59 276/139/66 
f 267/147/59 270/148/67 276/139/66 
f 270/148/67 273/149/69 276/139/66 
f 273/149/69 241/137/42 276/139/66 
s 8
f 216/60/29 239/85/29 242/88/30 217/61/30 
f 220/64/31 245/91/31 239/85/29 216/60/29 
f 222/66/72 248/94/72 245/91/31 220/64/31 
f 224/68/91 251/97/91 248/94/72 222/66/72 
f 226/70/34 254/100/34 251/97/91 224/68/91 
f 228/72/73 257/103/73 254/100/34 226/70/34 
f 230/74/36 260/106/36 257/103/73 228/72/73 
f 232/76/37 263/109/37 260/106/36 230/74/36 
f 234/78/38 266/112/38 263/109/37 232/76/37 
f 236/80/39 269/115/39 266/118/38 234/81/38 
f 238/84/40 272/121/40 269/115/39 236/80/39 
f 217/61/30 242/88/30 272/121/40 238/84/40 
f 277/59/29 278/60/29 279/61/30 280/62/30 
f 281/63/31 282/64/31 278/60/29 277/59/29 
f 283/65/32 284/66/32 282/64/31 281/63/31 
f 285/67/33 286/68/91 284/66/32 283/65/32 
f 287/69/34 288/70/34 286/68/91 285/67/33 
f 289/71/35 290/72/35 288/70/34 287/69/34 
f 291/73/36 292/74/36 290/72/35 289/71/35 
f 293/75/37 294/76/37 292/74/36 291/73/36 
f 295/77/74 296/78/74 294/76/37 293/75/37 
f 297/79/39 298/80/39 296/81/74 295/82/74 
f 299/83/40 300/84/40 298/80/39 297/79/39 
f 280/62/30 279/61/30 300/84/40 299/83/40 
f 301/85/29 302/86/41 303/87/42 304/88/30 
f 280/62/30 305/89/43 306/90/44 277/59/29 
f 307/91/31 308/92/45 302/86/41 301/85/29 
f 277/59/29 306/90/44 309/93/46 281/63/31 
f 310/94/32 311/95/98 308/92/45 307/91/31 
f 281/63/31 309/93/46 312/96/99 283/65/32 
f 313/97/91 314/98/79 311/95/98 310/94/32 
f 283/65/32 312/96/99 315/99/80 285/67/33 
f 316/100/34 317/101/81 314/98/79 313/97/91 
f 285/67/33 315/99/80 318/102/82 287/69/34 
f 319/103/35 320/104/53 317/101/81 316/100/34 
f 287/69/34 318/102/82 321/105/54 289/71/35 
f 322/106/36 323/107/85 320/104/53 319/103/35 
f 289/71/35 321/105/54 324/108/86 291/73/36 
f 325/109/37 326/110/87 323/107/85 322/106/36 
f 291/73/36 324/108/86 327/111/88 293/75/37 
f 328/112/74 329/113/89 326/110/87 325/109/37 
f 293/75/37 327/111/88 330/114/90 295/77/74 
f 331/115/39 332/116/67 329/117/89 328/118/74 
f 295/82/74 330/119/90 333/120/68 297/79/39 
f 334/121/40 335/122/69 332/116/67 331/115/39 
f 297/79/39 333/120/68 336/123/70 299/83/40 
f 304/88/30 303/87/42 335/122/69 334/121/40 
f 299/83/40 336/123/70 305/89/43 280/62/30 
s off
f 306/124/44 305/125/43 337/126/65 
f 309/127/46 306/124/44 337/126/65 
f 312/128/99 309/127/46 337/126/65 
f 315/129/80 312/128/99 337/126/65 
f 318/130/82 315/129/80 337/126/65 
f 321/131/54 318/130/82 337/126/65 
f 324/132/86 321/131/54 337/126/65 
f 327/133/88 324/132/86 337/126/65 
f 330/134/90 327/133/88 337/126/65 
f 333/135/68 330/134/90 337/126/65 
f 336/136/70 333/135/68 337/126/65 
f 305/125/43 336/136/70 337/126/65 
f 303/137/42 302/138/41 338/139/66 
f 302/138/41 308/140/45 338/139/66 
f 308/140/45 311/141/98 338/139/66 
f 311/141/98 314/142/79 338/139/66 
f 314/142/79 317/143/81 338/139/66 
f 317/143/81 320/144/53 338/139/66 
f 320/144/53 323/145/85 338/139/66 
f 323/145/85 326/146/87 338/139/66 
f 326/146/87 329/147/89 338/139/66 
f 329/147/89 332/148/67 338/139/66 
f 332/148/67 335/149/69 338/139/66 
f 335/149/69 303/137/42 338/139/66 
s 8
f 278/60/29 301/85/29 304/88/30 279/61/30 
f 282/64/31 307/91/31 301/85/29 278/60/29 
f 284/66/32 310/94/32 307/91/31 282/64/31 
f 286/68/91 313/97/91 310/94/32 284/66/32 
f 288/70/34 316/100/34 313/97/91 286/68/91 
f 290/72/35 319/103/35 316/100/34 288/70/34 
f 292/74/36 322/106/36 319/103/35 290/72/35 
f 294/76/37 325/109/37 322/106/36 292/74/36 
f 296/78/74 328/112/74 325/109/37 294/76/37 
f 298/80/39 331/115/39 328/118/74 296/81/74 
f 300/84/40 334/121/40 331/115/39 298/80/39 
f 279/61/30 304/88/30 334/121/40 300/84/40 
f 339/59/29 340/60/29 341/61/30 342/62/30 
f 343/63/31 344/64/31 340/60/29 339/59/29 
f 345/65/32 346/66/32 344/64/31 343/63/31 
f 347/67/33 348/68/33 346/66/32 345/65/32 
f 349/69/34 350/70/34 348/68/33 347/67/33 
f 351/71/73 352/72/73 350/70/34 349/69/34 
f 353/73/36 354/74/36 352/72/73 351/71/73 
f 355/75/37 356/76/37 354/74/36 353/73/36 
f 357/77/74 358/78/74 356/76/37 355/75/37 
f 359/79/39 360/80/39 358/81/74 357/82/74 
f 361/83/40 362/84/40 360/80/39 359/79/39 
f 342/62/30 341/61/30 362/84/40 361/83/40 
f 363/85/29 364/86/41 365/87/42 366/88/30 
f 342/62/30 367/89/43 368/90/44 339/59/29 
f 369/91/31 370/92/45 364/86/41 363/85/29 
f 339/59/29 368/90/44 371/93/46 343/63/31 
f 372/94/32 373/95/47 370/92/45 369/91/31 
f 343/63/31 371/93/46 374/96/48 345/65/32 
f 375/97/33 376/98/79 373/95/47 372/94/32 
f 345/65/32 374/96/48 377/99/80 347/67/33 
f 378/100/34 379/101/81 376/98/79 375/97/33 
f 347/67/33 377/99/80 380/102/82 349/69/34 
f 381/103/73 382/104/83 379/101/81 378/100/34 
f 349/69/34 380/102/82 383/105/84 351/71/73 
f 384/106/36 385/107/85 382/104/83 381/103/73 
f 351/71/73 383/105/84 386/108/86 353/73/36 
f 387/109/37 388/110/87 385/107/85 384/106/36 
f 353/73/36 386/108/86 389/111/88 355/75/37 
f 390/112/74 391/113/89 388/110/87 387/109/37 
f 355/75/37 389/111/88 392/114/90 357/77/74 
f 393/115/39 394/116/61 391/117/89 390/118/74 
f 357/82/74 392/119/90 395/120/62 359/79/39 
f 396/121/40 397/122/63 394/116/61 393/115/39 
f 359/79/39 395/120/62 398/123/64 361/83/40 
f 366/88/30 365/87/42 397/122/63 396/121/40 
f 361/83/40 398/123/64 367/89/43 342/62/30 
s off
f 368/124/44 367/125/43 399/126/65 
f 371/127/46 368/124/44 399/126/65 
f 374/128/48 371/127/46 399/126/65 
f 377/129/80 374/128/48 399/126/65 
f 380/130/82 377/129/80 399/126/65 
f 383/131/84 380/130/82 399/126/65 
f 386/132/86 383/131/84 399/126/65 
f 389/133/88 386/132/86 399/126/65 
f 392/134/90 389/133/88 399/126/65 
f 395/135/62 392/134/90 399/126/65 
f 398/136/64 395/135/62 399/126/65 
f 367/125/43 398/136/64 399/126/65 
f 365/137/42 364/138/41 400/139/66 
f 364/138/41 370/140/45 400/139/66 
f 370/140/45 373/141/47 400/139/66 
f 373/141/47 376/142/79 400/139/66 
f 376/142/79 379/143/81 400/139/66 
f 379/143/81 382/144/83 400/139/66 
f 382/144/83 385/145/85 400/139/66 
f 385/145/85 388/146/87 400/139/66 
f 388/146/87 391/147/89 400/139/66 
f 391/147/89 394/148/61 400/139/66 
f 394/148/61 397/149/63 400/139/66 
f 397/149/63 365/137/42 400/139/66 
s 8
f 340/60/29 363/85/29 366/88/30 341/61/30 
f 344/64/31 369/91/31 363/85/29 340/60/29 
f 346/66/32 372/94/32 369/91/31 344/64/31 
f 348/68/33 375/97/33 372/94/32 346/66/32 
f 350/70/34 378/100/34 375/97/33 348/68/33 
f 352/72/73 381/103/73 378/100/34 350/70/34 
f 354/74/36 384/106/36 381/103/73 352/72/73 
f 356/76/37 387/109/37 384/106/36 354/74/36 
f 358/78/74 390/112/74 387/109/37 356/76/37 
f 360/80/39 393/115/39 390/118/74 358/81/74 
f 362/84/40 396/121/40 393/115/39 360/80/39 
f 341/61/30 366/88/30 396/121/40 362/84/40 
f 401/59/29 402/60/29 403/61/30 404/62/30 
f 405/63/31 406/64/31 402/60/29 401/59/29 
f 407/65/32 408/66/32 406/64/31 405/63/31 
f 409/67/33 410/68/33 408/66/32 407/65/32 
f 411/69/34 412/70/34 410/68/33 409/67/33 
f 413/71/35 414/72/35 412/70/34 411/69/34 
f 415/73/36 416/74/36 414/72/35 413/71/35 
f 417/75/37 418/76/37 416/74/36 415/73/36 
f 419/77/38 420/78/38 418/76/37 417/75/37 
f 421/79/39 422/80/39 420/81/38 419/82/38 
f 423/83/40 424/84/40 422/80/39 421/79/39 
f 404/62/30 403/61/30 424/84/40 423/83/40 
f 425/85/29 426/86/41 427/87/42 428/88/30 
f 404/62/30 429/89/43 430/90/44 401/59/29 
f 431/91/31 432/92/45 426/86/41 425/85/29 
f 401/59/29 430/90/44 433/93/46 405/63/31 
f 434/94/32 435/95/47 432/92/45 431/91/31 
f 405/63/31 433/93/46 436/96/48 407/65/32 
f 437/97/33 438/98/49 435/95/47 434/94/32 
f 407/65/32 436/96/48 439/99/50 409/67/33 
f 440/100/34 441/101/51 438/98/49 437/97/33 
f 409/67/33 439/99/50 442/102/52 411/69/34 
f 443/103/35 444/104/53 441/101/51 440/100/34 
f 411/69/34 442/102/52 445/105/54 413/71/35 
f 446/106/36 447/107/55 444/104/53 443/103/35 
f 413/71/35 445/105/54 448/108/56 415/73/36 
f 449/109/37 450/110/57 447/107/55 446/106/36 
f 415/73/36 448/108/56 451/111/58 417/75/37 
f 452/112/38 453/113/59 450/110/57 449/109/37 
f 417/75/37 451/111/58 454/114/60 419/77/38 
f 455/115/39 456/116/61 453/117/59 452/118/38 
f 419/82/38 454/119/60 457/120/62 421/79/39 
f 458/121/40 459/122/63 456/116/61 455/115/39 
f 421/79/39 457/120/62 460/123/64 423/83/40 
f 428/88/30 427/87/42 459/122/63 458/121/40 
f 423/83/40 460/123/64 429/89/43 404/62/30 
s off
f 430/124/44 429/125/43 461/126/65 
f 433/127/46 430/124/44 461/126/65 
f 436/128/48 433/127/46 461/126/65 
f 439/129/50 436/128/48 461/126/65 
f 442/130/52 439/129/50 461/126/65 
f 445/131/54 442/130/52 461/126/65 
f 448/132/56 445/131/54 461/126/65 
f 451/133/58 448/132/56 461/126/65 
f 454/134/60 451/133/58 461/126/65 
f 457/135/62 454/134/60 461/126/65 
f 460/136/64 457/135/62 461/126/65 
f 429/125/43 460/136/64 461/126/65 
f 427/137/42 426/138/41 462/139/66 
f 426/138/41 432/140/45 462/139/66 
f 432/140/45 435/141/47 462/139/66 
f 435/141/47 438/142/49 462/139/66 
f 438/142/49 441/143/51 462/139/66 
f 441/143/51 444/144/53 462/139/66 
f 444/144/53 447/145/55 462/139/66 
f 447/145/55 450/146/57 462/139/66 
f 450/146/57 453/147/59 462/139/66 
f 453/147/59 456/148/61 462/139/66 
f 456/148/61 459/149/63 462/139/66 
f 459/149/63 427/137/42 462/139/66 
s 8
f 402/60/29 425/85/29 428/88/30 403/61/30 
f 406/64/31 431/91/31 425/85/29 402/60/29 
f 408/66/32 434/94/32 431/91/31 406/64/31 
f 410/68/33 437/97/33 434/94/32 408/66/32 
f 412/70/34 440/100/34 437/97/33 410/68/33 
f 414/72/35 443/103/35 440/100/34 412/70/34 
f 416/74/36 446/106/36 443/103/35 414/72/35 
f 418/76/37 449/109/37 446/106/36 416/74/36 
f 420/78/38 452/112/38 449/109/37 418/76/37 
f 422/80/39 455/115/39 452/118/38 420/81/38 
f 424/84/40 458/121/40 455/115/39 422/80/39 
f 403/61/30 428/88/30 458/121/40 424/84/40 
f 463/59/29 464/60/29 465/61/30 466/62/30 
f 467/63/31 468/64/31 464/60/29 463/59/29 
f 469/65/32 470/66/32 468/64/31 467/63/31 
f 471/67/33 472/68/33 470/66/32 469/65/32 
f 473/69/34 474/70/100 472/68/33 471/67/33 
f 475/71/73 476/72/35 474/70/100 473/69/34 
f 477/73/36 478/74/36 476/72/35 475/71/73 
f 479/75/37 480/76/37 478/74/36 477/73/36 
f 481/77/38 482/78/38 480/76/37 479/75/37 
f 483/79/39 484/80/39 482/81/38 481/82/38 
f 485/83/40 486/84/40 484/80/39 483/79/39 
f 466/62/30 465/61/30 486/84/40 485/83/40 
f 487/85/29 488/86/101 489/87/42 490/88/30 
f 466/62/30 491/89/43 492/90/102 463/59/29 
f 493/91/31 494/92/103 488/86/101 487/85/29 
f 463/59/29 492/90/102 495/93/104 467/63/31 
f 496/94/32 497/95/47 494/92/103 493/91/31 
f 467/63/31 495/93/104 498/96/48 469/65/32 
f 499/97/33 500/98/49 497/95/47 496/94/32 
f 469/65/32 498/96/48 501/99/50 471/67/33 
f 502/100/100 503/101/94 500/98/49 499/97/33 
f 471/67/33 501/99/50 504/102/95 473/69/34 
f 505/103/73 506/104/83 503/101/94 502/100/100 
f 473/69/34 504/102/95 507/105/84 475/71/73 
f 508/106/36 509/107/55 506/104/83 505/103/73 
f 475/71/73 507/105/84 510/108/56 477/73/36 
f 511/109/37 512/110/57 509/107/55 508/106/36 
f 477/73/36 510/108/56 513/111/58 479/75/37 
f 514/112/38 515/113/59 512/110/57 511/109/37 
f 479/75/37 513/111/58 516/114/60 481/77/38 
f 517/115/39 518/116/61 515/117/59 514/118/38 
f 481/82/38 516/119/60 519/120/62 483/79/39 
f 520/121/40 521/122/63 518/116/61 517/115/39 
f 483/79/39 519/120/62 522/123/64 485/83/40 
f 490/88/30 489/87/42 521/122/63 520/121/40 
f 485/83/40 522/123/64 491/89/43 466/62/30 
s off
f 492/124/102 491/125/43 523/126/65 
f 495/127/104 492/124/102 523/126/65 
f 498/128/48 495/127/104 523/126/65 
f 501/129/50 498/128/48 523/126/65 
f 504/130/95 501/129/50 523/126/65 
f 507/131/84 504/130/95 523/126/65 
f 510/132/56 507/131/84 523/126/65 
f 513/133/58 510/132/56 523/126/65 
f 516/134/60 513/133/58 523/126/65 
f 519/135/62 516/134/60 523/126/65 
f 522/136/64 519/135/62 523/126/65 
f 491/125/43 522/136/64 523/126/65 
f 489/137/42 488/138/101 524/139/66 
f 488/138/101 494/140/103 524/139/66 
f 494/140/103 497/141/47 524/139/66 
f 497/141/47 500/142/49 524/139/66 
f 500/142/49 503/143/94 524/139/66 
f 503/143/94 506/144/83 524/139/66 
f 506/144/83 509/145/55 524/139/66 
f 509/145/55 512/146/57 524/139/66 
f 512/146/57 515/147/59 524/139/66 
f 515/147/59 518/148/61 524/139/66 
f 518/148/61 521/149/63 524/139/66 
f 521/149/63 489/137/42 524/139/66 
s 8
f 464/60/29 487/85/29 490/88/30 465/61/30 
f 468/64/31 493/91/31 487/85/29 464/60/29 
f 470/66/32 496/94/32 493/91/31 468/64/31 
f 472/68/33 499/97/33 496/94/32 470/66/32 
f 474/70/100 502/100/100 499/97/33 472/68/33 
f 476/72/35 505/103/73 502/100/100 474/70/100 
f 478/74/36 508/106/36 505/103/73 476/72/35 
f 480/76/37 511/109/37 508/106/36 478/74/36 
f 482/78/38 514/112/38 511/109/37 480/76/37 
f 484/80/39 517/115/39 514/118/38 482/81/38 
f 486/84/40 520/121/40 517/115/39 484/80/39 
f 465/61/30 490/88/30 520/121/40 486/84/40 
f 525/59/29 526/60/29 527/61/30 528/62/30 
f 529/63/31 530/64/31 526/60/29 525/59/29 
f 531/65/32 532/66/32 530/64/31 529/63/31 
f 533/67/33 534/68/33 532/66/32 531/65/32 
f 535/69/34 536/70/100 534/68/33 533/67/33 
f 537/71/73 538/72/35 536/70/100 535/69/34 
f 539/73/36 540/74/36 538/72/35 537/71/73 
f 541/75/37 542/76/37 540/74/36 539/73/36 
f 543/77/74 544/78/74 542/76/37 541/75/37 
f 545/79/39 546/80/39 544/81/74 543/82/74 
f 547/83/40 548/84/40 546/80/39 545/79/39 
f 528/62/30 527/61/30 548/84/40 547/83/40 
f 549/85/29 550/86/101 551/87/42 552/88/30 
f 528/62/30 553/89/43 554/90/102 525/59/29 
f 555/91/31 556/92/103 550/86/101 549/85/29 
f 525/59/29 554/90/102 557/93/104 529/63/31 
f 558/94/32 559/95/47 556/92/103 555/91/31 
f 529/63/31 557/93/104 560/96/48 531/65/32 
f 561/97/33 562/98/49 559/95/47 558/94/32 
f 531/65/32 560/96/48 563/99/50 533/67/33 
f 564/100/100 565/101/94 562/98/49 561/97/33 
f 533/67/33 563/99/50 566/102/95 535/69/34 
f 567/103/73 568/104/83 565/101/94 564/100/100 
f 535/69/34 566/102/95 569/105/84 537/71/73 
f 570/106/36 571/107/85 568/104/83 567/103/73 
f 537/71/73 569/105/84 572/108/86 539/73/36 
f 573/109/37 574/110/87 571/107/85 570/106/36 
f 539/73/36 572/108/86 575/111/88 541/75/37 
f 576/112/74 577/113/89 574/110/87 573/109/37 
f 541/75/37 575/111/88 578/114/90 543/77/74 
f 579/115/39 580/116/67 577/117/89 576/118/74 
f 543/82/74 578/119/90 581/120/68 545/79/39 
f 582/121/40 583/122/69 580/116/67 579/115/39 
f 545/79/39 581/120/68 584/123/70 547/83/40 
f 552/88/30 551/87/42 583/122/69 582/121/40 
f 547/83/40 584/123/70 553/89/43 528/62/30 
s off
f 554/124/102 553/125/43 585/126/65 
f 557/127/104 554/124/102 585/126/65 
f 560/128/48 557/127/104 585/126/65 
f 563/129/50 560/128/48 585/126/65 
f 566/130/95 563/129/50 585/126/65 
f 569/131/84 566/130/95 585/126/65 
f 572/132/86 569/131/84 585/126/65 
f 575/133/88 572/132/86 585/126/65 
f 578/134/90 575/133/88 585/126/65 
f 581/135/68 578/134/90 585/126/65 
f 584/136/70 581/135/68 585/126/65 
f 553/125/43 584/136/70 585/126/65 
f 551/137/42 550/138/101 586/139/66 
f 550/138/101 556/140/103 586/139/66 
f 556/140/103 559/141/47 586/139/66 
f 559/141/47 562/142/49 586/139/66 
f 562/142/49 565/143/94 586/139/66 
f 565/143/94 568/144/83 586/139/66 
f 568/144/83 571/145/85 586/139/66 
f 571/145/85 574/146/87 586/139/66 
f 574/146/87 577/147/89 586/139/66 
f 577/147/89 580/148/67 586/139/66 
f 580/148/67 583/149/69 586/139/66 
f 583/149/69 551/137/42 586/139/66 
s 8
f 526/60/29 549/85/29 552/88/30 527/61/30 
f 530/64/31 555/91/31 549/85/29 526/60/29 
f 532/66/32 558/94/32 555/91/31 530/64/31 
f 534/68/33 561/97/33 558/94/32 532/66/32 
f 536/70/100 564/100/100 561/97/33 534/68/33 
f 538/72/35 567/103/73 564/100/100 536/70/100 
f 540/74/36 570/106/36 567/103/73 538/72/35 
f 542/76/37 573/109/37 570/106/36 540/74/36 
f 544/78/74 576/112/74 573/109/37 542/76/37 
f 546/80/39 579/115/39 576/118/74 544/81/74 
f 548/84/40 582/121/40 579/115/39 546/80/39 
f 527/61/30 552/88/30 582/121/40 548/84/40 
f 587/59/29 588/60/29 589/61/30 590/62/30 
f 591/63/31 592/64/31 588/60/29 587/59/29 
f 593/65/72 594/66/72 592/64/31 591/63/31 
f 595/67/33 596/68/91 594/66/72 593/65/72 
f 597/69/34 598/70/100 596/68/91 595/67/33 
f 599/71/73 600/72/35 598/70/100 597/69/34 
f 601/73/36 602/74/36 600/72/35 599/71/73 
f 603/75/37 604/76/37 602/74/36 601/73/36 
f 605/77/74 606/78/74 604/76/37 603/75/37 
f 607/79/39 608/80/39 606/81/74 605/82/74 
f 609/83/40 610/84/40 608/80/39 607/79/39 
f 590/62/30 589/61/30 610/84/40 609/83/40 
f 611/85/29 612/86/101 613/87/42 614/88/30 
f 590/62/30 615/89/43 616/90/102 587/59/29 
f 617/91/31 618/92/103 612/86/101 611/85/29 
f 587/59/29 616/90/102 619/93/104 591/63/31 
f 620/94/72 621/95/92 618/92/103 617/91/31 
f 591/63/31 619/93/104 622/96/93 593/65/72 
f 623/97/91 624/98/49 621/95/92 620/94/72 
f 593/65/72 622/96/93 625/99/50 595/67/33 
f 626/100/100 627/101/94 624/98/49 623/97/91 
f 595/67/33 625/99/50 628/102/95 597/69/34 
f 629/103/73 630/104/83 627/101/94 626/100/100 
f 597/69/34 628/102/95 631/105/84 599/71/73 
f 632/106/36 633/107/85 630/104/83 629/103/73 
f 599/71/73 631/105/84 634/108/86 601/73/36 
f 635/109/37 636/110/87 633/107/85 632/106/36 
f 601/73/36 634/108/86 637/111/88 603/75/37 
f 638/112/74 639/113/89 636/110/87 635/109/37 
f 603/75/37 637/111/88 640/114/90 605/77/74 
f 641/115/39 642/116/67 639/117/89 638/118/74 
f 605/82/74 640/119/90 643/120/68 607/79/39 
f 644/121/40 645/122/69 642/116/67 641/115/39 
f 607/79/39 643/120/68 646/123/70 609/83/40 
f 614/88/30 613/87/42 645/122/69 644/121/40 
f 609/83/40 646/123/70 615/89/43 590/62/30 
s off
f 616/124/102 615/125/43 647/126/65 
f 619/127/104 616/124/102 647/126/65 
f 622/128/93 619/127/104 647/126/65 
f 625/129/50 622/128/93 647/126/65 
f 628/130/95 625/129/50 647/126/65 
f 631/131/84 628/130/95 647/126/65 
f 634/132/86 631/131/84 647/126/65 
f 637/133/88 634/132/86 647/126/65 
f 640/134/90 637/133/88 647/126/65 
f 643/135/68 640/134/90 647/126/65 
f 646/136/70 643/135/68 647/126/65 
f 615/125/43 646/136/70 647/126/65 
f 613/137/42 612/138/101 648/139/66 
f 612/138/101 618/140/103 648/139/66 
f 618/140/103 621/141/92 648/139/66 
f 621/141/92 624/142/49 648/139/66 
f 624/142/49 627/143/94 648/139/66 
f 627/143/94 630/144/83 648/139/66 
f 630/144/83 633/145/85 648/139/66 
f 633/145/85 636/146/87 648/139/66 
f 636/146/87 639/147/89 648/139/66 
f 639/147/89 642/148/67 648/139/66 
f 642/148/67 645/149/69 648/139/66 
f 645/149/69 613/137/42 648/139/66 
s 8
f 588/60/29 611/85/29 614/88/30 589/61/30 
f 592/64/31 617/91/31 611/85/29 588/60/29 
f 594/66/72 620/94/72 617/91/31 592/64/31 
f 596/68/91 623/97/91 620/94/72 594/66/72 
f 598/70/100 626/100/100 623/97/91 596/68/91 
f 600/72/35 629/103/73 626/100/100 598/70/100 
f 602/74/36 632/106/36 629/103/73 600/72/35 
f 604/76/37 635/109/37 632/106/36 602/74/36 
f 606/78/74 638/112/74 635/109/37 604/76/37 
f 608/80/39 641/115/39 638/118/74 606/81/74 
f 610/84/40 644/121/40 641/115/39 608/80/39 
f 589/61/30 614/88/30 644/121/40 610/84/40 
f 649/59/29 650/60/29 651/61/30 652/62/30 
f 653/63/31 654/64/31 650/60/29 649/59/29 
f 655/65/32 656/66/32 654/64/31 653/63/31 
f 657/67/33 658/68/91 656/66/32 655/65/32 
f 659/69/34 660/70/100 658/68/91 657/67/33 
f 661/71/73 662/72/73 660/70/100 659/69/34 
f 663/73/36 664/74/36 662/72/73 661/71/73 
f 665/75/37 666/76/37 664/74/36 663/73/36 
f 667/77/38 668/78/38 666/76/37 665/75/37 
f 669/79/39 670/80/39 668/81/38 667/82/38 
f 671/83/40 672/84/40 670/80/39 669/79/39 
f 652/62/30 651/61/30 672/84/40 671/83/40 
f 673/85/29 674/86/101 675/87/42 676/88/30 
f 652/62/30 677/89/43 678/90/102 649/59/29 
f 679/91/31 680/92/103 674/86/101 673/85/29 
f 649/59/29 678/90/102 681/93/104 653/63/31 
f 682/94/32 683/95/47 680/92/103 679/91/31 
f 653/63/31 681/93/104 684/96/48 655/65/32 
f 685/97/91 686/98/49 683/95/47 682/94/32 
f 655/65/32 684/96/48 687/99/50 657/67/33 
f 688/100/100 689/101/51 686/98/49 685/97/91 
f 657/67/33 687/99/50 690/102/52 659/69/34 
f 691/103/73 692/104/96 689/101/51 688/100/100 
f 659/69/34 690/102/52 693/105/97 661/71/73 
f 694/106/36 695/107/85 692/104/96 691/103/73 
f 661/71/73 693/105/97 696/108/86 663/73/36 
f 697/109/37 698/110/87 695/107/85 694/106/36 
f 663/73/36 696/108/86 699/111/88 665/75/37 
f 700/112/38 701/113/59 698/110/87 697/109/37 
f 665/75/37 699/111/88 702/114/60 667/77/38 
f 703/115/39 704/116/67 701/117/59 700/118/38 
f 667/82/38 702/119/60 705/120/68 669/79/39 
f 706/121/40 707/122/69 704/116/67 703/115/39 
f 669/79/39 705/120/68 708/123/70 671/83/40 
f 676/88/30 675/87/42 707/122/69 706/121/40 
f 671/83/40 708/123/70 677/89/43 652/62/30 
s off
f 678/124/102 677/125/43 709/126/65 
f 681/127/104 678/124/102 709/126/65 
f 684/128/48 681/127/104 709/126/65 
f 687/129/50 684/128/48 709/126/65 
f 690/130/52 687/129/50 709/126/65 
f 693/131/97 690/130/52 709/126/65 
f 696/132/86 693/131/97 709/126/65 
f 699/133/88 696/132/86 709/126/65 
f 702/134/60 699/133/88 709/126/65 
f 705/135/68 702/134/60 709/126/65 
f 708/136/70 705/135/68 709/126/65 
f 677/125/43 708/136/70 709/126/65 
f 675/137/42 674/138/101 710/139/66 
f 674/138/101 680/140/103 710/139/66 
f 680/140/103 683/141/47 710/139/66 
f 683/141/47 686/142/49 710/139/66 
f 686/142/49 689/143/51 710/139/66 
f 689/143/51 692/144/96 710/139/66 
f 692/144/96 695/145/85 710/139/66 
f 695/145/85 698/146/87 710/139/66 
f 698/146/87 701/147/59 710/139/66 
f 701/147/59 704/148/67 710/139/66 
f 704/148/67 707/149/69 710/139/66 
f 707/149/69 675/137/42 710/139/66 
s 8
f 650/60/29 673/85/29 676/88/30 651/61/30 
f 654/64/31 679/91/31 673/85/29 650/60/29 
f 656/66/32 682/94/32 679/91/31 654/64/31 
f 658/68/91 685/97/91 682/94/32 656/66/32 
f 660/70/100 688/100/100 685/97/91 658/68/91 
f 662/72/73 691/103/73 688/100/100 660/70/100 
f 664/74/36 694/106/36 691/103/73 662/72/73 
f 666/76/37 697/109/37 694/106/36 664/74/36 
f 668/78/38 700/112/38 697/109/37 666/76/37 
f 670/80/39 703/115/39 700/118/38 668/81/38 
f 672/84/40 706/121/40 703/115/39 670/80/39 
f 651/61/30 676/88/30 706/121/40 672/84/40 
f 711/59/29 712/60/29 713/61/30 714/62/30 
f 715/63/31 716/64/31 712/60/29 711/59/29 
f 717/65/32 718/66/32 716/64/31 715/63/31 
f 719/67/33 720/68/33 718/66/32 717/65/32 
f 721/69/34 722/70/100 720/68/33 719/67/33 
f 723/71/73 724/72/35 722/70/100 721/69/34 
f 725/73/36 726/74/36 724/72/35 723/71/73 
f 727/75/37 728/76/37 726/74/36 725/73/36 
f 729/77/74 730/78/74 728/76/37 727/75/37 
f 731/79/39 732/80/39 730/81/74 729/82/74 
f 733/83/40 734/84/40 732/80/39 731/79/39 
f 714/62/30 713/61/30 734/84/40 733/83/40 
f 735/85/29 736/86/101 737/87/42 738/88/30 
f 714/62/30 739/89/43 740/90/102 711/59/29 
f 741/91/31 742/92/103 736/86/101 735/85/29 
f 711/59/29 740/90/102 743/93/104 715/63/31 
f 744/94/32 745/95/47 742/92/103 741/91/31 
f 715/63/31 743/93/104 746/96/48 717/65/32 
f 747/97/33 748/98/49 745/95/47 744/94/32 
f 717/65/32 746/96/48 749/99/50 719/67/33 
f 750/100/100 751/101/94 748/98/49 747/97/33 
f 719/67/33 749/99/50 752/102/95 721/69/34 
f 753/103/73 754/104/83 751/101/94 750/100/100 
f 721/69/34 752/102/95 755/105/84 723/71/73 
f 756/106/36 757/107/85 754/104/83 753/103/73 
f 723/71/73 755/105/84 758/108/86 725/73/36 
f 759/109/37 760/110/87 757/107/85 756/106/36 
f 725/73/36 758/108/86 761/111/88 727/75/37 
f 762/112/74 763/113/89 760/110/87 759/109/37 
f 727/75/37 761/111/88 764/114/90 729/77/74 
f 765/115/39 766/116/67 763/117/89 762/118/74 
f 729/82/74 764/119/90 767/120/68 731/79/39 
f 768/121/40 769/122/69 766/116/67 765/115/39 
f 731/79/39 767/120/68 770/123/70 733/83/40 
f 738/88/30 737/87/42 769/122/69 768/121/40 
f 733/83/40 770/123/70 739/89/43 714/62/30 
s off
f 740/124/102 739/125/43 771/126/65 
f 743/127/104 740/124/102 771/126/65 
f 746/128/48 743/127/104 771/126/65 
f 749/129/50 746/128/48 771/126/65 
f 752/130/95 749/129/50 771/126/65 
f 755/131/84 752/130/95 771/126/65 
f 758/132/86 755/131/84 771/126/65 
f 761/133/88 758/132/86 771/126/65 
f 764/134/90 761/133/88 771/126/65 
f 767/135/68 764/134/90 771/126/65 
f 770/136/70 767/135/68 771/126/65 
f 739/125/43 770/136/70 771/126/65 
f 737/137/42 736/138/101 772/139/66 
f 736/138/101 742/140/103 772/139/66 
f 742/140/103 745/141/47 772/139/66 
f 745/141/47 748/142/49 772/139/66 
f 748/142/49 751/143/94 772/139/66 
f 751/143/94 754/144/83 772/139/66 
f 754/144/83 757/145/85 772/139/66 
f 757/145/85 760/146/87 772/139/66 
f 760/146/87 763/147/89 772/139/66 
f 763/147/89 766/148/67 772/139/66 
f 766/148/67 769/149/69 772/139/66 
f 769/149/69 737/137/42 772/139/66 
s 8
f 712/60/29 735/85/29 738/88/30 713/61/30 
f 716/64/31 741/91/31 735/85/29 712/60/29 
f 718/66/32 744/94/32 741/91/31 716/64/31 
f 720/68/33 747/97/33 744/94/32 718/66/32 
f 722/70/100 750/100/100 747/97/33 720/68/33 
f 724/72/35 753/103/73 750/100/100 722/70/100 
f 726/74/36 756/106/36 753/103/73 724/72/35 
f 728/76/37 759/109/37 756/106/36 726/74/36 
f 730/78/74 762/112/74 759/109/37 728/76/37 
f 732/80/39 765/115/39 762/118/74 730/81/74 
f 734/84/40 768/121/40 765/115/39 732/80/39 
f 713/61/30 738/88/30 768/121/40 734/84/40 
f 773/59/29 774/60/29 775/61/30 776/62/30 
f 777/63/31 778/64/31 774/60/29 773/59/29 
f 779/65/32 780/66/32 778/64/31 777/63/31 
f 781/67/33 782/68/33 780/66/32 779/65/32 
f 783/69/34 784/70/100 782/68/33 781/67/33 
f 785/71/73 786/72/35 784/70/100 783/69/34 
f 787/73/36 788/74/36 786/72/35 785/71/73 
f 789/75/37 790/76/37 788/74/36 787/73/36 
f 791/77/38 792/78/38 790/76/37 789/75/37 
f 793/79/39 794/80/39 792/81/38 791/82/38 
f 795/83/40 796/84/40 794/80/39 793/79/39 
f 776/62/30 775/61/30 796/84/40 795/83/40 
f 797/85/29 798/86/101 799/87/42 800/88/30 
f 776/62/30 801/89/43 802/90/102 773/59/29 
f 803/91/31 804/92/103 798/86/101 797/85/29 
f 773/59/29 802/90/102 805/93/104 777/63/31 
f 806/94/32 807/95/47 804/92/103 803/91/31 
f 777/63/31 805/93/104 808/96/48 779/65/32 
f 809/97/33 810/98/49 807/95/47 806/94/32 
f 779/65/32 808/96/48 811/99/50 781/67/33 
f 812/100/100 813/101/94 810/98/49 809/97/33 
f 781/67/33 811/99/50 814/102/95 783/69/34 
f 815/103/73 816/104/83 813/101/94 812/100/100 
f 783/69/34 814/102/95 817/105/84 785/71/73 
f 818/106/36 819/107/55 816/104/83 815/103/73 
f 785/71/73 817/105/84 820/108/56 787/73/36 
f 821/109/37 822/110/57 819/107/55 818/106/36 
f 787/73/36 820/108/56 823/111/58 789/75/37 
f 824/112/38 825/113/59 822/110/57 821/109/37 
f 789/75/37 823/111/58 826/114/60 791/77/38 
f 827/115/39 828/116/61 825/117/59 824/118/38 
f 791/82/38 826/119/60 829/120/62 793/79/39 
f 830/121/40 831/122/63 828/116/61 827/115/39 
f 793/79/39 829/120/62 832/123/64 795/83/40 
f 800/88/30 799/87/42 831/122/63 830/121/40 
f 795/83/40 832/123/64 801/89/43 776/62/30 
s off
f 802/124/102 801/125/43 833/126/65 
f 805/127/104 802/124/102 833/126/65 
f 808/128/48 805/127/104 833/126/65 
f 811/129/50 808/128/48 833/126/65 
f 814/130/95 811/129/50 833/126/65 
f 817/131/84 814/130/95 833/126/65 
f 820/132/56 817/131/84 833/126/65 
f 823/133/58 820/132/56 833/126/65 
f 826/134/60 823/133/58 833/126/65 
f 829/135/62 826/134/60 833/126/65 
f 832/136/64 829/135/62 833/126/65 
f 801/125/43 832/136/64 833/126/65 
f 799/137/42 798/138/101 834/139/66 
f 798/138/101 804/140/103 834/139/66 
f 804/140/103 807/141/47 834/139/66 
f 807/141/47 810/142/49 834/139/66 
f 810/142/49 813/143/94 834/139/66 
f 813/143/94 816/144/83 834/139/66 
f 816/144/83 819/145/55 834/139/66 
f 819/145/55 822/146/57 834/139/66 
f 822/146/57 825/147/59 834/139/66 
f 825/147/59 828/148/61 834/139/66 
f 828/148/61 831/149/63 834/139/66 
f 831/149/63 799/137/42 834/139/66 
s 8
f 774/60/29 797/85/29 800/88/30 775/61/30 
f 778/64/31 803/91/31 797/85/29 774/60/29 
f 780/66/32 806/94/32 803/91/31 778/64/31 
f 782/68/33 809/97/33 806/94/32 780/66/32 
f 784/70/100 812/100/100 809/97/33 782/68/33 
f 786/72/35 815/103/73 812/100/100 784/70/100 
f 788/74/36 818/106/36 815/103/73 786/72/35 
f 790/76/37 821/109/37 818/106/36 788/74/36 
f 792/78/38 824/112/38 821/109/37 790/76/37 
f 794/80/39 827/115/39 824/118/38 792/81/38 
f 796/84/40 830/121/40 827/115/39 794/80/39 
f 775/61/30 800/88/30 830/121/40 796/84/40 
f 835/59/105 836/60/105 837/61/106 838/62/106 
f 839/63/107 840/64/107 836/60/105 835/59/105 
f 841/65/108 842/66/32 840/64/107 839/63/107 
f 843/67/109 844/68/109 842/66/32 841/65/108 
f 845/69/110 846/70/110 844/68/109 843/67/109 
f 847/71/111 848/72/111 846/70/110 845/69/110 
f 849/73/112 850/74/112 848/72/111 847/71/111 
f 851/75/113 852/76/113 850/74/112 849/73/112 
f 853/77/38 854/78/38 852/76/113 851/75/113 
f 855/79/114 856/80/114 854/81/38 853/82/38 
f 857/83/115 858/84/115 856/80/114 855/79/114 
f 838/62/106 837/61/106 858/84/115 857/83/115 
f 859/85/105 860/86/116 861/87/117 862/88/106 
f 838/62/106 863/89/118 864/90/119 835/59/105 
f 865/91/107 866/92/120 860/86/116 859/85/105 
f 835/59/105 864/90/119 867/93/121 839/63/107 
f 868/94/32 869/95/122 866/92/120 865/91/107 
f 839/63/107 867/93/121 870/96/123 841/65/108 
f 871/97/109 872/98/124 869/95/122 868/94/32 
f 841/65/108 870/96/123 873/99/125 843/67/109 
f 874/100/110 875/101/126 872/98/124 871/97/109 
f 843/67/109 873/99/125 876/102/127 845/69/110 
f 877/103/111 878/104/128 875/101/126 874/100/110 
f 845/69/110 876/102/127 879/105/129 847/71/111 
f 880/106/112 881/107/130 878/104/128 877/103/111 
f 847/71/111 879/105/129 882/108/131 849/73/112 
f 883/109/113 884/110/132 881/107/130 880/106/112 
f 849/73/112 882/108/131 885/111/133 851/75/113 
f 886/112/134 887/113/135 884/110/132 883/109/113 
f 851/75/113 885/111/133 888/114/136 853/77/38 
f 889/115/114 890/116/137 887/117/135 886/118/134 
f 853/82/38 888/119/136 891/120/138 855/79/114 
f 892/121/115 893/122/139 890/116/137 889/115/114 
f 855/79/114 891/120/138 894/123/140 857/83/115 
f 862/88/106 861/87/117 893/122/139 892/121/115 
f 857/83/115 894/123/140 863/89/118 838/62/106 
s off
f 864/124/119 863/125/118 895/126/141 
f 867/127/121 864/124/119 895/126/141 
f 870/128/123 867/127/121 895/126/141 
f 873/129/125 870/128/123 895/126/141 
f 876/130/127 873/129/125 895/126/141 
f 879/131/129 876/130/127 895/126/141 
f 882/132/131 879/131/129 895/126/141 
f 885/133/133 882/132/131 895/126/141 
f 888/134/136 885/133/133 895/126/141 
f 891/135/138 888/134/136 895/126/141 
f 894/136/140 891/135/138 895/126/141 
f 863/125/118 894/136/140 895/126/141 
f 861/137/117 860/138/116 896/139/142 
f 860/138/116 866/140/120 896/139/142 
f 866/140/120 869/141/122 896/139/142 
f 869/141/122 872/142/124 896/139/142 
f 872/142/124 875/143/126 896/139/142 
f 875/143/126 878/144/128 896/139/142 
f 878/144/128 881/145/130 896/139/142 
f 881/145/130 884/146/132 896/139/142 
f 884/146/132 887/147/135 896/139/142 
f 887/147/135 890/148/137 896/139/142 
f 890/148/137 893/149/139 896/139/142 
f 893/149/139 861/137/117 896/139/142 
s 8
f 836/60/105 859/85/105 862/88/106 837/61/106 
f 840/64/107 865/91/107 859/85/105 836/60/105 
f 842/66/32 868/94/32 865/91/107 840/64/107 
f 844/68/109 871/97/109 868/94/32 842/66/32 
f 846/70/110 874/100/110 871/97/109 844/68/109 
f 848/72/111 877/103/111 874/100/110 846/70/110 
f 850/74/112 880/106/112 877/103/111 848/72/111 
f 852/76/113 883/109/113 880/106/112 850/74/112 
f 854/78/38 886/112/134 883/109/113 852/76/113 
f 856/80/114 889/115/114 886/118/134 854/81/38 
f 858/84/115 892/121/115 889/115/114 856/80/114 
f 837/61/106 862/88/106 892/121/115 858/84/115 
f 897/59/29 898/60/29 899/61/71 900/62/71 
f 901/63/31 902/64/31 898/60/29 897/59/29 
f 903/65/72 904/66/72 902/64/31 901/63/31 
f 905/67/33 906/68/33 904/66/72 903/65/72 
f 907/69/34 908/70/100 906/68/33 905/67/33 
f 909/71/73 910/72/35 908/70/100 907/69/34 
f 911/73/36 912/74/36 910/72/35 909/71/73 
f 913/75/37 914/76/37 912/74/36 911/73/36 
f 915/77/74 916/78/74 914/76/37 913/75/37 
f 917/79/39 918/80/39 916/81/74 915/82/74 
f 919/83/40 920/84/40 918/80/39 917/79/39 
f 900/62/71 899/61/71 920/84/40 919/83/40 
f 921/85/29 922/86/101 923/87/143 924/88/71 
f 900/62/71 925/89/144 926/90/102 897/59/29 
f 927/91/31 928/92/103 922/86/101 921/85/29 
f 897/59/29 926/90/102 929/93/104 901/63/31 
f 930/94/72 931/95/92 928/92/103 927/91/31 
f 901/63/31 929/93/104 932/96/93 903/65/72 
f 933/97/33 934/98/79 931/95/92 930/94/72 
f 903/65/72 932/96/93 935/99/80 905/67/33 
f 936/100/100 937/101/81 934/98/79 933/97/33 
f 905/67/33 935/99/80 938/102/82 907/69/34 
f 939/103/73 940/104/83 937/101/81 936/100/100 
f 907/69/34 938/102/82 941/105/84 909/71/73 
f 942/106/36 943/107/85 940/104/83 939/103/73 
f 909/71/73 941/105/84 944/108/86 911/73/36 
f 945/109/37 946/110/87 943/107/85 942/106/36 
f 911/73/36 944/108/86 947/111/88 913/75/37 
f 948/112/74 949/113/89 946/110/87 945/109/37 
f 913/75/37 947/111/88 950/114/90 915/77/74 
f 951/115/39 952/116/67 949/117/89 948/118/74 
f 915/82/74 950/119/90 953/120/68 917/79/39 
f 954/121/40 955/122/69 952/116/67 951/115/39 
f 917/79/39 953/120/68 956/123/70 919/83/40 
f 924/88/71 923/87/143 955/122/69 954/121/40 
f 919/83/40 956/123/70 925/89/144 900/62/71 
s off
f 926/124/102 925/125/144 957/126/65 
f 929/127/104 926/124/102 957/126/65 
f 932/128/93 929/127/104 957/126/65 
f 935/129/80 932/128/93 957/126/65 
f 938/130/82 935/129/80 957/126/65 
f 941/131/84 938/130/82 957/126/65 
f 944/132/86 941/131/84 957/126/65 
f 947/133/88 944/132/86 957/126/65 
f 950/134/90 947/133/88 957/126/65 
f 953/135/68 950/134/90 957/126/65 
f 956/136/70 953/135/68 957/126/65 
f 925/125/144 956/136/70 957/126/65 
f 923/137/143 922/138/101 958/139/66 
f 922/138/101 928/140/103 958/139/66 
f 928/140/103 931/141/92 958/139/66 
f 931/141/92 934/142/79 958/139/66 
f 934/142/79 937/143/81 958/139/66 
f 937/143/81 940/144/83 958/139/66 
f 940/144/83 943/145/85 958/139/66 
f 943/145/85 946/146/87 958/139/66 
f 946/146/87 949/147/89 958/139/66 
f 949/147/89 952/148/67 958/139/66 
f 952/148/67 955/149/69 958/139/66 
f 955/149/69 923/137/143 958/139/66 
s 8
f 898/60/29 921/85/29 924/88/71 899/61/71 
f 902/64/31 927/91/31 921/85/29 898/60/29 
f 904/66/72 930/94/72 927/91/31 902/64/31 
f 906/68/33 933/97/33 930/94/72 904/66/72 
f 908/70/100 936/100/100 933/97/33 906/68/33 
f 910/72/35 939/103/73 936/100/100 908/70/100 
f 912/74/36 942/106/36 939/103/73 910/72/35 
f 914/76/37 945/109/37 942/106/36 912/74/36 
f 916/78/74 948/112/74 945/109/37 914/76/37 
f 918/80/39 951/115/39 948/118/74 916/81/74 
f 920/84/40 954/121/40 951/115/39 918/80/39 
f 899/61/71 924/88/71 954/121/40 920/84/40 
f 959/59/145 960/60/145 961/61/146 962/62/146 
f 963/63/147 964/64/147 960/60/145 959/59/145 
f 965/65/148 966/66/148 964/64/147 963/63/147 
f 967/67/149 968/68/149 966/66/148 965/65/148 
f 969/69/150 970/70/151 968/68/149 967/67/149 
f 971/71/152 972/72/152 970/70/151 969/69/150 
f 973/73/153 974/74/153 972/72/152 971/71/152 
f 975/75/154 976/76/154 974/74/153 973/73/153 
f 977/77/155 978/78/155 976/76/154 975/75/154 
f 979/79/156 980/80/156 978/81/155 977/82/155 
f 981/83/157 982/84/157 980/80/156 979/79/156 
f 962/62/146 961/61/146 982/84/157 981/83/157 
f 983/85/145 984/86/158 985/87/159 986/88/146 
f 962/62/146 987/89/160 988/90/161 959/59/145 
f 989/91/147 990/92/162 984/86/158 983/85/145 
f 959/59/145 988/90/161 991/93/163 963/63/147 
f 992/94/148 993/95/164 990/92/162 989/91/147 
f 963/63/147 991/93/163 994/96/165 965/65/148 
f 995/97/149 996/98/166 993/95/164 992/94/148 
f 965/65/148 994/96/165 997/99/167 967/67/149 
f 998/100/151 999/101/168 996/98/166 995/97/149 
f 967/67/149 997/99/167 1000/102/169 969/69/150 
f 1001/103/152 1002/104/170 999/101/168 998/100/151 
f 969/69/150 1000/102/169 1003/105/171 971/71/152 
f 1004/106/153 1005/107/172 1002/104/170 1001/103/152 
f 971/71/152 1003/105/171 1006/108/173 973/73/153 
f 1007/109/154 1008/110/174 1005/107/172 1004/106/153 
f 973/73/153 1006/108/173 1009/111/175 975/75/154 
f 1010/112/155 1011/113/176 1008/110/174 1007/109/154 
f 975/75/154 1009/111/175 1012/114/177 977/77/155 
f 1013/115/156 1014/116/178 1011/117/176 1010/118/155 
f 977/82/155 1012/119/177 1015/120/179 979/79/156 
f 1016/121/157 1017/122/180 1014/116/178 1013/115/156 
f 979/79/156 1015/120/179 1018/123/181 981/83/157 
f 986/88/146 985/87/159 1017/122/180 1016/121/157 
f 981/83/157 1018/123/181 987/89/160 962/62/146 
s off
f 988/124/161 987/125/160 1019/126/65 
f 991/127/163 988/124/161 1019/126/65 
f 994/128/165 991/127/163 1019/126/65 
f 997/129/167 994/128/165 1019/126/65 
f 1000/130/169 997/129/167 1019/126/65 
f 1003/131/171 1000/130/169 1019/126/65 
f 1006/132/173 1003/131/171 1019/126/65 
f 1009/133/175 1006/132/173 1019/126/65 
f 1012/134/177 1009/133/175 1019/126/65 
f 1015/135/179 1012/134/177 1019/126/65 
f 1018/136/181 1015/135/179 1019/126/65 
f 987/125/160 1018/136/181 1019/126/65 
f 985/137/159 984/138/158 1020/139/66 
f 984/138/158 990/140/162 1020/139/66 
f 990/140/162 993/141/164 1020/139/66 
f 993/141/164 996/142/166 1020/139/66 
f 996/142/166 999/143/168 1020/139/66 
f 999/143/168 1002/144/170 1020/139/66 
f 1002/144/170 1005/145/172 1020/139/66 
f 1005/145/172 1008/146/174 1020/139/66 
f 1008/146/174 1011/147/176 1020/139/66 
f 1011/147/176 1014/148/178 1020/139/66 
f 1014/148/178 1017/149/180 1020/139/66 
f 1017/149/180 985/137/159 1020/139/66 
s 8
f 960/60/145 983/85/145 986/88/146 961/61/146 
f 964/64/147 989/91/147 983/85/145 960/60/145 
f 966/66/148 992/94/148 989/91/147 964/64/147 
f 968/68/149 995/97/149 992/94/148 966/66/148 
f 970/70/151 998/100/151 995/97/149 968/68/149 
f 972/72/152 1001/103/152 998/100/151 970/70/151 
f 974/74/153 1004/106/153 1001/103/152 972/72/152 
f 976/76/154 1007/109/154 1004/106/153 974/74/153 
f 978/78/155 1010/112/155 1007/109/154 976/76/154 
f 980/80/156 1013/115/156 1010/118/155 978/81/155 
f 982/84/157 1016/121/157 1013/115/156 980/80/156 
f 961/61/146 986/88/146 1016/121/157 982/84/157 
f 1021/59/34 1022/60/34 1023/61/35 1024/62/35 
f 1025/63/33 1026/64/33 1022/60/34 1021/59/34 
f 1027/65/32 1028/66/32 1026/64/33 1025/63/33 
f 1029/67/182 1030/68/182 1028/66/32 1027/65/32 
f 1031/69/183 1032/70/183 1030/68/182 1029/67/182 
f 1033/71/184 1034/72/184 1032/70/183 1031/69/183 
f 1035/73/185 1036/74/185 1034/72/184 1033/71/184 
f 1037/75/186 1038/76/186 1036/74/185 1035/73/185 
f 1039/77/74 1040/78/134 1038/76/186 1037/75/186 
f 1041/79/37 1042/80/37 1040/81/134 1039/82/74 
f 1043/83/36 1044/84/36 1042/80/37 1041/79/37 
f 1024/62/35 1023/61/35 1044/84/36 1043/83/36 
f 1045/85/34 1046/86/82 1047/87/187 1048/88/35 
f 1024/62/35 1049/89/188 1050/90/94 1021/59/34 
f 1051/91/33 1052/92/50 1046/86/82 1045/85/34 
f 1021/59/34 1050/90/94 1053/93/49 1025/63/33 
f 1054/94/108 1055/95/48 1052/92/50 1051/91/33 
f 1025/63/33 1053/93/49 1056/96/47 1027/65/32 
f 1057/97/182 1058/98/46 1055/95/48 1054/94/108 
f 1027/65/32 1056/96/47 1059/99/45 1029/67/182 
f 1060/100/183 1061/101/44 1058/98/46 1057/97/182 
f 1029/67/182 1059/99/45 1062/102/41 1031/69/183 
f 1063/103/184 1064/104/189 1061/101/44 1060/100/183 
f 1031/69/183 1062/102/41 1065/105/190 1033/71/184 
f 1066/106/185 1067/107/70 1064/104/189 1063/103/184 
f 1033/71/184 1065/105/190 1068/108/69 1035/73/185 
f 1069/109/186 1070/110/191 1067/107/70 1066/106/185 
f 1035/73/185 1068/108/69 1071/111/67 1037/75/186 
f 1072/112/134 1073/113/192 1070/110/191 1069/109/186 
f 1037/75/186 1071/111/67 1074/114/193 1039/77/74 
f 1075/115/37 1076/116/58 1073/117/192 1072/118/134 
f 1039/82/74 1074/119/193 1077/120/87 1041/79/37 
f 1078/121/36 1079/122/56 1076/116/58 1075/115/37 
f 1041/79/37 1077/120/87 1080/123/55 1043/83/36 
f 1048/88/35 1047/87/187 1079/122/56 1078/121/36 
f 1043/83/36 1080/123/55 1049/89/188 1024/62/35 
s off
f 1050/124/94 1049/125/188 1081/126/66 
f 1053/127/49 1050/124/94 1081/126/66 
f 1056/128/47 1053/127/49 1081/126/66 
f 1059/129/45 1056/128/47 1081/126/66 
f 1062/130/41 1059/129/45 1081/126/66 
f 1065/131/190 1062/130/41 1081/126/66 
f 1068/132/69 1065/131/190 1081/126/66 
f 1071/133/67 1068/132/69 1081/126/66 
f 1074/134/193 1071/133/67 1081/126/66 
f 1077/135/87 1074/134/193 1081/126/66 
f 1080/136/55 1077/135/87 1081/126/66 
f 1049/125/188 1080/136/55 1081/126/66 
f 1047/137/187 1046/138/82 1082/139/65 
f 1046/138/82 1052/140/50 1082/139/65 
f 1052/140/50 1055/141/48 1082/139/65 
f 1055/141/48 1058/142/46 1082/139/65 
f 1058/142/46 1061/143/44 1082/139/65 
f 1061/143/44 1064/144/189 1082/139/65 
f 1064/144/189 1067/145/70 1082/139/65 
f 1067/145/70 1070/146/191 1082/139/65 
f 1070/146/191 1073/147/192 1082/139/65 
f 1073/147/192 1076/148/58 1082/139/65 
f 1076/148/58 1079/149/56 1082/139/65 
f 1079/149/56 1047/137/187 1082/139/65 
s 8
f 1022/60/34 1045/85/34 1048/88/35 1023/61/35 
f 1026/64/33 1051/91/33 1045/85/34 1022/60/34 
f 1028/66/32 1054/94/108 1051/91/33 1026/64/33 
f 1030/68/182 1057/97/182 1054/94/108 1028/66/32 
f 1032/70/183 1060/100/183 1057/97/182 1030/68/182 
f 1034/72/184 1063/103/184 1060/100/183 1032/70/183 
f 1036/74/185 1066/106/185 1063/103/184 1034/72/184 
f 1038/76/186 1069/109/186 1066/106/185 1036/74/185 
f 1040/78/134 1072/112/134 1069/109/186 1038/76/186 
f 1042/80/37 1075/115/37 1072/118/134 1040/81/134 
f 1044/84/36 1078/121/36 1075/115/37 1042/80/37 
f 1023/61/35 1048/88/35 1078/121/36 1044/84/36 
f 1083/59/29 1084/60/29 1085/61/71 1086/62/71 
f 1087/63/31 1088/64/31 1084/60/29 1083/59/29 
f 1089/65/32 1090/66/32 1088/64/31 1087/63/31 
f 1091/67/33 1092/68/33 1090/66/32 1089/65/32 
f 1093/69/34 1094/70/100 1092/68/33 1091/67/33 
f 1095/71/73 1096/72/35 1094/70/100 1093/69/34 
f 1097/73/36 1098/74/36 1096/72/35 1095/71/73 
f 1099/75/37 1100/76/37 1098/74/36 1097/73/36 
f 1101/77/74 1102/78/74 1100/76/37 1099/75/37 
f 1103/79/39 1104/80/39 1102/81/74 1101/82/74 
f 1105/83/40 1106/84/40 1104/80/39 1103/79/39 
f 1086/62/71 1085/61/71 1106/84/40 1105/83/40 
f 1107/85/29 1108/86/101 1109/87/143 1110/88/71 
f 1086/62/71 1111/89/144 1112/90/102 1083/59/29 
f 1113/91/31 1114/92/103 1108/86/101 1107/85/29 
f 1083/59/29 1112/90/102 1115/93/104 1087/63/31 
f 1116/94/32 1117/95/47 1114/92/103 1113/91/31 
f 1087/63/31 1115/93/104 1118/96/48 1089/65/32 
f 1119/97/33 1120/98/79 1117/95/47 1116/94/32 
f 1089/65/32 1118/96/48 1121/99/80 1091/67/33 
f 1122/100/100 1123/101/81 1120/98/79 1119/97/33 
f 1091/67/33 1121/99/80 1124/102/82 1093/69/34 
f 1125/103/73 1126/104/83 1123/101/81 1122/100/100 
f 1093/69/34 1124/102/82 1127/105/84 1095/71/73 
f 1128/106/36 1129/107/85 1126/104/83 1125/103/73 
f 1095/71/73 1127/105/84 1130/108/86 1097/73/36 
f 1131/109/37 1132/110/87 1129/107/85 1128/106/36 
f 1097/73/36 1130/108/86 1133/111/88 1099/75/37 
f 1134/112/74 1135/113/89 1132/110/87 1131/109/37 
f 1099/75/37 1133/111/88 1136/114/90 1101/77/74 
f 1137/115/39 1138/116/67 1135/117/89 1134/118/74 
f 1101/82/74 1136/119/90 1139/120/68 1103/79/39 
f 1140/121/40 1141/122/69 1138/116/67 1137/115/39 
f 1103/79/39 1139/120/68 1142/123/70 1105/83/40 
f 1110/88/71 1109/87/143 1141/122/69 1140/121/40 
f 1105/83/40 1142/123/70 1111/89/144 1086/62/71 
s off
f 1112/124/102 1111/125/144 1143/126/65 
f 1115/127/104 1112/124/102 1143/126/65 
f 1118/128/48 1115/127/104 1143/126/65 
f 1121/129/80 1118/128/48 1143/126/65 
f 1124/130/82 1121/129/80 1143/126/65 
f 1127/131/84 1124/130/82 1143/126/65 
f 1130/132/86 1127/131/84 1143/126/65 
f 1133/133/88 1130/132/86 1143/126/65 
f 1136/134/90 1133/133/88 1143/126/65 
f 1139/135/68 1136/134/90 1143/126/65 
f 1142/136/70 1139/135/68 1143/126/65 
f 1111/125/144 1142/136/70 1143/126/65 
f 1109/137/143 1108/138/101 1144/139/66 
f 1108/138/101 1114/140/103 1144/139/66 
f 1114/140/103 1117/141/47 1144/139/66 
f 1117/141/47 1120/142/79 1144/139/66 
f 1120/142/79 1123/143/81 1144/139/66 
f 1123/143/81 1126/144/83 1144/139/66 
f 1126/144/83 1129/145/85 1144/139/66 
f 1129/145/85 1132/146/87 1144/139/66 
f 1132/146/87 1135/147/89 1144/139/66 
f 1135/147/89 1138/148/67 1144/139/66 
f 1138/148/67 1141/149/69 1144/139/66 
f 1141/149/69 1109/137/143 1144/139/66 
s 8
f 1084/60/29 1107/85/29 1110/88/71 1085/61/71 
f 1088/64/31 1113/91/31 1107/85/29 1084/60/29 
f 1090/66/32 1116/94/32 1113/91/31 1088/64/31 
f 1092/68/33 1119/97/33 1116/94/32 1090/66/32 
f 1094/70/100 1122/100/100 1119/97/33 1092/68/33 
f 1096/72/35 1125/103/73 1122/100/100 1094/70/100 
f 1098/74/36 1128/106/36 1125/103/73 1096/72/35 
f 1100/76/37 1131/109/37 1128/106/36 1098/74/36 
f 1102/78/74 1134/112/74 1131/109/37 1100/76/37 
f 1104/80/39 1137/115/39 1134/118/74 1102/81/74 
f 1106/84/40 1140/121/40 1137/115/39 1104/80/39 
f 1085/61/71 1110/88/71 1140/121/40 1106/84/40 
f 1145/59/29 1146/60/29 1147/61/71 1148/62/71 
f 1149/63/31 1150/64/31 1146/60/29 1145/59/29 
f 1151/65/32 1152/66/32 1150/64/31 1149/63/31 
f 1153/67/33 1154/68/33 1152/66/32 1151/65/32 
f 1155/69/34 1156/70/194 1154/68/33 1153/67/33 
f 1157/71/73 1158/72/35 1156/70/194 1155/69/34 
f 1159/73/36 1160/74/36 1158/72/35 1157/71/73 
f 1161/75/37 1162/76/37 1160/74/36 1159/73/36 
f 1163/77/38 1164/78/38 1162/76/37 1161/75/37 
f 1165/79/39 1166/80/39 1164/81/38 1163/82/38 
f 1167/83/40 1168/84/40 1166/80/39 1165/79/39 
f 1148/62/71 1147/61/71 1168/84/40 1167/83/40 
f 1169/85/29 1170/86/101 1171/87/143 1172/88/71 
f 1148/62/71 1173/89/144 1174/90/102 1145/59/29 
f 1175/91/31 1176/92/103 1170/86/101 1169/85/29 
f 1145/59/29 1174/90/102 1177/93/104 1149/63/31 
f 1178/94/32 1179/95/47 1176/92/103 1175/91/31 
f 1149/63/31 1177/93/104 1180/96/48 1151/65/32 
f 1181/97/33 1182/98/79 1179/95/47 1178/94/32 
f 1151/65/32 1180/96/48 1183/99/80 1153/67/33 
f 1184/100/100 1185/101/81 1182/98/79 1181/97/33 
f 1153/67/33 1183/99/80 1186/102/82 1155/69/34 
f 1187/103/73 1188/104/83 1185/101/81 1184/100/100 
f 1155/69/34 1186/102/82 1189/105/84 1157/71/73 
f 1190/106/36 1191/107/55 1188/104/83 1187/103/73 
f 1157/71/73 1189/105/84 1192/108/56 1159/73/36 
f 1193/109/37 1194/110/57 1191/107/55 1190/106/36 
f 1159/73/36 1192/108/56 1195/111/58 1161/75/37 
f 1196/112/38 1197/113/59 1194/110/57 1193/109/37 
f 1161/75/37 1195/111/58 1198/114/60 1163/77/38 
f 1199/115/39 1200/116/67 1197/117/59 1196/118/38 
f 1163/82/38 1198/119/60 1201/120/68 1165/79/39 
f 1202/121/40 1203/122/69 1200/116/67 1199/115/39 
f 1165/79/39 1201/120/68 1204/123/70 1167/83/40 
f 1172/88/71 1171/87/143 1203/122/69 1202/121/40 
f 1167/83/40 1204/123/70 1173/89/144 1148/62/71 
s off
f 1174/124/102 1173/125/144 1205/126/65 
f 1177/127/104 1174/124/102 1205/126/65 
f 1180/128/48 1177/127/104 1205/126/65 
f 1183/129/80 1180/128/48 1205/126/65 
f 1186/130/82 1183/129/80 1205/126/65 
f 1189/131/84 1186/130/82 1205/126/65 
f 1192/132/56 1189/131/84 1205/126/65 
f 1195/133/58 1192/132/56 1205/126/65 
f 1198/134/60 1195/133/58 1205/126/65 
f 1201/135/68 1198/134/60 1205/126/65 
f 1204/136/70 1201/135/68 1205/126/65 
f 1173/125/144 1204/136/70 1205/126/65 
f 1171/137/143 1170/138/101 1206/139/66 
f 1170/138/101 1176/140/103 1206/139/66 
f 1176/140/103 1179/141/47 1206/139/66 
f 1179/141/47 1182/142/79 1206/139/66 
f 1182/142/79 1185/143/81 1206/139/66 
f 1185/143/81 1188/144/83 1206/139/66 
f 1188/144/83 1191/145/55 1206/139/66 
f 1191/145/55 1194/146/57 1206/139/66 
f 1194/146/57 1197/147/59 1206/139/66 
f 1197/147/59 1200/148/67 1206/139/66 
f 1200/148/67 1203/149/69 1206/139/66 
f 1203/149/69 1171/137/143 1206/139/66 
s 8
f 1146/60/29 1169/85/29 1172/88/71 1147/61/71 
f 1150/64/31 1175/91/31 1169/85/29 1146/60/29 
f 1152/66/32 1178/94/32 1175/91/31 1150/64/31 
f 1154/68/33 1181/97/33 1178/94/32 1152/66/32 
f 1156/70/194 1184/100/100 1181/97/33 1154/68/33 
f 1158/72/35 1187/103/73 1184/100/100 1156/70/194 
f 1160/74/36 1190/106/36 1187/103/73 1158/72/35 
f 1162/76/37 1193/109/37 1190/106/36 1160/74/36 
f 1164/78/38 1196/112/38 1193/109/37 1162/76/37 
f 1166/80/39 1199/115/39 1196/118/38 1164/81/38 
f 1168/84/40 1202/121/40 1199/115/39 1166/80/39 
f 1147/61/71 1172/88/71 1202/121/40 1168/84/40 
s 1
f 1207/150/195 1208/151/196 1209/152/197 1210/153/198 
f 1211/154/199 1212/155/200 1213/156/200 1214/157/201 
s 2
f 1215/158/202 1216/159/203 1217/160/204 1218/161/205 
s 1
f 1219/162/206 1207/150/195 1210/153/198 1220/163/207 
f 1221/164/208 1222/165/209 1223/166/210 1224/167/211 
f 1222/165/209 1219/162/206 1220/163/207 1223/166/210 
f 1225/168/212 1221/164/208 1224/167/211 1226/169/212 
f 1214/157/201 1217/160/204 1216/159/203 1211/154/199 
f 1218/161/205 1209/152/197 1208/151/196 1215/158/202 
f 1227/150/213 1228/153/214 1229/152/215 1230/151/216 
f 1231/154/217 1232/157/218 1213/156/200 1212/155/200 
s 2
f 1233/158/219 1234/161/220 1235/160/221 1236/159/222 
s 1
f 1237/162/223 1238/163/224 1228/153/214 1227/150/213 
f 1239/164/225 1240/167/226 1241/166/227 1242/165/228 
f 1242/165/228 1241/166/227 1238/163/224 1237/162/223 
f 1225/168/212 1226/169/212 1240/167/226 1239/164/225 
f 1232/157/218 1231/154/217 1236/159/222 1235/160/221 
f 1234/161/220 1233/158/219 1230/151/216 1229/152/215 
f 1243/150/229 1244/153/230 1245/152/231 1246/151/232 
f 1247/154/233 1248/157/234 1249/156/235 1250/155/235 
s 2
f 1251/158/236 1252/161/237 1253/160/238 1254/159/239 
s 1
f 1255/162/240 1256/163/241 1244/153/230 1243/150/229 
f 1257/164/242 1258/167/243 1259/166/244 1260/165/245 
f 1260/165/245 1259/166/244 1256/163/241 1255/162/240 
f 1261/168/246 1262/169/246 1258/167/243 1257/164/242 
f 1248/157/234 1247/154/233 1254/159/239 1253/160/238 
f 1252/161/237 1251/158/236 1246/151/232 1245/152/231 
f 1263/150/247 1264/151/248 1265/152/249 1266/153/250 
f 1267/154/251 1250/155/235 1249/156/235 1268/157/252 
s 2
f 1269/158/253 1270/159/254 1271/160/255 1272/161/256 
s 1
f 1273/162/257 1263/150/247 1266/153/250 1274/163/258 
f 1275/164/259 1276/165/260 1277/166/261 1278/167/262 
f 1276/165/260 1273/162/257 1274/163/258 1277/166/261 
f 1261/168/246 1275/164/259 1278/167/262 1262/169/246 
f 1268/157/252 1271/160/255 1270/159/254 1267/154/251 
f 1272/161/256 1265/152/249 1264/151/248 1269/158/253 
f 1279/170/263 1280/171/264 1281/172/265 1282/173/266 
f 1283/174/267 1284/175/268 1285/176/269 1286/177/270 
f 1287/178/271 1288/179/272 1280/171/264 1279/170/263 
f 1282/173/266 1281/172/265 1289/180/273 
f 1290/181/274 1291/182/275 1292/183/276 
f 1293/184/277 1291/182/275 1294/185/278 1295/186/279 
f 1280/171/264 1286/177/270 1296/187/280 1297/188/281 
f 1286/177/270 1280/171/264 1288/179/272 1283/174/267 
f 1297/188/281 1296/187/280 1298/189/282 
f 1299/190/283 1298/189/282 1296/187/280 
f 1281/172/265 1280/171/264 1297/188/281 
f 1291/182/275 1293/184/277 1292/183/276 
f 1289/180/273 1281/172/265 1298/189/282 
f 1291/182/275 1289/180/273 1298/189/282 
f 1294/185/278 1291/182/275 1298/189/282 1300/191/284 
f 1291/182/275 1290/181/274 1301/192/285 1289/180/273 
f 1289/180/273 1301/192/285 1282/173/266 
f 1298/189/282 1302/193/286 1303/194/287 
f 1298/189/282 1303/194/287 1300/191/284 
f 1298/189/282 1299/190/283 1302/193/286 
f 1298/189/282 1281/172/265 1297/188/281 
f 1285/176/269 1304/195/288 1296/187/280 1286/177/270 
f 1304/195/288 1299/190/283 1296/187/280 
f 1305/170/289 1306/173/290 1307/172/291 1308/171/292 
f 1283/174/267 1309/177/293 1310/176/294 1284/175/268 
f 1287/178/271 1305/170/289 1308/171/292 1288/179/272 
f 1306/173/290 1311/180/295 1307/172/291 
f 1312/181/296 1313/183/297 1314/182/298 
f 1315/184/299 1316/186/300 1317/185/301 1314/182/298 
f 1308/171/292 1318/188/302 1319/187/303 1309/177/293 
f 1309/177/293 1283/174/267 1288/179/272 1308/171/292 
f 1318/188/302 1320/189/304 1319/187/303 
f 1321/190/305 1319/187/303 1320/189/304 
f 1307/172/291 1318/188/302 1308/171/292 
f 1314/182/298 1313/183/297 1315/184/299 
f 1311/180/295 1320/189/304 1307/172/291 
f 1314/182/298 1320/189/304 1311/180/295 
f 1317/185/301 1322/191/306 1320/189/304 1314/182/298 
f 1314/182/298 1311/180/295 1323/192/307 1312/181/296 
f 1311/180/295 1306/173/290 1323/192/307 
f 1320/189/304 1324/194/308 1325/193/309 
f 1320/189/304 1322/191/306 1324/194/308 
f 1320/189/304 1325/193/309 1321/190/305 
f 1320/189/304 1318/188/302 1307/172/291 
f 1310/176/294 1309/177/293 1319/187/303 1326/195/310 
f 1326/195/310 1319/187/303 1321/190/305 
# 992 polygons - 484 triangles

#
# object PSNA_Cigarette01_Foil
#

v  0.0263 0.1804 -0.0071
v  0.0303 0.1764 -0.0065
v  0.0491 0.1630 -0.0120
v  0.0510 0.1612 -0.0186
v  -0.0000 0.1580 -0.0219
v  0.0551 0.1570 -0.0215
v  0.0551 0.1119 -0.0216
v  -0.0000 0.1119 -0.0218
v  -0.0000 0.1804 -0.0071
v  -0.0000 0.1654 -0.0186
v  0.0481 0.1621 -0.0102
v  0.0282 0.1675 -0.0081
v  0.0263 0.1647 -0.0078
v  0.0471 0.1614 -0.0086
v  0.0263 0.1630 -0.0038
v  0.0263 0.1623 0.0059
v  0.0440 0.1625 0.0064
v  0.0536 0.1599 -0.0135
v  0.0552 0.1571 -0.0135
v  0.0532 0.1604 -0.0092
v  0.0550 0.1580 0.0034
v  0.0499 0.1623 0.0048
v  0.0295 0.1748 -0.0060
v  0.0518 0.1620 0.0042
v  0.0538 0.1607 0.0036
v  0.0551 0.1119 0.0034
v  -0.0263 0.1804 -0.0071
v  -0.0510 0.1612 -0.0186
v  -0.0491 0.1630 -0.0120
v  -0.0303 0.1764 -0.0065
v  -0.0551 0.1119 -0.0216
v  -0.0551 0.1570 -0.0215
v  -0.0481 0.1621 -0.0102
v  -0.0282 0.1675 -0.0081
v  -0.0471 0.1614 -0.0086
v  -0.0263 0.1647 -0.0078
v  -0.0263 0.1630 -0.0038
v  -0.0440 0.1625 0.0064
v  -0.0263 0.1623 0.0059
v  -0.0552 0.1571 -0.0135
v  -0.0536 0.1599 -0.0135
v  -0.0532 0.1604 -0.0092
v  -0.0550 0.1580 0.0034
v  -0.0499 0.1623 0.0048
v  -0.0295 0.1748 -0.0060
v  -0.0538 0.1607 0.0036
v  -0.0518 0.1620 0.0042
v  -0.0551 0.1119 0.0034
# 48 vertices

vn 0.1307 0.6252 -0.7694
vn 0.5375 0.5161 0.6669
vn 0.5188 0.8294 0.2073
vn 0.3881 0.7761 -0.4971
vn -0.0000 0.2084 -0.9781
vn 0.6646 0.3588 -0.6554
vn 0.7093 0.0017 -0.7049
vn 0.0000 -0.0002 -1.0000
vn 0.0000 0.6053 -0.7960
vn 0.0000 0.5124 -0.8587
vn 0.3714 0.7186 0.5880
vn -0.0027 -0.1029 0.9947
vn 0.1325 0.6422 0.7550
vn 0.1919 0.9410 0.2788
vn 0.1247 0.9694 0.2115
vn -0.0147 0.9971 0.0744
vn 0.0029 0.9973 -0.0729
vn 0.7560 0.6437 -0.1187
vn 0.9669 0.2551 -0.0067
vn 0.6185 0.7853 0.0278
vn 0.9729 0.2305 -0.0185
vn 0.0352 0.9918 -0.1230
vn 0.2004 -0.0320 0.9792
vn 0.2625 0.9609 -0.0881
vn 0.7404 0.6702 -0.0515
vn 1.0000 -0.0014 0.0045
vn -0.1307 0.6252 -0.7694
vn -0.3881 0.7761 -0.4971
vn -0.5188 0.8294 0.2073
vn -0.5375 0.5161 0.6669
vn -0.7093 0.0017 -0.7049
vn -0.6646 0.3588 -0.6554
vn -0.3714 0.7186 0.5880
vn 0.0027 -0.1029 0.9947
vn -0.1919 0.9410 0.2788
vn -0.1325 0.6422 0.7550
vn -0.1247 0.9694 0.2115
vn -0.0029 0.9973 -0.0729
vn 0.0147 0.9971 0.0744
vn -0.9669 0.2551 -0.0067
vn -0.7560 0.6437 -0.1187
vn -0.6185 0.7853 0.0278
vn -0.9729 0.2305 -0.0185
vn -0.0352 0.9918 -0.1230
vn -0.2004 -0.0320 0.9792
vn -0.7404 0.6702 -0.0515
vn -0.2625 0.9609 -0.0881
vn -1.0000 -0.0014 0.0045
# 48 vertex normals

vt 0.9596 0.1863 0.0000
vt 0.9533 0.1810 0.0000
vt 0.9341 0.1399 0.0000
vt 0.9378 0.1266 0.0000
vt 0.9945 0.1258 0.0000
vt 0.9356 0.1145 0.0000
vt 0.9328 0.0077 0.0000
vt 0.9965 0.0092 0.0000
vt 0.9899 0.1930 0.0000
vt 0.9931 0.1462 0.0000
vt 0.9321 0.1437 0.0000
vt 0.9419 0.1880 0.0000
vt 0.9388 0.1935 0.0000
vt 0.9304 0.1469 0.0000
vt 0.9337 0.1967 0.0000
vt 0.9228 0.2054 0.0000
vt 0.9145 0.1667 0.0000
vt 0.9306 0.1272 0.0000
vt 0.9281 0.1203 0.0000
vt 0.9265 0.1324 0.0000
vt 0.9103 0.1331 0.0000
vt 0.9133 0.1524 0.0000
vt 0.9513 0.1835 0.0000
vt 0.9127 0.1474 0.0000
vt 0.9119 0.1410 0.0000
vt 0.9024 0.0156 0.0000
vt 0.6199 0.1863 0.0000
vt 0.5981 0.1266 0.0000
vt 0.5944 0.1399 0.0000
vt 0.6136 0.1810 0.0000
vt 0.6548 0.1258 0.0000
vt 0.6568 0.0092 0.0000
vt 0.5932 0.0077 0.0000
vt 0.5959 0.1145 0.0000
vt 0.6502 0.1930 0.0000
vt 0.6534 0.1462 0.0000
vt 0.5925 0.1437 0.0000
vt 0.6022 0.1880 0.0000
vt 0.5907 0.1469 0.0000
vt 0.5992 0.1935 0.0000
vt 0.5940 0.1967 0.0000
vt 0.5748 0.1667 0.0000
vt 0.5832 0.2054 0.0000
vt 0.5884 0.1203 0.0000
vt 0.5909 0.1272 0.0000
vt 0.5869 0.1324 0.0000
vt 0.5707 0.1331 0.0000
vt 0.5736 0.1524 0.0000
vt 0.6117 0.1835 0.0000
vt 0.5722 0.1410 0.0000
vt 0.5730 0.1474 0.0000
vt 0.5628 0.0156 0.0000
# 52 texture coords

o PSNA_Cigarette01_Foil
g PSNA_Cigarette01_Foil
usemtl PSNA_Cigarette01
s 1
f 1327/196/311 1328/197/312 1329/198/313 1330/199/314 
f 1331/200/315 1332/201/316 1333/202/317 1334/203/318 
f 1335/204/319 1327/196/311 1330/199/314 1336/205/320 
f 1328/197/312 1337/206/321 1329/198/313 
f 1338/207/322 1339/208/323 1340/209/324 
f 1341/210/325 1342/211/326 1343/212/327 1340/209/324 
f 1330/199/314 1344/213/328 1345/214/329 1332/201/316 
f 1332/201/316 1331/200/315 1336/205/320 1330/199/314 
f 1344/213/328 1346/215/330 1345/214/329 
f 1347/216/331 1345/214/329 1346/215/330 
f 1329/198/313 1344/213/328 1330/199/314 
f 1340/209/324 1339/208/323 1341/210/325 
f 1337/206/321 1346/215/330 1329/198/313 
f 1340/209/324 1346/215/330 1337/206/321 
f 1343/212/327 1348/217/332 1346/215/330 1340/209/324 
f 1340/209/324 1337/206/321 1349/218/333 1338/207/322 
f 1337/206/321 1328/197/312 1349/218/333 
f 1346/215/330 1350/219/334 1351/220/335 
f 1346/215/330 1348/217/332 1350/219/334 
f 1346/215/330 1351/220/335 1347/216/331 
f 1346/215/330 1344/213/328 1329/198/313 
f 1333/202/317 1332/201/316 1345/214/329 1352/221/336 
f 1352/221/336 1345/214/329 1347/216/331 
f 1353/222/337 1354/223/338 1355/224/339 1356/225/340 
f 1331/226/315 1334/227/318 1357/228/341 1358/229/342 
f 1335/230/319 1336/231/320 1354/223/338 1353/222/337 
f 1356/225/340 1355/224/339 1359/232/343 
f 1360/233/344 1361/234/345 1362/235/346 
f 1363/236/347 1361/234/345 1364/237/348 1365/238/349 
f 1354/223/338 1358/229/342 1366/239/350 1367/240/351 
f 1358/229/342 1354/223/338 1336/231/320 1331/226/315 
f 1367/240/351 1366/239/350 1368/241/352 
f 1369/242/353 1368/241/352 1366/239/350 
f 1355/224/339 1354/223/338 1367/240/351 
f 1361/234/345 1363/236/347 1362/235/346 
f 1359/232/343 1355/224/339 1368/241/352 
f 1361/234/345 1359/232/343 1368/241/352 
f 1364/237/348 1361/234/345 1368/241/352 1370/243/354 
f 1361/234/345 1360/233/344 1371/244/355 1359/232/343 
f 1359/232/343 1371/244/355 1356/225/340 
f 1368/241/352 1372/245/356 1373/246/357 
f 1368/241/352 1373/246/357 1370/243/354 
f 1368/241/352 1369/242/353 1372/245/356 
f 1368/241/352 1355/224/339 1367/240/351 
f 1357/228/341 1374/247/358 1366/239/350 1358/229/342 
f 1374/247/358 1369/242/353 1366/239/350 
# 18 polygons - 28 triangles

