# 3ds Max Wavefront OBJ Exporter v0.99 - (c)2007 guruware
# File Created: 15.01.2026 11:50:20

mtllib PSNA_PrisonOfficerUniform01.mtl

#
# object PSNA_PrisonOfficerUniform01
#

v  0.1353 -0.0157 -0.1706
v  0.1258 -0.0717 -0.2365
v  0.1187 -0.0266 -0.2738
v  0.1299 0.0295 -0.2083
v  0.0914 -0.1038 -0.2813
v  0.0819 -0.0608 -0.3194
v  0.0423 -0.1018 -0.3334
v  0.0375 -0.0910 -0.3407
v  -0.0014 0.1182 -0.0535
v  0.0548 0.1033 -0.0636
v  0.0591 0.1320 -0.1042
v  -0.0014 0.1475 -0.0973
v  0.0955 0.0783 -0.0776
v  0.1219 0.0492 -0.0992
v  0.1162 0.0893 -0.1363
v  0.1083 0.0110 -0.2977
v  0.1203 0.0649 -0.2377
v  0.0740 -0.0197 -0.3357
v  -0.0014 -0.0746 -0.3477
v  -0.0014 -0.0393 -0.3656
v  0.0228 -0.0805 -0.3454
v  0.0543 0.1543 -0.1426
v  -0.0014 0.1661 -0.1337
v  0.1058 0.1144 -0.1769
v  0.0306 -0.0380 -0.3587
v  0.0620 -0.1260 -0.3059
v  0.0552 -0.1245 -0.3120
v  0.0287 0.1509 -0.2310
v  -0.0014 0.1564 -0.2271
v  -0.0014 0.1750 -0.1753
v  0.0466 0.1659 -0.1809
v  0.0940 0.1320 -0.2071
v  0.0570 0.1315 -0.2459
v  0.1053 0.0894 -0.2573
v  0.0619 0.1045 -0.2748
v  0.0937 0.0401 -0.3069
v  0.0567 0.0755 -0.3032
v  0.0636 0.0097 -0.3418
v  0.0344 0.0537 -0.3281
v  0.0286 -0.0084 -0.3595
v  0.0232 0.0238 -0.3508
v  -0.0014 -0.0102 -0.3655
v  -0.0014 0.0222 -0.3539
v  -0.0014 0.0653 -0.3250
v  0.0105 0.1075 -0.2908
v  0.0091 0.1153 -0.2823
v  -0.0014 0.0982 -0.2991
v  0.0061 0.1008 -0.2969
v  -0.0014 0.1201 -0.2777
v  -0.0014 0.1350 -0.0177
v  0.0348 0.1289 -0.0229
v  0.0759 0.1090 -0.0308
v  0.1124 0.0739 -0.0505
v  -0.0014 0.1555 0.0092
v  0.0361 0.1488 0.0067
v  0.0726 0.1304 0.0000
v  0.1058 0.0978 -0.0090
v  -0.0014 0.1695 0.0282
v  0.0371 0.1647 0.0266
v  0.0720 0.1479 0.0243
v  0.0981 0.1138 0.0084
v  0.0867 0.1314 0.0183
v  0.0486 -0.1230 -0.3062
v  0.0363 -0.0998 -0.3263
v  0.0271 -0.1227 -0.3148
v  0.0226 -0.1039 -0.3296
v  -0.0014 -0.1254 -0.3179
v  -0.0014 -0.1060 -0.3315
v  0.0356 -0.0827 -0.3192
v  0.0388 -0.0889 -0.3093
v  0.0219 -0.0734 -0.3297
v  -0.0014 -0.0640 -0.3254
v  -0.0014 0.1613 0.0390
v  0.0343 0.1555 0.0381
v  0.0668 0.1399 0.0362
v  0.0815 0.1234 0.0285
v  0.0926 0.1023 0.0150
v  0.1012 0.0845 -0.0046
v  0.1085 0.0570 -0.0498
v  0.1169 0.0339 -0.1000
v  0.1290 -0.0206 -0.1669
v  0.1198 -0.0771 -0.2303
v  0.0863 -0.1053 -0.2720
v  0.0568 -0.1233 -0.2976
v  0.0466 -0.1201 -0.2997
v  0.0251 -0.1239 -0.3070
v  -0.0014 -0.1263 -0.3094
v  0.0173 -0.0940 -0.3240
v  -0.0014 -0.0963 -0.3260
v  -0.0014 0.1115 -0.2919
v  0.1088 0.0223 -0.2037
v  0.0994 -0.0265 -0.2612
v  0.1068 -0.0687 -0.2259
v  0.1148 -0.0195 -0.1685
v  0.0676 -0.0543 -0.2986
v  0.0784 -0.0944 -0.2656
v  -0.0014 0.1242 -0.1069
v  0.0494 0.1102 -0.1130
v  0.0451 0.0960 -0.0775
v  -0.0014 0.1093 -0.0668
v  0.0980 0.0734 -0.1404
v  0.1023 0.0364 -0.1017
v  0.0806 0.0740 -0.0906
v  0.0996 0.0565 -0.2325
v  0.0896 0.0103 -0.2840
v  0.0605 -0.0148 -0.3159
v  -0.0014 -0.0305 -0.3413
v  -0.0014 0.1403 -0.1418
v  0.0448 0.1304 -0.1500
v  0.0881 0.0970 -0.1798
v  0.0234 -0.0301 -0.3356
v  0.0285 0.1084 -0.0196
v  -0.0014 0.1143 -0.0136
v  0.0897 0.0642 -0.0556
v  0.0629 0.0898 -0.0298
v  0.0293 0.1307 0.0138
v  -0.0014 0.1368 0.0168
v  0.0595 0.1134 0.0049
v  0.0855 0.0851 -0.0090
v  0.0586 0.1280 0.0221
v  0.0300 0.1420 0.0251
v  0.0788 0.0998 0.0061
v  0.0693 0.1160 0.0172
v  0.0566 -0.1116 -0.2907
v  -0.0014 0.1458 0.0290
v  0.0238 -0.1165 -0.3008
v  -0.0014 -0.1183 -0.3036
v  -0.1382 -0.0157 -0.1706
v  -0.1327 0.0295 -0.2083
v  -0.1216 -0.0266 -0.2738
v  -0.1287 -0.0717 -0.2365
v  -0.0848 -0.0608 -0.3194
v  -0.0942 -0.1038 -0.2813
v  -0.0452 -0.1018 -0.3334
v  -0.0403 -0.0910 -0.3407
v  -0.0620 0.1320 -0.1042
v  -0.0577 0.1033 -0.0636
v  -0.0984 0.0783 -0.0776
v  -0.1191 0.0893 -0.1363
v  -0.1248 0.0492 -0.0992
v  -0.1232 0.0649 -0.2377
v  -0.1112 0.0110 -0.2977
v  -0.0769 -0.0197 -0.3357
v  -0.0257 -0.0805 -0.3454
v  -0.0572 0.1543 -0.1426
v  -0.1087 0.1144 -0.1769
v  -0.0335 -0.0380 -0.3587
v  -0.0581 -0.1245 -0.3120
v  -0.0649 -0.1260 -0.3059
v  -0.0316 0.1509 -0.2310
v  -0.0495 0.1659 -0.1809
v  -0.0598 0.1315 -0.2459
v  -0.0969 0.1320 -0.2071
v  -0.0648 0.1045 -0.2748
v  -0.1082 0.0894 -0.2573
v  -0.0596 0.0755 -0.3032
v  -0.0966 0.0401 -0.3069
v  -0.0373 0.0537 -0.3281
v  -0.0665 0.0097 -0.3418
v  -0.0261 0.0238 -0.3508
v  -0.0315 -0.0084 -0.3595
v  -0.0133 0.1075 -0.2908
v  -0.0119 0.1153 -0.2823
v  -0.0090 0.1008 -0.2969
v  -0.0377 0.1289 -0.0229
v  -0.0788 0.1090 -0.0308
v  -0.1153 0.0739 -0.0505
v  -0.0390 0.1488 0.0067
v  -0.0755 0.1304 0.0000
v  -0.1087 0.0978 -0.0090
v  -0.0400 0.1647 0.0266
v  -0.0749 0.1479 0.0243
v  -0.1009 0.1138 0.0084
v  -0.0896 0.1314 0.0183
v  -0.0515 -0.1230 -0.3062
v  -0.0391 -0.0998 -0.3263
v  -0.0300 -0.1227 -0.3148
v  -0.0255 -0.1039 -0.3296
v  -0.0385 -0.0827 -0.3192
v  -0.0417 -0.0889 -0.3093
v  -0.0247 -0.0734 -0.3297
v  -0.0372 0.1555 0.0381
v  -0.0697 0.1399 0.0362
v  -0.0844 0.1234 0.0285
v  -0.0955 0.1023 0.0150
v  -0.1041 0.0845 -0.0046
v  -0.1114 0.0570 -0.0498
v  -0.1198 0.0339 -0.1000
v  -0.1318 -0.0206 -0.1669
v  -0.1226 -0.0771 -0.2303
v  -0.0892 -0.1053 -0.2720
v  -0.0597 -0.1233 -0.2976
v  -0.0495 -0.1201 -0.2997
v  -0.0280 -0.1239 -0.3070
v  -0.0202 -0.0940 -0.3240
v  -0.1117 0.0223 -0.2037
v  -0.1176 -0.0195 -0.1685
v  -0.1096 -0.0687 -0.2259
v  -0.1023 -0.0265 -0.2612
v  -0.0813 -0.0944 -0.2656
v  -0.0704 -0.0543 -0.2986
v  -0.0479 0.0960 -0.0775
v  -0.0522 0.1102 -0.1130
v  -0.1009 0.0734 -0.1404
v  -0.0834 0.0740 -0.0906
v  -0.1052 0.0364 -0.1017
v  -0.0924 0.0103 -0.2840
v  -0.1025 0.0565 -0.2325
v  -0.0634 -0.0148 -0.3159
v  -0.0477 0.1304 -0.1500
v  -0.0910 0.0970 -0.1798
v  -0.0262 -0.0301 -0.3356
v  -0.0314 0.1084 -0.0196
v  -0.0658 0.0898 -0.0298
v  -0.0925 0.0642 -0.0556
v  -0.0322 0.1307 0.0138
v  -0.0624 0.1134 0.0049
v  -0.0884 0.0851 -0.0090
v  -0.0329 0.1420 0.0251
v  -0.0615 0.1280 0.0221
v  -0.0817 0.0998 0.0061
v  -0.0722 0.1160 0.0172
v  -0.0595 -0.1116 -0.2907
v  -0.0267 -0.1165 -0.3008
v  0.0376 0.1344 -0.0877
v  0.0301 0.1384 -0.0947
v  0.0301 0.1421 -0.0928
v  0.0376 0.1380 -0.0858
v  0.0324 0.1439 -0.1040
v  0.0282 0.1449 -0.1056
v  0.0282 0.1487 -0.1037
v  0.0324 0.1477 -0.1021
v  0.0202 0.1519 -0.1171
v  0.0170 0.1538 -0.1202
v  0.0186 0.1568 -0.1168
v  -0.0011 0.1159 -0.0571
v  0.0072 0.1196 -0.0627
v  0.0072 0.1231 -0.0609
v  -0.0011 0.1194 -0.0553
v  0.0183 0.1184 -0.0609
v  0.0217 0.1236 -0.0691
v  0.0217 0.1271 -0.0673
v  0.0183 0.1220 -0.0591
v  0.0324 0.1253 -0.0719
v  0.0301 0.1305 -0.0807
v  0.0301 0.1340 -0.0789
v  0.0324 0.1288 -0.0701
v  0.0242 0.1486 -0.1117
v  0.0242 0.1524 -0.1098
v  0.0138 0.1551 -0.1223
v  0.0106 0.1555 -0.1229
v  0.0122 0.1592 -0.1207
v  0.0294 0.1429 -0.0922
v  0.0317 0.1506 -0.1001
v  0.0367 0.1389 -0.0854
v  0.0294 0.1350 -0.0787
v  0.0317 0.1299 -0.0700
v  0.0212 0.1283 -0.0673
v  0.0178 0.1232 -0.0592
v  0.0070 0.1243 -0.0610
v  -0.0011 0.1207 -0.0555
v  0.0277 0.1515 -0.1017
v  0.0237 0.1553 -0.1077
v  0.0028 0.1534 -0.1195
v  -0.0011 0.1536 -0.1199
v  -0.0011 0.1575 -0.1180
v  0.0028 0.1573 -0.1176
v  -0.0011 0.1602 -0.1156
v  0.0018 0.1600 -0.1153
v  0.0075 0.1553 -0.1227
v  0.0048 0.1544 -0.1212
v  0.0048 0.1583 -0.1193
v  0.0075 0.1593 -0.1208
v  0.0065 0.1616 -0.1178
v  0.0120 0.1620 -0.1185
v  0.0182 0.1596 -0.1146
v  0.0260 0.1444 -0.0917
v  0.0125 0.1441 -0.0872
v  0.0118 0.1389 -0.0784
v  0.0241 0.1335 -0.0731
v  0.0135 0.1282 -0.0644
v  -0.0011 0.1263 -0.0612
v  -0.0011 0.1573 -0.1078
v  0.0135 0.1551 -0.1043
v  0.0132 0.1458 -0.0880
v  0.0067 0.1498 -0.0944
v  0.0063 0.1475 -0.0936
v  -0.0011 0.1509 -0.0962
v  -0.0011 0.1485 -0.0953
v  -0.0011 0.1350 -0.0725
v  -0.0011 0.1353 -0.0703
v  0.0067 0.1363 -0.0720
v  0.0063 0.1359 -0.0741
v  0.0125 0.1391 -0.0767
v  0.0243 0.1477 -0.0911
v  0.0129 0.1555 -0.1035
v  -0.0011 0.1575 -0.1067
v  -0.0011 0.1294 -0.0606
v  0.0129 0.1312 -0.0635
v  0.0232 0.1361 -0.0717
v  -0.0011 0.1425 -0.0823
v  -0.0399 0.1344 -0.0877
v  -0.0399 0.1380 -0.0858
v  -0.0323 0.1421 -0.0928
v  -0.0323 0.1384 -0.0947
v  -0.0347 0.1439 -0.1040
v  -0.0347 0.1477 -0.1021
v  -0.0305 0.1487 -0.1037
v  -0.0305 0.1449 -0.1056
v  -0.0224 0.1519 -0.1171
v  -0.0208 0.1568 -0.1168
v  -0.0192 0.1538 -0.1202
v  -0.0095 0.1231 -0.0609
v  -0.0095 0.1196 -0.0627
v  -0.0205 0.1184 -0.0609
v  -0.0205 0.1220 -0.0591
v  -0.0240 0.1271 -0.0673
v  -0.0240 0.1236 -0.0691
v  -0.0347 0.1253 -0.0719
v  -0.0347 0.1288 -0.0701
v  -0.0323 0.1340 -0.0789
v  -0.0323 0.1305 -0.0807
v  -0.0264 0.1524 -0.1098
v  -0.0264 0.1486 -0.1117
v  -0.0160 0.1551 -0.1223
v  -0.0145 0.1592 -0.1207
v  -0.0129 0.1555 -0.1229
v  -0.0316 0.1429 -0.0922
v  -0.0339 0.1506 -0.1001
v  -0.0390 0.1389 -0.0854
v  -0.0316 0.1350 -0.0787
v  -0.0339 0.1299 -0.0700
v  -0.0234 0.1283 -0.0673
v  -0.0201 0.1232 -0.0592
v  -0.0093 0.1243 -0.0610
v  -0.0299 0.1515 -0.1017
v  -0.0259 0.1553 -0.1077
v  -0.0051 0.1534 -0.1195
v  -0.0051 0.1573 -0.1176
v  -0.0041 0.1600 -0.1153
v  -0.0097 0.1553 -0.1227
v  -0.0097 0.1593 -0.1208
v  -0.0071 0.1583 -0.1193
v  -0.0071 0.1544 -0.1212
v  -0.0087 0.1616 -0.1178
v  -0.0143 0.1620 -0.1185
v  -0.0204 0.1596 -0.1146
v  -0.0282 0.1444 -0.0917
v  -0.0147 0.1441 -0.0872
v  -0.0141 0.1389 -0.0784
v  -0.0264 0.1335 -0.0731
v  -0.0157 0.1282 -0.0644
v  -0.0157 0.1551 -0.1043
v  -0.0086 0.1475 -0.0936
v  -0.0090 0.1498 -0.0944
v  -0.0154 0.1458 -0.0880
v  -0.0086 0.1359 -0.0741
v  -0.0090 0.1363 -0.0720
v  -0.0148 0.1391 -0.0767
v  -0.0152 0.1555 -0.1035
v  -0.0265 0.1477 -0.0911
v  -0.0152 0.1312 -0.0635
v  -0.0254 0.1361 -0.0717
v  0.2376 -0.0701 -0.0016
v  0.0933 -0.1281 0.0047
v  0.0784 -0.1288 -0.0017
v  0.1913 -0.0701 -0.0266
v  0.0582 -0.1306 -0.0019
v  0.1486 -0.0730 -0.0114
v  0.0493 -0.1367 -0.0013
v  0.1459 -0.0840 0.0045
v  0.0684 -0.1422 0.0028
v  0.1928 -0.0976 0.0265
v  0.0779 -0.1390 0.0147
v  0.2010 -0.1014 0.0746
v  0.2317 -0.0625 0.1494
v  0.0955 -0.1244 0.0577
v  0.2493 -0.0680 0.0781
v  0.2042 -0.0608 0.1871
v  0.0866 -0.1257 0.0677
v  0.1851 -0.0538 0.2033
v  0.0790 -0.1256 0.0550
v  0.2401 -0.0404 -0.0518
v  0.2440 -0.0494 -0.0425
v  0.2103 -0.0578 -0.0816
v  0.2166 -0.0493 -0.0977
v  0.1768 -0.0595 -0.0671
v  0.1900 -0.0543 -0.0859
v  0.1868 -0.0590 -0.0359
v  0.2565 -0.0565 0.0539
v  0.2538 -0.0479 0.0321
v  0.2469 -0.0404 0.1015
v  0.2492 -0.0389 0.0224
v  0.2250 -0.0108 0.0510
v  0.2162 -0.0082 0.1542
v  0.1873 0.0178 0.0798
v  0.1700 0.0066 0.2068
v  0.1045 -0.0670 0.3284
v  0.1930 -0.0615 0.3051
v  0.1745 -0.0252 0.2660
v  0.0927 -0.0288 0.2892
v  0.1151 -0.1077 0.3476
v  0.2057 -0.1045 0.3238
v  0.2067 -0.0630 0.1973
v  0.2219 -0.0856 0.2740
v  0.1990 -0.0879 0.2058
v  0.1840 -0.0645 0.1598
v  0.1821 -0.0693 0.1445
v  0.1972 -0.0884 0.1075
v  0.2095 -0.0770 0.0015
v  0.2406 -0.0720 -0.0030
v  0.2220 -0.0563 -0.0453
v  0.2193 -0.0407 -0.0937
v  0.2314 -0.0257 -0.0396
v  0.1881 -0.0093 -0.0837
v  0.2094 -0.0257 -0.0889
v  0.2081 -0.0381 -0.1132
v  0.1815 -0.0264 -0.1218
v  0.1553 0.0014 -0.0929
v  0.1492 -0.0048 -0.1332
v  -0.0010 -0.0498 -0.0570
v  0.0080 -0.0324 -0.1128
v  0.1327 -0.0499 -0.0612
v  0.2151 -0.0511 -0.0597
v  0.2260 -0.0654 -0.0082
v  0.1185 -0.0648 -0.0057
v  -0.0070 -0.0975 0.0201
v  -0.0063 -0.0651 -0.0025
v  0.1031 -0.0992 0.0125
v  0.2141 -0.1010 0.0069
v  0.2035 -0.1187 0.0243
v  0.0965 -0.1194 0.0287
v  -0.0061 -0.1146 0.0460
v  -0.0067 -0.1176 0.0465
v  0.0877 -0.1150 0.0327
v  0.1971 -0.1082 0.1504
v  0.1944 -0.1222 0.2172
v  0.1903 -0.1474 -0.1120
v  0.2076 -0.1328 -0.1201
v  0.1839 -0.1065 0.0741
v  0.2059 -0.1248 -0.1171
v  0.1882 -0.1020 0.0307
v  0.1836 -0.0996 0.0555
v  0.2005 -0.1211 -0.1181
v  0.1898 -0.1166 -0.1220
v  -0.0053 -0.1058 0.0064
v  0.0785 -0.1050 0.0017
v  0.0672 -0.1111 -0.1241
v  -0.0046 -0.1104 -0.1243
v  0.0780 -0.1655 -0.0953
v  0.1499 -0.1589 -0.1012
v  0.1850 -0.1395 0.2724
v  0.1089 -0.1447 0.2985
v  0.1581 -0.1043 0.0048
v  0.1538 -0.1122 -0.1241
v  0.0625 0.0489 0.0146
v  0.0980 0.0381 0.0571
v  0.1614 0.0121 -0.0196
v  0.1282 0.0226 -0.0365
v  0.0072 0.0552 0.0528
v  -0.0166 0.0507 0.0732
v  -0.0061 0.0048 0.2444
v  0.0893 0.0097 0.2319
v  0.2441 -0.0623 -0.0187
v  0.2002 -0.0645 -0.0548
v  0.1631 -0.0650 -0.0385
v  0.1726 -0.0715 -0.0072
v  0.2213 -0.0974 0.0229
v  0.2134 -0.1046 0.0699
v  0.1838 -0.0631 0.1927
v  0.2379 -0.0558 0.1439
v  0.2348 -0.0485 0.1674
v  0.2094 -0.0078 -0.0261
v  0.2084 -0.0473 -0.1022
v  0.2460 -0.0998 0.0121
v  0.2290 -0.1138 0.0459
v  0.1864 -0.1129 0.0253
v  0.1851 -0.0606 0.1728
v  0.1319 0.0245 -0.1551
v  0.0895 -0.0106 -0.1446
v  0.0783 0.0151 -0.1714
v  0.1433 0.0324 -0.1184
v  0.1172 0.0462 -0.0587
v  0.0627 0.0616 -0.0066
v  0.0166 0.0708 0.0211
v  -0.0058 -0.0667 0.3306
v  -0.0058 -0.0333 0.2981
v  -0.0052 -0.1019 0.3518
v  -0.0042 -0.1684 -0.0944
v  -0.0044 -0.1459 0.3057
v  0.1821 -0.0766 0.1538
v  0.1007 -0.1266 0.0280
v  0.0776 -0.1304 0.0345
v  0.2348 -0.0524 0.2504
v  0.2256 -0.0281 0.2095
v  0.1498 -0.0380 -0.1056
v  0.0064 -0.0096 -0.1475
v  0.1035 -0.0277 -0.1231
v  -0.0045 0.0161 -0.1753
v  -0.2319 -0.0709 -0.0042
v  -0.1812 -0.0735 -0.0415
v  -0.1758 -0.0802 -0.0018
v  -0.2119 -0.0810 0.0207
v  -0.1449 -0.0762 -0.0368
v  -0.1355 -0.0803 -0.0112
v  -0.1523 -0.0803 -0.0207
v  -0.1251 -0.0844 -0.0115
v  -0.2001 -0.0902 0.0126
v  -0.1692 -0.0942 0.0064
v  -0.2063 -0.0922 0.0671
v  -0.1886 -0.0928 0.0390
v  -0.2329 -0.0637 0.1503
v  -0.2482 -0.0682 0.0799
v  -0.2249 -0.0744 0.1424
v  -0.2067 -0.0618 0.1871
v  -0.2065 -0.0762 0.1639
v  -0.1873 -0.0512 0.2016
v  -0.1900 -0.0722 0.1335
v  -0.2401 -0.0412 -0.0536
v  -0.2144 -0.0532 -0.1052
v  -0.2055 -0.0624 -0.0922
v  -0.2423 -0.0500 -0.0442
v  -0.1939 -0.0621 -0.1026
v  -0.1788 -0.0678 -0.0885
v  -0.1958 -0.0663 -0.0572
v  -0.2565 -0.0545 0.0576
v  -0.2491 -0.0381 0.1054
v  -0.2545 -0.0458 0.0355
v  -0.2259 -0.0106 0.1456
v  -0.2301 -0.0100 0.0516
v  -0.2508 -0.0371 0.0251
v  -0.1772 0.0065 0.2064
v  -0.1970 0.0152 0.0764
v  -0.1134 -0.0672 0.3284
v  -0.1016 -0.0288 0.2890
v  -0.1815 -0.0253 0.2658
v  -0.2000 -0.0616 0.3050
v  -0.1225 -0.1077 0.3490
v  -0.2158 -0.1048 0.3260
v  -0.2099 -0.0642 0.1977
v  -0.2036 -0.0888 0.2060
v  -0.2335 -0.0859 0.2766
v  -0.1877 -0.0590 0.1562
v  -0.2036 -0.0850 0.1054
v  -0.1864 -0.0655 0.1420
v  -0.2322 -0.0587 -0.0525
v  -0.2500 -0.0728 -0.0087
v  -0.2187 -0.0775 -0.0131
v  -0.2345 -0.0263 -0.0405
v  -0.2210 -0.0431 -0.0979
v  -0.1898 -0.0199 -0.0976
v  -0.1737 -0.0248 -0.1273
v  -0.2140 -0.0377 -0.1176
v  -0.2138 -0.0289 -0.0939
v  -0.1591 -0.0031 -0.0976
v  -0.1422 -0.0060 -0.1367
v  -0.1345 -0.0484 -0.0590
v  -0.1307 -0.0643 -0.0038
v  -0.2368 -0.0658 -0.0061
v  -0.2224 -0.0506 -0.0577
v  -0.1171 -0.0998 0.0139
v  -0.1097 -0.1205 0.0296
v  -0.2149 -0.1199 0.0253
v  -0.2264 -0.1017 0.0084
v  -0.0997 -0.1162 0.0335
v  -0.2154 -0.1326 -0.1121
v  -0.1997 -0.1476 -0.1060
v  -0.2038 -0.1229 0.2134
v  -0.2022 -0.1087 0.1506
v  -0.2125 -0.1231 -0.1115
v  -0.1893 -0.1059 0.0727
v  -0.1988 -0.1157 -0.1205
v  -0.2071 -0.1200 -0.1162
v  -0.1895 -0.0982 0.0531
v  -0.1954 -0.1015 0.0301
v  -0.0757 -0.1113 -0.1228
v  -0.0888 -0.1059 0.0024
v  -0.0863 -0.1650 -0.0957
v  -0.1175 -0.1450 0.2987
v  -0.1927 -0.1395 0.2725
v  -0.1582 -0.1584 -0.1007
v  -0.1629 -0.1123 -0.1221
v  -0.1673 -0.1055 0.0055
v  -0.0910 0.0438 0.0094
v  -0.1432 0.0121 -0.0443
v  -0.1764 -0.0024 -0.0316
v  -0.1248 0.0313 0.0491
v  -0.0167 0.0549 0.0526
v  -0.0993 0.0096 0.2312
v  -0.2401 -0.0628 -0.0208
v  -0.1921 -0.0693 -0.0687
v  -0.1626 -0.0727 -0.0635
v  -0.1800 -0.0751 -0.0302
v  -0.2299 -0.0933 0.0139
v  -0.2201 -0.0985 0.0646
v  -0.1868 -0.0614 0.1917
v  -0.2376 -0.0483 0.1689
v  -0.2395 -0.0562 0.1453
v  -0.2159 -0.0118 -0.0298
v  -0.2137 -0.0514 -0.1107
v  -0.2557 -0.0986 0.0096
v  -0.2378 -0.1121 0.0445
v  -0.1966 -0.1141 0.0262
v  -0.1881 -0.0539 0.1685
v  -0.1400 0.0253 -0.1542
v  -0.0870 0.0168 -0.1708
v  -0.0766 -0.0099 -0.1452
v  -0.1511 0.0330 -0.1178
v  -0.1264 0.0449 -0.0598
v  -0.0710 0.0613 -0.0068
v  -0.0264 0.0700 0.0209
v  -0.1860 -0.0751 0.1528
v  -0.2332 -0.0791 0.0766
v  -0.1876 -0.0791 0.0855
v  -0.2304 -0.0256 0.2112
v  -0.2397 -0.0505 0.2529
v  -0.1590 -0.0367 -0.1039
v  -0.0849 -0.0257 -0.1243
v  0.0678 -0.1613 -0.1043
v  0.1336 -0.1560 -0.1085
v  0.1755 -0.1464 -0.1164
v  0.1959 -0.1346 -0.1223
v  0.1971 -0.1278 -0.1203
v  0.1926 -0.1240 -0.1212
v  0.1780 -0.1195 -0.1240
v  0.1387 -0.1158 -0.1254
v  -0.0043 -0.1637 -0.1037
v  0.0586 -0.1148 -0.1249
v  -0.0047 -0.1142 -0.1251
v  -0.1422 -0.1556 -0.1080
v  -0.0762 -0.1609 -0.1047
v  -0.2055 -0.1347 -0.1143
v  -0.1858 -0.1466 -0.1111
v  -0.2058 -0.1268 -0.1147
v  -0.1889 -0.1188 -0.1222
v  -0.2009 -0.1234 -0.1188
v  -0.0669 -0.1148 -0.1238
v  -0.1481 -0.1158 -0.1233
v  0.1508 0.0014 -0.0920
v  0.1444 -0.0047 -0.1313
v  -0.0024 -0.0023 0.0637
v  0.0611 0.0468 0.0119
v  0.1243 0.0213 -0.0376
v  0.0019 0.0559 0.0413
v  0.1277 0.0236 -0.1525
v  0.0754 0.0166 -0.1690
v  0.0858 -0.0106 -0.1425
v  0.1389 0.0312 -0.1165
v  0.1133 0.0446 -0.0590
v  0.0606 0.0597 -0.0090
v  0.0160 0.0685 0.0174
v  0.0058 -0.0097 -0.1452
v  -0.0045 0.0178 -0.1729
v  -0.1547 -0.0029 -0.0964
v  -0.1383 -0.0058 -0.1345
v  -0.0877 0.0423 0.0072
v  -0.1388 0.0117 -0.0450
v  -0.0216 0.0554 0.0405
v  -0.1358 0.0245 -0.1515
v  -0.0743 -0.0099 -0.1431
v  -0.0841 0.0182 -0.1684
v  -0.1467 0.0318 -0.1159
v  -0.1225 0.0433 -0.0600
v  -0.0688 0.0595 -0.0092
v  -0.0257 0.0677 0.0172
v  0.1262 0.0293 -0.1582
v  0.1456 0.0051 -0.1492
v  0.0751 0.0032 -0.1645
v  0.0667 0.0173 -0.1752
v  0.1433 0.0362 -0.1204
v  0.1600 0.0169 -0.1091
v  0.1143 0.0500 -0.0583
v  0.1346 0.0360 -0.0417
v  0.0470 0.0739 -0.0055
v  0.0702 0.0687 0.0142
v  0.0169 0.0771 0.0206
v  0.0360 0.0761 0.0428
v  0.0891 -0.0122 -0.1479
v  -0.0083 -0.0118 -0.1498
v  -0.0098 -0.0095 -0.1533
v  0.0867 -0.0102 -0.1506
v  -0.1438 0.0282 -0.1590
v  -0.0988 0.0205 -0.1742
v  -0.0961 0.0022 -0.1627
v  -0.1509 0.0035 -0.1511
v  -0.1515 0.0332 -0.1143
v  -0.1665 0.0103 -0.1044
v  -0.1347 0.0485 -0.0683
v  -0.1581 0.0283 -0.0579
v  -0.0768 0.0730 -0.0149
v  -0.1197 0.0493 -0.0013
v  -0.0336 0.0817 0.0137
v  -0.0740 0.0693 0.0418
v  -0.0957 -0.0129 -0.1453
v  -0.0948 -0.0113 -0.1476
v  0.0380 0.0738 -0.0121
v  0.0103 0.0735 0.0157
v  0.1039 0.0517 -0.0608
v  0.1341 0.0391 -0.1214
v  0.1178 0.0317 -0.1574
v  0.0601 0.0225 -0.1740
v  -0.0186 0.0167 -0.1813
v  -0.0185 0.0220 -0.1805
v  -0.0950 0.0245 -0.1731
v  -0.1353 0.0303 -0.1570
v  -0.1453 0.0358 -0.1143
v  -0.1297 0.0476 -0.0697
v  -0.0717 0.0723 -0.0192
v  -0.0241 0.0808 0.0091
v  0.1611 -0.0063 -0.1399
v  0.1754 0.0032 -0.0979
v  0.1562 0.0259 -0.0247
v  0.1064 0.0572 0.0504
v  0.0715 0.0660 0.0929
v  -0.0150 0.0042 -0.1719
v  -0.1591 -0.0092 -0.1452
v  -0.1804 -0.0077 -0.1065
v  -0.1796 0.0153 -0.0461
v  -0.1491 0.0429 0.0238
v  -0.1089 0.0599 0.0811
v  0.1150 0.0213 -0.1473
v  0.0584 0.0196 -0.1659
v  0.0687 -0.0016 -0.1521
v  0.1346 -0.0003 -0.1383
v  0.1326 0.0250 -0.1090
v  0.1482 0.0080 -0.0978
v  0.1031 0.0396 -0.0523
v  0.1212 0.0271 -0.0375
v  0.0405 0.0622 -0.0034
v  0.0613 0.0555 0.0151
v  0.0128 0.0646 0.0219
v  0.0297 0.0684 0.0455
v  0.0795 -0.0163 -0.1367
v  0.0788 -0.0147 -0.1386
v  -0.0076 -0.0126 -0.1435
v  -0.0067 -0.0144 -0.1409
v  -0.1326 0.0230 -0.1490
v  -0.1409 -0.0013 -0.1397
v  -0.0883 -0.0024 -0.1501
v  -0.0910 0.0221 -0.1643
v  -0.1410 0.0235 -0.1043
v  -0.1548 0.0012 -0.0957
v  -0.1255 0.0391 -0.0627
v  -0.1494 0.0218 -0.0537
v  -0.0705 0.0594 -0.0099
v  -0.1002 0.0372 0.0157
v  -0.0237 0.0714 0.0188
v  -0.0658 0.0600 0.0514
v  -0.0873 -0.0161 -0.1366
v  -0.0869 -0.0147 -0.1383
v  0.1495 -0.0113 -0.1291
v  0.1636 -0.0036 -0.0867
v  0.1430 0.0194 -0.0222
v  0.0962 0.0469 0.0485
v  0.0647 0.0577 0.0872
v  -0.0137 0.0020 -0.1601
v  -0.0186 0.0206 -0.1725
v  -0.1473 -0.0141 -0.1328
v  -0.1652 -0.0154 -0.0877
v  -0.1635 0.0143 -0.0295
v  -0.1392 0.0371 0.0343
v  -0.1005 0.0553 0.0873
v  0.1121 0.0568 0.0560
v  0.0785 0.0664 0.1014
v  0.0709 0.0578 0.0947
v  0.1019 0.0466 0.0541
v  0.1599 0.0236 -0.0215
v  0.1469 0.0178 -0.0194
v  0.1780 0.0012 -0.0961
v  0.1662 -0.0055 -0.0852
v  0.1625 -0.0078 -0.1387
v  0.1509 -0.0127 -0.1279
v  -0.1610 -0.0107 -0.1439
v  -0.1490 -0.0156 -0.1315
v  -0.1826 -0.0100 -0.1064
v  -0.1671 -0.0174 -0.0858
v  -0.1824 0.0138 -0.0431
v  -0.1653 0.0130 -0.0243
v  -0.1517 0.0427 0.0305
v  -0.1440 0.0369 0.0381
v  -0.1063 0.0557 0.0922
v  -0.1147 0.0600 0.0872
v  0.1934 -0.0759 -0.0064
v  0.1946 -0.0738 -0.0128
v  0.2012 -0.0737 -0.0117
v  0.1731 -0.0762 -0.0070
v  0.1734 -0.0738 -0.0136
v  0.1844 -0.0739 -0.0133
v  0.1837 -0.0761 -0.0067
v  0.1889 -0.0681 -0.0354
v  0.1937 -0.0656 -0.0490
v  0.2060 -0.0661 -0.0434
v  0.2000 -0.0684 -0.0333
v  0.1694 -0.0678 -0.0326
v  0.1740 -0.0662 -0.0411
v  0.1821 -0.0655 -0.0476
v  0.1786 -0.0679 -0.0352
v  0.1878 -0.0789 0.0008
v  0.1962 -0.0768 -0.0033
v  0.1978 -0.0771 -0.0003
v  0.1894 -0.0792 0.0038
v  0.2050 -0.0743 -0.0086
v  0.2066 -0.0745 -0.0058
v  0.1825 -0.0796 0.0021
v  0.1838 -0.0800 0.0050
v  0.1776 -0.0793 0.0010
v  0.1787 -0.0796 0.0038
v  0.1700 -0.0774 -0.0035
v  0.1714 -0.0778 -0.0007
v  0.1635 -0.0747 -0.0097
v  0.1654 -0.0751 -0.0069
v  0.2134 -0.0703 -0.0202
v  0.2150 -0.0705 -0.0176
v  0.1623 -0.0701 -0.0223
v  0.1644 -0.0706 -0.0198
v  0.2159 -0.0682 -0.0278
v  0.2175 -0.0684 -0.0254
v  0.1701 -0.0660 -0.0399
v  0.1655 -0.0678 -0.0310
v  0.1676 -0.0683 -0.0287
v  0.1721 -0.0664 -0.0379
v  0.2156 -0.0658 -0.0397
v  0.2083 -0.0653 -0.0469
v  0.2096 -0.0654 -0.0453
v  0.2170 -0.0658 -0.0378
v  0.2185 -0.0663 -0.0350
v  0.2199 -0.0664 -0.0328
v  0.1948 -0.0647 -0.0540
v  0.1963 -0.0649 -0.0527
v  0.1825 -0.0648 -0.0519
v  0.1843 -0.0651 -0.0505
v  0.1752 -0.0655 -0.0450
v  0.1773 -0.0658 -0.0432
v  0.1861 -0.0777 -0.0024
v  0.1831 -0.0781 -0.0016
v  0.1802 -0.0778 -0.0024
v  0.1669 -0.0738 -0.0130
v  0.1661 -0.0699 -0.0243
v  0.2129 -0.0667 -0.0368
v  0.2108 -0.0684 -0.0298
v  0.2090 -0.0702 -0.0224
v  0.1978 -0.0703 -0.0251
v  0.1864 -0.0703 -0.0262
v  0.1757 -0.0700 -0.0261
v  -0.1842 -0.0767 -0.0179
v  -0.1920 -0.0752 -0.0225
v  -0.1851 -0.0754 -0.0257
v  -0.1643 -0.0771 -0.0235
v  -0.1744 -0.0769 -0.0208
v  -0.1749 -0.0757 -0.0286
v  -0.1644 -0.0760 -0.0314
v  -0.1799 -0.0723 -0.0531
v  -0.1915 -0.0716 -0.0482
v  -0.1995 -0.0697 -0.0556
v  -0.1869 -0.0703 -0.0654
v  -0.1629 -0.0737 -0.0542
v  -0.1703 -0.0731 -0.0542
v  -0.1772 -0.0718 -0.0646
v  -0.1693 -0.0728 -0.0610
v  -0.1785 -0.0784 -0.0105
v  -0.1802 -0.0786 -0.0070
v  -0.1889 -0.0774 -0.0097
v  -0.1871 -0.0772 -0.0133
v  -0.1980 -0.0757 -0.0141
v  -0.1962 -0.0755 -0.0174
v  -0.1732 -0.0787 -0.0103
v  -0.1747 -0.0790 -0.0069
v  -0.1685 -0.0785 -0.0128
v  -0.1698 -0.0787 -0.0095
v  -0.1617 -0.0776 -0.0201
v  -0.1634 -0.0779 -0.0168
v  -0.1562 -0.0766 -0.0296
v  -0.1585 -0.0768 -0.0264
v  -0.2070 -0.0725 -0.0256
v  -0.2052 -0.0724 -0.0285
v  -0.1562 -0.0749 -0.0451
v  -0.1587 -0.0751 -0.0423
v  -0.2109 -0.0707 -0.0322
v  -0.2093 -0.0707 -0.0347
v  -0.1667 -0.0730 -0.0614
v  -0.1690 -0.0732 -0.0591
v  -0.1628 -0.0742 -0.0512
v  -0.1602 -0.0739 -0.0539
v  -0.2097 -0.0687 -0.0475
v  -0.2110 -0.0687 -0.0456
v  -0.2033 -0.0689 -0.0569
v  -0.2019 -0.0688 -0.0585
v  -0.2126 -0.0690 -0.0414
v  -0.2140 -0.0689 -0.0393
v  -0.1899 -0.0697 -0.0687
v  -0.1882 -0.0696 -0.0702
v  -0.1803 -0.0714 -0.0668
v  -0.1782 -0.0713 -0.0687
v  -0.1720 -0.0724 -0.0641
v  -0.1744 -0.0726 -0.0619
v  -0.1768 -0.0777 -0.0149
v  -0.1739 -0.0779 -0.0146
v  -0.1711 -0.0778 -0.0163
v  -0.1588 -0.0762 -0.0323
v  -0.1590 -0.0746 -0.0460
v  -0.2068 -0.0697 -0.0451
v  -0.2037 -0.0711 -0.0391
v  -0.2003 -0.0725 -0.0330
v  -0.1879 -0.0729 -0.0406
v  -0.1669 -0.0742 -0.0451
v  -0.1767 -0.0737 -0.0434
v  0.2117 -0.0103 -0.0722
v  0.2088 -0.0195 -0.0948
v  0.1882 -0.0055 -0.0877
v  0.1839 0.0060 -0.0671
v  0.2304 -0.0270 -0.0810
v  0.2188 -0.0351 -0.1024
v  0.2322 -0.0410 -0.0802
v  0.2161 -0.0481 -0.1007
v  0.2173 -0.0443 -0.1048
v  0.2335 -0.0364 -0.0804
v  0.2081 -0.0284 -0.1071
v  0.1908 -0.0166 -0.1020
v  0.2140 -0.0419 -0.1088
v  0.2063 -0.0526 -0.1008
v  0.2096 -0.0499 -0.1046
v  0.1739 -0.0019 -0.0912
v  0.1804 -0.0030 -0.0555
v  0.2113 -0.0203 -0.0567
v  0.2291 -0.0352 -0.0703
v  0.2311 -0.0478 -0.0717
v  0.2200 -0.0505 -0.0855
v  0.2322 -0.0444 -0.0728
v  0.2073 -0.0349 -0.0965
v  0.1876 -0.0237 -0.0931
v  0.2153 -0.0450 -0.0961
v  0.2102 -0.0543 -0.0886
v  0.2121 -0.0531 -0.0909
v  0.1688 -0.0106 -0.0816
v  -0.2180 -0.0171 -0.0793
v  -0.1952 -0.0089 -0.0819
v  -0.1950 -0.0163 -0.1021
v  -0.2158 -0.0261 -0.0988
v  -0.2268 -0.0350 -0.0929
v  -0.2205 -0.0419 -0.1062
v  -0.2219 -0.0500 -0.0968
v  -0.2242 -0.0460 -0.0973
v  -0.2145 -0.0505 -0.1125
v  -0.2114 -0.0542 -0.1102
v  -0.1938 -0.0240 -0.1151
v  -0.2145 -0.0311 -0.1128
v  -0.2153 -0.0468 -0.1155
v  -0.2064 -0.0557 -0.1158
v  -0.2015 -0.0589 -0.1137
v  -0.1819 -0.0114 -0.1017
v  -0.1042 -0.1036 -0.0349
v  -0.0931 -0.0997 -0.0382
v  -0.1089 -0.1096 -0.0413
v  -0.1024 -0.1173 -0.0509
v  -0.1073 -0.1156 -0.0434
v  -0.1081 -0.1141 -0.0438
v  -0.0923 -0.1049 -0.0545
v  -0.1029 -0.1087 -0.0523
v  -0.1040 -0.1145 -0.0527
v  -0.0989 -0.1191 -0.0523
v  -0.1004 -0.1182 -0.0527
v  -0.0861 -0.1003 -0.0480
v  -0.0605 0.0532 0.0173
v  -0.0666 0.0508 0.0430
v  -0.0299 0.0851 0.0596
v  -0.0245 0.0740 0.0222
v  -0.0599 0.0560 0.0773
v  -0.0273 0.0711 0.0922
v  0.0175 0.0816 0.0586
v  0.0175 0.0711 0.0224
v  0.0166 0.0704 0.0923
v  0.0352 0.0564 0.0409
v  0.0491 0.0519 0.0135
v  0.0319 0.0548 0.0777
v  0.0298 0.0355 0.0603
v  0.0336 0.0365 0.0337
v  0.0429 0.0432 0.0099
v  -0.0726 0.0401 0.0017
v  -0.0752 0.0333 0.0280
v  -0.0600 0.0329 0.0582
v  -0.0231 0.0653 0.0205
v  -0.0532 0.0544 0.0132
v  -0.0631 0.0416 0.0027
v  0.0126 0.0618 0.0218
v  0.0361 0.0536 0.0089
v  0.0342 0.0428 0.0080
v  0.0173 0.0488 0.0802
v  0.0193 0.0337 0.0614
v  0.0082 0.0592 0.0909
v  -0.0215 0.0605 0.0945
v  -0.0452 0.0501 0.0863
v  -0.0493 0.0317 0.0639
v  -0.0278 0.0586 0.0474
v  0.0049 0.0566 0.0467
v  -0.0528 0.0483 0.0465
v  -0.0611 0.0366 0.0255
v  0.0161 0.0482 0.0417
v  0.0203 0.0373 0.0267
v  0.0116 0.0254 0.2324
v  0.0440 0.0236 0.2263
v  0.0246 0.0563 0.1022
v  -0.0046 0.0627 0.1030
v  -0.0237 0.0251 0.2324
v  -0.0297 0.0607 0.1019
v  -0.0546 0.0221 0.2271
v  -0.0531 0.0534 0.0974
v  -0.0271 0.0463 0.0446
v  -0.0040 0.0456 0.0442
v  0.0088 0.0496 0.0433
v  -0.0429 0.0501 0.0444
v  -0.0242 -0.1741 0.2807
v  0.0247 -0.1740 0.2798
v  0.0245 -0.1722 0.3219
v  -0.0263 -0.1724 0.3232
v  0.0001 -0.1750 0.1492
v  -0.0197 -0.0246 0.3124
v  0.0162 -0.0238 0.3116
v  -0.0181 -0.0636 0.3443
v  0.0199 -0.0623 0.3430
v  -0.0235 -0.1051 0.3656
v  0.0217 -0.1057 0.3650
v  -0.0256 -0.1343 0.3591
v  0.0237 -0.1346 0.3572
v  0.0544 -0.0255 0.3091
v  -0.0498 -0.0229 0.3068
v  -0.0496 -0.0653 0.3429
v  0.0607 -0.0634 0.3401
v  0.0711 -0.1060 0.3598
v  -0.0549 -0.1066 0.3636
v  -0.0581 -0.1321 0.3583
v  0.0738 -0.1341 0.3527
v  0.0762 -0.1686 0.3160
v  -0.0575 -0.1669 0.3246
v  -0.0535 -0.1699 0.2877
v  -0.0366 -0.1703 0.2163
v  0.0735 -0.1704 0.2809
v  0.0418 -0.1708 0.2223
v  0.0477 0.0198 0.2252
v  0.0306 0.0524 0.1025
v  -0.0566 0.0496 0.0968
v  -0.0567 0.0197 0.2254
v  -0.0054 0.0417 0.0400
v  -0.0281 0.0415 0.0390
v  0.0175 0.0460 0.0395
v  -0.0458 0.0448 0.0428
v  0.0566 -0.0275 0.3083
v  -0.0550 -0.0215 0.3035
v  -0.0501 -0.0660 0.3424
v  0.0620 -0.0645 0.3389
v  0.0711 -0.1054 0.3578
v  -0.0549 -0.1056 0.3617
v  -0.0575 -0.1306 0.3571
v  0.0765 -0.1326 0.3511
v  0.0778 -0.1664 0.3145
v  -0.0552 -0.1648 0.3218
v  -0.0529 -0.1675 0.2831
v  -0.0376 -0.1686 0.2111
v  -0.0007 -0.1747 0.1282
v  0.0753 -0.1685 0.2771
v  0.0458 -0.1697 0.2099
v  0.1841 -0.0000 0.1958
v  0.1769 0.0019 0.1876
v  0.1776 0.0060 0.1877
v  0.1847 0.0040 0.1959
v  0.1796 0.0026 0.1769
v  0.1755 0.0035 0.1749
v  0.1762 0.0077 0.1751
v  0.1803 0.0067 0.1771
v  0.1680 0.0063 0.1614
v  0.1650 0.0073 0.1577
v  0.1672 0.0111 0.1597
v  0.1446 0.0024 0.2306
v  0.1531 0.0021 0.2241
v  0.1537 0.0060 0.2243
v  0.1452 0.0063 0.2308
v  0.1639 -0.0000 0.2264
v  0.1677 0.0006 0.2169
v  0.1683 0.0045 0.2170
v  0.1645 0.0039 0.2266
v  0.1783 -0.0008 0.2139
v  0.1764 0.0005 0.2036
v  0.1770 0.0045 0.2037
v  0.1790 0.0031 0.2140
v  0.1717 0.0049 0.1678
v  0.1725 0.0092 0.1679
v  0.1619 0.0081 0.1552
v  0.1589 0.0087 0.1545
v  0.1611 0.0127 0.1550
v  0.1770 0.0070 0.1880
v  0.1800 0.0102 0.1776
v  0.1840 0.0051 0.1959
v  0.1765 0.0056 0.2036
v  0.1784 0.0042 0.2136
v  0.1680 0.0056 0.2166
v  0.1643 0.0050 0.2259
v  0.1537 0.0070 0.2237
v  0.1454 0.0074 0.2301
v  0.1762 0.0111 0.1757
v  0.1725 0.0126 0.1687
v  0.1510 0.0095 0.1583
v  0.1471 0.0102 0.1578
v  0.1479 0.0145 0.1579
v  0.1517 0.0138 0.1584
v  0.1484 0.0179 0.1589
v  0.1513 0.0174 0.1594
v  0.1557 0.0092 0.1547
v  0.1531 0.0094 0.1564
v  0.1538 0.0137 0.1565
v  0.1565 0.0135 0.1548
v  0.1560 0.0170 0.1565
v  0.1615 0.0161 0.1558
v  0.1674 0.0146 0.1605
v  0.1739 0.0092 0.1877
v  0.1608 0.0130 0.1917
v  0.1598 0.0121 0.2019
v  0.1714 0.0074 0.2091
v  0.1605 0.0081 0.2191
v  0.1460 0.0100 0.2225
v  0.1484 0.0185 0.1672
v  0.1626 0.0156 0.1716
v  0.1617 0.0141 0.1903
v  0.1557 0.0160 0.1827
v  0.1549 0.0144 0.1844
v  0.1480 0.0176 0.1805
v  0.1477 0.0159 0.1823
v  0.1467 0.0132 0.2087
v  0.1469 0.0144 0.2105
v  0.1547 0.0133 0.2087
v  0.1542 0.0121 0.2070
v  0.1606 0.0129 0.2034
v  0.1728 0.0127 0.1869
v  0.1621 0.0163 0.1722
v  0.1485 0.0191 0.1682
v  0.1465 0.0131 0.2218
v  0.1605 0.0112 0.2186
v  0.1709 0.0105 0.2093
v  0.1474 0.0158 0.1966
v  0.1076 0.0127 0.1944
v  0.1083 0.0167 0.1946
v  0.1160 0.0163 0.1867
v  0.1153 0.0122 0.1865
v  0.1134 0.0136 0.1757
v  0.1141 0.0178 0.1759
v  0.1183 0.0173 0.1741
v  0.1176 0.0131 0.1739
v  0.1260 0.0133 0.1606
v  0.1284 0.0176 0.1590
v  0.1293 0.0132 0.1571
v  0.1372 0.0087 0.2240
v  0.1366 0.0048 0.2238
v  0.1256 0.0063 0.2257
v  0.1263 0.0102 0.2259
v  0.1232 0.0121 0.2162
v  0.1226 0.0082 0.2161
v  0.1121 0.0103 0.2127
v  0.1128 0.0142 0.2129
v  0.1155 0.0148 0.2026
v  0.1148 0.0108 0.2025
v  0.1225 0.0175 0.1670
v  0.1218 0.0133 0.1669
v  0.1325 0.0130 0.1547
v  0.1348 0.0171 0.1545
v  0.1357 0.0125 0.1541
v  0.1169 0.0171 0.1869
v  0.1154 0.0211 0.1765
v  0.1093 0.0176 0.1946
v  0.1163 0.0156 0.2025
v  0.1137 0.0150 0.2125
v  0.1239 0.0130 0.2158
v  0.1269 0.0112 0.2253
v  0.1376 0.0097 0.2234
v  0.1194 0.0206 0.1747
v  0.1236 0.0208 0.1678
v  0.1432 0.0108 0.1582
v  0.1440 0.0151 0.1583
v  0.1455 0.0183 0.1593
v  0.1388 0.0120 0.1544
v  0.1395 0.0163 0.1545
v  0.1420 0.0157 0.1563
v  0.1413 0.0114 0.1562
v  0.1410 0.0195 0.1562
v  0.1356 0.0205 0.1553
v  0.1293 0.0209 0.1599
v  0.1205 0.0181 0.1868
v  0.1339 0.0175 0.1912
v  0.1343 0.0163 0.2015
v  0.1216 0.0158 0.2082
v  0.1317 0.0129 0.2186
v  0.1338 0.0204 0.1711
v  0.1402 0.0169 0.1841
v  0.1401 0.0186 0.1824
v  0.1335 0.0188 0.1898
v  0.1394 0.0146 0.2067
v  0.1392 0.0159 0.2084
v  0.1337 0.0174 0.2029
v  0.1345 0.0210 0.1717
v  0.1227 0.0210 0.1860
v  0.1328 0.0158 0.2181
v  0.1230 0.0186 0.2085
# 1199 vertices

vn 0.9198 -0.3459 0.1855
vn 0.8830 -0.4178 -0.2141
vn 0.8912 0.0321 -0.4526
vn 0.9835 0.1673 -0.0691
vn 0.6876 -0.5868 -0.4276
vn 0.6403 -0.0442 -0.7669
vn -0.2136 -0.3337 -0.9182
vn -0.1593 -0.5038 -0.8490
vn 0.0000 0.9616 0.2746
vn 0.3594 0.8776 0.3172
vn 0.4111 0.6255 0.6632
vn 0.0000 0.6967 0.7174
vn 0.5983 0.7573 0.2617
vn 0.9484 0.0113 0.3170
vn 0.8284 0.4535 0.3289
vn 0.8003 0.2435 -0.5479
vn 0.9257 0.3502 -0.1428
vn 0.5586 0.1530 -0.8152
vn 0.0000 -0.7817 -0.6237
vn 0.0000 0.0791 -0.9969
vn -0.2048 -0.6842 -0.7000
vn 0.4093 0.7503 0.5191
vn 0.0000 0.8157 0.5784
vn 0.7800 0.5795 0.2362
vn 0.2940 0.1018 -0.9504
vn 0.3285 -0.8150 -0.4774
vn 0.0527 -0.6457 -0.7618
vn 0.1687 0.9604 -0.2216
vn 0.0000 0.9805 -0.1965
vn 0.0000 0.9754 0.2207
vn 0.3057 0.9329 0.1904
vn 0.6200 0.7842 0.0253
vn 0.3168 0.8963 -0.3103
vn 0.6696 0.6651 -0.3307
vn 0.3103 0.8324 -0.4591
vn 0.5749 0.5657 -0.5911
vn 0.2997 0.7712 -0.5616
vn 0.4086 0.4790 -0.7769
vn 0.2080 0.7545 -0.6225
vn 0.2435 0.3810 -0.8919
vn 0.2746 0.6319 -0.7248
vn 0.0000 0.4220 -0.9066
vn 0.0000 0.6665 -0.7455
vn 0.0000 0.7865 -0.6175
vn 0.2056 0.8326 -0.5144
vn 0.1636 0.9130 -0.3737
vn 0.0000 0.7663 -0.6425
vn 0.1070 0.7627 -0.6378
vn 0.0000 0.9445 -0.3286
vn 0.0000 0.9589 -0.2838
vn 0.1528 0.9546 -0.2557
vn 0.3808 0.9064 -0.1828
vn 0.9242 0.3647 0.1134
vn 0.0000 0.9314 -0.3641
vn 0.1579 0.9196 -0.3597
vn 0.3738 0.8808 -0.2905
vn 0.9275 0.3358 0.1640
vn 0.0000 0.9583 0.2859
vn 0.2324 0.9325 0.2766
vn 0.5286 0.7881 0.3155
vn 0.8624 0.3849 0.3288
vn 0.7560 0.5869 0.2898
vn -0.2152 -0.9171 -0.3356
vn -0.2358 0.5498 -0.8013
vn 0.1451 -0.6607 -0.7365
vn 0.1336 0.2002 -0.9706
vn 0.0000 -0.6850 -0.7286
vn 0.0000 0.1943 -0.9809
vn -0.8187 -0.3272 0.4720
vn -0.6804 0.1916 0.7073
vn -0.4349 -0.6256 0.6477
vn 0.0000 -0.4352 0.9003
vn 0.0000 -0.0380 0.9993
vn 0.0579 -0.1576 0.9858
vn 0.1938 -0.2449 0.9500
vn 0.3196 -0.4653 0.8254
vn 0.3094 -0.6979 0.6459
vn 0.4344 -0.7941 0.4252
vn 0.3497 -0.9001 0.2599
vn 0.4019 -0.8476 0.3465
vn 0.2993 -0.8633 0.4064
vn 0.3221 -0.9208 0.2200
vn 0.1164 -0.9681 0.2219
vn -0.1496 -0.9422 0.2997
vn -0.1477 -0.9085 0.3910
vn 0.0438 -0.9963 0.0738
vn 0.0000 -0.9936 0.1130
vn -0.0734 0.9946 0.0737
vn 0.0000 0.9977 0.0671
vn 0.0000 0.8643 -0.5029
vn -0.9823 -0.1732 0.0709
vn -0.8852 -0.0314 0.4642
vn -0.6153 -0.6076 0.5023
vn -0.6399 -0.7036 0.3092
vn -0.6715 0.0272 0.7405
vn -0.6020 -0.4602 0.6525
vn 0.0000 -0.7875 -0.6164
vn -0.4228 -0.6990 -0.5768
vn -0.3757 -0.8416 -0.3881
vn 0.0000 -0.9365 -0.3507
vn -0.8431 -0.4540 -0.2883
vn -0.6244 -0.7794 0.0519
vn -0.6705 -0.6667 -0.3256
vn -0.9693 -0.2300 0.0865
vn -0.8586 -0.1030 0.5022
vn -0.5939 -0.0050 0.8045
vn 0.0000 -0.0241 0.9997
vn 0.0000 -0.7636 -0.6456
vn -0.4261 -0.6866 -0.5891
vn -0.8086 -0.5324 -0.2505
vn -0.3269 -0.1075 0.9389
vn -0.1994 -0.9759 0.0882
vn 0.0000 -0.9908 0.1352
vn -0.5194 -0.8545 -0.0034
vn -0.4186 -0.9076 0.0324
vn -0.1313 -0.8999 0.4158
vn 0.0000 -0.9337 0.3580
vn -0.3423 -0.8821 0.3236
vn -0.2798 -0.9290 0.2423
vn -0.2747 -0.8408 0.4664
vn -0.0927 -0.8527 0.5141
vn -0.3413 -0.8630 0.3725
vn -0.3325 -0.8212 0.4638
vn -0.4673 -0.3840 0.7964
vn 0.0000 -0.8450 0.5347
vn -0.1763 -0.2629 0.9486
vn 0.0000 -0.2040 0.9790
vn -0.9198 -0.3459 0.1855
vn -0.9835 0.1673 -0.0691
vn -0.8912 0.0321 -0.4526
vn -0.8830 -0.4178 -0.2141
vn -0.6403 -0.0442 -0.7669
vn -0.6876 -0.5868 -0.4276
vn 0.2136 -0.3337 -0.9182
vn 0.1593 -0.5038 -0.8490
vn -0.4111 0.6255 0.6632
vn -0.3594 0.8776 0.3172
vn -0.5983 0.7573 0.2617
vn -0.8284 0.4535 0.3289
vn -0.9484 0.0113 0.3170
vn -0.9257 0.3502 -0.1428
vn -0.8003 0.2435 -0.5479
vn -0.5586 0.1530 -0.8152
vn 0.2048 -0.6842 -0.7000
vn -0.4093 0.7503 0.5191
vn -0.7800 0.5796 0.2362
vn -0.2940 0.1018 -0.9504
vn -0.0527 -0.6457 -0.7618
vn -0.3284 -0.8150 -0.4774
vn -0.1687 0.9604 -0.2216
vn -0.3057 0.9329 0.1904
vn -0.3168 0.8963 -0.3103
vn -0.6200 0.7842 0.0253
vn -0.3103 0.8324 -0.4591
vn -0.6696 0.6651 -0.3307
vn -0.2997 0.7712 -0.5616
vn -0.5749 0.5657 -0.5911
vn -0.2080 0.7545 -0.6225
vn -0.4086 0.4790 -0.7769
vn -0.2746 0.6319 -0.7248
vn -0.2435 0.3810 -0.8919
vn -0.2056 0.8326 -0.5144
vn -0.1636 0.9130 -0.3737
vn -0.1070 0.7627 -0.6378
vn -0.1528 0.9546 -0.2557
vn -0.3808 0.9064 -0.1828
vn -0.9242 0.3647 0.1134
vn -0.1579 0.9196 -0.3597
vn -0.3738 0.8808 -0.2905
vn -0.9275 0.3359 0.1640
vn -0.2324 0.9325 0.2766
vn -0.5286 0.7881 0.3155
vn -0.8624 0.3849 0.3288
vn -0.7560 0.5869 0.2898
vn 0.2152 -0.9171 -0.3356
vn 0.2358 0.5498 -0.8013
vn -0.1451 -0.6607 -0.7365
vn -0.1336 0.2002 -0.9706
vn 0.8187 -0.3272 0.4720
vn 0.6804 0.1916 0.7073
vn 0.4349 -0.6256 0.6477
vn -0.0579 -0.1576 0.9858
vn -0.1938 -0.2455 0.9498
vn -0.3196 -0.4653 0.8254
vn -0.3094 -0.6979 0.6459
vn -0.4344 -0.7941 0.4252
vn -0.3497 -0.9001 0.2599
vn -0.4019 -0.8476 0.3465
vn -0.2993 -0.8633 0.4064
vn -0.3221 -0.9208 0.2200
vn -0.1164 -0.9681 0.2219
vn 0.1496 -0.9422 0.2997
vn 0.1477 -0.9085 0.3910
vn -0.0438 -0.9963 0.0738
vn 0.0734 0.9946 0.0737
vn 0.9823 -0.1732 0.0709
vn 0.6399 -0.7036 0.3092
vn 0.6153 -0.6076 0.5023
vn 0.8852 -0.0314 0.4642
vn 0.6020 -0.4602 0.6525
vn 0.6715 0.0272 0.7405
vn 0.3757 -0.8416 -0.3881
vn 0.4228 -0.6990 -0.5768
vn 0.8431 -0.4540 -0.2883
vn 0.6705 -0.6667 -0.3256
vn 0.6244 -0.7794 0.0519
vn 0.8586 -0.1030 0.5022
vn 0.9693 -0.2300 0.0865
vn 0.5939 -0.0050 0.8045
vn 0.4261 -0.6866 -0.5891
vn 0.8086 -0.5324 -0.2505
vn 0.3269 -0.1075 0.9389
vn 0.1994 -0.9759 0.0882
vn 0.4186 -0.9076 0.0324
vn 0.5194 -0.8545 -0.0034
vn 0.1313 -0.8999 0.4158
vn 0.3423 -0.8821 0.3236
vn 0.2798 -0.9290 0.2423
vn 0.0927 -0.8527 0.5141
vn 0.2747 -0.8408 0.4664
vn 0.3413 -0.8630 0.3725
vn 0.3325 -0.8212 0.4638
vn 0.4673 -0.3840 0.7964
vn 0.1763 -0.2629 0.9486
vn 0.9994 -0.0227 0.0275
vn 0.9561 0.1877 -0.2249
vn 0.8880 0.4495 0.0973
vn 0.9293 0.2726 0.2491
vn 0.8929 0.2886 -0.3456
vn 0.6619 0.4790 -0.5766
vn 0.6738 0.5667 -0.4742
vn 0.8709 0.4136 -0.2655
vn 0.8262 0.4106 -0.3857
vn 0.6644 0.5362 -0.5206
vn 0.7217 0.5605 -0.4062
vn 0.0000 -0.6503 0.7597
vn 0.2422 -0.6269 0.7405
vn 0.2068 -0.2906 0.9342
vn 0.0000 -0.3864 0.9224
vn 0.4467 -0.5785 0.6825
vn 0.6906 -0.4645 0.5544
vn 0.6020 -0.1375 0.7865
vn 0.4336 -0.2989 0.8501
vn 0.8259 -0.3613 0.4329
vn 0.9682 -0.1602 0.1921
vn 0.8693 0.1411 0.4737
vn 0.7817 -0.0586 0.6209
vn 0.8634 0.3191 -0.3907
vn 0.8514 0.4226 -0.3108
vn 0.4780 0.6383 -0.6034
vn 0.0293 0.6888 -0.7243
vn 0.3005 0.7294 -0.6145
vn 0.5218 0.6808 0.5140
vn 0.6089 0.7355 0.2972
vn 0.5045 0.6261 0.5945
vn 0.3606 0.6021 0.7123
vn 0.4315 0.4438 0.7854
vn 0.2921 0.4120 0.8631
vn 0.2498 0.2803 0.9268
vn 0.1051 0.3100 0.9449
vn 0.0000 0.2119 0.9773
vn 0.4021 0.8482 0.3447
vn 0.5718 0.7675 0.2897
vn -0.3049 0.5959 -0.7429
vn 0.0000 0.6250 -0.7806
vn 0.0000 0.7425 -0.6698
vn -0.3668 0.6354 -0.6795
vn 0.0000 1.0000 -0.0050
vn -0.1338 0.9864 0.0955
vn -0.3335 0.5870 -0.7377
vn -0.6381 0.4807 -0.6015
vn -0.6444 0.5953 -0.4800
vn -0.2425 0.7664 -0.5949
vn -0.2703 0.9601 0.0711
vn 0.1795 0.9829 -0.0402
vn 0.5022 0.8440 0.1882
vn 0.3177 0.6050 0.7301
vn 0.0354 0.6027 0.7972
vn 0.0582 0.8024 0.5940
vn 0.3808 0.6461 0.6614
vn 0.2833 0.2101 0.9357
vn 0.0000 0.1588 0.9873
vn 0.0000 0.8910 0.4540
vn 0.2071 0.8350 0.5098
vn -0.0648 0.4380 0.8967
vn -0.1130 0.5397 0.8343
vn -0.2086 0.4975 0.8420
vn 0.0000 0.5240 0.8517
vn 0.0000 0.4780 0.8783
vn 0.0000 0.8586 0.5127
vn -0.1135 0.8467 0.5198
vn -0.1871 0.8578 0.4787
vn 0.0262 0.9315 0.3629
vn 0.5917 0.5062 0.6274
vn 0.2109 0.8780 0.4297
vn 0.0000 0.9067 0.4218
vn 0.0000 0.1328 0.9911
vn 0.2907 0.1773 0.9402
vn 0.6790 0.6045 0.4166
vn 0.0000 0.7075 0.7067
vn -0.9994 -0.0227 0.0275
vn -0.9293 0.2726 0.2491
vn -0.8880 0.4495 0.0973
vn -0.9561 0.1877 -0.2249
vn -0.8929 0.2886 -0.3456
vn -0.8709 0.4136 -0.2655
vn -0.6738 0.5667 -0.4742
vn -0.6619 0.4790 -0.5766
vn -0.8262 0.4106 -0.3857
vn -0.7217 0.5605 -0.4062
vn -0.6644 0.5362 -0.5206
vn -0.2068 -0.2906 0.9342
vn -0.2422 -0.6269 0.7405
vn -0.4467 -0.5785 0.6825
vn -0.4336 -0.2989 0.8501
vn -0.6020 -0.1375 0.7865
vn -0.6906 -0.4644 0.5544
vn -0.8259 -0.3613 0.4329
vn -0.7817 -0.0586 0.6209
vn -0.8693 0.1411 0.4736
vn -0.9682 -0.1602 0.1921
vn -0.8514 0.4226 -0.3108
vn -0.8634 0.3191 -0.3907
vn -0.4780 0.6383 -0.6034
vn -0.3005 0.7294 -0.6145
vn -0.0294 0.6888 -0.7243
vn -0.5218 0.6808 0.5141
vn -0.6089 0.7355 0.2972
vn -0.5045 0.6261 0.5945
vn -0.3606 0.6021 0.7123
vn -0.4315 0.4438 0.7854
vn -0.2921 0.4120 0.8631
vn -0.2498 0.2803 0.9268
vn -0.1051 0.3100 0.9449
vn -0.4021 0.8482 0.3447
vn -0.5719 0.7676 0.2895
vn 0.3049 0.5959 -0.7429
vn 0.3668 0.6354 -0.6795
vn 0.1338 0.9864 0.0955
vn 0.3335 0.5870 -0.7377
vn 0.2425 0.7664 -0.5949
vn 0.6444 0.5953 -0.4800
vn 0.6381 0.4807 -0.6015
vn 0.2703 0.9601 0.0711
vn -0.1795 0.9829 -0.0402
vn -0.5022 0.8440 0.1882
vn -0.3177 0.6050 0.7301
vn -0.0354 0.6027 0.7972
vn -0.0582 0.8024 0.5940
vn -0.3808 0.6461 0.6614
vn -0.2833 0.2101 0.9357
vn -0.2072 0.8350 0.5098
vn 0.2086 0.4975 0.8420
vn 0.1130 0.5397 0.8343
vn 0.0648 0.4380 0.8967
vn 0.1871 0.8578 0.4787
vn 0.1135 0.8467 0.5198
vn -0.0262 0.9315 0.3629
vn -0.2109 0.8780 0.4297
vn -0.5917 0.5062 0.6274
vn -0.2907 0.1773 0.9402
vn -0.6789 0.6045 0.4166
vn 0.3867 -0.9030 -0.1872
vn 0.2675 -0.8617 -0.4312
vn 0.0789 -0.5412 -0.8372
vn 0.0949 -0.9178 -0.3855
vn 0.4201 -0.7161 0.5574
vn 0.1026 0.9716 -0.2135
vn -0.1608 0.2549 0.9535
vn -0.2439 0.6811 0.6904
vn -0.2240 0.2677 0.9371
vn -0.1153 0.8992 0.4220
vn -0.1837 0.9719 -0.1469
vn 0.0097 0.9762 -0.2167
vn 0.5557 -0.7116 0.4299
vn 0.2660 -0.9522 0.1501
vn 0.7142 -0.6776 0.1756
vn -0.0193 -0.9953 0.0946
vn -0.6450 0.0284 0.7637
vn 0.5127 -0.5381 -0.6690
vn -0.3839 0.9171 -0.1071
vn 0.8049 0.4130 -0.4261
vn 0.8834 -0.2645 -0.3869
vn 0.1255 -0.9315 -0.3414
vn 0.2218 -0.2804 -0.9339
vn -0.8506 -0.0274 -0.5252
vn -0.7540 -0.0699 -0.6531
vn -0.1617 0.9583 0.2356
vn 0.9870 -0.1607 0.0004
vn 0.9524 0.2962 -0.0716
vn 0.8913 0.4314 0.1395
vn 0.7864 0.6122 -0.0824
vn 0.6011 0.7989 -0.0196
vn 0.4972 0.8640 0.0794
vn 0.3778 0.9248 0.0448
vn 0.2790 0.9174 0.2838
vn 0.0748 0.5877 0.8056
vn 0.3304 0.6221 0.7098
vn 0.2489 0.8225 0.5115
vn 0.0625 0.7803 0.6223
vn 0.1199 -0.2340 0.9648
vn 0.6039 -0.2493 0.7570
vn 0.2604 -0.8501 -0.4577
vn 0.8785 -0.4770 0.0271
vn 0.9271 -0.2547 -0.2749
vn 0.3499 -0.9103 0.2210
vn 0.5633 -0.7867 0.2525
vn -0.1808 -0.9200 0.3476
vn -0.0133 0.8168 0.5768
vn -0.1751 0.7048 -0.6875
vn 0.5778 0.3431 -0.7406
vn 0.7703 0.2449 -0.5888
vn 0.6103 0.7673 -0.1970
vn 0.4205 0.8764 -0.2347
vn 0.5811 0.7521 -0.3107
vn 0.5260 -0.3678 -0.7669
vn 0.3274 0.0043 -0.9449
vn 0.5634 0.8211 -0.0917
vn 0.5736 0.1615 -0.8031
vn -0.0064 -0.9585 -0.2849
vn -0.0056 -0.9049 -0.4256
vn -0.0106 -0.9639 -0.2660
vn -0.1306 -0.9651 -0.2270
vn -0.0933 -0.8069 -0.5833
vn -0.0131 -0.7792 -0.6267
vn -0.0017 -0.6947 -0.7193
vn -0.0051 -0.8130 -0.5822
vn -0.0482 -0.5326 -0.8450
vn 0.0427 -0.5692 -0.8211
vn 0.0297 -0.9876 -0.1543
vn -0.0355 -0.9986 -0.0385
vn 0.0078 0.6647 0.7470
vn -0.0192 -0.8136 0.5811
vn 0.0882 0.3329 0.9388
vn 0.9771 0.2037 -0.0622
vn 0.9050 -0.4200 -0.0675
vn 0.3275 -0.8824 -0.3377
vn 0.7272 -0.2331 -0.6456
vn 0.7751 0.6312 -0.0291
vn 0.6972 0.5603 -0.4471
vn 0.7619 -0.1252 -0.6355
vn 0.9637 -0.2132 0.1607
vn 0.4230 0.6853 -0.5928
vn 0.2883 0.5635 -0.7742
vn -0.0044 0.9954 0.0956
vn -0.0053 0.9917 0.1283
vn 0.0069 0.7652 -0.6437
vn -0.0056 0.7682 -0.6401
vn 0.0438 -0.9772 -0.2079
vn 0.1206 -0.9629 -0.2414
vn 0.4488 -0.8784 0.1646
vn 0.0861 -0.9332 0.3488
vn -0.0410 0.9844 0.1709
vn 0.0695 0.7192 -0.6913
vn 0.3226 0.9093 0.2630
vn 0.1745 0.9824 0.0661
vn 0.2810 0.9508 -0.1305
vn 0.4652 0.8805 0.0908
vn 0.4567 0.5128 0.7270
vn -0.0614 0.9638 0.2595
vn -0.0017 0.8987 0.4385
vn 0.0598 0.9268 0.3707
vn 0.6441 -0.7139 -0.2747
vn 0.0295 -0.9762 -0.2147
vn -0.6846 0.2603 -0.6809
vn -0.1105 0.8833 0.4555
vn 0.1383 0.9110 0.3886
vn 0.0936 0.9775 -0.1893
vn 0.7122 0.5885 -0.3827
vn 0.8189 -0.5001 0.2816
vn 0.8886 -0.3873 0.2460
vn 0.4065 0.8976 -0.1703
vn -0.5102 -0.7950 0.3282
vn 0.9448 -0.3263 -0.0308
vn 0.5868 -0.6869 0.4288
vn -0.2099 -0.4951 0.8431
vn 0.8613 0.4527 -0.2308
vn 0.5338 -0.2261 -0.8148
vn 0.0832 -0.7244 -0.6843
vn 0.1155 -0.6873 -0.7172
vn 0.9331 0.3341 -0.1331
vn 0.6399 0.6871 0.3443
vn 0.4598 0.7594 0.4603
vn 0.3762 0.7707 0.5143
vn -0.0011 0.6102 0.7922
vn -0.0006 0.7568 0.6537
vn 0.0049 -0.1153 0.9933
vn -0.0022 -0.9792 -0.2028
vn 0.0013 -0.9133 0.4073
vn 0.9508 0.2869 -0.1166
vn 0.3028 -0.9530 0.0129
vn -0.1131 0.9262 -0.3596
vn 0.8751 0.3289 0.3550
vn 0.6260 0.7506 0.2117
vn 0.0012 -0.9133 -0.4074
vn 0.0005 -0.7869 -0.6170
vn 0.0003 -0.8253 -0.5647
vn -0.0134 -0.7388 -0.6738
vn -0.3447 -0.9227 -0.1727
vn -0.0756 -0.9885 -0.1313
vn -0.0486 -0.9863 -0.1575
vn -0.2098 -0.9604 -0.1831
vn -0.8734 -0.1098 0.4744
vn -0.1909 -0.9789 -0.0725
vn 0.0431 0.9508 0.3067
vn -0.1646 0.5389 0.8261
vn 0.0387 0.9702 0.2393
vn 0.1883 0.6600 0.7273
vn -0.2925 0.9374 -0.1891
vn -0.3925 0.8615 -0.3222
vn -0.6572 -0.5991 0.4573
vn -0.7548 -0.6457 0.1152
vn -0.5571 -0.7701 0.3106
vn 0.0632 -0.9787 0.1952
vn 0.1347 -0.8412 0.5236
vn -0.2594 -0.5146 -0.8172
vn 0.7788 -0.6090 0.1502
vn -0.8468 0.2955 -0.4423
vn -0.2884 -0.1328 -0.9482
vn -0.2496 -0.9184 -0.3069
vn -0.8642 -0.3720 -0.3386
vn -0.0755 0.0236 0.9969
vn 0.9404 -0.2050 -0.2713
vn 0.1890 0.9652 0.1805
vn -0.9777 -0.2097 -0.0103
vn -0.9248 0.3588 0.1263
vn -0.9802 0.1772 -0.0882
vn -0.5363 0.8411 0.0701
vn -0.6150 0.7877 -0.0357
vn -0.8266 0.5512 -0.1133
vn -0.2943 0.9157 0.2736
vn -0.3738 0.9273 0.0186
vn -0.0769 0.5985 0.7974
vn -0.0646 0.7805 0.6218
vn -0.2417 0.8232 0.5137
vn -0.3081 0.6456 0.6988
vn -0.1079 -0.2248 0.9684
vn -0.5937 -0.2408 0.7678
vn -0.2689 -0.8235 -0.4996
vn -0.9277 -0.1564 -0.3389
vn -0.9382 -0.3358 0.0837
vn -0.5720 -0.7710 0.2799
vn -0.1975 -0.8499 0.4885
vn -0.6286 -0.7112 0.3147
vn 0.8993 0.1116 0.4229
vn 0.9613 -0.2058 0.1832
vn 0.0984 0.9092 0.4046
vn -0.6735 0.7102 -0.2050
vn -0.8952 0.0217 -0.4451
vn -0.3433 0.8998 -0.2692
vn -0.3171 -0.0794 -0.9451
vn -0.6011 -0.3541 -0.7164
vn -0.5739 0.7783 -0.2547
vn -0.6863 0.7114 -0.1513
vn -0.4528 -0.1562 -0.8778
vn 0.0084 -0.9627 -0.2704
vn 0.0114 -0.7666 -0.6421
vn 0.2339 -0.7427 -0.6274
vn 0.2733 -0.9447 -0.1814
vn 0.0453 -0.5122 -0.8577
vn 0.0401 -0.9983 -0.0417
vn -0.0552 -0.9920 -0.1137
vn -0.0215 -0.5488 -0.8357
vn -0.0832 0.3395 0.9369
vn -0.7791 -0.2504 -0.5747
vn -0.3644 -0.8642 -0.3469
vn -0.9164 -0.3892 -0.0933
vn -0.9378 0.3411 -0.0649
vn -0.7255 0.5346 -0.4334
vn -0.7875 0.6163 -0.0086
vn -0.3345 0.5341 -0.7765
vn -0.6028 0.4270 -0.6741
vn -0.9226 -0.3211 0.2138
vn 0.7861 0.0129 -0.6179
vn -0.0127 0.7785 -0.6275
vn -0.0004 0.9911 0.1331
vn -0.0472 -0.9768 -0.2088
vn -0.0873 -0.9343 0.3457
vn -0.4219 -0.8926 0.1589
vn -0.1263 -0.9527 -0.2764
vn -0.0551 0.7356 -0.6752
vn 0.0662 0.9808 0.1837
vn -0.3579 0.9245 0.1308
vn -0.5565 0.8297 0.0431
vn -0.2770 0.9451 -0.1735
vn -0.2240 0.9744 0.0175
vn -0.2521 0.9214 0.2956
vn -0.0588 0.9348 0.3502
vn -0.6088 -0.7586 -0.2321
vn -0.1250 -0.9792 -0.1599
vn -0.3243 -0.0483 0.9447
vn 0.0902 0.9597 0.2663
vn -0.1467 0.9480 0.2826
vn -0.4764 0.8784 0.0373
vn -0.7249 0.5793 -0.3727
vn -0.8786 -0.4259 0.2159
vn -0.7995 -0.5419 0.2593
vn -0.3458 0.9178 -0.1949
vn 0.2011 -0.1886 0.9613
vn -0.9719 -0.2321 -0.0398
vn -0.6304 -0.5951 0.4985
vn 0.1992 -0.4571 0.8668
vn 0.1660 -0.9493 0.2670
vn -0.6167 -0.3422 -0.7089
vn -0.1651 -0.7221 -0.6718
vn -0.0495 -0.7456 -0.6646
vn -0.9716 0.2281 -0.0636
vn -0.6636 0.6160 0.4244
vn -0.3739 0.8553 0.3587
vn -0.3790 0.7730 0.5088
vn -0.9568 0.2766 -0.0899
vn -0.5173 -0.8529 -0.0706
vn 0.3163 0.9081 -0.2743
vn -0.6070 0.7731 0.1841
vn -0.8305 0.4407 0.3407
vn -0.0035 -0.9320 -0.3624
vn 0.0050 -0.8396 -0.5432
vn 0.0245 -0.8916 -0.4522
vn 0.0425 -0.8825 -0.4684
vn 0.0940 -0.8183 -0.5671
vn 0.1912 -0.4753 -0.8588
vn 0.2284 0.1779 -0.9572
vn 0.2309 0.2484 -0.9407
vn 0.0683 0.3080 -0.9489
vn 0.0028 0.3176 -0.9482
vn -0.0014 -0.8912 -0.4535
vn 0.0030 0.2161 -0.9764
vn -0.0075 0.2167 -0.9762
vn -0.0501 -0.8781 -0.4759
vn -0.0276 -0.8935 -0.4482
vn -0.2305 -0.4851 -0.8435
vn -0.1307 -0.8031 -0.5813
vn -0.4190 -0.1650 -0.8929
vn -0.0677 0.2609 -0.9630
vn -0.3163 0.0165 -0.9485
vn -0.0172 0.2312 -0.9727
vn -0.0098 0.2916 -0.9565
vn -0.5659 -0.8196 0.0897
vn -0.5660 -0.1725 0.8061
vn -0.4744 -0.5489 0.6882
vn -0.3077 -0.9184 -0.2487
vn -0.4589 -0.8844 -0.0853
vn -0.2812 -0.9512 0.1274
vn -0.3162 -0.7796 -0.5406
vn -0.2098 -0.9775 -0.0235
vn -0.3207 -0.8985 0.2997
vn -0.5266 0.2303 0.8184
vn -0.1121 0.6679 0.7358
vn -0.0836 0.7098 0.6994
vn -0.9290 -0.3451 0.1336
vn -0.6358 -0.6893 -0.3473
vn -0.4543 -0.7646 -0.4572
vn -0.4132 -0.6474 -0.6404
vn 0.0037 0.8244 0.5660
vn -0.0006 0.7692 0.6391
vn 0.0128 0.7134 0.7006
vn -0.0063 0.7719 0.6357
vn 0.6887 -0.7100 0.1469
vn 0.4061 -0.8780 0.2536
vn 0.4558 0.1303 0.8805
vn 0.3585 -0.9257 -0.1209
vn 0.2849 -0.9584 0.0188
vn 0.5514 -0.8329 -0.0472
vn 0.2928 -0.8836 -0.3653
vn 0.1823 -0.9427 -0.2796
vn 0.3650 -0.9205 0.1392
vn 0.6069 0.3424 0.7173
vn 0.0537 0.7296 0.6818
vn 0.1562 0.6973 0.6996
vn 0.9697 -0.2360 0.0637
vn 0.6595 -0.6199 -0.4252
vn 0.3760 -0.8518 -0.3647
vn 0.3708 -0.7841 -0.4976
vn -0.0103 0.7874 0.6163
vn 0.4477 -0.6321 0.6325
vn 0.3719 0.5204 -0.7687
vn 0.4887 0.0607 -0.8703
vn 0.0990 -0.6121 -0.7845
vn 0.1409 -0.1077 -0.9841
vn 0.5623 0.8004 -0.2080
vn 0.6888 0.6910 -0.2193
vn 0.3115 0.9502 0.0133
vn 0.4208 0.9071 -0.0125
vn 0.1333 0.9875 -0.0841
vn 0.2494 0.9671 -0.0502
vn -0.4057 0.8811 0.2429
vn -0.1637 0.9475 0.2748
vn 0.0680 -0.8702 -0.4880
vn -0.0013 -0.9071 -0.4209
vn -0.0044 -0.8239 -0.5667
vn 0.0606 -0.7264 -0.6846
vn -0.5194 0.5198 -0.6782
vn -0.1945 -0.0909 -0.9767
vn -0.0982 -0.6485 -0.7548
vn -0.5626 -0.0331 -0.8261
vn -0.6135 0.7811 -0.1166
vn -0.7424 0.6336 -0.2179
vn -0.2996 0.9502 -0.0859
vn -0.5222 0.8503 -0.0652
vn -0.2227 0.9749 0.0036
vn -0.3277 0.9432 -0.0545
vn 0.0914 0.9531 0.2887
vn -0.0560 0.9693 0.2394
vn -0.0256 -0.8913 -0.4527
vn -0.0291 -0.7804 -0.6246
vn -0.4814 0.4854 -0.7298
vn -0.9317 0.2965 -0.2097
vn -0.4523 0.6435 -0.6175
vn -0.2968 0.9476 -0.1178
vn -0.1511 0.9610 -0.2317
vn -0.0128 0.8750 -0.4839
vn -0.0169 -0.2463 -0.9690
vn 0.0048 0.7949 -0.6067
vn -0.0076 0.8530 -0.5218
vn 0.1392 0.9844 -0.1072
vn 0.2750 0.9512 -0.1402
vn 0.4852 0.6499 -0.5850
vn 0.3695 0.4964 -0.7855
vn 0.8030 0.4748 -0.3602
vn 0.5241 0.0672 -0.8490
vn 0.6378 0.7311 -0.2422
vn 0.4433 0.8929 -0.0795
vn 0.2285 0.9685 -0.0992
vn -0.3837 0.8201 0.4246
vn -0.0028 -0.7052 -0.7090
vn -0.4506 -0.1426 -0.8813
vn -0.6328 0.6890 -0.3532
vn -0.5248 0.8275 -0.1996
vn -0.3052 0.9425 -0.1361
vn 0.0106 0.9932 0.1155
vn -0.5270 0.3423 0.7779
vn -0.0935 0.7767 0.6229
vn -0.0920 0.5938 0.7994
vn -0.5033 -0.0888 0.8596
vn -0.8922 -0.4498 0.0407
vn -0.6428 -0.7433 0.1852
vn -0.5830 -0.7216 -0.3733
vn -0.3868 -0.9216 0.0312
vn -0.4013 -0.8363 -0.3737
vn -0.2837 -0.9554 0.0817
vn -0.7351 -0.6401 0.2234
vn -0.7281 -0.1929 0.6578
vn -0.1159 -0.5374 0.8353
vn -0.0641 0.7103 0.7010
vn 0.0012 0.7799 0.6259
vn -0.0070 -0.4478 0.8941
vn 0.6403 0.4600 0.6152
vn 0.5933 0.0840 0.8006
vn 0.0969 0.6084 0.7877
vn 0.1213 0.8178 0.5626
vn 0.9587 -0.2734 -0.0785
vn 0.8199 -0.5157 0.2485
vn 0.6929 -0.5848 -0.4218
vn 0.5362 -0.8367 0.1116
vn 0.4779 -0.7223 -0.4999
vn 0.2888 -0.9508 0.1121
vn 0.8891 -0.2930 0.3517
vn 0.6036 -0.1488 0.7833
vn 0.0758 -0.5164 0.8530
vn 0.0372 0.7248 0.6880
vn -0.5277 -0.0747 0.8461
vn -0.5849 -0.7788 0.2267
vn -0.3638 -0.9224 0.1300
vn -0.2164 -0.9675 0.1304
vn -0.5841 -0.6102 0.5353
vn 0.0048 0.6542 0.7563
vn 0.0232 0.8475 0.5303
vn 0.5215 0.1573 0.8386
vn 0.7803 -0.5409 0.3140
vn 0.6844 -0.7107 0.1627
vn 0.1426 -0.9592 0.2441
vn 0.5949 -0.1173 0.7952
vn 0.7550 0.4202 0.5034
vn 0.2082 0.3633 0.9081
vn -0.3388 -0.5943 0.7294
vn 0.1581 -0.8890 0.4298
vn 0.9072 0.0322 0.4194
vn 0.0137 -0.9302 0.3668
vn 0.9927 -0.1041 -0.0607
vn 0.1096 -0.9456 0.3062
vn 0.6794 -0.4536 -0.5767
vn -0.1762 -0.9700 0.1676
vn -0.6001 -0.3911 -0.6979
vn 0.2052 -0.9778 0.0434
vn -0.9059 -0.2833 -0.3146
vn 0.0389 -0.9494 0.3118
vn -0.9742 -0.0279 0.2242
vn 0.0821 -0.9274 0.3649
vn -0.8114 0.4595 0.3612
vn -0.3457 -0.7655 0.5427
vn 0.1791 -0.0551 0.9823
vn -0.5055 0.5468 0.6675
vn 0.0389 -0.9486 -0.3139
vn 0.0341 -0.9587 -0.2824
vn 0.0557 -0.9601 -0.2741
vn -0.0062 -0.9410 -0.3385
vn -0.0137 -0.9492 -0.3143
vn 0.0106 -0.9558 -0.2938
vn 0.0197 -0.9424 -0.3340
vn -0.0036 -0.9788 -0.2047
vn 0.0049 -0.9851 -0.1720
vn 0.0518 -0.9816 -0.1835
vn 0.0338 -0.9774 -0.2085
vn -0.0757 -0.9641 -0.2544
vn -0.0936 -0.9668 -0.2377
vn -0.0374 -0.9817 -0.1865
vn -0.0388 -0.9748 -0.2195
vn 0.0750 -0.9607 -0.2674
vn 0.0952 -0.9625 -0.2540
vn 0.1332 -0.9743 -0.1819
vn 0.1118 -0.9776 -0.1783
vn 0.1147 -0.9674 -0.2258
vn 0.1497 -0.9718 -0.1820
vn 0.0118 -0.9696 -0.2445
vn 0.0464 -0.9875 -0.1505
vn -0.0765 -0.9745 -0.2110
vn -0.0718 -0.9927 -0.0964
vn -0.2143 -0.9688 -0.1245
vn -0.2201 -0.9755 -0.0057
vn -0.9639 -0.1952 0.1809
vn -0.6395 -0.6506 0.4097
vn 0.1314 -0.9682 -0.2128
vn 0.1705 -0.9675 -0.1869
vn -0.9504 0.1206 -0.2868
vn -0.1292 0.9423 0.3090
vn 0.1298 -0.9701 -0.2050
vn 0.1771 -0.9658 -0.1891
vn -0.7101 0.2109 -0.6718
vn -0.8342 0.1903 -0.5176
vn -0.0243 0.9754 0.2193
vn 0.0159 0.9841 0.1771
vn 0.6347 0.0511 -0.7710
vn 0.5290 0.1195 -0.8402
vn -0.0936 0.9808 0.1710
vn 0.4276 -0.8063 -0.4087
vn 0.3990 -0.8300 -0.3897
vn 0.2019 -0.9598 -0.1951
vn 0.5775 0.1152 -0.8083
vn -0.0827 0.9610 0.2640
vn -0.1420 0.1603 -0.9768
vn 0.0240 0.9869 0.1596
vn -0.6384 0.2000 -0.7432
vn 0.0359 0.9879 0.1507
vn 0.0240 -0.9321 -0.3615
vn 0.0213 -0.9262 -0.3764
vn 0.0226 -0.9271 -0.3742
vn -0.0426 -0.9455 -0.3227
vn -0.0688 -0.9539 -0.2922
vn 0.0937 -0.9753 -0.2001
vn 0.0703 -0.9741 -0.2147
vn 0.0666 -0.9691 -0.2373
vn 0.0344 -0.9700 -0.2407
vn -0.0018 -0.9686 -0.2486
vn -0.0360 -0.9626 -0.2685
vn -0.0646 -0.9848 -0.1615
vn -0.0855 -0.9833 -0.1605
vn -0.0707 -0.9862 -0.1500
vn -0.0373 -0.9902 -0.1344
vn -0.0507 -0.9873 -0.1505
vn -0.0556 -0.9889 -0.1375
vn -0.0428 -0.9911 -0.1261
vn -0.0801 -0.9913 -0.1040
vn -0.0983 -0.9875 -0.1230
vn -0.1295 -0.9838 -0.1236
vn -0.1095 -0.9886 -0.1031
vn -0.0617 -0.9957 -0.0696
vn -0.0693 -0.9942 -0.0819
vn -0.0962 -0.9930 -0.0679
vn -0.0799 -0.9959 -0.0418
vn -0.0595 -0.9890 -0.1353
vn -0.0698 -0.9922 -0.1029
vn -0.0939 -0.9886 -0.1173
vn -0.0832 -0.9862 -0.1433
vn -0.1206 -0.9842 -0.1298
vn -0.1109 -0.9830 -0.1461
vn -0.0199 -0.9933 -0.1138
vn -0.0337 -0.9960 -0.0827
vn 0.0206 -0.9955 -0.0924
vn 0.0252 -0.9982 -0.0536
vn 0.3276 -0.9369 0.1220
vn 0.1258 -0.9919 0.0154
vn 0.9367 0.0033 -0.3501
vn 0.1156 0.9781 0.1730
vn -0.1480 -0.9789 -0.1406
vn -0.1387 -0.9790 -0.1492
vn -0.9903 0.0180 0.1376
vn 0.0126 0.9945 0.1039
vn -0.1677 -0.9751 -0.1449
vn -0.1597 -0.9759 -0.1488
vn -0.5597 -0.0468 0.8274
vn 0.0220 0.9918 0.1260
vn 0.0091 0.9941 0.1081
vn -0.8040 -0.0207 0.5943
vn -0.1089 -0.9903 -0.0859
vn -0.1418 -0.9829 -0.1176
vn 0.1863 -0.9672 0.1729
vn 0.5080 -0.2614 0.8207
vn -0.1944 -0.9690 -0.1525
vn -0.1879 -0.9716 -0.1439
vn 0.5552 0.2910 0.7792
vn 0.0215 -0.1624 0.9865
vn 0.0857 0.9747 0.2062
vn -0.4479 -0.0525 0.8926
vn -0.5536 0.0524 0.8311
vn 0.0415 0.9877 0.1506
vn -0.0461 -0.9808 -0.1897
vn -0.0464 -0.9846 -0.1684
vn -0.0378 -0.9885 -0.1463
vn -0.0363 -0.9926 -0.1160
vn -0.0489 -0.9942 -0.0961
vn -0.1620 -0.9776 -0.1346
vn -0.1305 -0.9818 -0.1383
vn -0.1117 -0.9828 -0.1471
vn -0.0859 -0.9876 -0.1315
vn -0.0565 -0.9927 -0.1066
vn -0.0697 -0.9904 -0.1193
vn 0.5132 0.8564 0.0568
vn 0.4466 0.7570 -0.4769
vn 0.3046 0.8321 -0.4636
vn -0.0685 0.9775 0.1994
vn 0.7563 0.6433 -0.1187
vn 0.5942 0.3614 -0.7186
vn 0.8121 -0.4362 -0.3876
vn 0.4401 -0.7921 -0.4230
vn 0.3803 -0.2030 -0.9023
vn 0.9839 0.1326 -0.1195
vn 0.0707 0.0997 -0.9925
vn -0.2088 0.2081 -0.9556
vn -0.0284 -0.7069 -0.7068
vn -0.9049 -0.3503 -0.2417
vn -0.5085 -0.6322 0.5845
vn -0.4932 0.5915 -0.6378
vn -0.1320 0.8067 0.5760
vn 0.5329 0.7043 0.4690
vn 0.8069 0.4042 0.4308
vn 0.7080 -0.6032 -0.3673
vn 0.4187 -0.8684 -0.2656
vn 0.9655 -0.2544 -0.0549
vn -0.5428 -0.6926 -0.4751
vn -0.5038 -0.5494 -0.6666
vn -0.9821 0.1126 0.1511
vn 0.4561 -0.8381 -0.2992
vn -0.3949 0.8710 0.2922
vn -0.8962 0.3498 -0.2731
vn -0.6252 0.6063 0.4915
vn -0.0195 0.9267 0.3754
vn -0.3132 0.8492 -0.4251
vn -0.6345 0.6804 -0.3667
vn -0.9723 0.2055 0.1110
vn -0.8552 -0.0169 -0.5180
vn -0.7070 -0.6509 0.2765
vn -0.9195 -0.3881 0.0624
vn -0.4658 -0.0928 -0.8800
vn -0.4517 -0.8454 -0.2850
vn 0.0437 0.2536 -0.9663
vn -0.5000 0.3655 -0.7851
vn -0.3536 -0.3434 -0.8701
vn 0.1030 -0.3470 -0.9322
vn 0.2819 -0.2826 -0.9169
vn 0.3437 0.8405 -0.4188
vn -0.1722 0.2156 0.9612
vn 0.3329 0.7406 0.5837
vn -0.4949 -0.4415 0.7484
vn -0.3959 -0.9147 -0.0817
vn -0.4662 -0.8709 0.1556
vn -0.3925 -0.1038 0.9139
vn 0.4117 -0.0474 -0.9101
vn 0.2091 -0.3451 -0.9150
vn 0.5506 0.4705 -0.6895
vn -0.3817 -0.9169 -0.1165
vn 0.4684 0.8784 -0.0950
vn 0.6502 0.7286 -0.2153
vn -0.4471 0.8661 -0.2235
vn -0.7674 0.6411 0.0068
vn -0.2929 0.9533 0.0736
vn -0.0940 0.7093 -0.6987
vn -0.7677 0.3522 0.5353
vn -0.2392 0.5680 0.7875
vn 0.4203 0.9062 0.0463
vn 0.1136 0.6917 -0.7132
vn 0.3725 0.4370 0.8187
vn 0.9255 0.1708 0.3381
vn 0.9603 0.1434 -0.2391
vn 0.8098 -0.0123 0.5866
vn 0.6912 -0.5325 0.4885
vn 0.9398 -0.1937 0.2815
vn 0.6052 -0.2211 -0.7648
vn -0.4860 0.8394 -0.2432
vn -0.9005 0.3973 0.1766
vn -0.6381 -0.4902 0.5938
vn 0.1358 -0.4809 -0.8662
vn 0.4334 0.3747 -0.8196
vn 0.3356 0.3826 -0.8608
vn -0.2582 -0.5164 -0.8165
vn -0.1219 0.5428 -0.8309
vn -0.4071 0.1642 -0.8985
vn -0.1869 -0.8069 0.5604
vn -0.7352 -0.5705 0.3662
vn 0.0388 -0.6845 0.7280
vn 0.0455 -0.5186 0.8538
vn -0.0614 -0.5882 0.8064
vn 0.7444 -0.5893 0.3141
vn 0.1574 -0.9828 -0.0962
vn -0.2787 -0.9561 -0.0903
vn 0.6602 -0.7352 -0.1535
vn 0.9007 -0.3704 -0.2271
vn -0.7843 -0.5694 -0.2462
vn -0.8517 0.2364 -0.4677
vn 0.0487 0.9125 0.4063
vn 0.3898 0.8735 0.2915
vn 0.3220 0.9466 -0.0157
vn 0.0488 0.9988 0.0012
vn -0.0678 0.9113 0.4062
vn -0.1595 0.9870 0.0203
vn -0.4473 0.8275 0.3393
vn -0.4696 0.8828 0.0163
vn 0.0910 0.8808 -0.4646
vn -0.1317 0.8702 -0.4748
vn -0.0833 0.8625 -0.4991
vn -0.2083 0.8068 -0.5529
vn -0.0621 -0.9980 0.0100
vn 0.0367 -0.9992 0.0150
vn 0.0504 -0.9055 0.4213
vn -0.0532 -0.9132 0.4041
vn -0.0029 -0.9999 -0.0127
vn -0.0358 0.7439 0.6674
vn 0.0298 0.7526 0.6578
vn -0.0212 0.5482 0.8361
vn 0.0345 0.5471 0.8364
vn -0.0232 0.1334 0.9908
vn 0.0485 0.1038 0.9934
vn -0.0095 -0.4708 0.8822
vn 0.0465 -0.4837 0.8740
vn 0.3343 0.7488 0.5724
vn -0.1226 0.7528 0.6467
vn -0.4222 0.5232 0.7403
vn 0.4029 0.5527 0.7295
vn 0.6168 0.1566 0.7714
vn -0.5896 0.1630 0.7911
vn -0.7412 -0.2682 0.6154
vn 0.2945 -0.4749 0.8293
vn 0.4523 -0.8220 0.3459
vn -0.8278 -0.5287 0.1878
vn -0.7130 -0.6967 -0.0787
vn -0.3370 -0.9361 -0.1009
vn 0.3435 -0.9381 -0.0436
vn 0.0990 -0.9944 -0.0357
vn 0.6670 0.7161 0.2056
vn 0.4606 0.8876 0.0025
vn -0.6637 0.7476 -0.0244
vn -0.7394 0.6329 0.2297
vn -0.0369 0.7431 -0.6681
vn 0.0105 0.7599 -0.6499
vn 0.1697 0.9008 -0.3998
vn -0.5017 0.5505 -0.6672
vn 0.6040 0.6400 0.4749
vn -0.1129 0.8168 0.5658
vn -0.7806 0.3574 0.5128
vn 0.7408 0.4665 0.4833
vn 0.9554 0.2745 0.1092
vn -0.9808 0.1692 0.0968
vn -0.9317 0.1928 -0.3078
vn 0.5244 -0.3646 0.7694
vn 0.7991 -0.5716 0.1862
vn -0.7221 0.6460 -0.2473
vn -0.9652 -0.1415 -0.2200
vn -0.4688 -0.8665 -0.1713
vn -0.0134 -0.9998 -0.0125
vn 0.4671 -0.8702 -0.1566
vn 0.1324 -0.9905 -0.0383
vn 0.9994 -0.0227 0.0276
vn 0.9291 0.2732 0.2491
vn 0.6621 0.4785 -0.5768
vn 0.6741 0.5662 -0.4744
vn 0.6646 0.5357 -0.5208
vn 0.0000 -0.6506 0.7594
vn 0.2422 -0.6265 0.7408
vn 0.2068 -0.2906 0.9343
vn 0.0000 -0.3864 0.9223
vn 0.4466 -0.5789 0.6822
vn 0.6021 -0.1369 0.7866
vn 0.8257 -0.3619 0.4328
vn 0.9683 -0.1595 0.1922
vn 0.8693 0.1417 0.4736
vn 0.8636 0.3185 -0.3908
vn 0.8516 0.4221 -0.3109
vn 0.0294 0.6888 -0.7243
vn 0.5220 0.6805 0.5142
vn 0.5047 0.6258 0.5947
vn 0.3604 0.6025 0.7121
vn 0.1052 0.3095 0.9451
vn 0.0000 0.2113 0.9774
vn 0.4021 0.8483 0.3447
vn 0.5721 0.7673 0.2898
vn 0.0000 0.6253 -0.7804
vn -0.3670 0.6350 -0.6798
vn -0.3334 0.5874 -0.7375
vn -0.6446 0.5949 -0.4802
vn -0.2704 0.9601 0.0711
vn 0.1796 0.9829 -0.0401
vn 0.5025 0.8438 0.1883
vn 0.0354 0.6031 0.7969
vn 0.0582 0.8022 0.5943
vn 0.3808 0.6461 0.6615
vn 0.0000 0.8907 0.4545
vn 0.2070 0.8352 0.5095
vn -0.0648 0.4385 0.8964
vn -0.1131 0.5392 0.8345
vn 0.0000 0.4775 0.8786
vn -0.1134 0.8468 0.5196
vn -0.1873 0.8576 0.4789
vn 0.0262 0.9313 0.3633
vn 0.5915 0.5067 0.6272
vn 0.0000 0.1322 0.9912
vn 0.2907 0.1767 0.9403
vn 0.6789 0.6045 0.4166
vn -0.9994 -0.0227 0.0276
vn -0.9292 0.2732 0.2491
vn -0.8882 0.4490 0.0972
vn -0.6621 0.4785 -0.5768
vn -0.8263 0.4106 -0.3856
vn -0.6646 0.5357 -0.5208
vn -0.2421 -0.6269 0.7405
vn -0.4464 -0.5793 0.6820
vn -0.6021 -0.1369 0.7866
vn -0.6906 -0.4645 0.5544
vn -0.8257 -0.3619 0.4328
vn -0.8694 0.1411 0.4736
vn -0.8516 0.4221 -0.3109
vn -0.8636 0.3185 -0.3908
vn -0.0294 0.6889 -0.7243
vn -0.5220 0.6805 0.5143
vn -0.6086 0.7358 0.2971
vn -0.5047 0.6258 0.5947
vn -0.4315 0.4437 0.7855
vn -0.2498 0.2808 0.9267
vn -0.1052 0.3095 0.9451
vn -0.5718 0.7676 0.2896
vn 0.3669 0.6350 -0.6798
vn 0.3334 0.5874 -0.7374
vn 0.6447 0.5949 -0.4802
vn 0.2704 0.9601 0.0711
vn -0.1796 0.9829 -0.0401
vn -0.5023 0.8440 0.1882
vn -0.0354 0.6031 0.7969
vn -0.0582 0.8021 0.5943
vn -0.3809 0.6461 0.6614
vn -0.2070 0.8352 0.5095
vn 0.2085 0.4975 0.8420
vn 0.1131 0.5392 0.8345
vn 0.0648 0.4385 0.8964
vn 0.1873 0.8576 0.4789
vn 0.1134 0.8468 0.5196
vn -0.0262 0.9313 0.3633
vn -0.2110 0.8780 0.4297
vn -0.2907 0.1767 0.9404
# 1156 vertex normals

vt 0.9370 0.0515 0.0000
vt 0.9760 0.0921 0.0000
vt 0.9534 0.1085 0.0000
vt 0.9225 0.0742 0.0000
vt 0.9890 0.1351 0.0000
vt 0.9626 0.1463 0.0000
vt 0.9700 0.1810 0.0000
vt 0.9623 0.1811 0.0000
vt 0.7850 0.0861 0.0000
vt 0.8159 0.0567 0.0000
vt 0.8317 0.0724 0.0000
vt 0.8033 0.0994 0.0000
vt 0.8460 0.0390 0.0000
vt 0.8759 0.0311 0.0000
vt 0.8750 0.0577 0.0000
vt 0.9354 0.1181 0.0000
vt 0.9103 0.0912 0.0000
vt 0.9427 0.1470 0.0000
vt 0.9412 0.1997 0.0000
vt 0.9284 0.1904 0.0000
vt 0.9529 0.1876 0.0000
vt 0.8397 0.0883 0.0000
vt 0.8169 0.1093 0.0000
vt 0.8758 0.0782 0.0000
vt 0.9382 0.1748 0.0000
vt 0.9898 0.1672 0.0000
vt 0.9870 0.1727 0.0000
vt 0.8592 0.1221 0.0000
vt 0.8484 0.1322 0.0000
vt 0.8300 0.1189 0.0000
vt 0.8476 0.1022 0.0000
vt 0.8758 0.0927 0.0000
vt 0.8750 0.1164 0.0000
vt 0.9013 0.1037 0.0000
vt 0.8891 0.1236 0.0000
vt 0.9218 0.1247 0.0000
vt 0.9010 0.1347 0.0000
vt 0.9284 0.1485 0.0000
vt 0.9050 0.1514 0.0000
vt 0.9268 0.1696 0.0000
vt 0.9138 0.1645 0.0000
vt 0.9187 0.1832 0.0000
vt 0.9075 0.1751 0.0000
vt 0.8912 0.1633 0.0000
vt 0.8776 0.1464 0.0000
vt 0.8736 0.1443 0.0000
vt 0.8783 0.1539 0.0000
vt 0.8793 0.1501 0.0000
vt 0.8685 0.1468 0.0000
vt 0.7660 0.0723 0.0000
vt 0.7835 0.0555 0.0000
vt 0.8073 0.0363 0.0000
vt 0.8384 0.0212 0.0000
vt 0.7498 0.0606 0.0000
vt 0.7658 0.0438 0.0000
vt 0.7858 0.0287 0.0000
vt 0.8090 0.0136 0.0000
vt 0.7392 0.0528 0.0000
vt 0.7541 0.0356 0.0000
vt 0.7707 0.0210 0.0000
vt 0.7947 0.0126 0.0000
vt 0.7820 0.0157 0.0000
vt 0.9890 0.1785 0.0000
vt 0.9718 0.1874 0.0000
vt 0.9822 0.1979 0.0000
vt 0.9700 0.1983 0.0000
vt 0.9710 0.2212 0.0000
vt 0.9620 0.2146 0.0000
vt 0.9640 0.1897 0.0000
vt 0.9679 0.1896 0.0000
vt 0.9564 0.1940 0.0000
vt 0.9480 0.2048 0.0000
vt 0.7332 0.0485 0.0000
vt 0.7481 0.0307 0.0000
vt 0.7649 0.0152 0.0000
vt 0.7784 0.0086 0.0000
vt 0.7945 0.0049 0.0000
vt 0.8108 0.0061 0.0000
vt 0.8424 0.0136 0.0000
vt 0.8818 0.0254 0.0000
vt 0.9395 0.0474 0.0000
vt 0.9808 0.0903 0.0000
vt 0.9942 0.1335 0.0000
vt 0.9946 0.1683 0.0000
vt 0.9925 0.1800 0.0000
vt 0.9855 0.2002 0.0000
vt 0.9745 0.2237 0.0000
vt 0.9641 0.2004 0.0000
vt 0.9584 0.2119 0.0000
vt 0.8737 0.1506 0.0000
vt 0.4971 0.8803 0.0000
vt 0.4929 0.8621 0.0000
vt 0.5055 0.8584 0.0000
vt 0.5094 0.8814 0.0000
vt 0.4826 0.8508 0.0000
vt 0.4941 0.8445 0.0000
vt 0.4728 0.8424 0.0000
vt 0.4749 0.8404 0.0000
vt 0.4626 0.9141 0.0000
vt 0.4775 0.9106 0.0000
vt 0.4798 0.9224 0.0000
vt 0.4630 0.9265 0.0000
vt 0.4918 0.8998 0.0000
vt 0.5021 0.9083 0.0000
vt 0.4931 0.9161 0.0000
vt 0.4868 0.8802 0.0000
vt 0.4840 0.8664 0.0000
vt 0.4765 0.8583 0.0000
vt 0.4677 0.8441 0.0000
vt 0.4606 0.8527 0.0000
vt 0.4604 0.8453 0.0000
vt 0.4624 0.9061 0.0000
vt 0.4734 0.9032 0.0000
vt 0.4839 0.8936 0.0000
vt 0.4668 0.8536 0.0000
vt 0.4729 0.9384 0.0000
vt 0.4635 0.9410 0.0000
vt 0.4949 0.9248 0.0000
vt 0.4846 0.9340 0.0000
vt 0.4729 0.9501 0.0000
vt 0.4639 0.9519 0.0000
vt 0.4823 0.9457 0.0000
vt 0.4917 0.9395 0.0000
vt 0.4816 0.9519 0.0000
vt 0.4730 0.9545 0.0000
vt 0.4889 0.9447 0.0000
vt 0.4853 0.9492 0.0000
vt 0.4841 0.8368 0.0000
vt 0.4835 0.9571 0.0000
vt 0.4740 0.9596 0.0000
vt 0.4642 0.9609 0.0000
vt 0.4640 0.9561 0.0000
vt 0.4883 0.9532 0.0000
vt 0.4927 0.9476 0.0000
vt 0.4961 0.9412 0.0000
vt 0.5006 0.9267 0.0000
vt 0.5063 0.9089 0.0000
vt 0.5135 0.8817 0.0000
vt 0.5092 0.8561 0.0000
vt 0.4962 0.8416 0.0000
vt 0.4838 0.8333 0.0000
vt 0.4705 0.8323 0.0000
vt 0.4598 0.8313 0.0000
vt 0.4597 0.8290 0.0000
vt 0.4709 0.8301 0.0000
vt 0.4799 0.8332 0.0000
vt 0.4664 0.8393 0.0000
vt 0.4601 0.8388 0.0000
vt 0.7990 0.2414 0.0000
vt 0.8161 0.2205 0.0000
vt 0.8583 0.2393 0.0000
vt 0.8497 0.2659 0.0000
vt 0.8971 0.2365 0.0000
vt 0.8946 0.2650 0.0000
vt 0.9324 0.2327 0.0000
vt 0.9300 0.2254 0.0000
vt 0.7864 0.1348 0.0000
vt 0.7666 0.1246 0.0000
vt 0.7590 0.1587 0.0000
vt 0.7857 0.1805 0.0000
vt 0.7607 0.1896 0.0000
vt 0.8285 0.2037 0.0000
vt 0.8618 0.2193 0.0000
vt 0.8916 0.2173 0.0000
vt 0.9333 0.2144 0.0000
vt 0.8039 0.1374 0.0000
vt 0.8055 0.1749 0.0000
vt 0.9166 0.2044 0.0000
vt 0.9298 0.2514 0.0000
vt 0.9254 0.2558 0.0000
vt 0.8422 0.1456 0.0000
vt 0.8197 0.1407 0.0000
vt 0.8416 0.1624 0.0000
vt 0.8193 0.1705 0.0000
vt 0.8528 0.1736 0.0000
vt 0.8376 0.1913 0.0000
vt 0.8670 0.1814 0.0000
vt 0.8639 0.2043 0.0000
vt 0.8841 0.1801 0.0000
vt 0.8886 0.2033 0.0000
vt 0.8993 0.1844 0.0000
vt 0.9082 0.1952 0.0000
vt 0.8709 0.1556 0.0000
vt 0.8677 0.1524 0.0000
vt 0.8750 0.1561 0.0000
vt 0.7554 0.0942 0.0000
vt 0.7445 0.1228 0.0000
vt 0.7398 0.1569 0.0000
vt 0.7388 0.0809 0.0000
vt 0.7307 0.1046 0.0000
vt 0.7234 0.1314 0.0000
vt 0.7274 0.0723 0.0000
vt 0.7186 0.0926 0.0000
vt 0.7181 0.1181 0.0000
vt 0.7171 0.1050 0.0000
vt 0.9360 0.2516 0.0000
vt 0.9390 0.2324 0.0000
vt 0.9523 0.2391 0.0000
vt 0.9490 0.2274 0.0000
vt 0.9385 0.2243 0.0000
vt 0.9401 0.2280 0.0000
vt 0.9405 0.2157 0.0000
vt 0.7209 0.0682 0.0000
vt 0.7114 0.0889 0.0000
vt 0.7093 0.1038 0.0000
vt 0.7107 0.1202 0.0000
vt 0.7168 0.1354 0.0000
vt 0.7338 0.1631 0.0000
vt 0.7571 0.1970 0.0000
vt 0.7959 0.2450 0.0000
vt 0.8494 0.2710 0.0000
vt 0.8947 0.2705 0.0000
vt 0.9279 0.2601 0.0000
vt 0.9384 0.2544 0.0000
vt 0.9556 0.2415 0.0000
vt 0.9492 0.2212 0.0000
vt 0.4260 0.8827 0.0000
vt 0.4138 0.8846 0.0000
vt 0.4161 0.8614 0.0000
vt 0.4290 0.8643 0.0000
vt 0.4266 0.8468 0.0000
vt 0.4385 0.8523 0.0000
vt 0.4453 0.8414 0.0000
vt 0.4478 0.8430 0.0000
vt 0.4460 0.9235 0.0000
vt 0.4475 0.9115 0.0000
vt 0.4325 0.9017 0.0000
vt 0.4323 0.9180 0.0000
vt 0.4229 0.9109 0.0000
vt 0.4381 0.8680 0.0000
vt 0.4363 0.8819 0.0000
vt 0.4450 0.8594 0.0000
vt 0.4530 0.8445 0.0000
vt 0.4511 0.9038 0.0000
vt 0.4401 0.8950 0.0000
vt 0.4544 0.8540 0.0000
vt 0.4540 0.9391 0.0000
vt 0.4420 0.9353 0.0000
vt 0.4311 0.9269 0.0000
vt 0.4547 0.9507 0.0000
vt 0.4451 0.9469 0.0000
vt 0.4352 0.9414 0.0000
vt 0.4550 0.9551 0.0000
vt 0.4462 0.9531 0.0000
vt 0.4384 0.9464 0.0000
vt 0.4423 0.9506 0.0000
vt 0.4360 0.8384 0.0000
vt 0.4542 0.9602 0.0000
vt 0.4446 0.9583 0.0000
vt 0.4395 0.9548 0.0000
vt 0.4348 0.9495 0.0000
vt 0.4309 0.9433 0.0000
vt 0.4256 0.9292 0.0000
vt 0.4187 0.9118 0.0000
vt 0.4097 0.8852 0.0000
vt 0.4123 0.8593 0.0000
vt 0.4243 0.8441 0.0000
vt 0.4361 0.8350 0.0000
vt 0.4492 0.8330 0.0000
vt 0.4486 0.8308 0.0000
vt 0.4399 0.8346 0.0000
vt 0.4538 0.8397 0.0000
vt 0.9692 0.7370 0.0000
vt 0.9443 0.7873 0.0000
vt 0.9247 0.7827 0.0000
vt 0.9521 0.7382 0.0000
vt 0.9479 0.8417 0.0000
vt 0.9341 0.8658 0.0000
vt 0.9169 0.8561 0.0000
vt 0.9310 0.8387 0.0000
vt 0.8868 0.9329 0.0000
vt 0.8660 0.9516 0.0000
vt 0.8652 0.9289 0.0000
vt 0.7564 0.5214 0.0000
vt 0.8081 0.5463 0.0000
vt 0.8023 0.5655 0.0000
vt 0.7566 0.5385 0.0000
vt 0.8645 0.5507 0.0000
vt 0.8947 0.6002 0.0000
vt 0.8796 0.6135 0.0000
vt 0.8560 0.5658 0.0000
vt 0.9393 0.6323 0.0000
vt 0.9420 0.6881 0.0000
vt 0.9225 0.6930 0.0000
vt 0.9243 0.6412 0.0000
vt 0.9109 0.9015 0.0000
vt 0.8953 0.8904 0.0000
vt 0.8462 0.9629 0.0000
vt 0.8271 0.9685 0.0000
vt 0.8318 0.9499 0.0000
vt 0.9181 0.7812 0.0000
vt 0.9179 0.8352 0.0000
vt 0.9464 0.7383 0.0000
vt 0.9160 0.6947 0.0000
vt 0.9192 0.6439 0.0000
vt 0.8748 0.6181 0.0000
vt 0.8530 0.5706 0.0000
vt 0.8005 0.5719 0.0000
vt 0.7566 0.5443 0.0000
vt 0.9022 0.8457 0.0000
vt 0.8829 0.8795 0.0000
vt 0.7782 0.9638 0.0000
vt 0.7607 0.9621 0.0000
vt 0.7605 0.9429 0.0000
vt 0.7795 0.9439 0.0000
vt 0.7604 0.9264 0.0000
vt 0.7764 0.9247 0.0000
vt 0.8090 0.9697 0.0000
vt 0.7918 0.9674 0.0000
vt 0.7928 0.9484 0.0000
vt 0.8081 0.9512 0.0000
vt 0.8004 0.9352 0.0000
vt 0.8269 0.9359 0.0000
vt 0.8556 0.9160 0.0000
vt 0.8982 0.7816 0.0000
vt 0.8276 0.7582 0.0000
vt 0.8237 0.7054 0.0000
vt 0.8862 0.6647 0.0000
vt 0.8334 0.6022 0.0000
vt 0.7570 0.5816 0.0000
vt 0.7600 0.8861 0.0000
vt 0.8322 0.8631 0.0000
vt 0.8303 0.7676 0.0000
vt 0.7985 0.8066 0.0000
vt 0.7953 0.7955 0.0000
vt 0.7593 0.8180 0.0000
vt 0.7592 0.8062 0.0000
vt 0.7579 0.6702 0.0000
vt 0.7577 0.6585 0.0000
vt 0.7963 0.6684 0.0000
vt 0.7941 0.6796 0.0000
vt 0.8258 0.6958 0.0000
vt 0.8809 0.7861 0.0000
vt 0.8287 0.8592 0.0000
vt 0.7599 0.8802 0.0000
vt 0.7571 0.5973 0.0000
vt 0.8249 0.6148 0.0000
vt 0.8715 0.6629 0.0000
vt 0.7585 0.7330 0.0000
vt 0.5478 0.7411 0.0000
vt 0.5650 0.7420 0.0000
vt 0.5933 0.7860 0.0000
vt 0.5737 0.7909 0.0000
vt 0.5712 0.8454 0.0000
vt 0.5880 0.8421 0.0000
vt 0.6025 0.8592 0.0000
vt 0.5855 0.8692 0.0000
vt 0.6341 0.9353 0.0000
vt 0.6556 0.9309 0.0000
vt 0.6553 0.9536 0.0000
vt 0.7114 0.5664 0.0000
vt 0.7052 0.5474 0.0000
vt 0.6488 0.5528 0.0000
vt 0.6576 0.5677 0.0000
vt 0.6350 0.6159 0.0000
vt 0.6197 0.6029 0.0000
vt 0.5757 0.6359 0.0000
vt 0.5909 0.6445 0.0000
vt 0.5937 0.6962 0.0000
vt 0.5741 0.6917 0.0000
vt 0.6247 0.8931 0.0000
vt 0.6094 0.9045 0.0000
vt 0.6752 0.9646 0.0000
vt 0.6894 0.9513 0.0000
vt 0.6945 0.9698 0.0000
vt 0.5999 0.7844 0.0000
vt 0.6011 0.8383 0.0000
vt 0.5707 0.7420 0.0000
vt 0.6003 0.6978 0.0000
vt 0.5960 0.6471 0.0000
vt 0.6399 0.6204 0.0000
vt 0.6608 0.5725 0.0000
vt 0.7133 0.5728 0.0000
vt 0.6170 0.8485 0.0000
vt 0.6369 0.8819 0.0000
vt 0.7433 0.9642 0.0000
vt 0.7416 0.9443 0.0000
vt 0.7444 0.9250 0.0000
vt 0.7126 0.9706 0.0000
vt 0.7131 0.9522 0.0000
vt 0.7284 0.9491 0.0000
vt 0.7298 0.9680 0.0000
vt 0.7206 0.9360 0.0000
vt 0.6940 0.9372 0.0000
vt 0.6650 0.9178 0.0000
vt 0.6197 0.7844 0.0000
vt 0.6898 0.7595 0.0000
vt 0.6928 0.7067 0.0000
vt 0.6294 0.6672 0.0000
vt 0.6810 0.6037 0.0000
vt 0.6873 0.8646 0.0000
vt 0.7229 0.7962 0.0000
vt 0.7199 0.8073 0.0000
vt 0.6874 0.7690 0.0000
vt 0.7218 0.6803 0.0000
vt 0.7194 0.6692 0.0000
vt 0.6904 0.6972 0.0000
vt 0.6907 0.8606 0.0000
vt 0.6371 0.7885 0.0000
vt 0.6898 0.6161 0.0000
vt 0.6441 0.6652 0.0000
vt 0.6344 0.7360 0.0000
vt 0.6635 0.7207 0.0000
vt 0.6825 0.7476 0.0000
vt 0.6578 0.7677 0.0000
vt 0.7035 0.7747 0.0000
vt 0.6830 0.7902 0.0000
vt 0.7309 0.7982 0.0000
vt 0.7102 0.8160 0.0000
vt 0.7626 0.8130 0.0000
vt 0.7337 0.8366 0.0000
vt 0.7960 0.8148 0.0000
vt 0.7758 0.8414 0.0000
vt 0.6204 0.6713 0.0000
vt 0.6399 0.6592 0.0000
vt 0.6232 0.6994 0.0000
vt 0.6156 0.6440 0.0000
vt 0.6422 0.6354 0.0000
vt 0.6279 0.6082 0.0000
vt 0.6495 0.5985 0.0000
vt 0.5883 0.7805 0.0000
vt 0.5981 0.7690 0.0000
vt 0.6204 0.7980 0.0000
vt 0.6063 0.8072 0.0000
vt 0.6456 0.8198 0.0000
vt 0.6342 0.8311 0.0000
vt 0.6669 0.8422 0.0000
vt 0.5984 0.7229 0.0000
vt 0.5872 0.7400 0.0000
vt 0.5812 0.7179 0.0000
vt 0.5792 0.7500 0.0000
vt 0.5545 0.7621 0.0000
vt 0.5537 0.7254 0.0000
vt 0.5294 0.7692 0.0000
vt 0.5239 0.7274 0.0000
vt 0.4907 0.6817 0.0000
vt 0.5231 0.6821 0.0000
vt 0.5230 0.7033 0.0000
vt 0.4901 0.7056 0.0000
vt 0.4913 0.6456 0.0000
vt 0.5233 0.6450 0.0000
vt 0.6053 0.6466 0.0000
vt 0.5572 0.6455 0.0000
vt 0.5823 0.6168 0.0000
vt 0.8220 0.8533 0.0000
vt 0.8308 0.8632 0.0000
vt 0.8037 0.8742 0.0000
vt 0.7009 0.8500 0.0000
vt 0.6941 0.8717 0.0000
vt 0.6510 0.8651 0.0000
vt 0.5902 0.8199 0.0000
vt 0.5703 0.7929 0.0000
vt 0.5525 0.8473 0.0000
vt 0.5704 0.8356 0.0000
vt 0.5973 0.8640 0.0000
vt 0.5753 0.8815 0.0000
vt 0.5371 0.8570 0.0000
vt 0.5531 0.8853 0.0000
vt 0.6206 0.9529 0.0000
vt 0.5380 0.8543 0.0000
vt 0.6258 0.9203 0.0000
vt 0.6358 0.8905 0.0000
vt 0.6838 0.9012 0.0000
vt 0.6764 0.9327 0.0000
vt 0.7107 0.9623 0.0000
vt 0.6690 0.9598 0.0000
vt 0.7155 0.9382 0.0000
vt 0.7231 0.9079 0.0000
vt 0.7605 0.9083 0.0000
vt 0.7522 0.9404 0.0000
vt 0.7746 0.9676 0.0000
vt 0.7483 0.9644 0.0000
vt 0.7796 0.9449 0.0000
vt 0.5734 0.5964 0.0000
vt 0.5497 0.6036 0.0000
vt 0.5360 0.5276 0.0000
vt 0.5637 0.5227 0.0000
vt 0.6033 0.5717 0.0000
vt 0.5896 0.5205 0.0000
vt 0.8257 0.8995 0.0000
vt 0.8504 0.8812 0.0000
vt 0.8949 0.9101 0.0000
vt 0.8762 0.9290 0.0000
vt 0.8021 0.9752 0.0000
vt 0.8101 0.9532 0.0000
vt 0.8569 0.9744 0.0000
vt 0.8532 0.9936 0.0000
vt 0.4851 0.5305 0.0000
vt 0.5114 0.5310 0.0000
vt 0.5189 0.6099 0.0000
vt 0.4897 0.6114 0.0000
vt 0.8161 0.9259 0.0000
vt 0.8636 0.9481 0.0000
vt 0.4842 0.8058 0.0000
vt 0.4956 0.7889 0.0000
vt 0.5257 0.8184 0.0000
vt 0.5137 0.8287 0.0000
vt 0.4592 0.7987 0.0000
vt 0.4592 0.7851 0.0000
vt 0.4592 0.7309 0.0000
vt 0.4908 0.7314 0.0000
vt 0.6165 0.7509 0.0000
vt 0.6390 0.7833 0.0000
vt 0.6627 0.8068 0.0000
vt 0.6895 0.8291 0.0000
vt 0.7301 0.8546 0.0000
vt 0.7722 0.8549 0.0000
vt 0.6182 0.6031 0.0000
vt 0.6072 0.6829 0.0000
vt 0.5928 0.6847 0.0000
vt 0.5500 0.8066 0.0000
vt 0.6167 0.8475 0.0000
vt 0.7273 0.8784 0.0000
vt 0.7660 0.8784 0.0000
vt 0.7895 0.9138 0.0000
vt 0.8172 0.8427 0.0000
vt 0.5409 0.8899 0.0000
vt 0.5605 0.9145 0.0000
vt 0.5427 0.9139 0.0000
vt 0.5264 0.8654 0.0000
vt 0.5031 0.8377 0.0000
vt 0.4782 0.8172 0.0000
vt 0.4592 0.8098 0.0000
vt 0.4592 0.6810 0.0000
vt 0.4592 0.7049 0.0000
vt 0.4592 0.6482 0.0000
vt 0.4592 0.5296 0.0000
vt 0.4592 0.6110 0.0000
vt 0.6145 0.5879 0.0000
vt 0.6475 0.6888 0.0000
vt 0.8213 0.8168 0.0000
vt 0.5555 0.6809 0.0000
vt 0.5564 0.7010 0.0000
vt 0.6026 0.9052 0.0000
vt 0.8531 0.8209 0.0000
vt 0.8500 0.8371 0.0000
vt 0.8758 0.8611 0.0000
vt 0.9135 0.8951 0.0000
vt 0.8567 0.8429 0.0000
vt 0.8609 0.8526 0.0000
vt 0.5582 0.9382 0.0000
vt 0.5771 0.9155 0.0000
vt 0.5387 0.9365 0.0000
vt 0.2842 0.7365 0.0000
vt 0.2609 0.7683 0.0000
vt 0.2362 0.7484 0.0000
vt 0.2550 0.7214 0.0000
vt 0.2359 0.7909 0.0000
vt 0.2153 0.7755 0.0000
vt 0.2088 0.8168 0.0000
vt 0.1880 0.7992 0.0000
vt 0.1854 0.8376 0.0000
vt 0.1564 0.8141 0.0000
vt 0.1433 0.8426 0.0000
vt 0.1229 0.8161 0.0000
vt 0.2978 0.6717 0.0000
vt 0.2953 0.6998 0.0000
vt 0.2783 0.6597 0.0000
vt 0.3024 0.6443 0.0000
vt 0.2758 0.6358 0.0000
vt 0.2899 0.6086 0.0000
vt 0.2683 0.5990 0.0000
vt 0.3305 0.7809 0.0000
vt 0.3126 0.8076 0.0000
vt 0.2985 0.7984 0.0000
vt 0.3207 0.7694 0.0000
vt 0.2848 0.8316 0.0000
vt 0.2734 0.8204 0.0000
vt 0.2522 0.8428 0.0000
vt 0.3203 0.7232 0.0000
vt 0.3375 0.7182 0.0000
vt 0.3315 0.7403 0.0000
vt 0.3652 0.7257 0.0000
vt 0.3644 0.7624 0.0000
vt 0.3396 0.7503 0.0000
vt 0.3951 0.7277 0.0000
vt 0.3895 0.7695 0.0000
vt 0.4281 0.6821 0.0000
vt 0.4286 0.7057 0.0000
vt 0.3960 0.7035 0.0000
vt 0.3958 0.6822 0.0000
vt 0.4280 0.6462 0.0000
vt 0.3959 0.6463 0.0000
vt 0.3126 0.6468 0.0000
vt 0.3356 0.6169 0.0000
vt 0.3628 0.6476 0.0000
vt 0.0971 0.8547 0.0000
vt 0.1155 0.8755 0.0000
vt 0.0883 0.8646 0.0000
vt 0.2680 0.8657 0.0000
vt 0.2250 0.8725 0.0000
vt 0.2183 0.8508 0.0000
vt 0.3486 0.7932 0.0000
vt 0.3288 0.8203 0.0000
vt 0.3665 0.8476 0.0000
vt 0.3438 0.8818 0.0000
vt 0.3218 0.8645 0.0000
vt 0.3485 0.8359 0.0000
vt 0.3819 0.8572 0.0000
vt 0.3660 0.8856 0.0000
vt 0.2989 0.9533 0.0000
vt 0.2934 0.9208 0.0000
vt 0.3386 0.9435 0.0000
vt 0.2431 0.9333 0.0000
vt 0.2351 0.9019 0.0000
vt 0.2831 0.8910 0.0000
vt 0.2091 0.9631 0.0000
vt 0.2041 0.9390 0.0000
vt 0.2507 0.9604 0.0000
vt 0.1674 0.9414 0.0000
vt 0.1589 0.9094 0.0000
vt 0.1964 0.9088 0.0000
vt 0.1451 0.9688 0.0000
vt 0.1400 0.9462 0.0000
vt 0.1715 0.9654 0.0000
vt 0.3543 0.5232 0.0000
vt 0.3821 0.5281 0.0000
vt 0.3678 0.6032 0.0000
vt 0.3446 0.5966 0.0000
vt 0.3284 0.5209 0.0000
vt 0.3143 0.5720 0.0000
vt 0.0434 0.9304 0.0000
vt 0.0248 0.9115 0.0000
vt 0.0687 0.8824 0.0000
vt 0.0936 0.9007 0.0000
vt 0.0665 0.9951 0.0000
vt 0.0628 0.9759 0.0000
vt 0.1096 0.9546 0.0000
vt 0.1177 0.9766 0.0000
vt 0.4332 0.5306 0.0000
vt 0.4288 0.6115 0.0000
vt 0.3995 0.6099 0.0000
vt 0.4068 0.5313 0.0000
vt 0.0561 0.9495 0.0000
vt 0.1035 0.9273 0.0000
vt 0.4347 0.8061 0.0000
vt 0.4053 0.8289 0.0000
vt 0.3932 0.8187 0.0000
vt 0.4233 0.7891 0.0000
vt 0.4592 0.7989 0.0000
vt 0.3810 0.8545 0.0000
vt 0.4592 0.7310 0.0000
vt 0.4280 0.7314 0.0000
vt 0.3022 0.7513 0.0000
vt 0.2799 0.7838 0.0000
vt 0.2563 0.8074 0.0000
vt 0.2295 0.8298 0.0000
vt 0.1891 0.8556 0.0000
vt 0.1470 0.8561 0.0000
vt 0.2997 0.6034 0.0000
vt 0.3255 0.6849 0.0000
vt 0.3111 0.6832 0.0000
vt 0.3689 0.8069 0.0000
vt 0.3024 0.8481 0.0000
vt 0.1919 0.8793 0.0000
vt 0.1533 0.8796 0.0000
vt 0.1299 0.9151 0.0000
vt 0.1019 0.8441 0.0000
vt 0.3782 0.8902 0.0000
vt 0.3765 0.9141 0.0000
vt 0.3588 0.9148 0.0000
vt 0.3927 0.8656 0.0000
vt 0.4159 0.8379 0.0000
vt 0.4408 0.8175 0.0000
vt 0.4592 0.8100 0.0000
vt 0.4592 0.6811 0.0000
vt 0.4592 0.7051 0.0000
vt 0.4592 0.6483 0.0000
vt 0.4592 0.6111 0.0000
vt 0.3033 0.5882 0.0000
vt 0.2708 0.6893 0.0000
vt 0.0977 0.8181 0.0000
vt 0.3638 0.7018 0.0000
vt 0.3647 0.6820 0.0000
vt 0.3167 0.9056 0.0000
vt 0.0691 0.8385 0.0000
vt 0.0659 0.8224 0.0000
vt 0.0061 0.8966 0.0000
vt 0.0433 0.8623 0.0000
vt 0.0624 0.8443 0.0000
vt 0.0582 0.8540 0.0000
vt 0.3422 0.9159 0.0000
vt 0.3612 0.9385 0.0000
vt 0.3807 0.9367 0.0000
vt 0.4847 0.5263 0.0000
vt 0.5104 0.5267 0.0000
vt 0.5350 0.5232 0.0000
vt 0.5628 0.5182 0.0000
vt 0.5884 0.5160 0.0000
vt 0.9159 0.8992 0.0000
vt 0.8979 0.9136 0.0000
vt 0.8796 0.9321 0.0000
vt 0.8670 0.9508 0.0000
vt 0.4592 0.5254 0.0000
vt 0.8605 0.9762 0.0000
vt 0.8569 0.9946 0.0000
vt 0.4078 0.5269 0.0000
vt 0.4336 0.5264 0.0000
vt 0.3552 0.5187 0.0000
vt 0.3830 0.5236 0.0000
vt 0.3296 0.5163 0.0000
vt 0.0401 0.9335 0.0000
vt 0.0219 0.9150 0.0000
vt 0.0592 0.9777 0.0000
vt 0.0526 0.9523 0.0000
vt 0.0628 0.9960 0.0000
vt 0.0037 0.9007 0.0000
vt 0.9461 0.7633 0.0000
vt 0.9592 0.7610 0.0000
vt 0.9648 0.7883 0.0000
vt 0.9526 0.7907 0.0000
vt 0.9373 0.7345 0.0000
vt 0.9488 0.7311 0.0000
vt 0.9249 0.6990 0.0000
vt 0.9387 0.6954 0.0000
vt 0.9106 0.6652 0.0000
vt 0.9281 0.6591 0.0000
vt 0.9035 0.6505 0.0000
vt 0.9198 0.6421 0.0000
vt 0.9773 0.7863 0.0000
vt 0.9831 0.8141 0.0000
vt 0.9812 0.8142 0.0000
vt 0.9756 0.7866 0.0000
vt 0.9598 0.8649 0.0000
vt 0.9590 0.8424 0.0000
vt 0.9726 0.8408 0.0000
vt 0.9714 0.8664 0.0000
vt 0.9582 0.8991 0.0000
vt 0.9696 0.8996 0.0000
vt 0.9548 0.9312 0.0000
vt 0.9694 0.9322 0.0000
vt 0.9507 0.9679 0.0000
vt 0.9685 0.9671 0.0000
vt 0.9478 0.9881 0.0000
vt 0.9676 0.9901 0.0000
vt 0.9852 0.8409 0.0000
vt 0.9834 0.8409 0.0000
vt 0.9073 0.6675 0.0000
vt 0.9005 0.6516 0.0000
vt 0.9207 0.6999 0.0000
vt 0.9335 0.7358 0.0000
vt 0.9427 0.7645 0.0000
vt 0.9488 0.7918 0.0000
vt 0.9571 0.8164 0.0000
vt 0.9532 0.8170 0.0000
vt 0.9559 0.8428 0.0000
vt 0.9559 0.8652 0.0000
vt 0.9556 0.8995 0.0000
vt 0.9526 0.9304 0.0000
vt 0.9478 0.9668 0.0000
vt 0.9444 0.9882 0.0000
vt 0.9678 0.7584 0.0000
vt 0.9597 0.7277 0.0000
vt 0.9527 0.6922 0.0000
vt 0.9430 0.6534 0.0000
vt 0.9373 0.6372 0.0000
vt 0.9691 0.8148 0.0000
vt 0.9825 0.8665 0.0000
vt 0.9805 0.8992 0.0000
vt 0.9826 0.9328 0.0000
vt 0.9848 0.9664 0.0000
vt 0.9851 0.9905 0.0000
vt 0.9355 0.7647 0.0000
vt 0.9419 0.7923 0.0000
vt 0.9298 0.7945 0.0000
vt 0.9239 0.7686 0.0000
vt 0.9272 0.7360 0.0000
vt 0.9170 0.7398 0.0000
vt 0.9149 0.7027 0.0000
vt 0.9035 0.7087 0.0000
vt 0.9028 0.6707 0.0000
vt 0.8873 0.6780 0.0000
vt 0.8972 0.6549 0.0000
vt 0.8808 0.6601 0.0000
vt 0.9186 0.7969 0.0000
vt 0.9201 0.7966 0.0000
vt 0.9245 0.8212 0.0000
vt 0.9229 0.8215 0.0000
vt 0.9510 0.8668 0.0000
vt 0.9387 0.8685 0.0000
vt 0.9360 0.8446 0.0000
vt 0.9487 0.8440 0.0000
vt 0.9500 0.8999 0.0000
vt 0.9393 0.8994 0.0000
vt 0.9475 0.9309 0.0000
vt 0.9340 0.9286 0.0000
vt 0.9430 0.9645 0.0000
vt 0.9249 0.9634 0.0000
vt 0.9402 0.9872 0.0000
vt 0.9198 0.9835 0.0000
vt 0.9250 0.8454 0.0000
vt 0.9265 0.8453 0.0000
vt 0.9159 0.7702 0.0000
vt 0.9072 0.7431 0.0000
vt 0.8924 0.7145 0.0000
vt 0.8730 0.6839 0.0000
vt 0.8643 0.6675 0.0000
vt 0.9339 0.8198 0.0000
vt 0.9457 0.8182 0.0000
vt 0.9291 0.8692 0.0000
vt 0.9287 0.8996 0.0000
vt 0.9204 0.9315 0.0000
vt 0.9095 0.9586 0.0000
vt 0.9031 0.9811 0.0000
vt 0.9454 0.6523 0.0000
vt 0.9394 0.6364 0.0000
vt 0.9432 0.6333 0.0000
vt 0.9533 0.6531 0.0000
vt 0.9549 0.6918 0.0000
vt 0.9613 0.6907 0.0000
vt 0.9615 0.7272 0.0000
vt 0.9678 0.7249 0.0000
vt 0.9692 0.7580 0.0000
vt 0.9759 0.7559 0.0000
vt 0.9840 0.7853 0.0000
vt 0.9884 0.8127 0.0000
vt 0.9906 0.8396 0.0000
vt 0.9843 0.8665 0.0000
vt 0.9909 0.8677 0.0000
vt 0.9823 0.8992 0.0000
vt 0.9919 0.9017 0.0000
vt 0.9847 0.9329 0.0000
vt 0.9942 0.9386 0.0000
vt 0.9875 0.9663 0.0000
vt 0.9942 0.9677 0.0000
vt 0.9919 0.9930 0.0000
vt 0.9876 0.9906 0.0000
vt 0.9878 0.9954 0.0000
vt 0.9691 0.9976 0.0000
vt 0.9471 0.9940 0.0000
vt 0.8999 0.6448 0.0000
vt 0.9179 0.6376 0.0000
vt 0.9378 0.6313 0.0000
vt 0.9146 0.7705 0.0000
vt 0.9056 0.7436 0.0000
vt 0.8906 0.7155 0.0000
vt 0.8707 0.6849 0.0000
vt 0.8616 0.6687 0.0000
vt 0.9276 0.8693 0.0000
vt 0.9270 0.8996 0.0000
vt 0.9182 0.9319 0.0000
vt 0.9071 0.9578 0.0000
vt 0.9004 0.9807 0.0000
vt 0.7910 0.5304 0.0000
vt 0.7904 0.5499 0.0000
vt 0.7739 0.5501 0.0000
vt 0.8405 0.5299 0.0000
vt 0.8415 0.5494 0.0000
vt 0.8159 0.5497 0.0000
vt 0.8157 0.5303 0.0000
vt 0.8166 0.6142 0.0000
vt 0.8170 0.6541 0.0000
vt 0.7852 0.6512 0.0000
vt 0.7898 0.6145 0.0000
vt 0.8703 0.6137 0.0000
vt 0.8690 0.6390 0.0000
vt 0.8486 0.6506 0.0000
vt 0.8434 0.6139 0.0000
vt 0.8027 0.5058 0.0000
vt 0.7828 0.5215 0.0000
vt 0.7789 0.5175 0.0000
vt 0.8000 0.5009 0.0000
vt 0.7634 0.5441 0.0000
vt 0.7584 0.5415 0.0000
vt 0.8154 0.5015 0.0000
vt 0.8155 0.4959 0.0000
vt 0.8282 0.5056 0.0000
vt 0.8309 0.5007 0.0000
vt 0.8484 0.5209 0.0000
vt 0.8523 0.5167 0.0000
vt 0.8683 0.5430 0.0000
vt 0.8733 0.5403 0.0000
vt 0.7497 0.5877 0.0000
vt 0.7441 0.5867 0.0000
vt 0.8829 0.5864 0.0000
vt 0.8884 0.5852 0.0000
vt 0.7493 0.6151 0.0000
vt 0.7436 0.6153 0.0000
vt 0.8835 0.6409 0.0000
vt 0.8838 0.6137 0.0000
vt 0.8895 0.6139 0.0000
vt 0.8889 0.6427 0.0000
vt 0.7602 0.6529 0.0000
vt 0.7819 0.6629 0.0000
vt 0.7805 0.6683 0.0000
vt 0.7570 0.6575 0.0000
vt 0.7501 0.6423 0.0000
vt 0.7449 0.6442 0.0000
vt 0.8171 0.6662 0.0000
vt 0.8171 0.6719 0.0000
vt 0.8522 0.6622 0.0000
vt 0.8537 0.6676 0.0000
vt 0.8737 0.6518 0.0000
vt 0.8770 0.6563 0.0000
vt 0.8083 0.5167 0.0000
vt 0.8156 0.5141 0.0000
vt 0.8229 0.5165 0.0000
vt 0.8580 0.5493 0.0000
vt 0.8711 0.5884 0.0000
vt 0.7646 0.6400 0.0000
vt 0.7628 0.6148 0.0000
vt 0.7616 0.5895 0.0000
vt 0.7889 0.5882 0.0000
vt 0.8163 0.5869 0.0000
vt 0.8437 0.5876 0.0000
vt 0.0894 0.6209 0.0000
vt 0.1187 0.6169 0.0000
vt 0.1181 0.6611 0.0000
vt 0.0919 0.6648 0.0000
vt 0.0896 0.5679 0.0000
vt 0.1176 0.5651 0.0000
vt 0.0893 0.5215 0.0000
vt 0.1150 0.5155 0.0000
vt 0.1159 0.5290 0.0000
vt 0.0896 0.5332 0.0000
vt 0.1457 0.6154 0.0000
vt 0.1445 0.6591 0.0000
vt 0.1466 0.5635 0.0000
vt 0.1418 0.5149 0.0000
vt 0.1414 0.5262 0.0000
vt 0.1179 0.6777 0.0000
vt 0.0840 0.6691 0.0000
vt 0.0787 0.6220 0.0000
vt 0.0783 0.5693 0.0000
vt 0.0837 0.5132 0.0000
vt 0.1141 0.5049 0.0000
vt 0.0796 0.5297 0.0000
vt 0.1562 0.6153 0.0000
vt 0.1520 0.6638 0.0000
vt 0.1586 0.5639 0.0000
vt 0.1472 0.5082 0.0000
vt 0.1529 0.5230 0.0000
vt 0.1185 0.6857 0.0000
vt 0.2890 0.5309 0.0000
vt 0.2868 0.5458 0.0000
vt 0.2699 0.5438 0.0000
vt 0.2711 0.5312 0.0000
vt 0.2828 0.5574 0.0000
vt 0.2674 0.5586 0.0000
vt 0.2537 0.5444 0.0000
vt 0.2536 0.5293 0.0000
vt 0.2562 0.5597 0.0000
vt 0.2368 0.5449 0.0000
vt 0.2342 0.5293 0.0000
vt 0.2432 0.5606 0.0000
vt 0.2277 0.5621 0.0000
vt 0.2206 0.5456 0.0000
vt 0.2229 0.5276 0.0000
vt 0.3054 0.5251 0.0000
vt 0.3065 0.5447 0.0000
vt 0.3001 0.5592 0.0000
vt 0.2703 0.5213 0.0000
vt 0.2863 0.5210 0.0000
vt 0.3025 0.5155 0.0000
vt 0.2534 0.5212 0.0000
vt 0.2389 0.5217 0.0000
vt 0.2258 0.5178 0.0000
vt 0.2443 0.5725 0.0000
vt 0.2276 0.5708 0.0000
vt 0.2555 0.5696 0.0000
vt 0.2679 0.5693 0.0000
vt 0.2785 0.5723 0.0000
vt 0.2971 0.5713 0.0000
vt 0.2582 0.4840 0.0000
vt 0.2648 0.4831 0.0000
vt 0.2685 0.5052 0.0000
vt 0.2559 0.5058 0.0000
vt 0.2778 0.5038 0.0000
vt 0.2729 0.4839 0.0000
vt 0.2867 0.4873 0.0000
vt 0.2954 0.5027 0.0000
vt 0.2509 0.4857 0.0000
vt 0.2464 0.5056 0.0000
vt 0.2319 0.5050 0.0000
vt 0.2378 0.4887 0.0000
vt 0.0412 0.2131 0.0000
vt 0.0554 0.2151 0.0000
vt 0.0475 0.2567 0.0000
vt 0.0363 0.2545 0.0000
vt 0.0257 0.2124 0.0000
vt 0.0272 0.2543 0.0000
vt 0.0117 0.2127 0.0000
vt 0.0177 0.2562 0.0000
vt 0.0280 0.2770 0.0000
vt 0.0356 0.2781 0.0000
vt 0.0420 0.2755 0.0000
vt 0.0235 0.2732 0.0000
vt 0.0317 0.0301 0.0000
vt 0.0489 0.0307 0.0000
vt 0.0480 0.0454 0.0000
vt 0.0310 0.0449 0.0000
vt 0.0414 0.0115 0.0000
vt 0.0262 0.1857 0.0000
vt 0.0427 0.1866 0.0000
vt 0.0281 0.1604 0.0000
vt 0.0435 0.1615 0.0000
vt 0.0288 0.1247 0.0000
vt 0.0441 0.1239 0.0000
vt 0.0301 0.0848 0.0000
vt 0.0460 0.0844 0.0000
vt 0.0588 0.1865 0.0000
vt 0.0111 0.1866 0.0000
vt 0.0110 0.1584 0.0000
vt 0.0600 0.1608 0.0000
vt 0.0629 0.1231 0.0000
vt 0.0113 0.1218 0.0000
vt 0.0116 0.0841 0.0000
vt 0.0644 0.0831 0.0000
vt 0.0680 0.0446 0.0000
vt 0.0112 0.0449 0.0000
vt 0.0127 0.0313 0.0000
vt 0.0258 0.0190 0.0000
vt 0.0677 0.0325 0.0000
vt 0.0557 0.0210 0.0000
vt 0.0597 0.2155 0.0000
vt 0.0509 0.2577 0.0000
vt 0.0150 0.2572 0.0000
vt 0.0085 0.2133 0.0000
vt 0.0358 0.2818 0.0000
vt 0.0272 0.2813 0.0000
vt 0.0452 0.2786 0.0000
vt 0.0213 0.2758 0.0000
vt 0.0628 0.1867 0.0000
vt 0.0076 0.1877 0.0000
vt 0.0089 0.1579 0.0000
vt 0.0642 0.1602 0.0000
vt 0.0661 0.1230 0.0000
vt 0.0084 0.1218 0.0000
vt 0.0085 0.0842 0.0000
vt 0.0683 0.0832 0.0000
vt 0.0717 0.0446 0.0000
vt 0.0072 0.0440 0.0000
vt 0.0096 0.0293 0.0000
vt 0.0232 0.0164 0.0000
vt 0.0415 0.0073 0.0000
vt 0.0708 0.0315 0.0000
vt 0.0582 0.0186 0.0000
# 1037 texture coords

o PSNA_PrisonOfficerUniform01
g PSNA_PrisonOfficerUniform01
usemtl PSNA_PrisonOfficerUniform01
s 1
f 1/1/1 2/2/2 3/3/3 4/4/4 
f 2/2/2 5/5/5 6/6/6 3/3/3 
f 7/7/7 8/8/8 6/6/6 
f 9/9/9 10/10/10 11/11/11 12/12/12 
f 13/13/13 14/14/14 15/15/15 
f 14/14/14 1/1/1 4/4/4 
f 3/3/3 16/16/16 17/17/17 4/4/4 
f 6/6/6 18/18/18 16/16/16 3/3/3 
f 19/19/19 20/20/20 21/21/21 
f 11/11/11 22/22/22 23/23/23 12/12/12 
f 15/15/15 24/24/24 22/22/22 11/11/11 
f 4/4/4 17/17/17 24/24/24 15/15/15 
f 25/25/25 6/6/6 8/8/8 
f 6/6/6 26/26/26 27/27/27 
f 28/28/28 29/29/29 30/30/30 31/31/31 
f 28/28/28 31/31/31 32/32/32 33/33/33 
f 33/33/33 32/32/32 34/34/34 35/35/35 
f 35/35/35 34/34/34 36/36/36 37/37/37 
f 37/37/37 36/36/36 38/38/38 39/39/39 
f 39/39/39 38/38/38 40/40/40 41/41/41 
f 41/41/41 40/40/40 42/42/42 43/43/43 
f 39/39/39 41/41/41 43/43/43 44/44/44 
f 45/45/45 46/46/46 33/33/33 35/35/35 
f 35/35/35 37/37/37 45/45/45 
f 47/47/47 48/48/48 39/39/39 44/44/44 
f 37/37/37 39/39/39 48/48/48 45/45/45 
f 46/46/46 28/28/28 33/33/33 
f 49/49/49 28/28/28 46/46/46 
f 30/30/30 23/23/23 22/22/22 31/31/31 
f 31/31/31 22/22/22 24/24/24 32/32/32 
f 32/32/32 24/24/24 17/17/17 34/34/34 
f 34/34/34 17/17/17 16/16/16 36/36/36 
f 36/36/36 16/16/16 18/18/18 38/38/38 
f 38/38/38 18/18/18 25/25/25 40/40/40 
f 40/40/40 25/25/25 20/20/20 42/42/42 
f 50/50/50 51/51/51 9/9/9 
f 52/52/52 53/53/53 13/13/13 
f 10/10/10 51/51/51 52/52/52 
f 54/54/54 55/55/55 51/51/51 50/50/50 
f 56/56/56 52/52/52 51/51/51 55/55/55 
f 57/57/57 52/52/52 56/56/56 
f 15/15/15 11/11/11 13/13/13 
f 13/13/13 10/10/10 52/52/52 
f 11/11/11 10/10/10 13/13/13 
f 53/53/53 14/14/14 13/13/13 
f 51/51/51 10/10/10 9/9/9 
f 58/58/58 59/59/59 55/55/55 54/54/54 
f 60/60/60 56/56/56 55/55/55 59/59/59 
f 61/61/61 57/57/57 56/56/56 
f 56/56/56 62/62/62 61/61/61 
f 56/56/56 60/60/60 62/62/62 
f 57/57/57 53/53/53 52/52/52 
f 6/6/6 27/27/27 7/7/7 
f 25/25/25 8/8/8 21/21/21 
f 63/63/63 64/64/64 7/7/7 27/27/27 
f 6/6/6 5/5/5 26/26/26 
f 65/65/65 66/66/66 64/64/64 63/63/63 
f 67/67/67 68/68/68 66/66/66 65/65/65 
f 69/69/69 8/8/8 70/70/70 
f 71/71/71 21/21/21 8/8/8 69/69/69 
f 72/72/72 19/19/19 21/21/21 71/71/71 
f 73/73/73 74/74/74 59/59/59 58/58/58 
f 75/75/75 60/60/60 59/59/59 74/74/74 
f 76/76/76 62/62/62 60/60/60 75/75/75 
f 77/77/77 61/61/61 62/62/62 76/76/76 
f 78/78/78 57/57/57 61/61/61 77/77/77 
f 79/79/79 53/53/53 57/57/57 78/78/78 
f 80/80/80 14/14/14 53/53/53 79/79/79 
f 4/4/4 15/15/15 14/14/14 
f 81/81/81 1/1/1 14/14/14 80/80/80 
f 82/82/82 2/2/2 1/1/1 81/81/81 
f 83/83/83 5/5/5 2/2/2 82/82/82 
f 84/84/84 26/26/26 5/5/5 83/83/83 
f 63/63/63 27/27/27 26/26/26 84/84/84 
f 20/20/20 25/25/25 21/21/21 
f 85/85/85 86/86/86 65/65/65 63/63/63 
f 85/85/85 63/63/63 84/84/84 
f 87/87/87 67/67/67 65/65/65 86/86/86 
f 88/88/88 70/70/70 64/64/64 66/66/66 
f 8/8/8 7/7/7 70/70/70 
f 7/7/7 64/64/64 70/70/70 
f 88/88/88 66/66/66 68/68/68 89/89/89 
f 90/90/90 46/46/46 45/45/45 
f 90/90/90 49/49/49 46/46/46 
f 45/45/45 48/48/48 90/90/90 
f 90/90/90 48/48/48 47/47/47 
f 49/49/49 29/29/29 28/28/28 
f 91/91/91 92/92/92 93/93/93 94/94/94 
f 92/92/92 95/95/95 96/96/96 93/93/93 
f 95/95/95 69/97/69 70/98/70 
f 97/99/97 98/100/98 99/101/99 100/102/100 
f 101/103/101 102/104/102 103/105/103 
f 91/91/91 94/94/94 102/104/102 
f 91/91/91 104/106/104 105/107/105 92/92/92 
f 92/92/92 105/107/105 106/108/106 95/95/95 
f 71/109/71 107/110/107 72/111/72 
f 97/99/97 108/112/108 109/113/109 98/100/98 
f 98/100/98 109/113/109 110/114/110 101/103/101 
f 101/103/101 110/114/110 104/106/104 91/91/91 
f 69/97/69 95/95/95 106/108/106 111/115/111 
f 100/102/100 112/116/112 113/117/113 
f 103/105/103 114/118/114 115/119/115 
f 115/119/115 112/116/112 99/101/99 
f 113/117/113 112/116/112 116/120/116 117/121/117 
f 112/116/112 115/119/115 118/122/118 116/120/116 
f 118/122/118 115/119/115 119/123/119 
f 103/105/103 98/100/98 101/103/101 
f 115/119/115 99/101/99 103/105/103 
f 103/105/103 99/101/99 98/100/98 
f 103/105/103 102/104/102 114/118/114 
f 100/102/100 99/101/99 112/116/112 
f 116/120/116 118/122/118 120/124/120 121/125/121 
f 118/122/118 119/123/119 122/126/122 
f 122/126/122 123/127/123 118/122/118 
f 123/127/123 120/124/120 118/122/118 
f 115/119/115 114/118/114 119/123/119 
f 70/98/70 124/128/124 95/95/95 
f 71/109/71 69/97/69 111/115/111 
f 124/128/124 96/96/96 95/95/95 
f 102/104/102 101/103/101 91/91/91 
f 71/109/71 111/115/111 107/110/107 
f 121/125/121 120/124/120 75/129/75 74/130/74 
f 121/125/121 74/130/74 73/131/73 125/132/125 
f 116/120/116 121/125/121 125/132/125 117/121/117 
f 120/124/120 123/127/123 76/133/76 75/129/75 
f 123/127/123 122/126/122 77/134/77 76/133/76 
f 122/126/122 119/123/119 78/135/78 77/134/77 
f 119/123/119 114/118/114 79/136/79 78/135/78 
f 114/118/114 102/104/102 80/137/80 79/136/79 
f 102/104/102 94/94/94 81/138/81 80/137/80 
f 94/94/94 93/93/93 82/139/82 81/138/81 
f 93/93/93 96/96/96 83/140/83 82/139/82 
f 96/96/96 124/128/124 84/141/84 83/140/83 
f 126/142/126 127/143/127 87/144/87 86/145/86 
f 124/128/124 126/142/126 86/145/86 85/146/85 
f 88/147/88 89/148/89 127/143/127 126/142/126 
f 126/142/126 124/128/124 70/98/70 88/147/88 
f 128/149/128 129/150/129 130/151/130 131/152/131 
f 131/152/131 130/151/130 132/153/132 133/154/133 
f 134/155/134 132/153/132 135/156/135 
f 9/9/9 12/12/12 136/157/136 137/158/137 
f 138/159/138 139/160/139 140/161/140 
f 140/161/140 129/150/129 128/149/128 
f 130/151/130 129/150/129 141/162/141 142/163/142 
f 132/153/132 130/151/130 142/163/142 143/164/143 
f 19/19/19 144/165/144 20/20/20 
f 136/157/136 12/12/12 23/23/23 145/166/145 
f 139/160/139 136/157/136 145/166/145 146/167/146 
f 129/150/129 139/160/139 146/167/146 141/162/141 
f 147/168/147 132/153/132 143/164/143 
f 132/153/132 148/169/148 149/170/149 
f 150/171/150 151/172/151 30/30/30 29/29/29 
f 150/171/150 152/173/152 153/174/153 151/172/151 
f 152/173/152 154/175/154 155/176/155 153/174/153 
f 154/175/154 156/177/156 157/178/157 155/176/155 
f 156/177/156 158/179/158 159/180/159 157/178/157 
f 158/179/158 160/181/160 161/182/161 159/180/159 
f 160/181/160 43/43/43 42/42/42 161/182/161 
f 158/179/158 44/44/44 43/43/43 160/181/160 
f 162/183/162 154/175/154 152/173/152 163/184/163 
f 154/175/154 162/183/162 156/177/156 
f 47/47/47 44/44/44 158/179/158 164/185/164 
f 156/177/156 162/183/162 164/185/164 158/179/158 
f 163/184/163 152/173/152 150/171/150 
f 49/49/49 163/184/163 150/171/150 
f 30/30/30 151/172/151 145/166/145 23/23/23 
f 151/172/151 153/174/153 146/167/146 145/166/145 
f 153/174/153 155/176/155 141/162/141 146/167/146 
f 155/176/155 157/178/157 142/163/142 141/162/141 
f 157/178/157 159/180/159 143/164/143 142/163/142 
f 159/180/159 161/182/161 147/168/147 143/164/143 
f 161/182/161 42/42/42 20/20/20 147/168/147 
f 50/50/50 9/9/9 165/186/165 
f 166/187/166 138/159/138 167/188/167 
f 137/158/137 166/187/166 165/186/165 
f 54/54/54 50/50/50 165/186/165 168/189/168 
f 169/190/169 168/189/168 165/186/165 166/187/166 
f 170/191/170 169/190/169 166/187/166 
f 139/160/139 138/159/138 136/157/136 
f 138/159/138 166/187/166 137/158/137 
f 136/157/136 138/159/138 137/158/137 
f 167/188/167 138/159/138 140/161/140 
f 165/186/165 9/9/9 137/158/137 
f 58/58/58 54/54/54 168/189/168 171/192/171 
f 172/193/172 171/192/171 168/189/168 169/190/169 
f 173/194/173 169/190/169 170/191/170 
f 169/190/169 173/194/173 174/195/174 
f 169/190/169 174/195/174 172/193/172 
f 170/191/170 166/187/166 167/188/167 
f 132/153/132 134/155/134 148/169/148 
f 147/168/147 144/165/144 135/156/135 
f 175/196/175 148/169/148 134/155/134 176/197/176 
f 132/153/132 149/170/149 133/154/133 
f 177/198/177 175/196/175 176/197/176 178/199/178 
f 67/67/67 177/198/177 178/199/178 68/68/68 
f 179/200/179 180/201/180 135/156/135 
f 181/202/181 179/200/179 135/156/135 144/165/144 
f 72/72/72 181/202/181 144/165/144 19/19/19 
f 73/73/73 58/58/58 171/192/171 182/203/182 
f 183/204/183 182/203/182 171/192/171 172/193/172 
f 184/205/184 183/204/183 172/193/172 174/195/174 
f 185/206/185 184/205/184 174/195/174 173/194/173 
f 186/207/186 185/206/185 173/194/173 170/191/170 
f 187/208/187 186/207/186 170/191/170 167/188/167 
f 188/209/188 187/208/187 167/188/167 140/161/140 
f 129/150/129 140/161/140 139/160/139 
f 189/210/189 188/209/188 140/161/140 128/149/128 
f 190/211/190 189/210/189 128/149/128 131/152/131 
f 191/212/191 190/211/190 131/152/131 133/154/133 
f 192/213/192 191/212/191 133/154/133 149/170/149 
f 175/196/175 192/213/192 149/170/149 148/169/148 
f 20/20/20 144/165/144 147/168/147 
f 193/214/193 175/196/175 177/198/177 194/215/194 
f 193/214/193 192/213/192 175/196/175 
f 87/87/87 194/215/194 177/198/177 67/67/67 
f 195/216/195 178/199/178 176/197/176 180/201/180 
f 135/156/135 180/201/180 134/155/134 
f 134/155/134 180/201/180 176/197/176 
f 195/216/195 89/89/89 68/68/68 178/199/178 
f 90/90/90 162/183/162 163/184/163 
f 90/90/90 163/184/163 49/49/49 
f 162/183/162 90/90/90 164/185/164 
f 90/90/90 47/47/47 164/185/164 
f 49/49/49 150/171/150 29/29/29 
f 196/217/196 197/218/197 198/219/198 199/220/199 
f 199/220/199 198/219/198 200/221/200 201/222/201 
f 201/222/201 180/223/180 179/224/179 
f 97/99/97 100/102/100 202/225/202 203/226/203 
f 204/227/204 205/228/205 206/229/206 
f 196/217/196 206/229/206 197/218/197 
f 196/217/196 199/220/199 207/230/207 208/231/208 
f 199/220/199 201/222/201 209/232/209 207/230/207 
f 181/233/181 72/111/72 107/110/107 
f 97/99/97 203/226/203 210/234/210 108/112/108 
f 203/226/203 204/227/204 211/235/211 210/234/210 
f 204/227/204 196/217/196 208/231/208 211/235/211 
f 179/224/179 212/236/212 209/232/209 201/222/201 
f 100/102/100 113/117/113 213/237/213 
f 205/228/205 214/238/214 215/239/215 
f 214/238/214 202/225/202 213/237/213 
f 113/117/113 117/121/117 216/240/216 213/237/213 
f 213/237/213 216/240/216 217/241/217 214/238/214 
f 217/241/217 218/242/218 214/238/214 
f 205/228/205 204/227/204 203/226/203 
f 214/238/214 205/228/205 202/225/202 
f 205/228/205 203/226/203 202/225/202 
f 205/228/205 215/239/215 206/229/206 
f 100/102/100 213/237/213 202/225/202 
f 216/240/216 219/243/219 220/244/220 217/241/217 
f 217/241/217 221/245/221 218/242/218 
f 221/245/221 217/241/217 222/246/222 
f 222/246/222 217/241/217 220/244/220 
f 214/238/214 218/242/218 215/239/215 
f 180/223/180 201/222/201 223/247/223 
f 181/233/181 212/236/212 179/224/179 
f 223/247/223 201/222/201 200/221/200 
f 206/229/206 196/217/196 204/227/204 
f 181/233/181 107/110/107 212/236/212 
f 219/243/219 182/248/182 183/249/183 220/244/220 
f 219/243/219 125/132/125 73/131/73 182/248/182 
f 216/240/216 117/121/117 125/132/125 219/243/219 
f 220/244/220 183/249/183 184/250/184 222/246/222 
f 222/246/222 184/250/184 185/251/185 221/245/221 
f 221/245/221 185/251/185 186/252/186 218/242/218 
f 218/242/218 186/252/186 187/253/187 215/239/215 
f 215/239/215 187/253/187 188/254/188 206/229/206 
f 206/229/206 188/254/188 189/255/189 197/218/197 
f 197/218/197 189/255/189 190/256/190 198/219/198 
f 198/219/198 190/256/190 191/257/191 200/221/200 
f 200/221/200 191/257/191 192/258/192 223/247/223 
f 224/259/224 194/260/194 87/144/87 127/143/127 
f 223/247/223 193/261/193 194/260/194 224/259/224 
f 195/262/195 224/259/224 127/143/127 89/148/89 
f 224/259/224 195/262/195 180/223/180 223/247/223 
f 124/128/124 85/146/85 84/141/84 
f 192/258/192 193/261/193 223/247/223 
f 25/25/25 18/18/18 6/6/6 
f 147/168/147 135/156/135 132/153/132 
usemtl PSNA_PrisonOfficerUniform01_Equipment
f 225/263/225 226/264/226 227/265/227 228/266/228 
f 229/267/229 230/268/230 231/269/231 232/270/232 
f 233/271/233 234/272/234 235/273/235 
f 236/274/236 237/275/237 238/276/238 239/277/239 
s 2
f 240/278/240 241/279/241 242/280/242 243/281/243 
s 1
f 244/282/244 245/283/245 246/284/246 247/285/247 
s 2
f 226/264/226 229/267/229 232/270/232 227/265/227 
s 1
f 230/268/230 248/286/248 249/287/249 231/269/231 
f 250/288/250 251/289/251 252/290/252 
s 4
f 237/275/237 240/278/240 243/281/243 238/276/238 
f 241/279/241 244/282/244 247/285/247 242/280/242 
s 2
f 245/283/245 225/263/225 228/266/228 246/284/246 
f 253/291/253 227/265/227 232/270/232 254/292/254 
s 1
f 255/293/255 228/266/228 227/265/227 253/291/253 
s 2
f 256/294/256 246/284/246 228/266/228 255/293/255 
s 1
f 257/295/257 247/285/247 246/284/246 256/294/256 
s 4
f 258/296/258 242/280/242 247/285/247 257/295/257 
s 2
f 259/297/259 243/281/243 242/280/242 258/296/258 
s 4
f 260/298/260 238/276/238 243/281/243 259/297/259 
s 1
f 261/299/261 239/277/239 238/276/238 260/298/260 
f 262/300/262 231/269/231 249/287/249 263/301/263 
f 254/292/254 232/270/232 231/269/231 262/300/262 
f 264/302/264 265/303/265 266/304/266 267/305/267 
f 267/305/267 266/304/266 268/306/268 269/307/269 
f 270/308/270 271/309/271 272/310/272 273/311/273 
f 273/311/273 272/310/272 274/312/274 
f 271/309/271 264/302/264 267/305/267 272/310/272 
f 272/310/272 267/305/267 269/307/269 274/312/274 
f 251/289/251 270/308/270 273/311/273 252/290/252 
f 252/290/252 273/311/273 274/312/274 275/313/275 
f 234/272/234 250/288/250 252/290/252 235/273/235 
f 235/273/235 252/290/252 275/313/275 276/314/276 
f 248/286/248 233/271/233 235/273/235 249/287/249 
f 249/287/249 235/273/235 276/314/276 263/301/263 
s 2
f 253/291/253 254/292/254 277/315/277 
s 1
f 255/293/255 277/315/277 278/316/278 
f 256/294/256 278/316/278 279/317/279 
f 257/295/257 256/294/256 280/318/280 
f 259/297/259 258/296/258 281/319/281 
f 260/298/260 281/319/281 282/320/282 
f 261/299/261 260/298/260 282/320/282 
s 4
f 269/307/269 268/306/268 283/321/283 
f 276/314/276 275/313/275 284/322/284 
f 254/292/254 262/300/262 277/315/277 
f 275/313/275 274/312/274 284/322/284 
f 262/300/262 263/301/263 284/322/284 
f 263/301/263 276/314/276 284/322/284 
f 274/312/274 283/321/283 284/322/284 
f 274/312/274 269/307/269 283/321/283 
s 2
f 278/316/278 285/323/285 286/324/286 287/325/287 
f 287/325/287 286/324/286 288/326/288 289/327/289 
f 290/328/283 291/329/290 292/330/291 293/331/292 
f 293/331/292 292/330/291 294/332/293 279/317/279 
s 1
f 285/323/285 295/333/294 296/334/295 286/324/286 
f 286/324/286 296/334/295 297/335/296 288/326/288 
s 4
f 291/329/290 298/336/297 299/337/298 292/330/291 
f 292/330/291 299/337/298 300/338/299 294/332/293 
s 8
f 295/333/294 285/323/285 278/316/278 277/315/277 
f 294/332/293 300/338/299 280/318/280 279/317/279 
s 16
f 296/334/295 295/333/294 277/315/277 284/322/284 
f 297/335/296 296/334/295 284/322/284 283/321/283 
s 1
f 299/337/298 298/336/297 282/320/282 281/319/281 
f 300/338/299 299/337/298 281/319/281 280/318/280 
f 258/296/258 257/295/257 280/318/280 
f 258/296/258 280/318/280 281/319/281 
f 256/294/256 279/317/279 280/318/280 
f 279/317/279 278/316/278 301/339/300 
f 278/316/278 287/325/287 301/339/300 
f 287/325/287 289/327/289 301/339/300 
f 290/328/283 293/331/292 301/339/300 
f 293/331/292 279/317/279 301/339/300 
f 255/293/255 253/291/253 277/315/277 
f 260/298/260 259/297/259 281/319/281 
f 256/294/256 255/293/255 278/316/278 
f 302/340/301 303/341/302 304/342/303 305/343/304 
f 306/344/305 307/345/306 308/346/307 309/347/308 
f 310/348/309 311/349/310 312/350/311 
f 236/274/236 239/277/239 313/351/312 314/352/313 
s 2
f 315/353/314 316/354/315 317/355/316 318/356/317 
s 1
f 319/357/318 320/358/319 321/359/320 322/360/321 
s 2
f 305/343/304 304/342/303 307/345/306 306/344/305 
s 1
f 309/347/308 308/346/307 323/361/322 324/362/323 
f 325/363/324 326/364/325 327/365/326 
s 4
f 314/352/313 313/351/312 316/354/315 315/353/314 
f 318/356/317 317/355/316 320/358/319 319/357/318 
s 2
f 322/360/321 321/359/320 303/341/302 302/340/301 
f 328/366/327 329/367/328 307/345/306 304/342/303 
s 1
f 330/368/329 328/366/327 304/342/303 303/341/302 
s 2
f 331/369/330 330/368/329 303/341/302 321/359/320 
s 1
f 332/370/331 331/369/330 321/359/320 320/358/319 
s 4
f 333/371/332 332/370/331 320/358/319 317/355/316 
s 2
f 334/372/333 333/371/332 317/355/316 316/354/315 
s 4
f 335/373/334 334/372/333 316/354/315 313/351/312 
s 1
f 261/299/261 335/373/334 313/351/312 239/277/239 
f 336/374/335 337/375/336 323/361/322 308/346/307 
f 329/367/328 336/374/335 308/346/307 307/345/306 
f 338/376/337 339/377/338 266/304/266 265/303/265 
f 339/377/338 340/378/339 268/306/268 266/304/266 
f 341/379/340 342/380/341 343/381/342 344/382/343 
f 342/380/341 345/383/344 343/381/342 
f 344/382/343 343/381/342 339/377/338 338/376/337 
f 343/381/342 345/383/344 340/378/339 339/377/338 
f 327/365/326 326/364/325 342/380/341 341/379/340 
f 326/364/325 346/384/345 345/383/344 342/380/341 
f 312/350/311 311/349/310 326/364/325 325/363/324 
f 311/349/310 347/385/346 346/384/345 326/364/325 
f 324/362/323 323/361/322 311/349/310 310/348/309 
f 323/361/322 337/375/336 347/385/346 311/349/310 
s 2
f 328/366/327 348/386/347 329/367/328 
s 1
f 330/368/329 349/387/348 348/386/347 
f 331/369/330 350/388/349 349/387/348 
f 332/370/331 351/389/350 331/369/330 
f 334/372/333 352/390/351 333/371/332 
f 335/373/334 282/320/282 352/390/351 
f 261/299/261 282/320/282 335/373/334 
s 4
f 340/378/339 283/321/283 268/306/268 
f 347/385/346 353/391/352 346/384/345 
f 329/367/328 348/386/347 336/374/335 
f 346/384/345 353/391/352 345/383/344 
f 336/374/335 353/391/352 337/375/336 
f 337/375/336 353/391/352 347/385/346 
f 345/383/344 353/391/352 283/321/283 
f 345/383/344 283/321/283 340/378/339 
s 2
f 349/387/348 354/392/353 355/393/354 356/394/355 
f 354/392/353 289/327/289 288/326/288 355/393/354 
f 290/328/283 357/395/356 358/396/357 291/329/290 
f 357/395/356 350/388/349 359/397/358 358/396/357 
s 1
f 356/394/355 355/393/354 360/398/359 361/399/360 
f 355/393/354 288/326/288 297/335/296 360/398/359 
s 4
f 291/329/290 358/396/357 362/400/361 298/336/297 
f 358/396/357 359/397/358 363/401/362 362/400/361 
s 8
f 361/399/360 348/386/347 349/387/348 356/394/355 
f 359/397/358 350/388/349 351/389/350 363/401/362 
s 16
f 360/398/359 353/391/352 348/386/347 361/399/360 
f 297/335/296 283/321/283 353/391/352 360/398/359 
s 1
f 362/400/361 352/390/351 282/320/282 298/336/297 
f 363/401/362 351/389/350 352/390/351 362/400/361 
f 333/371/332 351/389/350 332/370/331 
f 333/371/332 352/390/351 351/389/350 
f 331/369/330 351/389/350 350/388/349 
f 350/388/349 301/339/300 349/387/348 
f 349/387/348 301/339/300 354/392/353 
f 354/392/353 301/339/300 289/327/289 
f 290/328/283 301/339/300 357/395/356 
f 357/395/356 301/339/300 350/388/349 
f 330/368/329 348/386/347 328/366/327 
f 335/373/334 352/390/351 334/372/333 
f 331/369/330 349/387/348 330/368/329 
s 4
f 262/300/262 284/322/284 277/315/277 
f 348/386/347 353/391/352 336/374/335 
usemtl PSNA_PrisonOfficerUniform01
s 1
f 364/402/363 365/403/364 366/404/365 367/405/366 
f 367/405/366 366/404/365 368/406/367 369/407/368 
f 369/407/368 368/406/367 370/408/369 371/409/370 
f 371/409/370 370/408/369 372/410/371 373/411/372 
f 373/411/372 372/410/371 374/412/373 375/413/374 
f 376/414/375 377/415/376 378/416/377 
f 379/417/378 380/418/379 377/415/376 376/414/375 
f 381/419/380 382/420/381 380/418/379 379/417/378 
f 383/421/382 384/422/383 385/423/384 386/424/385 
f 386/424/385 385/423/384 387/425/386 388/426/387 
f 387/425/386 389/427/388 388/426/387 
f 390/428/389 391/429/390 392/430/391 
f 392/430/391 393/431/392 394/432/393 395/433/394 
f 395/433/394 394/432/393 396/434/395 397/435/396 
f 398/436/397 399/437/398 400/438/399 401/439/400 
f 402/440/401 403/441/402 399/437/398 398/436/397 
f 404/442/403 405/443/404 406/444/405 
f 407/445/406 408/446/407 409/447/408 
f 389/427/388 410/448/409 411/449/410 412/450/411 
f 383/421/382 386/424/385 413/451/412 414/452/413 
f 415/453/414 416/454/415 417/455/416 418/456/417 
f 419/457/418 415/453/414 418/456/417 420/458/419 
f 421/459/420 422/460/421 423/461/422 
f 423/461/422 424/462/423 425/463/424 426/464/425 
f 427/465/426 428/466/427 426/464/425 429/467/428 
f 429/467/428 430/468/429 431/469/430 432/470/431 
f 433/471/432 434/472/433 432/470/431 435/473/434 
f 436/474/435 437/475/436 438/476/437 439/477/438 
f 440/478/439 436/474/435 439/477/438 441/479/440 
f 442/480/441 443/481/442 444/482/443 445/483/444 
f 446/484/445 447/485/446 448/486/447 449/487/448 
f 450/488/449 451/489/450 452/490/451 453/491/452 
f 448/486/447 447/485/446 454/492/453 455/493/454 
f 456/494/455 457/495/456 458/496/457 459/497/458 
f 460/498/459 461/499/460 457/495/456 456/494/455 
f 462/500/461 463/501/462 457/495/456 461/499/460 
f 391/429/390 390/428/389 464/502/463 384/422/383 
f 384/422/383 464/502/463 465/503/464 385/423/384 
f 385/423/384 465/503/464 466/504/465 387/425/386 
f 387/425/386 466/504/465 467/505/466 389/427/388 
f 389/427/388 467/505/466 410/448/409 
f 468/506/467 373/411/372 375/413/374 469/507/468 
f 470/508/469 381/419/380 379/417/378 404/442/403 
f 404/442/403 379/417/378 471/509/470 472/510/471 
f 472/510/471 471/509/470 390/428/389 392/430/391 
f 391/429/390 393/431/392 392/430/391 
f 390/428/389 378/416/377 364/402/363 464/502/463 
f 464/502/463 364/402/363 367/405/366 465/503/464 
f 465/503/464 367/405/366 369/407/368 466/504/465 
f 466/504/465 369/407/368 371/409/370 467/505/466 
f 467/505/466 371/409/370 373/411/372 
f 379/417/378 376/414/375 471/509/470 
f 471/509/470 376/414/375 378/416/377 390/428/389 
f 415/453/414 458/496/457 473/511/472 416/454/415 
f 419/457/418 459/497/458 458/496/457 415/453/414 
f 388/426/387 389/427/388 412/450/411 474/512/473 
f 474/512/473 412/450/411 424/462/423 417/455/416 
f 410/448/409 468/506/467 475/513/474 411/449/410 
f 411/449/410 475/513/474 430/468/429 425/463/424 
f 428/466/427 421/459/420 423/461/422 426/464/425 
f 373/411/372 468/506/467 410/448/409 
f 434/472/433 427/465/426 429/467/428 432/470/431 
f 476/514/475 409/447/408 477/515/476 431/469/430 
f 375/413/374 478/516/477 407/445/406 469/507/468 
f 479/517/478 420/458/419 480/518/479 481/519/480 
f 482/520/481 419/457/418 420/458/419 479/517/478 
f 483/521/482 459/497/458 419/457/418 482/520/481 
f 484/522/483 456/494/455 459/497/458 483/521/482 
f 485/523/484 460/498/459 456/494/455 484/522/483 
f 486/524/485 398/436/397 401/439/400 487/525/486 
f 488/526/487 402/440/401 398/436/397 486/524/485 
f 489/527/488 450/488/449 453/491/452 490/528/489 
f 446/484/445 433/471/432 435/473/434 447/485/446 
f 447/485/446 435/473/434 477/515/476 454/492/453 
f 442/480/441 409/447/408 408/446/407 443/481/442 
f 440/478/439 491/529/490 406/444/405 436/474/435 
f 437/475/436 405/443/404 403/441/402 452/490/451 
f 436/474/435 406/444/405 437/475/436 
f 453/491/452 402/440/401 488/526/487 490/528/489 
f 364/402/363 378/416/377 492/530/491 365/403/364 
f 383/421/382 393/431/392 391/429/390 384/422/383 
f 458/496/457 396/434/395 473/511/472 
f 493/531/492 478/516/477 375/413/374 374/412/373 
f 396/434/395 457/495/456 463/501/462 397/435/396 
f 399/437/398 494/532/493 495/533/494 400/438/399 
f 403/441/402 405/443/404 494/532/493 399/437/398 
f 416/454/415 413/451/412 474/512/473 417/455/416 
f 424/462/423 412/450/411 411/449/410 425/463/424 
f 430/468/429 475/513/474 476/514/475 431/469/430 
f 451/489/450 438/476/437 437/475/436 452/490/451 
f 454/492/453 442/480/441 445/483/444 455/493/454 
f 473/511/472 414/452/413 413/451/412 416/454/415 
f 424/462/423 423/461/422 496/534/495 
f 430/468/429 429/467/428 426/464/425 425/463/424 
f 477/515/476 435/473/434 432/470/431 431/469/430 
f 477/515/476 409/447/408 442/480/441 454/492/453 
f 403/441/402 402/440/401 453/491/452 452/490/451 
f 396/434/395 394/432/393 414/452/413 473/511/472 
f 494/532/493 472/510/471 495/533/494 
f 405/443/404 404/442/403 472/510/471 494/532/493 
f 491/529/490 470/508/469 404/442/403 406/444/405 
f 476/514/475 469/507/468 409/447/408 
f 413/451/412 386/424/385 388/426/387 474/512/473 
f 475/513/474 468/506/467 469/507/468 476/514/475 
f 394/432/393 393/431/392 383/421/382 414/452/413 
f 493/531/492 382/535/381 381/536/380 478/516/477 
f 443/481/442 440/537/439 441/538/440 444/482/443 
f 478/516/477 381/536/380 470/539/469 407/445/406 
f 408/446/407 491/540/490 440/537/439 443/481/442 
f 407/445/406 470/539/469 491/540/490 408/446/407 
f 422/460/421 497/541/496 480/518/479 498/542/497 
f 458/496/457 457/495/456 396/434/395 
f 406/444/405 405/443/404 437/475/436 
f 467/505/466 373/411/372 410/448/409 
f 469/507/468 407/445/406 409/447/408 
f 378/416/377 377/415/376 492/530/491 
f 422/460/421 498/542/497 496/534/495 423/461/422 
f 480/518/479 497/541/496 499/543/498 481/519/480 
f 480/518/479 420/458/419 418/456/417 498/542/497 
f 498/542/497 418/456/417 496/534/495 
f 496/534/495 418/456/417 417/455/416 424/462/423 
f 400/438/399 397/435/396 463/501/462 401/439/400 
f 401/439/400 463/501/462 462/500/461 487/525/486 
f 495/533/494 395/433/394 397/435/396 400/438/399 
f 392/430/391 395/433/394 495/533/494 
f 472/510/471 392/430/391 495/533/494 
f 500/544/499 501/545/500 502/546/501 503/547/502 
f 501/545/500 504/548/503 505/549/504 502/546/501 
f 504/548/503 506/550/505 507/551/506 505/549/504 
f 506/550/505 508/552/507 509/553/508 507/551/506 
f 508/552/507 510/554/509 511/555/510 509/553/508 
f 512/556/511 513/557/512 514/558/513 
f 515/559/514 512/556/511 514/558/513 516/560/515 
f 517/561/516 515/559/514 516/560/515 518/562/517 
f 519/563/518 520/564/519 521/565/520 522/566/521 
f 520/564/519 523/567/522 524/568/523 521/565/520 
f 524/568/523 523/567/522 525/569/524 
f 526/570/525 527/571/526 528/572/527 
f 527/571/526 529/573/528 530/574/529 531/575/530 
f 529/573/528 532/576/531 533/577/532 530/574/529 
f 534/578/533 535/579/534 536/580/535 537/581/536 
f 538/582/537 534/578/533 537/581/536 539/583/538 
f 540/584/539 541/585/540 542/586/541 
f 543/587/542 544/588/543 545/589/544 
f 525/569/524 546/590/545 547/591/546 548/592/547 
f 519/563/518 549/593/548 550/594/549 520/564/519 
f 551/595/550 552/596/551 553/597/552 554/598/553 
f 555/599/554 556/600/555 552/596/551 551/595/550 
f 421/601/420 557/602/556 422/603/421 
f 557/602/556 558/604/557 559/605/558 560/606/559 
f 427/607/426 561/608/560 558/604/557 428/609/427 
f 561/608/560 562/610/561 563/611/562 564/612/563 
f 433/613/432 565/614/564 562/610/561 434/615/433 
f 566/616/565 567/617/566 568/618/567 569/619/568 
f 570/620/569 566/616/565 569/619/568 571/621/570 
f 572/622/571 573/623/572 574/624/573 575/625/574 
f 449/626/448 576/627/575 577/628/576 446/629/445 
f 578/630/577 579/631/578 580/632/579 581/633/580 
f 576/627/575 582/634/581 583/635/582 577/628/576 
f 584/636/583 585/637/584 586/638/585 587/639/586 
f 588/640/587 584/636/583 587/639/586 461/641/460 
f 462/642/461 461/641/460 587/639/586 589/643/588 
f 528/572/527 522/566/521 590/644/589 526/570/525 
f 522/566/521 521/565/520 591/645/590 590/644/589 
f 521/565/520 524/568/523 592/646/591 591/645/590 
f 524/568/523 525/569/524 593/647/592 592/646/591 
f 525/569/524 548/592/547 593/647/592 
f 594/648/593 595/649/594 510/554/509 508/552/507 
f 596/650/595 540/584/539 515/559/514 517/561/516 
f 540/584/539 597/651/596 598/652/597 515/559/514 
f 597/651/596 527/571/526 526/570/525 598/652/597 
f 528/572/527 527/571/526 531/575/530 
f 526/570/525 590/644/589 500/544/499 513/557/512 
f 590/644/589 591/645/590 501/545/500 500/544/499 
f 591/645/590 592/646/591 504/548/503 501/545/500 
f 592/646/591 593/647/592 506/550/505 504/548/503 
f 593/647/592 508/552/507 506/550/505 
f 515/559/514 598/652/597 512/556/511 
f 598/652/597 526/570/525 513/557/512 512/556/511 
f 551/595/550 554/598/553 599/653/598 586/638/585 
f 555/599/554 551/595/550 586/638/585 585/637/584 
f 523/567/522 600/654/599 546/590/545 525/569/524 
f 600/654/599 553/597/552 560/606/559 546/590/545 
f 548/592/547 547/591/546 601/655/600 594/648/593 
f 547/591/546 559/605/558 564/612/563 601/655/600 
f 428/609/427 558/604/557 557/602/556 421/601/420 
f 508/552/507 548/592/547 594/648/593 
f 434/615/433 562/610/561 561/608/560 427/607/426 
f 602/656/601 563/611/562 603/657/602 544/588/543 
f 510/554/509 595/649/594 543/587/542 604/658/603 
f 605/659/604 606/660/605 607/661/606 556/600/555 
f 608/662/607 605/659/604 556/600/555 555/599/554 
f 609/663/608 608/662/607 555/599/554 585/637/584 
f 610/664/609 609/663/608 585/637/584 584/636/583 
f 611/665/610 610/664/609 584/636/583 588/640/587 
f 486/666/485 487/667/486 535/579/534 534/578/533 
f 488/668/487 486/666/485 534/578/533 538/582/537 
f 489/527/488 490/669/489 579/631/578 578/630/577 
f 446/629/445 577/628/576 565/614/564 433/613/432 
f 577/628/576 583/635/582 603/657/602 565/614/564 
f 575/625/574 574/624/573 545/589/544 544/588/543 
f 571/621/570 569/619/568 541/585/540 612/670/611 
f 568/618/567 580/632/579 539/583/538 542/586/541 
f 569/619/568 568/618/567 541/585/540 
f 579/631/578 490/669/489 488/668/487 538/582/537 
f 500/544/499 503/547/502 613/671/612 513/557/512 
f 519/563/518 522/566/521 528/572/527 531/575/530 
f 586/638/585 599/653/598 533/577/532 
f 614/672/613 511/555/510 510/554/509 604/658/603 
f 533/577/532 532/576/531 589/643/588 587/639/586 
f 537/581/536 536/580/535 615/673/614 616/674/615 
f 539/583/538 537/581/536 616/674/615 542/586/541 
f 554/598/553 553/597/552 600/654/599 550/594/549 
f 560/606/559 559/605/558 547/591/546 546/590/545 
f 564/612/563 563/611/562 602/656/601 601/655/600 
f 581/633/580 580/632/579 568/618/567 567/617/566 
f 582/634/581 572/622/571 575/625/574 583/635/582 
f 599/653/598 554/598/553 550/594/549 549/593/548 
f 560/606/559 617/675/616 557/602/556 
f 564/612/563 559/605/558 558/604/557 561/608/560 
f 603/657/602 563/611/562 562/610/561 565/614/564 
f 603/657/602 583/635/582 575/625/574 544/588/543 
f 539/583/538 580/632/579 579/631/578 538/582/537 
f 533/577/532 599/653/598 549/593/548 530/574/529 
f 616/674/615 615/673/614 597/651/596 
f 542/586/541 616/674/615 597/651/596 540/584/539 
f 612/670/611 541/585/540 540/584/539 596/650/595 
f 602/656/601 544/588/543 595/649/594 
f 550/594/549 600/654/599 523/567/522 520/564/519 
f 601/655/600 602/656/601 595/649/594 594/648/593 
f 530/574/529 549/593/548 519/563/518 531/575/530 
f 614/672/613 604/658/603 517/676/516 518/677/517 
f 573/623/572 570/678/569 571/679/570 574/624/573 
f 604/658/603 543/587/542 596/680/595 517/676/516 
f 545/589/544 574/624/573 571/679/570 612/681/611 
f 543/587/542 545/589/544 612/681/611 596/680/595 
f 422/603/421 618/682/617 607/661/606 497/683/496 
f 586/638/585 533/577/532 587/639/586 
f 541/585/540 568/618/567 542/586/541 
f 593/647/592 548/592/547 508/552/507 
f 595/649/594 544/588/543 543/587/542 
f 513/557/512 613/671/612 514/558/513 
f 422/603/421 557/602/556 617/675/616 618/682/617 
f 607/661/606 606/660/605 499/684/498 497/683/496 
f 607/661/606 618/682/617 552/596/551 556/600/555 
f 618/682/617 617/675/616 552/596/551 
f 617/675/616 560/606/559 553/597/552 552/596/551 
f 536/580/535 535/579/534 589/643/588 532/576/531 
f 535/579/534 487/667/486 462/642/461 589/643/588 
f 615/673/614 536/580/535 532/576/531 529/573/528 
f 527/571/526 615/673/614 529/573/528 
f 597/651/596 615/673/614 527/571/526 
f 451/489/450 450/488/449 619/685/618 620/686/619 
f 439/477/438 438/476/437 621/687/620 622/688/621 
f 441/479/440 439/477/438 622/688/621 623/689/622 
f 444/482/443 441/538/440 623/690/622 624/691/623 
f 445/483/444 444/482/443 624/691/623 625/692/624 
f 455/493/454 445/483/444 625/692/624 626/693/625 
f 450/488/449 489/527/488 627/694/626 619/685/618 
f 438/476/437 451/489/450 620/686/619 621/687/620 
f 448/486/447 455/493/454 626/693/625 628/695/627 
f 449/487/448 448/486/447 628/695/627 629/696/628 
f 578/630/577 581/633/580 630/697/629 631/698/630 
f 567/617/566 566/616/565 632/699/631 633/700/632 
f 566/616/565 570/620/569 634/701/633 632/699/631 
f 573/623/572 572/622/571 635/702/634 636/703/635 
f 582/634/581 576/627/575 637/704/636 638/705/637 
f 576/627/575 449/626/448 629/706/628 637/704/636 
f 489/527/488 578/630/577 631/698/630 627/694/626 
f 581/633/580 567/617/566 633/700/632 630/697/629 
f 572/622/571 582/634/581 638/705/637 635/702/634 
f 570/678/569 573/623/572 636/703/635 634/707/633 
f 639/457/638 640/458/639 641/460/640 
f 642/494/641 643/497/642 641/460/643 
f 644/498/644 642/494/641 641/460/645 
f 639/457/638 641/460/646 643/497/642 
f 645/517/647 646/519/648 647/518/649 640/458/639 
f 648/520/650 645/517/647 640/458/639 639/457/638 
f 649/521/651 648/520/650 639/457/638 643/497/642 
f 650/522/652 649/521/651 643/497/642 642/494/641 
f 651/523/653 650/522/652 642/494/641 644/498/644 
f 641/460/654 647/518/649 652/541/655 
f 647/518/649 646/519/648 653/543/656 652/541/655 
f 647/518/649 641/460/657 640/458/639 
f 654/599/658 641/641/659 655/600/660 
f 656/636/661 641/641/662 657/637/663 
f 658/640/664 641/641/665 656/636/661 
f 654/599/658 657/637/663 641/641/666 
f 659/659/667 655/600/660 660/661/668 661/660/669 
f 662/662/670 654/599/658 655/600/660 659/659/667 
f 663/663/671 657/637/663 654/599/658 662/662/670 
f 664/664/672 656/636/661 657/637/663 663/663/671 
f 665/665/673 658/640/664 656/636/661 664/664/672 
f 652/683/655 660/661/668 641/641/674 
f 660/661/668 652/683/655 653/684/656 661/660/669 
f 660/661/668 655/600/660 641/641/675 
f 666/708/676 667/709/677 668/710/678 669/711/679 
f 670/712/680 671/713/681 667/709/677 666/708/676 
f 672/714/682 673/715/683 671/713/681 670/712/680 
f 674/716/684 675/717/685 673/715/683 672/714/682 
f 676/718/686 677/719/687 675/717/685 674/716/684 
f 678/720/688 679/721/689 680/722/690 681/723/691 
f 682/724/692 683/725/693 684/726/694 685/727/695 
f 686/728/696 682/724/692 685/727/695 687/729/697 
f 688/730/698 686/728/696 687/729/697 689/731/699 
f 690/732/700 688/730/698 689/731/699 691/733/701 
f 692/734/702 690/732/700 691/733/701 693/735/703 
f 694/736/704 695/737/705 680/722/690 679/721/689 
f 696/738/706 697/739/707 676/718/686 674/716/684 
f 696/738/706 674/716/684 672/714/682 698/740/708 
f 698/740/708 672/714/682 670/712/680 699/741/709 
f 699/741/709 670/712/680 666/708/676 700/742/710 
f 700/742/710 666/708/676 669/711/679 701/743/711 
f 701/743/711 669/711/679 702/744/712 703/745/713 
f 703/745/713 702/744/712 683/725/693 704/746/714 
f 704/746/714 683/725/693 682/724/692 705/747/715 
f 705/747/715 682/724/692 686/728/696 706/748/716 
f 706/748/716 686/728/696 688/730/698 707/749/717 
f 707/749/717 688/730/698 690/732/700 708/750/718 
f 708/750/718 690/732/700 692/734/702 709/751/719 
f 667/709/677 710/752/720 681/723/691 668/710/678 
f 671/713/681 711/753/721 710/752/720 667/709/677 
f 673/715/683 712/754/722 711/753/721 671/713/681 
f 675/717/685 713/755/723 712/754/722 673/715/683 
f 677/719/687 714/756/724 713/755/723 675/717/685 
f 715/757/725 702/744/712 669/711/679 668/710/678 
f 684/726/694 695/737/705 716/758/726 685/727/695 
f 685/727/695 716/758/726 717/759/727 687/729/697 
f 687/729/697 717/759/727 718/760/728 689/731/699 
f 689/731/699 718/760/728 719/761/729 691/733/701 
f 691/733/701 719/761/729 720/762/730 693/735/703 
f 684/726/694 683/725/693 702/744/712 715/757/725 
f 721/763/731 722/764/732 723/765/733 724/766/734 
f 725/767/735 721/763/731 724/766/734 726/768/736 
f 727/769/737 725/767/735 726/768/736 728/770/738 
f 729/771/739 727/769/737 728/770/738 730/772/740 
f 731/773/741 729/771/739 730/772/740 732/774/742 
f 733/775/743 734/776/744 735/777/745 736/778/746 
f 737/779/747 738/780/748 739/781/749 740/782/750 
f 741/783/751 742/784/752 738/780/748 737/779/747 
f 743/785/753 744/786/754 742/784/752 741/783/751 
f 745/787/755 746/788/756 744/786/754 743/785/753 
f 747/789/757 748/790/758 746/788/756 745/787/755 
f 749/791/759 736/778/746 735/777/745 750/792/760 
f 724/766/734 723/765/733 734/776/744 751/793/761 
f 726/768/736 724/766/734 751/793/761 752/794/762 
f 728/770/738 726/768/736 752/794/762 753/795/763 
f 730/772/740 728/770/738 753/795/763 754/796/764 
f 732/774/742 730/772/740 754/796/764 755/797/765 
f 756/798/766 723/765/733 722/764/732 757/799/767 
f 739/781/749 738/780/748 758/800/768 750/792/760 
f 738/780/748 742/784/752 759/801/769 758/800/768 
f 742/784/752 744/786/754 760/802/770 759/801/769 
f 744/786/754 746/788/756 761/803/771 760/802/770 
f 746/788/756 748/790/758 762/804/772 761/803/771 
f 739/781/749 756/798/766 757/799/767 740/782/750 
f 725/767/735 727/769/737 698/740/708 699/741/709 
f 727/769/737 729/771/739 696/738/706 698/740/708 
f 697/739/707 696/738/706 729/771/739 731/773/741 
f 721/763/731 725/767/735 699/741/709 700/742/710 
f 722/764/732 721/763/731 700/742/710 701/743/711 
f 701/743/711 703/745/713 757/799/767 722/764/732 
f 740/782/750 757/799/767 703/745/713 704/746/714 
f 737/779/747 740/782/750 704/746/714 705/747/715 
f 741/783/751 737/779/747 705/747/715 706/748/716 
f 743/785/753 741/783/751 706/748/716 707/749/717 
f 745/787/755 743/785/753 707/749/717 708/750/718 
f 708/750/718 709/751/719 747/789/757 745/787/755 
f 763/805/773 764/806/774 765/807/775 766/808/776 
f 767/809/777 763/805/773 766/808/776 768/810/778 
f 769/811/779 767/809/777 768/810/778 770/812/780 
f 771/813/781 769/811/779 770/812/780 772/814/782 
f 678/720/688 771/813/781 772/814/782 733/815/743 
f 679/721/689 678/720/688 733/815/743 736/816/746 
f 694/736/704 679/721/689 736/816/746 749/817/759 
f 773/818/783 694/736/704 749/817/759 774/819/784 
f 775/820/785 773/818/783 774/819/784 776/821/786 
f 777/822/787 775/820/785 776/821/786 778/823/788 
f 779/824/789 777/822/787 778/823/788 780/825/790 
f 780/825/790 781/826/791 782/827/792 779/824/789 
f 693/735/703 720/762/730 762/828/772 748/829/758 
f 692/734/702 693/735/703 748/829/758 747/830/757 
f 731/831/741 732/832/742 677/719/687 676/718/686 
f 732/832/742 755/833/765 714/756/724 677/719/687 
f 697/739/707 731/831/741 676/718/686 
f 692/734/702 747/830/757 709/751/719 
f 680/722/690 715/757/725 668/710/678 681/723/691 
f 695/737/705 684/726/694 715/757/725 680/722/690 
f 710/752/720 771/813/781 678/720/688 681/723/691 
f 711/753/721 769/811/779 771/813/781 710/752/720 
f 712/754/722 767/809/777 769/811/779 711/753/721 
f 713/755/723 763/805/773 767/809/777 712/754/722 
f 714/756/724 764/806/774 763/805/773 713/755/723 
f 695/737/705 694/736/704 773/818/783 716/758/726 
f 716/758/726 773/818/783 775/820/785 717/759/727 
f 717/759/727 775/820/785 777/822/787 718/760/728 
f 718/760/728 777/822/787 779/824/789 719/761/729 
f 719/761/729 779/824/789 782/827/792 720/762/730 
f 734/776/744 723/765/733 756/798/766 735/777/745 
f 735/777/745 756/798/766 739/781/749 750/792/760 
f 734/776/744 733/775/743 772/834/782 751/793/761 
f 751/793/761 772/834/782 770/835/780 752/794/762 
f 752/794/762 770/835/780 768/836/778 753/795/763 
f 753/795/763 768/836/778 766/837/776 754/796/764 
f 754/796/764 766/837/776 765/838/775 755/797/765 
f 758/800/768 774/839/784 749/791/759 750/792/760 
f 759/801/769 776/840/786 774/839/784 758/800/768 
f 760/802/770 778/841/788 776/840/786 759/801/769 
f 761/803/771 780/842/790 778/841/788 760/802/770 
f 762/804/772 781/843/791 780/842/790 761/803/771 
f 720/762/730 782/827/792 781/826/791 762/828/772 
f 755/833/765 765/807/775 764/806/774 714/756/724 
f 783/844/793 784/845/794 785/846/795 
f 786/847/796 787/848/797 788/849/798 789/850/799 
f 790/851/800 791/852/801 792/853/802 793/854/803 
f 794/855/804 795/856/805 796/857/806 797/858/807 
f 798/859/808 799/860/809 800/861/810 801/862/811 
f 799/860/809 802/863/812 803/864/813 800/861/810 
f 804/865/814 798/859/808 801/862/811 805/866/815 
f 806/867/816 804/865/814 805/866/815 807/868/817 
f 808/869/818 806/867/816 807/868/817 809/870/819 
f 810/871/820 808/869/818 809/870/819 811/872/821 
f 802/863/812 812/873/822 813/874/823 803/864/813 
f 814/875/824 810/871/820 811/872/821 815/876/825 
f 812/873/822 816/877/826 817/878/827 813/874/823 
f 818/879/828 819/880/829 820/881/830 821/882/831 
f 822/883/832 823/884/833 824/885/834 825/886/835 
f 826/887/836 822/883/832 825/886/835 827/888/837 
f 823/884/833 828/889/838 829/890/839 824/885/834 
f 828/889/838 830/891/840 831/892/841 829/890/839 
f 832/893/842 818/879/828 821/882/831 833/894/843 
f 830/891/840 832/893/842 833/894/843 831/892/841 
f 799/860/809 798/859/808 834/895/844 783/844/793 
f 798/859/808 804/865/814 835/896/845 834/895/844 
f 804/865/814 806/867/816 836/897/846 835/896/845 
f 806/867/816 808/869/818 786/847/796 836/897/846 
f 808/869/818 810/871/820 837/898/847 786/847/796 
f 810/871/820 814/875/824 838/899/848 837/898/847 
f 814/875/824 819/880/829 794/855/804 838/899/848 
f 818/879/828 832/893/842 795/856/805 
f 832/893/842 830/891/840 796/857/806 795/856/805 
f 830/891/840 828/889/838 791/852/801 796/857/806 
f 828/889/838 823/884/833 792/853/802 791/852/801 
f 823/884/833 822/883/832 839/900/849 792/853/802 
f 822/883/832 826/887/836 839/900/849 
f 826/887/836 816/877/826 840/901/850 839/900/849 
f 812/873/822 802/863/812 785/846/795 841/902/851 
f 802/863/812 799/860/809 783/844/793 785/846/795 
f 816/877/826 826/887/836 827/888/837 817/878/827 
f 819/880/829 814/875/824 815/876/825 820/881/830 
f 819/880/829 818/879/828 795/856/805 794/855/804 
f 816/877/826 812/873/822 841/902/851 840/901/850 
f 840/901/850 841/902/851 842/903/852 793/854/803 
f 790/851/800 843/904/853 844/905/854 797/858/807 
f 842/903/852 843/904/853 790/851/800 793/854/803 
f 844/905/854 838/899/848 794/855/804 797/858/807 
f 792/853/802 839/900/849 840/901/850 793/854/803 
f 796/857/806 791/852/801 790/851/800 797/858/807 
f 786/847/796 837/898/847 787/848/797 
f 783/844/793 789/850/799 788/849/798 784/845/794 
f 837/898/847 838/899/848 844/905/854 787/848/797 
f 787/848/797 844/905/854 843/904/853 788/849/798 
f 788/849/798 843/904/853 842/903/852 784/845/794 
f 784/845/794 842/903/852 841/902/851 785/846/795 
f 783/844/793 834/895/844 835/896/845 789/850/799 
f 789/850/799 835/896/845 836/897/846 786/847/796 
f 845/844/855 846/846/856 847/845/857 
f 848/847/858 849/850/859 850/849/860 851/848/861 
f 852/851/862 853/854/863 854/853/864 855/852/865 
f 856/855/866 857/858/867 858/857/868 859/856/869 
f 860/859/870 861/862/871 862/861/872 863/860/873 
f 863/860/873 862/861/872 864/864/874 865/863/875 
f 866/865/876 867/866/877 861/862/871 860/859/870 
f 868/867/878 869/868/879 867/866/877 866/865/876 
f 870/869/880 871/870/881 869/868/879 868/867/878 
f 872/871/882 873/872/883 871/870/881 870/869/880 
f 865/863/875 864/864/874 874/874/884 875/873/885 
f 876/875/886 877/876/887 873/872/883 872/871/882 
f 875/873/885 874/874/884 878/878/888 879/877/889 
f 880/879/890 881/882/891 882/881/892 883/880/893 
f 884/883/894 885/886/895 886/885/896 887/884/897 
f 888/887/898 889/888/899 885/886/895 884/883/894 
f 887/884/897 886/885/896 890/890/900 891/889/901 
f 891/889/901 890/890/900 892/892/902 893/891/903 
f 894/893/904 895/894/905 881/882/891 880/879/890 
f 893/891/903 892/892/902 895/894/905 894/893/904 
f 863/860/873 845/844/855 896/895/906 860/859/870 
f 860/859/870 896/895/906 897/896/907 866/865/876 
f 866/865/876 897/896/907 898/897/908 868/867/878 
f 868/867/878 898/897/908 848/847/858 870/869/880 
f 870/869/880 848/847/858 899/898/909 872/871/882 
f 872/871/882 899/898/909 900/899/910 876/875/886 
f 876/875/886 900/899/910 856/855/866 883/880/893 
f 880/879/890 859/856/869 894/893/904 
f 894/893/904 859/856/869 858/857/868 893/891/903 
f 893/891/903 858/857/868 855/852/865 891/889/901 
f 891/889/901 855/852/865 854/853/864 887/884/897 
f 887/884/897 854/853/864 901/900/911 884/883/894 
f 884/883/894 901/900/911 888/887/898 
f 888/887/898 901/900/911 902/901/912 879/877/889 
f 875/873/885 903/902/913 846/846/856 865/863/875 
f 865/863/875 846/846/856 845/844/855 863/860/873 
f 879/877/889 878/878/888 889/888/899 888/887/898 
f 883/880/893 882/881/892 877/876/887 876/875/886 
f 883/880/893 856/855/866 859/856/869 880/879/890 
f 879/877/889 902/901/912 903/902/913 875/873/885 
f 902/901/912 853/854/863 904/903/914 903/902/913 
f 852/851/862 857/858/867 905/905/915 906/904/916 
f 904/903/914 853/854/863 852/851/862 906/904/916 
f 905/905/915 857/858/867 856/855/866 900/899/910 
f 854/853/864 853/854/863 902/901/912 901/900/911 
f 858/857/868 857/858/867 852/851/862 855/852/865 
f 848/847/858 851/848/861 899/898/909 
f 845/844/855 847/845/857 850/849/860 849/850/859 
f 899/898/909 851/848/861 905/905/915 900/899/910 
f 851/848/861 850/849/860 906/904/916 905/905/915 
f 850/849/860 847/845/857 904/903/914 906/904/916 
f 847/845/857 846/846/856 903/902/913 904/903/914 
f 845/844/855 849/850/859 897/896/907 896/895/906 
f 849/850/859 848/847/858 898/897/908 897/896/907 
f 907/906/917 908/907/918 909/908/919 910/909/920 
f 911/910/921 912/911/922 908/907/918 907/906/917 
f 913/912/923 914/913/924 915/914/925 916/915/926 
f 908/907/918 917/916/927 918/917/928 909/908/919 
f 912/911/922 919/918/929 917/916/927 908/907/918 
f 914/913/924 920/919/930 921/920/931 915/914/925 
f 922/921/932 909/908/919 918/917/928 
f 910/909/920 909/908/919 922/921/932 
f 907/906/917 910/909/920 923/922/933 924/923/934 
f 911/910/921 907/906/917 924/923/934 925/924/935 
f 914/913/924 913/912/923 926/925/936 927/926/937 
f 913/912/923 916/915/926 928/927/938 926/925/936 
f 918/917/928 917/916/927 929/928/939 930/929/940 
f 917/916/927 919/918/929 931/930/941 929/928/939 
f 920/919/930 914/913/924 927/926/937 932/931/942 
f 919/918/929 921/920/931 933/932/943 931/930/941 
f 922/921/932 918/917/928 930/929/940 934/933/944 
f 910/909/920 922/921/932 934/933/944 923/922/933 
f 915/914/925 912/911/922 911/910/921 916/915/926 
f 921/920/931 919/918/929 912/911/922 915/914/925 
f 916/915/926 911/910/921 925/924/935 928/927/938 
f 921/920/931 920/919/930 932/931/942 933/932/943 
f 935/906/945 936/909/946 937/908/947 938/907/948 
f 939/910/949 935/906/945 938/907/948 940/911/950 
f 941/912/951 942/915/952 943/914/953 944/913/954 
f 938/907/948 937/908/947 945/917/955 946/916/956 
f 940/911/950 938/907/948 946/916/956 947/918/957 
f 944/913/954 943/914/953 948/920/958 949/919/959 
f 950/921/960 945/917/955 937/908/947 
f 936/909/946 950/921/960 937/908/947 
f 935/906/945 951/923/961 952/922/962 936/909/946 
f 939/910/949 953/924/963 951/923/961 935/906/945 
f 944/913/954 954/926/964 955/925/965 941/912/951 
f 941/912/951 955/925/965 956/927/966 942/915/952 
f 945/917/955 957/929/967 958/928/968 946/916/956 
f 946/916/956 958/928/968 959/930/969 947/918/957 
f 949/919/959 960/931/970 954/926/964 944/913/954 
f 947/918/957 959/930/969 961/932/971 948/920/958 
f 950/921/960 962/933/972 957/929/967 945/917/955 
f 936/909/946 952/922/962 962/933/972 950/921/960 
f 943/914/953 942/915/952 939/910/949 940/911/950 
f 948/920/958 943/914/953 940/911/950 947/918/957 
f 942/915/952 956/927/966 953/924/963 939/910/949 
f 948/920/958 961/932/971 960/931/970 949/919/959 
f 963/934/973 964/935/974 965/936/975 966/937/976 
f 964/935/974 967/938/977 968/939/978 965/936/975 
f 966/937/976 965/936/975 969/940/979 970/941/980 
f 965/936/975 968/939/978 971/942/981 969/940/979 
f 972/943/982 973/944/983 970/941/980 969/940/979 
f 972/943/982 969/940/979 971/942/981 974/945/984 
f 975/946/985 976/947/986 972/943/982 974/945/984 
f 977/948/987 973/944/983 972/943/982 976/947/986 
f 978/949/988 979/950/989 964/935/974 963/934/973 
f 980/951/990 967/938/977 964/935/974 979/950/989 
f 981/952/991 982/953/992 963/934/973 966/937/976 
f 983/954/993 978/949/988 963/934/973 982/953/992 
f 981/952/991 966/937/976 970/941/980 984/955/994 
f 984/955/994 970/941/980 973/944/983 985/956/995 
f 985/956/995 973/944/983 977/948/987 986/957/996 
f 987/958/997 988/959/998 975/946/985 974/945/984 
f 987/958/997 974/945/984 971/942/981 989/960/999 
f 989/960/999 971/942/981 968/939/978 990/961/1000 
f 990/961/1000 968/939/978 967/938/977 991/962/1001 
f 991/962/1001 967/938/977 980/951/990 992/963/1002 
f 989/964/999 990/965/1000 993/966/1003 994/967/1004 
f 982/953/992 981/952/991 993/966/1003 995/968/1005 
f 991/969/1001 992/970/1002 996/971/1006 995/968/1005 
f 987/972/997 989/964/999 994/967/1004 997/973/1007 
f 985/956/995 986/957/996 998/974/1008 997/973/1007 
f 993/966/1003 981/952/991 984/955/994 994/967/1004 
f 993/966/1003 990/965/1000 991/969/1001 995/968/1005 
f 996/971/1006 983/954/993 982/953/992 995/968/1005 
f 994/967/1004 984/955/994 985/956/995 997/973/1007 
f 998/974/1008 988/975/998 987/972/997 997/973/1007 
f 999/976/1009 1000/977/1010 1001/978/1011 1002/979/1012 
f 1003/980/1013 999/976/1009 1002/979/1012 1004/981/1014 
f 1005/982/1015 1003/980/1013 1004/981/1014 1006/983/1016 
f 1007/984/1017 1004/981/1014 1002/979/1012 1008/985/1018 
f 1008/985/1018 1002/979/1012 1001/978/1011 1009/986/1019 
f 1004/981/1014 1007/984/1017 1010/987/1020 1006/983/1016 
f 1011/988/1021 1012/989/1022 1013/990/1023 1014/991/1024 
f 1015/992/1025 1012/989/1022 1011/988/1021 
f 999/976/1009 1003/980/1013 1016/993/1026 1017/994/1027 
f 1017/994/1027 1016/993/1026 1018/995/1028 1019/996/1029 
f 1019/996/1029 1018/995/1028 1020/997/1030 1021/998/1031 
f 1021/998/1031 1020/997/1030 1022/999/1032 1023/1000/1033 
f 1023/1000/1033 1022/999/1032 1014/991/1024 1013/990/1023 
f 1024/1001/1034 1000/977/1010 999/976/1009 1017/994/1027 
f 1003/980/1013 1005/982/1015 1025/1002/1035 1016/993/1026 
f 1025/1002/1035 1026/1003/1036 1018/995/1028 1016/993/1026 
f 1024/1001/1034 1017/994/1027 1019/996/1029 1027/1004/1037 
f 1028/1005/1038 1027/1004/1037 1019/996/1029 1021/998/1031 
f 1029/1006/1039 1020/997/1030 1018/995/1028 1026/1003/1036 
f 1029/1006/1039 1030/1007/1040 1022/999/1032 1020/997/1030 
f 1028/1005/1038 1021/998/1031 1023/1000/1033 1031/1008/1041 
f 1023/1000/1033 1013/990/1023 1032/1009/1042 1031/1008/1041 
f 1014/991/1024 1022/999/1032 1030/1007/1040 1033/1010/1043 
f 1034/1011/1044 1011/988/1021 1014/991/1024 1033/1010/1043 
f 1035/1012/1045 1011/988/1021 1034/1011/1044 
f 1035/1012/1045 1015/992/1025 1011/988/1021 
f 1032/1009/1042 1013/990/1023 1012/989/1022 1036/1013/1046 
f 1036/1013/1046 1012/989/1022 1037/1014/1047 
f 1012/989/1022 1015/992/1025 1037/1014/1047 
f 1001/978/1011 1000/977/1010 1038/1015/1048 1039/1016/1049 
f 1005/982/1015 1006/983/1016 1040/1017/1050 1041/1018/1051 
f 1007/984/1017 1008/985/1018 1042/1019/1052 1043/1020/1053 
f 1009/986/1019 1001/978/1011 1039/1016/1049 1044/1021/1054 
f 1008/985/1018 1009/986/1019 1044/1021/1054 1042/1019/1052 
f 1010/987/1020 1007/984/1017 1043/1020/1053 1045/1022/1055 
f 1006/983/1016 1010/987/1020 1045/1022/1055 1040/1017/1050 
f 1000/977/1010 1024/1001/1034 1046/1023/1056 1038/1015/1048 
f 1025/1002/1035 1005/982/1015 1041/1018/1051 1047/1024/1057 
f 1026/1003/1036 1025/1002/1035 1047/1024/1057 1048/1025/1058 
f 1024/1001/1034 1027/1004/1037 1049/1026/1059 1046/1023/1056 
f 1027/1004/1037 1028/1005/1038 1050/1027/1060 1049/1026/1059 
f 1029/1006/1039 1026/1003/1036 1048/1025/1058 1051/1028/1061 
f 1030/1007/1040 1029/1006/1039 1051/1028/1061 1052/1029/1062 
f 1028/1005/1038 1031/1008/1041 1053/1030/1063 1050/1027/1060 
f 1031/1008/1041 1032/1009/1042 1054/1031/1064 1053/1030/1063 
f 1033/1010/1043 1030/1007/1040 1052/1029/1062 1055/1032/1065 
f 1034/1011/1044 1033/1010/1043 1055/1032/1065 1056/1033/1066 
f 1035/1012/1045 1034/1011/1044 1056/1033/1066 1057/1034/1067 
f 1015/992/1025 1035/1012/1045 1057/1034/1067 1058/1035/1068 
f 1032/1009/1042 1036/1013/1046 1059/1036/1069 1054/1031/1064 
f 1036/1013/1046 1037/1014/1047 1060/1037/1070 1059/1036/1069 
f 1037/1014/1047 1015/992/1025 1058/1035/1068 1060/1037/1070 
usemtl PSNA_PrisonOfficerUniform01_Equipment
f 1061/263/1071 1062/264/226 1063/265/227 1064/266/1072 
f 1065/267/229 1066/268/1073 1067/269/1074 1068/270/232 
f 1069/271/233 1070/272/1075 1071/273/235 
f 1072/274/1076 1073/275/1077 1074/276/1078 1075/277/1079 
s 2
f 1076/278/1080 1077/279/241 1078/280/1081 1079/281/243 
s 1
f 1080/282/1082 1081/283/1083 1082/284/1084 1083/285/247 
s 2
f 1062/264/226 1065/267/229 1068/270/232 1063/265/227 
s 1
f 1066/268/1073 1084/286/1085 1085/287/1086 1067/269/1074 
f 1086/288/250 1087/289/1087 1088/290/252 
s 4
f 1073/275/1077 1076/278/1080 1079/281/243 1074/276/1078 
f 1077/279/241 1080/282/1082 1083/285/247 1078/280/1081 
s 2
f 1081/283/1083 1061/263/1071 1064/266/1072 1082/284/1084 
f 1089/291/1088 1063/265/227 1068/270/232 1090/292/254 
s 1
f 1091/293/1089 1064/266/1072 1063/265/227 1089/291/1088 
s 2
f 1092/294/1090 1082/284/1084 1064/266/1072 1091/293/1089 
s 1
f 1093/295/257 1083/285/247 1082/284/1084 1092/294/1090 
s 4
f 1094/296/258 1078/280/1081 1083/285/247 1093/295/257 
s 2
f 1095/297/259 1079/281/243 1078/280/1081 1094/296/258 
s 4
f 1096/298/1091 1074/276/1078 1079/281/243 1095/297/259 
s 1
f 1097/299/1092 1075/277/1079 1074/276/1078 1096/298/1091 
f 1098/300/1093 1067/269/1074 1085/287/1086 1099/301/1094 
f 1090/292/254 1068/270/232 1067/269/1074 1098/300/1093 
f 1100/302/264 1101/303/1095 1102/304/266 1103/305/1096 
f 1103/305/1096 1102/304/266 1104/306/268 1105/307/269 
f 1106/308/1097 1107/309/271 1108/310/1098 1109/311/273 
f 1109/311/273 1108/310/1098 1110/312/1099 
f 1107/309/271 1100/302/264 1103/305/1096 1108/310/1098 
f 1108/310/1098 1103/305/1096 1105/307/269 1110/312/1099 
f 1087/289/1087 1106/308/1097 1109/311/273 1088/290/252 
f 1088/290/252 1109/311/273 1110/312/1099 1111/313/1100 
f 1070/272/1075 1086/288/250 1088/290/252 1071/273/235 
f 1071/273/235 1088/290/252 1111/313/1100 1112/314/1101 
f 1084/286/1085 1069/271/233 1071/273/235 1085/287/1086 
f 1085/287/1086 1071/273/235 1112/314/1101 1099/301/1094 
s 2
f 1089/291/1088 1090/292/254 1113/315/277 
s 1
f 1091/293/1089 1113/315/277 1114/316/1102 
f 1092/294/1090 1114/316/1102 1115/317/1103 
f 1093/295/257 1092/294/1090 1116/318/1104 
f 1095/297/259 1094/296/258 1117/319/281 
f 1096/298/1091 1117/319/281 1118/320/282 
f 1097/299/1092 1096/298/1091 1118/320/282 
s 4
f 1105/307/269 1104/306/268 1119/321/1105 
f 1112/314/1101 1111/313/1100 1120/322/1106 
f 1090/292/254 1098/300/1093 1113/315/277 
f 1111/313/1100 1110/312/1099 1120/322/1106 
f 1098/300/1093 1099/301/1094 1120/322/1106 
f 1099/301/1094 1112/314/1101 1120/322/1106 
f 1110/312/1099 1119/321/1105 1120/322/1106 
f 1110/312/1099 1105/307/269 1119/321/1105 
s 2
f 1114/316/1102 1121/323/1107 1122/324/1108 1123/325/287 
f 1123/325/287 1122/324/1108 1124/326/288 1125/327/1109 
f 1126/328/283 1127/329/290 1128/330/1110 1129/331/1111 
f 1129/331/1111 1128/330/1110 1130/332/1112 1115/317/1103 
s 1
f 1121/323/1107 1131/333/1113 1132/334/295 1122/324/1108 
f 1122/324/1108 1132/334/295 1133/335/296 1124/326/288 
s 4
f 1127/329/290 1134/336/1114 1135/337/1115 1128/330/1110 
f 1128/330/1110 1135/337/1115 1136/338/1116 1130/332/1112 
s 8
f 1131/333/1113 1121/323/1107 1114/316/1102 1113/315/277 
f 1130/332/1112 1136/338/1116 1116/318/1104 1115/317/1103 
s 16
f 1132/334/295 1131/333/1113 1113/315/277 1120/322/1106 
f 1133/335/296 1132/334/295 1120/322/1106 1119/321/1105 
s 1
f 1135/337/1115 1134/336/1114 1118/320/282 1117/319/281 
f 1136/338/1116 1135/337/1115 1117/319/281 1116/318/1104 
f 1094/296/258 1093/295/257 1116/318/1104 
f 1094/296/258 1116/318/1104 1117/319/281 
f 1092/294/1090 1115/317/1103 1116/318/1104 
f 1115/317/1103 1114/316/1102 1137/339/300 
f 1114/316/1102 1123/325/287 1137/339/300 
f 1123/325/287 1125/327/1109 1137/339/300 
f 1126/328/283 1129/331/1111 1137/339/300 
f 1129/331/1111 1115/317/1103 1137/339/300 
f 1091/293/1089 1089/291/1088 1113/315/277 
f 1096/298/1091 1095/297/259 1117/319/281 
f 1092/294/1090 1091/293/1089 1114/316/1102 
f 1138/340/1117 1139/341/1118 1140/342/1119 1141/343/304 
f 1142/344/305 1143/345/306 1144/346/307 1145/347/1120 
f 1146/348/1121 1147/349/310 1148/350/1122 
f 1072/274/1076 1075/277/1079 1149/351/312 1150/352/1123 
s 2
f 1151/353/1124 1152/354/315 1153/355/1125 1154/356/1126 
s 1
f 1155/357/1127 1156/358/319 1157/359/1128 1158/360/321 
s 2
f 1141/343/304 1140/342/1119 1143/345/306 1142/344/305 
s 1
f 1145/347/1120 1144/346/307 1159/361/1129 1160/362/1130 
f 1161/363/324 1162/364/325 1163/365/1131 
s 4
f 1150/352/1123 1149/351/312 1152/354/315 1151/353/1124 
f 1154/356/1126 1153/355/1125 1156/358/319 1155/357/1127 
s 2
f 1158/360/321 1157/359/1128 1139/341/1118 1138/340/1117 
f 1164/366/1132 1165/367/1133 1143/345/306 1140/342/1119 
s 1
f 1166/368/1134 1164/366/1132 1140/342/1119 1139/341/1118 
s 2
f 1167/369/330 1166/368/1134 1139/341/1118 1157/359/1128 
s 1
f 1168/370/1135 1167/369/330 1157/359/1128 1156/358/319 
s 4
f 1169/371/332 1168/370/1135 1156/358/319 1153/355/1125 
s 2
f 1170/372/1136 1169/371/332 1153/355/1125 1152/354/315 
s 4
f 1171/373/1137 1170/372/1136 1152/354/315 1149/351/312 
s 1
f 1097/299/1092 1171/373/1137 1149/351/312 1075/277/1079 
f 1172/374/335 1173/375/1138 1159/361/1129 1144/346/307 
f 1165/367/1133 1172/374/335 1144/346/307 1143/345/306 
f 1174/376/337 1175/377/1139 1102/304/266 1101/303/1095 
f 1175/377/1139 1176/378/339 1104/306/268 1102/304/266 
f 1177/379/1140 1178/380/341 1179/381/1141 1180/382/343 
f 1178/380/341 1181/383/1142 1179/381/1141 
f 1180/382/343 1179/381/1141 1175/377/1139 1174/376/337 
f 1179/381/1141 1181/383/1142 1176/378/339 1175/377/1139 
f 1163/365/1131 1162/364/325 1178/380/341 1177/379/1140 
f 1162/364/325 1182/384/1143 1181/383/1142 1178/380/341 
f 1148/350/1122 1147/349/310 1162/364/325 1161/363/324 
f 1147/349/310 1183/385/1144 1182/384/1143 1162/364/325 
f 1160/362/1130 1159/361/1129 1147/349/310 1146/348/1121 
f 1159/361/1129 1173/375/1138 1183/385/1144 1147/349/310 
s 2
f 1164/366/1132 1184/386/347 1165/367/1133 
s 1
f 1166/368/1134 1185/387/1145 1184/386/347 
f 1167/369/330 1186/388/1146 1185/387/1145 
f 1168/370/1135 1187/389/1147 1167/369/330 
f 1170/372/1136 1188/390/351 1169/371/332 
f 1171/373/1137 1118/320/282 1188/390/351 
f 1097/299/1092 1118/320/282 1171/373/1137 
s 4
f 1176/378/339 1119/321/1105 1104/306/268 
f 1183/385/1144 1189/391/1148 1182/384/1143 
f 1165/367/1133 1184/386/347 1172/374/335 
f 1182/384/1143 1189/391/1148 1181/383/1142 
f 1172/374/335 1189/391/1148 1173/375/1138 
f 1173/375/1138 1189/391/1148 1183/385/1144 
f 1181/383/1142 1189/391/1148 1119/321/1105 
f 1181/383/1142 1119/321/1105 1176/378/339 
s 2
f 1185/387/1145 1190/392/1149 1191/393/1150 1192/394/1151 
f 1190/392/1149 1125/327/1109 1124/326/288 1191/393/1150 
f 1126/328/283 1193/395/1152 1194/396/1153 1127/329/290 
f 1193/395/1152 1186/388/1146 1195/397/1154 1194/396/1153 
s 1
f 1192/394/1151 1191/393/1150 1196/398/1155 1197/399/360 
f 1191/393/1150 1124/326/288 1133/335/296 1196/398/1155 
s 4
f 1127/329/290 1194/396/1153 1198/400/1156 1134/336/1114 
f 1194/396/1153 1195/397/1154 1199/401/362 1198/400/1156 
s 8
f 1197/399/360 1184/386/347 1185/387/1145 1192/394/1151 
f 1195/397/1154 1186/388/1146 1187/389/1147 1199/401/362 
s 16
f 1196/398/1155 1189/391/1148 1184/386/347 1197/399/360 
f 1133/335/296 1119/321/1105 1189/391/1148 1196/398/1155 
s 1
f 1198/400/1156 1188/390/351 1118/320/282 1134/336/1114 
f 1199/401/362 1187/389/1147 1188/390/351 1198/400/1156 
f 1169/371/332 1187/389/1147 1168/370/1135 
f 1169/371/332 1188/390/351 1187/389/1147 
f 1167/369/330 1187/389/1147 1186/388/1146 
f 1186/388/1146 1137/339/300 1185/387/1145 
f 1185/387/1145 1137/339/300 1190/392/1149 
f 1190/392/1149 1137/339/300 1125/327/1109 
f 1126/328/283 1137/339/300 1193/395/1152 
f 1193/395/1152 1137/339/300 1186/388/1146 
f 1166/368/1134 1184/386/347 1164/366/1132 
f 1171/373/1137 1188/390/351 1170/372/1136 
f 1167/369/330 1185/387/1145 1166/368/1134 
s 4
f 1098/300/1093 1120/322/1106 1113/315/277 
f 1184/386/347 1189/391/1148 1172/374/335 
# 905 polygons - 319 triangles

