# 3ds Max Wavefront OBJ Exporter v0.99 - (c)2007 guruware
# File Created: 16.12.2025 15:30:42

mtllib Prop_Base01.mtl

#
# object JailProp_bed001
#

v  -1.4065 0.4897 -4.2882
v  -1.4065 0.4897 -1.5942
v  -2.9639 0.4897 -1.5942
v  -2.9639 0.4897 -4.2882
v  -1.4065 0.6625 -4.2882
v  -2.9639 0.6625 -4.2882
v  -2.9639 0.6625 -1.5942
v  -1.4065 0.6625 -1.5942
v  -1.4065 0.5459 -4.3120
v  -2.9639 0.5459 -4.3120
v  -2.9639 0.6063 -4.3120
v  -1.4065 0.6063 -4.3120
v  -3.0111 0.5459 -4.2882
v  -3.0111 0.5459 -1.5942
v  -3.0111 0.6063 -1.5942
v  -3.0111 0.6063 -4.2882
v  -2.9639 0.5459 -1.5703
v  -1.4065 0.5459 -1.5703
v  -1.4065 0.6063 -1.5703
v  -2.9639 0.6063 -1.5703
v  -1.3593 0.5459 -1.5942
v  -1.3593 0.5459 -4.2882
v  -1.3593 0.6063 -4.2882
v  -1.3593 0.6063 -1.5942
v  -1.4065 0.5037 -4.3060
v  -1.3770 0.5108 -4.3031
v  -1.3711 0.5037 -4.2882
v  -1.3711 0.5037 -1.5942
v  -1.3770 0.5108 -1.5793
v  -1.4065 0.5037 -1.5763
v  -2.9639 0.5037 -1.5763
v  -2.9934 0.5108 -1.5793
v  -2.9993 0.5037 -1.5942
v  -2.9993 0.5037 -4.2882
v  -2.9934 0.5108 -4.3031
v  -2.9639 0.5037 -4.3060
v  -1.3711 0.6485 -4.2882
v  -1.3770 0.6414 -4.3031
v  -1.4065 0.6485 -4.3060
v  -2.9639 0.6485 -4.3060
v  -2.9934 0.6414 -4.3031
v  -2.9993 0.6485 -4.2882
v  -2.9993 0.6485 -1.5942
v  -2.9934 0.6414 -1.5793
v  -2.9639 0.6485 -1.5763
v  -1.4065 0.6485 -1.5763
v  -1.3770 0.6414 -1.5793
v  -1.3711 0.6485 -1.5942
v  -1.3711 0.5459 -4.3060
v  -2.9993 0.5459 -4.3060
v  -2.9993 0.6063 -4.3060
v  -1.3711 0.6063 -4.3060
v  -2.9993 0.5459 -1.5763
v  -2.9993 0.6063 -1.5763
v  -1.3711 0.5459 -1.5763
v  -1.3711 0.6063 -1.5763
v  -1.3500 0.0000 -4.3432
v  -1.3500 0.3907 -4.3432
v  -1.3533 0.3907 -4.3273
v  -1.3533 0.0000 -4.3273
v  -1.3500 0.6869 -4.3432
v  -1.3533 0.6869 -4.3273
v  -1.3622 0.6869 -4.3138
v  -1.3622 0.3907 -4.3138
v  -1.3622 0.0000 -4.3138
v  -1.3757 0.3907 -4.3049
v  -1.3757 0.0000 -4.3049
v  -1.3757 0.6869 -4.3049
v  -1.3916 0.6869 -4.3016
v  -1.3916 0.3907 -4.3016
v  -1.3916 0.0000 -4.3016
v  -1.4074 0.3907 -4.3049
v  -1.4074 0.0000 -4.3049
v  -1.4074 0.6869 -4.3049
v  -1.4210 0.6869 -4.3138
v  -1.4210 0.3907 -4.3138
v  -1.4210 0.0000 -4.3138
v  -1.4298 0.3907 -4.3273
v  -1.4298 0.0000 -4.3273
v  -1.4298 0.6869 -4.3273
v  -1.4331 0.6869 -4.3432
v  -1.4331 0.3907 -4.3432
v  -1.4331 0.0000 -4.3432
v  -1.4298 0.3907 -4.3591
v  -1.4298 0.0000 -4.3591
v  -1.4298 0.6869 -4.3591
v  -1.4210 0.6869 -4.3726
v  -1.4210 0.3907 -4.3726
v  -1.4210 0.0000 -4.3726
v  -1.4074 0.3907 -4.3815
v  -1.4074 0.0000 -4.3815
v  -1.4074 0.6869 -4.3815
v  -1.3916 0.6869 -4.3848
v  -1.3916 0.3907 -4.3848
v  -1.3916 0.0000 -4.3848
v  -1.3757 0.3907 -4.3815
v  -1.3757 0.0000 -4.3815
v  -1.3757 0.6869 -4.3815
v  -1.3622 0.6869 -4.3726
v  -1.3622 0.3907 -4.3726
v  -1.3622 0.0000 -4.3726
v  -1.3533 0.3907 -4.3591
v  -1.3533 0.0000 -4.3591
v  -1.3533 0.6869 -4.3591
v  -1.3647 0.8112 -4.3138
v  -1.3560 0.8117 -4.3273
v  -1.3642 0.8411 -4.3273
v  -1.3721 0.8390 -4.3138
v  -1.3528 0.8119 -4.3432
v  -1.3612 0.8418 -4.3432
v  -1.3771 0.8769 -4.3432
v  -1.3797 0.8755 -4.3273
v  -1.3867 0.8716 -4.3138
v  -1.3933 0.8095 -4.3016
v  -1.3778 0.8104 -4.3049
v  -1.3842 0.8359 -4.3049
v  -1.3983 0.8322 -4.3016
v  -1.3974 0.8656 -4.3049
v  -1.4098 0.8587 -4.3016
v  -1.4217 0.8079 -4.3138
v  -1.4086 0.8086 -4.3049
v  -1.4123 0.8287 -4.3049
v  -1.4241 0.8256 -4.3138
v  -1.4220 0.8519 -4.3049
v  -1.4323 0.8462 -4.3138
v  -1.4335 0.8072 -4.3432
v  -1.4303 0.8074 -4.3273
v  -1.4319 0.8237 -4.3273
v  -1.4347 0.8230 -4.3432
v  -1.4389 0.8425 -4.3273
v  -1.4414 0.8412 -4.3432
v  -1.4217 0.8079 -4.3726
v  -1.4303 0.8074 -4.3591
v  -1.4319 0.8237 -4.3591
v  -1.4241 0.8256 -4.3726
v  -1.4389 0.8425 -4.3591
v  -1.4323 0.8462 -4.3726
v  -1.3933 0.8095 -4.3848
v  -1.4086 0.8086 -4.3815
v  -1.4123 0.8287 -4.3815
v  -1.3983 0.8322 -4.3848
v  -1.4220 0.8519 -4.3815
v  -1.4098 0.8587 -4.3848
v  -1.3647 0.8112 -4.3726
v  -1.3778 0.8104 -4.3815
v  -1.3842 0.8359 -4.3815
v  -1.3721 0.8390 -4.3726
v  -1.3974 0.8656 -4.3815
v  -1.3867 0.8716 -4.3726
v  -1.3560 0.8117 -4.3591
v  -1.3642 0.8411 -4.3591
v  -1.3797 0.8755 -4.3591
v  -1.5083 0.9703 -4.3432
v  -1.5292 0.9741 -4.3432
v  -1.5292 0.9708 -4.3273
v  -1.5086 0.9671 -4.3273
v  -1.6202 0.9741 -4.3432
v  -1.6202 0.9708 -4.3273
v  -1.6202 0.9620 -4.3138
v  -1.5292 0.9620 -4.3138
v  -1.5092 0.9585 -4.3138
v  -1.5292 0.9484 -4.3049
v  -1.5102 0.9454 -4.3049
v  -1.6202 0.9484 -4.3049
v  -1.6202 0.9326 -4.3016
v  -1.5292 0.9326 -4.3016
v  -1.5114 0.9301 -4.3016
v  -1.5292 0.9167 -4.3049
v  -1.5125 0.9149 -4.3049
v  -1.6202 0.9167 -4.3049
v  -1.6202 0.9032 -4.3138
v  -1.5292 0.9032 -4.3138
v  -1.5134 0.9018 -4.3138
v  -1.5292 0.8943 -4.3273
v  -1.5141 0.8933 -4.3273
v  -1.6202 0.8943 -4.3273
v  -1.6202 0.8910 -4.3432
v  -1.5292 0.8910 -4.3432
v  -1.5143 0.8902 -4.3432
v  -1.5292 0.8943 -4.3591
v  -1.5141 0.8933 -4.3591
v  -1.6202 0.8943 -4.3591
v  -1.6202 0.9032 -4.3726
v  -1.5292 0.9032 -4.3726
v  -1.5134 0.9018 -4.3726
v  -1.5292 0.9167 -4.3815
v  -1.5125 0.9149 -4.3815
v  -1.6202 0.9167 -4.3815
v  -1.6202 0.9326 -4.3848
v  -1.5292 0.9326 -4.3848
v  -1.5114 0.9301 -4.3848
v  -1.5292 0.9484 -4.3815
v  -1.5102 0.9454 -4.3815
v  -1.6202 0.9484 -4.3815
v  -1.6202 0.9620 -4.3726
v  -1.5292 0.9620 -4.3726
v  -1.5092 0.9585 -4.3726
v  -1.5292 0.9708 -4.3591
v  -1.5086 0.9671 -4.3591
v  -1.6202 0.9708 -4.3591
v  -1.4352 0.9390 -4.3432
v  -1.4738 0.9588 -4.3432
v  -1.4747 0.9559 -4.3273
v  -1.4370 0.9366 -4.3273
v  -1.4774 0.9482 -4.3138
v  -1.4418 0.9301 -4.3138
v  -1.4813 0.9365 -4.3049
v  -1.4491 0.9202 -4.3049
v  -1.4860 0.9228 -4.3016
v  -1.4576 0.9087 -4.3016
v  -1.4905 0.9093 -4.3049
v  -1.4659 0.8974 -4.3049
v  -1.4943 0.8978 -4.3138
v  -1.4729 0.8879 -4.3138
v  -1.4967 0.8903 -4.3273
v  -1.4773 0.8817 -4.3273
v  -1.4976 0.8876 -4.3432
v  -1.4790 0.8795 -4.3432
v  -1.4967 0.8903 -4.3591
v  -1.4773 0.8817 -4.3591
v  -1.4943 0.8978 -4.3726
v  -1.4729 0.8879 -4.3726
v  -1.4905 0.9093 -4.3815
v  -1.4659 0.8974 -4.3815
v  -1.4860 0.9228 -4.3848
v  -1.4576 0.9087 -4.3848
v  -1.4813 0.9365 -4.3815
v  -1.4491 0.9202 -4.3815
v  -1.4774 0.9482 -4.3726
v  -1.4418 0.9301 -4.3726
v  -1.4747 0.9559 -4.3591
v  -1.4370 0.9366 -4.3591
v  -1.3500 0.7938 -4.3432
v  -1.3533 0.7938 -4.3273
v  -1.3622 0.7938 -4.3138
v  -1.3757 0.7938 -4.3049
v  -1.3916 0.7938 -4.3016
v  -1.4074 0.7938 -4.3049
v  -1.4210 0.7938 -4.3138
v  -1.4298 0.7938 -4.3273
v  -1.4331 0.7938 -4.3432
v  -1.4298 0.7938 -4.3591
v  -1.4210 0.7938 -4.3726
v  -1.4074 0.7938 -4.3815
v  -1.3916 0.7938 -4.3848
v  -1.3757 0.7938 -4.3815
v  -1.3622 0.7938 -4.3726
v  -1.3533 0.7938 -4.3591
v  -1.8651 0.9741 -4.3432
v  -1.8651 0.9708 -4.3273
v  -2.1869 0.9741 -4.3432
v  -2.1869 0.9708 -4.3273
v  -2.1869 0.9620 -4.3138
v  -1.8651 0.9620 -4.3138
v  -1.8651 0.9484 -4.3049
v  -2.1869 0.9484 -4.3049
v  -2.1869 0.9326 -4.3016
v  -1.8651 0.9326 -4.3016
v  -1.8651 0.9167 -4.3049
v  -2.1869 0.9167 -4.3049
v  -2.1869 0.9032 -4.3138
v  -1.8651 0.9032 -4.3138
v  -1.8651 0.8943 -4.3273
v  -2.1869 0.8943 -4.3273
v  -2.1869 0.8910 -4.3432
v  -1.8651 0.8910 -4.3432
v  -1.8651 0.8943 -4.3591
v  -2.1869 0.8943 -4.3591
v  -2.1869 0.9032 -4.3726
v  -1.8651 0.9032 -4.3726
v  -1.8651 0.9167 -4.3815
v  -2.1869 0.9167 -4.3815
v  -2.1869 0.9326 -4.3848
v  -1.8651 0.9326 -4.3848
v  -1.8651 0.9484 -4.3815
v  -2.1869 0.9484 -4.3815
v  -2.1869 0.9620 -4.3726
v  -1.8651 0.9620 -4.3726
v  -1.8651 0.9708 -4.3591
v  -2.1869 0.9708 -4.3591
v  -1.4047 0.9085 -4.3273
v  -1.4108 0.9032 -4.3138
v  -1.4024 0.9105 -4.3432
v  -1.4201 0.8951 -4.3049
v  -1.4309 0.8857 -4.3016
v  -1.4415 0.8765 -4.3049
v  -1.4503 0.8688 -4.3138
v  -1.4561 0.8638 -4.3273
v  -1.4582 0.8620 -4.3432
v  -1.4561 0.8638 -4.3591
v  -1.4503 0.8688 -4.3726
v  -1.4415 0.8765 -4.3815
v  -1.4309 0.8857 -4.3848
v  -1.4201 0.8951 -4.3815
v  -1.4108 0.9032 -4.3726
v  -1.4047 0.9085 -4.3591
v  -3.0238 0.0000 -4.3432
v  -3.0205 0.0000 -4.3273
v  -3.0205 0.3907 -4.3273
v  -3.0238 0.3907 -4.3432
v  -3.0116 0.0000 -4.3138
v  -3.0116 0.3907 -4.3138
v  -3.0116 0.6869 -4.3138
v  -3.0205 0.6869 -4.3273
v  -3.0238 0.6869 -4.3432
v  -2.9981 0.0000 -4.3049
v  -2.9981 0.3907 -4.3049
v  -2.9822 0.0000 -4.3016
v  -2.9822 0.3907 -4.3016
v  -2.9822 0.6869 -4.3016
v  -2.9981 0.6869 -4.3049
v  -2.9664 0.0000 -4.3049
v  -2.9664 0.3907 -4.3049
v  -2.9528 0.0000 -4.3138
v  -2.9528 0.3907 -4.3138
v  -2.9528 0.6869 -4.3138
v  -2.9664 0.6869 -4.3049
v  -2.9440 0.0000 -4.3273
v  -2.9440 0.3907 -4.3273
v  -2.9407 0.0000 -4.3432
v  -2.9407 0.3907 -4.3432
v  -2.9407 0.6869 -4.3432
v  -2.9440 0.6869 -4.3273
v  -2.9440 0.0000 -4.3591
v  -2.9440 0.3907 -4.3591
v  -2.9528 0.0000 -4.3726
v  -2.9528 0.3907 -4.3726
v  -2.9528 0.6869 -4.3726
v  -2.9440 0.6869 -4.3591
v  -2.9664 0.0000 -4.3815
v  -2.9664 0.3907 -4.3815
v  -2.9822 0.0000 -4.3848
v  -2.9822 0.3907 -4.3848
v  -2.9822 0.6869 -4.3848
v  -2.9664 0.6869 -4.3815
v  -2.9981 0.0000 -4.3815
v  -2.9981 0.3907 -4.3815
v  -3.0116 0.0000 -4.3726
v  -3.0116 0.3907 -4.3726
v  -3.0116 0.6869 -4.3726
v  -2.9981 0.6869 -4.3815
v  -3.0205 0.0000 -4.3591
v  -3.0205 0.3907 -4.3591
v  -3.0205 0.6869 -4.3591
v  -3.0091 0.8112 -4.3138
v  -3.0017 0.8390 -4.3138
v  -3.0096 0.8411 -4.3273
v  -3.0178 0.8117 -4.3273
v  -2.9871 0.8716 -4.3138
v  -2.9941 0.8755 -4.3273
v  -2.9967 0.8769 -4.3432
v  -3.0126 0.8418 -4.3432
v  -3.0210 0.8119 -4.3432
v  -2.9805 0.8095 -4.3016
v  -2.9755 0.8322 -4.3016
v  -2.9896 0.8359 -4.3049
v  -2.9960 0.8104 -4.3049
v  -2.9640 0.8587 -4.3016
v  -2.9764 0.8656 -4.3049
v  -2.9521 0.8079 -4.3138
v  -2.9497 0.8256 -4.3138
v  -2.9615 0.8287 -4.3049
v  -2.9652 0.8086 -4.3049
v  -2.9415 0.8462 -4.3138
v  -2.9518 0.8519 -4.3049
v  -2.9403 0.8072 -4.3432
v  -2.9391 0.8230 -4.3432
v  -2.9419 0.8237 -4.3273
v  -2.9435 0.8074 -4.3273
v  -2.9324 0.8412 -4.3432
v  -2.9349 0.8425 -4.3273
v  -2.9521 0.8079 -4.3726
v  -2.9497 0.8256 -4.3726
v  -2.9419 0.8237 -4.3591
v  -2.9435 0.8074 -4.3591
v  -2.9415 0.8462 -4.3726
v  -2.9349 0.8425 -4.3591
v  -2.9805 0.8095 -4.3848
v  -2.9755 0.8322 -4.3848
v  -2.9615 0.8287 -4.3815
v  -2.9652 0.8086 -4.3815
v  -2.9640 0.8587 -4.3848
v  -2.9518 0.8519 -4.3815
v  -3.0091 0.8112 -4.3726
v  -3.0017 0.8390 -4.3726
v  -2.9896 0.8359 -4.3815
v  -2.9960 0.8104 -4.3815
v  -2.9871 0.8716 -4.3726
v  -2.9764 0.8656 -4.3815
v  -3.0096 0.8411 -4.3591
v  -3.0178 0.8117 -4.3591
v  -2.9941 0.8755 -4.3591
v  -2.8655 0.9703 -4.3432
v  -2.8652 0.9671 -4.3273
v  -2.8446 0.9708 -4.3273
v  -2.8446 0.9741 -4.3432
v  -2.8646 0.9585 -4.3138
v  -2.8446 0.9620 -4.3138
v  -2.7536 0.9620 -4.3138
v  -2.7536 0.9708 -4.3273
v  -2.7536 0.9741 -4.3432
v  -2.8636 0.9454 -4.3049
v  -2.8446 0.9484 -4.3049
v  -2.8624 0.9301 -4.3016
v  -2.8446 0.9326 -4.3016
v  -2.7536 0.9326 -4.3016
v  -2.7536 0.9484 -4.3049
v  -2.8613 0.9149 -4.3049
v  -2.8446 0.9167 -4.3049
v  -2.8604 0.9018 -4.3138
v  -2.8446 0.9032 -4.3138
v  -2.7536 0.9032 -4.3138
v  -2.7536 0.9167 -4.3049
v  -2.8597 0.8933 -4.3273
v  -2.8446 0.8943 -4.3273
v  -2.8595 0.8902 -4.3432
v  -2.8446 0.8910 -4.3432
v  -2.7536 0.8910 -4.3432
v  -2.7536 0.8943 -4.3273
v  -2.8597 0.8933 -4.3591
v  -2.8446 0.8943 -4.3591
v  -2.8604 0.9018 -4.3726
v  -2.8446 0.9032 -4.3726
v  -2.7536 0.9032 -4.3726
v  -2.7536 0.8943 -4.3591
v  -2.8613 0.9149 -4.3815
v  -2.8446 0.9167 -4.3815
v  -2.8624 0.9301 -4.3848
v  -2.8446 0.9326 -4.3848
v  -2.7536 0.9326 -4.3848
v  -2.7536 0.9167 -4.3815
v  -2.8636 0.9454 -4.3815
v  -2.8446 0.9484 -4.3815
v  -2.8646 0.9585 -4.3726
v  -2.8446 0.9620 -4.3726
v  -2.7536 0.9620 -4.3726
v  -2.7536 0.9484 -4.3815
v  -2.8652 0.9671 -4.3591
v  -2.8446 0.9708 -4.3591
v  -2.7536 0.9708 -4.3591
v  -2.9386 0.9390 -4.3432
v  -2.9368 0.9366 -4.3273
v  -2.8991 0.9559 -4.3273
v  -2.9000 0.9588 -4.3432
v  -2.9320 0.9301 -4.3138
v  -2.8964 0.9482 -4.3138
v  -2.9247 0.9202 -4.3049
v  -2.8925 0.9365 -4.3049
v  -2.9162 0.9087 -4.3016
v  -2.8878 0.9228 -4.3016
v  -2.9079 0.8974 -4.3049
v  -2.8833 0.9093 -4.3049
v  -2.9009 0.8879 -4.3138
v  -2.8795 0.8978 -4.3138
v  -2.8965 0.8817 -4.3273
v  -2.8771 0.8903 -4.3273
v  -2.8948 0.8795 -4.3432
v  -2.8762 0.8876 -4.3432
v  -2.8965 0.8817 -4.3591
v  -2.8771 0.8903 -4.3591
v  -2.9009 0.8879 -4.3726
v  -2.8795 0.8978 -4.3726
v  -2.9079 0.8974 -4.3815
v  -2.8833 0.9093 -4.3815
v  -2.9162 0.9087 -4.3848
v  -2.8878 0.9228 -4.3848
v  -2.9247 0.9202 -4.3815
v  -2.8925 0.9365 -4.3815
v  -2.9320 0.9301 -4.3726
v  -2.8964 0.9482 -4.3726
v  -2.9368 0.9366 -4.3591
v  -2.8991 0.9559 -4.3591
v  -3.0205 0.7938 -4.3273
v  -3.0238 0.7938 -4.3432
v  -3.0116 0.7938 -4.3138
v  -2.9981 0.7938 -4.3049
v  -2.9822 0.7938 -4.3016
v  -2.9664 0.7938 -4.3049
v  -2.9528 0.7938 -4.3138
v  -2.9440 0.7938 -4.3273
v  -2.9407 0.7938 -4.3432
v  -2.9440 0.7938 -4.3591
v  -2.9528 0.7938 -4.3726
v  -2.9664 0.7938 -4.3815
v  -2.9822 0.7938 -4.3848
v  -2.9981 0.7938 -4.3815
v  -3.0116 0.7938 -4.3726
v  -3.0205 0.7938 -4.3591
v  -2.5087 0.9708 -4.3273
v  -2.5087 0.9741 -4.3432
v  -2.5087 0.9620 -4.3138
v  -2.5087 0.9484 -4.3049
v  -2.5087 0.9326 -4.3016
v  -2.5087 0.9167 -4.3049
v  -2.5087 0.9032 -4.3138
v  -2.5087 0.8943 -4.3273
v  -2.5087 0.8910 -4.3432
v  -2.5087 0.8943 -4.3591
v  -2.5087 0.9032 -4.3726
v  -2.5087 0.9167 -4.3815
v  -2.5087 0.9326 -4.3848
v  -2.5087 0.9484 -4.3815
v  -2.5087 0.9620 -4.3726
v  -2.5087 0.9708 -4.3591
v  -2.9630 0.9032 -4.3138
v  -2.9691 0.9085 -4.3273
v  -2.9714 0.9105 -4.3432
v  -2.9429 0.8857 -4.3016
v  -2.9537 0.8951 -4.3049
v  -2.9235 0.8688 -4.3138
v  -2.9323 0.8765 -4.3049
v  -2.9156 0.8620 -4.3432
v  -2.9177 0.8638 -4.3273
v  -2.9235 0.8688 -4.3726
v  -2.9177 0.8638 -4.3591
v  -2.9429 0.8857 -4.3848
v  -2.9323 0.8765 -4.3815
v  -2.9630 0.9032 -4.3726
v  -2.9537 0.8951 -4.3815
v  -2.9691 0.9085 -4.3591
v  -2.1418 0.7146 -2.7737
v  -2.2296 0.7146 -2.7737
v  -2.2296 0.7146 -2.6711
v  -2.1418 0.7022 -2.6711
v  -2.1418 0.7146 -1.7478
v  -2.2296 0.7146 -1.7478
v  -2.2294 0.6609 -1.6468
v  -2.1409 0.6563 -1.6473
v  -2.1418 0.7146 -1.8504
v  -2.2296 0.7117 -1.8504
v  -2.1418 0.7146 -1.9530
v  -2.2296 0.7110 -1.9530
v  -2.1418 0.7146 -2.0556
v  -2.2295 0.7124 -2.0556
v  -2.1417 0.7075 -2.1582
v  -2.2295 0.7077 -2.1581
v  -2.1418 0.7146 -2.2608
v  -2.2296 0.7124 -2.2607
v  -2.1418 0.7106 -2.3633
v  -2.2296 0.7105 -2.3633
v  -2.1417 0.7041 -2.4659
v  -2.2295 0.7098 -2.4659
v  -2.1417 0.7056 -2.5685
v  -2.2296 0.7146 -2.5685
v  -2.2408 0.7536 -3.6778
v  -2.1548 0.7810 -3.6841
v  -2.1634 0.7747 -3.7519
v  -2.2526 0.8148 -3.7403
v  -2.2314 0.7117 -3.5929
v  -2.1475 0.7179 -3.5897
v  -2.2296 0.7146 -3.4918
v  -2.1433 0.7146 -3.4905
v  -2.2296 0.7088 -3.3892
v  -2.1418 0.7106 -3.3892
v  -2.2296 0.7146 -3.2866
v  -2.1418 0.7146 -3.2866
v  -2.2296 0.7140 -3.1840
v  -2.1418 0.7146 -3.1840
v  -2.2296 0.7146 -3.0814
v  -2.1418 0.7146 -3.0814
v  -2.2296 0.7146 -2.9789
v  -2.1418 0.7146 -2.9789
v  -2.2296 0.7146 -2.8763
v  -2.1418 0.7146 -2.8763
v  -2.8441 0.7146 -2.7737
v  -2.9316 0.6890 -2.7742
v  -2.9294 0.6806 -2.6718
v  -2.8441 0.7146 -2.6711
v  -2.7563 0.7146 -2.7737
v  -2.7563 0.7146 -2.6711
v  -2.6684 0.7146 -2.7737
v  -2.6685 0.7041 -2.6711
v  -2.5807 0.7031 -2.7737
v  -2.5807 0.6975 -2.6711
v  -2.4929 0.7039 -2.7737
v  -2.4929 0.7003 -2.6711
v  -2.4051 0.7146 -2.7737
v  -2.4051 0.7049 -2.6711
v  -2.3173 0.7146 -2.7737
v  -2.3173 0.7146 -2.6711
v  -1.4412 0.6717 -2.7717
v  -1.5273 0.7146 -2.7737
v  -1.5273 0.7146 -2.6711
v  -1.4402 0.6764 -2.6688
v  -1.6150 0.7146 -2.6708
v  -1.6151 0.7146 -2.7736
v  -1.7029 0.7146 -2.7737
v  -1.7028 0.7142 -2.6710
v  -1.7906 0.7122 -2.6711
v  -1.7906 0.7146 -2.7737
v  -1.8784 0.7068 -2.7737
v  -1.8784 0.7146 -2.6711
v  -1.9662 0.7116 -2.6711
v  -1.9662 0.7146 -2.7737
v  -2.0540 0.7116 -2.7737
v  -2.0540 0.7146 -2.6711
v  -2.8441 0.7146 -1.7478
v  -2.9283 0.6749 -1.7480
v  -2.9251 0.6806 -1.6484
v  -2.8406 0.6779 -1.6491
v  -2.7563 0.7146 -1.7478
v  -2.7552 0.6726 -1.6482
v  -2.6680 0.7146 -1.7487
v  -2.6665 0.6793 -1.6484
v  -2.5807 0.7146 -1.7478
v  -2.5792 0.6680 -1.6473
v  -2.4929 0.7146 -1.7478
v  -2.4905 0.6738 -1.6481
v  -2.4052 0.7029 -1.7478
v  -2.4041 0.6796 -1.6488
v  -2.3173 0.7146 -1.7478
v  -2.3168 0.6766 -1.6492
v  -1.4437 0.6862 -1.7479
v  -1.5273 0.7146 -1.7478
v  -1.5300 0.6877 -1.6485
v  -1.4465 0.6889 -1.6493
v  -1.6168 0.6806 -1.6483
v  -1.6150 0.7146 -1.7486
v  -1.7029 0.7146 -1.7478
v  -1.7045 0.6743 -1.6486
v  -1.7925 0.6795 -1.6494
v  -1.7906 0.7146 -1.7478
v  -1.8781 0.7146 -1.7477
v  -1.8773 0.6796 -1.6495
v  -1.9649 0.6757 -1.6490
v  -1.9661 0.7146 -1.7479
v  -2.0540 0.7146 -1.7478
v  -2.0515 0.6653 -1.6483
v  -2.8441 0.7146 -1.8504
v  -2.9290 0.6720 -1.8499
v  -2.7563 0.7146 -1.8504
v  -2.6685 0.7146 -1.8504
v  -2.5807 0.7146 -1.8504
v  -2.4929 0.7146 -1.8504
v  -2.4051 0.7146 -1.8504
v  -2.3173 0.7146 -1.8504
v  -1.4409 0.6754 -1.8512
v  -1.5273 0.7146 -1.8504
v  -1.6153 0.7146 -1.8506
v  -1.7034 0.7146 -1.8501
v  -1.7912 0.7146 -1.8501
v  -1.8786 0.7133 -1.8502
v  -1.9662 0.7146 -1.8504
v  -2.0540 0.7146 -1.8504
v  -2.8441 0.7146 -1.9530
v  -2.9302 0.6625 -1.9526
v  -2.7563 0.7146 -1.9530
v  -2.6685 0.7146 -1.9530
v  -2.5807 0.7146 -1.9530
v  -2.4929 0.7146 -1.9530
v  -2.4051 0.7118 -1.9530
v  -2.3173 0.7146 -1.9530
v  -1.4419 0.6667 -1.9542
v  -1.5273 0.7146 -1.9530
v  -1.6151 0.7146 -1.9530
v  -1.7029 0.7146 -1.9530
v  -1.7906 0.7146 -1.9530
v  -1.8784 0.7146 -1.9530
v  -1.9662 0.7146 -1.9530
v  -2.0540 0.7146 -1.9530
v  -2.8441 0.7146 -2.0556
v  -2.9310 0.6699 -2.0553
v  -2.7563 0.7146 -2.0556
v  -2.6685 0.7146 -2.0556
v  -2.5807 0.7076 -2.0555
v  -2.4929 0.7085 -2.0555
v  -2.4051 0.7146 -2.0556
v  -2.3173 0.7146 -2.0556
v  -1.4451 0.6811 -2.0574
v  -1.5279 0.7146 -2.0556
v  -1.6147 0.7146 -2.0558
v  -1.7025 0.7146 -2.0559
v  -1.7906 0.7146 -2.0556
v  -1.8784 0.7146 -2.0556
v  -1.9662 0.7091 -2.0556
v  -2.0540 0.7146 -2.0556
v  -2.8441 0.7146 -2.1582
v  -2.9310 0.6776 -2.1581
v  -2.7563 0.7146 -2.1582
v  -2.6685 0.7082 -2.1582
v  -2.5806 0.7064 -2.1581
v  -2.4928 0.6988 -2.1581
v  -2.4051 0.6978 -2.1582
v  -2.3173 0.7146 -2.1582
v  -1.4451 0.6828 -2.1591
v  -1.5275 0.7146 -2.1580
v  -1.6145 0.7146 -2.1582
v  -1.7025 0.7146 -2.1583
v  -1.7906 0.7146 -2.1582
v  -1.8784 0.7069 -2.1582
v  -1.9662 0.7040 -2.1582
v  -2.0539 0.6981 -2.1582
v  -2.8441 0.7146 -2.2608
v  -2.9310 0.6791 -2.2608
v  -2.7563 0.7146 -2.2608
v  -2.6685 0.7146 -2.2608
v  -2.5807 0.7146 -2.2607
v  -2.4929 0.7057 -2.2607
v  -2.4051 0.7050 -2.2608
v  -2.3173 0.7146 -2.2608
v  -1.4451 0.6781 -2.2611
v  -1.5277 0.7146 -2.2604
v  -1.6146 0.7146 -2.2606
v  -1.7029 0.7146 -2.2608
v  -1.7907 0.7082 -2.2608
v  -1.8784 0.7146 -2.2608
v  -1.9662 0.7015 -2.2608
v  -2.0540 0.7146 -2.2608
v  -2.8441 0.7146 -2.3633
v  -2.9308 0.6757 -2.3637
v  -2.7562 0.7146 -2.3634
v  -2.6685 0.7146 -2.3633
v  -2.5807 0.7146 -2.3633
v  -2.4929 0.7146 -2.3633
v  -2.4051 0.7146 -2.3633
v  -2.3173 0.7146 -2.3633
v  -1.4447 0.6798 -2.3632
v  -1.5271 0.7146 -2.3627
v  -1.6140 0.7146 -2.3629
v  -1.7021 0.7146 -2.3631
v  -1.7901 0.7120 -2.3633
v  -1.8782 0.7146 -2.3633
v  -1.9662 0.7078 -2.3633
v  -2.0540 0.7146 -2.3633
v  -2.8441 0.7146 -2.4659
v  -2.9309 0.6755 -2.4661
v  -2.7562 0.7146 -2.4659
v  -2.6685 0.7146 -2.4659
v  -2.5807 0.7146 -2.4659
v  -2.4929 0.7068 -2.4659
v  -2.4051 0.7067 -2.4659
v  -2.3173 0.7146 -2.4659
v  -1.4446 0.6807 -2.4638
v  -1.5281 0.7146 -2.4650
v  -1.6150 0.7146 -2.4653
v  -1.7027 0.7146 -2.4656
v  -1.7906 0.7125 -2.4658
v  -1.8784 0.7146 -2.4659
v  -1.9662 0.7082 -2.4659
v  -2.0540 0.7076 -2.4659
v  -2.8441 0.7146 -2.5685
v  -2.9309 0.6790 -2.5688
v  -2.7563 0.7146 -2.5685
v  -2.6685 0.7146 -2.5685
v  -2.5807 0.7050 -2.5685
v  -2.4929 0.7045 -2.5685
v  -2.4051 0.7041 -2.5685
v  -2.3173 0.7146 -2.5685
v  -1.4426 0.6798 -2.5661
v  -1.5273 0.7146 -2.5685
v  -1.6151 0.7146 -2.5682
v  -1.7029 0.7126 -2.5683
v  -1.7906 0.7146 -2.5685
v  -1.8784 0.7146 -2.5685
v  -1.9662 0.7078 -2.5685
v  -2.0539 0.7085 -2.5685
v  -1.6135 0.7108 -3.5968
v  -1.5072 0.6667 -3.6219
v  -1.5598 0.6764 -3.6652
v  -1.6264 0.6600 -3.6936
v  -1.6924 0.7179 -3.5834
v  -1.7190 0.6598 -3.6663
v  -1.7708 0.7461 -3.5880
v  -1.7907 0.6694 -3.6564
v  -1.8427 0.7773 -3.6093
v  -1.8646 0.6822 -3.6684
v  -1.9167 0.7798 -3.6364
v  -1.9299 0.7206 -3.6942
v  -1.9922 0.7810 -3.6645
v  -2.0084 0.7709 -3.7230
v  -2.0709 0.7882 -3.6858
v  -2.0864 0.7999 -3.7430
v  -2.9268 0.6765 -3.6962
v  -2.8476 0.7352 -3.6765
v  -2.8401 0.6884 -3.7901
v  -2.9252 0.6725 -3.7954
v  -2.7576 0.7118 -3.7730
v  -2.7619 0.7450 -3.6671
v  -2.6749 0.7527 -3.6593
v  -2.6722 0.7227 -3.7592
v  -2.5937 0.7412 -3.7423
v  -2.5935 0.7637 -3.6541
v  -2.5098 0.7705 -3.6510
v  -2.5186 0.7690 -3.7260
v  -2.4390 0.7930 -3.7199
v  -2.4182 0.7575 -3.6615
v  -2.3251 0.7423 -3.6737
v  -2.3431 0.8249 -3.7323
v  -1.5952 0.7203 -3.5306
v  -1.5176 0.6801 -3.5243
v  -1.6749 0.7562 -3.5310
v  -1.7524 0.7805 -3.5376
v  -1.8299 0.7808 -3.5496
v  -1.9052 0.7815 -3.5694
v  -1.9823 0.7804 -3.5847
v  -2.0637 0.7494 -3.5882
v  -2.9263 0.6844 -3.5935
v  -2.8439 0.7237 -3.5857
v  -2.7585 0.7288 -3.5809
v  -2.6711 0.7315 -3.5780
v  -2.5828 0.7303 -3.5793
v  -2.4946 0.7271 -3.5823
v  -2.4061 0.7206 -3.5892
v  -2.3177 0.7157 -3.5940
v  -1.5767 0.7567 -3.4489
v  -1.5038 0.6790 -3.4371
v  -1.6565 0.7815 -3.4574
v  -1.7363 0.7817 -3.4650
v  -1.8153 0.7818 -3.4734
v  -1.8946 0.7723 -3.4807
v  -1.9768 0.7378 -3.4839
v  -2.0600 0.7146 -3.4864
v  -2.9264 0.6846 -3.4917
v  -2.8426 0.7147 -3.4919
v  -2.7565 0.7152 -3.4915
v  -2.6687 0.7153 -3.4910
v  -2.5807 0.7146 -3.4917
v  -2.4928 0.7146 -3.4916
v  -2.4051 0.7146 -3.4918
v  -2.3173 0.7146 -3.4918
v  -1.5582 0.7816 -3.3641
v  -1.4831 0.7093 -3.3543
v  -1.6409 0.7817 -3.3691
v  -1.7224 0.7818 -3.3752
v  -1.8041 0.7633 -3.3799
v  -1.8875 0.7277 -3.3820
v  -1.9715 0.7091 -3.3846
v  -2.0555 0.7100 -3.3878
v  -2.9269 0.6803 -3.3893
v  -2.8431 0.7146 -3.3896
v  -2.7569 0.7146 -3.3896
v  -2.6690 0.7146 -3.3894
v  -2.5807 0.7146 -3.3892
v  -2.4929 0.7098 -3.3891
v  -2.4051 0.7146 -3.3893
v  -2.3174 0.7146 -3.3892
v  -1.5427 0.7817 -3.2759
v  -1.4665 0.7459 -3.2694
v  -1.6275 0.7597 -3.2788
v  -1.7110 0.7560 -3.2816
v  -1.7963 0.7204 -3.2820
v  -1.8814 0.7146 -3.2841
v  -1.9669 0.7038 -3.2860
v  -2.0540 0.7113 -3.2866
v  -2.9267 0.6808 -3.2872
v  -2.8429 0.7146 -3.2872
v  -2.7568 0.7146 -3.2871
v  -2.6689 0.7146 -3.2870
v  -2.5807 0.7146 -3.2866
v  -2.4929 0.7146 -3.2866
v  -2.4051 0.7039 -3.2867
v  -2.3173 0.7146 -3.2866
v  -1.5302 0.7797 -3.1849
v  -1.4511 0.7457 -3.1832
v  -1.6162 0.7461 -3.1844
v  -1.7040 0.7148 -3.1829
v  -1.7911 0.7146 -3.1836
v  -1.8784 0.7146 -3.1840
v  -1.9662 0.7146 -3.1840
v  -2.0540 0.7146 -3.1840
v  -2.9274 0.6778 -3.1852
v  -2.8433 0.7146 -3.1846
v  -2.7565 0.7146 -3.1845
v  -2.6685 0.7146 -3.1840
v  -2.5807 0.7128 -3.1841
v  -2.4930 0.7146 -3.1841
v  -2.4052 0.7118 -3.1841
v  -2.3174 0.7114 -3.1841
v  -1.5261 0.7402 -3.0839
v  -1.4402 0.7210 -3.0882
v  -1.6151 0.7146 -3.0814
v  -1.7029 0.7146 -3.0814
v  -1.7906 0.7103 -3.0815
v  -1.8784 0.7013 -3.0815
v  -1.9662 0.6961 -3.0815
v  -2.0540 0.7146 -3.0814
v  -2.9290 0.6800 -3.0834
v  -2.8441 0.7146 -3.0814
v  -2.7563 0.7146 -3.0817
v  -2.6685 0.7114 -3.0816
v  -2.5807 0.7146 -3.0814
v  -2.4928 0.7068 -3.0816
v  -2.4051 0.7079 -3.0815
v  -2.3173 0.7146 -3.0814
v  -1.5273 0.7146 -2.9789
v  -1.4394 0.6933 -2.9828
v  -1.6151 0.7136 -2.9789
v  -1.7029 0.7146 -2.9789
v  -1.7906 0.7139 -2.9789
v  -1.8784 0.7099 -2.9789
v  -1.9662 0.7067 -2.9789
v  -2.0540 0.7146 -2.9789
v  -2.9311 0.6817 -2.9797
v  -2.8441 0.7146 -2.9789
v  -2.7563 0.7146 -2.9789
v  -2.6685 0.7113 -2.9789
v  -2.5807 0.7146 -2.9789
v  -2.4929 0.7069 -2.9789
v  -2.4051 0.7146 -2.9789
v  -2.3173 0.7146 -2.9789
v  -1.5273 0.7146 -2.8763
v  -1.4409 0.6764 -2.8754
v  -1.6151 0.7146 -2.8763
v  -1.7029 0.7146 -2.8763
v  -1.7906 0.7146 -2.8763
v  -1.8784 0.7146 -2.8763
v  -1.9662 0.7046 -2.8763
v  -2.0540 0.7146 -2.8763
v  -2.9312 0.6907 -2.8769
v  -2.8441 0.7146 -2.8763
v  -2.7562 0.7146 -2.8763
v  -2.6683 0.7146 -2.8763
v  -2.5806 0.7104 -2.8763
v  -2.4929 0.7146 -2.8763
v  -2.4051 0.7146 -2.8763
v  -2.3173 0.7146 -2.8763
v  -2.2306 0.6946 -2.6714
v  -2.2296 0.6946 -2.7737
v  -2.1424 0.6946 -2.7746
v  -2.1421 0.6822 -2.6716
v  -2.2311 0.6434 -1.6564
v  -2.2298 0.6951 -1.7521
v  -2.1419 0.6952 -1.7529
v  -2.1409 0.6388 -1.6570
v  -2.2295 0.6917 -1.8501
v  -2.1415 0.6946 -1.8503
v  -2.2296 0.6910 -1.9530
v  -2.1414 0.6946 -1.9530
v  -2.2296 0.6924 -2.0551
v  -2.1417 0.6946 -2.0547
v  -2.2302 0.6877 -2.1583
v  -2.1425 0.6875 -2.1585
v  -2.2297 0.6924 -2.2608
v  -2.1415 0.6946 -2.2611
v  -2.2301 0.6905 -2.3629
v  -2.1413 0.6907 -2.3624
v  -2.2308 0.6898 -2.4662
v  -2.1419 0.6841 -2.4656
v  -2.2308 0.6946 -2.5688
v  -2.1421 0.6856 -2.5687
v  -2.1608 0.7551 -3.7548
v  -2.1508 0.7622 -3.6896
v  -2.2396 0.7362 -3.6876
v  -2.2565 0.8012 -3.7545
v  -2.1440 0.6990 -3.5951
v  -2.2305 0.6923 -3.5978
v  -2.1424 0.6947 -3.4922
v  -2.2295 0.6946 -3.4921
v  -2.1417 0.6906 -3.3892
v  -2.2299 0.6888 -3.3893
v  -2.1421 0.6946 -3.2863
v  -2.2294 0.6946 -3.2862
v  -2.1418 0.6946 -3.1839
v  -2.2293 0.6940 -3.1839
v  -2.1418 0.6946 -3.0814
v  -2.2295 0.6946 -3.0814
v  -2.1418 0.6946 -2.9789
v  -2.2296 0.6946 -2.9789
v  -2.1418 0.6946 -2.8763
v  -2.2296 0.6946 -2.8763
v  -2.9224 0.6619 -2.6723
v  -2.9261 0.6698 -2.7752
v  -2.8410 0.6948 -2.7739
v  -2.8403 0.6949 -2.6711
v  -2.7563 0.6946 -2.7737
v  -2.7572 0.6946 -2.6714
v  -2.6698 0.6947 -2.7746
v  -2.6703 0.6842 -2.6712
v  -2.5816 0.6832 -2.7752
v  -2.5813 0.6776 -2.6708
v  -2.4918 0.6840 -2.7748
v  -2.4920 0.6803 -2.6711
v  -2.4041 0.6946 -2.7745
v  -2.4039 0.6850 -2.6717
v  -2.3171 0.6946 -2.7739
v  -2.3162 0.6946 -2.6711
v  -1.5315 0.6950 -2.6710
v  -1.5318 0.6951 -2.7738
v  -1.4499 0.6537 -2.7719
v  -1.4481 0.6581 -2.6682
v  -1.6149 0.6946 -2.6709
v  -1.6151 0.6946 -2.7736
v  -1.7026 0.6942 -2.6711
v  -1.7028 0.6946 -2.7738
v  -1.7906 0.6922 -2.6711
v  -1.7900 0.6946 -2.7736
v  -1.8780 0.6946 -2.6707
v  -1.8783 0.6868 -2.7738
v  -1.9664 0.6916 -2.6715
v  -1.9664 0.6946 -2.7733
v  -2.0530 0.6946 -2.6713
v  -2.0539 0.6916 -2.7738
v  -2.9214 0.6612 -1.6520
v  -2.9196 0.6569 -1.7476
v  -2.8407 0.6950 -1.7503
v  -2.8412 0.6593 -1.6563
v  -2.7564 0.6950 -1.7517
v  -2.7553 0.6540 -1.6556
v  -2.6679 0.6949 -1.7523
v  -2.6665 0.6606 -1.6556
v  -2.5809 0.6950 -1.7519
v  -2.5800 0.6497 -1.6554
v  -2.4938 0.6951 -1.7521
v  -2.4902 0.6550 -1.6549
v  -2.4051 0.6833 -1.7514
v  -2.4031 0.6603 -1.6542
v  -2.3165 0.6949 -1.7510
v  -2.3180 0.6582 -1.6571
v  -1.5306 0.6681 -1.6523
v  -1.5306 0.6950 -1.7504
v  -1.4487 0.6668 -1.7483
v  -1.4462 0.6689 -1.6487
v  -1.6157 0.6616 -1.6544
v  -1.6149 0.6949 -1.7520
v  -1.7047 0.6557 -1.6558
v  -1.7030 0.6949 -1.7516
v  -1.7928 0.6607 -1.6563
v  -1.7906 0.6949 -1.7512
v  -1.8769 0.6608 -1.6562
v  -1.8780 0.6949 -1.7511
v  -1.9636 0.6571 -1.6562
v  -1.9659 0.6950 -1.7518
v  -2.0500 0.6473 -1.6568
v  -2.0538 0.6952 -1.7526
v  -2.9196 0.6543 -1.8493
v  -2.8395 0.6951 -1.8504
v  -2.7563 0.6946 -1.8504
v  -2.6685 0.6946 -1.8504
v  -2.5807 0.6946 -1.8504
v  -2.4930 0.6946 -1.8503
v  -2.4054 0.6946 -1.8510
v  -2.3174 0.6946 -1.8507
v  -1.5317 0.6951 -1.8502
v  -1.4488 0.6570 -1.8500
v  -1.6153 0.6946 -1.8506
v  -1.7034 0.6946 -1.8501
v  -1.7910 0.6946 -1.8501
v  -1.8786 0.6933 -1.8502
v  -1.9663 0.6946 -1.8504
v  -2.0540 0.6946 -1.8504
v  -2.9201 0.6452 -1.9522
v  -2.8389 0.6953 -1.9528
v  -2.7563 0.6946 -1.9530
v  -2.6687 0.6946 -1.9528
v  -2.5807 0.6946 -1.9523
v  -2.4930 0.6946 -1.9526
v  -2.4051 0.6918 -1.9530
v  -2.3175 0.6946 -1.9530
v  -1.5321 0.6952 -1.9533
v  -1.4513 0.6491 -1.9549
v  -1.6151 0.6946 -1.9530
v  -1.7029 0.6946 -1.9530
v  -1.7906 0.6946 -1.9530
v  -1.8785 0.6946 -1.9531
v  -1.9661 0.6946 -1.9526
v  -2.0541 0.6946 -1.9529
v  -2.9222 0.6520 -2.0563
v  -2.8392 0.6952 -2.0558
v  -2.7564 0.6946 -2.0554
v  -2.6691 0.6946 -2.0551
v  -2.5814 0.6876 -2.0547
v  -2.4923 0.6886 -2.0538
v  -2.4042 0.6946 -2.0544
v  -2.3176 0.6946 -2.0555
v  -1.5317 0.6949 -2.0557
v  -1.4532 0.6628 -2.0580
v  -1.6147 0.6946 -2.0558
v  -1.7025 0.6946 -2.0559
v  -1.7906 0.6946 -2.0556
v  -1.8777 0.6946 -2.0549
v  -1.9661 0.6891 -2.0546
v  -2.0543 0.6946 -2.0543
v  -2.9233 0.6591 -2.1588
v  -2.8399 0.6950 -2.1583
v  -2.7568 0.6946 -2.1583
v  -2.6692 0.6882 -2.1584
v  -2.5819 0.6864 -2.1586
v  -2.4936 0.6788 -2.1581
v  -2.4033 0.6779 -2.1573
v  -2.3165 0.6946 -2.1578
v  -1.5312 0.6949 -2.1579
v  -1.4524 0.6642 -2.1588
v  -1.6145 0.6946 -2.1582
v  -1.7025 0.6946 -2.1583
v  -1.7898 0.6946 -2.1575
v  -1.8775 0.6870 -2.1579
v  -1.9652 0.6840 -2.1574
v  -2.0546 0.6781 -2.1579
v  -2.9233 0.6606 -2.2607
v  -2.8402 0.6950 -2.2608
v  -2.7563 0.6946 -2.2608
v  -2.6686 0.6946 -2.2612
v  -2.5815 0.6946 -2.2617
v  -2.4939 0.6858 -2.2623
v  -2.4044 0.6851 -2.2621
v  -2.3164 0.6946 -2.2609
v  -1.5318 0.6950 -2.2604
v  -1.4530 0.6597 -2.2610
v  -1.6146 0.6946 -2.2606
v  -1.7023 0.6946 -2.2606
v  -1.7904 0.6882 -2.2608
v  -1.8778 0.6946 -2.2613
v  -1.9659 0.6815 -2.2615
v  -2.0555 0.6947 -2.2623
v  -2.9226 0.6574 -2.3634
v  -2.8399 0.6950 -2.3633
v  -2.7562 0.6946 -2.3634
v  -2.6685 0.6946 -2.3633
v  -2.5809 0.6946 -2.3631
v  -2.4931 0.6946 -2.3632
v  -2.4049 0.6946 -2.3637
v  -2.3176 0.6946 -2.3636
v  -1.5311 0.6950 -2.3627
v  -1.4526 0.6614 -2.3634
v  -1.6140 0.6946 -2.3629
v  -1.7017 0.6946 -2.3632
v  -1.7902 0.6920 -2.3636
v  -1.8776 0.6946 -2.3635
v  -1.9663 0.6878 -2.3638
v  -2.0542 0.6946 -2.3628
v  -2.9228 0.6572 -2.4662
v  -2.8399 0.6950 -2.4659
v  -2.7562 0.6946 -2.4659
v  -2.6687 0.6946 -2.4657
v  -2.5814 0.6946 -2.4652
v  -2.4936 0.6868 -2.4651
v  -2.4042 0.6867 -2.4650
v  -2.3171 0.6946 -2.4658
v  -1.5319 0.6950 -2.4650
v  -1.4521 0.6622 -2.4638
v  -1.6150 0.6946 -2.4653
v  -1.7024 0.6946 -2.4655
v  -1.7907 0.6925 -2.4659
v  -1.8779 0.6946 -2.4660
v  -1.9656 0.6882 -2.4657
v  -2.0535 0.6876 -2.4653
v  -2.9233 0.6605 -2.5692
v  -2.8401 0.6950 -2.5686
v  -2.7565 0.6946 -2.5682
v  -2.6695 0.6946 -2.5676
v  -2.5815 0.6851 -2.5672
v  -2.4931 0.6845 -2.5678
v  -2.4040 0.6841 -2.5683
v  -2.3162 0.6946 -2.5684
v  -1.5312 0.6950 -2.5685
v  -1.4502 0.6613 -2.5659
v  -1.6149 0.6946 -2.5682
v  -1.7028 0.6926 -2.5683
v  -1.7908 0.6946 -2.5685
v  -1.8777 0.6946 -2.5684
v  -1.9655 0.6878 -2.5688
v  -2.0537 0.6885 -2.5692
v  -1.5633 0.6578 -3.6586
v  -1.5148 0.6484 -3.6186
v  -1.6171 0.6925 -3.5895
v  -1.6251 0.6426 -3.6838
v  -1.6948 0.7019 -3.5716
v  -1.7187 0.6442 -3.6537
v  -1.7767 0.7313 -3.5758
v  -1.7939 0.6576 -3.6406
v  -1.8483 0.7606 -3.5999
v  -1.8715 0.6724 -3.6523
v  -1.9211 0.7623 -3.6277
v  -1.9398 0.7083 -3.6820
v  -1.9952 0.7614 -3.6615
v  -2.0156 0.7526 -3.7196
v  -2.0714 0.7688 -3.6908
v  -2.0864 0.7801 -3.7453
v  -2.8347 0.6700 -3.7844
v  -2.8410 0.7164 -3.6739
v  -2.9174 0.6591 -3.6929
v  -2.9215 0.6529 -3.7945
v  -2.7554 0.6930 -3.7664
v  -2.7602 0.7252 -3.6658
v  -2.6701 0.7037 -3.7533
v  -2.6728 0.7328 -3.6589
v  -2.5896 0.7223 -3.7372
v  -2.5911 0.7440 -3.6561
v  -2.5139 0.7496 -3.7246
v  -2.5097 0.7515 -3.6572
v  -2.4368 0.7749 -3.7282
v  -2.4206 0.7407 -3.6721
v  -2.3448 0.8119 -3.7473
v  -2.3263 0.7259 -3.6852
v  -1.5286 0.6638 -3.5207
v  -1.6031 0.7030 -3.5244
v  -1.6798 0.7387 -3.5227
v  -1.7559 0.7619 -3.5311
v  -1.8316 0.7610 -3.5475
v  -1.9040 0.7616 -3.5712
v  -1.9786 0.7611 -3.5884
v  -2.0582 0.7309 -3.5937
v  -2.8389 0.7045 -3.5879
v  -2.9167 0.6668 -3.5938
v  -2.7574 0.7092 -3.5843
v  -2.6705 0.7120 -3.5827
v  -2.5831 0.7113 -3.5856
v  -2.4962 0.7082 -3.5888
v  -2.4078 0.7013 -3.5941
v  -2.3183 0.6961 -3.5979
v  -1.5181 0.6660 -3.4321
v  -1.5858 0.7401 -3.4426
v  -1.6600 0.7623 -3.4532
v  -1.7367 0.7617 -3.4644
v  -1.8132 0.7621 -3.4761
v  -1.8901 0.7534 -3.4854
v  -1.9715 0.7193 -3.4893
v  -2.0571 0.6952 -3.4903
v  -2.8389 0.6951 -3.4931
v  -2.9192 0.6660 -3.4925
v  -2.7563 0.6953 -3.4931
v  -2.6688 0.6954 -3.4929
v  -2.5809 0.6947 -3.4934
v  -2.4932 0.6946 -3.4931
v  -2.4051 0.6946 -3.4924
v  -2.3175 0.6946 -3.4918
v  -1.4955 0.6951 -3.3475
v  -1.5650 0.7630 -3.3609
v  -1.6416 0.7617 -3.3706
v  -1.7197 0.7623 -3.3785
v  -1.7992 0.7446 -3.3849
v  -1.8821 0.7091 -3.3869
v  -1.9691 0.6895 -3.3882
v  -2.0550 0.6900 -3.3888
v  -2.8393 0.6950 -3.3896
v  -2.9195 0.6617 -3.3895
v  -2.7569 0.6946 -3.3897
v  -2.6690 0.6946 -3.3894
v  -2.5811 0.6946 -3.3893
v  -2.4929 0.6898 -3.3891
v  -2.4050 0.6946 -3.3899
v  -2.3176 0.6946 -3.3897
v  -1.4749 0.7284 -3.2649
v  -1.5453 0.7619 -3.2749
v  -1.6243 0.7405 -3.2831
v  -1.7076 0.7372 -3.2874
v  -1.7922 0.7013 -3.2863
v  -1.8789 0.6948 -3.2860
v  -1.9660 0.6838 -3.2860
v  -2.0550 0.6913 -3.2864
v  -2.8391 0.6950 -3.2873
v  -2.9192 0.6623 -3.2874
v  -2.7568 0.6946 -3.2871
v  -2.6689 0.6946 -3.2870
v  -2.5809 0.6946 -3.2866
v  -2.4937 0.6946 -3.2866
v  -2.4052 0.6839 -3.2869
v  -2.3166 0.6946 -3.2865
v  -1.4581 0.7271 -3.1858
v  -1.5310 0.7600 -3.1883
v  -1.6103 0.7273 -3.1880
v  -1.7011 0.6953 -3.1863
v  -1.7899 0.6948 -3.1859
v  -1.8781 0.6947 -3.1856
v  -1.9664 0.6946 -3.1846
v  -2.0542 0.6946 -3.1835
v  -2.8393 0.6950 -3.1845
v  -2.9195 0.6595 -3.1851
v  -2.7565 0.6946 -3.1845
v  -2.6687 0.6946 -3.1843
v  -2.5807 0.6928 -3.1841
v  -2.4935 0.6946 -3.1844
v  -2.4052 0.6918 -3.1841
v  -2.3171 0.6914 -3.1842
v  -1.4447 0.7021 -3.0928
v  -1.5267 0.7209 -3.0890
v  -1.6122 0.6950 -3.0846
v  -1.7017 0.6946 -3.0822
v  -1.7893 0.6903 -3.0814
v  -1.8771 0.6813 -3.0816
v  -1.9676 0.6762 -3.0823
v  -2.0556 0.6947 -3.0819
v  -2.8403 0.6949 -3.0814
v  -2.9214 0.6615 -3.0830
v  -2.7566 0.6946 -3.0818
v  -2.6687 0.6914 -3.0817
v  -2.5810 0.6946 -3.0815
v  -2.4937 0.6868 -3.0822
v  -2.4042 0.6880 -3.0812
v  -2.3167 0.6946 -3.0810
v  -1.4450 0.6743 -2.9860
v  -1.5296 0.6949 -2.9812
v  -1.6145 0.6936 -2.9796
v  -1.7029 0.6946 -2.9789
v  -1.7901 0.6939 -2.9784
v  -1.8773 0.6900 -2.9779
v  -1.9667 0.6867 -2.9781
v  -2.0552 0.6946 -2.9786
v  -2.8407 0.6949 -2.9786
v  -2.9239 0.6630 -2.9787
v  -2.7566 0.6946 -2.9789
v  -2.6684 0.6913 -2.9787
v  -2.5814 0.6946 -2.9791
v  -2.4927 0.6869 -2.9783
v  -2.4043 0.6946 -2.9782
v  -2.3173 0.6946 -2.9789
v  -1.4492 0.6582 -2.8770
v  -1.5310 0.6949 -2.8767
v  -1.6151 0.6946 -2.8762
v  -1.7029 0.6946 -2.8763
v  -1.7904 0.6946 -2.8764
v  -1.8776 0.6946 -2.8762
v  -1.9660 0.6846 -2.8757
v  -2.0551 0.6946 -2.8765
v  -2.8414 0.6948 -2.8763
v  -2.9255 0.6716 -2.8767
v  -2.7563 0.6946 -2.8762
v  -2.6686 0.6946 -2.8762
v  -2.5811 0.6904 -2.8769
v  -2.4923 0.6946 -2.8767
v  -2.4049 0.6946 -2.8766
v  -2.3173 0.6946 -2.8763
v  -1.6864 0.7982 -4.3306
v  -1.6740 0.7875 -4.2770
v  -1.7190 0.7723 -4.2778
v  -1.7318 0.7993 -4.3189
v  -1.7662 0.7634 -4.2759
v  -1.7771 0.7966 -4.3034
v  -1.8142 0.7577 -4.2687
v  -1.8208 0.7934 -4.2827
v  -1.8618 0.7545 -4.2575
v  -1.8681 0.7903 -4.2719
v  -1.9092 0.7513 -4.2463
v  -1.9064 0.7860 -4.2421
v  -1.9538 0.7499 -4.2270
v  -1.9548 0.7851 -4.2473
v  -2.0011 0.7472 -4.2370
v  -2.0036 0.7833 -4.2458
v  -2.0497 0.7463 -4.2336
v  -2.0520 0.7824 -4.2391
v  -2.0957 0.7446 -4.2185
v  -2.0911 0.7784 -4.2100
v  -2.1428 0.7442 -4.2064
v  -2.1382 0.7796 -4.2223
v  -2.1867 0.7449 -4.2273
v  -2.1852 0.7811 -4.2344
v  -2.2350 0.7459 -4.2332
v  -2.2333 0.7819 -4.2419
v  -2.2836 0.7470 -4.2305
v  -2.2814 0.7825 -4.2482
v  -2.3289 0.7464 -4.2475
v  -2.3296 0.7808 -4.2413
v  -2.3763 0.7481 -4.2579
v  -2.3721 0.7840 -4.2646
v  -2.4235 0.7504 -4.2696
v  -2.4175 0.7862 -4.2819
v  -2.4707 0.7528 -4.2824
v  -2.4634 0.7882 -4.2986
v  -2.5190 0.7577 -4.2914
v  -2.5089 0.7914 -4.3173
v  -2.5667 0.7669 -4.2931
v  -2.5557 0.7934 -4.3364
v  -2.6019 0.7877 -4.2810
v  -2.6073 0.7973 -4.3289
v  -1.6901 0.7788 -4.2237
v  -1.7128 0.7511 -4.2297
v  -1.7573 0.7371 -4.2331
v  -1.8050 0.7277 -4.2319
v  -1.8537 0.7218 -4.2274
v  -1.9023 0.7167 -4.2232
v  -1.9509 0.7141 -4.2168
v  -1.9995 0.7125 -4.2127
v  -2.0471 0.7135 -4.2028
v  -2.0945 0.7085 -4.2099
v  -2.1431 0.7088 -4.2056
v  -2.1914 0.7094 -4.2090
v  -2.2392 0.7127 -4.2039
v  -2.2862 0.7112 -4.2158
v  -2.3345 0.7120 -4.2236
v  -2.3830 0.7145 -4.2308
v  -2.4318 0.7183 -4.2376
v  -2.4805 0.7242 -4.2430
v  -2.5278 0.7348 -4.2443
v  -2.5678 0.7532 -4.2394
v  -2.5903 0.7802 -4.2306
v  -1.7058 0.7711 -4.1718
v  -1.7202 0.7411 -4.1764
v  -1.7548 0.7188 -4.1820
v  -1.8000 0.7051 -4.1839
v  -1.8481 0.6960 -4.1830
v  -1.8970 0.6894 -4.1810
v  -1.9461 0.6844 -4.1788
v  -1.9956 0.6822 -4.1757
v  -2.0449 0.6804 -4.1730
v  -2.0941 0.6783 -4.1727
v  -2.1433 0.6765 -4.1736
v  -2.1926 0.6777 -4.1743
v  -2.2418 0.6792 -4.1758
v  -2.2909 0.6805 -4.1800
v  -2.3400 0.6832 -4.1841
v  -2.3892 0.6877 -4.1879
v  -2.4381 0.6942 -4.1912
v  -2.4860 0.7038 -4.1931
v  -2.5299 0.7192 -4.1915
v  -2.5630 0.7425 -4.1859
v  -2.5796 0.7716 -4.1791
v  -1.7147 0.7636 -4.1190
v  -1.7300 0.7336 -4.1236
v  -1.7587 0.7079 -4.1282
v  -1.7994 0.6894 -4.1309
v  -1.8462 0.6777 -4.1313
v  -1.8947 0.6693 -4.1307
v  -1.9440 0.6631 -4.1297
v  -1.9937 0.6588 -4.1285
v  -2.0435 0.6556 -4.1274
v  -2.0935 0.6537 -4.1268
v  -2.1436 0.6528 -4.1270
v  -2.1936 0.6535 -4.1281
v  -2.2437 0.6550 -4.1298
v  -2.2936 0.6576 -4.1323
v  -2.3433 0.6620 -4.1348
v  -2.3925 0.6683 -4.1371
v  -2.4410 0.6768 -4.1389
v  -2.4876 0.6888 -4.1396
v  -2.5285 0.7072 -4.1377
v  -2.5570 0.7329 -4.1327
v  -2.5689 0.7632 -4.1275
v  -1.7419 0.7567 -4.0728
v  -1.7364 0.7246 -4.0705
v  -1.7618 0.6975 -4.0744
v  -1.8012 0.6780 -4.0766
v  -1.8467 0.6646 -4.0772
v  -1.8947 0.6549 -4.0771
v  -1.9437 0.6478 -4.0767
v  -1.9934 0.6425 -4.0761
v  -2.0435 0.6388 -4.0753
v  -2.0938 0.6366 -4.0750
v  -2.1442 0.6357 -4.0753
v  -2.1946 0.6365 -4.0762
v  -2.2449 0.6386 -4.0777
v  -2.2949 0.6421 -4.0796
v  -2.3447 0.6473 -4.0815
v  -2.3937 0.6545 -4.0832
v  -2.4416 0.6641 -4.0845
v  -2.4872 0.6774 -4.0851
v  -2.5260 0.6973 -4.0839
v  -2.5479 0.7254 -4.0802
v  -2.5661 0.7543 -4.0746
v  -1.7340 0.7490 -4.0202
v  -1.7534 0.7197 -4.0198
v  -1.7645 0.6887 -4.0207
v  -1.8030 0.6684 -4.0220
v  -1.8482 0.6548 -4.0224
v  -1.8959 0.6448 -4.0224
v  -1.9447 0.6373 -4.0222
v  -1.9943 0.6318 -4.0217
v  -2.0442 0.6279 -4.0211
v  -2.0945 0.6256 -4.0209
v  -2.1449 0.6248 -4.0212
v  -2.1952 0.6256 -4.0221
v  -2.2455 0.6278 -4.0234
v  -2.2955 0.6317 -4.0252
v  -2.3450 0.6372 -4.0269
v  -2.3939 0.6446 -4.0284
v  -2.4417 0.6545 -4.0296
v  -2.4870 0.6680 -4.0304
v  -2.5266 0.6875 -4.0303
v  -2.5536 0.7142 -4.0281
v  -2.5628 0.7448 -4.0218
v  -1.7255 0.7410 -3.9676
v  -1.7397 0.7102 -3.9686
v  -1.7658 0.6827 -3.9671
v  -1.8037 0.6619 -3.9672
v  -1.8490 0.6484 -3.9674
v  -1.8968 0.6388 -3.9674
v  -1.9457 0.6316 -3.9673
v  -1.9952 0.6263 -3.9669
v  -2.0451 0.6228 -3.9664
v  -2.0953 0.6207 -3.9662
v  -2.1455 0.6199 -3.9666
v  -2.1958 0.6207 -3.9674
v  -2.2459 0.6227 -3.9687
v  -2.2958 0.6262 -3.9704
v  -2.3453 0.6313 -3.9720
v  -2.3942 0.6382 -3.9734
v  -2.4421 0.6472 -3.9746
v  -2.4882 0.6594 -3.9756
v  -2.5286 0.6782 -3.9765
v  -2.5564 0.7046 -3.9756
v  -2.5487 0.7353 -3.9707
v  -1.7338 0.7336 -3.9149
v  -1.7330 0.7018 -3.9158
v  -1.7610 0.6751 -3.9136
v  -1.8020 0.6566 -3.9124
v  -1.8487 0.6451 -3.9125
v  -1.8972 0.6372 -3.9129
v  -1.9464 0.6312 -3.9132
v  -1.9961 0.6270 -3.9131
v  -2.0461 0.6242 -3.9129
v  -2.0962 0.6226 -3.9128
v  -2.1463 0.6219 -3.9132
v  -2.1964 0.6226 -3.9140
v  -2.2465 0.6242 -3.9152
v  -2.2964 0.6269 -3.9166
v  -2.3461 0.6310 -3.9179
v  -2.3954 0.6365 -3.9189
v  -2.4441 0.6438 -3.9198
v  -2.4915 0.6539 -3.9208
v  -2.5344 0.6703 -3.9228
v  -2.5549 0.6994 -3.9225
v  -2.5734 0.7291 -3.9236
v  -1.7104 0.7263 -3.8671
v  -1.7249 0.6952 -3.8631
v  -1.7570 0.6704 -3.8594
v  -1.8012 0.6551 -3.8578
v  -1.8494 0.6464 -3.8585
v  -1.8986 0.6411 -3.8600
v  -1.9481 0.6374 -3.8616
v  -1.9977 0.6349 -3.8625
v  -2.0475 0.6333 -3.8630
v  -2.0973 0.6323 -3.8633
v  -2.1471 0.6316 -3.8638
v  -2.1970 0.6324 -3.8645
v  -2.2468 0.6332 -3.8653
v  -2.2965 0.6348 -3.8660
v  -2.3462 0.6373 -3.8663
v  -2.3957 0.6407 -3.8662
v  -2.4449 0.6457 -3.8661
v  -2.4935 0.6533 -3.8665
v  -2.5395 0.6660 -3.8687
v  -2.5744 0.6893 -3.8728
v  -2.5875 0.7201 -3.8724
v  -1.6967 0.7195 -3.8159
v  -1.7166 0.6896 -3.8099
v  -1.7559 0.6696 -3.8052
v  -1.8034 0.6597 -3.8052
v  -1.8526 0.6553 -3.8083
v  -1.9019 0.6533 -3.8124
v  -1.9510 0.6523 -3.8163
v  -2.0002 0.6516 -3.8190
v  -2.0494 0.6511 -3.8206
v  -2.0987 0.6507 -3.8215
v  -2.1479 0.6499 -3.8221
v  -2.1971 0.6509 -3.8228
v  -2.2464 0.6510 -3.8228
v  -2.2956 0.6514 -3.8223
v  -2.3449 0.6522 -3.8209
v  -2.3942 0.6533 -3.8187
v  -2.4435 0.6555 -3.8164
v  -2.4927 0.6599 -3.8149
v  -2.5409 0.6681 -3.8155
v  -2.5855 0.6827 -3.8199
v  -2.6084 0.7115 -3.8227
v  -1.6796 0.7115 -3.7671
v  -1.7128 0.6865 -3.7554
v  -1.7605 0.6772 -3.7544
v  -1.8095 0.6750 -3.7603
v  -1.8579 0.6752 -3.7686
v  -1.9061 0.6761 -3.7766
v  -1.9543 0.6769 -3.7832
v  -2.0027 0.6773 -3.7877
v  -2.0512 0.6774 -3.7902
v  -2.0997 0.6772 -3.7911
v  -2.1482 0.6770 -3.7934
v  -2.1968 0.6772 -3.7923
v  -2.2454 0.6771 -3.7920
v  -2.2940 0.6769 -3.7906
v  -2.3426 0.6765 -3.7870
v  -2.3912 0.6760 -3.7825
v  -2.4398 0.6759 -3.7771
v  -2.4885 0.6763 -3.7711
v  -2.5373 0.6794 -3.7674
v  -2.5848 0.6879 -3.7686
v  -2.6297 0.7035 -3.7713
v  -1.6685 0.7060 -3.7198
v  -1.7188 0.6986 -3.7072
v  -1.7675 0.7015 -3.7212
v  -1.8147 0.7038 -3.7357
v  -1.8615 0.7060 -3.7487
v  -1.9088 0.7077 -3.7586
v  -1.9565 0.7089 -3.7662
v  -2.0045 0.7095 -3.7711
v  -2.0529 0.7098 -3.7741
v  -2.1014 0.7095 -3.7743
v  -2.1486 0.7113 -3.7850
v  -2.1960 0.7094 -3.7745
v  -2.2444 0.7094 -3.7756
v  -2.2927 0.7091 -3.7739
v  -2.3407 0.7080 -3.7683
v  -2.3887 0.7073 -3.7635
v  -2.4363 0.7061 -3.7552
v  -2.4836 0.7047 -3.7453
v  -2.5304 0.7032 -3.7333
v  -2.5770 0.7015 -3.7224
v  -2.6233 0.6973 -3.7162
v  -1.6824 0.8203 -4.3242
v  -1.7320 0.8241 -4.3300
v  -1.7265 0.8312 -4.2780
v  -1.6882 0.8099 -4.2736
v  -1.7784 0.8213 -4.3094
v  -1.7697 0.8463 -4.2781
v  -1.8231 0.8177 -4.2881
v  -1.8178 0.8484 -4.2685
v  -1.8693 0.8144 -4.2722
v  -1.8645 0.8455 -4.2538
v  -1.9078 0.8099 -4.2427
v  -1.9123 0.8453 -4.2446
v  -1.9562 0.8090 -4.2468
v  -1.9593 0.8417 -4.2330
v  -2.0042 0.8063 -4.2396
v  -2.0029 0.8340 -4.2132
v  -2.0529 0.8065 -4.2381
v  -2.0508 0.8383 -4.2208
v  -2.0929 0.8023 -4.2105
v  -2.0991 0.8379 -4.2151
v  -2.1416 0.8009 -4.2112
v  -2.1442 0.8333 -4.1975
v  -2.1855 0.8049 -4.2320
v  -2.1885 0.8377 -4.2176
v  -2.2337 0.8055 -4.2392
v  -2.2368 0.8377 -4.2236
v  -2.2820 0.8061 -4.2458
v  -2.2854 0.8352 -4.2223
v  -2.3301 0.8043 -4.2386
v  -2.3316 0.8394 -4.2366
v  -2.3732 0.8075 -4.2610
v  -2.3792 0.8397 -4.2460
v  -2.4191 0.8094 -4.2769
v  -2.4267 0.8394 -4.2557
v  -2.4670 0.8088 -4.2849
v  -2.4740 0.8401 -4.2676
v  -2.5085 0.8141 -4.3084
v  -2.5220 0.8390 -4.2783
v  -2.5525 0.8175 -4.3257
v  -2.5706 0.8332 -4.2835
v  -2.5956 0.8167 -4.3375
v  -2.6109 0.8135 -4.2820
v  -1.7246 0.8300 -4.2246
v  -1.6985 0.8023 -4.2220
v  -1.7633 0.8504 -4.2260
v  -1.8089 0.8632 -4.2240
v  -1.8574 0.8683 -4.2185
v  -1.9062 0.8694 -4.2114
v  -1.9548 0.8681 -4.2035
v  -2.0025 0.8643 -4.1926
v  -2.0504 0.8611 -4.1850
v  -2.0974 0.8679 -4.1930
v  -2.1462 0.8677 -4.1917
v  -2.1945 0.8668 -4.1937
v  -2.2421 0.8610 -4.1892
v  -2.2896 0.8647 -4.1995
v  -2.3379 0.8651 -4.2064
v  -2.3865 0.8639 -4.2132
v  -2.4352 0.8616 -4.2200
v  -2.4839 0.8579 -4.2264
v  -2.5317 0.8494 -4.2302
v  -2.5739 0.8321 -4.2295
v  -2.5979 0.8038 -4.2283
v  -1.7287 0.8248 -4.1709
v  -1.7102 0.7949 -4.1701
v  -1.7621 0.8489 -4.1718
v  -1.8047 0.8658 -4.1709
v  -1.8519 0.8764 -4.1683
v  -1.9008 0.8821 -4.1646
v  -1.9501 0.8848 -4.1605
v  -1.9995 0.8868 -4.1568
v  -2.0487 0.8858 -4.1528
v  -2.0979 0.8866 -4.1520
v  -2.1471 0.8877 -4.1524
v  -2.1964 0.8864 -4.1536
v  -2.2456 0.8844 -4.1549
v  -2.2947 0.8834 -4.1588
v  -2.3438 0.8812 -4.1629
v  -2.3929 0.8775 -4.1672
v  -2.4418 0.8720 -4.1713
v  -2.4898 0.8635 -4.1747
v  -2.5344 0.8489 -4.1761
v  -2.5690 0.8256 -4.1754
v  -2.5843 0.7952 -4.1761
v  -1.7342 0.8178 -4.1174
v  -1.7163 0.7877 -4.1173
v  -1.7645 0.8436 -4.1175
v  -1.8043 0.8631 -4.1163
v  -1.8501 0.8762 -4.1141
v  -1.8983 0.8849 -4.1115
v  -1.9476 0.8906 -4.1088
v  -1.9973 0.8943 -4.1062
v  -2.0473 0.8962 -4.1041
v  -2.0974 0.8968 -4.1032
v  -2.1476 0.8969 -4.1031
v  -2.1977 0.8958 -4.1042
v  -2.2477 0.8941 -4.1059
v  -2.2976 0.8915 -4.1085
v  -2.3472 0.8873 -4.1114
v  -2.3964 0.8815 -4.1145
v  -2.4447 0.8734 -4.1175
v  -2.4913 0.8616 -4.1201
v  -2.5323 0.8433 -4.1215
v  -2.5618 0.8175 -4.1220
v  -2.5728 0.7866 -4.1242
v  -1.7392 0.8112 -4.0640
v  -1.7429 0.7804 -4.0709
v  -1.7656 0.8385 -4.0633
v  -1.8052 0.8580 -4.0614
v  -1.8503 0.8718 -4.0590
v  -1.8980 0.8816 -4.0566
v  -1.9470 0.8885 -4.0542
v  -1.9968 0.8933 -4.0521
v  -2.0470 0.8962 -4.0503
v  -2.0974 0.8976 -4.0496
v  -2.1479 0.8978 -4.0497
v  -2.1984 0.8967 -4.0507
v  -2.2487 0.8945 -4.0522
v  -2.2988 0.8910 -4.0545
v  -2.3484 0.8858 -4.0570
v  -2.3974 0.8788 -4.0596
v  -2.4451 0.8692 -4.0624
v  -2.4904 0.8558 -4.0651
v  -2.5290 0.8356 -4.0674
v  -2.5555 0.8087 -4.0688
v  -2.5674 0.7779 -4.0713
v  -1.7548 0.8008 -4.0133
v  -1.7339 0.7727 -4.0184
v  -1.7676 0.8310 -4.0093
v  -1.8060 0.8511 -4.0066
v  -1.8512 0.8646 -4.0039
v  -1.8987 0.8744 -4.0015
v  -1.9476 0.8816 -3.9993
v  -1.9973 0.8867 -3.9973
v  -2.0474 0.8899 -3.9957
v  -2.0977 0.8916 -3.9949
v  -2.1482 0.8919 -3.9950
v  -2.1986 0.8909 -3.9960
v  -2.2489 0.8886 -3.9975
v  -2.2989 0.8848 -3.9997
v  -2.3484 0.8793 -4.0021
v  -2.3972 0.8719 -4.0046
v  -2.4446 0.8618 -4.0072
v  -2.4894 0.8481 -4.0102
v  -2.5274 0.8277 -4.0137
v  -2.5500 0.7994 -4.0157
v  -2.5623 0.7685 -4.0182
v  -1.7406 0.7953 -3.9620
v  -1.7258 0.7651 -3.9659
v  -1.7675 0.8213 -3.9559
v  -1.8059 0.8412 -3.9520
v  -1.8513 0.8542 -3.9492
v  -1.8991 0.8634 -3.9469
v  -1.9481 0.8702 -3.9450
v  -1.9977 0.8749 -3.9431
v  -2.0477 0.8779 -3.9416
v  -2.0980 0.8795 -3.9409
v  -2.1483 0.8799 -3.9410
v  -2.1986 0.8789 -3.9418
v  -2.2488 0.8769 -3.9434
v  -2.2987 0.8735 -3.9454
v  -2.3482 0.8684 -3.9476
v  -2.3969 0.8614 -3.9499
v  -2.4444 0.8519 -3.9524
v  -2.4897 0.8389 -3.9555
v  -2.5291 0.8201 -3.9600
v  -2.5387 0.7894 -3.9637
v  -2.5448 0.7586 -3.9680
v  -1.7320 0.7886 -3.9093
v  -1.7325 0.7572 -3.9129
v  -1.7615 0.8132 -3.9025
v  -1.8033 0.8299 -3.8977
v  -1.8503 0.8406 -3.8953
v  -1.8989 0.8481 -3.8937
v  -1.9483 0.8537 -3.8924
v  -1.9981 0.8575 -3.8911
v  -2.0481 0.8598 -3.8899
v  -2.0983 0.8611 -3.8894
v  -2.1485 0.8615 -3.8896
v  -2.1987 0.8607 -3.8903
v  -2.2488 0.8592 -3.8915
v  -2.2988 0.8565 -3.8931
v  -2.3485 0.8524 -3.8948
v  -2.3977 0.8465 -3.8965
v  -2.4459 0.8382 -3.8985
v  -2.4921 0.8263 -3.9015
v  -2.5325 0.8083 -3.9067
v  -2.5602 0.7830 -3.9145
v  -2.5705 0.7527 -3.9209
v  -1.7227 0.7795 -3.8569
v  -1.7082 0.7503 -3.8652
v  -1.7567 0.8016 -3.8488
v  -1.8019 0.8147 -3.8444
v  -1.8504 0.8226 -3.8432
v  -1.8997 0.8279 -3.8432
v  -1.9493 0.8316 -3.8436
v  -1.9990 0.8341 -3.8435
v  -2.0489 0.8355 -3.8433
v  -2.0987 0.8363 -3.8433
v  -2.1486 0.8369 -3.8435
v  -2.1984 0.8360 -3.8441
v  -2.2483 0.8351 -3.8447
v  -2.2981 0.8334 -3.8453
v  -2.3477 0.8307 -3.8456
v  -2.3972 0.8268 -3.8457
v  -2.4462 0.8209 -3.8461
v  -2.4938 0.8112 -3.8483
v  -2.5367 0.7957 -3.8533
v  -2.5691 0.7729 -3.8618
v  -2.5853 0.7439 -3.8698
v  -1.7133 0.7695 -3.8042
v  -1.6897 0.7432 -3.8142
v  -1.7554 0.7852 -3.7963
v  -1.8037 0.7934 -3.7947
v  -1.8530 0.7981 -3.7966
v  -1.9023 0.8011 -3.7995
v  -1.9516 0.8032 -3.8025
v  -2.0009 0.8044 -3.8045
v  -2.0501 0.8051 -3.8057
v  -2.0994 0.8054 -3.8064
v  -2.1487 0.8062 -3.8065
v  -2.1979 0.8051 -3.8072
v  -2.2471 0.8048 -3.8070
v  -2.2963 0.8039 -3.8061
v  -2.3455 0.8023 -3.8043
v  -2.3947 0.8005 -3.8014
v  -2.4439 0.7975 -3.7984
v  -2.4928 0.7917 -3.7973
v  -2.5387 0.7799 -3.8007
v  -2.5768 0.7610 -3.8091
v  -2.6013 0.7349 -3.8192
v  -1.7107 0.7539 -3.7519
v  -1.6707 0.7363 -3.7620
v  -1.7598 0.7604 -3.7505
v  -1.8090 0.7640 -3.7555
v  -1.8576 0.7662 -3.7625
v  -1.9060 0.7679 -3.7691
v  -1.9544 0.7691 -3.7749
v  -2.0030 0.7698 -3.7788
v  -2.0515 0.7702 -3.7811
v  -2.1000 0.7703 -3.7824
v  -2.1485 0.7709 -3.7839
v  -2.1971 0.7701 -3.7827
v  -2.2457 0.7698 -3.7828
v  -2.2942 0.7693 -3.7802
v  -2.3426 0.7682 -3.7771
v  -2.3909 0.7672 -3.7711
v  -2.4392 0.7658 -3.7639
v  -2.4876 0.7637 -3.7557
v  -2.5363 0.7596 -3.7506
v  -2.5791 0.7453 -3.7572
v  -2.6159 0.7261 -3.7689
v  -1.7232 0.7252 -3.7124
v  -1.6790 0.7218 -3.7063
v  -1.7685 0.7263 -3.7250
v  -1.8144 0.7283 -3.7381
v  -1.8614 0.7302 -3.7481
v  -1.9088 0.7317 -3.7569
v  -1.9565 0.7328 -3.7640
v  -2.0045 0.7334 -3.7690
v  -2.0529 0.7337 -3.7715
v  -2.1014 0.7337 -3.7722
v  -2.1487 0.7351 -3.7827
v  -2.1960 0.7334 -3.7717
v  -2.2444 0.7334 -3.7736
v  -2.2927 0.7329 -3.7710
v  -2.3408 0.7319 -3.7658
v  -2.3888 0.7310 -3.7603
v  -2.4363 0.7296 -3.7512
v  -2.4835 0.7279 -3.7391
v  -2.5304 0.7255 -3.7235
v  -2.5786 0.7224 -3.7076
v  -2.6271 0.7209 -3.7189
v  -1.3500 0.0000 -1.5484
v  -1.3500 0.3907 -1.5484
v  -1.3533 0.3907 -1.5326
v  -1.3533 0.0000 -1.5326
v  -1.3500 0.6869 -1.5484
v  -1.3533 0.6869 -1.5326
v  -1.3622 0.6869 -1.5190
v  -1.3622 0.3907 -1.5190
v  -1.3622 0.0000 -1.5190
v  -1.3757 0.3907 -1.5101
v  -1.3757 0.0000 -1.5101
v  -1.3757 0.6869 -1.5101
v  -1.3916 0.6869 -1.5068
v  -1.3916 0.3907 -1.5068
v  -1.3916 0.0000 -1.5068
v  -1.4074 0.3907 -1.5101
v  -1.4074 0.0000 -1.5101
v  -1.4074 0.6869 -1.5101
v  -1.4210 0.6869 -1.5190
v  -1.4210 0.3907 -1.5190
v  -1.4210 0.0000 -1.5190
v  -1.4298 0.3907 -1.5326
v  -1.4298 0.0000 -1.5326
v  -1.4298 0.6869 -1.5326
v  -1.4331 0.6869 -1.5484
v  -1.4331 0.3907 -1.5484
v  -1.4331 0.0000 -1.5484
v  -1.4298 0.3907 -1.5643
v  -1.4298 0.0000 -1.5643
v  -1.4298 0.6869 -1.5643
v  -1.4210 0.6869 -1.5778
v  -1.4210 0.3907 -1.5778
v  -1.4210 0.0000 -1.5778
v  -1.4074 0.3907 -1.5867
v  -1.4074 0.0000 -1.5867
v  -1.4074 0.6869 -1.5867
v  -1.3916 0.6869 -1.5900
v  -1.3916 0.3907 -1.5900
v  -1.3916 0.0000 -1.5900
v  -1.3757 0.3907 -1.5867
v  -1.3757 0.0000 -1.5867
v  -1.3757 0.6869 -1.5867
v  -1.3622 0.6869 -1.5778
v  -1.3622 0.3907 -1.5778
v  -1.3622 0.0000 -1.5778
v  -1.3533 0.3907 -1.5643
v  -1.3533 0.0000 -1.5643
v  -1.3533 0.6869 -1.5643
v  -1.3647 0.8112 -1.5190
v  -1.3560 0.8117 -1.5326
v  -1.3642 0.8411 -1.5326
v  -1.3721 0.8390 -1.5190
v  -1.3528 0.8119 -1.5484
v  -1.3612 0.8418 -1.5484
v  -1.3771 0.8769 -1.5484
v  -1.3797 0.8755 -1.5326
v  -1.3867 0.8716 -1.5190
v  -1.3933 0.8095 -1.5068
v  -1.3778 0.8104 -1.5101
v  -1.3842 0.8359 -1.5101
v  -1.3983 0.8322 -1.5068
v  -1.3974 0.8656 -1.5101
v  -1.4098 0.8587 -1.5068
v  -1.4217 0.8079 -1.5190
v  -1.4086 0.8086 -1.5101
v  -1.4123 0.8287 -1.5101
v  -1.4241 0.8256 -1.5190
v  -1.4220 0.8519 -1.5101
v  -1.4323 0.8462 -1.5190
v  -1.4335 0.8072 -1.5484
v  -1.4303 0.8074 -1.5326
v  -1.4319 0.8237 -1.5326
v  -1.4347 0.8230 -1.5484
v  -1.4389 0.8425 -1.5326
v  -1.4414 0.8412 -1.5484
v  -1.4217 0.8079 -1.5778
v  -1.4303 0.8074 -1.5643
v  -1.4319 0.8237 -1.5643
v  -1.4241 0.8256 -1.5778
v  -1.4389 0.8425 -1.5643
v  -1.4323 0.8462 -1.5778
v  -1.3933 0.8095 -1.5900
v  -1.4086 0.8086 -1.5867
v  -1.4123 0.8287 -1.5867
v  -1.3983 0.8322 -1.5900
v  -1.4220 0.8519 -1.5867
v  -1.4098 0.8587 -1.5900
v  -1.3647 0.8112 -1.5778
v  -1.3778 0.8104 -1.5867
v  -1.3842 0.8359 -1.5867
v  -1.3721 0.8390 -1.5778
v  -1.3974 0.8656 -1.5867
v  -1.3867 0.8716 -1.5778
v  -1.3560 0.8117 -1.5643
v  -1.3642 0.8411 -1.5643
v  -1.3797 0.8755 -1.5643
v  -1.5083 0.9703 -1.5484
v  -1.5292 0.9741 -1.5484
v  -1.5292 0.9708 -1.5326
v  -1.5086 0.9671 -1.5326
v  -1.6202 0.9741 -1.5484
v  -1.6202 0.9708 -1.5326
v  -1.6202 0.9620 -1.5190
v  -1.5292 0.9620 -1.5190
v  -1.5092 0.9585 -1.5190
v  -1.5292 0.9484 -1.5101
v  -1.5102 0.9454 -1.5101
v  -1.6202 0.9484 -1.5101
v  -1.6202 0.9326 -1.5068
v  -1.5292 0.9326 -1.5068
v  -1.5114 0.9301 -1.5068
v  -1.5292 0.9167 -1.5101
v  -1.5125 0.9149 -1.5101
v  -1.6202 0.9167 -1.5101
v  -1.6202 0.9032 -1.5190
v  -1.5292 0.9032 -1.5190
v  -1.5134 0.9018 -1.5190
v  -1.5292 0.8943 -1.5326
v  -1.5141 0.8933 -1.5326
v  -1.6202 0.8943 -1.5326
v  -1.6202 0.8910 -1.5484
v  -1.5292 0.8910 -1.5484
v  -1.5143 0.8902 -1.5484
v  -1.5292 0.8943 -1.5643
v  -1.5141 0.8933 -1.5643
v  -1.6202 0.8943 -1.5643
v  -1.6202 0.9032 -1.5778
v  -1.5292 0.9032 -1.5778
v  -1.5134 0.9018 -1.5778
v  -1.5292 0.9167 -1.5867
v  -1.5125 0.9149 -1.5867
v  -1.6202 0.9167 -1.5867
v  -1.6202 0.9326 -1.5900
v  -1.5292 0.9326 -1.5900
v  -1.5114 0.9301 -1.5900
v  -1.5292 0.9484 -1.5867
v  -1.5102 0.9454 -1.5867
v  -1.6202 0.9484 -1.5867
v  -1.6202 0.9620 -1.5778
v  -1.5292 0.9620 -1.5778
v  -1.5092 0.9585 -1.5778
v  -1.5292 0.9708 -1.5643
v  -1.5086 0.9671 -1.5643
v  -1.6202 0.9708 -1.5643
v  -1.4352 0.9390 -1.5484
v  -1.4738 0.9588 -1.5484
v  -1.4747 0.9559 -1.5326
v  -1.4370 0.9366 -1.5326
v  -1.4774 0.9482 -1.5190
v  -1.4418 0.9301 -1.5190
v  -1.4813 0.9365 -1.5101
v  -1.4491 0.9202 -1.5101
v  -1.4860 0.9228 -1.5068
v  -1.4576 0.9087 -1.5068
v  -1.4905 0.9093 -1.5101
v  -1.4659 0.8974 -1.5101
v  -1.4943 0.8978 -1.5190
v  -1.4729 0.8879 -1.5190
v  -1.4967 0.8903 -1.5326
v  -1.4773 0.8817 -1.5326
v  -1.4976 0.8876 -1.5484
v  -1.4790 0.8795 -1.5484
v  -1.4967 0.8903 -1.5643
v  -1.4773 0.8817 -1.5643
v  -1.4943 0.8978 -1.5778
v  -1.4729 0.8879 -1.5778
v  -1.4905 0.9093 -1.5867
v  -1.4659 0.8974 -1.5867
v  -1.4860 0.9228 -1.5900
v  -1.4576 0.9087 -1.5900
v  -1.4813 0.9365 -1.5867
v  -1.4491 0.9202 -1.5867
v  -1.4774 0.9482 -1.5778
v  -1.4418 0.9301 -1.5778
v  -1.4747 0.9559 -1.5643
v  -1.4370 0.9366 -1.5643
v  -1.3500 0.7938 -1.5484
v  -1.3533 0.7938 -1.5326
v  -1.3622 0.7938 -1.5190
v  -1.3757 0.7938 -1.5101
v  -1.3916 0.7938 -1.5068
v  -1.4074 0.7938 -1.5101
v  -1.4210 0.7938 -1.5190
v  -1.4298 0.7938 -1.5326
v  -1.4331 0.7938 -1.5484
v  -1.4298 0.7938 -1.5643
v  -1.4210 0.7938 -1.5778
v  -1.4074 0.7938 -1.5867
v  -1.3916 0.7938 -1.5900
v  -1.3757 0.7938 -1.5867
v  -1.3622 0.7938 -1.5778
v  -1.3533 0.7938 -1.5643
v  -1.8651 0.9741 -1.5484
v  -1.8651 0.9708 -1.5326
v  -2.1869 0.9741 -1.5484
v  -2.1869 0.9708 -1.5326
v  -2.1869 0.9620 -1.5190
v  -1.8651 0.9620 -1.5190
v  -1.8651 0.9484 -1.5101
v  -2.1869 0.9484 -1.5101
v  -2.1869 0.9326 -1.5068
v  -1.8651 0.9326 -1.5068
v  -1.8651 0.9167 -1.5101
v  -2.1869 0.9167 -1.5101
v  -2.1869 0.9032 -1.5190
v  -1.8651 0.9032 -1.5190
v  -1.8651 0.8943 -1.5326
v  -2.1869 0.8943 -1.5326
v  -2.1869 0.8910 -1.5484
v  -1.8651 0.8910 -1.5484
v  -1.8651 0.8943 -1.5643
v  -2.1869 0.8943 -1.5643
v  -2.1869 0.9032 -1.5778
v  -1.8651 0.9032 -1.5778
v  -1.8651 0.9167 -1.5867
v  -2.1869 0.9167 -1.5867
v  -2.1869 0.9326 -1.5900
v  -1.8651 0.9326 -1.5900
v  -1.8651 0.9484 -1.5867
v  -2.1869 0.9484 -1.5867
v  -2.1869 0.9620 -1.5778
v  -1.8651 0.9620 -1.5778
v  -1.8651 0.9708 -1.5643
v  -2.1869 0.9708 -1.5643
v  -1.4047 0.9085 -1.5326
v  -1.4108 0.9032 -1.5190
v  -1.4024 0.9105 -1.5484
v  -1.4201 0.8951 -1.5101
v  -1.4309 0.8857 -1.5068
v  -1.4415 0.8765 -1.5101
v  -1.4503 0.8688 -1.5190
v  -1.4561 0.8638 -1.5326
v  -1.4582 0.8620 -1.5484
v  -1.4561 0.8638 -1.5643
v  -1.4503 0.8688 -1.5778
v  -1.4415 0.8765 -1.5867
v  -1.4309 0.8857 -1.5900
v  -1.4201 0.8951 -1.5867
v  -1.4108 0.9032 -1.5778
v  -1.4047 0.9085 -1.5643
v  -3.0238 0.0000 -1.5484
v  -3.0205 0.0000 -1.5326
v  -3.0205 0.3907 -1.5326
v  -3.0238 0.3907 -1.5484
v  -3.0116 0.0000 -1.5190
v  -3.0116 0.3907 -1.5190
v  -3.0116 0.6869 -1.5190
v  -3.0205 0.6869 -1.5326
v  -3.0238 0.6869 -1.5484
v  -2.9981 0.0000 -1.5101
v  -2.9981 0.3907 -1.5101
v  -2.9822 0.0000 -1.5068
v  -2.9822 0.3907 -1.5068
v  -2.9822 0.6869 -1.5068
v  -2.9981 0.6869 -1.5101
v  -2.9664 0.0000 -1.5101
v  -2.9664 0.3907 -1.5101
v  -2.9528 0.0000 -1.5190
v  -2.9528 0.3907 -1.5190
v  -2.9528 0.6869 -1.5190
v  -2.9664 0.6869 -1.5101
v  -2.9440 0.0000 -1.5326
v  -2.9440 0.3907 -1.5326
v  -2.9407 0.0000 -1.5484
v  -2.9407 0.3907 -1.5484
v  -2.9407 0.6869 -1.5484
v  -2.9440 0.6869 -1.5326
v  -2.9440 0.0000 -1.5643
v  -2.9440 0.3907 -1.5643
v  -2.9528 0.0000 -1.5778
v  -2.9528 0.3907 -1.5778
v  -2.9528 0.6869 -1.5778
v  -2.9440 0.6869 -1.5643
v  -2.9664 0.0000 -1.5867
v  -2.9664 0.3907 -1.5867
v  -2.9822 0.0000 -1.5900
v  -2.9822 0.3907 -1.5900
v  -2.9822 0.6869 -1.5900
v  -2.9664 0.6869 -1.5867
v  -2.9981 0.0000 -1.5867
v  -2.9981 0.3907 -1.5867
v  -3.0116 0.0000 -1.5778
v  -3.0116 0.3907 -1.5778
v  -3.0116 0.6869 -1.5778
v  -2.9981 0.6869 -1.5867
v  -3.0205 0.0000 -1.5643
v  -3.0205 0.3907 -1.5643
v  -3.0205 0.6869 -1.5643
v  -3.0091 0.8112 -1.5190
v  -3.0017 0.8390 -1.5190
v  -3.0096 0.8411 -1.5326
v  -3.0178 0.8117 -1.5326
v  -2.9871 0.8716 -1.5190
v  -2.9941 0.8755 -1.5326
v  -2.9967 0.8769 -1.5484
v  -3.0126 0.8418 -1.5484
v  -3.0210 0.8119 -1.5484
v  -2.9805 0.8095 -1.5068
v  -2.9755 0.8322 -1.5068
v  -2.9896 0.8359 -1.5101
v  -2.9960 0.8104 -1.5101
v  -2.9640 0.8587 -1.5068
v  -2.9764 0.8656 -1.5101
v  -2.9521 0.8079 -1.5190
v  -2.9497 0.8256 -1.5190
v  -2.9615 0.8287 -1.5101
v  -2.9652 0.8086 -1.5101
v  -2.9415 0.8462 -1.5190
v  -2.9518 0.8519 -1.5101
v  -2.9403 0.8072 -1.5484
v  -2.9391 0.8230 -1.5484
v  -2.9419 0.8237 -1.5326
v  -2.9435 0.8074 -1.5326
v  -2.9324 0.8412 -1.5484
v  -2.9349 0.8425 -1.5326
v  -2.9521 0.8079 -1.5778
v  -2.9497 0.8256 -1.5778
v  -2.9419 0.8237 -1.5643
v  -2.9435 0.8074 -1.5643
v  -2.9415 0.8462 -1.5778
v  -2.9349 0.8425 -1.5643
v  -2.9805 0.8095 -1.5900
v  -2.9755 0.8322 -1.5900
v  -2.9615 0.8287 -1.5867
v  -2.9652 0.8086 -1.5867
v  -2.9640 0.8587 -1.5900
v  -2.9518 0.8519 -1.5867
v  -3.0091 0.8112 -1.5778
v  -3.0017 0.8390 -1.5778
v  -2.9896 0.8359 -1.5867
v  -2.9960 0.8104 -1.5867
v  -2.9871 0.8716 -1.5778
v  -2.9764 0.8656 -1.5867
v  -3.0096 0.8411 -1.5643
v  -3.0178 0.8117 -1.5643
v  -2.9941 0.8755 -1.5643
v  -2.8655 0.9703 -1.5484
v  -2.8652 0.9671 -1.5326
v  -2.8446 0.9708 -1.5326
v  -2.8446 0.9741 -1.5484
v  -2.8646 0.9585 -1.5190
v  -2.8446 0.9620 -1.5190
v  -2.7536 0.9620 -1.5190
v  -2.7536 0.9708 -1.5326
v  -2.7536 0.9741 -1.5484
v  -2.8636 0.9454 -1.5101
v  -2.8446 0.9484 -1.5101
v  -2.8624 0.9301 -1.5068
v  -2.8446 0.9326 -1.5068
v  -2.7536 0.9326 -1.5068
v  -2.7536 0.9484 -1.5101
v  -2.8613 0.9149 -1.5101
v  -2.8446 0.9167 -1.5101
v  -2.8604 0.9018 -1.5190
v  -2.8446 0.9032 -1.5190
v  -2.7536 0.9032 -1.5190
v  -2.7536 0.9167 -1.5101
v  -2.8597 0.8933 -1.5326
v  -2.8446 0.8943 -1.5326
v  -2.8595 0.8902 -1.5484
v  -2.8446 0.8910 -1.5484
v  -2.7536 0.8910 -1.5484
v  -2.7536 0.8943 -1.5326
v  -2.8597 0.8933 -1.5643
v  -2.8446 0.8943 -1.5643
v  -2.8604 0.9018 -1.5778
v  -2.8446 0.9032 -1.5778
v  -2.7536 0.9032 -1.5778
v  -2.7536 0.8943 -1.5643
v  -2.8613 0.9149 -1.5867
v  -2.8446 0.9167 -1.5867
v  -2.8624 0.9301 -1.5900
v  -2.8446 0.9326 -1.5900
v  -2.7536 0.9326 -1.5900
v  -2.7536 0.9167 -1.5867
v  -2.8636 0.9454 -1.5867
v  -2.8446 0.9484 -1.5867
v  -2.8646 0.9585 -1.5778
v  -2.8446 0.9620 -1.5778
v  -2.7536 0.9620 -1.5778
v  -2.7536 0.9484 -1.5867
v  -2.8652 0.9671 -1.5643
v  -2.8446 0.9708 -1.5643
v  -2.7536 0.9708 -1.5643
v  -2.9386 0.9390 -1.5484
v  -2.9368 0.9366 -1.5326
v  -2.8991 0.9559 -1.5326
v  -2.9000 0.9588 -1.5484
v  -2.9320 0.9301 -1.5190
v  -2.8964 0.9482 -1.5190
v  -2.9247 0.9202 -1.5101
v  -2.8925 0.9365 -1.5101
v  -2.9162 0.9087 -1.5068
v  -2.8878 0.9228 -1.5068
v  -2.9079 0.8974 -1.5101
v  -2.8833 0.9093 -1.5101
v  -2.9009 0.8879 -1.5190
v  -2.8795 0.8978 -1.5190
v  -2.8965 0.8817 -1.5326
v  -2.8771 0.8903 -1.5326
v  -2.8948 0.8795 -1.5484
v  -2.8762 0.8876 -1.5484
v  -2.8965 0.8817 -1.5643
v  -2.8771 0.8903 -1.5643
v  -2.9009 0.8879 -1.5778
v  -2.8795 0.8978 -1.5778
v  -2.9079 0.8974 -1.5867
v  -2.8833 0.9093 -1.5867
v  -2.9162 0.9087 -1.5900
v  -2.8878 0.9228 -1.5900
v  -2.9247 0.9202 -1.5867
v  -2.8925 0.9365 -1.5867
v  -2.9320 0.9301 -1.5778
v  -2.8964 0.9482 -1.5778
v  -2.9368 0.9366 -1.5643
v  -2.8991 0.9559 -1.5643
v  -3.0205 0.7938 -1.5326
v  -3.0238 0.7938 -1.5484
v  -3.0116 0.7938 -1.5190
v  -2.9981 0.7938 -1.5101
v  -2.9822 0.7938 -1.5068
v  -2.9664 0.7938 -1.5101
v  -2.9528 0.7938 -1.5190
v  -2.9440 0.7938 -1.5326
v  -2.9407 0.7938 -1.5484
v  -2.9440 0.7938 -1.5643
v  -2.9528 0.7938 -1.5778
v  -2.9664 0.7938 -1.5867
v  -2.9822 0.7938 -1.5900
v  -2.9981 0.7938 -1.5867
v  -3.0116 0.7938 -1.5778
v  -3.0205 0.7938 -1.5643
v  -2.5087 0.9708 -1.5326
v  -2.5087 0.9741 -1.5484
v  -2.5087 0.9620 -1.5190
v  -2.5087 0.9484 -1.5101
v  -2.5087 0.9326 -1.5068
v  -2.5087 0.9167 -1.5101
v  -2.5087 0.9032 -1.5190
v  -2.5087 0.8943 -1.5326
v  -2.5087 0.8910 -1.5484
v  -2.5087 0.8943 -1.5643
v  -2.5087 0.9032 -1.5778
v  -2.5087 0.9167 -1.5867
v  -2.5087 0.9326 -1.5900
v  -2.5087 0.9484 -1.5867
v  -2.5087 0.9620 -1.5778
v  -2.5087 0.9708 -1.5643
v  -2.9630 0.9032 -1.5190
v  -2.9691 0.9085 -1.5326
v  -2.9714 0.9105 -1.5484
v  -2.9429 0.8857 -1.5068
v  -2.9537 0.8951 -1.5101
v  -2.9235 0.8688 -1.5190
v  -2.9323 0.8765 -1.5101
v  -2.9156 0.8620 -1.5484
v  -2.9177 0.8638 -1.5326
v  -2.9235 0.8688 -1.5778
v  -2.9177 0.8638 -1.5643
v  -2.9429 0.8857 -1.5900
v  -2.9323 0.8765 -1.5867
v  -2.9630 0.9032 -1.5778
v  -2.9537 0.8951 -1.5867
v  -2.9691 0.9085 -1.5643
# 2322 vertices

vn 0.1734 -0.9341 -0.3120
vn 0.1734 -0.9341 0.3120
vn -0.1734 -0.9341 0.3120
vn -0.1734 -0.9341 -0.3120
vn 0.1734 0.9341 -0.3120
vn -0.1734 0.9341 -0.3120
vn -0.1734 0.9341 0.3120
vn 0.1734 0.9341 0.3120
vn 0.0828 -0.0697 -0.9941
vn -0.0828 -0.0697 -0.9941
vn -0.0828 0.0697 -0.9941
vn 0.0828 0.0697 -0.9941
vn -0.9517 -0.1281 -0.2791
vn -0.9517 -0.1281 0.2791
vn -0.9517 0.1281 0.2791
vn -0.9517 0.1281 -0.2791
vn -0.0828 -0.0697 0.9941
vn 0.0828 -0.0697 0.9941
vn 0.0828 0.0697 0.9941
vn -0.0828 0.0697 0.9941
vn 0.9517 -0.1281 0.2791
vn 0.9517 -0.1281 -0.2791
vn 0.9517 0.1281 -0.2791
vn 0.9517 0.1281 0.2791
vn 0.1016 -0.5106 -0.8538
vn 0.4973 -0.4337 -0.7514
vn 0.7143 -0.6526 -0.2527
vn 0.7143 -0.6526 0.2527
vn 0.4973 -0.4337 0.7514
vn 0.1016 -0.5106 0.8538
vn -0.1016 -0.5106 0.8538
vn -0.4973 -0.4337 0.7514
vn -0.7143 -0.6526 0.2527
vn -0.7143 -0.6526 -0.2527
vn -0.4973 -0.4337 -0.7514
vn -0.1016 -0.5106 -0.8538
vn 0.7143 0.6526 -0.2527
vn 0.4973 0.4337 -0.7514
vn 0.1016 0.5106 -0.8538
vn -0.1016 0.5106 -0.8538
vn -0.4973 0.4337 -0.7514
vn -0.7143 0.6526 -0.2527
vn -0.7143 0.6526 0.2527
vn -0.4973 0.4337 0.7514
vn -0.1016 0.5106 0.8538
vn 0.1016 0.5106 0.8538
vn 0.4973 0.4337 0.7514
vn 0.7143 0.6526 0.2527
vn 0.5530 -0.0800 -0.8293
vn -0.5530 -0.0800 -0.8293
vn -0.5530 0.0800 -0.8293
vn 0.5530 0.0800 -0.8293
vn -0.5530 -0.0800 0.8293
vn -0.5530 0.0800 0.8293
vn 0.5530 -0.0800 0.8293
vn 0.5530 0.0800 0.8293
vn 1.0000 0.0000 -0.0000
vn 1.0000 -0.0000 -0.0000
vn 0.9239 0.0000 0.3827
vn 0.7071 0.0000 0.7071
vn 0.7071 -0.0000 0.7071
vn 0.3827 0.0000 0.9239
vn 0.0000 0.0000 1.0000
vn -0.3827 0.0000 0.9239
vn -0.7071 -0.0000 0.7071
vn -0.7071 0.0000 0.7071
vn -0.9239 0.0000 0.3827
vn -1.0000 0.0000 0.0000
vn -1.0000 -0.0000 0.0000
vn -0.9239 0.0000 -0.3827
vn -0.7071 -0.0000 -0.7071
vn -0.7071 0.0000 -0.7071
vn -0.3827 0.0000 -0.9239
vn 0.0000 0.0000 -1.0000
vn 0.3827 0.0000 -0.9239
vn 0.7071 -0.0000 -0.7071
vn 0.7071 0.0000 -0.7071
vn 0.9239 0.0000 -0.3827
vn 0.7075 0.1446 0.6918
vn 0.9089 0.1934 0.3694
vn 0.8790 0.3183 0.3550
vn 0.6954 0.2478 0.6746
vn 0.9775 0.2107 -0.0000
vn 0.9397 0.3420 -0.0000
vn 0.8602 0.5099 -0.0000
vn 0.8060 0.4781 0.3488
vn 0.6409 0.3809 0.6664
vn 0.0071 0.0020 1.0000
vn 0.3920 0.0745 0.9169
vn 0.3946 0.1368 0.9086
vn 0.0116 0.0047 0.9999
vn 0.3670 0.2190 0.9041
vn 0.0136 0.0087 0.9999
vn -0.7116 -0.0676 0.6994
vn -0.3841 -0.0503 0.9219
vn -0.3856 -0.1140 0.9156
vn -0.7091 -0.1848 0.6804
vn -0.3540 -0.2085 0.9117
vn -0.6440 -0.3739 0.6674
vn -0.9986 -0.0522 0.0000
vn -0.9254 -0.0602 0.3743
vn -0.9112 -0.2090 0.3551
vn -0.9776 -0.2106 0.0000
vn -0.8162 -0.4655 0.3421
vn -0.8706 -0.4920 0.0000
vn -0.7116 -0.0676 -0.6994
vn -0.9254 -0.0602 -0.3742
vn -0.9112 -0.2090 -0.3551
vn -0.7091 -0.1848 -0.6804
vn -0.8162 -0.4655 -0.3421
vn -0.6440 -0.3739 -0.6674
vn 0.0071 0.0020 -1.0000
vn -0.3841 -0.0503 -0.9219
vn -0.3856 -0.1140 -0.9156
vn 0.0116 0.0047 -0.9999
vn -0.3540 -0.2085 -0.9117
vn 0.0136 0.0087 -0.9999
vn 0.7075 0.1446 -0.6918
vn 0.3920 0.0745 -0.9169
vn 0.3946 0.1368 -0.9086
vn 0.6954 0.2478 -0.6746
vn 0.3670 0.2190 -0.9041
vn 0.6409 0.3809 -0.6664
vn 0.9089 0.1934 -0.3694
vn 0.8790 0.3183 -0.3551
vn 0.8060 0.4781 -0.3488
vn 0.2478 0.9688 -0.0000
vn 0.0898 0.9960 -0.0000
vn 0.0821 0.9222 0.3778
vn 0.2287 0.9020 0.3662
vn 0.0000 1.0000 -0.0000
vn 0.0000 0.9239 0.3827
vn 0.0000 0.7071 0.7071
vn 0.0608 0.7111 0.7005
vn 0.1738 0.7047 0.6879
vn 0.0311 0.3903 0.9202
vn 0.0925 0.3927 0.9150
vn 0.0000 0.3827 0.9239
vn 0.0000 -0.0000 1.0000
vn 0.0012 0.0088 1.0000
vn 0.0033 0.0092 1.0000
vn -0.0207 -0.3769 0.9260
vn -0.0689 -0.3820 0.9216
vn 0.0000 -0.3827 0.9239
vn 0.0000 -0.7071 0.7071
vn -0.0300 -0.7040 0.7096
vn -0.1045 -0.7085 0.6979
vn -0.0301 -0.9229 0.3839
vn -0.1087 -0.9216 0.3727
vn 0.0000 -0.9239 0.3827
vn -0.0000 -1.0000 -0.0000
vn -0.0285 -0.9996 -0.0000
vn -0.1043 -0.9945 0.0000
vn -0.0301 -0.9229 -0.3839
vn -0.1087 -0.9216 -0.3727
vn -0.0000 -0.9239 -0.3827
vn -0.0000 -0.7071 -0.7071
vn -0.0300 -0.7040 -0.7096
vn -0.1045 -0.7085 -0.6979
vn -0.0207 -0.3769 -0.9260
vn -0.0689 -0.3820 -0.9216
vn -0.0000 -0.3827 -0.9239
vn -0.0000 0.0000 -1.0000
vn 0.0012 0.0088 -1.0000
vn 0.0033 0.0092 -1.0000
vn 0.0311 0.3903 -0.9202
vn 0.0925 0.3927 -0.9150
vn -0.0000 0.3827 -0.9239
vn -0.0000 0.7071 -0.7071
vn 0.0608 0.7111 -0.7005
vn 0.1738 0.7047 -0.6879
vn 0.0821 0.9222 -0.3778
vn 0.2287 0.9020 -0.3662
vn -0.0000 0.9239 -0.3827
vn 0.5604 0.8282 -0.0000
vn 0.3869 0.9221 -0.0000
vn 0.3609 0.8633 0.3529
vn 0.5244 0.7761 0.3503
vn 0.2831 0.6841 0.6722
vn 0.4154 0.6171 0.6683
vn 0.1581 0.3889 0.9076
vn 0.2363 0.3538 0.9050
vn 0.0048 0.0107 0.9999
vn 0.0079 0.0134 0.9999
vn -0.1391 -0.3819 0.9137
vn -0.2251 -0.3441 0.9116
vn -0.2327 -0.7002 0.6750
vn -0.4012 -0.6291 0.6657
vn -0.2709 -0.8969 0.3496
vn -0.4980 -0.7981 0.3392
vn -0.2767 -0.9609 -0.0000
vn -0.5255 -0.8508 0.0000
vn -0.2709 -0.8969 -0.3496
vn -0.4980 -0.7981 -0.3392
vn -0.2327 -0.7002 -0.6750
vn -0.4012 -0.6291 -0.6657
vn -0.1391 -0.3819 -0.9137
vn -0.2251 -0.3441 -0.9116
vn 0.0048 0.0107 -0.9999
vn 0.0079 0.0134 -0.9999
vn 0.1581 0.3889 -0.9076
vn 0.2363 0.3538 -0.9050
vn 0.2831 0.6841 -0.6722
vn 0.4154 0.6171 -0.6683
vn 0.3609 0.8633 -0.3529
vn 0.5244 0.7761 -0.3503
vn 0.9971 0.0757 -0.0000
vn 0.9229 0.0689 0.3787
vn 0.7106 0.0503 0.7018
vn 0.3889 0.0251 0.9209
vn 0.0069 0.0007 1.0000
vn -0.3785 -0.0153 0.9255
vn -0.7051 -0.0198 0.7088
vn -0.9234 -0.0172 0.3834
vn -0.9999 -0.0147 0.0000
vn -0.9234 -0.0172 -0.3834
vn -0.7051 -0.0198 -0.7088
vn -0.3785 -0.0153 -0.9255
vn 0.0069 0.0007 -1.0000
vn 0.3889 0.0251 -0.9209
vn 0.7106 0.0503 -0.7018
vn 0.9229 0.0689 -0.3787
vn -0.0000 1.0000 -0.0000
vn -0.0000 -0.0000 1.0000
vn 0.0000 -1.0000 -0.0000
vn 0.0000 -0.9239 -0.3827
vn 0.0000 -0.7071 -0.7071
vn 0.0000 -0.3827 -0.9239
vn 0.0000 -0.0000 -1.0000
vn 0.0000 0.3827 -0.9239
vn 0.0000 0.7071 -0.7071
vn 0.0000 0.9239 -0.3827
vn 0.6844 0.6387 0.3516
vn 0.5414 0.5078 0.6701
vn 0.7317 0.6817 -0.0000
vn 0.3070 0.2908 0.9062
vn 0.0082 0.0087 0.9999
vn -0.2987 -0.2875 0.9100
vn -0.5362 -0.5219 0.6633
vn -0.6725 -0.6583 0.3381
vn -0.7140 -0.7001 0.0000
vn -0.6725 -0.6583 -0.3381
vn -0.5362 -0.5219 -0.6633
vn -0.2987 -0.2875 -0.9100
vn 0.0082 0.0087 -0.9999
vn 0.3070 0.2908 -0.9062
vn 0.5414 0.5078 -0.6701
vn 0.6844 0.6387 -0.3516
vn -0.3827 -0.0000 0.9239
vn 0.3827 -0.0000 0.9239
vn 0.3827 -0.0000 -0.9239
vn -0.3827 -0.0000 -0.9239
vn -0.7075 0.1446 0.6918
vn -0.6954 0.2478 0.6746
vn -0.8790 0.3183 0.3551
vn -0.9089 0.1934 0.3694
vn -0.6409 0.3809 0.6664
vn -0.8060 0.4781 0.3488
vn -0.8602 0.5099 0.0000
vn -0.9397 0.3420 0.0000
vn -0.9775 0.2107 0.0000
vn -0.0071 0.0020 1.0000
vn -0.0116 0.0047 0.9999
vn -0.3946 0.1368 0.9086
vn -0.3920 0.0745 0.9169
vn -0.0136 0.0087 0.9999
vn -0.3670 0.2190 0.9041
vn 0.7116 -0.0676 0.6994
vn 0.7091 -0.1848 0.6804
vn 0.3856 -0.1140 0.9156
vn 0.3841 -0.0503 0.9219
vn 0.6440 -0.3739 0.6674
vn 0.3540 -0.2085 0.9117
vn 0.9986 -0.0522 -0.0000
vn 0.9776 -0.2106 -0.0000
vn 0.9112 -0.2090 0.3551
vn 0.9254 -0.0602 0.3742
vn 0.8706 -0.4920 -0.0000
vn 0.8162 -0.4655 0.3421
vn 0.7116 -0.0676 -0.6994
vn 0.7091 -0.1848 -0.6804
vn 0.9112 -0.2090 -0.3551
vn 0.9254 -0.0602 -0.3742
vn 0.6440 -0.3739 -0.6674
vn 0.8162 -0.4655 -0.3421
vn -0.0071 0.0020 -1.0000
vn -0.0116 0.0047 -0.9999
vn 0.3856 -0.1140 -0.9156
vn 0.3841 -0.0503 -0.9219
vn -0.0136 0.0087 -0.9999
vn 0.3540 -0.2085 -0.9117
vn -0.7075 0.1446 -0.6918
vn -0.6954 0.2478 -0.6746
vn -0.3946 0.1368 -0.9086
vn -0.3920 0.0745 -0.9169
vn -0.6409 0.3809 -0.6664
vn -0.3670 0.2190 -0.9041
vn -0.8790 0.3183 -0.3551
vn -0.9089 0.1934 -0.3694
vn -0.8060 0.4781 -0.3488
vn -0.2478 0.9688 0.0000
vn -0.2287 0.9020 0.3662
vn -0.0821 0.9222 0.3778
vn -0.0898 0.9960 0.0000
vn -0.1738 0.7047 0.6879
vn -0.0608 0.7111 0.7005
vn -0.0925 0.3927 0.9150
vn -0.0311 0.3903 0.9202
vn -0.0033 0.0092 1.0000
vn -0.0012 0.0088 1.0000
vn 0.0689 -0.3820 0.9216
vn 0.0207 -0.3769 0.9260
vn 0.1045 -0.7085 0.6979
vn 0.0300 -0.7040 0.7096
vn 0.1087 -0.9216 0.3727
vn 0.0301 -0.9229 0.3839
vn 0.1043 -0.9945 -0.0000
vn 0.0285 -0.9996 0.0000
vn 0.1087 -0.9216 -0.3727
vn 0.0301 -0.9229 -0.3839
vn 0.1045 -0.7085 -0.6979
vn 0.0300 -0.7040 -0.7096
vn 0.0689 -0.3820 -0.9216
vn 0.0207 -0.3769 -0.9260
vn -0.0033 0.0092 -1.0000
vn -0.0012 0.0088 -1.0000
vn -0.0925 0.3927 -0.9150
vn -0.0311 0.3903 -0.9202
vn -0.1738 0.7047 -0.6879
vn -0.0608 0.7111 -0.7005
vn -0.2287 0.9020 -0.3662
vn -0.0821 0.9222 -0.3778
vn -0.5604 0.8282 0.0000
vn -0.5244 0.7761 0.3503
vn -0.3609 0.8633 0.3529
vn -0.3869 0.9221 0.0000
vn -0.4154 0.6171 0.6683
vn -0.2831 0.6841 0.6722
vn -0.2363 0.3538 0.9050
vn -0.1581 0.3889 0.9076
vn -0.0079 0.0134 0.9999
vn -0.0048 0.0107 0.9999
vn 0.2251 -0.3441 0.9116
vn 0.1391 -0.3819 0.9137
vn 0.4012 -0.6291 0.6657
vn 0.2327 -0.7002 0.6750
vn 0.4980 -0.7981 0.3392
vn 0.2709 -0.8969 0.3496
vn 0.5255 -0.8508 -0.0000
vn 0.2767 -0.9609 -0.0000
vn 0.4980 -0.7981 -0.3392
vn 0.2709 -0.8969 -0.3496
vn 0.4012 -0.6291 -0.6657
vn 0.2327 -0.7002 -0.6750
vn 0.2251 -0.3441 -0.9116
vn 0.1391 -0.3819 -0.9137
vn -0.0079 0.0134 -0.9999
vn -0.0048 0.0107 -0.9999
vn -0.2363 0.3538 -0.9050
vn -0.1581 0.3889 -0.9076
vn -0.4154 0.6171 -0.6683
vn -0.2831 0.6841 -0.6722
vn -0.5244 0.7761 -0.3503
vn -0.3609 0.8633 -0.3529
vn -0.9229 0.0689 0.3787
vn -0.9971 0.0757 0.0000
vn -0.7106 0.0503 0.7018
vn -0.3889 0.0251 0.9209
vn -0.0069 0.0007 1.0000
vn 0.3785 -0.0153 0.9255
vn 0.7051 -0.0198 0.7088
vn 0.9234 -0.0172 0.3834
vn 0.9999 -0.0147 -0.0000
vn 0.9234 -0.0172 -0.3834
vn 0.7051 -0.0198 -0.7088
vn 0.3785 -0.0153 -0.9255
vn -0.0069 0.0007 -1.0000
vn -0.3889 0.0251 -0.9209
vn -0.7106 0.0503 -0.7018
vn -0.9229 0.0689 -0.3787
vn -0.5414 0.5078 0.6701
vn -0.6844 0.6387 0.3516
vn -0.7317 0.6817 0.0000
vn -0.0082 0.0087 0.9999
vn -0.3071 0.2908 0.9062
vn 0.5362 -0.5219 0.6633
vn 0.2987 -0.2875 0.9100
vn 0.7140 -0.7001 -0.0000
vn 0.6725 -0.6583 0.3381
vn 0.5362 -0.5219 -0.6633
vn 0.6725 -0.6583 -0.3381
vn -0.0082 0.0087 -0.9999
vn 0.2987 -0.2875 -0.9100
vn -0.5414 0.5078 -0.6701
vn -0.3071 0.2908 -0.9062
vn -0.6844 0.6387 -0.3516
vn 0.0171 0.9980 0.0601
vn 0.0701 0.9975 -0.0000
vn -0.0000 0.9991 0.0430
vn 0.0000 0.9657 0.2596
vn 0.0000 0.9736 0.2283
vn 0.0178 0.2605 0.9653
vn 0.0031 0.2336 0.9723
vn -0.0163 0.9999 0.0000
vn 0.0000 0.9998 -0.0174
vn -0.0203 0.9998 0.0000
vn 0.0000 1.0000 0.0035
vn -0.0122 0.9993 -0.0347
vn -0.0000 0.9999 -0.0163
vn 0.0546 0.9985 -0.0000
vn 0.0404 0.9992 -0.0004
vn -0.0127 0.9998 0.0153
vn 0.0000 0.9999 0.0139
vn -0.0230 0.9984 -0.0512
vn 0.0225 0.9997 -0.0124
vn 0.0125 0.9996 -0.0242
vn 0.0598 0.9980 0.0197
vn 0.0343 0.9994 -0.0092
vn 0.0507 0.9984 0.0232
vn -0.1450 0.8009 0.5809
vn -0.1727 0.9529 0.2492
vn 0.0320 0.6145 -0.7882
vn 0.2465 0.9688 -0.0268
vn -0.0203 0.9765 0.2146
vn -0.2090 0.9302 0.3017
vn -0.0001 0.9999 0.0138
vn -0.0012 0.9993 0.0364
vn 0.0226 0.9997 -0.0000
vn -0.0067 1.0000 0.0005
vn -0.0000 0.9997 -0.0253
vn 0.0189 0.9996 -0.0194
vn -0.0180 0.9998 -0.0000
vn -0.0035 1.0000 0.0000
vn -0.0000 1.0000 -0.0030
vn -0.0000 1.0000 0.0000
vn 0.0000 1.0000 0.0000
vn -0.1415 0.9899 0.0000
vn -0.8709 0.4903 0.0319
vn -0.9185 0.3949 0.0223
vn -0.1884 0.9821 0.0000
vn 0.0591 0.9982 -0.0000
vn 0.0646 0.9966 0.0505
vn 0.0964 0.9953 0.0000
vn 0.0601 0.9963 0.0622
vn 0.0217 0.9997 -0.0091
vn -0.0647 0.9955 0.0690
vn -0.0419 0.9991 -0.0026
vn -0.0601 0.9971 0.0468
vn -0.0807 0.9954 0.0509
vn -0.0548 0.9985 -0.0000
vn 0.9522 0.3053 -0.0039
vn 0.2292 0.9734 -0.0000
vn 0.2050 0.9788 -0.0000
vn 0.9306 0.3659 -0.0081
vn -0.0020 1.0000 -0.0000
vn -0.0000 1.0000 0.0017
vn -0.0138 0.9999 0.0096
vn 0.0020 1.0000 -0.0000
vn -0.0442 0.9990 0.0118
vn -0.0031 0.9993 -0.0379
vn 0.0000 0.9995 0.0330
vn 0.0271 0.9991 -0.0340
vn -0.0531 0.9985 0.0148
vn -0.2126 0.9618 0.1724
vn -0.9444 0.3288 0.0042
vn -0.5998 0.5129 0.6142
vn 0.0187 0.4191 0.9078
vn 0.0010 0.9800 0.1988
vn -0.0059 0.3570 0.9341
vn 0.0000 0.9859 0.1673
vn 0.0092 0.4580 0.8889
vn -0.0011 0.9764 0.2159
vn 0.0073 0.3104 0.9506
vn 0.0639 0.9796 0.1904
vn -0.0186 0.4052 0.9140
vn 0.0006 0.9850 0.1723
vn -0.0028 0.5267 0.8501
vn -0.0644 0.9813 0.1813
vn 0.0365 0.4186 0.9075
vn 0.8737 0.4864 -0.0089
vn 0.1604 0.9784 0.1307
vn -0.0215 0.5406 0.8410
vn 0.5627 0.6029 0.5657
vn -0.0345 0.4482 0.8933
vn -0.0000 0.9868 0.1617
vn 0.0008 0.9814 0.1920
vn -0.0074 0.3715 0.9284
vn 0.0085 0.4342 0.9008
vn 0.0001 0.9854 0.1702
vn -0.0000 0.9864 0.1644
vn -0.0078 0.4375 0.8992
vn -0.0287 0.4165 0.9087
vn -0.0001 0.9825 0.1861
vn 0.0001 0.9737 0.2279
vn -0.0265 0.3264 0.9449
vn -0.2304 0.9731 -0.0000
vn -0.9477 0.3188 -0.0111
vn 0.0000 0.9991 0.0432
vn 0.0164 0.9999 -0.0000
vn 0.9342 0.3558 -0.0253
vn 0.2114 0.9774 -0.0000
vn -0.0073 1.0000 0.0000
vn 0.0073 1.0000 -0.0000
vn -0.2687 0.9632 0.0000
vn -0.9772 0.2121 0.0075
vn 0.0000 0.9994 -0.0341
vn 0.0156 0.9994 -0.0296
vn 0.0047 1.0000 -0.0000
vn 0.9722 0.2336 -0.0134
vn 0.2531 0.9674 -0.0008
vn 0.0000 1.0000 0.0062
vn -0.0000 0.9996 -0.0268
vn -0.2351 0.9720 0.0000
vn -0.9495 0.3126 0.0270
vn 0.0398 0.9987 -0.0312
vn 0.0345 0.9986 -0.0398
vn -0.0398 0.9963 -0.0766
vn -0.0345 0.9971 -0.0677
vn 0.0122 0.9999 -0.0000
vn 0.9159 0.4009 0.0182
vn 0.1905 0.9817 -0.0002
vn -0.0312 0.9988 -0.0371
vn 0.0000 0.9987 -0.0516
vn 0.0311 0.9963 -0.0795
vn -0.1999 0.9798 -0.0000
vn -0.9221 0.3865 0.0174
vn 0.0365 0.9993 -0.0000
vn 0.0464 0.9989 0.0000
vn 0.0532 0.9980 0.0340
vn 0.0490 0.9987 -0.0135
vn -0.0879 0.9951 -0.0453
vn -0.0555 0.9985 0.0000
vn 0.9096 0.4155 -0.0064
vn 0.1834 0.9830 0.0002
vn -0.0434 0.9986 -0.0310
vn -0.0602 0.9982 -0.0000
vn -0.0504 0.9980 -0.0371
vn 0.0194 0.9998 -0.0000
vn -0.1927 0.9812 0.0000
vn -0.9198 0.3924 -0.0046
vn -0.0000 0.9995 0.0312
vn 0.0503 0.9979 0.0397
vn 0.0540 0.9956 0.0765
vn -0.0501 0.9954 0.0816
vn -0.0414 0.9991 0.0000
vn 0.9352 0.3540 -0.0032
vn 0.2060 0.9785 0.0003
vn -0.0364 0.9993 -0.0001
vn 0.0002 0.9999 -0.0124
vn -0.0378 0.9986 0.0370
vn 0.0000 0.9998 0.0186
vn 0.0737 0.9941 0.0791
vn -0.2092 0.9779 0.0000
vn -0.9368 0.3498 -0.0063
vn 0.0000 1.0000 0.0051
vn 0.0000 1.0000 0.0080
vn 0.0230 0.9997 -0.0000
vn 0.9268 0.3754 0.0075
vn 0.1995 0.9799 -0.0004
vn -0.0145 0.9999 -0.0000
vn -0.0001 0.9998 0.0210
vn -0.0238 0.9997 -0.0000
vn 0.0000 0.9995 0.0327
vn 0.0158 0.9993 -0.0340
vn -0.2098 0.9777 -0.0000
vn -0.9363 0.3513 0.0060
vn 0.0442 0.9979 -0.0464
vn 0.0447 0.9978 -0.0491
vn -0.0443 0.9977 -0.0511
vn -0.0177 0.9998 0.0000
vn 0.9194 0.3933 0.0096
vn 0.1902 0.9817 -0.0002
vn -0.0119 0.9999 -0.0095
vn 0.0000 0.9999 0.0125
vn -0.0247 0.9997 0.0000
vn -0.0397 0.9992 -0.0001
vn -0.0232 0.9993 -0.0295
vn -0.1930 0.9812 -0.0000
vn -0.9207 0.3902 0.0031
vn 0.0541 0.9973 -0.0505
vn 0.0571 0.9949 -0.0826
vn 0.0054 0.9995 -0.0314
vn -0.0572 0.9983 -0.0087
vn -0.0596 0.9982 0.0000
vn 0.9203 0.3910 0.0115
vn 0.1940 0.9810 0.0008
vn -0.0112 0.9999 0.0000
vn 0.0000 1.0000 -0.0017
vn 0.0112 0.9999 -0.0016
vn -0.0386 0.9993 0.0000
vn -0.0344 0.9993 0.0169
vn -0.0123 0.9993 0.0340
vn 0.1548 0.9312 -0.3301
vn 0.8921 0.2666 -0.3648
vn 0.2367 0.8589 -0.4541
vn 0.0247 0.2179 -0.9757
vn 0.1387 0.7831 -0.6062
vn -0.1993 0.1271 -0.9717
vn 0.3744 0.6328 -0.6778
vn -0.0036 -0.1184 -0.9930
vn 0.3130 0.8131 -0.4908
vn 0.1243 -0.3450 -0.9303
vn 0.1718 0.8966 -0.4082
vn 0.2976 -0.1024 -0.9492
vn 0.0863 0.9910 -0.1026
vn 0.4307 0.4175 -0.8001
vn -0.0253 0.9596 0.2801
vn 0.0505 0.8481 -0.5274
vn -0.9768 0.2132 -0.0182
vn -0.3448 0.9311 -0.1190
vn 0.0198 0.4204 -0.9071
vn -0.6481 0.4387 -0.6224
vn 0.0530 0.4914 -0.8693
vn -0.0956 0.9938 -0.0568
vn -0.1099 0.9938 -0.0145
vn 0.0853 0.4656 -0.8809
vn 0.0385 0.5131 -0.8574
vn -0.1126 0.9892 0.0940
vn 0.0336 0.9620 0.2709
vn -0.1392 0.7000 -0.7004
vn -0.3094 0.9261 -0.2159
vn 0.1888 0.8776 0.4405
vn 0.0588 0.8126 0.5799
vn -0.0878 0.9900 0.1105
vn 0.4221 0.8377 -0.3465
vn 0.9539 0.2979 -0.0359
vn 0.3262 0.8000 -0.5036
vn 0.1742 0.9294 -0.3253
vn 0.0141 0.9992 -0.0381
vn -0.0104 0.9992 0.0383
vn -0.1969 0.9599 0.1996
vn -0.3415 0.8753 0.3423
vn -0.9455 0.3253 -0.0129
vn -0.2548 0.9603 0.1136
vn -0.0516 0.9843 0.1690
vn -0.0099 0.9760 0.2177
vn 0.0313 0.9561 0.2912
vn 0.0717 0.9402 0.3331
vn 0.0783 0.9631 0.2575
vn 0.0532 0.9847 0.1662
vn 0.5176 0.7613 -0.3906
vn 0.9724 -0.1506 -0.1781
vn 0.1655 0.9669 -0.1940
vn 0.0028 1.0000 -0.0094
vn -0.0658 0.9929 0.0989
vn -0.2568 0.9285 0.2683
vn -0.3198 0.8876 0.3314
vn -0.1380 0.9726 0.1873
vn -0.9054 0.4246 0.0058
vn -0.1741 0.9835 0.0490
vn -0.0040 0.9969 0.0786
vn 0.0033 0.9955 0.0949
vn 0.0043 0.9961 0.0887
vn 0.0004 0.9958 0.0919
vn 0.0000 0.9995 0.0308
vn 0.0000 1.0000 0.0055
vn 0.3692 0.9085 -0.1957
vn 0.9774 -0.0131 -0.2111
vn -0.0066 0.9928 0.1195
vn -0.1152 0.9827 0.1449
vn -0.3018 0.9014 0.3105
vn -0.2990 0.9126 0.2790
vn -0.1070 0.9798 0.1690
vn 0.0086 0.9998 0.0170
vn -0.9241 0.3820 0.0054
vn -0.1933 0.9811 0.0001
vn -0.0000 1.0000 0.0030
vn -0.0000 1.0000 0.0035
vn 0.0275 0.9996 0.0003
vn -0.0274 0.9983 0.0518
vn 0.0331 0.9995 -0.0000
vn 0.0978 0.9952 -0.0062
vn 0.8989 0.3728 -0.2302
vn -0.1521 0.9665 0.2067
vn -0.2078 0.9192 0.3344
vn -0.2238 0.9455 0.2367
vn -0.0977 0.9927 0.0708
vn -0.0209 0.9995 -0.0248
vn 0.0616 0.9978 -0.0230
vn -0.9172 0.3983 0.0027
vn -0.1900 0.9818 -0.0002
vn -0.0000 1.0000 0.0089
vn 0.0604 0.9979 -0.0234
vn -0.0000 0.9999 0.0133
vn -0.0605 0.9981 0.0153
vn 0.0294 0.9825 0.1838
vn 0.8937 0.4445 -0.0618
vn -0.3390 0.9130 0.2270
vn -0.1666 0.9664 0.1956
vn -0.0016 0.9987 0.0506
vn -0.0002 0.9979 0.0644
vn 0.0000 0.9993 0.0365
vn 0.0000 0.9999 -0.0162
vn -0.9334 0.3586 -0.0094
vn -0.2044 0.9789 -0.0011
vn 0.0104 0.9998 0.0158
vn 0.0053 0.9993 0.0381
vn 0.0180 0.9996 -0.0196
vn -0.0122 0.9999 0.0000
vn -0.0142 0.9526 0.3039
vn 0.8525 0.5160 0.0833
vn -0.1351 0.9795 0.1491
vn -0.0244 0.9997 0.0012
vn -0.0756 0.9971 0.0039
vn -0.0802 0.9965 0.0223
vn 0.0734 0.9966 0.0371
vn 0.1035 0.9946 -0.0000
vn -0.9217 0.3871 -0.0239
vn -0.1924 0.9813 -0.0007
vn 0.0184 0.9998 -0.0000
vn 0.0000 0.9999 0.0161
vn 0.0261 0.9996 -0.0089
vn 0.0376 0.9986 0.0373
vn -0.0445 0.9989 -0.0134
vn -0.0378 0.9992 -0.0154
vn 0.1152 0.9862 0.1185
vn 0.8772 0.4694 0.1009
vn 0.0017 1.0000 0.0000
vn -0.0265 0.9994 -0.0209
vn -0.0406 0.9971 -0.0647
vn 0.0264 0.9988 -0.0411
vn 0.0447 0.9990 -0.0000
vn -0.9189 0.3933 -0.0297
vn -0.1798 0.9837 -0.0000
vn 0.0188 0.9998 -0.0000
vn 0.0000 0.9999 -0.0157
vn 0.0248 0.9995 0.0206
vn -0.0000 0.9993 -0.0380
vn -0.0436 0.9985 -0.0323
vn 0.2068 0.9784 -0.0000
vn 0.9418 0.3338 0.0405
vn 0.0000 1.0000 -0.0050
vn -0.0000 1.0000 -0.0035
vn -0.0566 0.9983 0.0152
vn 0.0567 0.9983 0.0146
vn -0.8637 0.5036 -0.0206
vn -0.1331 0.9911 -0.0000
vn 0.0241 0.9996 -0.0161
vn -0.0000 0.9984 0.0558
vn -0.0240 0.9996 0.0143
vn -0.0694 -0.9976 -0.0002
vn 0.0002 -1.0000 0.0002
vn -0.0169 -0.9981 -0.0594
vn -0.0002 -0.9991 -0.0432
vn -0.1043 -0.9539 0.2816
vn -0.0003 -0.9737 -0.2280
vn -0.0001 -0.9660 -0.2584
vn 0.0205 -0.9672 0.2531
vn -0.0000 -0.9998 0.0204
vn 0.0163 -0.9999 0.0034
vn -0.0001 -1.0000 -0.0036
vn 0.0202 -0.9998 -0.0001
vn 0.0001 -0.9999 0.0160
vn 0.0122 -0.9993 0.0341
vn -0.0412 -0.9992 0.0002
vn -0.0542 -0.9985 -0.0006
vn -0.0003 -0.9999 -0.0139
vn 0.0131 -0.9998 -0.0152
vn -0.0225 -0.9997 0.0123
vn 0.0232 -0.9984 0.0512
vn -0.0598 -0.9980 -0.0198
vn -0.0126 -0.9996 0.0243
vn -0.0504 -0.9985 -0.0232
vn -0.0342 -0.9994 0.0091
vn -0.0461 -0.7575 -0.6512
vn 0.1664 -0.9545 -0.2473
vn 0.1496 -0.8001 -0.5809
vn -0.0154 0.0424 -0.9990
vn 0.2092 -0.9296 -0.3033
vn 0.0214 -0.9762 -0.2160
vn 0.0040 -0.9992 -0.0407
vn 0.0005 -0.9998 -0.0174
vn 0.0068 -1.0000 -0.0004
vn -0.0228 -0.9997 -0.0000
vn -0.0189 -0.9996 0.0193
vn -0.0001 -0.9997 0.0251
vn 0.0036 -1.0000 -0.0000
vn 0.0180 -0.9998 -0.0000
vn 0.0004 -1.0000 -0.0000
vn -0.0001 -1.0000 0.0030
vn 0.0002 -1.0000 -0.0000
vn -0.3897 -0.9202 -0.0368
vn -0.4944 -0.8686 -0.0334
vn 0.1411 -0.9900 0.0001
vn 0.1879 -0.9822 -0.0001
vn -0.0010 -1.0000 0.0001
vn -0.0612 -0.9981 -0.0001
vn -0.0642 -0.9967 -0.0502
vn -0.0966 -0.9953 -0.0002
vn -0.0602 -0.9963 -0.0621
vn -0.0216 -0.9997 0.0094
vn 0.0648 -0.9955 -0.0693
vn 0.0418 -0.9991 0.0027
vn 0.0599 -0.9971 -0.0468
vn 0.0808 -0.9954 -0.0511
vn -0.0002 -1.0000 0.0002
vn 0.0547 -0.9985 -0.0001
vn -0.2044 -0.9789 -0.0000
vn -0.2285 -0.9736 -0.0001
vn 0.3095 -0.9509 -0.0015
vn 0.3721 -0.9275 0.0348
vn 0.0047 -1.0000 0.0000
vn 0.0030 -1.0000 -0.0000
vn 0.0138 -0.9999 -0.0096
vn -0.0001 -1.0000 -0.0017
vn -0.0022 -1.0000 -0.0001
vn 0.0438 -0.9990 -0.0118
vn 0.0028 -0.9993 0.0376
vn -0.0004 -1.0000 -0.0004
vn -0.0004 -0.9995 -0.0331
vn -0.0268 -0.9991 0.0337
vn 0.0515 -0.9986 -0.0150
vn 0.0001 -1.0000 0.0000
vn -0.5212 -0.6517 0.5511
vn -0.3254 -0.9451 0.0306
vn 0.2117 -0.9623 -0.1710
vn -0.0303 -0.9162 0.3995
vn -0.0030 -0.9803 -0.1976
vn 0.0048 -0.9275 0.3737
vn 0.0000 -0.9859 -0.1675
vn -0.0250 -0.8996 0.4360
vn 0.0011 -0.9764 -0.2160
vn -0.0319 -0.9416 0.3352
vn -0.0628 -0.9800 -0.1888
vn 0.0519 -0.9134 0.4037
vn -0.0007 -0.9850 -0.1724
vn 0.0225 -0.8508 0.5250
vn 0.0633 -0.9812 -0.1826
vn -0.0849 -0.9163 0.3914
vn 0.0187 -0.8451 0.5342
vn -0.1588 -0.9788 -0.1294
vn 0.4753 -0.8787 0.0456
vn 0.5802 -0.5538 0.5972
vn 0.0545 -0.8922 0.4484
vn 0.0017 -0.9870 -0.1609
vn -0.0005 -0.9236 0.3834
vn -0.0008 -0.9815 -0.1917
vn -0.0269 -0.9046 0.4254
vn -0.0001 -0.9854 -0.1704
vn 0.0194 -0.9020 0.4314
vn -0.0000 -0.9864 -0.1645
vn 0.0695 -0.9098 0.4092
vn -0.0000 -0.9826 -0.1857
vn 0.0954 -0.9405 0.3261
vn -0.0001 -0.9740 -0.2266
vn -0.3059 -0.9505 0.0550
vn 0.2299 -0.9732 0.0009
vn -0.0032 -1.0000 0.0019
vn 0.0000 -1.0000 0.0016
vn 0.0000 -1.0000 0.0021
vn 0.0001 -1.0000 0.0024
vn -0.0001 -0.9991 -0.0429
vn -0.0163 -0.9999 0.0015
vn -0.2100 -0.9777 0.0009
vn 0.3641 -0.9283 0.0750
vn 0.0030 -1.0000 0.0015
vn 0.0000 -1.0000 0.0018
vn 0.0073 -1.0000 0.0015
vn -0.0000 -1.0000 0.0017
vn -0.0072 -1.0000 0.0020
vn -0.0000 -1.0000 0.0029
vn -0.2322 -0.9726 0.0140
vn 0.2678 -0.9635 0.0000
vn -0.0041 -1.0000 -0.0000
vn 0.0001 -1.0000 -0.0001
vn -0.0000 -0.9994 0.0339
vn -0.0155 -0.9994 0.0295
vn -0.0000 -1.0000 -0.0003
vn -0.0047 -1.0000 0.0000
vn -0.2523 -0.9677 0.0006
vn 0.2640 -0.9640 -0.0325
vn 0.0035 -1.0000 0.0000
vn -0.0000 -1.0000 0.0000
vn -0.0000 -1.0000 -0.0063
vn 0.0000 -0.9996 0.0267
vn 0.0000 -1.0000 -0.0002
vn -0.3135 -0.9478 -0.0591
vn 0.2339 -0.9723 0.0000
vn -0.0035 -1.0000 -0.0000
vn -0.0397 -0.9987 0.0310
vn -0.0345 -0.9986 0.0397
vn 0.0398 -0.9963 0.0760
vn 0.0345 -0.9972 0.0670
vn -0.0124 -0.9999 -0.0001
vn -0.1910 -0.9816 0.0003
vn 0.3774 -0.9234 -0.0698
vn 0.0022 -1.0000 0.0000
vn -0.0001 -1.0000 -0.0001
vn 0.0310 -0.9988 0.0370
vn -0.0002 -0.9987 0.0515
vn -0.0310 -0.9964 0.0785
vn -0.3802 -0.9242 -0.0370
vn 0.1995 -0.9799 0.0001
vn -0.0390 -0.9992 -0.0000
vn -0.0464 -0.9989 -0.0002
vn -0.0528 -0.9980 -0.0341
vn -0.0485 -0.9987 0.0135
vn 0.0896 -0.9949 0.0463
vn 0.0550 -0.9985 0.0002
vn -0.1833 -0.9831 -0.0002
vn 0.4097 -0.9121 0.0142
vn -0.0002 -1.0000 -0.0000
vn 0.0431 -0.9986 0.0307
vn 0.0602 -0.9982 -0.0000
vn 0.0498 -0.9981 0.0371
vn -0.0197 -0.9998 0.0004
vn -0.3864 -0.9223 0.0064
vn 0.1928 -0.9812 0.0000
vn -0.0022 -1.0000 0.0000
vn 0.0001 -0.9995 -0.0311
vn -0.0501 -0.9980 -0.0395
vn -0.0543 -0.9956 -0.0768
vn 0.0503 -0.9954 -0.0813
vn 0.0405 -0.9992 -0.0001
vn -0.2057 -0.9786 -0.0003
vn 0.3570 -0.9340 0.0123
vn 0.0025 -1.0000 0.0000
vn 0.0362 -0.9993 0.0001
vn -0.0006 -0.9999 0.0124
vn 0.0376 -0.9986 -0.0366
vn 0.0008 -0.9998 -0.0186
vn -0.0717 -0.9944 -0.0774
vn -0.3498 -0.9367 0.0147
vn 0.2091 -0.9779 0.0000
vn -0.0025 -1.0000 -0.0000
vn 0.0000 -1.0000 0.0000
vn 0.0000 -1.0000 0.0001
vn -0.0000 -1.0000 -0.0055
vn -0.0000 -1.0000 -0.0077
vn -0.0230 -0.9997 0.0002
vn -0.1995 -0.9799 0.0004
vn 0.3729 -0.9278 -0.0098
vn 0.0024 -1.0000 -0.0000
vn 0.0144 -0.9999 0.0000
vn -0.0001 -0.9998 -0.0209
vn 0.0232 -0.9997 0.0000
vn -0.0008 -0.9995 -0.0326
vn -0.0156 -0.9993 0.0342
vn -0.3531 -0.9355 -0.0128
vn 0.2094 -0.9778 -0.0000
vn -0.0026 -1.0000 -0.0000
vn 0.0001 -1.0000 -0.0002
vn -0.0442 -0.9979 0.0464
vn -0.0448 -0.9978 0.0493
vn 0.0448 -0.9977 0.0516
vn 0.0176 -0.9998 -0.0000
vn -0.1903 -0.9817 0.0002
vn 0.3848 -0.9230 0.0047
vn 0.0022 -1.0000 -0.0000
vn 0.0118 -0.9999 0.0095
vn -0.0002 -0.9999 -0.0125
vn 0.0246 -0.9997 -0.0000
vn 0.0398 -0.9992 0.0002
vn 0.0231 -0.9993 0.0297
vn -0.3900 -0.9206 -0.0216
vn 0.1927 -0.9812 0.0000
vn -0.0021 -1.0000 -0.0001
vn -0.0540 -0.9973 0.0500
vn -0.0571 -0.9949 0.0826
vn -0.0053 -0.9995 0.0313
vn 0.0574 -0.9983 0.0086
vn 0.0595 -0.9982 0.0001
vn -0.1939 -0.9810 -0.0008
vn 0.3853 -0.9224 0.0263
vn 0.0135 -0.9999 0.0000
vn -0.0112 -0.9999 0.0016
vn 0.0384 -0.9993 -0.0000
vn 0.0346 -0.9993 -0.0169
vn 0.0123 -0.9993 -0.0342
vn 0.4647 -0.4842 -0.7413
vn 0.4670 -0.8667 -0.1753
vn -0.1593 -0.9288 0.3347
vn 0.1137 -0.9131 -0.3917
vn -0.1313 -0.7826 0.6085
vn -0.1204 -0.9879 -0.0978
vn -0.3777 -0.6190 0.6886
vn -0.1771 -0.9694 0.1698
vn -0.3035 -0.8196 0.4860
vn -0.3795 -0.8937 0.2393
vn -0.1602 -0.9083 0.3864
vn -0.4736 -0.8800 -0.0350
vn -0.0834 -0.9915 0.0995
vn -0.1543 -0.8412 -0.5182
vn 0.0376 -0.9596 -0.2787
vn 0.2455 -0.4394 -0.8641
vn 0.2828 -0.8557 -0.4334
vn 0.3429 -0.9320 0.1176
vn -0.2111 -0.9749 0.0703
vn -0.4424 -0.6910 -0.5716
vn 0.2656 -0.8618 -0.4322
vn 0.0924 -0.9942 0.0558
vn 0.2293 -0.8607 -0.4546
vn 0.1109 -0.9938 0.0124
vn 0.3220 -0.8204 -0.4725
vn 0.1150 -0.9888 -0.0949
vn 0.2847 -0.7007 -0.6542
vn -0.0316 -0.9631 -0.2674
vn -0.0065 -0.2971 -0.9548
vn -0.1899 -0.8754 -0.4446
vn -0.1707 0.2053 -0.9637
vn -0.0587 -0.8111 -0.5820
vn 0.1995 -0.9763 0.0838
vn -0.4219 -0.8400 0.3413
vn -0.3266 -0.7975 0.5072
vn -0.1717 -0.9307 0.3231
vn -0.0013 -0.9999 0.0121
vn 0.0131 -0.9984 -0.0545
vn 0.1920 -0.9595 -0.2059
vn 0.3428 -0.8732 -0.3465
vn 0.2549 -0.9598 -0.1176
vn -0.3064 -0.9514 0.0322
vn 0.0497 -0.9838 -0.1724
vn 0.0103 -0.9749 -0.2224
vn -0.0316 -0.9537 -0.2992
vn -0.0710 -0.9388 -0.3370
vn -0.0783 -0.9633 -0.2569
vn -0.0529 -0.9840 -0.1703
vn -0.0632 -0.9791 0.1931
vn -0.5195 -0.7588 0.3929
vn -0.1623 -0.9677 0.1929
vn 0.0010 -1.0000 0.0012
vn 0.0634 -0.9933 -0.0964
vn 0.2563 -0.9285 -0.2686
vn 0.3199 -0.8876 -0.3315
vn 0.1383 -0.9723 -0.1885
vn 0.1744 -0.9834 -0.0494
vn -0.4214 -0.9064 -0.0285
vn 0.0021 -0.9969 -0.0788
vn -0.0033 -0.9955 -0.0952
vn -0.0043 -0.9960 -0.0896
vn -0.0001 -0.9956 -0.0940
vn -0.0001 -0.9995 -0.0328
vn -0.0000 -1.0000 -0.0071
vn 0.0654 -0.9404 0.3337
vn -0.3686 -0.9085 0.1967
vn 0.0192 -0.9920 -0.1251
vn 0.1129 -0.9831 -0.1441
vn 0.3025 -0.9009 -0.3112
vn 0.2994 -0.9125 -0.2788
vn 0.1066 -0.9795 -0.1706
vn -0.0061 -0.9998 -0.0192
vn 0.1931 -0.9812 -0.0003
vn -0.3869 -0.9220 -0.0165
vn -0.0023 -1.0000 -0.0033
vn 0.0000 -1.0000 -0.0039
vn -0.0273 -0.9996 -0.0006
vn 0.0003 -1.0000 0.0003
vn 0.0272 -0.9983 -0.0514
vn -0.0331 -0.9995 0.0002
vn 0.3479 -0.9347 0.0725
vn -0.0974 -0.9952 0.0039
vn 0.1650 -0.9633 -0.2119
vn 0.2075 -0.9198 -0.3330
vn 0.2257 -0.9451 -0.2363
vn 0.0992 -0.9924 -0.0726
vn 0.0219 -0.9995 0.0247
vn -0.0606 -0.9979 0.0226
vn 0.1898 -0.9818 0.0002
vn -0.3909 -0.9204 -0.0103
vn -0.0023 -1.0000 0.0000
vn 0.0001 -1.0000 -0.0090
vn -0.0598 -0.9979 0.0233
vn -0.0002 -0.9999 -0.0134
vn 0.0597 -0.9981 -0.0156
vn 0.4144 -0.8848 -0.2130
vn -0.0319 -0.9826 -0.1829
vn 0.3471 -0.9100 -0.2267
vn 0.1663 -0.9665 -0.1954
vn 0.0035 -0.9986 -0.0536
vn 0.0004 -0.9979 -0.0645
vn -0.0001 -0.9993 -0.0363
vn 0.0001 -0.9999 0.0163
vn 0.2041 -0.9790 0.0011
vn -0.3587 -0.9334 -0.0072
vn -0.0025 -1.0000 0.0000
vn -0.0104 -0.9998 -0.0157
vn 0.0002 -1.0000 0.0000
vn -0.0051 -0.9993 -0.0381
vn -0.0180 -0.9996 0.0197
vn 0.0122 -0.9999 -0.0002
vn 0.5478 -0.7985 -0.2498
vn 0.0134 -0.9523 -0.3049
vn 0.1399 -0.9786 -0.1506
vn 0.0267 -0.9996 -0.0033
vn 0.0756 -0.9971 -0.0037
vn 0.0795 -0.9966 -0.0221
vn -0.0748 -0.9964 -0.0388
vn -0.1022 -0.9948 -0.0003
vn 0.1923 -0.9813 0.0007
vn -0.3836 -0.9235 0.0078
vn -0.0205 -0.9998 0.0000
vn 0.0000 -0.9999 -0.0161
vn -0.0262 -0.9996 0.0089
vn -0.0381 -0.9986 -0.0375
vn 0.0444 -0.9989 0.0134
vn 0.0377 -0.9992 0.0153
vn 0.4948 -0.8535 -0.1634
vn -0.1154 -0.9862 -0.1190
vn 0.0018 -1.0000 -0.0020
vn -0.0015 -1.0000 -0.0003
vn 0.0265 -0.9994 0.0208
vn 0.0405 -0.9971 0.0643
vn -0.0265 -0.9988 0.0401
vn -0.0443 -0.9990 -0.0001
vn 0.1798 -0.9837 0.0001
vn -0.4034 -0.9143 0.0367
vn -0.0204 -0.9998 0.0000
vn 0.0004 -0.9999 0.0158
vn -0.0240 -0.9995 -0.0205
vn 0.0001 -0.9993 0.0383
vn 0.0432 -0.9985 0.0321
vn -0.0002 -1.0000 -0.0001
vn 0.3414 -0.9364 -0.0812
vn -0.2068 -0.9784 -0.0011
vn 0.0021 -1.0000 0.0048
vn -0.0001 -1.0000 0.0036
vn 0.0560 -0.9983 -0.0150
vn 0.0006 -0.9993 0.0383
vn -0.0555 -0.9984 -0.0144
vn 0.1334 -0.9911 -0.0000
vn -0.4966 -0.8677 0.0238
vn -0.0011 -1.0000 -0.0000
vn -0.0240 -0.9996 0.0162
vn -0.0003 -0.9984 -0.0558
vn 0.0237 -0.9996 -0.0142
vn -0.0001 -1.0000 0.0001
vn 0.3498 -0.4464 -0.8236
vn 0.9509 -0.3084 -0.0251
vn 0.2165 -0.8380 -0.5008
vn -0.2111 -0.6424 -0.7367
vn 0.0529 -0.7458 -0.6641
vn -0.3087 -0.4611 -0.8319
vn -0.0966 -0.6011 -0.7933
vn -0.2898 -0.3161 -0.9034
vn -0.1566 -0.5496 -0.8206
vn -0.4016 -0.2154 -0.8901
vn -0.2967 -0.2325 -0.9262
vn -0.2861 0.0506 -0.9569
vn -0.0700 -0.3853 -0.9201
vn 0.0443 -0.2438 -0.9688
vn 0.0791 -0.4034 -0.9116
vn -0.0836 0.0077 -0.9965
vn -0.1597 -0.4319 -0.8877
vn -0.3722 -0.0668 -0.9257
vn -0.2811 0.0186 -0.9595
vn -0.2131 0.1165 -0.9701
vn 0.1001 -0.2144 -0.9716
vn 0.2515 0.0301 -0.9674
vn 0.2590 -0.3317 -0.9071
vn 0.2005 -0.0461 -0.9786
vn 0.0199 -0.4583 -0.8886
vn 0.1407 -0.0622 -0.9881
vn 0.1343 -0.4152 -0.8997
vn -0.0013 -0.1731 -0.9849
vn 0.2723 -0.2220 -0.9363
vn 0.1768 0.1474 -0.9731
vn 0.1870 -0.4347 -0.8809
vn 0.4176 -0.0281 -0.9082
vn 0.1847 -0.5480 -0.8158
vn 0.3460 -0.0696 -0.9356
vn 0.1217 -0.6463 -0.7533
vn 0.3635 0.0630 -0.9295
vn -0.0435 -0.7667 -0.6406
vn 0.3653 -0.1714 -0.9150
vn -0.3762 -0.8316 -0.4085
vn 0.0938 -0.2843 -0.9541
vn -0.7818 -0.6228 0.0315
vn -0.8614 -0.3229 -0.3920
vn 0.9461 -0.2004 0.2545
vn 0.5734 -0.7850 -0.2344
vn 0.2329 -0.8647 -0.4451
vn 0.1020 -0.8342 -0.5420
vn 0.0315 -0.7770 -0.6288
vn -0.0193 -0.7145 -0.6994
vn -0.0643 -0.5652 -0.8224
vn -0.1021 -0.6798 -0.7263
vn 0.0074 -0.6758 -0.7371
vn 0.0514 -0.5274 -0.8481
vn -0.0125 -0.3973 -0.9176
vn -0.0419 -0.6031 -0.7966
vn 0.0432 -0.6540 -0.7553
vn 0.1676 -0.5883 -0.7911
vn 0.0852 -0.7050 -0.7040
vn 0.0458 -0.7521 -0.6575
vn -0.0067 -0.8058 -0.5922
vn -0.1147 -0.8592 -0.4986
vn -0.3139 -0.8728 -0.3738
vn -0.6247 -0.7656 -0.1535
vn -0.8632 -0.4928 0.1099
vn 0.9668 -0.1516 0.2057
vn 0.7488 -0.6627 0.0124
vn 0.4282 -0.8716 -0.2386
vn 0.2272 -0.9056 -0.3581
vn 0.1334 -0.8954 -0.4248
vn 0.0847 -0.8820 -0.4636
vn 0.0349 -0.8579 -0.5127
vn 0.0024 -0.8401 -0.5424
vn 0.0124 -0.7859 -0.6182
vn 0.0356 -0.8325 -0.5528
vn 0.0142 -0.8088 -0.5879
vn -0.0097 -0.8192 -0.5734
vn 0.0145 -0.7801 -0.6255
vn 0.0121 -0.8387 -0.5445
vn -0.0236 -0.8680 -0.4960
vn -0.0674 -0.8911 -0.4488
vn -0.1308 -0.9087 -0.3964
vn -0.2512 -0.9101 -0.3296
vn -0.4638 -0.8567 -0.2256
vn -0.7428 -0.6675 -0.0517
vn -0.9214 -0.3661 0.1304
vn 0.9276 -0.2201 0.3020
vn 0.7898 -0.6129 0.0253
vn 0.5507 -0.8249 -0.1271
vn 0.3286 -0.9165 -0.2281
vn 0.1990 -0.9387 -0.2816
vn 0.1354 -0.9394 -0.3149
vn 0.0917 -0.9365 -0.3385
vn 0.0603 -0.9263 -0.3718
vn 0.0398 -0.9186 -0.3932
vn 0.0248 -0.9188 -0.3940
vn 0.0069 -0.9233 -0.3839
vn -0.0097 -0.9212 -0.3890
vn -0.0217 -0.9228 -0.3847
vn -0.0480 -0.9319 -0.3594
vn -0.0855 -0.9392 -0.3326
vn -0.1302 -0.9436 -0.3045
vn -0.1968 -0.9420 -0.2718
vn -0.3250 -0.9178 -0.2282
vn -0.5500 -0.8218 -0.1485
vn -0.8194 -0.5727 0.0238
vn -0.9574 -0.2779 0.0781
vn 0.9713 0.1028 0.2147
vn 0.9421 -0.2860 0.1748
vn 0.5980 -0.7940 -0.1092
vn 0.3642 -0.9166 -0.1650
vn 0.2366 -0.9518 -0.1952
vn 0.1656 -0.9624 -0.2153
vn 0.1189 -0.9658 -0.2304
vn 0.0836 -0.9661 -0.2441
vn 0.0548 -0.9662 -0.2521
vn 0.0294 -0.9660 -0.2567
vn 0.0037 -0.9667 -0.2560
vn -0.0212 -0.9666 -0.2554
vn -0.0457 -0.9676 -0.2481
vn -0.0762 -0.9687 -0.2363
vn -0.1136 -0.9677 -0.2250
vn -0.1603 -0.9640 -0.2122
vn -0.2294 -0.9534 -0.1962
vn -0.3644 -0.9151 -0.1725
vn -0.6362 -0.7608 -0.1283
vn -0.8214 -0.5659 -0.0719
vn -0.9532 -0.3022 0.0022
vn 0.9415 -0.2791 -0.1888
vn 0.8960 -0.4429 -0.0311
vn 0.7511 -0.6571 -0.0636
vn 0.3772 -0.9174 -0.1266
vn 0.2448 -0.9600 -0.1361
vn 0.1764 -0.9743 -0.1402
vn 0.1292 -0.9813 -0.1430
vn 0.0918 -0.9852 -0.1447
vn 0.0599 -0.9877 -0.1444
vn 0.0308 -0.9891 -0.1439
vn 0.0017 -0.9896 -0.1438
vn -0.0269 -0.9892 -0.1441
vn -0.0555 -0.9880 -0.1441
vn -0.0876 -0.9857 -0.1440
vn -0.1244 -0.9817 -0.1445
vn -0.1707 -0.9744 -0.1461
vn -0.2385 -0.9596 -0.1490
vn -0.3587 -0.9206 -0.1541
vn -0.5760 -0.8024 -0.1558
vn -0.8547 -0.4914 -0.1673
vn -0.9785 -0.1556 0.1355
vn 0.9785 -0.2039 -0.0322
vn 0.8026 -0.5415 -0.2501
vn 0.6023 -0.7889 -0.1218
vn 0.3815 -0.9187 -0.1023
vn 0.2405 -0.9670 -0.0839
vn 0.1712 -0.9830 -0.0663
vn 0.1248 -0.9908 -0.0528
vn 0.0879 -0.9953 -0.0418
vn 0.0564 -0.9979 -0.0322
vn 0.0286 -0.9992 -0.0263
vn 0.0002 -0.9997 -0.0258
vn -0.0276 -0.9993 -0.0270
vn -0.0545 -0.9980 -0.0334
vn -0.0846 -0.9955 -0.0439
vn -0.1184 -0.9913 -0.0572
vn -0.1592 -0.9844 -0.0750
vn -0.2175 -0.9710 -0.0991
vn -0.3341 -0.9331 -0.1334
vn -0.5514 -0.8166 -0.1706
vn -0.9565 -0.2867 -0.0545
vn -0.9745 0.2108 -0.0771
vn 0.9897 -0.0073 -0.1431
vn 0.9060 -0.3818 -0.1827
vn 0.5478 -0.8251 -0.1382
vn 0.3240 -0.9438 -0.0656
vn 0.2008 -0.9795 -0.0169
vn 0.1407 -0.9898 0.0242
vn 0.1023 -0.9930 0.0586
vn 0.0707 -0.9939 0.0846
vn 0.0444 -0.9936 0.1041
vn 0.0227 -0.9931 0.1154
vn -0.0015 -0.9933 0.1154
vn -0.0250 -0.9930 0.1151
vn -0.0456 -0.9937 0.1027
vn -0.0702 -0.9941 0.0827
vn -0.0977 -0.9936 0.0566
vn -0.1305 -0.9912 0.0229
vn -0.1786 -0.9838 -0.0170
vn -0.2807 -0.9575 -0.0663
vn -0.6020 -0.7844 -0.1494
vn -0.8101 -0.5420 -0.2235
vn -0.9077 -0.1747 -0.3816
vn 0.8953 -0.2462 -0.3713
vn 0.7547 -0.6282 -0.1892
vn 0.4716 -0.8794 -0.0651
vn 0.2537 -0.9667 0.0328
vn 0.1399 -0.9847 0.1035
vn 0.0841 -0.9828 0.1644
vn 0.0553 -0.9745 0.2175
vn 0.0371 -0.9653 0.2584
vn 0.0226 -0.9581 0.2857
vn 0.0135 -0.9538 0.3001
vn -0.0041 -0.9544 0.2984
vn -0.0201 -0.9533 0.3014
vn -0.0277 -0.9586 0.2834
vn -0.0423 -0.9658 0.2557
vn -0.0589 -0.9741 0.2182
vn -0.0836 -0.9820 0.1691
vn -0.1277 -0.9851 0.1148
vn -0.2123 -0.9757 0.0544
vn -0.4132 -0.9097 -0.0417
vn -0.7246 -0.6138 -0.3135
vn -0.9298 -0.1263 -0.3457
vn 0.8502 -0.4162 -0.3224
vn 0.6486 -0.7498 -0.1312
vn 0.3370 -0.9383 0.0774
vn 0.1377 -0.9664 0.2171
vn 0.0389 -0.9474 0.3178
vn -0.0038 -0.9180 0.3967
vn -0.0157 -0.8888 0.4580
vn -0.0121 -0.8655 0.5007
vn -0.0055 -0.8502 0.5264
vn 0.0028 -0.8440 0.5363
vn -0.0087 -0.8340 0.5517
vn -0.0134 -0.8443 0.5356
vn -0.0020 -0.8529 0.5220
vn -0.0016 -0.8681 0.4964
vn -0.0009 -0.8921 0.4518
vn -0.0126 -0.9173 0.3979
vn -0.0501 -0.9421 0.3316
vn -0.1228 -0.9618 0.2447
vn -0.2470 -0.9592 0.1379
vn -0.5695 -0.8196 -0.0635
vn -0.9016 -0.1585 -0.4024
vn 0.7618 -0.5704 -0.3071
vn 0.4229 -0.8998 0.1078
vn 0.0913 -0.9142 0.3950
vn -0.0636 -0.8301 0.5540
vn -0.1180 -0.7481 0.6530
vn -0.1199 -0.6927 0.7112
vn -0.0945 -0.6546 0.7500
vn -0.0588 -0.6306 0.7738
vn -0.0277 -0.6143 0.7886
vn -0.0237 -0.6182 0.7857
vn -0.0107 -0.5054 0.8628
vn 0.0106 -0.6292 0.7771
vn 0.0159 -0.6203 0.7842
vn 0.0438 -0.6349 0.7713
vn 0.0674 -0.6779 0.7321
vn 0.0767 -0.7047 0.7054
vn 0.0734 -0.7607 0.6449
vn 0.0249 -0.8284 0.5596
vn -0.0996 -0.9027 0.4185
vn -0.2574 -0.9437 0.2079
vn -0.9399 -0.3018 -0.1600
vn 0.8940 -0.4051 0.1915
vn 0.0120 -0.5183 0.8551
vn -0.2820 -0.3906 0.8763
vn -0.2813 -0.3048 0.9099
vn -0.2372 -0.2980 0.9246
vn -0.1815 -0.2905 0.9395
vn -0.1298 -0.2887 0.9486
vn -0.0807 -0.2800 0.9566
vn -0.0310 -0.2801 0.9595
vn -0.1130 -0.2780 0.9539
vn -0.0021 -0.1674 0.9859
vn 0.0978 -0.3038 0.9477
vn 0.0068 -0.2747 0.9615
vn 0.0766 -0.2966 0.9519
vn 0.1080 -0.3164 0.9425
vn 0.1341 -0.3357 0.9324
vn 0.1833 -0.3895 0.9026
vn 0.2129 -0.4804 0.8508
vn 0.2055 -0.6327 0.7466
vn 0.1580 -0.7995 0.5795
vn -0.4196 -0.6339 0.6497
vn 0.7085 0.6091 -0.3563
vn -0.1227 0.4612 -0.8788
vn 0.4126 0.9071 -0.0834
vn 0.6763 0.6997 0.2302
vn -0.4131 0.3254 -0.8505
vn 0.1378 0.9100 -0.3910
vn -0.3847 0.1726 -0.9067
vn -0.1563 0.7935 -0.5881
vn -0.4719 0.2414 -0.8480
vn -0.1963 0.7036 -0.6829
vn -0.2811 -0.0633 -0.9576
vn -0.2106 0.4273 -0.8793
vn -0.0378 0.2050 -0.9780
vn -0.3357 0.5490 -0.7654
vn -0.0909 0.4886 -0.8678
vn -0.1279 0.6217 -0.7727
vn -0.3077 0.2540 -0.9170
vn 0.0431 0.6748 -0.7367
vn -0.2883 -0.1056 -0.9517
vn -0.2474 0.2311 -0.9409
vn 0.2169 0.4362 -0.8733
vn 0.0260 0.2788 -0.9600
vn 0.2919 0.2566 -0.9214
vn 0.2538 0.5283 -0.8102
vn 0.1402 0.2825 -0.9490
vn 0.0206 0.6524 -0.7576
vn -0.0077 0.3739 -0.9274
vn 0.1149 0.6253 -0.7719
vn 0.1623 0.0905 -0.9826
vn 0.2369 0.4558 -0.8580
vn 0.3907 0.3045 -0.8687
vn 0.1509 0.6471 -0.7473
vn 0.2306 0.4178 -0.8788
vn 0.1523 0.7409 -0.6542
vn 0.3027 0.5383 -0.7866
vn 0.1481 0.7537 -0.6403
vn 0.3999 0.5797 -0.7100
vn 0.0044 0.8992 -0.4375
vn 0.2437 0.7173 -0.6527
vn -0.2801 0.9331 -0.2256
vn -0.2318 0.4820 -0.8450
vn -0.9303 0.3664 0.0204
vn 0.6044 0.7946 0.0578
vn 0.8269 0.5039 0.2495
vn 0.3709 0.9273 -0.0513
vn 0.1697 0.9640 -0.2049
vn 0.0135 0.9329 -0.3600
vn -0.0658 0.9043 -0.4218
vn -0.1429 0.8507 -0.5058
vn -0.1836 0.7154 -0.6742
vn 0.0360 0.8169 -0.5756
vn 0.0989 0.7688 -0.6317
vn -0.0006 0.5975 -0.8019
vn -0.0744 0.7753 -0.6272
vn 0.0165 0.8276 -0.5611
vn 0.1411 0.7842 -0.6043
vn 0.0632 0.8660 -0.4961
vn 0.0297 0.8974 -0.4401
vn -0.0075 0.9274 -0.3741
vn -0.0938 0.9583 -0.2699
vn -0.2756 0.9520 -0.1329
vn -0.5895 0.8053 0.0631
vn -0.9477 0.1737 0.2677
vn 0.7223 0.6769 0.1418
vn 0.9143 0.3502 0.2037
vn 0.4804 0.8750 0.0599
vn 0.2957 0.9552 -0.0134
vn 0.1618 0.9828 -0.0893
vn 0.0720 0.9839 -0.1634
vn 0.0270 0.9706 -0.2392
vn -0.0174 0.9386 -0.3447
vn -0.0217 0.9093 -0.4155
vn 0.0172 0.9504 -0.3105
vn 0.0034 0.9472 -0.3206
vn -0.0234 0.9485 -0.3159
vn -0.0074 0.9228 -0.3852
vn -0.0078 0.9567 -0.2909
vn -0.0388 0.9706 -0.2377
vn -0.0763 0.9795 -0.1862
vn -0.1324 0.9828 -0.1289
vn -0.2424 0.9687 -0.0540
vn -0.4407 0.8965 0.0465
vn -0.7401 0.6505 0.1705
vn -0.9615 0.1127 0.2508
vn 0.7540 0.6381 0.1557
vn 0.9070 0.2612 0.3304
vn 0.5462 0.8320 0.0973
vn 0.3612 0.9300 0.0679
vn 0.2282 0.9729 0.0371
vn 0.1459 0.9893 0.0001
vn 0.0930 0.9949 -0.0387
vn 0.0534 0.9964 -0.0655
vn 0.0215 0.9943 -0.1044
vn 0.0062 0.9940 -0.1094
vn -0.0094 0.9949 -0.0999
vn -0.0256 0.9945 -0.1017
vn -0.0381 0.9942 -0.1008
vn -0.0634 0.9951 -0.0764
vn -0.0984 0.9939 -0.0491
vn -0.1407 0.9899 -0.0184
vn -0.2062 0.9783 0.0184
vn -0.3296 0.9419 0.0642
vn -0.5369 0.8338 0.1282
vn -0.8153 0.5469 0.1901
vn -0.9829 0.0709 0.1702
vn 0.9292 0.2890 0.2305
vn 0.9822 -0.0623 0.1770
vn 0.5879 0.8015 0.1093
vn 0.3710 0.9225 0.1066
vn 0.2509 0.9624 0.1038
vn 0.1743 0.9802 0.0938
vn 0.1211 0.9893 0.0807
vn 0.0793 0.9944 0.0696
vn 0.0442 0.9974 0.0576
vn 0.0162 0.9987 0.0477
vn -0.0097 0.9989 0.0457
vn -0.0343 0.9984 0.0443
vn -0.0585 0.9971 0.0496
vn -0.0890 0.9942 0.0598
vn -0.1264 0.9895 0.0706
vn -0.1739 0.9812 0.0843
vn -0.2449 0.9642 0.1016
vn -0.3788 0.9177 0.1195
vn -0.5933 0.7924 0.1420
vn -0.8310 0.5256 0.1824
vn -0.9822 0.1431 0.1220
vn 0.8736 0.4796 0.0820
vn 0.9410 0.3211 -0.1066
vn 0.7327 0.6700 0.1198
vn 0.3797 0.9141 0.1422
vn 0.2490 0.9559 0.1555
vn 0.1788 0.9704 0.1625
vn 0.1286 0.9778 0.1653
vn 0.0878 0.9821 0.1666
vn 0.0521 0.9847 0.1665
vn 0.0209 0.9861 0.1647
vn -0.0087 0.9866 0.1628
vn -0.0371 0.9863 0.1605
vn -0.0656 0.9852 0.1586
vn -0.0982 0.9827 0.1572
vn -0.1366 0.9783 0.1557
vn -0.1855 0.9705 0.1540
vn -0.2559 0.9547 0.1517
vn -0.3890 0.9102 0.1423
vn -0.6403 0.7604 0.1089
vn -0.8512 0.4753 0.2227
vn -0.9565 0.1662 0.2396
vn 0.7974 0.5942 -0.1051
vn 0.9739 0.2264 0.0171
vn 0.5885 0.8024 0.0992
vn 0.3739 0.9121 0.1682
vn 0.2372 0.9490 0.2079
vn 0.1684 0.9576 0.2340
vn 0.1215 0.9602 0.2514
vn 0.0831 0.9608 0.2645
vn 0.0499 0.9604 0.2740
vn 0.0209 0.9603 0.2783
vn -0.0075 0.9607 0.2774
vn -0.0348 0.9609 0.2747
vn -0.0617 0.9617 0.2669
vn -0.0929 0.9623 0.2557
vn -0.1295 0.9617 0.2416
vn -0.1759 0.9586 0.2240
vn -0.2420 0.9489 0.2026
vn -0.3608 0.9161 0.1750
vn -0.7539 0.6517 0.0829
vn -0.9651 0.2547 -0.0602
vn -0.9812 0.1861 -0.0512
vn 0.8975 0.4320 -0.0881
vn 0.9850 -0.0176 -0.1714
vn 0.5214 0.8469 0.1039
vn 0.3058 0.9269 0.2177
vn 0.1911 0.9411 0.2789
vn 0.1350 0.9370 0.3222
vn 0.0977 0.9296 0.3553
vn 0.0659 0.9228 0.3797
vn 0.0391 0.9169 0.3972
vn 0.0169 0.9137 0.4061
vn -0.0068 0.9142 0.4051
vn -0.0292 0.9144 0.4038
vn -0.0497 0.9190 0.3911
vn -0.0754 0.9252 0.3720
vn -0.1063 0.9322 0.3459
vn -0.1483 0.9387 0.3112
vn -0.2162 0.9382 0.2704
vn -0.3404 0.9134 0.2232
vn -0.5589 0.8160 0.1477
vn -0.8125 0.5632 -0.1503
vn -0.9058 0.2596 -0.3350
vn 0.7435 0.6687 -0.0106
vn 0.9051 0.2255 -0.3605
vn 0.4344 0.8765 0.2075
vn 0.2276 0.9171 0.3273
vn 0.1279 0.9089 0.3970
vn 0.0795 0.8896 0.4498
vn 0.0532 0.8684 0.4929
vn 0.0346 0.8497 0.5261
vn 0.0195 0.8360 0.5484
vn 0.0101 0.8282 0.5604
vn -0.0069 0.8300 0.5577
vn -0.0212 0.8284 0.5598
vn -0.0283 0.8381 0.5448
vn -0.0426 0.8527 0.5207
vn -0.0598 0.8713 0.4871
vn -0.0919 0.8945 0.4376
vn -0.1584 0.9128 0.3765
vn -0.2809 0.9114 0.3008
vn -0.4806 0.8537 0.2006
vn -0.7450 0.6667 0.0224
vn -0.9195 0.3250 -0.2210
vn 0.5830 0.8020 0.1302
vn 0.9187 0.2576 -0.2995
vn 0.2799 0.8804 0.3829
vn 0.1127 0.8560 0.5045
vn 0.0350 0.8133 0.5807
vn 0.0021 0.7718 0.6358
vn -0.0091 0.7345 0.6786
vn -0.0096 0.7040 0.7101
vn -0.0071 0.6842 0.7293
vn 0.0013 0.6721 0.7404
vn -0.0082 0.6636 0.7481
vn -0.0133 0.6754 0.7373
vn -0.0003 0.6814 0.7319
vn 0.0016 0.7064 0.7078
vn 0.0075 0.7328 0.6804
vn -0.0006 0.7754 0.6315
vn -0.0508 0.8226 0.5663
vn -0.1747 0.8685 0.4638
vn -0.3715 0.8751 0.3101
vn -0.6188 0.7720 0.1454
vn -0.8381 0.5206 -0.1627
vn 0.3046 0.8379 0.4530
vn 0.9230 0.3843 -0.0197
vn 0.0548 0.7483 0.6611
vn -0.0554 0.6413 0.7653
vn -0.0916 0.5706 0.8161
vn -0.0938 0.5133 0.8530
vn -0.0783 0.4715 0.8784
vn -0.0523 0.4392 0.8969
vn -0.0314 0.4228 0.9057
vn -0.0232 0.4215 0.9065
vn -0.0041 0.3011 0.9536
vn 0.0047 0.4349 0.9004
vn 0.0200 0.4161 0.9091
vn 0.0460 0.4333 0.9001
vn 0.0731 0.4721 0.8785
vn 0.1050 0.4968 0.8615
vn 0.1106 0.5571 0.8230
vn 0.0620 0.6523 0.7554
vn -0.1728 0.7773 0.6049
vn -0.4309 0.8456 0.3150
vn -0.6812 0.7283 -0.0749
vn -0.1539 0.5265 0.8361
vn 0.3271 0.2399 0.9140
vn -0.2378 0.3888 0.8901
vn -0.2198 0.2818 0.9340
vn -0.1860 0.1824 0.9655
vn -0.1596 0.1324 0.9783
vn -0.1219 0.1020 0.9873
vn -0.0771 0.0886 0.9931
vn -0.0335 0.0756 0.9966
vn -0.1137 0.0916 0.9893
vn 0.0067 -0.0304 0.9995
vn 0.0927 0.0850 0.9921
vn 0.0066 0.0824 0.9966
vn 0.0791 0.0658 0.9947
vn 0.1081 0.0994 0.9892
vn 0.1487 0.0817 0.9855
vn 0.2144 0.0914 0.9725
vn 0.2782 0.0982 0.9555
vn 0.3039 0.1464 0.9414
vn 0.0255 0.2260 0.9738
vn -0.7636 0.4986 0.4102
vn 0.8790 0.3183 0.3551
vn -0.9254 -0.0602 0.3742
vn 0.2478 0.9688 0.0000
vn 0.0898 0.9960 0.0000
vn 0.0609 0.7111 0.7005
vn -0.0285 -0.9996 0.0000
vn -0.1043 -0.9945 -0.0000
vn -0.2767 -0.9609 0.0000
vn -0.8790 0.3183 0.3550
vn -0.8790 0.3183 -0.3550
vn 0.1043 -0.9945 0.0000
vn 0.2767 -0.9609 0.0000
vn -0.7106 0.0504 0.7018
vn -0.3070 0.2908 0.9062
# 1686 vertex normals

vt 0.9714 0.0087 0.0000
vt 0.9714 0.9913 0.0000
vt 0.0286 0.9913 0.0000
vt 0.0286 0.0087 0.0000
vt 0.0286 0.3251 0.0000
vt 0.9714 0.3251 0.0000
vt 0.9714 0.6749 0.0000
vt 0.0286 0.6749 0.0000
vt 0.0087 0.3251 0.0000
vt 0.9913 0.3251 0.0000
vt 0.9913 0.6749 0.0000
vt 0.0087 0.6749 0.0000
vt 0.9714 0.0000 0.0000
vt 1.0000 0.0000 0.0000
vt 1.0000 0.0087 0.0000
vt 1.0000 0.9913 0.0000
vt 1.0000 1.0000 0.0000
vt 0.9714 1.0000 0.0000
vt 0.0286 1.0000 0.0000
vt 0.0000 1.0000 0.0000
vt 0.0000 0.9913 0.0000
vt 0.0000 0.0087 0.0000
vt 0.0000 0.0000 0.0000
vt 0.0286 0.0000 0.0000
vt 0.0000 0.3251 0.0000
vt 1.0000 0.3251 0.0000
vt 1.0000 0.6749 0.0000
vt 0.0000 0.6749 0.0000
vt 0.0087 0.0000 0.0000
vt 0.9913 0.0000 0.0000
vt 0.9913 1.0000 0.0000
vt 0.0087 1.0000 0.0000
vt 0.7500 0.0000 1.0000
vt 0.7500 0.4673 1.0000
vt 0.8125 0.4673 1.0000
vt 0.8125 0.0000 1.0000
vt 0.7500 0.8215 1.0000
vt 0.8125 0.8215 1.0000
vt 0.8750 0.9347 1.0000
vt 0.8750 0.4673 1.0000
vt 0.8750 0.0000 1.0000
vt -0.1250 0.0000 1.0000
vt -0.1250 0.4673 1.0000
vt -0.0625 0.4673 1.0000
vt -0.0625 0.0000 1.0000
vt -0.1250 0.9347 1.0000
vt -0.0625 0.8215 1.0000
vt 0.0000 0.8215 1.0000
vt 0.0000 0.4673 1.0000
vt 0.0000 0.0000 1.0000
vt 0.0625 0.4673 1.0000
vt 0.0625 0.0000 1.0000
vt 0.0625 0.8215 1.0000
vt 0.1250 0.8215 1.0000
vt 0.1250 0.4673 1.0000
vt 0.1250 0.0000 1.0000
vt 0.1875 0.4673 1.0000
vt 0.1875 0.0000 1.0000
vt 0.1875 0.8215 1.0000
vt 0.2500 0.8215 1.0000
vt 0.2500 0.4673 1.0000
vt 0.2500 0.0000 1.0000
vt 0.3125 0.4673 1.0000
vt 0.3125 0.0000 1.0000
vt 0.3125 0.8215 1.0000
vt 0.3750 0.8215 1.0000
vt 0.3750 0.4673 1.0000
vt 0.3750 0.0000 1.0000
vt 0.4375 0.4673 1.0000
vt 0.4375 0.0000 1.0000
vt 0.4375 0.8215 1.0000
vt 0.5000 0.8215 1.0000
vt 0.5000 0.4673 1.0000
vt 0.5000 0.0000 1.0000
vt 0.5625 0.4673 1.0000
vt 0.5625 0.0000 1.0000
vt 0.5625 0.8215 1.0000
vt 0.6250 0.8215 1.0000
vt 0.6250 0.4673 1.0000
vt 0.6250 0.0000 1.0000
vt 0.6875 0.4673 1.0000
vt 0.6875 0.0000 1.0000
vt 0.6875 0.8215 1.0000
vt 0.8750 0.9641 1.0000
vt 0.8125 0.9621 1.0000
vt 0.8125 0.9706 1.0000
vt 0.8750 0.9705 1.0000
vt 0.7500 0.9621 1.0000
vt 0.7500 0.9707 1.0000
vt 0.7500 0.9768 1.0000
vt 0.8125 0.9767 1.0000
vt 0.8750 0.9769 1.0000
vt 0.0000 0.9619 1.0000
vt -0.0625 0.9620 1.0000
vt -0.0625 0.9702 1.0000
vt 0.0000 0.9699 1.0000
vt -0.1250 0.9641 1.0000
vt -0.1250 0.9705 1.0000
vt -0.1250 0.9769 1.0000
vt -0.0625 0.9762 1.0000
vt 0.0000 0.9758 1.0000
vt 0.1250 0.9616 1.0000
vt 0.0625 0.9618 1.0000
vt 0.0625 0.9694 1.0000
vt 0.1250 0.9690 1.0000
vt 0.0625 0.9752 1.0000
vt 0.1250 0.9747 1.0000
vt 0.2500 0.9615 1.0000
vt 0.1875 0.9616 1.0000
vt 0.1875 0.9686 1.0000
vt 0.2500 0.9685 1.0000
vt 0.1875 0.9743 1.0000
vt 0.2500 0.9741 1.0000
vt 0.3750 0.9616 1.0000
vt 0.3125 0.9616 1.0000
vt 0.3125 0.9686 1.0000
vt 0.3750 0.9690 1.0000
vt 0.3125 0.9743 1.0000
vt 0.3750 0.9747 1.0000
vt 0.5000 0.9619 1.0000
vt 0.4375 0.9618 1.0000
vt 0.4375 0.9694 1.0000
vt 0.5000 0.9699 1.0000
vt 0.4375 0.9752 1.0000
vt 0.5000 0.9758 1.0000
vt 0.6250 0.9620 1.0000
vt 0.5625 0.9620 1.0000
vt 0.5625 0.9702 1.0000
vt 0.6250 0.9705 1.0000
vt 0.5625 0.9762 1.0000
vt 0.6250 0.9765 1.0000
vt 0.6875 0.9621 1.0000
vt 0.6875 0.9706 1.0000
vt 0.6875 0.9767 1.0000
vt 0.7500 0.9983 1.0000
vt 0.7500 1.0000 1.0000
vt 0.8125 1.0000 1.0000
vt 0.8125 0.9983 1.0000
vt 0.8750 1.0000 1.0000
vt -0.1250 1.0000 1.0000
vt -0.0625 1.0000 1.0000
vt -0.0625 0.9985 1.0000
vt 0.0000 1.0000 1.0000
vt 0.0000 0.9986 1.0000
vt 0.0625 1.0000 1.0000
vt 0.0625 0.9987 1.0000
vt 0.1250 1.0000 1.0000
vt 0.1250 0.9988 1.0000
vt 0.1875 1.0000 1.0000
vt 0.1875 0.9989 1.0000
vt 0.2500 1.0000 1.0000
vt 0.2500 0.9990 1.0000
vt 0.3125 1.0000 1.0000
vt 0.3125 0.9989 1.0000
vt 0.3750 1.0000 1.0000
vt 0.3750 0.9988 1.0000
vt 0.4375 1.0000 1.0000
vt 0.4375 0.9987 1.0000
vt 0.5000 1.0000 1.0000
vt 0.5000 0.9986 1.0000
vt 0.5625 1.0000 1.0000
vt 0.5625 0.9985 1.0000
vt 0.6250 1.0000 1.0000
vt 0.6250 0.9984 1.0000
vt 0.6875 1.0000 1.0000
vt 0.6875 0.9983 1.0000
vt 0.7500 0.9871 1.0000
vt 0.7500 0.9933 1.0000
vt 0.8125 0.9934 1.0000
vt 0.8125 0.9872 1.0000
vt 0.8750 0.9935 1.0000
vt 0.8750 0.9869 1.0000
vt -0.1250 0.9869 1.0000
vt -0.1250 0.9935 1.0000
vt -0.0625 0.9938 1.0000
vt -0.0625 0.9878 1.0000
vt 0.0000 0.9942 1.0000
vt 0.0000 0.9883 1.0000
vt 0.0625 0.9947 1.0000
vt 0.0625 0.9889 1.0000
vt 0.1250 0.9952 1.0000
vt 0.1250 0.9895 1.0000
vt 0.1875 0.9956 1.0000
vt 0.1875 0.9901 1.0000
vt 0.2500 0.9958 1.0000
vt 0.2500 0.9903 1.0000
vt 0.3125 0.9956 1.0000
vt 0.3125 0.9901 1.0000
vt 0.3750 0.9952 1.0000
vt 0.3750 0.9895 1.0000
vt 0.4375 0.9947 1.0000
vt 0.4375 0.9889 1.0000
vt 0.5000 0.9942 1.0000
vt 0.5000 0.9883 1.0000
vt 0.5625 0.9938 1.0000
vt 0.5625 0.9878 1.0000
vt 0.6250 0.9935 1.0000
vt 0.6250 0.9874 1.0000
vt 0.6875 0.9934 1.0000
vt 0.6875 0.9872 1.0000
vt 0.7500 0.9494 1.0000
vt 0.8125 0.9494 1.0000
vt 0.8750 0.9494 1.0000
vt -0.1250 0.9494 1.0000
vt -0.0625 0.9494 1.0000
vt 0.0000 0.9494 1.0000
vt 0.0625 0.9494 1.0000
vt 0.1250 0.9494 1.0000
vt 0.1875 0.9494 1.0000
vt 0.2500 0.9494 1.0000
vt 0.3125 0.9494 1.0000
vt 0.3750 0.9494 1.0000
vt 0.4375 0.9494 1.0000
vt 0.5000 0.9494 1.0000
vt 0.5625 0.9494 1.0000
vt 0.6250 0.9494 1.0000
vt 0.6875 0.9494 1.0000
vt 0.8125 0.9819 1.0000
vt 0.8750 0.9819 1.0000
vt 0.7500 0.9819 1.0000
vt -0.0625 0.9820 1.0000
vt 0.0000 0.9820 1.0000
vt -0.1250 0.9819 1.0000
vt 0.0625 0.9821 1.0000
vt 0.1250 0.9821 1.0000
vt 0.1875 0.9822 1.0000
vt 0.2500 0.9823 1.0000
vt 0.3125 0.9822 1.0000
vt 0.3750 0.9821 1.0000
vt 0.4375 0.9821 1.0000
vt 0.5000 0.9820 1.0000
vt 0.5625 0.9820 1.0000
vt 0.6250 0.9819 1.0000
vt 0.6875 0.9819 1.0000
vt 0.5294 0.4762 0.0000
vt 0.4706 0.4762 0.0000
vt 0.4706 0.5238 0.0000
vt 0.5294 0.5238 0.0000
vt 0.5294 0.9524 0.0000
vt 0.4706 0.9524 0.0000
vt 0.4706 1.0000 0.0000
vt 0.5294 1.0000 0.0000
vt 0.5294 0.9048 0.0000
vt 0.4706 0.9048 0.0000
vt 0.5294 0.8571 0.0000
vt 0.4706 0.8571 0.0000
vt 0.5294 0.8095 0.0000
vt 0.4706 0.8095 0.0000
vt 0.5294 0.7619 0.0000
vt 0.4706 0.7619 0.0000
vt 0.5294 0.7143 0.0000
vt 0.4706 0.7143 0.0000
vt 0.5294 0.6667 0.0000
vt 0.4706 0.6667 0.0000
vt 0.5294 0.6190 0.0000
vt 0.4706 0.6190 0.0000
vt 0.5294 0.5714 0.0000
vt 0.4706 0.5714 0.0000
vt 0.4706 0.0476 0.0000
vt 0.5294 0.0476 0.0000
vt 0.5294 0.0000 0.0000
vt 0.4706 0.0000 0.0000
vt 0.4706 0.0952 0.0000
vt 0.5294 0.0952 0.0000
vt 0.4706 0.1429 0.0000
vt 0.5294 0.1429 0.0000
vt 0.4706 0.1905 0.0000
vt 0.5294 0.1905 0.0000
vt 0.4706 0.2381 0.0000
vt 0.5294 0.2381 0.0000
vt 0.4706 0.2857 0.0000
vt 0.5294 0.2857 0.0000
vt 0.4706 0.3333 0.0000
vt 0.5294 0.3333 0.0000
vt 0.4706 0.3810 0.0000
vt 0.5294 0.3810 0.0000
vt 0.4706 0.4286 0.0000
vt 0.5294 0.4286 0.0000
vt 0.0588 0.4762 0.0000
vt 0.0000 0.4762 0.0000
vt 0.0000 0.5238 0.0000
vt 0.0588 0.5238 0.0000
vt 0.1176 0.4762 0.0000
vt 0.1176 0.5238 0.0000
vt 0.1765 0.4762 0.0000
vt 0.1765 0.5238 0.0000
vt 0.2353 0.4762 0.0000
vt 0.2353 0.5238 0.0000
vt 0.2941 0.4762 0.0000
vt 0.2941 0.5238 0.0000
vt 0.3529 0.4762 0.0000
vt 0.3529 0.5238 0.0000
vt 0.4118 0.4762 0.0000
vt 0.4118 0.5238 0.0000
vt 1.0000 0.4762 0.0000
vt 0.9412 0.4762 0.0000
vt 0.9412 0.5238 0.0000
vt 1.0000 0.5238 0.0000
vt 0.8824 0.5238 0.0000
vt 0.8824 0.4762 0.0000
vt 0.8235 0.4762 0.0000
vt 0.8235 0.5238 0.0000
vt 0.7647 0.5238 0.0000
vt 0.7647 0.4762 0.0000
vt 0.7059 0.4762 0.0000
vt 0.7059 0.5238 0.0000
vt 0.6471 0.5238 0.0000
vt 0.6471 0.4762 0.0000
vt 0.5882 0.4762 0.0000
vt 0.5882 0.5238 0.0000
vt 0.0588 0.9524 0.0000
vt 0.0000 0.9524 0.0000
vt 0.0588 1.0000 0.0000
vt 0.1176 0.9524 0.0000
vt 0.1176 1.0000 0.0000
vt 0.1765 0.9524 0.0000
vt 0.1765 1.0000 0.0000
vt 0.2353 0.9524 0.0000
vt 0.2353 1.0000 0.0000
vt 0.2941 0.9524 0.0000
vt 0.2941 1.0000 0.0000
vt 0.3529 0.9524 0.0000
vt 0.3529 1.0000 0.0000
vt 0.4118 0.9524 0.0000
vt 0.4118 1.0000 0.0000
vt 1.0000 0.9524 0.0000
vt 0.9412 0.9524 0.0000
vt 0.9412 1.0000 0.0000
vt 0.8824 1.0000 0.0000
vt 0.8824 0.9524 0.0000
vt 0.8235 0.9524 0.0000
vt 0.8235 1.0000 0.0000
vt 0.7647 1.0000 0.0000
vt 0.7647 0.9524 0.0000
vt 0.7059 0.9524 0.0000
vt 0.7059 1.0000 0.0000
vt 0.6471 1.0000 0.0000
vt 0.6471 0.9524 0.0000
vt 0.5882 0.9524 0.0000
vt 0.5882 1.0000 0.0000
vt 0.0588 0.9048 0.0000
vt 0.0000 0.9048 0.0000
vt 0.1176 0.9048 0.0000
vt 0.1765 0.9048 0.0000
vt 0.2353 0.9048 0.0000
vt 0.2941 0.9048 0.0000
vt 0.3529 0.9048 0.0000
vt 0.4118 0.9048 0.0000
vt 1.0000 0.9048 0.0000
vt 0.9412 0.9048 0.0000
vt 0.8824 0.9048 0.0000
vt 0.8235 0.9048 0.0000
vt 0.7647 0.9048 0.0000
vt 0.7059 0.9048 0.0000
vt 0.6471 0.9048 0.0000
vt 0.5882 0.9048 0.0000
vt 0.0588 0.8571 0.0000
vt 0.0000 0.8571 0.0000
vt 0.1176 0.8571 0.0000
vt 0.1765 0.8571 0.0000
vt 0.2353 0.8571 0.0000
vt 0.2941 0.8571 0.0000
vt 0.3529 0.8571 0.0000
vt 0.4118 0.8571 0.0000
vt 1.0000 0.8571 0.0000
vt 0.9412 0.8571 0.0000
vt 0.8824 0.8571 0.0000
vt 0.8235 0.8571 0.0000
vt 0.7647 0.8571 0.0000
vt 0.7059 0.8571 0.0000
vt 0.6471 0.8571 0.0000
vt 0.5882 0.8571 0.0000
vt 0.0588 0.8095 0.0000
vt 0.0000 0.8095 0.0000
vt 0.1176 0.8095 0.0000
vt 0.1765 0.8095 0.0000
vt 0.2353 0.8095 0.0000
vt 0.2941 0.8095 0.0000
vt 0.3529 0.8095 0.0000
vt 0.4118 0.8095 0.0000
vt 1.0000 0.8095 0.0000
vt 0.9412 0.8095 0.0000
vt 0.8824 0.8095 0.0000
vt 0.8235 0.8095 0.0000
vt 0.7647 0.8095 0.0000
vt 0.7059 0.8095 0.0000
vt 0.6471 0.8095 0.0000
vt 0.5882 0.8095 0.0000
vt 0.0588 0.7619 0.0000
vt 0.0000 0.7619 0.0000
vt 0.1176 0.7619 0.0000
vt 0.1765 0.7619 0.0000
vt 0.2353 0.7619 0.0000
vt 0.2941 0.7619 0.0000
vt 0.3529 0.7619 0.0000
vt 0.4118 0.7619 0.0000
vt 1.0000 0.7619 0.0000
vt 0.9412 0.7619 0.0000
vt 0.8824 0.7619 0.0000
vt 0.8235 0.7619 0.0000
vt 0.7647 0.7619 0.0000
vt 0.7059 0.7619 0.0000
vt 0.6471 0.7619 0.0000
vt 0.5882 0.7619 0.0000
vt 0.0588 0.7143 0.0000
vt 0.0000 0.7143 0.0000
vt 0.1176 0.7143 0.0000
vt 0.1765 0.7143 0.0000
vt 0.2353 0.7143 0.0000
vt 0.2941 0.7143 0.0000
vt 0.3529 0.7143 0.0000
vt 0.4118 0.7143 0.0000
vt 1.0000 0.7143 0.0000
vt 0.9412 0.7143 0.0000
vt 0.8824 0.7143 0.0000
vt 0.8235 0.7143 0.0000
vt 0.7647 0.7143 0.0000
vt 0.7059 0.7143 0.0000
vt 0.6471 0.7143 0.0000
vt 0.5882 0.7143 0.0000
vt 0.0588 0.6667 0.0000
vt 0.0000 0.6667 0.0000
vt 0.1176 0.6667 0.0000
vt 0.1765 0.6667 0.0000
vt 0.2353 0.6667 0.0000
vt 0.2941 0.6667 0.0000
vt 0.3529 0.6667 0.0000
vt 0.4118 0.6667 0.0000
vt 1.0000 0.6667 0.0000
vt 0.9412 0.6667 0.0000
vt 0.8824 0.6667 0.0000
vt 0.8235 0.6667 0.0000
vt 0.7647 0.6667 0.0000
vt 0.7059 0.6667 0.0000
vt 0.6471 0.6667 0.0000
vt 0.5882 0.6667 0.0000
vt 0.0588 0.6190 0.0000
vt 0.0000 0.6190 0.0000
vt 0.1176 0.6190 0.0000
vt 0.1765 0.6190 0.0000
vt 0.2353 0.6190 0.0000
vt 0.2941 0.6190 0.0000
vt 0.3529 0.6190 0.0000
vt 0.4118 0.6190 0.0000
vt 1.0000 0.6190 0.0000
vt 0.9412 0.6190 0.0000
vt 0.8824 0.6190 0.0000
vt 0.8235 0.6190 0.0000
vt 0.7647 0.6190 0.0000
vt 0.7059 0.6190 0.0000
vt 0.6471 0.6190 0.0000
vt 0.5882 0.6190 0.0000
vt 0.0588 0.5714 0.0000
vt 0.0000 0.5714 0.0000
vt 0.1176 0.5714 0.0000
vt 0.1765 0.5714 0.0000
vt 0.2353 0.5714 0.0000
vt 0.2941 0.5714 0.0000
vt 0.3529 0.5714 0.0000
vt 0.4118 0.5714 0.0000
vt 1.0000 0.5714 0.0000
vt 0.9412 0.5714 0.0000
vt 0.8824 0.5714 0.0000
vt 0.8235 0.5714 0.0000
vt 0.7647 0.5714 0.0000
vt 0.7059 0.5714 0.0000
vt 0.6471 0.5714 0.0000
vt 0.5882 0.5714 0.0000
vt 0.9412 0.0476 0.0000
vt 1.0000 0.0476 0.0000
vt 0.9412 0.0000 0.0000
vt 0.8824 0.0476 0.0000
vt 0.8824 0.0000 0.0000
vt 0.8235 0.0476 0.0000
vt 0.8235 0.0000 0.0000
vt 0.7647 0.0476 0.0000
vt 0.7647 0.0000 0.0000
vt 0.7059 0.0476 0.0000
vt 0.7059 0.0000 0.0000
vt 0.6471 0.0476 0.0000
vt 0.6471 0.0000 0.0000
vt 0.5882 0.0476 0.0000
vt 0.5882 0.0000 0.0000
vt 0.0000 0.0476 0.0000
vt 0.0588 0.0476 0.0000
vt 0.0588 0.0000 0.0000
vt 0.1176 0.0000 0.0000
vt 0.1176 0.0476 0.0000
vt 0.1765 0.0476 0.0000
vt 0.1765 0.0000 0.0000
vt 0.2353 0.0000 0.0000
vt 0.2353 0.0476 0.0000
vt 0.2941 0.0476 0.0000
vt 0.2941 0.0000 0.0000
vt 0.3529 0.0000 0.0000
vt 0.3529 0.0476 0.0000
vt 0.4118 0.0476 0.0000
vt 0.4118 0.0000 0.0000
vt 0.9412 0.0952 0.0000
vt 1.0000 0.0952 0.0000
vt 0.8824 0.0952 0.0000
vt 0.8235 0.0952 0.0000
vt 0.7647 0.0952 0.0000
vt 0.7059 0.0952 0.0000
vt 0.6471 0.0952 0.0000
vt 0.5882 0.0952 0.0000
vt 0.0000 0.0952 0.0000
vt 0.0588 0.0952 0.0000
vt 0.1176 0.0952 0.0000
vt 0.1765 0.0952 0.0000
vt 0.2353 0.0952 0.0000
vt 0.2941 0.0952 0.0000
vt 0.3529 0.0952 0.0000
vt 0.4118 0.0952 0.0000
vt 0.9412 0.1429 0.0000
vt 1.0000 0.1429 0.0000
vt 0.8824 0.1429 0.0000
vt 0.8235 0.1429 0.0000
vt 0.7647 0.1429 0.0000
vt 0.7059 0.1429 0.0000
vt 0.6471 0.1429 0.0000
vt 0.5882 0.1429 0.0000
vt 0.0000 0.1429 0.0000
vt 0.0588 0.1429 0.0000
vt 0.1176 0.1429 0.0000
vt 0.1765 0.1429 0.0000
vt 0.2353 0.1429 0.0000
vt 0.2941 0.1429 0.0000
vt 0.3529 0.1429 0.0000
vt 0.4118 0.1429 0.0000
vt 0.9412 0.1905 0.0000
vt 1.0000 0.1905 0.0000
vt 0.8824 0.1905 0.0000
vt 0.8235 0.1905 0.0000
vt 0.7647 0.1905 0.0000
vt 0.7059 0.1905 0.0000
vt 0.6471 0.1905 0.0000
vt 0.5882 0.1905 0.0000
vt 0.0000 0.1905 0.0000
vt 0.0588 0.1905 0.0000
vt 0.1176 0.1905 0.0000
vt 0.1765 0.1905 0.0000
vt 0.2353 0.1905 0.0000
vt 0.2941 0.1905 0.0000
vt 0.3529 0.1905 0.0000
vt 0.4118 0.1905 0.0000
vt 0.9412 0.2381 0.0000
vt 1.0000 0.2381 0.0000
vt 0.8824 0.2381 0.0000
vt 0.8235 0.2381 0.0000
vt 0.7647 0.2381 0.0000
vt 0.7059 0.2381 0.0000
vt 0.6471 0.2381 0.0000
vt 0.5882 0.2381 0.0000
vt 0.0000 0.2381 0.0000
vt 0.0588 0.2381 0.0000
vt 0.1176 0.2381 0.0000
vt 0.1765 0.2381 0.0000
vt 0.2353 0.2381 0.0000
vt 0.2941 0.2381 0.0000
vt 0.3529 0.2381 0.0000
vt 0.4118 0.2381 0.0000
vt 0.9412 0.2857 0.0000
vt 1.0000 0.2857 0.0000
vt 0.8824 0.2857 0.0000
vt 0.8235 0.2857 0.0000
vt 0.7647 0.2857 0.0000
vt 0.7059 0.2857 0.0000
vt 0.6471 0.2857 0.0000
vt 0.5882 0.2857 0.0000
vt 0.0000 0.2857 0.0000
vt 0.0588 0.2857 0.0000
vt 0.1176 0.2857 0.0000
vt 0.1765 0.2857 0.0000
vt 0.2353 0.2857 0.0000
vt 0.2941 0.2857 0.0000
vt 0.3529 0.2857 0.0000
vt 0.4118 0.2857 0.0000
vt 0.9412 0.3333 0.0000
vt 1.0000 0.3333 0.0000
vt 0.8824 0.3333 0.0000
vt 0.8235 0.3333 0.0000
vt 0.7647 0.3333 0.0000
vt 0.7059 0.3333 0.0000
vt 0.6471 0.3333 0.0000
vt 0.5882 0.3333 0.0000
vt 0.0000 0.3333 0.0000
vt 0.0588 0.3333 0.0000
vt 0.1176 0.3333 0.0000
vt 0.1765 0.3333 0.0000
vt 0.2353 0.3333 0.0000
vt 0.2941 0.3333 0.0000
vt 0.3529 0.3333 0.0000
vt 0.4118 0.3333 0.0000
vt 0.9412 0.3810 0.0000
vt 1.0000 0.3810 0.0000
vt 0.8824 0.3810 0.0000
vt 0.8235 0.3810 0.0000
vt 0.7647 0.3810 0.0000
vt 0.7059 0.3810 0.0000
vt 0.6471 0.3810 0.0000
vt 0.5882 0.3810 0.0000
vt 0.0000 0.3810 0.0000
vt 0.0588 0.3810 0.0000
vt 0.1176 0.3810 0.0000
vt 0.1765 0.3810 0.0000
vt 0.2353 0.3810 0.0000
vt 0.2941 0.3810 0.0000
vt 0.3529 0.3810 0.0000
vt 0.4118 0.3810 0.0000
vt 0.9412 0.4286 0.0000
vt 1.0000 0.4286 0.0000
vt 0.8824 0.4286 0.0000
vt 0.8235 0.4286 0.0000
vt 0.7647 0.4286 0.0000
vt 0.7059 0.4286 0.0000
vt 0.6471 0.4286 0.0000
vt 0.5882 0.4286 0.0000
vt 0.0000 0.4286 0.0000
vt 0.0588 0.4286 0.0000
vt 0.1176 0.4286 0.0000
vt 0.1765 0.4286 0.0000
vt 0.2353 0.4286 0.0000
vt 0.2941 0.4286 0.0000
vt 0.3529 0.4286 0.0000
vt 0.4118 0.4286 0.0000
vt 1.0000 0.0833 0.0000
vt 0.9500 0.0833 0.0000
vt 0.9500 0.0000 0.0000
vt 0.9000 0.0833 0.0000
vt 0.9000 0.0000 0.0000
vt 0.8500 0.0833 0.0000
vt 0.8500 0.0000 0.0000
vt 0.8000 0.0833 0.0000
vt 0.8000 0.0000 0.0000
vt 0.7500 0.0833 0.0000
vt 0.7500 0.0000 0.0000
vt 0.7000 0.0833 0.0000
vt 0.7000 0.0000 0.0000
vt 0.6500 0.0833 0.0000
vt 0.6500 0.0000 0.0000
vt 0.6000 0.0833 0.0000
vt 0.6000 0.0000 0.0000
vt 0.5500 0.0833 0.0000
vt 0.5500 0.0000 0.0000
vt 0.5000 0.0833 0.0000
vt 0.5000 0.0000 0.0000
vt 0.4500 0.0833 0.0000
vt 0.4500 0.0000 0.0000
vt 0.4000 0.0833 0.0000
vt 0.4000 0.0000 0.0000
vt 0.3500 0.0833 0.0000
vt 0.3500 0.0000 0.0000
vt 0.3000 0.0833 0.0000
vt 0.3000 0.0000 0.0000
vt 0.2500 0.0833 0.0000
vt 0.2500 0.0000 0.0000
vt 0.2000 0.0833 0.0000
vt 0.2000 0.0000 0.0000
vt 0.1500 0.0833 0.0000
vt 0.1500 0.0000 0.0000
vt 0.1000 0.0833 0.0000
vt 0.1000 0.0000 0.0000
vt 0.0500 0.0833 0.0000
vt 0.0500 0.0000 0.0000
vt -0.0000 0.0833 0.0000
vt -0.0000 0.0000 0.0000
vt 1.0000 0.1667 0.0000
vt 0.9500 0.1667 0.0000
vt 0.9000 0.1667 0.0000
vt 0.8500 0.1667 0.0000
vt 0.8000 0.1667 0.0000
vt 0.7500 0.1667 0.0000
vt 0.7000 0.1667 0.0000
vt 0.6500 0.1667 0.0000
vt 0.6000 0.1667 0.0000
vt 0.5500 0.1667 0.0000
vt 0.5000 0.1667 0.0000
vt 0.4500 0.1667 0.0000
vt 0.4000 0.1667 0.0000
vt 0.3500 0.1667 0.0000
vt 0.3000 0.1667 0.0000
vt 0.2500 0.1667 0.0000
vt 0.2000 0.1667 0.0000
vt 0.1500 0.1667 0.0000
vt 0.1000 0.1667 0.0000
vt 0.0500 0.1667 0.0000
vt -0.0000 0.1667 0.0000
vt 1.0000 0.2500 0.0000
vt 0.9500 0.2500 0.0000
vt 0.9000 0.2500 0.0000
vt 0.8500 0.2500 0.0000
vt 0.8000 0.2500 0.0000
vt 0.7500 0.2500 0.0000
vt 0.7000 0.2500 0.0000
vt 0.6500 0.2500 0.0000
vt 0.6000 0.2500 0.0000
vt 0.5500 0.2500 0.0000
vt 0.5000 0.2500 0.0000
vt 0.4500 0.2500 0.0000
vt 0.4000 0.2500 0.0000
vt 0.3500 0.2500 0.0000
vt 0.3000 0.2500 0.0000
vt 0.2500 0.2500 0.0000
vt 0.2000 0.2500 0.0000
vt 0.1500 0.2500 0.0000
vt 0.1000 0.2500 0.0000
vt 0.0500 0.2500 0.0000
vt -0.0000 0.2500 0.0000
vt 0.9500 0.3333 0.0000
vt 0.9000 0.3333 0.0000
vt 0.8500 0.3333 0.0000
vt 0.8000 0.3333 0.0000
vt 0.7500 0.3333 0.0000
vt 0.7000 0.3333 0.0000
vt 0.6500 0.3333 0.0000
vt 0.6000 0.3333 0.0000
vt 0.5500 0.3333 0.0000
vt 0.5000 0.3333 0.0000
vt 0.4500 0.3333 0.0000
vt 0.4000 0.3333 0.0000
vt 0.3500 0.3333 0.0000
vt 0.3000 0.3333 0.0000
vt 0.2500 0.3333 0.0000
vt 0.2000 0.3333 0.0000
vt 0.1500 0.3333 0.0000
vt 0.1000 0.3333 0.0000
vt 0.0500 0.3333 0.0000
vt -0.0000 0.3333 0.0000
vt 1.0000 0.4167 0.0000
vt 0.9500 0.4167 0.0000
vt 0.9000 0.4167 0.0000
vt 0.8500 0.4167 0.0000
vt 0.8000 0.4167 0.0000
vt 0.7500 0.4167 0.0000
vt 0.7000 0.4167 0.0000
vt 0.6500 0.4167 0.0000
vt 0.6000 0.4167 0.0000
vt 0.5500 0.4167 0.0000
vt 0.5000 0.4167 0.0000
vt 0.4500 0.4167 0.0000
vt 0.4000 0.4167 0.0000
vt 0.3500 0.4167 0.0000
vt 0.3000 0.4167 0.0000
vt 0.2500 0.4167 0.0000
vt 0.2000 0.4167 0.0000
vt 0.1500 0.4167 0.0000
vt 0.1000 0.4167 0.0000
vt 0.0500 0.4167 0.0000
vt -0.0000 0.4167 0.0000
vt 1.0000 0.5000 0.0000
vt 0.9500 0.5000 0.0000
vt 0.9000 0.5000 0.0000
vt 0.8500 0.5000 0.0000
vt 0.8000 0.5000 0.0000
vt 0.7500 0.5000 0.0000
vt 0.7000 0.5000 0.0000
vt 0.6500 0.5000 0.0000
vt 0.6000 0.5000 0.0000
vt 0.5500 0.5000 0.0000
vt 0.5000 0.5000 0.0000
vt 0.4500 0.5000 0.0000
vt 0.4000 0.5000 0.0000
vt 0.3500 0.5000 0.0000
vt 0.3000 0.5000 0.0000
vt 0.2500 0.5000 0.0000
vt 0.2000 0.5000 0.0000
vt 0.1500 0.5000 0.0000
vt 0.1000 0.5000 0.0000
vt 0.0500 0.5000 0.0000
vt -0.0000 0.5000 0.0000
vt 1.0000 0.5833 0.0000
vt 0.9500 0.5833 0.0000
vt 0.9000 0.5833 0.0000
vt 0.8500 0.5833 0.0000
vt 0.8000 0.5833 0.0000
vt 0.7500 0.5833 0.0000
vt 0.7000 0.5833 0.0000
vt 0.6500 0.5833 0.0000
vt 0.6000 0.5833 0.0000
vt 0.5500 0.5833 0.0000
vt 0.5000 0.5833 0.0000
vt 0.4500 0.5833 0.0000
vt 0.4000 0.5833 0.0000
vt 0.3500 0.5833 0.0000
vt 0.3000 0.5833 0.0000
vt 0.2500 0.5833 0.0000
vt 0.2000 0.5833 0.0000
vt 0.1500 0.5833 0.0000
vt 0.1000 0.5833 0.0000
vt 0.0500 0.5833 0.0000
vt -0.0000 0.5833 0.0000
vt 0.9500 0.6667 0.0000
vt 0.9000 0.6667 0.0000
vt 0.8500 0.6667 0.0000
vt 0.8000 0.6667 0.0000
vt 0.7500 0.6667 0.0000
vt 0.7000 0.6667 0.0000
vt 0.6500 0.6667 0.0000
vt 0.6000 0.6667 0.0000
vt 0.5500 0.6667 0.0000
vt 0.5000 0.6667 0.0000
vt 0.4500 0.6667 0.0000
vt 0.4000 0.6667 0.0000
vt 0.3500 0.6667 0.0000
vt 0.3000 0.6667 0.0000
vt 0.2500 0.6667 0.0000
vt 0.2000 0.6667 0.0000
vt 0.1500 0.6667 0.0000
vt 0.1000 0.6667 0.0000
vt 0.0500 0.6667 0.0000
vt -0.0000 0.6667 0.0000
vt 1.0000 0.7500 0.0000
vt 0.9500 0.7500 0.0000
vt 0.9000 0.7500 0.0000
vt 0.8500 0.7500 0.0000
vt 0.8000 0.7500 0.0000
vt 0.7500 0.7500 0.0000
vt 0.7000 0.7500 0.0000
vt 0.6500 0.7500 0.0000
vt 0.6000 0.7500 0.0000
vt 0.5500 0.7500 0.0000
vt 0.5000 0.7500 0.0000
vt 0.4500 0.7500 0.0000
vt 0.4000 0.7500 0.0000
vt 0.3500 0.7500 0.0000
vt 0.3000 0.7500 0.0000
vt 0.2500 0.7500 0.0000
vt 0.2000 0.7500 0.0000
vt 0.1500 0.7500 0.0000
vt 0.1000 0.7500 0.0000
vt 0.0500 0.7500 0.0000
vt -0.0000 0.7500 0.0000
vt 1.0000 0.8333 0.0000
vt 0.9500 0.8333 0.0000
vt 0.9000 0.8333 0.0000
vt 0.8500 0.8333 0.0000
vt 0.8000 0.8333 0.0000
vt 0.7500 0.8333 0.0000
vt 0.7000 0.8333 0.0000
vt 0.6500 0.8333 0.0000
vt 0.6000 0.8333 0.0000
vt 0.5500 0.8333 0.0000
vt 0.5000 0.8333 0.0000
vt 0.4500 0.8333 0.0000
vt 0.4000 0.8333 0.0000
vt 0.3500 0.8333 0.0000
vt 0.3000 0.8333 0.0000
vt 0.2500 0.8333 0.0000
vt 0.2000 0.8333 0.0000
vt 0.1500 0.8333 0.0000
vt 0.1000 0.8333 0.0000
vt 0.0500 0.8333 0.0000
vt -0.0000 0.8333 0.0000
vt 1.0000 0.9167 0.0000
vt 0.9500 0.9167 0.0000
vt 0.9000 0.9167 0.0000
vt 0.8500 0.9167 0.0000
vt 0.8000 0.9167 0.0000
vt 0.7500 0.9167 0.0000
vt 0.7000 0.9167 0.0000
vt 0.6500 0.9167 0.0000
vt 0.6000 0.9167 0.0000
vt 0.5500 0.9167 0.0000
vt 0.5000 0.9167 0.0000
vt 0.4500 0.9167 0.0000
vt 0.4000 0.9167 0.0000
vt 0.3500 0.9167 0.0000
vt 0.3000 0.9167 0.0000
vt 0.2500 0.9167 0.0000
vt 0.2000 0.9167 0.0000
vt 0.1500 0.9167 0.0000
vt 0.1000 0.9167 0.0000
vt 0.0500 0.9167 0.0000
vt -0.0000 0.9167 0.0000
vt 0.9500 1.0000 0.0000
vt 0.9000 1.0000 0.0000
vt 0.8500 1.0000 0.0000
vt 0.8000 1.0000 0.0000
vt 0.7500 1.0000 0.0000
vt 0.7000 1.0000 0.0000
vt 0.6500 1.0000 0.0000
vt 0.6000 1.0000 0.0000
vt 0.5500 1.0000 0.0000
vt 0.5000 1.0000 0.0000
vt 0.4500 1.0000 0.0000
vt 0.4000 1.0000 0.0000
vt 0.3500 1.0000 0.0000
vt 0.3000 1.0000 0.0000
vt 0.2500 1.0000 0.0000
vt 0.2000 1.0000 0.0000
vt 0.1500 1.0000 0.0000
vt 0.1000 1.0000 0.0000
vt 0.0500 1.0000 0.0000
vt -0.0000 1.0000 0.0000
vt 0.0000 0.0833 0.0000
vt 0.0000 0.1667 0.0000
vt 0.0000 0.2500 0.0000
vt 0.0000 0.4167 0.0000
vt 0.0000 0.5000 0.0000
vt 0.0000 0.5833 0.0000
vt 0.0000 0.7500 0.0000
vt 0.0000 0.8333 0.0000
vt 0.0000 0.9167 0.0000
vt 0.0833 0.0000 0.0000
vt 0.0833 1.0000 0.0000
vt 0.1667 0.0000 0.0000
vt 0.1667 1.0000 0.0000
vt 0.3333 0.0000 0.0000
vt 0.3333 1.0000 0.0000
vt 0.4167 0.0000 0.0000
vt 0.4167 1.0000 0.0000
vt 0.5833 0.0000 0.0000
vt 0.5833 1.0000 0.0000
vt 0.6667 0.0000 0.0000
vt 0.6667 1.0000 0.0000
vt 0.8333 0.0000 0.0000
vt 0.8333 1.0000 0.0000
vt 0.9167 0.0000 0.0000
vt 0.9167 1.0000 0.0000
# 920 texture coords

o JailProp_bed001
g JailProp_bed001
usemtl Material__65
s 1
f 1/1/1 2/2/2 3/3/3 4/4/4 
f 5/4/5 6/1/6 7/2/7 8/3/8 
s 2
f 9/5/9 10/6/10 11/7/11 12/8/12 
s 4
f 13/9/13 14/10/14 15/11/15 16/12/16 
s 2
f 17/5/17 18/6/18 19/7/19 20/8/20 
s 4
f 21/9/21 22/10/22 23/11/23 24/12/24 
s 1
f 1/1/1 25/13/25 26/14/26 27/15/27 
f 2/2/2 28/16/28 29/17/29 30/18/30 
f 3/3/3 31/19/31 32/20/32 33/21/33 
f 4/4/4 34/22/34 35/23/35 36/24/36 
f 5/4/5 37/22/37 38/23/38 39/24/39 
f 6/1/6 40/13/40 41/14/41 42/15/42 
f 7/2/7 43/16/43 44/17/44 45/18/45 
f 8/3/8 46/19/46 47/20/47 48/21/48 
s 2
f 9/5/9 49/25/49 26/23/26 25/24/25 
f 10/6/10 36/13/36 35/14/35 50/26/50 
f 11/7/11 51/27/51 41/17/41 40/18/40 
f 12/8/12 39/19/39 38/20/38 52/28/52 
s 4
f 13/9/13 50/25/50 35/23/35 34/29/34 
f 14/10/14 33/30/33 32/14/32 53/26/53 
f 15/11/15 54/27/54 44/17/44 43/31/43 
f 16/12/16 42/32/42 41/20/41 51/28/51 
s 2
f 17/5/17 53/25/53 32/23/32 31/24/31 
f 18/6/18 30/13/30 29/14/29 55/26/55 
f 19/7/19 56/27/56 47/17/47 46/18/46 
f 20/8/20 45/19/45 44/20/44 54/28/54 
s 4
f 21/9/21 55/25/55 29/23/29 28/29/28 
f 22/10/22 27/30/27 26/14/26 49/26/49 
f 23/11/23 52/27/52 38/17/38 37/31/37 
f 24/12/24 48/32/48 47/20/47 56/28/56 
s 1
f 2/2/2 1/1/1 27/15/27 28/16/28 
f 3/3/3 2/2/2 30/18/30 31/19/31 
f 4/4/4 3/3/3 33/21/33 34/22/34 
f 1/1/1 4/4/4 36/24/36 25/13/25 
f 6/1/6 5/4/5 39/24/39 40/13/40 
f 7/2/7 6/1/6 42/15/42 43/16/43 
f 8/3/8 7/2/7 45/18/45 46/19/46 
f 5/4/5 8/3/8 48/21/48 37/22/37 
s 2
f 10/6/10 9/5/9 25/24/25 36/13/36 
f 11/7/11 10/6/10 50/26/50 51/27/51 
f 12/8/12 11/7/11 40/18/40 39/19/39 
f 9/5/9 12/8/12 52/28/52 49/25/49 
s 4
f 14/10/14 13/9/13 34/29/34 33/30/33 
f 15/11/15 14/10/14 53/26/53 54/27/54 
f 16/12/16 15/11/15 43/31/43 42/32/42 
f 13/9/13 16/12/16 51/28/51 50/25/50 
s 2
f 18/6/18 17/5/17 31/24/31 30/13/30 
f 19/7/19 18/6/18 55/26/55 56/27/56 
f 20/8/20 19/7/19 46/18/46 45/19/45 
f 17/5/17 20/8/20 54/28/54 53/25/53 
s 4
f 22/10/22 21/9/21 28/29/28 27/30/27 
f 23/11/23 22/10/22 49/26/49 52/27/52 
f 24/12/24 23/11/23 37/31/37 48/32/48 
f 21/9/21 24/12/24 56/28/56 55/25/55 
s 16
f 57/33/57 58/34/58 59/35/59 60/36/59 
f 58/34/58 61/37/57 62/38/59 59/35/59 
f 63/39/60 64/40/61 59/35/59 62/38/59 
f 64/40/61 65/41/60 60/36/59 59/35/59 
f 65/42/60 64/43/61 66/44/62 67/45/62 
f 64/43/61 63/46/60 68/47/62 66/44/62 
f 69/48/63 70/49/63 66/44/62 68/47/62 
f 70/49/63 71/50/63 67/45/62 66/44/62 
f 71/50/63 70/49/63 72/51/64 73/52/64 
f 70/49/63 69/48/63 74/53/64 72/51/64 
f 75/54/65 76/55/66 72/51/64 74/53/64 
f 76/55/66 77/56/66 73/52/64 72/51/64 
f 77/56/66 76/55/66 78/57/67 79/58/67 
f 76/55/66 75/54/65 80/59/67 78/57/67 
f 81/60/68 82/61/69 78/57/67 80/59/67 
f 82/61/69 83/62/68 79/58/67 78/57/67 
f 83/62/68 82/61/69 84/63/70 85/64/70 
f 82/61/69 81/60/68 86/65/70 84/63/70 
f 87/66/71 88/67/72 84/63/70 86/65/70 
f 88/67/72 89/68/72 85/64/70 84/63/70 
f 89/68/72 88/67/72 90/69/73 91/70/73 
f 88/67/72 87/66/71 92/71/73 90/69/73 
f 93/72/74 94/73/74 90/69/73 92/71/73 
f 94/73/74 95/74/74 91/70/73 90/69/73 
f 95/74/74 94/73/74 96/75/75 97/76/75 
f 94/73/74 93/72/74 98/77/75 96/75/75 
f 99/78/76 100/79/77 96/75/75 98/77/75 
f 100/79/77 101/80/77 97/76/75 96/75/75 
f 101/80/77 100/79/77 102/81/78 103/82/78 
f 100/79/77 99/78/76 104/83/78 102/81/78 
f 61/37/57 58/34/58 102/81/78 104/83/78 
f 58/34/58 57/33/57 103/82/78 102/81/78 
f 105/84/79 106/85/80 107/86/81 108/87/82 
f 106/85/80 109/88/83 110/89/84 107/86/81 
f 111/90/85 112/91/86 107/86/81 110/89/84 
f 112/91/86 113/92/87 108/87/82 107/86/81 
f 114/93/88 115/94/89 116/95/90 117/96/91 
f 115/94/89 105/97/79 108/98/82 116/95/90 
f 113/99/87 118/100/92 116/95/90 108/98/82 
f 118/100/92 119/101/93 117/96/91 116/95/90 
f 120/102/94 121/103/95 122/104/96 123/105/97 
f 121/103/95 114/93/88 117/96/91 122/104/96 
f 119/101/93 124/106/98 122/104/96 117/96/91 
f 124/106/98 125/107/99 123/105/97 122/104/96 
f 126/108/100 127/109/101 128/110/102 129/111/103 
f 127/109/101 120/102/94 123/105/97 128/110/102 
f 125/107/99 130/112/104 128/110/102 123/105/97 
f 130/112/104 131/113/105 129/111/103 128/110/102 
f 132/114/106 133/115/107 134/116/108 135/117/109 
f 133/115/107 126/108/100 129/111/103 134/116/108 
f 131/113/105 136/118/110 134/116/108 129/111/103 
f 136/118/110 137/119/111 135/117/109 134/116/108 
f 138/120/112 139/121/113 140/122/114 141/123/115 
f 139/121/113 132/114/106 135/117/109 140/122/114 
f 137/119/111 142/124/116 140/122/114 135/117/109 
f 142/124/116 143/125/117 141/123/115 140/122/114 
f 144/126/118 145/127/119 146/128/120 147/129/121 
f 145/127/119 138/120/112 141/123/115 146/128/120 
f 143/125/117 148/130/122 146/128/120 141/123/115 
f 148/130/122 149/131/123 147/129/121 146/128/120 
f 109/88/83 150/132/124 151/133/125 110/89/84 
f 150/132/124 144/126/118 147/129/121 151/133/125 
f 149/131/123 152/134/126 151/133/125 147/129/121 
f 152/134/126 111/90/85 110/89/84 151/133/125 
f 153/135/127 154/136/128 155/137/129 156/138/130 
f 154/136/128 157/136/131 158/137/132 155/137/129 
f 159/139/133 160/139/134 155/137/129 158/137/132 
f 160/139/134 161/139/135 156/138/130 155/137/129 
f 161/140/135 160/140/134 162/141/136 163/142/137 
f 160/140/134 159/140/133 164/141/138 162/141/136 
f 165/143/139 166/143/140 162/141/136 164/141/138 
f 166/143/140 167/144/141 163/142/137 162/141/136 
f 167/144/141 166/143/140 168/145/142 169/146/143 
f 166/143/140 165/143/139 170/145/144 168/145/142 
f 171/147/145 172/147/146 168/145/142 170/145/144 
f 172/147/146 173/148/147 169/146/143 168/145/142 
f 173/148/147 172/147/146 174/149/148 175/150/149 
f 172/147/146 171/147/145 176/149/150 174/149/148 
f 177/151/151 178/151/152 174/149/148 176/149/150 
f 178/151/152 179/152/153 175/150/149 174/149/148 
f 179/152/153 178/151/152 180/153/154 181/154/155 
f 178/151/152 177/151/151 182/153/156 180/153/154 
f 183/155/157 184/155/158 180/153/154 182/153/156 
f 184/155/158 185/156/159 181/154/155 180/153/154 
f 185/156/159 184/155/158 186/157/160 187/158/161 
f 184/155/158 183/155/157 188/157/162 186/157/160 
f 189/159/163 190/159/164 186/157/160 188/157/162 
f 190/159/164 191/160/165 187/158/161 186/157/160 
f 191/160/165 190/159/164 192/161/166 193/162/167 
f 190/159/164 189/159/163 194/161/168 192/161/166 
f 195/163/169 196/163/170 192/161/166 194/161/168 
f 196/163/170 197/164/171 193/162/167 192/161/166 
f 197/164/171 196/163/170 198/165/172 199/166/173 
f 196/163/170 195/163/169 200/165/174 198/165/172 
f 157/136/131 154/136/128 198/165/172 200/165/174 
f 154/136/128 153/135/127 199/166/173 198/165/172 
f 201/167/175 202/168/176 203/169/177 204/170/178 
f 202/168/176 153/135/127 156/138/130 203/169/177 
f 161/139/135 205/171/179 203/169/177 156/138/130 
f 205/171/179 206/172/180 204/170/178 203/169/177 
f 206/173/180 205/174/179 207/175/181 208/176/182 
f 205/174/179 161/140/135 163/142/137 207/175/181 
f 167/144/141 209/177/183 207/175/181 163/142/137 
f 209/177/183 210/178/184 208/176/182 207/175/181 
f 210/178/184 209/177/183 211/179/185 212/180/186 
f 209/177/183 167/144/141 169/146/143 211/179/185 
f 173/148/147 213/181/187 211/179/185 169/146/143 
f 213/181/187 214/182/188 212/180/186 211/179/185 
f 214/182/188 213/181/187 215/183/189 216/184/190 
f 213/181/187 173/148/147 175/150/149 215/183/189 
f 179/152/153 217/185/191 215/183/189 175/150/149 
f 217/185/191 218/186/192 216/184/190 215/183/189 
f 218/186/192 217/185/191 219/187/193 220/188/194 
f 217/185/191 179/152/153 181/154/155 219/187/193 
f 185/156/159 221/189/195 219/187/193 181/154/155 
f 221/189/195 222/190/196 220/188/194 219/187/193 
f 222/190/196 221/189/195 223/191/197 224/192/198 
f 221/189/195 185/156/159 187/158/161 223/191/197 
f 191/160/165 225/193/199 223/191/197 187/158/161 
f 225/193/199 226/194/200 224/192/198 223/191/197 
f 226/194/200 225/193/199 227/195/201 228/196/202 
f 225/193/199 191/160/165 193/162/167 227/195/201 
f 197/164/171 229/197/203 227/195/201 193/162/167 
f 229/197/203 230/198/204 228/196/202 227/195/201 
f 230/198/204 229/197/203 231/199/205 232/200/206 
f 229/197/203 197/164/171 199/166/173 231/199/205 
f 153/135/127 202/168/176 231/199/205 199/166/173 
f 202/168/176 201/167/175 232/200/206 231/199/205 
f 61/37/57 233/201/207 234/202/208 62/38/59 
f 233/201/207 109/88/83 106/85/80 234/202/208 
f 105/84/79 235/203/209 234/202/208 106/85/80 
f 235/203/209 63/39/60 62/38/59 234/202/208 
f 63/46/60 235/204/209 236/205/210 68/47/62 
f 235/204/209 105/97/79 115/94/89 236/205/210 
f 114/93/88 237/206/211 236/205/210 115/94/89 
f 237/206/211 69/48/63 68/47/62 236/205/210 
f 69/48/63 237/206/211 238/207/212 74/53/64 
f 237/206/211 114/93/88 121/103/95 238/207/212 
f 120/102/94 239/208/213 238/207/212 121/103/95 
f 239/208/213 75/54/65 74/53/64 238/207/212 
f 75/54/65 239/208/213 240/209/214 80/59/67 
f 239/208/213 120/102/94 127/109/101 240/209/214 
f 126/108/100 241/210/215 240/209/214 127/109/101 
f 241/210/215 81/60/68 80/59/67 240/209/214 
f 81/60/68 241/210/215 242/211/216 86/65/70 
f 241/210/215 126/108/100 133/115/107 242/211/216 
f 132/114/106 243/212/217 242/211/216 133/115/107 
f 243/212/217 87/66/71 86/65/70 242/211/216 
f 87/66/71 243/212/217 244/213/218 92/71/73 
f 243/212/217 132/114/106 139/121/113 244/213/218 
f 138/120/112 245/214/219 244/213/218 139/121/113 
f 245/214/219 93/72/74 92/71/73 244/213/218 
f 93/72/74 245/214/219 246/215/220 98/77/75 
f 245/214/219 138/120/112 145/127/119 246/215/220 
f 144/126/118 247/216/221 246/215/220 145/127/119 
f 247/216/221 99/78/76 98/77/75 246/215/220 
f 99/78/76 247/216/221 248/217/222 104/83/78 
f 247/216/221 144/126/118 150/132/124 248/217/222 
f 109/88/83 233/201/207 248/217/222 150/132/124 
f 233/201/207 61/37/57 104/83/78 248/217/222 
f 157/136/131 249/136/223 250/137/132 158/137/132 
f 249/136/223 251/136/131 252/137/132 250/137/132 
f 253/139/133 254/139/133 250/137/132 252/137/132 
f 254/139/133 159/139/133 158/137/132 250/137/132 
f 159/140/133 254/140/133 255/141/138 164/141/138 
f 254/140/133 253/140/133 256/141/138 255/141/138 
f 257/143/224 258/143/63 255/141/138 256/141/138 
f 258/143/63 165/143/139 164/141/138 255/141/138 
f 165/143/139 258/143/63 259/145/144 170/145/144 
f 258/143/63 257/143/224 260/145/144 259/145/144 
f 261/147/145 262/147/145 259/145/144 260/145/144 
f 262/147/145 171/147/145 170/145/144 259/145/144 
f 171/147/145 262/147/145 263/149/150 176/149/150 
f 262/147/145 261/147/145 264/149/150 263/149/150 
f 265/151/151 266/151/225 263/149/150 264/149/150 
f 266/151/225 177/151/151 176/149/150 263/149/150 
f 177/151/151 266/151/225 267/153/156 182/153/156 
f 266/151/225 265/151/151 268/153/226 267/153/156 
f 269/155/227 270/155/157 267/153/156 268/153/226 
f 270/155/157 183/155/157 182/153/156 267/153/156 
f 183/155/157 270/155/157 271/157/162 188/157/162 
f 270/155/157 269/155/227 272/157/228 271/157/162 
f 273/159/229 274/159/163 271/157/162 272/157/228 
f 274/159/163 189/159/163 188/157/162 271/157/162 
f 189/159/163 274/159/163 275/161/168 194/161/168 
f 274/159/163 273/159/229 276/161/230 275/161/168 
f 277/163/231 278/163/169 275/161/168 276/161/230 
f 278/163/169 195/163/169 194/161/168 275/161/168 
f 195/163/169 278/163/169 279/165/174 200/165/174 
f 278/163/169 277/163/231 280/165/232 279/165/174 
f 251/136/131 249/136/223 279/165/174 280/165/232 
f 249/136/223 157/136/131 200/165/174 279/165/174 
f 113/92/87 112/91/86 281/218/233 282/219/234 
f 112/91/86 111/90/85 283/220/235 281/218/233 
f 201/167/175 204/170/178 281/218/233 283/220/235 
f 204/170/178 206/172/180 282/219/234 281/218/233 
f 119/101/93 118/100/92 284/221/236 285/222/237 
f 118/100/92 113/99/87 282/223/234 284/221/236 
f 206/173/180 208/176/182 284/221/236 282/223/234 
f 208/176/182 210/178/184 285/222/237 284/221/236 
f 125/107/99 124/106/98 286/224/238 287/225/239 
f 124/106/98 119/101/93 285/222/237 286/224/238 
f 210/178/184 212/180/186 286/224/238 285/222/237 
f 212/180/186 214/182/188 287/225/239 286/224/238 
f 131/113/105 130/112/104 288/226/240 289/227/241 
f 130/112/104 125/107/99 287/225/239 288/226/240 
f 214/182/188 216/184/190 288/226/240 287/225/239 
f 216/184/190 218/186/192 289/227/241 288/226/240 
f 137/119/111 136/118/110 290/228/242 291/229/243 
f 136/118/110 131/113/105 289/227/241 290/228/242 
f 218/186/192 220/188/194 290/228/242 289/227/241 
f 220/188/194 222/190/196 291/229/243 290/228/242 
f 143/125/117 142/124/116 292/230/244 293/231/245 
f 142/124/116 137/119/111 291/229/243 292/230/244 
f 222/190/196 224/192/198 292/230/244 291/229/243 
f 224/192/198 226/194/200 293/231/245 292/230/244 
f 149/131/123 148/130/122 294/232/246 295/233/247 
f 148/130/122 143/125/117 293/231/245 294/232/246 
f 226/194/200 228/196/202 294/232/246 293/231/245 
f 228/196/202 230/198/204 295/233/247 294/232/246 
f 111/90/85 152/134/126 296/234/248 283/220/235 
f 152/134/126 149/131/123 295/233/247 296/234/248 
f 230/198/204 232/200/206 296/234/248 295/233/247 
f 232/200/206 201/167/175 283/220/235 296/234/248 
f 297/33/68 298/36/67 299/35/67 300/34/68 
f 298/36/67 301/41/66 302/40/66 299/35/67 
f 303/39/66 304/38/67 299/35/67 302/40/66 
f 304/38/67 305/37/68 300/34/68 299/35/67 
f 301/42/66 306/45/64 307/44/64 302/43/66 
f 306/45/64 308/50/63 309/49/139 307/44/64 
f 310/48/63 311/47/249 307/44/64 309/49/139 
f 311/47/249 303/46/66 302/43/66 307/44/64 
f 308/50/63 312/52/62 313/51/250 309/49/139 
f 312/52/62 314/56/60 315/55/60 313/51/250 
f 316/54/60 317/53/62 313/51/250 315/55/60 
f 317/53/62 310/48/63 309/49/139 313/51/250 
f 314/56/60 318/58/59 319/57/59 315/55/60 
f 318/58/59 320/62/57 321/61/57 319/57/59 
f 322/60/57 323/59/59 319/57/59 321/61/57 
f 323/59/59 316/54/60 315/55/60 319/57/59 
f 320/62/57 324/64/78 325/63/78 321/61/57 
f 324/64/78 326/68/77 327/67/77 325/63/78 
f 328/66/77 329/65/78 325/63/78 327/67/77 
f 329/65/78 322/60/57 321/61/57 325/63/78 
f 326/68/77 330/70/75 331/69/251 327/67/77 
f 330/70/75 332/74/74 333/73/229 331/69/251 
f 334/72/74 335/71/75 331/69/251 333/73/229 
f 335/71/75 328/66/77 327/67/77 331/69/251 
f 332/74/74 336/76/73 337/75/73 333/73/229 
f 336/76/73 338/80/72 339/79/72 337/75/73 
f 340/78/72 341/77/252 337/75/73 339/79/72 
f 341/77/252 334/72/74 333/73/229 337/75/73 
f 338/80/72 342/82/70 343/81/70 339/79/72 
f 342/82/70 297/33/68 300/34/68 343/81/70 
f 305/37/68 344/83/70 343/81/70 300/34/68 
f 344/83/70 340/78/72 339/79/72 343/81/70 
f 345/84/253 346/87/254 347/86/255 348/85/256 
f 346/87/254 349/92/257 350/91/258 347/86/255 
f 351/90/259 352/89/260 347/86/255 350/91/258 
f 352/89/260 353/88/261 348/85/256 347/86/255 
f 354/93/262 355/96/263 356/95/264 357/94/265 
f 355/96/263 358/101/266 359/100/267 356/95/264 
f 349/99/257 346/98/254 356/95/264 359/100/267 
f 346/98/254 345/97/253 357/94/265 356/95/264 
f 360/102/268 361/105/269 362/104/270 363/103/271 
f 361/105/269 364/107/272 365/106/273 362/104/270 
f 358/101/266 355/96/263 362/104/270 365/106/273 
f 355/96/263 354/93/262 363/103/271 362/104/270 
f 366/108/274 367/111/275 368/110/276 369/109/277 
f 367/111/275 370/113/278 371/112/279 368/110/276 
f 364/107/272 361/105/269 368/110/276 371/112/279 
f 361/105/269 360/102/268 369/109/277 368/110/276 
f 372/114/280 373/117/281 374/116/282 375/115/283 
f 373/117/281 376/119/284 377/118/285 374/116/282 
f 370/113/278 367/111/275 374/116/282 377/118/285 
f 367/111/275 366/108/274 375/115/283 374/116/282 
f 378/120/286 379/123/287 380/122/288 381/121/289 
f 379/123/287 382/125/290 383/124/291 380/122/288 
f 376/119/284 373/117/281 380/122/288 383/124/291 
f 373/117/281 372/114/280 381/121/289 380/122/288 
f 384/126/292 385/129/293 386/128/294 387/127/295 
f 385/129/293 388/131/296 389/130/297 386/128/294 
f 382/125/290 379/123/287 386/128/294 389/130/297 
f 379/123/287 378/120/286 387/127/295 386/128/294 
f 353/88/261 352/89/260 390/133/298 391/132/299 
f 352/89/260 351/90/259 392/134/300 390/133/298 
f 388/131/296 385/129/293 390/133/298 392/134/300 
f 385/129/293 384/126/292 391/132/299 390/133/298 
f 393/135/301 394/138/302 395/137/303 396/136/304 
f 394/138/302 397/139/305 398/139/306 395/137/303 
f 399/139/133 400/137/132 395/137/303 398/139/306 
f 400/137/132 401/136/223 396/136/304 395/137/303 
f 397/140/305 402/142/307 403/141/308 398/140/306 
f 402/142/307 404/144/309 405/143/310 403/141/308 
f 406/143/139 407/141/138 403/141/308 405/143/310 
f 407/141/138 399/140/133 398/140/306 403/141/308 
f 404/144/309 408/146/311 409/145/312 405/143/310 
f 408/146/311 410/148/313 411/147/314 409/145/312 
f 412/147/145 413/145/144 409/145/312 411/147/314 
f 413/145/144 406/143/139 405/143/310 409/145/312 
f 410/148/313 414/150/315 415/149/316 411/147/314 
f 414/150/315 416/152/317 417/151/318 415/149/316 
f 418/151/225 419/149/150 415/149/316 417/151/318 
f 419/149/150 412/147/145 411/147/314 415/149/316 
f 416/152/317 420/154/319 421/153/320 417/151/318 
f 420/154/319 422/156/321 423/155/322 421/153/320 
f 424/155/157 425/153/156 421/153/320 423/155/322 
f 425/153/156 418/151/225 417/151/318 421/153/320 
f 422/156/321 426/158/323 427/157/324 423/155/322 
f 426/158/323 428/160/325 429/159/326 427/157/324 
f 430/159/163 431/157/162 427/157/324 429/159/326 
f 431/157/162 424/155/157 423/155/322 427/157/324 
f 428/160/325 432/162/327 433/161/328 429/159/326 
f 432/162/327 434/164/329 435/163/330 433/161/328 
f 436/163/169 437/161/168 433/161/328 435/163/330 
f 437/161/168 430/159/163 429/159/326 433/161/328 
f 434/164/329 438/166/331 439/165/332 435/163/330 
f 438/166/331 393/135/301 396/136/304 439/165/332 
f 401/136/223 440/165/174 439/165/332 396/136/304 
f 440/165/174 436/163/169 435/163/330 439/165/332 
f 441/167/333 442/170/334 443/169/335 444/168/336 
f 442/170/334 445/172/337 446/171/338 443/169/335 
f 397/139/305 394/138/302 443/169/335 446/171/338 
f 394/138/302 393/135/301 444/168/336 443/169/335 
f 445/173/337 447/176/339 448/175/340 446/174/338 
f 447/176/339 449/178/341 450/177/342 448/175/340 
f 404/144/309 402/142/307 448/175/340 450/177/342 
f 402/142/307 397/140/305 446/174/338 448/175/340 
f 449/178/341 451/180/343 452/179/344 450/177/342 
f 451/180/343 453/182/345 454/181/346 452/179/344 
f 410/148/313 408/146/311 452/179/344 454/181/346 
f 408/146/311 404/144/309 450/177/342 452/179/344 
f 453/182/345 455/184/347 456/183/348 454/181/346 
f 455/184/347 457/186/349 458/185/350 456/183/348 
f 416/152/317 414/150/315 456/183/348 458/185/350 
f 414/150/315 410/148/313 454/181/346 456/183/348 
f 457/186/349 459/188/351 460/187/352 458/185/350 
f 459/188/351 461/190/353 462/189/354 460/187/352 
f 422/156/321 420/154/319 460/187/352 462/189/354 
f 420/154/319 416/152/317 458/185/350 460/187/352 
f 461/190/353 463/192/355 464/191/356 462/189/354 
f 463/192/355 465/194/357 466/193/358 464/191/356 
f 428/160/325 426/158/323 464/191/356 466/193/358 
f 426/158/323 422/156/321 462/189/354 464/191/356 
f 465/194/357 467/196/359 468/195/360 466/193/358 
f 467/196/359 469/198/361 470/197/362 468/195/360 
f 434/164/329 432/162/327 468/195/360 470/197/362 
f 432/162/327 428/160/325 466/193/358 468/195/360 
f 469/198/361 471/200/363 472/199/364 470/197/362 
f 471/200/363 441/167/333 444/168/336 472/199/364 
f 393/135/301 438/166/331 472/199/364 444/168/336 
f 438/166/331 434/164/329 470/197/362 472/199/364 
f 305/37/68 304/38/67 473/202/365 474/201/366 
f 304/38/67 303/39/66 475/203/367 473/202/365 
f 345/84/253 348/85/256 473/202/365 475/203/367 
f 348/85/256 353/88/261 474/201/366 473/202/365 
f 303/46/66 311/47/249 476/205/368 475/204/367 
f 311/47/249 310/48/63 477/206/369 476/205/368 
f 354/93/262 357/94/265 476/205/368 477/206/369 
f 357/94/265 345/97/253 475/204/367 476/205/368 
f 310/48/63 317/53/62 478/207/370 477/206/369 
f 317/53/62 316/54/60 479/208/371 478/207/370 
f 360/102/268 363/103/271 478/207/370 479/208/371 
f 363/103/271 354/93/262 477/206/369 478/207/370 
f 316/54/60 323/59/59 480/209/372 479/208/371 
f 323/59/59 322/60/57 481/210/373 480/209/372 
f 366/108/274 369/109/277 480/209/372 481/210/373 
f 369/109/277 360/102/268 479/208/371 480/209/372 
f 322/60/57 329/65/78 482/211/374 481/210/373 
f 329/65/78 328/66/77 483/212/375 482/211/374 
f 372/114/280 375/115/283 482/211/374 483/212/375 
f 375/115/283 366/108/274 481/210/373 482/211/374 
f 328/66/77 335/71/75 484/213/376 483/212/375 
f 335/71/75 334/72/74 485/214/377 484/213/376 
f 378/120/286 381/121/289 484/213/376 485/214/377 
f 381/121/289 372/114/280 483/212/375 484/213/376 
f 334/72/74 341/77/252 486/215/378 485/214/377 
f 341/77/252 340/78/72 487/216/379 486/215/378 
f 384/126/292 387/127/295 486/215/378 487/216/379 
f 387/127/295 378/120/286 485/214/377 486/215/378 
f 340/78/72 344/83/70 488/217/380 487/216/379 
f 344/83/70 305/37/68 474/201/366 488/217/380 
f 353/88/261 391/132/299 488/217/380 474/201/366 
f 391/132/299 384/126/292 487/216/379 488/217/380 
f 401/136/223 400/137/132 489/137/132 490/136/131 
f 400/137/132 399/139/133 491/139/133 489/137/132 
f 253/139/133 252/137/132 489/137/132 491/139/133 
f 252/137/132 251/136/131 490/136/131 489/137/132 
f 399/140/133 407/141/138 492/141/138 491/140/133 
f 407/141/138 406/143/139 493/143/63 492/141/138 
f 257/143/224 256/141/138 492/141/138 493/143/63 
f 256/141/138 253/140/133 491/140/133 492/141/138 
f 406/143/139 413/145/144 494/145/144 493/143/63 
f 413/145/144 412/147/145 495/147/145 494/145/144 
f 261/147/145 260/145/144 494/145/144 495/147/145 
f 260/145/144 257/143/224 493/143/63 494/145/144 
f 412/147/145 419/149/150 496/149/150 495/147/145 
f 419/149/150 418/151/225 497/151/151 496/149/150 
f 265/151/151 264/149/150 496/149/150 497/151/151 
f 264/149/150 261/147/145 495/147/145 496/149/150 
f 418/151/225 425/153/156 498/153/156 497/151/151 
f 425/153/156 424/155/157 499/155/157 498/153/156 
f 269/155/227 268/153/226 498/153/156 499/155/157 
f 268/153/226 265/151/151 497/151/151 498/153/156 
f 424/155/157 431/157/162 500/157/162 499/155/157 
f 431/157/162 430/159/163 501/159/163 500/157/162 
f 273/159/229 272/157/228 500/157/162 501/159/163 
f 272/157/228 269/155/227 499/155/157 500/157/162 
f 430/159/163 437/161/168 502/161/168 501/159/163 
f 437/161/168 436/163/169 503/163/169 502/161/168 
f 277/163/231 276/161/230 502/161/168 503/163/169 
f 276/161/230 273/159/229 501/159/163 502/161/168 
f 436/163/169 440/165/174 504/165/174 503/163/169 
f 440/165/174 401/136/223 490/136/131 504/165/174 
f 251/136/131 280/165/232 504/165/174 490/136/131 
f 280/165/232 277/163/231 503/163/169 504/165/174 
f 349/92/257 505/219/381 506/218/382 350/91/258 
f 505/219/381 445/172/337 442/170/334 506/218/382 
f 441/167/333 507/220/383 506/218/382 442/170/334 
f 507/220/383 351/90/259 350/91/258 506/218/382 
f 358/101/266 508/222/384 509/221/385 359/100/267 
f 508/222/384 449/178/341 447/176/339 509/221/385 
f 445/173/337 505/223/381 509/221/385 447/176/339 
f 505/223/381 349/99/257 359/100/267 509/221/385 
f 364/107/272 510/225/386 511/224/387 365/106/273 
f 510/225/386 453/182/345 451/180/343 511/224/387 
f 449/178/341 508/222/384 511/224/387 451/180/343 
f 508/222/384 358/101/266 365/106/273 511/224/387 
f 370/113/278 512/227/388 513/226/389 371/112/279 
f 512/227/388 457/186/349 455/184/347 513/226/389 
f 453/182/345 510/225/386 513/226/389 455/184/347 
f 510/225/386 364/107/272 371/112/279 513/226/389 
f 376/119/284 514/229/390 515/228/391 377/118/285 
f 514/229/390 461/190/353 459/188/351 515/228/391 
f 457/186/349 512/227/388 515/228/391 459/188/351 
f 512/227/388 370/113/278 377/118/285 515/228/391 
f 382/125/290 516/231/392 517/230/393 383/124/291 
f 516/231/392 465/194/357 463/192/355 517/230/393 
f 461/190/353 514/229/390 517/230/393 463/192/355 
f 514/229/390 376/119/284 383/124/291 517/230/393 
f 388/131/296 518/233/394 519/232/395 389/130/297 
f 518/233/394 469/198/361 467/196/359 519/232/395 
f 465/194/357 516/231/392 519/232/395 467/196/359 
f 516/231/392 382/125/290 389/130/297 519/232/395 
f 351/90/259 507/220/383 520/234/396 392/134/300 
f 507/220/383 441/167/333 471/200/363 520/234/396 
f 469/198/361 518/233/394 520/234/396 471/200/363 
f 518/233/394 388/131/296 392/134/300 520/234/396 
s 2
f 521/235/397 522/236/223 523/237/398 524/238/399 
f 525/239/400 526/240/401 527/241/402 528/242/403 
f 529/243/404 530/244/405 526/240/401 525/239/400 
f 531/245/406 532/246/407 530/244/405 529/243/404 
f 533/247/408 534/248/409 532/246/407 531/245/406 
f 535/249/410 536/250/411 534/248/409 533/247/408 
f 537/251/412 538/252/413 536/250/411 535/249/410 
f 539/253/414 540/254/415 538/252/413 537/251/412 
f 541/255/416 542/256/417 540/254/415 539/253/414 
f 543/257/418 544/258/419 542/256/417 541/255/416 
f 524/238/399 523/237/398 544/258/419 543/257/418 
f 545/259/420 546/260/421 547/261/422 548/262/423 
f 549/263/424 550/264/425 546/260/421 545/259/420 
f 551/265/426 552/266/427 550/264/425 549/263/424 
f 553/267/428 554/268/429 552/266/427 551/265/426 
f 555/269/430 556/270/431 554/268/429 553/267/428 
f 557/271/432 558/272/433 556/270/431 555/269/430 
f 559/273/434 560/274/131 558/272/433 557/271/432 
f 561/275/435 562/276/436 560/274/131 559/273/434 
f 563/277/131 564/278/436 562/276/436 561/275/435 
f 522/236/223 521/235/397 564/278/436 563/277/131 
f 565/279/437 566/280/438 567/281/439 568/282/440 
f 569/283/131 565/279/437 568/282/440 570/284/441 
f 571/285/442 569/283/131 570/284/441 572/286/443 
f 573/287/444 571/285/442 572/286/443 574/288/445 
f 575/289/446 573/287/444 574/288/445 576/290/447 
f 577/291/448 575/289/446 576/290/447 578/292/449 
f 579/293/131 577/291/448 578/292/449 580/294/450 
f 522/236/223 579/293/131 580/294/450 523/237/398 
f 581/295/451 582/296/452 583/297/453 584/298/454 
f 585/299/455 583/297/453 582/296/452 586/300/131 
f 586/300/131 587/301/456 588/302/457 585/299/455 
f 589/303/458 588/302/457 587/301/456 590/304/459 
f 590/304/459 591/305/436 592/306/460 589/303/458 
f 593/307/461 592/306/460 591/305/436 594/308/462 
f 594/308/462 595/309/436 596/310/463 593/307/461 
f 524/238/399 596/310/463 595/309/436 521/235/397 
f 597/311/464 598/312/465 599/20/466 600/313/467 
f 601/314/468 597/311/464 600/313/467 602/315/469 
f 603/316/470 601/314/468 602/315/469 604/317/471 
f 605/318/472 603/316/470 604/317/471 606/319/473 
f 607/320/474 605/318/472 606/319/473 608/321/475 
f 609/322/476 607/320/474 608/321/475 610/323/477 
f 611/324/478 609/322/476 610/323/477 612/325/479 
f 526/240/401 611/324/478 612/325/479 527/241/402 
f 613/326/480 614/327/481 615/328/482 616/17/483 
f 617/329/484 615/328/482 614/327/481 618/330/485 
f 618/330/485 619/331/486 620/332/487 617/329/484 
f 621/333/488 620/332/487 619/331/486 622/334/489 
f 622/334/489 623/335/490 624/336/491 621/333/488 
f 625/337/492 624/336/491 623/335/490 626/338/493 
f 626/338/493 627/339/494 628/340/495 625/337/492 
f 528/242/403 628/340/495 627/339/494 525/239/400 
f 629/341/496 630/342/497 598/312/465 597/311/464 
f 631/343/131 629/341/496 597/311/464 601/314/468 
f 632/344/131 631/343/131 601/314/468 603/316/470 
f 633/345/131 632/344/131 603/316/470 605/318/472 
f 634/346/131 633/345/131 605/318/472 607/320/474 
f 635/347/498 634/346/131 607/320/474 609/322/476 
f 636/348/499 635/347/498 609/322/476 611/324/478 
f 530/244/405 636/348/499 611/324/478 526/240/401 
f 637/349/500 638/350/501 614/327/481 613/326/480 
f 618/330/485 614/327/481 638/350/501 639/351/131 
f 639/351/131 640/352/131 619/331/486 618/330/485 
f 622/334/489 619/331/486 640/352/131 641/353/502 
f 641/353/502 642/354/131 623/335/490 622/334/489 
f 626/338/493 623/335/490 642/354/131 643/355/503 
f 643/355/503 644/356/435 627/339/494 626/338/493 
f 525/239/400 627/339/494 644/356/435 529/243/404 
f 645/357/504 646/358/505 630/342/497 629/341/496 
f 647/359/131 645/357/504 629/341/496 631/343/131 
f 648/360/131 647/359/131 631/343/131 632/344/131 
f 649/361/506 648/360/131 632/344/131 633/345/131 
f 650/362/507 649/361/506 633/345/131 634/346/131 
f 651/363/223 650/362/507 634/346/131 635/347/498 
f 652/364/508 651/363/223 635/347/498 636/348/499 
f 532/246/407 652/364/508 636/348/499 530/244/405 
f 653/365/509 654/366/510 638/350/501 637/349/500 
f 639/351/131 638/350/501 654/366/510 655/367/131 
f 655/367/131 656/368/131 640/352/131 639/351/131 
f 641/353/502 640/352/131 656/368/131 657/369/131 
f 657/369/131 658/370/511 642/354/131 641/353/502 
f 643/355/503 642/354/131 658/370/511 659/371/512 
f 659/371/512 660/372/435 644/356/435 643/355/503 
f 529/243/404 644/356/435 660/372/435 531/245/406 
f 661/373/513 662/374/514 646/358/505 645/357/504 
f 663/375/131 661/373/513 645/357/504 647/359/131 
f 664/376/515 663/375/131 647/359/131 648/360/131 
f 665/377/516 664/376/515 648/360/131 649/361/506 
f 666/378/517 665/377/516 649/361/506 650/362/507 
f 667/379/518 666/378/517 650/362/507 651/363/223 
f 668/380/519 667/379/518 651/363/223 652/364/508 
f 534/248/409 668/380/519 652/364/508 532/246/407 
f 669/381/520 670/382/521 654/366/510 653/365/509 
f 655/367/131 654/366/510 670/382/521 671/383/131 
f 671/383/131 672/384/131 656/368/131 655/367/131 
f 657/369/131 656/368/131 672/384/131 673/385/131 
f 673/385/131 674/386/522 658/370/511 657/369/131 
f 659/371/512 658/370/511 674/386/522 675/387/523 
f 675/387/523 676/388/524 660/372/435 659/371/512 
f 531/245/406 660/372/435 676/388/524 533/247/408 
f 677/389/525 678/390/526 662/374/514 661/373/513 
f 679/391/527 677/389/525 661/373/513 663/375/131 
f 680/392/528 679/391/527 663/375/131 664/376/515 
f 681/393/529 680/392/528 664/376/515 665/377/516 
f 682/394/530 681/393/529 665/377/516 666/378/517 
f 683/395/531 682/394/530 666/378/517 667/379/518 
f 684/396/532 683/395/531 667/379/518 668/380/519 
f 536/250/411 684/396/532 668/380/519 534/248/409 
f 685/397/533 686/398/534 670/382/521 669/381/520 
f 671/383/131 670/382/521 686/398/534 687/399/131 
f 687/399/131 688/400/131 672/384/131 671/383/131 
f 673/385/131 672/384/131 688/400/131 689/401/535 
f 689/401/535 690/402/536 674/386/522 673/385/131 
f 675/387/523 674/386/522 690/402/536 691/403/537 
f 691/403/537 692/404/538 676/388/524 675/387/523 
f 533/247/408 676/388/524 692/404/538 535/249/410 
f 693/405/539 694/406/540 678/390/526 677/389/525 
f 695/407/131 693/405/539 677/389/525 679/391/527 
f 696/408/541 695/407/131 679/391/527 680/392/528 
f 697/409/542 696/408/541 680/392/528 681/393/529 
f 698/410/543 697/409/542 681/393/529 682/394/530 
f 699/411/544 698/410/543 682/394/530 683/395/531 
f 700/412/545 699/411/544 683/395/531 684/396/532 
f 538/252/413 700/412/545 684/396/532 536/250/411 
f 701/413/546 702/414/547 686/398/534 685/397/533 
f 687/399/131 686/398/534 702/414/547 703/415/131 
f 703/415/131 704/416/548 688/400/131 687/399/131 
f 689/401/535 688/400/131 704/416/548 705/417/549 
f 705/417/549 706/418/550 690/402/536 689/401/535 
f 691/403/537 690/402/536 706/418/550 707/419/551 
f 707/419/551 708/420/552 692/404/538 691/403/537 
f 535/249/410 692/404/538 708/420/552 537/251/412 
f 709/421/553 710/422/554 694/406/540 693/405/539 
f 711/423/131 709/421/553 693/405/539 695/407/131 
f 712/424/131 711/423/131 695/407/131 696/408/541 
f 713/425/131 712/424/131 696/408/541 697/409/542 
f 714/426/555 713/425/131 697/409/542 698/410/543 
f 715/427/556 714/426/555 698/410/543 699/411/544 
f 716/428/557 715/427/556 699/411/544 700/412/545 
f 540/254/415 716/428/557 700/412/545 538/252/413 
f 717/429/558 718/430/559 702/414/547 701/413/546 
f 703/415/131 702/414/547 718/430/559 719/431/131 
f 719/431/131 720/432/560 704/416/548 703/415/131 
f 705/417/549 704/416/548 720/432/560 721/433/561 
f 721/433/561 722/434/562 706/418/550 705/417/549 
f 707/419/551 706/418/550 722/434/562 723/435/563 
f 723/435/563 724/436/564 708/420/552 707/419/551 
f 537/251/412 708/420/552 724/436/564 539/253/414 
f 725/437/565 726/438/566 710/422/554 709/421/553 
f 727/439/131 725/437/565 709/421/553 711/423/131 
f 728/440/131 727/439/131 711/423/131 712/424/131 
f 729/441/567 728/440/131 712/424/131 713/425/131 
f 730/442/568 729/441/567 713/425/131 714/426/555 
f 731/443/569 730/442/568 714/426/555 715/427/556 
f 732/444/570 731/443/569 715/427/556 716/428/557 
f 542/256/417 732/444/570 716/428/557 540/254/415 
f 733/445/571 734/446/572 718/430/559 717/429/558 
f 719/431/131 718/430/559 734/446/572 735/447/131 
f 735/447/131 736/448/573 720/432/560 719/431/131 
f 721/433/561 720/432/560 736/448/573 737/449/574 
f 737/449/574 738/450/575 722/434/562 721/433/561 
f 723/435/563 722/434/562 738/450/575 739/451/576 
f 739/451/576 740/452/577 724/436/564 723/435/563 
f 539/253/414 724/436/564 740/452/577 541/255/416 
f 741/453/578 742/454/579 726/438/566 725/437/565 
f 743/455/131 741/453/578 725/437/565 727/439/131 
f 744/456/580 743/455/131 727/439/131 728/440/131 
f 745/457/581 744/456/580 728/440/131 729/441/567 
f 746/458/582 745/457/581 729/441/567 730/442/568 
f 747/459/583 746/458/582 730/442/568 731/443/569 
f 748/460/584 747/459/583 731/443/569 732/444/570 
f 544/258/419 748/460/584 732/444/570 542/256/417 
f 749/461/585 750/462/586 734/446/572 733/445/571 
f 735/447/131 734/446/572 750/462/586 751/463/587 
f 751/463/587 752/464/588 736/448/573 735/447/131 
f 737/449/574 736/448/573 752/464/588 753/465/589 
f 753/465/589 754/466/590 738/450/575 737/449/574 
f 739/451/576 738/450/575 754/466/590 755/467/591 
f 755/467/591 756/468/592 740/452/577 739/451/576 
f 541/255/416 740/452/577 756/468/592 543/257/418 
f 568/282/440 567/281/439 742/454/579 741/453/578 
f 570/284/441 568/282/440 741/453/578 743/455/131 
f 572/286/443 570/284/441 743/455/131 744/456/580 
f 574/288/445 572/286/443 744/456/580 745/457/581 
f 576/290/447 574/288/445 745/457/581 746/458/582 
f 578/292/449 576/290/447 746/458/582 747/459/583 
f 580/294/450 578/292/449 747/459/583 748/460/584 
f 523/237/398 580/294/450 748/460/584 544/258/419 
f 584/298/454 583/297/453 750/462/586 749/461/585 
f 751/463/587 750/462/586 583/297/453 585/299/455 
f 585/299/455 588/302/457 752/464/588 751/463/587 
f 753/465/589 752/464/588 588/302/457 589/303/458 
f 589/303/458 592/306/460 754/466/590 753/465/589 
f 755/467/591 754/466/590 592/306/460 593/307/461 
f 593/307/461 596/310/463 756/468/592 755/467/591 
f 543/257/418 756/468/592 596/310/463 524/238/399 
f 757/469/593 758/470/594 759/14/595 760/471/596 
f 761/472/597 757/469/593 760/471/596 762/473/598 
f 763/474/599 761/472/597 762/473/598 764/475/600 
f 765/476/601 763/474/599 764/475/600 766/477/602 
f 767/478/603 765/476/601 766/477/602 768/479/604 
f 769/480/605 767/478/603 768/479/604 770/481/606 
f 771/482/607 769/480/605 770/481/606 772/483/608 
f 546/260/421 771/482/607 772/483/608 547/261/422 
f 773/484/609 774/485/610 775/486/611 776/23/612 
f 777/487/613 775/486/611 774/485/610 778/488/614 
f 778/488/614 779/489/615 780/490/616 777/487/613 
f 781/491/617 780/490/616 779/489/615 782/492/618 
f 782/492/618 783/493/619 784/494/620 781/491/617 
f 785/495/621 784/494/620 783/493/619 786/496/622 
f 786/496/622 787/497/623 788/498/624 785/495/621 
f 548/262/423 788/498/624 787/497/623 545/259/420 
f 789/499/625 790/500/626 758/470/594 757/469/593 
f 791/501/627 789/499/625 757/469/593 761/472/597 
f 792/502/628 791/501/627 761/472/597 763/474/599 
f 793/503/629 792/502/628 763/474/599 765/476/601 
f 794/504/630 793/503/629 765/476/601 767/478/603 
f 795/505/631 794/504/630 767/478/603 769/480/605 
f 796/506/632 795/505/631 769/480/605 771/482/607 
f 550/264/425 796/506/632 771/482/607 546/260/421 
f 797/507/633 798/508/634 774/485/610 773/484/609 
f 778/488/614 774/485/610 798/508/634 799/509/635 
f 799/509/635 800/510/636 779/489/615 778/488/614 
f 782/492/618 779/489/615 800/510/636 801/511/637 
f 801/511/637 802/512/638 783/493/619 782/492/618 
f 786/496/622 783/493/619 802/512/638 803/513/639 
f 803/513/639 804/514/640 787/497/623 786/496/622 
f 545/259/420 787/497/623 804/514/640 549/263/424 
f 805/515/641 806/516/642 790/500/626 789/499/625 
f 807/517/643 805/515/641 789/499/625 791/501/627 
f 808/518/644 807/517/643 791/501/627 792/502/628 
f 809/519/645 808/518/644 792/502/628 793/503/629 
f 810/520/646 809/519/645 793/503/629 794/504/630 
f 811/521/647 810/520/646 794/504/630 795/505/631 
f 812/522/648 811/521/647 795/505/631 796/506/632 
f 552/266/427 812/522/648 796/506/632 550/264/425 
f 813/523/649 814/524/650 798/508/634 797/507/633 
f 799/509/635 798/508/634 814/524/650 815/525/651 
f 815/525/651 816/526/652 800/510/636 799/509/635 
f 801/511/637 800/510/636 816/526/652 817/527/653 
f 817/527/653 818/528/654 802/512/638 801/511/637 
f 803/513/639 802/512/638 818/528/654 819/529/655 
f 819/529/655 820/530/656 804/514/640 803/513/639 
f 549/263/424 804/514/640 820/530/656 551/265/426 
f 821/531/657 822/532/658 806/516/642 805/515/641 
f 823/533/659 821/531/657 805/515/641 807/517/643 
f 824/534/660 823/533/659 807/517/643 808/518/644 
f 825/535/661 824/534/660 808/518/644 809/519/645 
f 826/536/662 825/535/661 809/519/645 810/520/646 
f 827/537/663 826/536/662 810/520/646 811/521/647 
f 828/538/664 827/537/663 811/521/647 812/522/648 
f 554/268/429 828/538/664 812/522/648 552/266/427 
f 829/539/665 830/540/666 814/524/650 813/523/649 
f 815/525/651 814/524/650 830/540/666 831/541/667 
f 831/541/667 832/542/668 816/526/652 815/525/651 
f 817/527/653 816/526/652 832/542/668 833/543/669 
f 833/543/669 834/544/131 818/528/654 817/527/653 
f 819/529/655 818/528/654 834/544/131 835/545/670 
f 835/545/670 836/546/671 820/530/656 819/529/655 
f 551/265/426 820/530/656 836/546/671 553/267/428 
f 837/547/672 838/548/673 822/532/658 821/531/657 
f 839/549/674 837/547/672 821/531/657 823/533/659 
f 840/550/675 839/549/674 823/533/659 824/534/660 
f 841/551/676 840/550/675 824/534/660 825/535/661 
f 842/552/677 841/551/676 825/535/661 826/536/662 
f 843/553/678 842/552/677 826/536/662 827/537/663 
f 844/554/679 843/553/678 827/537/663 828/538/664 
f 556/270/431 844/554/679 828/538/664 554/268/429 
f 845/555/680 846/556/681 830/540/666 829/539/665 
f 831/541/667 830/540/666 846/556/681 847/557/131 
f 847/557/131 848/558/131 832/542/668 831/541/667 
f 833/543/669 832/542/668 848/558/131 849/559/682 
f 849/559/682 850/560/683 834/544/131 833/543/669 
f 835/545/670 834/544/131 850/560/683 851/561/684 
f 851/561/684 852/562/685 836/546/671 835/545/670 
f 553/267/428 836/546/671 852/562/685 555/269/430 
f 853/563/686 854/564/687 838/548/673 837/547/672 
f 855/565/688 853/563/686 837/547/672 839/549/674 
f 856/566/689 855/565/688 839/549/674 840/550/675 
f 857/567/690 856/566/689 840/550/675 841/551/676 
f 858/568/691 857/567/690 841/551/676 842/552/677 
f 859/569/692 858/568/691 842/552/677 843/553/678 
f 860/570/693 859/569/692 843/553/678 844/554/679 
f 558/272/433 860/570/693 844/554/679 556/270/431 
f 861/571/694 862/572/695 846/556/681 845/555/680 
f 847/557/131 846/556/681 862/572/695 863/573/131 
f 863/573/131 864/574/696 848/558/131 847/557/131 
f 849/559/682 848/558/131 864/574/696 865/575/436 
f 865/575/436 866/576/697 850/560/683 849/559/682 
f 851/561/684 850/560/683 866/576/697 867/577/698 
f 867/577/698 868/578/699 852/562/685 851/561/684 
f 555/269/430 852/562/685 868/578/699 557/271/432 
f 869/579/700 870/580/701 854/564/687 853/563/686 
f 871/581/702 869/579/700 853/563/686 855/565/688 
f 872/582/703 871/581/702 855/565/688 856/566/689 
f 873/583/704 872/582/703 856/566/689 857/567/690 
f 874/584/705 873/583/704 857/567/690 858/568/691 
f 875/585/706 874/584/705 858/568/691 859/569/692 
f 876/586/707 875/585/706 859/569/692 860/570/693 
f 560/274/131 876/586/707 860/570/693 558/272/433 
f 877/587/708 878/588/709 862/572/695 861/571/694 
f 863/573/131 862/572/695 878/588/709 879/589/710 
f 879/589/710 880/590/711 864/574/696 863/573/131 
f 865/575/436 864/574/696 880/590/711 881/591/712 
f 881/591/712 882/592/713 866/576/697 865/575/436 
f 867/577/698 866/576/697 882/592/713 883/593/714 
f 883/593/714 884/594/715 868/578/699 867/577/698 
f 557/271/432 868/578/699 884/594/715 559/273/434 
f 885/595/716 886/596/717 870/580/701 869/579/700 
f 887/597/436 885/595/716 869/579/700 871/581/702 
f 888/598/718 887/597/436 871/581/702 872/582/703 
f 889/599/719 888/598/718 872/582/703 873/583/704 
f 890/600/720 889/599/719 873/583/704 874/584/705 
f 891/601/721 890/600/720 874/584/705 875/585/706 
f 892/602/722 891/601/721 875/585/706 876/586/707 
f 562/276/436 892/602/722 876/586/707 560/274/131 
f 893/603/723 894/604/724 878/588/709 877/587/708 
f 879/589/710 878/588/709 894/604/724 895/605/725 
f 895/605/725 896/606/726 880/590/711 879/589/710 
f 881/591/712 880/590/711 896/606/726 897/607/727 
f 897/607/727 898/608/728 882/592/713 881/591/712 
f 883/593/714 882/592/713 898/608/728 899/609/729 
f 899/609/729 900/610/131 884/594/715 883/593/714 
f 559/273/434 884/594/715 900/610/131 561/275/435 
f 901/611/730 902/612/731 886/596/717 885/595/716 
f 903/613/732 901/611/730 885/595/716 887/597/436 
f 904/614/131 903/613/732 887/597/436 888/598/718 
f 905/615/733 904/614/131 888/598/718 889/599/719 
f 906/616/734 905/615/733 889/599/719 890/600/720 
f 907/617/728 906/616/734 890/600/720 891/601/721 
f 908/618/735 907/617/728 891/601/721 892/602/722 
f 564/278/436 908/618/735 892/602/722 562/276/436 
f 909/619/736 910/620/737 894/604/724 893/603/723 
f 895/605/725 894/604/724 910/620/737 911/621/131 
f 911/621/131 912/622/738 896/606/726 895/605/725 
f 897/607/727 896/606/726 912/622/738 913/623/739 
f 913/623/739 914/624/740 898/608/728 897/607/727 
f 899/609/729 898/608/728 914/624/740 915/625/131 
f 915/625/131 916/626/131 900/610/131 899/609/729 
f 561/275/435 900/610/131 916/626/131 563/277/131 
f 582/296/452 581/295/451 902/612/731 901/611/730 
f 586/300/131 582/296/452 901/611/730 903/613/732 
f 587/301/456 586/300/131 903/613/732 904/614/131 
f 590/304/459 587/301/456 904/614/131 905/615/733 
f 591/305/436 590/304/459 905/615/733 906/616/734 
f 594/308/462 591/305/436 906/616/734 907/617/728 
f 595/309/436 594/308/462 907/617/728 908/618/735 
f 521/235/397 595/309/436 908/618/735 564/278/436 
f 566/280/438 565/279/437 910/620/737 909/619/736 
f 911/621/131 910/620/737 565/279/437 569/283/131 
f 569/283/131 571/285/442 912/622/738 911/621/131 
f 913/623/739 912/622/738 571/285/442 573/287/444 
f 573/287/444 575/289/446 914/624/740 913/623/739 
f 915/625/131 914/624/740 575/289/446 577/291/448 
f 577/291/448 579/293/131 916/626/131 915/625/131 
f 563/277/131 916/626/131 579/293/131 522/236/223 
f 917/237/741 918/236/742 919/235/743 920/238/744 
f 921/241/745 922/240/746 923/239/747 924/242/748 
f 922/240/746 925/244/749 926/243/750 923/239/747 
f 925/244/749 927/246/751 928/245/752 926/243/750 
f 927/246/751 929/248/753 930/247/754 928/245/752 
f 929/248/753 931/250/755 932/249/756 930/247/754 
f 931/250/755 933/252/757 934/251/758 932/249/756 
f 933/252/757 935/254/759 936/253/760 934/251/758 
f 935/254/759 937/256/761 938/255/762 936/253/760 
f 937/256/761 939/258/763 940/257/764 938/255/762 
f 939/258/763 917/237/741 920/238/744 940/257/764 
f 941/261/765 942/260/766 943/259/767 944/262/768 
f 942/260/766 945/264/769 946/263/770 943/259/767 
f 945/264/769 947/266/771 948/265/772 946/263/770 
f 947/266/771 949/268/773 950/267/774 948/265/772 
f 949/268/773 951/270/775 952/269/776 950/267/774 
f 951/270/775 953/272/777 954/271/778 952/269/776 
f 953/272/777 955/274/779 956/273/780 954/271/778 
f 955/274/779 957/276/781 958/275/225 956/273/780 
f 957/276/781 959/278/742 960/277/225 958/275/225 
f 959/278/742 919/235/743 918/236/742 960/277/225 
f 961/281/782 962/280/783 963/279/784 964/282/785 
f 964/282/785 963/279/784 965/283/786 966/284/787 
f 966/284/787 965/283/786 967/285/788 968/286/789 
f 968/286/789 967/285/788 969/287/790 970/288/791 
f 970/288/791 969/287/790 971/289/792 972/290/793 
f 972/290/793 971/289/792 973/291/794 974/292/795 
f 974/292/795 973/291/794 975/293/796 976/294/797 
f 976/294/797 975/293/796 918/236/742 917/237/741 
f 977/297/798 978/296/799 979/295/800 980/298/801 
f 978/296/799 977/297/798 981/299/802 982/300/803 
f 983/302/804 984/301/805 982/300/803 981/299/802 
f 984/301/805 983/302/804 985/303/806 986/304/807 
f 987/306/808 988/305/809 986/304/807 985/303/806 
f 988/305/809 987/306/808 989/307/810 990/308/811 
f 991/310/812 992/309/813 990/308/811 989/307/810 
f 992/309/813 991/310/812 920/238/744 919/235/743 
f 993/20/814 994/312/815 995/311/816 996/313/817 
f 996/313/817 995/311/816 997/314/818 998/315/819 
f 998/315/819 997/314/818 999/316/820 1000/317/821 
f 1000/317/821 999/316/820 1001/318/822 1002/319/823 
f 1002/319/823 1001/318/822 1003/320/824 1004/321/825 
f 1004/321/825 1003/320/824 1005/322/826 1006/323/827 
f 1006/323/827 1005/322/826 1007/324/828 1008/325/829 
f 1008/325/829 1007/324/828 922/240/746 921/241/745 
f 1009/328/830 1010/327/831 1011/326/832 1012/17/833 
f 1010/327/831 1009/328/830 1013/329/834 1014/330/835 
f 1015/332/836 1016/331/837 1014/330/835 1013/329/834 
f 1016/331/837 1015/332/836 1017/333/838 1018/334/839 
f 1019/336/840 1020/335/841 1018/334/839 1017/333/838 
f 1020/335/841 1019/336/840 1021/337/842 1022/338/843 
f 1023/340/844 1024/339/845 1022/338/843 1021/337/842 
f 1024/339/845 1023/340/844 924/242/748 923/239/747 
f 994/312/815 1025/342/846 1026/341/847 995/311/816 
f 995/311/816 1026/341/847 1027/343/848 997/314/818 
f 997/314/818 1027/343/848 1028/344/849 999/316/820 
f 999/316/820 1028/344/849 1029/345/850 1001/318/822 
f 1001/318/822 1029/345/850 1030/346/851 1003/320/824 
f 1003/320/824 1030/346/851 1031/347/852 1005/322/826 
f 1005/322/826 1031/347/852 1032/348/853 1007/324/828 
f 1007/324/828 1032/348/853 925/244/749 922/240/746 
f 1010/327/831 1033/350/854 1034/349/855 1011/326/832 
f 1033/350/854 1010/327/831 1014/330/835 1035/351/856 
f 1016/331/837 1036/352/857 1035/351/856 1014/330/835 
f 1036/352/857 1016/331/837 1018/334/839 1037/353/858 
f 1020/335/841 1038/354/859 1037/353/858 1018/334/839 
f 1038/354/859 1020/335/841 1022/338/843 1039/355/860 
f 1024/339/845 1040/356/861 1039/355/860 1022/338/843 
f 1040/356/861 1024/339/845 923/239/747 926/243/750 
f 1025/342/846 1041/358/862 1042/357/863 1026/341/847 
f 1026/341/847 1042/357/863 1043/359/864 1027/343/848 
f 1027/343/848 1043/359/864 1044/360/865 1028/344/849 
f 1028/344/849 1044/360/865 1045/361/866 1029/345/850 
f 1029/345/850 1045/361/866 1046/362/867 1030/346/851 
f 1030/346/851 1046/362/867 1047/363/868 1031/347/852 
f 1031/347/852 1047/363/868 1048/364/869 1032/348/853 
f 1032/348/853 1048/364/869 927/246/751 925/244/749 
f 1033/350/854 1049/366/870 1050/365/871 1034/349/855 
f 1049/366/870 1033/350/854 1035/351/856 1051/367/872 
f 1036/352/857 1052/368/151 1051/367/872 1035/351/856 
f 1052/368/151 1036/352/857 1037/353/858 1053/369/873 
f 1038/354/859 1054/370/874 1053/369/873 1037/353/858 
f 1054/370/874 1038/354/859 1039/355/860 1055/371/875 
f 1040/356/861 1056/372/876 1055/371/875 1039/355/860 
f 1056/372/876 1040/356/861 926/243/750 928/245/752 
f 1041/358/862 1057/374/877 1058/373/878 1042/357/863 
f 1042/357/863 1058/373/878 1059/375/879 1043/359/864 
f 1043/359/864 1059/375/879 1060/376/880 1044/360/865 
f 1044/360/865 1060/376/880 1061/377/881 1045/361/866 
f 1045/361/866 1061/377/881 1062/378/882 1046/362/867 
f 1046/362/867 1062/378/882 1063/379/883 1047/363/868 
f 1047/363/868 1063/379/883 1064/380/884 1048/364/869 
f 1048/364/869 1064/380/884 929/248/753 927/246/751 
f 1049/366/870 1065/382/885 1066/381/886 1050/365/871 
f 1065/382/885 1049/366/870 1051/367/872 1067/383/887 
f 1052/368/151 1068/384/225 1067/383/887 1051/367/872 
f 1068/384/225 1052/368/151 1053/369/873 1069/385/888 
f 1054/370/874 1070/386/889 1069/385/888 1053/369/873 
f 1070/386/889 1054/370/874 1055/371/875 1071/387/890 
f 1056/372/876 1072/388/891 1071/387/890 1055/371/875 
f 1072/388/891 1056/372/876 928/245/752 930/247/754 
f 1057/374/877 1073/390/892 1074/389/893 1058/373/878 
f 1058/373/878 1074/389/893 1075/391/894 1059/375/879 
f 1059/375/879 1075/391/894 1076/392/895 1060/376/880 
f 1060/376/880 1076/392/895 1077/393/896 1061/377/881 
f 1061/377/881 1077/393/896 1078/394/897 1062/378/882 
f 1062/378/882 1078/394/897 1079/395/898 1063/379/883 
f 1063/379/883 1079/395/898 1080/396/899 1064/380/884 
f 1064/380/884 1080/396/899 931/250/755 929/248/753 
f 1065/382/885 1081/398/900 1082/397/901 1066/381/886 
f 1081/398/900 1065/382/885 1067/383/887 1083/399/887 
f 1068/384/225 1084/400/902 1083/399/887 1067/383/887 
f 1084/400/902 1068/384/225 1069/385/888 1085/401/903 
f 1070/386/889 1086/402/904 1085/401/903 1069/385/888 
f 1086/402/904 1070/386/889 1071/387/890 1087/403/905 
f 1072/388/891 1088/404/906 1087/403/905 1071/387/890 
f 1088/404/906 1072/388/891 930/247/754 932/249/756 
f 1073/390/892 1089/406/907 1090/405/908 1074/389/893 
f 1074/389/893 1090/405/908 1091/407/909 1075/391/894 
f 1075/391/894 1091/407/909 1092/408/910 1076/392/895 
f 1076/392/895 1092/408/910 1093/409/911 1077/393/896 
f 1077/393/896 1093/409/911 1094/410/912 1078/394/897 
f 1078/394/897 1094/410/912 1095/411/913 1079/395/898 
f 1079/395/898 1095/411/913 1096/412/914 1080/396/899 
f 1080/396/899 1096/412/914 933/252/757 931/250/755 
f 1081/398/900 1097/414/915 1098/413/916 1082/397/901 
f 1097/414/915 1081/398/900 1083/399/887 1099/415/917 
f 1084/400/902 1100/416/918 1099/415/917 1083/399/887 
f 1100/416/918 1084/400/902 1085/401/903 1101/417/919 
f 1086/402/904 1102/418/920 1101/417/919 1085/401/903 
f 1102/418/920 1086/402/904 1087/403/905 1103/419/921 
f 1088/404/906 1104/420/922 1103/419/921 1087/403/905 
f 1104/420/922 1088/404/906 932/249/756 934/251/758 
f 1089/406/907 1105/422/923 1106/421/924 1090/405/908 
f 1090/405/908 1106/421/924 1107/423/925 1091/407/909 
f 1091/407/909 1107/423/925 1108/424/926 1092/408/910 
f 1092/408/910 1108/424/926 1109/425/927 1093/409/911 
f 1093/409/911 1109/425/927 1110/426/928 1094/410/912 
f 1094/410/912 1110/426/928 1111/427/929 1095/411/913 
f 1095/411/913 1111/427/929 1112/428/930 1096/412/914 
f 1096/412/914 1112/428/930 935/254/759 933/252/757 
f 1097/414/915 1113/430/931 1114/429/932 1098/413/916 
f 1113/430/931 1097/414/915 1099/415/917 1115/431/933 
f 1100/416/918 1116/432/934 1115/431/933 1099/415/917 
f 1116/432/934 1100/416/918 1101/417/919 1117/433/935 
f 1102/418/920 1118/434/936 1117/433/935 1101/417/919 
f 1118/434/936 1102/418/920 1103/419/921 1119/435/937 
f 1104/420/922 1120/436/938 1119/435/937 1103/419/921 
f 1120/436/938 1104/420/922 934/251/758 936/253/760 
f 1105/422/923 1121/438/939 1122/437/940 1106/421/924 
f 1106/421/924 1122/437/940 1123/439/941 1107/423/925 
f 1107/423/925 1123/439/941 1124/440/942 1108/424/926 
f 1108/424/926 1124/440/942 1125/441/943 1109/425/927 
f 1109/425/927 1125/441/943 1126/442/944 1110/426/928 
f 1110/426/928 1126/442/944 1127/443/945 1111/427/929 
f 1111/427/929 1127/443/945 1128/444/946 1112/428/930 
f 1112/428/930 1128/444/946 937/256/761 935/254/759 
f 1113/430/931 1129/446/947 1130/445/948 1114/429/932 
f 1129/446/947 1113/430/931 1115/431/933 1131/447/949 
f 1116/432/934 1132/448/950 1131/447/949 1115/431/933 
f 1132/448/950 1116/432/934 1117/433/935 1133/449/951 
f 1118/434/936 1134/450/952 1133/449/951 1117/433/935 
f 1134/450/952 1118/434/936 1119/435/937 1135/451/953 
f 1120/436/938 1136/452/954 1135/451/953 1119/435/937 
f 1136/452/954 1120/436/938 936/253/760 938/255/762 
f 1121/438/939 1137/454/955 1138/453/956 1122/437/940 
f 1122/437/940 1138/453/956 1139/455/957 1123/439/941 
f 1123/439/941 1139/455/957 1140/456/958 1124/440/942 
f 1124/440/942 1140/456/958 1141/457/959 1125/441/943 
f 1125/441/943 1141/457/959 1142/458/960 1126/442/944 
f 1126/442/944 1142/458/960 1143/459/961 1127/443/945 
f 1127/443/945 1143/459/961 1144/460/962 1128/444/946 
f 1128/444/946 1144/460/962 939/258/763 937/256/761 
f 1129/446/947 1145/462/963 1146/461/964 1130/445/948 
f 1145/462/963 1129/446/947 1131/447/949 1147/463/965 
f 1132/448/950 1148/464/859 1147/463/965 1131/447/949 
f 1148/464/859 1132/448/950 1133/449/951 1149/465/966 
f 1134/450/952 1150/466/967 1149/465/966 1133/449/951 
f 1150/466/967 1134/450/952 1135/451/953 1151/467/968 
f 1136/452/954 1152/468/969 1151/467/968 1135/451/953 
f 1152/468/969 1136/452/954 938/255/762 940/257/764 
f 1137/454/955 961/281/782 964/282/785 1138/453/956 
f 1138/453/956 964/282/785 966/284/787 1139/455/957 
f 1139/455/957 966/284/787 968/286/789 1140/456/958 
f 1140/456/958 968/286/789 970/288/791 1141/457/959 
f 1141/457/959 970/288/791 972/290/793 1142/458/960 
f 1142/458/960 972/290/793 974/292/795 1143/459/961 
f 1143/459/961 974/292/795 976/294/797 1144/460/962 
f 1144/460/962 976/294/797 917/237/741 939/258/763 
f 1145/462/963 977/297/798 980/298/801 1146/461/964 
f 977/297/798 1145/462/963 1147/463/965 981/299/802 
f 1148/464/859 983/302/804 981/299/802 1147/463/965 
f 983/302/804 1148/464/859 1149/465/966 985/303/806 
f 1150/466/967 987/306/808 985/303/806 1149/465/966 
f 987/306/808 1150/466/967 1151/467/968 989/307/810 
f 1152/468/969 991/310/812 989/307/810 1151/467/968 
f 991/310/812 1152/468/969 940/257/764 920/238/744 
f 1153/14/970 1154/470/971 1155/469/972 1156/471/973 
f 1156/471/973 1155/469/972 1157/472/974 1158/473/975 
f 1158/473/975 1157/472/974 1159/474/976 1160/475/977 
f 1160/475/977 1159/474/976 1161/476/978 1162/477/979 
f 1162/477/979 1161/476/978 1163/478/980 1164/479/981 
f 1164/479/981 1163/478/980 1165/480/982 1166/481/983 
f 1166/481/983 1165/480/982 1167/482/984 1168/483/985 
f 1168/483/985 1167/482/984 942/260/766 941/261/765 
f 1169/486/986 1170/485/987 1171/484/988 1172/23/989 
f 1170/485/987 1169/486/986 1173/487/990 1174/488/991 
f 1175/490/992 1176/489/993 1174/488/991 1173/487/990 
f 1176/489/993 1175/490/992 1177/491/994 1178/492/995 
f 1179/494/996 1180/493/997 1178/492/995 1177/491/994 
f 1180/493/997 1179/494/996 1181/495/998 1182/496/999 
f 1183/498/1000 1184/497/1001 1182/496/999 1181/495/998 
f 1184/497/1001 1183/498/1000 944/262/768 943/259/767 
f 1154/470/971 1185/500/1002 1186/499/1003 1155/469/972 
f 1155/469/972 1186/499/1003 1187/501/1004 1157/472/974 
f 1157/472/974 1187/501/1004 1188/502/1005 1159/474/976 
f 1159/474/976 1188/502/1005 1189/503/1006 1161/476/978 
f 1161/476/978 1189/503/1006 1190/504/1007 1163/478/980 
f 1163/478/980 1190/504/1007 1191/505/1008 1165/480/982 
f 1165/480/982 1191/505/1008 1192/506/1009 1167/482/984 
f 1167/482/984 1192/506/1009 945/264/769 942/260/766 
f 1170/485/987 1193/508/1010 1194/507/1011 1171/484/988 
f 1193/508/1010 1170/485/987 1174/488/991 1195/509/1012 
f 1176/489/993 1196/510/1013 1195/509/1012 1174/488/991 
f 1196/510/1013 1176/489/993 1178/492/995 1197/511/1014 
f 1180/493/997 1198/512/1015 1197/511/1014 1178/492/995 
f 1198/512/1015 1180/493/997 1182/496/999 1199/513/1016 
f 1184/497/1001 1200/514/1017 1199/513/1016 1182/496/999 
f 1200/514/1017 1184/497/1001 943/259/767 946/263/770 
f 1185/500/1002 1201/516/1018 1202/515/1019 1186/499/1003 
f 1186/499/1003 1202/515/1019 1203/517/1020 1187/501/1004 
f 1187/501/1004 1203/517/1020 1204/518/1021 1188/502/1005 
f 1188/502/1005 1204/518/1021 1205/519/1022 1189/503/1006 
f 1189/503/1006 1205/519/1022 1206/520/1023 1190/504/1007 
f 1190/504/1007 1206/520/1023 1207/521/1024 1191/505/1008 
f 1191/505/1008 1207/521/1024 1208/522/1025 1192/506/1009 
f 1192/506/1009 1208/522/1025 947/266/771 945/264/769 
f 1193/508/1010 1209/524/1026 1210/523/1027 1194/507/1011 
f 1209/524/1026 1193/508/1010 1195/509/1012 1211/525/1028 
f 1196/510/1013 1212/526/1029 1211/525/1028 1195/509/1012 
f 1212/526/1029 1196/510/1013 1197/511/1014 1213/527/1030 
f 1198/512/1015 1214/528/1031 1213/527/1030 1197/511/1014 
f 1214/528/1031 1198/512/1015 1199/513/1016 1215/529/1032 
f 1200/514/1017 1216/530/1033 1215/529/1032 1199/513/1016 
f 1216/530/1033 1200/514/1017 946/263/770 948/265/772 
f 1201/516/1018 1217/532/1034 1218/531/1035 1202/515/1019 
f 1202/515/1019 1218/531/1035 1219/533/1036 1203/517/1020 
f 1203/517/1020 1219/533/1036 1220/534/1037 1204/518/1021 
f 1204/518/1021 1220/534/1037 1221/535/1038 1205/519/1022 
f 1205/519/1022 1221/535/1038 1222/536/1039 1206/520/1023 
f 1206/520/1023 1222/536/1039 1223/537/1040 1207/521/1024 
f 1207/521/1024 1223/537/1040 1224/538/1041 1208/522/1025 
f 1208/522/1025 1224/538/1041 949/268/773 947/266/771 
f 1209/524/1026 1225/540/1042 1226/539/1043 1210/523/1027 
f 1225/540/1042 1209/524/1026 1211/525/1028 1227/541/1044 
f 1212/526/1029 1228/542/1045 1227/541/1044 1211/525/1028 
f 1228/542/1045 1212/526/1029 1213/527/1030 1229/543/1046 
f 1214/528/1031 1230/544/1047 1229/543/1046 1213/527/1030 
f 1230/544/1047 1214/528/1031 1215/529/1032 1231/545/1048 
f 1216/530/1033 1232/546/1049 1231/545/1048 1215/529/1032 
f 1232/546/1049 1216/530/1033 948/265/772 950/267/774 
f 1217/532/1034 1233/548/1050 1234/547/1051 1218/531/1035 
f 1218/531/1035 1234/547/1051 1235/549/1052 1219/533/1036 
f 1219/533/1036 1235/549/1052 1236/550/1053 1220/534/1037 
f 1220/534/1037 1236/550/1053 1237/551/1054 1221/535/1038 
f 1221/535/1038 1237/551/1054 1238/552/1055 1222/536/1039 
f 1222/536/1039 1238/552/1055 1239/553/1056 1223/537/1040 
f 1223/537/1040 1239/553/1056 1240/554/1057 1224/538/1041 
f 1224/538/1041 1240/554/1057 951/270/775 949/268/773 
f 1225/540/1042 1241/556/1058 1242/555/1059 1226/539/1043 
f 1241/556/1058 1225/540/1042 1227/541/1044 1243/557/1060 
f 1228/542/1045 1244/558/926 1243/557/1060 1227/541/1044 
f 1244/558/926 1228/542/1045 1229/543/1046 1245/559/1061 
f 1230/544/1047 1246/560/1062 1245/559/1061 1229/543/1046 
f 1246/560/1062 1230/544/1047 1231/545/1048 1247/561/1063 
f 1232/546/1049 1248/562/1064 1247/561/1063 1231/545/1048 
f 1248/562/1064 1232/546/1049 950/267/774 952/269/776 
f 1233/548/1050 1249/564/1065 1250/563/1066 1234/547/1051 
f 1234/547/1051 1250/563/1066 1251/565/1067 1235/549/1052 
f 1235/549/1052 1251/565/1067 1252/566/1068 1236/550/1053 
f 1236/550/1053 1252/566/1068 1253/567/1069 1237/551/1054 
f 1237/551/1054 1253/567/1069 1254/568/1070 1238/552/1055 
f 1238/552/1055 1254/568/1070 1255/569/1071 1239/553/1056 
f 1239/553/1056 1255/569/1071 1256/570/1072 1240/554/1057 
f 1240/554/1057 1256/570/1072 953/272/777 951/270/775 
f 1241/556/1058 1257/572/1073 1258/571/1074 1242/555/1059 
f 1257/572/1073 1241/556/1058 1243/557/1060 1259/573/1075 
f 1244/558/926 1260/574/1076 1259/573/1075 1243/557/1060 
f 1260/574/1076 1244/558/926 1245/559/1061 1261/575/1077 
f 1246/560/1062 1262/576/1078 1261/575/1077 1245/559/1061 
f 1262/576/1078 1246/560/1062 1247/561/1063 1263/577/1079 
f 1248/562/1064 1264/578/1080 1263/577/1079 1247/561/1063 
f 1264/578/1080 1248/562/1064 952/269/776 954/271/778 
f 1249/564/1065 1265/580/1081 1266/579/1082 1250/563/1066 
f 1250/563/1066 1266/579/1082 1267/581/1083 1251/565/1067 
f 1251/565/1067 1267/581/1083 1268/582/1084 1252/566/1068 
f 1252/566/1068 1268/582/1084 1269/583/1085 1253/567/1069 
f 1253/567/1069 1269/583/1085 1270/584/1086 1254/568/1070 
f 1254/568/1070 1270/584/1086 1271/585/1087 1255/569/1071 
f 1255/569/1071 1271/585/1087 1272/586/1088 1256/570/1072 
f 1256/570/1072 1272/586/1088 955/274/779 953/272/777 
f 1257/572/1073 1273/588/1089 1274/587/1090 1258/571/1074 
f 1273/588/1089 1257/572/1073 1259/573/1075 1275/589/1091 
f 1260/574/1076 1276/590/1092 1275/589/1091 1259/573/1075 
f 1276/590/1092 1260/574/1076 1261/575/1077 1277/591/1093 
f 1262/576/1078 1278/592/1094 1277/591/1093 1261/575/1077 
f 1278/592/1094 1262/576/1078 1263/577/1079 1279/593/1095 
f 1264/578/1080 1280/594/1096 1279/593/1095 1263/577/1079 
f 1280/594/1096 1264/578/1080 954/271/778 956/273/780 
f 1265/580/1081 1281/596/1097 1282/595/1098 1266/579/1082 
f 1266/579/1082 1282/595/1098 1283/597/1099 1267/581/1083 
f 1267/581/1083 1283/597/1099 1284/598/1100 1268/582/1084 
f 1268/582/1084 1284/598/1100 1285/599/1101 1269/583/1085 
f 1269/583/1085 1285/599/1101 1286/600/1102 1270/584/1086 
f 1270/584/1086 1286/600/1102 1287/601/1103 1271/585/1087 
f 1271/585/1087 1287/601/1103 1288/602/1104 1272/586/1088 
f 1272/586/1088 1288/602/1104 957/276/781 955/274/779 
f 1273/588/1089 1289/604/1105 1290/603/1106 1274/587/1090 
f 1289/604/1105 1273/588/1089 1275/589/1091 1291/605/1107 
f 1276/590/1092 1292/606/1108 1291/605/1107 1275/589/1091 
f 1292/606/1108 1276/590/1092 1277/591/1093 1293/607/1109 
f 1278/592/1094 1294/608/1110 1293/607/1109 1277/591/1093 
f 1294/608/1110 1278/592/1094 1279/593/1095 1295/609/1111 
f 1280/594/1096 1296/610/1112 1295/609/1111 1279/593/1095 
f 1296/610/1112 1280/594/1096 956/273/780 958/275/225 
f 1281/596/1097 1297/612/1113 1298/611/1114 1282/595/1098 
f 1282/595/1098 1298/611/1114 1299/613/1115 1283/597/1099 
f 1283/597/1099 1299/613/1115 1300/614/873 1284/598/1100 
f 1284/598/1100 1300/614/873 1301/615/1116 1285/599/1101 
f 1285/599/1101 1301/615/1116 1302/616/1117 1286/600/1102 
f 1286/600/1102 1302/616/1117 1303/617/1118 1287/601/1103 
f 1287/601/1103 1303/617/1118 1304/618/1119 1288/602/1104 
f 1288/602/1104 1304/618/1119 959/278/742 957/276/781 
f 1289/604/1105 1305/620/1120 1306/619/1121 1290/603/1106 
f 1305/620/1120 1289/604/1105 1291/605/1107 1307/621/1122 
f 1292/606/1108 1308/622/1123 1307/621/1122 1291/605/1107 
f 1308/622/1123 1292/606/1108 1293/607/1109 1309/623/1124 
f 1294/608/1110 1310/624/1125 1309/623/1124 1293/607/1109 
f 1310/624/1125 1294/608/1110 1295/609/1111 1311/625/1126 
f 1296/610/1112 1312/626/873 1311/625/1126 1295/609/1111 
f 1312/626/873 1296/610/1112 958/275/225 960/277/225 
f 1297/612/1113 979/295/800 978/296/799 1298/611/1114 
f 1298/611/1114 978/296/799 982/300/803 1299/613/1115 
f 1299/613/1115 982/300/803 984/301/805 1300/614/873 
f 1300/614/873 984/301/805 986/304/807 1301/615/1116 
f 1301/615/1116 986/304/807 988/305/809 1302/616/1117 
f 1302/616/1117 988/305/809 990/308/811 1303/617/1118 
f 1303/617/1118 990/308/811 992/309/813 1304/618/1119 
f 1304/618/1119 992/309/813 919/235/743 959/278/742 
f 1305/620/1120 963/279/784 962/280/783 1306/619/1121 
f 963/279/784 1305/620/1120 1307/621/1122 965/283/786 
f 1308/622/1123 967/285/788 965/283/786 1307/621/1122 
f 967/285/788 1308/622/1123 1309/623/1124 969/287/790 
f 1310/624/1125 971/289/792 969/287/790 1309/623/1124 
f 971/289/792 1310/624/1125 1311/625/1126 973/291/794 
f 1312/626/873 975/293/796 973/291/794 1311/625/1126 
f 975/293/796 1312/626/873 960/277/225 918/236/742 
s 1
f 528/242/403 527/241/402 921/241/745 924/242/748 
f 548/262/423 547/261/422 941/261/765 944/262/768 
s 4
f 567/281/439 566/280/438 962/280/783 961/281/782 
f 581/295/451 584/298/454 980/298/801 979/295/800 
f 599/20/466 598/312/465 994/312/815 993/20/814 
s 1
f 600/313/467 599/20/466 993/20/814 996/313/817 
f 602/315/469 600/313/467 996/313/817 998/315/819 
f 604/317/471 602/315/469 998/315/819 1000/317/821 
f 606/319/473 604/317/471 1000/317/821 1002/319/823 
f 608/321/475 606/319/473 1002/319/823 1004/321/825 
f 610/323/477 608/321/475 1004/321/825 1006/323/827 
f 612/325/479 610/323/477 1006/323/827 1008/325/829 
f 527/241/402 612/325/479 1008/325/829 921/241/745 
f 616/17/483 615/328/482 1009/328/830 1012/17/833 
s 4
f 613/326/480 616/17/483 1012/17/833 1011/326/832 
s 1
f 615/328/482 617/329/484 1013/329/834 1009/328/830 
f 617/329/484 620/332/487 1015/332/836 1013/329/834 
f 620/332/487 621/333/488 1017/333/838 1015/332/836 
f 621/333/488 624/336/491 1019/336/840 1017/333/838 
f 624/336/491 625/337/492 1021/337/842 1019/336/840 
f 625/337/492 628/340/495 1023/340/844 1021/337/842 
f 628/340/495 528/242/403 924/242/748 1023/340/844 
s 4
f 598/312/465 630/342/497 1025/342/846 994/312/815 
f 637/349/500 613/326/480 1011/326/832 1034/349/855 
f 630/342/497 646/358/505 1041/358/862 1025/342/846 
f 653/365/509 637/349/500 1034/349/855 1050/365/871 
f 646/358/505 662/374/514 1057/374/877 1041/358/862 
f 669/381/520 653/365/509 1050/365/871 1066/381/886 
f 662/374/514 678/390/526 1073/390/892 1057/374/877 
f 685/397/533 669/381/520 1066/381/886 1082/397/901 
f 678/390/526 694/406/540 1089/406/907 1073/390/892 
f 701/413/546 685/397/533 1082/397/901 1098/413/916 
f 694/406/540 710/422/554 1105/422/923 1089/406/907 
f 717/429/558 701/413/546 1098/413/916 1114/429/932 
f 710/422/554 726/438/566 1121/438/939 1105/422/923 
f 733/445/571 717/429/558 1114/429/932 1130/445/948 
f 726/438/566 742/454/579 1137/454/955 1121/438/939 
f 749/461/585 733/445/571 1130/445/948 1146/461/964 
f 742/454/579 567/281/439 961/281/782 1137/454/955 
f 584/298/454 749/461/585 1146/461/964 980/298/801 
s 1
f 759/14/595 758/470/594 1154/470/971 1153/14/970 
f 760/471/596 759/14/595 1153/14/970 1156/471/973 
f 762/473/598 760/471/596 1156/471/973 1158/473/975 
f 764/475/600 762/473/598 1158/473/975 1160/475/977 
f 766/477/602 764/475/600 1160/475/977 1162/477/979 
f 768/479/604 766/477/602 1162/477/979 1164/479/981 
f 770/481/606 768/479/604 1164/479/981 1166/481/983 
f 772/483/608 770/481/606 1166/481/983 1168/483/985 
f 547/261/422 772/483/608 1168/483/985 941/261/765 
f 776/23/612 775/486/611 1169/486/986 1172/23/989 
s 4
f 773/484/609 776/23/612 1172/23/989 1171/484/988 
s 1
f 775/486/611 777/487/613 1173/487/990 1169/486/986 
f 777/487/613 780/490/616 1175/490/992 1173/487/990 
f 780/490/616 781/491/617 1177/491/994 1175/490/992 
f 781/491/617 784/494/620 1179/494/996 1177/491/994 
f 784/494/620 785/495/621 1181/495/998 1179/494/996 
f 785/495/621 788/498/624 1183/498/1000 1181/495/998 
f 788/498/624 548/262/423 944/262/768 1183/498/1000 
s 4
f 758/470/594 790/500/626 1185/500/1002 1154/470/971 
f 797/507/633 773/484/609 1171/484/988 1194/507/1011 
f 790/500/626 806/516/642 1201/516/1018 1185/500/1002 
f 813/523/649 797/507/633 1194/507/1011 1210/523/1027 
f 806/516/642 822/532/658 1217/532/1034 1201/516/1018 
f 829/539/665 813/523/649 1210/523/1027 1226/539/1043 
f 822/532/658 838/548/673 1233/548/1050 1217/532/1034 
f 845/555/680 829/539/665 1226/539/1043 1242/555/1059 
f 838/548/673 854/564/687 1249/564/1065 1233/548/1050 
f 861/571/694 845/555/680 1242/555/1059 1258/571/1074 
f 854/564/687 870/580/701 1265/580/1081 1249/564/1065 
f 877/587/708 861/571/694 1258/571/1074 1274/587/1090 
f 870/580/701 886/596/717 1281/596/1097 1265/580/1081 
f 893/603/723 877/587/708 1274/587/1090 1290/603/1106 
f 886/596/717 902/612/731 1297/612/1113 1281/596/1097 
f 909/619/736 893/603/723 1290/603/1106 1306/619/1121 
f 902/612/731 581/295/451 979/295/800 1297/612/1113 
f 566/280/438 909/619/736 1306/619/1121 962/280/783 
s 2
f 1313/14/1127 1314/627/1128 1315/628/1129 1316/629/1130 
f 1316/629/1130 1315/628/1129 1317/630/1131 1318/631/1132 
f 1318/631/1132 1317/630/1131 1319/632/1133 1320/633/1134 
f 1320/633/1134 1319/632/1133 1321/634/1135 1322/635/1136 
f 1322/635/1136 1321/634/1135 1323/636/1137 1324/637/1138 
f 1324/637/1138 1323/636/1137 1325/638/1139 1326/639/1140 
f 1326/639/1140 1325/638/1139 1327/640/1141 1328/641/1142 
f 1328/641/1142 1327/640/1141 1329/642/1143 1330/643/1144 
f 1330/643/1144 1329/642/1143 1331/644/1145 1332/645/1146 
f 1332/645/1146 1331/644/1145 1333/646/1147 1334/647/1148 
f 1334/647/1148 1333/646/1147 1335/648/1149 1336/649/1150 
f 1336/649/1150 1335/648/1149 1337/650/1151 1338/651/1152 
f 1338/651/1152 1337/650/1151 1339/652/1153 1340/653/1154 
f 1340/653/1154 1339/652/1153 1341/654/1155 1342/655/1156 
f 1342/655/1156 1341/654/1155 1343/656/1157 1344/657/1158 
f 1344/657/1158 1343/656/1157 1345/658/1159 1346/659/1160 
f 1346/659/1160 1345/658/1159 1347/660/1161 1348/661/1162 
f 1348/661/1162 1347/660/1161 1349/662/1163 1350/663/1164 
f 1350/663/1164 1349/662/1163 1351/664/1165 1352/665/1166 
f 1352/665/1166 1351/664/1165 1353/666/1167 1354/667/1168 
f 1314/627/1128 1355/668/1169 1356/669/1170 1315/628/1129 
f 1315/628/1129 1356/669/1170 1357/670/1171 1317/630/1131 
f 1317/630/1131 1357/670/1171 1358/671/1172 1319/632/1133 
f 1319/632/1133 1358/671/1172 1359/672/1173 1321/634/1135 
f 1321/634/1135 1359/672/1173 1360/673/1174 1323/636/1137 
f 1323/636/1137 1360/673/1174 1361/674/1175 1325/638/1139 
f 1325/638/1139 1361/674/1175 1362/675/1176 1327/640/1141 
f 1327/640/1141 1362/675/1176 1363/676/1177 1329/642/1143 
f 1329/642/1143 1363/676/1177 1364/677/1178 1331/644/1145 
f 1331/644/1145 1364/677/1178 1365/678/1179 1333/646/1147 
f 1333/646/1147 1365/678/1179 1366/679/1180 1335/648/1149 
f 1335/648/1149 1366/679/1180 1367/680/1181 1337/650/1151 
f 1337/650/1151 1367/680/1181 1368/681/1182 1339/652/1153 
f 1339/652/1153 1368/681/1182 1369/682/1183 1341/654/1155 
f 1341/654/1155 1369/682/1183 1370/683/1184 1343/656/1157 
f 1343/656/1157 1370/683/1184 1371/684/1185 1345/658/1159 
f 1345/658/1159 1371/684/1185 1372/685/1186 1347/660/1161 
f 1347/660/1161 1372/685/1186 1373/686/1187 1349/662/1163 
f 1349/662/1163 1373/686/1187 1374/687/1188 1351/664/1165 
f 1351/664/1165 1374/687/1188 1375/688/1189 1353/666/1167 
f 1355/668/1169 1376/689/1190 1377/690/1191 1356/669/1170 
f 1356/669/1170 1377/690/1191 1378/691/1192 1357/670/1171 
f 1357/670/1171 1378/691/1192 1379/692/1193 1358/671/1172 
f 1358/671/1172 1379/692/1193 1380/693/1194 1359/672/1173 
f 1359/672/1173 1380/693/1194 1381/694/1195 1360/673/1174 
f 1360/673/1174 1381/694/1195 1382/695/1196 1361/674/1175 
f 1361/674/1175 1382/695/1196 1383/696/1197 1362/675/1176 
f 1362/675/1176 1383/696/1197 1384/697/1198 1363/676/1177 
f 1363/676/1177 1384/697/1198 1385/698/1199 1364/677/1178 
f 1364/677/1178 1385/698/1199 1386/699/1200 1365/678/1179 
f 1365/678/1179 1386/699/1200 1387/700/1201 1366/679/1180 
f 1366/679/1180 1387/700/1201 1388/701/1202 1367/680/1181 
f 1367/680/1181 1388/701/1202 1389/702/1203 1368/681/1182 
f 1368/681/1182 1389/702/1203 1390/703/1204 1369/682/1183 
f 1369/682/1183 1390/703/1204 1391/704/1205 1370/683/1184 
f 1370/683/1184 1391/704/1205 1392/705/1206 1371/684/1185 
f 1371/684/1185 1392/705/1206 1393/706/1207 1372/685/1186 
f 1372/685/1186 1393/706/1207 1394/707/1208 1373/686/1187 
f 1373/686/1187 1394/707/1208 1395/708/1209 1374/687/1188 
f 1374/687/1188 1395/708/1209 1396/709/1210 1375/688/1189 
f 1376/689/1190 1397/580/1211 1398/710/1212 1377/690/1191 
f 1377/690/1191 1398/710/1212 1399/711/1213 1378/691/1192 
f 1378/691/1192 1399/711/1213 1400/712/1214 1379/692/1193 
f 1379/692/1193 1400/712/1214 1401/713/1215 1380/693/1194 
f 1380/693/1194 1401/713/1215 1402/714/1216 1381/694/1195 
f 1381/694/1195 1402/714/1216 1403/715/1217 1382/695/1196 
f 1382/695/1196 1403/715/1217 1404/716/1218 1383/696/1197 
f 1383/696/1197 1404/716/1218 1405/717/1219 1384/697/1198 
f 1384/697/1198 1405/717/1219 1406/718/1220 1385/698/1199 
f 1385/698/1199 1406/718/1220 1407/719/1221 1386/699/1200 
f 1386/699/1200 1407/719/1221 1408/720/1222 1387/700/1201 
f 1387/700/1201 1408/720/1222 1409/721/1223 1388/701/1202 
f 1388/701/1202 1409/721/1223 1410/722/1224 1389/702/1203 
f 1389/702/1203 1410/722/1224 1411/723/1225 1390/703/1204 
f 1390/703/1204 1411/723/1225 1412/724/1226 1391/704/1205 
f 1391/704/1205 1412/724/1226 1413/725/1227 1392/705/1206 
f 1392/705/1206 1413/725/1227 1414/726/1228 1393/706/1207 
f 1393/706/1207 1414/726/1228 1415/727/1229 1394/707/1208 
f 1394/707/1208 1415/727/1229 1416/728/1230 1395/708/1209 
f 1395/708/1209 1416/728/1230 1417/729/1231 1396/709/1210 
f 1397/580/1211 1418/730/1232 1419/731/1233 1398/710/1212 
f 1398/710/1212 1419/731/1233 1420/732/1234 1399/711/1213 
f 1399/711/1213 1420/732/1234 1421/733/1235 1400/712/1214 
f 1400/712/1214 1421/733/1235 1422/734/1236 1401/713/1215 
f 1401/713/1215 1422/734/1236 1423/735/1237 1402/714/1216 
f 1402/714/1216 1423/735/1237 1424/736/1238 1403/715/1217 
f 1403/715/1217 1424/736/1238 1425/737/1239 1404/716/1218 
f 1404/716/1218 1425/737/1239 1426/738/1240 1405/717/1219 
f 1405/717/1219 1426/738/1240 1427/739/1241 1406/718/1220 
f 1406/718/1220 1427/739/1241 1428/740/1242 1407/719/1221 
f 1407/719/1221 1428/740/1242 1429/741/1243 1408/720/1222 
f 1408/720/1222 1429/741/1243 1430/742/1244 1409/721/1223 
f 1409/721/1223 1430/742/1244 1431/743/1245 1410/722/1224 
f 1410/722/1224 1431/743/1245 1432/744/1246 1411/723/1225 
f 1411/723/1225 1432/744/1246 1433/745/1247 1412/724/1226 
f 1412/724/1226 1433/745/1247 1434/746/1248 1413/725/1227 
f 1413/725/1227 1434/746/1248 1435/747/1249 1414/726/1228 
f 1414/726/1228 1435/747/1249 1436/748/1250 1415/727/1229 
f 1415/727/1229 1436/748/1250 1437/749/1251 1416/728/1230 
f 1416/728/1230 1437/749/1251 1438/750/1252 1417/729/1231 
f 1418/730/1232 1439/751/1253 1440/752/1254 1419/731/1233 
f 1419/731/1233 1440/752/1254 1441/753/1255 1420/732/1234 
f 1420/732/1234 1441/753/1255 1442/754/1256 1421/733/1235 
f 1421/733/1235 1442/754/1256 1443/755/1257 1422/734/1236 
f 1422/734/1236 1443/755/1257 1444/756/1258 1423/735/1237 
f 1423/735/1237 1444/756/1258 1445/757/1259 1424/736/1238 
f 1424/736/1238 1445/757/1259 1446/758/1260 1425/737/1239 
f 1425/737/1239 1446/758/1260 1447/759/1261 1426/738/1240 
f 1426/738/1240 1447/759/1261 1448/760/1262 1427/739/1241 
f 1427/739/1241 1448/760/1262 1449/761/1263 1428/740/1242 
f 1428/740/1242 1449/761/1263 1450/762/1264 1429/741/1243 
f 1429/741/1243 1450/762/1264 1451/763/1265 1430/742/1244 
f 1430/742/1244 1451/763/1265 1452/764/1266 1431/743/1245 
f 1431/743/1245 1452/764/1266 1453/765/1267 1432/744/1246 
f 1432/744/1246 1453/765/1267 1454/766/1268 1433/745/1247 
f 1433/745/1247 1454/766/1268 1455/767/1269 1434/746/1248 
f 1434/746/1248 1455/767/1269 1456/768/1270 1435/747/1249 
f 1435/747/1249 1456/768/1270 1457/769/1271 1436/748/1250 
f 1436/748/1250 1457/769/1271 1458/770/1272 1437/749/1251 
f 1437/749/1251 1458/770/1272 1459/771/1273 1438/750/1252 
f 1439/751/1253 1460/772/1274 1461/773/1275 1440/752/1254 
f 1440/752/1254 1461/773/1275 1462/774/1276 1441/753/1255 
f 1441/753/1255 1462/774/1276 1463/775/1277 1442/754/1256 
f 1442/754/1256 1463/775/1277 1464/776/1278 1443/755/1257 
f 1443/755/1257 1464/776/1278 1465/777/1279 1444/756/1258 
f 1444/756/1258 1465/777/1279 1466/778/1280 1445/757/1259 
f 1445/757/1259 1466/778/1280 1467/779/1281 1446/758/1260 
f 1446/758/1260 1467/779/1281 1468/780/1282 1447/759/1261 
f 1447/759/1261 1468/780/1282 1469/781/1283 1448/760/1262 
f 1448/760/1262 1469/781/1283 1470/782/1284 1449/761/1263 
f 1449/761/1263 1470/782/1284 1471/783/1285 1450/762/1264 
f 1450/762/1264 1471/783/1285 1472/784/1286 1451/763/1265 
f 1451/763/1265 1472/784/1286 1473/785/1287 1452/764/1266 
f 1452/764/1266 1473/785/1287 1474/786/1288 1453/765/1267 
f 1453/765/1267 1474/786/1288 1475/787/1289 1454/766/1268 
f 1454/766/1268 1475/787/1289 1476/788/1290 1455/767/1269 
f 1455/767/1269 1476/788/1290 1477/789/1291 1456/768/1270 
f 1456/768/1270 1477/789/1291 1478/790/1292 1457/769/1271 
f 1457/769/1271 1478/790/1292 1479/791/1293 1458/770/1272 
f 1458/770/1272 1479/791/1293 1480/792/1294 1459/771/1273 
f 1460/772/1274 1481/429/1295 1482/793/1296 1461/773/1275 
f 1461/773/1275 1482/793/1296 1483/794/1297 1462/774/1276 
f 1462/774/1276 1483/794/1297 1484/795/1298 1463/775/1277 
f 1463/775/1277 1484/795/1298 1485/796/1299 1464/776/1278 
f 1464/776/1278 1485/796/1299 1486/797/1300 1465/777/1279 
f 1465/777/1279 1486/797/1300 1487/798/1301 1466/778/1280 
f 1466/778/1280 1487/798/1301 1488/799/1302 1467/779/1281 
f 1467/779/1281 1488/799/1302 1489/800/1303 1468/780/1282 
f 1468/780/1282 1489/800/1303 1490/801/1304 1469/781/1283 
f 1469/781/1283 1490/801/1304 1491/802/1305 1470/782/1284 
f 1470/782/1284 1491/802/1305 1492/803/1306 1471/783/1285 
f 1471/783/1285 1492/803/1306 1493/804/1307 1472/784/1286 
f 1472/784/1286 1493/804/1307 1494/805/1308 1473/785/1287 
f 1473/785/1287 1494/805/1308 1495/806/1309 1474/786/1288 
f 1474/786/1288 1495/806/1309 1496/807/1310 1475/787/1289 
f 1475/787/1289 1496/807/1310 1497/808/1311 1476/788/1290 
f 1476/788/1290 1497/808/1311 1498/809/1312 1477/789/1291 
f 1477/789/1291 1498/809/1312 1499/810/1313 1478/790/1292 
f 1478/790/1292 1499/810/1313 1500/811/1314 1479/791/1293 
f 1479/791/1293 1500/811/1314 1501/812/1315 1480/792/1294 
f 1481/429/1295 1502/813/1316 1503/814/1317 1482/793/1296 
f 1482/793/1296 1503/814/1317 1504/815/1318 1483/794/1297 
f 1483/794/1297 1504/815/1318 1505/816/1319 1484/795/1298 
f 1484/795/1298 1505/816/1319 1506/817/1320 1485/796/1299 
f 1485/796/1299 1506/817/1320 1507/818/1321 1486/797/1300 
f 1486/797/1300 1507/818/1321 1508/819/1322 1487/798/1301 
f 1487/798/1301 1508/819/1322 1509/820/1323 1488/799/1302 
f 1488/799/1302 1509/820/1323 1510/821/1324 1489/800/1303 
f 1489/800/1303 1510/821/1324 1511/822/1325 1490/801/1304 
f 1490/801/1304 1511/822/1325 1512/823/1326 1491/802/1305 
f 1491/802/1305 1512/823/1326 1513/824/1327 1492/803/1306 
f 1492/803/1306 1513/824/1327 1514/825/1328 1493/804/1307 
f 1493/804/1307 1514/825/1328 1515/826/1329 1494/805/1308 
f 1494/805/1308 1515/826/1329 1516/827/1330 1495/806/1309 
f 1495/806/1309 1516/827/1330 1517/828/1331 1496/807/1310 
f 1496/807/1310 1517/828/1331 1518/829/1332 1497/808/1311 
f 1497/808/1311 1518/829/1332 1519/830/1333 1498/809/1312 
f 1498/809/1312 1519/830/1333 1520/831/1334 1499/810/1313 
f 1499/810/1313 1520/831/1334 1521/832/1335 1500/811/1314 
f 1500/811/1314 1521/832/1335 1522/833/1336 1501/812/1315 
f 1502/813/1316 1523/834/1337 1524/835/1338 1503/814/1317 
f 1503/814/1317 1524/835/1338 1525/836/1339 1504/815/1318 
f 1504/815/1318 1525/836/1339 1526/837/1340 1505/816/1319 
f 1505/816/1319 1526/837/1340 1527/838/1341 1506/817/1320 
f 1506/817/1320 1527/838/1341 1528/839/1342 1507/818/1321 
f 1507/818/1321 1528/839/1342 1529/840/1343 1508/819/1322 
f 1508/819/1322 1529/840/1343 1530/841/1344 1509/820/1323 
f 1509/820/1323 1530/841/1344 1531/842/1345 1510/821/1324 
f 1510/821/1324 1531/842/1345 1532/843/1346 1511/822/1325 
f 1511/822/1325 1532/843/1346 1533/844/1347 1512/823/1326 
f 1512/823/1326 1533/844/1347 1534/845/1348 1513/824/1327 
f 1513/824/1327 1534/845/1348 1535/846/1349 1514/825/1328 
f 1514/825/1328 1535/846/1349 1536/847/1350 1515/826/1329 
f 1515/826/1329 1536/847/1350 1537/848/1351 1516/827/1330 
f 1516/827/1330 1537/848/1351 1538/849/1352 1517/828/1331 
f 1517/828/1331 1538/849/1352 1539/850/1353 1518/829/1332 
f 1518/829/1332 1539/850/1353 1540/851/1354 1519/830/1333 
f 1519/830/1333 1540/851/1354 1541/852/1355 1520/831/1334 
f 1520/831/1334 1541/852/1355 1542/853/1356 1521/832/1335 
f 1521/832/1335 1542/853/1356 1543/854/1357 1522/833/1336 
f 1523/834/1337 1544/855/1358 1545/856/1359 1524/835/1338 
f 1524/835/1338 1545/856/1359 1546/857/1360 1525/836/1339 
f 1525/836/1339 1546/857/1360 1547/858/1361 1526/837/1340 
f 1526/837/1340 1547/858/1361 1548/859/1362 1527/838/1341 
f 1527/838/1341 1548/859/1362 1549/860/1363 1528/839/1342 
f 1528/839/1342 1549/860/1363 1550/861/1364 1529/840/1343 
f 1529/840/1343 1550/861/1364 1551/862/1365 1530/841/1344 
f 1530/841/1344 1551/862/1365 1552/863/1366 1531/842/1345 
f 1531/842/1345 1552/863/1366 1553/864/1367 1532/843/1346 
f 1532/843/1346 1553/864/1367 1554/865/1368 1533/844/1347 
f 1533/844/1347 1554/865/1368 1555/866/1369 1534/845/1348 
f 1534/845/1348 1555/866/1369 1556/867/1370 1535/846/1349 
f 1535/846/1349 1556/867/1370 1557/868/1371 1536/847/1350 
f 1536/847/1350 1557/868/1371 1558/869/1372 1537/848/1351 
f 1537/848/1351 1558/869/1372 1559/870/1373 1538/849/1352 
f 1538/849/1352 1559/870/1373 1560/871/1374 1539/850/1353 
f 1539/850/1353 1560/871/1374 1561/872/1375 1540/851/1354 
f 1540/851/1354 1561/872/1375 1562/873/1376 1541/852/1355 
f 1541/852/1355 1562/873/1376 1563/874/1377 1542/853/1356 
f 1542/853/1356 1563/874/1377 1564/875/1378 1543/854/1357 
f 1544/855/1358 1565/17/1379 1566/876/1380 1545/856/1359 
f 1545/856/1359 1566/876/1380 1567/877/1381 1546/857/1360 
f 1546/857/1360 1567/877/1381 1568/878/1382 1547/858/1361 
f 1547/858/1361 1568/878/1382 1569/879/1383 1548/859/1362 
f 1548/859/1362 1569/879/1383 1570/880/1384 1549/860/1363 
f 1549/860/1363 1570/880/1384 1571/881/1385 1550/861/1364 
f 1550/861/1364 1571/881/1385 1572/882/1386 1551/862/1365 
f 1551/862/1365 1572/882/1386 1573/883/1387 1552/863/1366 
f 1552/863/1366 1573/883/1387 1574/884/1388 1553/864/1367 
f 1553/864/1367 1574/884/1388 1575/885/1389 1554/865/1368 
f 1554/865/1368 1575/885/1389 1576/886/1390 1555/866/1369 
f 1555/866/1369 1576/886/1390 1577/887/1391 1556/867/1370 
f 1556/867/1370 1577/887/1391 1578/888/1392 1557/868/1371 
f 1557/868/1371 1578/888/1392 1579/889/1393 1558/869/1372 
f 1558/869/1372 1579/889/1393 1580/890/1394 1559/870/1373 
f 1559/870/1373 1580/890/1394 1581/891/1395 1560/871/1374 
f 1560/871/1374 1581/891/1395 1582/892/1396 1561/872/1375 
f 1561/872/1375 1582/892/1396 1583/893/1397 1562/873/1376 
f 1562/873/1376 1583/893/1397 1584/894/1398 1563/874/1377 
f 1563/874/1377 1584/894/1398 1585/895/1399 1564/875/1378 
s 4
f 1586/23/1400 1587/665/1401 1588/664/1402 1589/896/1403 
f 1587/665/1401 1590/663/1404 1591/662/1405 1588/664/1402 
f 1590/663/1404 1592/661/1406 1593/660/1407 1591/662/1405 
f 1592/661/1406 1594/659/1408 1595/658/1409 1593/660/1407 
f 1594/659/1408 1596/657/1410 1597/656/1411 1595/658/1409 
f 1596/657/1410 1598/655/1412 1599/654/1413 1597/656/1411 
f 1598/655/1412 1600/653/1414 1601/652/1415 1599/654/1413 
f 1600/653/1414 1602/651/1416 1603/650/1417 1601/652/1415 
f 1602/651/1416 1604/649/1418 1605/648/1419 1603/650/1417 
f 1604/649/1418 1606/647/1420 1607/646/1421 1605/648/1419 
f 1606/647/1420 1608/645/1422 1609/644/1423 1607/646/1421 
f 1608/645/1422 1610/643/1424 1611/642/1425 1609/644/1423 
f 1610/643/1424 1612/641/1426 1613/640/1427 1611/642/1425 
f 1612/641/1426 1614/639/1428 1615/638/1429 1613/640/1427 
f 1614/639/1428 1616/637/1430 1617/636/1431 1615/638/1429 
f 1616/637/1430 1618/635/1432 1619/634/1433 1617/636/1431 
f 1618/635/1432 1620/633/1434 1621/632/1435 1619/634/1433 
f 1620/633/1434 1622/631/1436 1623/630/1437 1621/632/1435 
f 1622/631/1436 1624/629/1438 1625/628/1439 1623/630/1437 
f 1624/629/1438 1626/14/1440 1627/627/1441 1625/628/1439 
f 1589/896/1403 1588/664/1402 1628/687/1442 1629/897/1443 
f 1588/664/1402 1591/662/1405 1630/686/1444 1628/687/1442 
f 1591/662/1405 1593/660/1407 1631/685/1445 1630/686/1444 
f 1593/660/1407 1595/658/1409 1632/684/1446 1631/685/1445 
f 1595/658/1409 1597/656/1411 1633/683/1447 1632/684/1446 
f 1597/656/1411 1599/654/1413 1634/682/1448 1633/683/1447 
f 1599/654/1413 1601/652/1415 1635/681/1449 1634/682/1448 
f 1601/652/1415 1603/650/1417 1636/680/1450 1635/681/1449 
f 1603/650/1417 1605/648/1419 1637/679/1451 1636/680/1450 
f 1605/648/1419 1607/646/1421 1638/678/1452 1637/679/1451 
f 1607/646/1421 1609/644/1423 1639/677/1453 1638/678/1452 
f 1609/644/1423 1611/642/1425 1640/676/1454 1639/677/1453 
f 1611/642/1425 1613/640/1427 1641/675/1455 1640/676/1454 
f 1613/640/1427 1615/638/1429 1642/674/1456 1641/675/1455 
f 1615/638/1429 1617/636/1431 1643/673/1457 1642/674/1456 
f 1617/636/1431 1619/634/1433 1644/672/1458 1643/673/1457 
f 1619/634/1433 1621/632/1435 1645/671/1459 1644/672/1458 
f 1621/632/1435 1623/630/1437 1646/670/1460 1645/671/1459 
f 1623/630/1437 1625/628/1439 1647/669/1461 1646/670/1460 
f 1625/628/1439 1627/627/1441 1648/668/1462 1647/669/1461 
f 1629/897/1443 1628/687/1442 1649/708/1463 1650/898/1464 
f 1628/687/1442 1630/686/1444 1651/707/1465 1649/708/1463 
f 1630/686/1444 1631/685/1445 1652/706/1466 1651/707/1465 
f 1631/685/1445 1632/684/1446 1653/705/1467 1652/706/1466 
f 1632/684/1446 1633/683/1447 1654/704/1468 1653/705/1467 
f 1633/683/1447 1634/682/1448 1655/703/1469 1654/704/1468 
f 1634/682/1448 1635/681/1449 1656/702/1470 1655/703/1469 
f 1635/681/1449 1636/680/1450 1657/701/1471 1656/702/1470 
f 1636/680/1450 1637/679/1451 1658/700/1472 1657/701/1471 
f 1637/679/1451 1638/678/1452 1659/699/1473 1658/700/1472 
f 1638/678/1452 1639/677/1453 1660/698/1474 1659/699/1473 
f 1639/677/1453 1640/676/1454 1661/697/1475 1660/698/1474 
f 1640/676/1454 1641/675/1455 1662/696/1476 1661/697/1475 
f 1641/675/1455 1642/674/1456 1663/695/1477 1662/696/1476 
f 1642/674/1456 1643/673/1457 1664/694/1478 1663/695/1477 
f 1643/673/1457 1644/672/1458 1665/693/1479 1664/694/1478 
f 1644/672/1458 1645/671/1459 1666/692/1480 1665/693/1479 
f 1645/671/1459 1646/670/1460 1667/691/1481 1666/692/1480 
f 1646/670/1460 1647/669/1461 1668/690/1482 1667/691/1481 
f 1647/669/1461 1648/668/1462 1669/689/1483 1668/690/1482 
f 1650/898/1464 1649/708/1463 1670/728/1484 1671/587/1485 
f 1649/708/1463 1651/707/1465 1672/727/1486 1670/728/1484 
f 1651/707/1465 1652/706/1466 1673/726/1487 1672/727/1486 
f 1652/706/1466 1653/705/1467 1674/725/1488 1673/726/1487 
f 1653/705/1467 1654/704/1468 1675/724/1489 1674/725/1488 
f 1654/704/1468 1655/703/1469 1676/723/1490 1675/724/1489 
f 1655/703/1469 1656/702/1470 1677/722/1491 1676/723/1490 
f 1656/702/1470 1657/701/1471 1678/721/1492 1677/722/1491 
f 1657/701/1471 1658/700/1472 1679/720/1493 1678/721/1492 
f 1658/700/1472 1659/699/1473 1680/719/1494 1679/720/1493 
f 1659/699/1473 1660/698/1474 1681/718/1495 1680/719/1494 
f 1660/698/1474 1661/697/1475 1682/717/1496 1681/718/1495 
f 1661/697/1475 1662/696/1476 1683/716/1497 1682/717/1496 
f 1662/696/1476 1663/695/1477 1684/715/1498 1683/716/1497 
f 1663/695/1477 1664/694/1478 1685/714/1499 1684/715/1498 
f 1664/694/1478 1665/693/1479 1686/713/1500 1685/714/1499 
f 1665/693/1479 1666/692/1480 1687/712/1501 1686/713/1500 
f 1666/692/1480 1667/691/1481 1688/711/1502 1687/712/1501 
f 1667/691/1481 1668/690/1482 1689/710/1503 1688/711/1502 
f 1668/690/1482 1669/689/1483 1690/580/1504 1689/710/1503 
f 1671/587/1485 1670/728/1484 1691/749/1505 1692/899/1506 
f 1670/728/1484 1672/727/1486 1693/748/1507 1691/749/1505 
f 1672/727/1486 1673/726/1487 1694/747/1508 1693/748/1507 
f 1673/726/1487 1674/725/1488 1695/746/1509 1694/747/1508 
f 1674/725/1488 1675/724/1489 1696/745/1510 1695/746/1509 
f 1675/724/1489 1676/723/1490 1697/744/1511 1696/745/1510 
f 1676/723/1490 1677/722/1491 1698/743/1512 1697/744/1511 
f 1677/722/1491 1678/721/1492 1699/742/1513 1698/743/1512 
f 1678/721/1492 1679/720/1493 1700/741/1514 1699/742/1513 
f 1679/720/1493 1680/719/1494 1701/740/1515 1700/741/1514 
f 1680/719/1494 1681/718/1495 1702/739/1516 1701/740/1515 
f 1681/718/1495 1682/717/1496 1703/738/1517 1702/739/1516 
f 1682/717/1496 1683/716/1497 1704/737/1518 1703/738/1517 
f 1683/716/1497 1684/715/1498 1705/736/1519 1704/737/1518 
f 1684/715/1498 1685/714/1499 1706/735/1520 1705/736/1519 
f 1685/714/1499 1686/713/1500 1707/734/1521 1706/735/1520 
f 1686/713/1500 1687/712/1501 1708/733/1522 1707/734/1521 
f 1687/712/1501 1688/711/1502 1709/732/1523 1708/733/1522 
f 1688/711/1502 1689/710/1503 1710/731/1524 1709/732/1523 
f 1689/710/1503 1690/580/1504 1711/730/1525 1710/731/1524 
f 1692/899/1506 1691/749/1505 1712/770/1526 1713/900/1527 
f 1691/749/1505 1693/748/1507 1714/769/1528 1712/770/1526 
f 1693/748/1507 1694/747/1508 1715/768/1529 1714/769/1528 
f 1694/747/1508 1695/746/1509 1716/767/1530 1715/768/1529 
f 1695/746/1509 1696/745/1510 1717/766/1531 1716/767/1530 
f 1696/745/1510 1697/744/1511 1718/765/1532 1717/766/1531 
f 1697/744/1511 1698/743/1512 1719/764/1533 1718/765/1532 
f 1698/743/1512 1699/742/1513 1720/763/1534 1719/764/1533 
f 1699/742/1513 1700/741/1514 1721/762/1535 1720/763/1534 
f 1700/741/1514 1701/740/1515 1722/761/1536 1721/762/1535 
f 1701/740/1515 1702/739/1516 1723/760/1537 1722/761/1536 
f 1702/739/1516 1703/738/1517 1724/759/1538 1723/760/1537 
f 1703/738/1517 1704/737/1518 1725/758/1539 1724/759/1538 
f 1704/737/1518 1705/736/1519 1726/757/1540 1725/758/1539 
f 1705/736/1519 1706/735/1520 1727/756/1541 1726/757/1540 
f 1706/735/1520 1707/734/1521 1728/755/1542 1727/756/1541 
f 1707/734/1521 1708/733/1522 1729/754/1543 1728/755/1542 
f 1708/733/1522 1709/732/1523 1730/753/1544 1729/754/1543 
f 1709/732/1523 1710/731/1524 1731/752/1545 1730/753/1544 
f 1710/731/1524 1711/730/1525 1732/751/1546 1731/752/1545 
f 1713/900/1527 1712/770/1526 1733/791/1547 1734/901/1548 
f 1712/770/1526 1714/769/1528 1735/790/1549 1733/791/1547 
f 1714/769/1528 1715/768/1529 1736/789/1550 1735/790/1549 
f 1715/768/1529 1716/767/1530 1737/788/1551 1736/789/1550 
f 1716/767/1530 1717/766/1531 1738/787/1552 1737/788/1551 
f 1717/766/1531 1718/765/1532 1739/786/1553 1738/787/1552 
f 1718/765/1532 1719/764/1533 1740/785/1554 1739/786/1553 
f 1719/764/1533 1720/763/1534 1741/784/1555 1740/785/1554 
f 1720/763/1534 1721/762/1535 1742/783/1556 1741/784/1555 
f 1721/762/1535 1722/761/1536 1743/782/1557 1742/783/1556 
f 1722/761/1536 1723/760/1537 1744/781/1558 1743/782/1557 
f 1723/760/1537 1724/759/1538 1745/780/1559 1744/781/1558 
f 1724/759/1538 1725/758/1539 1746/779/1560 1745/780/1559 
f 1725/758/1539 1726/757/1540 1747/778/1561 1746/779/1560 
f 1726/757/1540 1727/756/1541 1748/777/1562 1747/778/1561 
f 1727/756/1541 1728/755/1542 1749/776/1563 1748/777/1562 
f 1728/755/1542 1729/754/1543 1750/775/1564 1749/776/1563 
f 1729/754/1543 1730/753/1544 1751/774/1565 1750/775/1564 
f 1730/753/1544 1731/752/1545 1752/773/1566 1751/774/1565 
f 1731/752/1545 1732/751/1546 1753/772/1567 1752/773/1566 
f 1734/901/1548 1733/791/1547 1754/811/1568 1755/422/1569 
f 1733/791/1547 1735/790/1549 1756/810/1570 1754/811/1568 
f 1735/790/1549 1736/789/1550 1757/809/1571 1756/810/1570 
f 1736/789/1550 1737/788/1551 1758/808/1572 1757/809/1571 
f 1737/788/1551 1738/787/1552 1759/807/1573 1758/808/1572 
f 1738/787/1552 1739/786/1553 1760/806/1574 1759/807/1573 
f 1739/786/1553 1740/785/1554 1761/805/1575 1760/806/1574 
f 1740/785/1554 1741/784/1555 1762/804/1576 1761/805/1575 
f 1741/784/1555 1742/783/1556 1763/803/1577 1762/804/1576 
f 1742/783/1556 1743/782/1557 1764/802/1578 1763/803/1577 
f 1743/782/1557 1744/781/1558 1765/801/1579 1764/802/1578 
f 1744/781/1558 1745/780/1559 1766/800/1580 1765/801/1579 
f 1745/780/1559 1746/779/1560 1767/799/1581 1766/800/1580 
f 1746/779/1560 1747/778/1561 1768/798/1582 1767/799/1581 
f 1747/778/1561 1748/777/1562 1769/797/1583 1768/798/1582 
f 1748/777/1562 1749/776/1563 1770/796/1584 1769/797/1583 
f 1749/776/1563 1750/775/1564 1771/795/1585 1770/796/1584 
f 1750/775/1564 1751/774/1565 1772/794/1586 1771/795/1585 
f 1751/774/1565 1752/773/1566 1773/793/1587 1772/794/1586 
f 1752/773/1566 1753/772/1567 1774/429/1588 1773/793/1587 
f 1755/422/1569 1754/811/1568 1775/832/1589 1776/902/1590 
f 1754/811/1568 1756/810/1570 1777/831/1591 1775/832/1589 
f 1756/810/1570 1757/809/1571 1778/830/1592 1777/831/1591 
f 1757/809/1571 1758/808/1572 1779/829/1593 1778/830/1592 
f 1758/808/1572 1759/807/1573 1780/828/1594 1779/829/1593 
f 1759/807/1573 1760/806/1574 1781/827/1595 1780/828/1594 
f 1760/806/1574 1761/805/1575 1782/826/1596 1781/827/1595 
f 1761/805/1575 1762/804/1576 1783/825/1597 1782/826/1596 
f 1762/804/1576 1763/803/1577 1784/824/1598 1783/825/1597 
f 1763/803/1577 1764/802/1578 1785/823/1599 1784/824/1598 
f 1764/802/1578 1765/801/1579 1786/822/1600 1785/823/1599 
f 1765/801/1579 1766/800/1580 1787/821/1601 1786/822/1600 
f 1766/800/1580 1767/799/1581 1788/820/1602 1787/821/1601 
f 1767/799/1581 1768/798/1582 1789/819/1603 1788/820/1602 
f 1768/798/1582 1769/797/1583 1790/818/1604 1789/819/1603 
f 1769/797/1583 1770/796/1584 1791/817/1605 1790/818/1604 
f 1770/796/1584 1771/795/1585 1792/816/1606 1791/817/1605 
f 1771/795/1585 1772/794/1586 1793/815/1607 1792/816/1606 
f 1772/794/1586 1773/793/1587 1794/814/1608 1793/815/1607 
f 1773/793/1587 1774/429/1588 1795/813/1609 1794/814/1608 
f 1776/902/1590 1775/832/1589 1796/853/1610 1797/903/1611 
f 1775/832/1589 1777/831/1591 1798/852/1612 1796/853/1610 
f 1777/831/1591 1778/830/1592 1799/851/1613 1798/852/1612 
f 1778/830/1592 1779/829/1593 1800/850/1614 1799/851/1613 
f 1779/829/1593 1780/828/1594 1801/849/1615 1800/850/1614 
f 1780/828/1594 1781/827/1595 1802/848/1616 1801/849/1615 
f 1781/827/1595 1782/826/1596 1803/847/1617 1802/848/1616 
f 1782/826/1596 1783/825/1597 1804/846/1618 1803/847/1617 
f 1783/825/1597 1784/824/1598 1805/845/1619 1804/846/1618 
f 1784/824/1598 1785/823/1599 1806/844/1620 1805/845/1619 
f 1785/823/1599 1786/822/1600 1807/843/1621 1806/844/1620 
f 1786/822/1600 1787/821/1601 1808/842/1622 1807/843/1621 
f 1787/821/1601 1788/820/1602 1809/841/1623 1808/842/1622 
f 1788/820/1602 1789/819/1603 1810/840/1624 1809/841/1623 
f 1789/819/1603 1790/818/1604 1811/839/1625 1810/840/1624 
f 1790/818/1604 1791/817/1605 1812/838/1626 1811/839/1625 
f 1791/817/1605 1792/816/1606 1813/837/1627 1812/838/1626 
f 1792/816/1606 1793/815/1607 1814/836/1628 1813/837/1627 
f 1793/815/1607 1794/814/1608 1815/835/1629 1814/836/1628 
f 1794/814/1608 1795/813/1609 1816/834/1630 1815/835/1629 
f 1797/903/1611 1796/853/1610 1817/874/1631 1818/904/1632 
f 1796/853/1610 1798/852/1612 1819/873/1633 1817/874/1631 
f 1798/852/1612 1799/851/1613 1820/872/1634 1819/873/1633 
f 1799/851/1613 1800/850/1614 1821/871/1635 1820/872/1634 
f 1800/850/1614 1801/849/1615 1822/870/1636 1821/871/1635 
f 1801/849/1615 1802/848/1616 1823/869/1637 1822/870/1636 
f 1802/848/1616 1803/847/1617 1824/868/1638 1823/869/1637 
f 1803/847/1617 1804/846/1618 1825/867/1639 1824/868/1638 
f 1804/846/1618 1805/845/1619 1826/866/1640 1825/867/1639 
f 1805/845/1619 1806/844/1620 1827/865/1641 1826/866/1640 
f 1806/844/1620 1807/843/1621 1828/864/1642 1827/865/1641 
f 1807/843/1621 1808/842/1622 1829/863/1643 1828/864/1642 
f 1808/842/1622 1809/841/1623 1830/862/1644 1829/863/1643 
f 1809/841/1623 1810/840/1624 1831/861/1645 1830/862/1644 
f 1810/840/1624 1811/839/1625 1832/860/1646 1831/861/1645 
f 1811/839/1625 1812/838/1626 1833/859/1647 1832/860/1646 
f 1812/838/1626 1813/837/1627 1834/858/1648 1833/859/1647 
f 1813/837/1627 1814/836/1628 1835/857/1649 1834/858/1648 
f 1814/836/1628 1815/835/1629 1836/856/1650 1835/857/1649 
f 1815/835/1629 1816/834/1630 1837/855/1651 1836/856/1650 
f 1818/904/1632 1817/874/1631 1838/894/1652 1839/20/1653 
f 1817/874/1631 1819/873/1633 1840/893/1654 1838/894/1652 
f 1819/873/1633 1820/872/1634 1841/892/1655 1840/893/1654 
f 1820/872/1634 1821/871/1635 1842/891/1656 1841/892/1655 
f 1821/871/1635 1822/870/1636 1843/890/1657 1842/891/1656 
f 1822/870/1636 1823/869/1637 1844/889/1658 1843/890/1657 
f 1823/869/1637 1824/868/1638 1845/888/1659 1844/889/1658 
f 1824/868/1638 1825/867/1639 1846/887/1660 1845/888/1659 
f 1825/867/1639 1826/866/1640 1847/886/1661 1846/887/1660 
f 1826/866/1640 1827/865/1641 1848/885/1662 1847/886/1661 
f 1827/865/1641 1828/864/1642 1849/884/1663 1848/885/1662 
f 1828/864/1642 1829/863/1643 1850/883/1664 1849/884/1663 
f 1829/863/1643 1830/862/1644 1851/882/1665 1850/883/1664 
f 1830/862/1644 1831/861/1645 1852/881/1666 1851/882/1665 
f 1831/861/1645 1832/860/1646 1853/880/1667 1852/881/1666 
f 1832/860/1646 1833/859/1647 1854/879/1668 1853/880/1667 
f 1833/859/1647 1834/858/1648 1855/878/1669 1854/879/1668 
f 1834/858/1648 1835/857/1649 1856/877/1670 1855/878/1669 
f 1835/857/1649 1836/856/1650 1857/876/1671 1856/877/1670 
f 1836/856/1650 1837/855/1651 1858/17/1672 1857/876/1671 
s 8
f 1313/23/1127 1316/665/1130 1587/894/1401 1586/20/1400 
f 1316/665/1130 1318/663/1132 1590/893/1404 1587/894/1401 
f 1318/663/1132 1320/661/1134 1592/892/1406 1590/893/1404 
f 1320/661/1134 1322/659/1136 1594/891/1408 1592/892/1406 
f 1322/659/1136 1324/657/1138 1596/890/1410 1594/891/1408 
f 1324/657/1138 1326/655/1140 1598/889/1412 1596/890/1410 
f 1326/655/1140 1328/653/1142 1600/888/1414 1598/889/1412 
f 1328/653/1142 1330/651/1144 1602/887/1416 1600/888/1414 
f 1330/651/1144 1332/649/1146 1604/886/1418 1602/887/1416 
f 1332/649/1146 1334/647/1148 1606/885/1420 1604/886/1418 
f 1334/647/1148 1336/645/1150 1608/884/1422 1606/885/1420 
f 1336/645/1150 1338/643/1152 1610/883/1424 1608/884/1422 
f 1338/643/1152 1340/641/1154 1612/882/1426 1610/883/1424 
f 1340/641/1154 1342/639/1156 1614/881/1428 1612/882/1426 
f 1342/639/1156 1344/637/1158 1616/880/1430 1614/881/1428 
f 1344/637/1158 1346/635/1160 1618/879/1432 1616/880/1430 
f 1346/635/1160 1348/633/1162 1620/878/1434 1618/879/1432 
f 1348/633/1162 1350/631/1164 1622/877/1436 1620/878/1434 
f 1350/631/1164 1352/629/1166 1624/876/1438 1622/877/1436 
f 1352/629/1166 1354/14/1168 1626/17/1440 1624/876/1438 
s 16
f 1354/23/1168 1353/905/1167 1627/906/1441 1626/20/1440 
f 1353/905/1167 1375/907/1189 1648/908/1462 1627/906/1441 
f 1375/907/1189 1396/657/1210 1669/890/1483 1648/908/1462 
f 1396/657/1210 1417/909/1231 1690/910/1504 1669/890/1483 
f 1417/909/1231 1438/911/1252 1711/912/1525 1690/910/1504 
f 1438/911/1252 1459/647/1273 1732/885/1546 1711/912/1525 
f 1459/647/1273 1480/913/1294 1753/914/1567 1732/885/1546 
f 1480/913/1294 1501/915/1315 1774/916/1588 1753/914/1567 
f 1501/915/1315 1522/637/1336 1795/880/1609 1774/916/1588 
f 1522/637/1336 1543/917/1357 1816/918/1630 1795/880/1609 
f 1543/917/1357 1564/919/1378 1837/920/1651 1816/918/1630 
f 1564/919/1378 1585/14/1399 1858/17/1672 1837/920/1651 
s 32
f 1585/23/1399 1584/665/1398 1857/894/1671 1858/20/1672 
f 1584/665/1398 1583/663/1397 1856/893/1670 1857/894/1671 
f 1583/663/1397 1582/661/1396 1855/892/1669 1856/893/1670 
f 1582/661/1396 1581/659/1395 1854/891/1668 1855/892/1669 
f 1581/659/1395 1580/657/1394 1853/890/1667 1854/891/1668 
f 1580/657/1394 1579/655/1393 1852/889/1666 1853/890/1667 
f 1579/655/1393 1578/653/1392 1851/888/1665 1852/889/1666 
f 1578/653/1392 1577/651/1391 1850/887/1664 1851/888/1665 
f 1577/651/1391 1576/649/1390 1849/886/1663 1850/887/1664 
f 1576/649/1390 1575/647/1389 1848/885/1662 1849/886/1663 
f 1575/647/1389 1574/645/1388 1847/884/1661 1848/885/1662 
f 1574/645/1388 1573/643/1387 1846/883/1660 1847/884/1661 
f 1573/643/1387 1572/641/1386 1845/882/1659 1846/883/1660 
f 1572/641/1386 1571/639/1385 1844/881/1658 1845/882/1659 
f 1571/639/1385 1570/637/1384 1843/880/1657 1844/881/1658 
f 1570/637/1384 1569/635/1383 1842/879/1656 1843/880/1657 
f 1569/635/1383 1568/633/1382 1841/878/1655 1842/879/1656 
f 1568/633/1382 1567/631/1381 1840/877/1654 1841/878/1655 
f 1567/631/1381 1566/629/1380 1838/876/1652 1840/877/1654 
f 1566/629/1380 1565/14/1379 1839/17/1653 1838/876/1652 
s 64
f 1565/23/1379 1544/905/1358 1818/906/1632 1839/20/1653 
f 1544/905/1358 1523/907/1337 1797/908/1611 1818/906/1632 
f 1523/907/1337 1502/657/1316 1776/890/1590 1797/908/1611 
f 1502/657/1316 1481/909/1295 1755/910/1569 1776/890/1590 
f 1481/909/1295 1460/911/1274 1734/912/1548 1755/910/1569 
f 1460/911/1274 1439/647/1253 1713/885/1527 1734/912/1548 
f 1439/647/1253 1418/913/1232 1692/914/1506 1713/885/1527 
f 1418/913/1232 1397/915/1211 1671/916/1485 1692/914/1506 
f 1397/915/1211 1376/637/1190 1650/880/1464 1671/916/1485 
f 1376/637/1190 1355/917/1169 1629/918/1443 1650/880/1464 
f 1355/917/1169 1314/919/1128 1589/920/1403 1629/918/1443 
f 1314/919/1128 1313/14/1127 1586/17/1400 1589/920/1403 
s 16
f 1859/33/57 1860/34/58 1861/35/59 1862/36/59 
f 1860/34/58 1863/37/57 1864/38/59 1861/35/59 
f 1865/39/60 1866/40/61 1861/35/59 1864/38/59 
f 1866/40/61 1867/41/60 1862/36/59 1861/35/59 
f 1867/42/60 1866/43/61 1868/44/62 1869/45/62 
f 1866/43/61 1865/46/60 1870/47/62 1868/44/62 
f 1871/48/63 1872/49/63 1868/44/62 1870/47/62 
f 1872/49/63 1873/50/63 1869/45/62 1868/44/62 
f 1873/50/63 1872/49/63 1874/51/64 1875/52/64 
f 1872/49/63 1871/48/63 1876/53/64 1874/51/64 
f 1877/54/65 1878/55/66 1874/51/64 1876/53/64 
f 1878/55/66 1879/56/66 1875/52/64 1874/51/64 
f 1879/56/66 1878/55/66 1880/57/67 1881/58/67 
f 1878/55/66 1877/54/65 1882/59/67 1880/57/67 
f 1883/60/68 1884/61/69 1880/57/67 1882/59/67 
f 1884/61/69 1885/62/68 1881/58/67 1880/57/67 
f 1885/62/68 1884/61/69 1886/63/70 1887/64/70 
f 1884/61/69 1883/60/68 1888/65/70 1886/63/70 
f 1889/66/71 1890/67/72 1886/63/70 1888/65/70 
f 1890/67/72 1891/68/72 1887/64/70 1886/63/70 
f 1891/68/72 1890/67/72 1892/69/73 1893/70/73 
f 1890/67/72 1889/66/71 1894/71/73 1892/69/73 
f 1895/72/74 1896/73/74 1892/69/73 1894/71/73 
f 1896/73/74 1897/74/74 1893/70/73 1892/69/73 
f 1897/74/74 1896/73/74 1898/75/75 1899/76/75 
f 1896/73/74 1895/72/74 1900/77/75 1898/75/75 
f 1901/78/76 1902/79/77 1898/75/75 1900/77/75 
f 1902/79/77 1903/80/77 1899/76/75 1898/75/75 
f 1903/80/77 1902/79/77 1904/81/78 1905/82/78 
f 1902/79/77 1901/78/76 1906/83/78 1904/81/78 
f 1863/37/57 1860/34/58 1904/81/78 1906/83/78 
f 1860/34/58 1859/33/57 1905/82/78 1904/81/78 
f 1907/84/79 1908/85/80 1909/86/1673 1910/87/82 
f 1908/85/80 1911/88/83 1912/89/84 1909/86/1673 
f 1913/90/85 1914/91/86 1909/86/1673 1912/89/84 
f 1914/91/86 1915/92/87 1910/87/82 1909/86/1673 
f 1916/93/88 1917/94/89 1918/95/90 1919/96/91 
f 1917/94/89 1907/97/79 1910/98/82 1918/95/90 
f 1915/99/87 1920/100/92 1918/95/90 1910/98/82 
f 1920/100/92 1921/101/93 1919/96/91 1918/95/90 
f 1922/102/94 1923/103/95 1924/104/96 1925/105/97 
f 1923/103/95 1916/93/88 1919/96/91 1924/104/96 
f 1921/101/93 1926/106/98 1924/104/96 1919/96/91 
f 1926/106/98 1927/107/99 1925/105/97 1924/104/96 
f 1928/108/100 1929/109/1674 1930/110/102 1931/111/103 
f 1929/109/1674 1922/102/94 1925/105/97 1930/110/102 
f 1927/107/99 1932/112/104 1930/110/102 1925/105/97 
f 1932/112/104 1933/113/105 1931/111/103 1930/110/102 
f 1934/114/106 1935/115/107 1936/116/108 1937/117/109 
f 1935/115/107 1928/108/100 1931/111/103 1936/116/108 
f 1933/113/105 1938/118/110 1936/116/108 1931/111/103 
f 1938/118/110 1939/119/111 1937/117/109 1936/116/108 
f 1940/120/112 1941/121/113 1942/122/114 1943/123/115 
f 1941/121/113 1934/114/106 1937/117/109 1942/122/114 
f 1939/119/111 1944/124/116 1942/122/114 1937/117/109 
f 1944/124/116 1945/125/117 1943/123/115 1942/122/114 
f 1946/126/118 1947/127/119 1948/128/120 1949/129/121 
f 1947/127/119 1940/120/112 1943/123/115 1948/128/120 
f 1945/125/117 1950/130/122 1948/128/120 1943/123/115 
f 1950/130/122 1951/131/123 1949/129/121 1948/128/120 
f 1911/88/83 1952/132/124 1953/133/125 1912/89/84 
f 1952/132/124 1946/126/118 1949/129/121 1953/133/125 
f 1951/131/123 1954/134/126 1953/133/125 1949/129/121 
f 1954/134/126 1913/90/85 1912/89/84 1953/133/125 
f 1955/135/1675 1956/136/1676 1957/137/129 1958/138/130 
f 1956/136/1676 1959/136/436 1960/137/132 1957/137/129 
f 1961/139/133 1962/139/1677 1957/137/129 1960/137/132 
f 1962/139/1677 1963/139/135 1958/138/130 1957/137/129 
f 1963/140/135 1962/140/1677 1964/141/136 1965/142/137 
f 1962/140/1677 1961/140/133 1966/141/138 1964/141/136 
f 1967/143/139 1968/143/140 1964/141/136 1966/141/138 
f 1968/143/140 1969/144/141 1965/142/137 1964/141/136 
f 1969/144/141 1968/143/140 1970/145/142 1971/146/143 
f 1968/143/140 1967/143/139 1972/145/144 1970/145/142 
f 1973/147/145 1974/147/146 1970/145/142 1972/145/144 
f 1974/147/146 1975/148/147 1971/146/143 1970/145/142 
f 1975/148/147 1974/147/146 1976/149/148 1977/150/149 
f 1974/147/146 1973/147/145 1978/149/150 1976/149/148 
f 1979/151/873 1980/151/1678 1976/149/148 1978/149/150 
f 1980/151/1678 1981/152/1679 1977/150/149 1976/149/148 
f 1981/152/1679 1980/151/1678 1982/153/154 1983/154/155 
f 1980/151/1678 1979/151/873 1984/153/156 1982/153/154 
f 1985/155/157 1986/155/158 1982/153/154 1984/153/156 
f 1986/155/158 1987/156/159 1983/154/155 1982/153/154 
f 1987/156/159 1986/155/158 1988/157/160 1989/158/161 
f 1986/155/158 1985/155/157 1990/157/162 1988/157/160 
f 1991/159/163 1992/159/164 1988/157/160 1990/157/162 
f 1992/159/164 1993/160/165 1989/158/161 1988/157/160 
f 1993/160/165 1992/159/164 1994/161/166 1995/162/167 
f 1992/159/164 1991/159/163 1996/161/168 1994/161/166 
f 1997/163/169 1998/163/170 1994/161/166 1996/161/168 
f 1998/163/170 1999/164/171 1995/162/167 1994/161/166 
f 1999/164/171 1998/163/170 2000/165/172 2001/166/173 
f 1998/163/170 1997/163/169 2002/165/174 2000/165/172 
f 1959/136/436 1956/136/1676 2000/165/172 2002/165/174 
f 1956/136/1676 1955/135/1675 2001/166/173 2000/165/172 
f 2003/167/175 2004/168/176 2005/169/177 2006/170/178 
f 2004/168/176 1955/135/1675 1958/138/130 2005/169/177 
f 1963/139/135 2007/171/179 2005/169/177 1958/138/130 
f 2007/171/179 2008/172/180 2006/170/178 2005/169/177 
f 2008/173/180 2007/174/179 2009/175/181 2010/176/182 
f 2007/174/179 1963/140/135 1965/142/137 2009/175/181 
f 1969/144/141 2011/177/183 2009/175/181 1965/142/137 
f 2011/177/183 2012/178/184 2010/176/182 2009/175/181 
f 2012/178/184 2011/177/183 2013/179/185 2014/180/186 
f 2011/177/183 1969/144/141 1971/146/143 2013/179/185 
f 1975/148/147 2015/181/187 2013/179/185 1971/146/143 
f 2015/181/187 2016/182/188 2014/180/186 2013/179/185 
f 2016/182/188 2015/181/187 2017/183/189 2018/184/190 
f 2015/181/187 1975/148/147 1977/150/149 2017/183/189 
f 1981/152/1679 2019/185/1680 2017/183/189 1977/150/149 
f 2019/185/1680 2020/186/192 2018/184/190 2017/183/189 
f 2020/186/192 2019/185/1680 2021/187/193 2022/188/194 
f 2019/185/1680 1981/152/1679 1983/154/155 2021/187/193 
f 1987/156/159 2023/189/195 2021/187/193 1983/154/155 
f 2023/189/195 2024/190/196 2022/188/194 2021/187/193 
f 2024/190/196 2023/189/195 2025/191/197 2026/192/198 
f 2023/189/195 1987/156/159 1989/158/161 2025/191/197 
f 1993/160/165 2027/193/199 2025/191/197 1989/158/161 
f 2027/193/199 2028/194/200 2026/192/198 2025/191/197 
f 2028/194/200 2027/193/199 2029/195/201 2030/196/202 
f 2027/193/199 1993/160/165 1995/162/167 2029/195/201 
f 1999/164/171 2031/197/203 2029/195/201 1995/162/167 
f 2031/197/203 2032/198/204 2030/196/202 2029/195/201 
f 2032/198/204 2031/197/203 2033/199/205 2034/200/206 
f 2031/197/203 1999/164/171 2001/166/173 2033/199/205 
f 1955/135/1675 2004/168/176 2033/199/205 2001/166/173 
f 2004/168/176 2003/167/175 2034/200/206 2033/199/205 
f 1863/37/57 2035/201/207 2036/202/208 1864/38/59 
f 2035/201/207 1911/88/83 1908/85/80 2036/202/208 
f 1907/84/79 2037/203/209 2036/202/208 1908/85/80 
f 2037/203/209 1865/39/60 1864/38/59 2036/202/208 
f 1865/46/60 2037/204/209 2038/205/210 1870/47/62 
f 2037/204/209 1907/97/79 1917/94/89 2038/205/210 
f 1916/93/88 2039/206/211 2038/205/210 1917/94/89 
f 2039/206/211 1871/48/63 1870/47/62 2038/205/210 
f 1871/48/63 2039/206/211 2040/207/212 1876/53/64 
f 2039/206/211 1916/93/88 1923/103/95 2040/207/212 
f 1922/102/94 2041/208/213 2040/207/212 1923/103/95 
f 2041/208/213 1877/54/65 1876/53/64 2040/207/212 
f 1877/54/65 2041/208/213 2042/209/214 1882/59/67 
f 2041/208/213 1922/102/94 1929/109/1674 2042/209/214 
f 1928/108/100 2043/210/215 2042/209/214 1929/109/1674 
f 2043/210/215 1883/60/68 1882/59/67 2042/209/214 
f 1883/60/68 2043/210/215 2044/211/216 1888/65/70 
f 2043/210/215 1928/108/100 1935/115/107 2044/211/216 
f 1934/114/106 2045/212/217 2044/211/216 1935/115/107 
f 2045/212/217 1889/66/71 1888/65/70 2044/211/216 
f 1889/66/71 2045/212/217 2046/213/218 1894/71/73 
f 2045/212/217 1934/114/106 1941/121/113 2046/213/218 
f 1940/120/112 2047/214/219 2046/213/218 1941/121/113 
f 2047/214/219 1895/72/74 1894/71/73 2046/213/218 
f 1895/72/74 2047/214/219 2048/215/220 1900/77/75 
f 2047/214/219 1940/120/112 1947/127/119 2048/215/220 
f 1946/126/118 2049/216/221 2048/215/220 1947/127/119 
f 2049/216/221 1901/78/76 1900/77/75 2048/215/220 
f 1901/78/76 2049/216/221 2050/217/222 1906/83/78 
f 2049/216/221 1946/126/118 1952/132/124 2050/217/222 
f 1911/88/83 2035/201/207 2050/217/222 1952/132/124 
f 2035/201/207 1863/37/57 1906/83/78 2050/217/222 
f 1959/136/436 2051/136/435 2052/137/132 1960/137/132 
f 2051/136/435 2053/136/436 2054/137/132 2052/137/132 
f 2055/139/133 2056/139/133 2052/137/132 2054/137/132 
f 2056/139/133 1961/139/133 1960/137/132 2052/137/132 
f 1961/140/133 2056/140/133 2057/141/138 1966/141/138 
f 2056/140/133 2055/140/133 2058/141/138 2057/141/138 
f 2059/143/139 2060/143/63 2057/141/138 2058/141/138 
f 2060/143/63 1967/143/139 1966/141/138 2057/141/138 
f 1967/143/139 2060/143/63 2061/145/144 1972/145/144 
f 2060/143/63 2059/143/139 2062/145/144 2061/145/144 
f 2063/147/145 2064/147/145 2061/145/144 2062/145/144 
f 2064/147/145 1973/147/145 1972/145/144 2061/145/144 
f 1973/147/145 2064/147/145 2065/149/150 1978/149/150 
f 2064/147/145 2063/147/145 2066/149/150 2065/149/150 
f 2067/151/873 2068/151/926 2065/149/150 2066/149/150 
f 2068/151/926 1979/151/873 1978/149/150 2065/149/150 
f 1979/151/873 2068/151/926 2069/153/156 1984/153/156 
f 2068/151/926 2067/151/873 2070/153/226 2069/153/156 
f 2071/155/227 2072/155/157 2069/153/156 2070/153/226 
f 2072/155/157 1985/155/157 1984/153/156 2069/153/156 
f 1985/155/157 2072/155/157 2073/157/162 1990/157/162 
f 2072/155/157 2071/155/227 2074/157/228 2073/157/162 
f 2075/159/229 2076/159/163 2073/157/162 2074/157/228 
f 2076/159/163 1991/159/163 1990/157/162 2073/157/162 
f 1991/159/163 2076/159/163 2077/161/168 1996/161/168 
f 2076/159/163 2075/159/229 2078/161/230 2077/161/168 
f 2079/163/231 2080/163/169 2077/161/168 2078/161/230 
f 2080/163/169 1997/163/169 1996/161/168 2077/161/168 
f 1997/163/169 2080/163/169 2081/165/174 2002/165/174 
f 2080/163/169 2079/163/231 2082/165/232 2081/165/174 
f 2053/136/436 2051/136/435 2081/165/174 2082/165/232 
f 2051/136/435 1959/136/436 2002/165/174 2081/165/174 
f 1915/92/87 1914/91/86 2083/218/233 2084/219/234 
f 1914/91/86 1913/90/85 2085/220/235 2083/218/233 
f 2003/167/175 2006/170/178 2083/218/233 2085/220/235 
f 2006/170/178 2008/172/180 2084/219/234 2083/218/233 
f 1921/101/93 1920/100/92 2086/221/236 2087/222/237 
f 1920/100/92 1915/99/87 2084/223/234 2086/221/236 
f 2008/173/180 2010/176/182 2086/221/236 2084/223/234 
f 2010/176/182 2012/178/184 2087/222/237 2086/221/236 
f 1927/107/99 1926/106/98 2088/224/238 2089/225/239 
f 1926/106/98 1921/101/93 2087/222/237 2088/224/238 
f 2012/178/184 2014/180/186 2088/224/238 2087/222/237 
f 2014/180/186 2016/182/188 2089/225/239 2088/224/238 
f 1933/113/105 1932/112/104 2090/226/240 2091/227/241 
f 1932/112/104 1927/107/99 2089/225/239 2090/226/240 
f 2016/182/188 2018/184/190 2090/226/240 2089/225/239 
f 2018/184/190 2020/186/192 2091/227/241 2090/226/240 
f 1939/119/111 1938/118/110 2092/228/242 2093/229/243 
f 1938/118/110 1933/113/105 2091/227/241 2092/228/242 
f 2020/186/192 2022/188/194 2092/228/242 2091/227/241 
f 2022/188/194 2024/190/196 2093/229/243 2092/228/242 
f 1945/125/117 1944/124/116 2094/230/244 2095/231/245 
f 1944/124/116 1939/119/111 2093/229/243 2094/230/244 
f 2024/190/196 2026/192/198 2094/230/244 2093/229/243 
f 2026/192/198 2028/194/200 2095/231/245 2094/230/244 
f 1951/131/123 1950/130/122 2096/232/246 2097/233/247 
f 1950/130/122 1945/125/117 2095/231/245 2096/232/246 
f 2028/194/200 2030/196/202 2096/232/246 2095/231/245 
f 2030/196/202 2032/198/204 2097/233/247 2096/232/246 
f 1913/90/85 1954/134/126 2098/234/248 2085/220/235 
f 1954/134/126 1951/131/123 2097/233/247 2098/234/248 
f 2032/198/204 2034/200/206 2098/234/248 2097/233/247 
f 2034/200/206 2003/167/175 2085/220/235 2098/234/248 
f 2099/33/68 2100/36/67 2101/35/67 2102/34/68 
f 2100/36/67 2103/41/66 2104/40/66 2101/35/67 
f 2105/39/66 2106/38/67 2101/35/67 2104/40/66 
f 2106/38/67 2107/37/68 2102/34/68 2101/35/67 
f 2103/42/66 2108/45/64 2109/44/64 2104/43/66 
f 2108/45/64 2110/50/63 2111/49/139 2109/44/64 
f 2112/48/63 2113/47/249 2109/44/64 2111/49/139 
f 2113/47/249 2105/46/66 2104/43/66 2109/44/64 
f 2110/50/63 2114/52/62 2115/51/250 2111/49/139 
f 2114/52/62 2116/56/60 2117/55/60 2115/51/250 
f 2118/54/60 2119/53/62 2115/51/250 2117/55/60 
f 2119/53/62 2112/48/63 2111/49/139 2115/51/250 
f 2116/56/60 2120/58/59 2121/57/59 2117/55/60 
f 2120/58/59 2122/62/57 2123/61/57 2121/57/59 
f 2124/60/57 2125/59/59 2121/57/59 2123/61/57 
f 2125/59/59 2118/54/60 2117/55/60 2121/57/59 
f 2122/62/57 2126/64/78 2127/63/78 2123/61/57 
f 2126/64/78 2128/68/77 2129/67/77 2127/63/78 
f 2130/66/77 2131/65/78 2127/63/78 2129/67/77 
f 2131/65/78 2124/60/57 2123/61/57 2127/63/78 
f 2128/68/77 2132/70/75 2133/69/251 2129/67/77 
f 2132/70/75 2134/74/74 2135/73/229 2133/69/251 
f 2136/72/74 2137/71/75 2133/69/251 2135/73/229 
f 2137/71/75 2130/66/77 2129/67/77 2133/69/251 
f 2134/74/74 2138/76/73 2139/75/73 2135/73/229 
f 2138/76/73 2140/80/72 2141/79/72 2139/75/73 
f 2142/78/72 2143/77/252 2139/75/73 2141/79/72 
f 2143/77/252 2136/72/74 2135/73/229 2139/75/73 
f 2140/80/72 2144/82/70 2145/81/70 2141/79/72 
f 2144/82/70 2099/33/68 2102/34/68 2145/81/70 
f 2107/37/68 2146/83/70 2145/81/70 2102/34/68 
f 2146/83/70 2142/78/72 2141/79/72 2145/81/70 
f 2147/84/253 2148/87/254 2149/86/1681 2150/85/256 
f 2148/87/254 2151/92/257 2152/91/258 2149/86/1681 
f 2153/90/259 2154/89/260 2149/86/1681 2152/91/258 
f 2154/89/260 2155/88/261 2150/85/256 2149/86/1681 
f 2156/93/262 2157/96/263 2158/95/264 2159/94/265 
f 2157/96/263 2160/101/266 2161/100/267 2158/95/264 
f 2151/99/257 2148/98/254 2158/95/264 2161/100/267 
f 2148/98/254 2147/97/253 2159/94/265 2158/95/264 
f 2162/102/268 2163/105/269 2164/104/270 2165/103/271 
f 2163/105/269 2166/107/272 2167/106/273 2164/104/270 
f 2160/101/266 2157/96/263 2164/104/270 2167/106/273 
f 2157/96/263 2156/93/262 2165/103/271 2164/104/270 
f 2168/108/274 2169/111/275 2170/110/276 2171/109/277 
f 2169/111/275 2172/113/278 2173/112/279 2170/110/276 
f 2166/107/272 2163/105/269 2170/110/276 2173/112/279 
f 2163/105/269 2162/102/268 2171/109/277 2170/110/276 
f 2174/114/280 2175/117/281 2176/116/282 2177/115/283 
f 2175/117/281 2178/119/284 2179/118/285 2176/116/282 
f 2172/113/278 2169/111/275 2176/116/282 2179/118/285 
f 2169/111/275 2168/108/274 2177/115/283 2176/116/282 
f 2180/120/286 2181/123/287 2182/122/288 2183/121/289 
f 2181/123/287 2184/125/290 2185/124/291 2182/122/288 
f 2178/119/284 2175/117/281 2182/122/288 2185/124/291 
f 2175/117/281 2174/114/280 2183/121/289 2182/122/288 
f 2186/126/292 2187/129/293 2188/128/294 2189/127/295 
f 2187/129/293 2190/131/296 2191/130/297 2188/128/294 
f 2184/125/290 2181/123/287 2188/128/294 2191/130/297 
f 2181/123/287 2180/120/286 2189/127/295 2188/128/294 
f 2155/88/261 2154/89/260 2192/133/1682 2193/132/299 
f 2154/89/260 2153/90/259 2194/134/300 2192/133/1682 
f 2190/131/296 2187/129/293 2192/133/1682 2194/134/300 
f 2187/129/293 2186/126/292 2193/132/299 2192/133/1682 
f 2195/135/301 2196/138/302 2197/137/303 2198/136/304 
f 2196/138/302 2199/139/305 2200/139/306 2197/137/303 
f 2201/139/133 2202/137/132 2197/137/303 2200/139/306 
f 2202/137/132 2203/136/435 2198/136/304 2197/137/303 
f 2199/140/305 2204/142/307 2205/141/308 2200/140/306 
f 2204/142/307 2206/144/309 2207/143/310 2205/141/308 
f 2208/143/139 2209/141/138 2205/141/308 2207/143/310 
f 2209/141/138 2201/140/133 2200/140/306 2205/141/308 
f 2206/144/309 2210/146/311 2211/145/312 2207/143/310 
f 2210/146/311 2212/148/313 2213/147/314 2211/145/312 
f 2214/147/145 2215/145/144 2211/145/312 2213/147/314 
f 2215/145/144 2208/143/139 2207/143/310 2211/145/312 
f 2212/148/313 2216/150/315 2217/149/316 2213/147/314 
f 2216/150/315 2218/152/1683 2219/151/318 2217/149/316 
f 2220/151/926 2221/149/150 2217/149/316 2219/151/318 
f 2221/149/150 2214/147/145 2213/147/314 2217/149/316 
f 2218/152/1683 2222/154/319 2223/153/320 2219/151/318 
f 2222/154/319 2224/156/321 2225/155/322 2223/153/320 
f 2226/155/157 2227/153/156 2223/153/320 2225/155/322 
f 2227/153/156 2220/151/926 2219/151/318 2223/153/320 
f 2224/156/321 2228/158/323 2229/157/324 2225/155/322 
f 2228/158/323 2230/160/325 2231/159/326 2229/157/324 
f 2232/159/163 2233/157/162 2229/157/324 2231/159/326 
f 2233/157/162 2226/155/157 2225/155/322 2229/157/324 
f 2230/160/325 2234/162/327 2235/161/328 2231/159/326 
f 2234/162/327 2236/164/329 2237/163/330 2235/161/328 
f 2238/163/169 2239/161/168 2235/161/328 2237/163/330 
f 2239/161/168 2232/159/163 2231/159/326 2235/161/328 
f 2236/164/329 2240/166/331 2241/165/332 2237/163/330 
f 2240/166/331 2195/135/301 2198/136/304 2241/165/332 
f 2203/136/435 2242/165/174 2241/165/332 2198/136/304 
f 2242/165/174 2238/163/169 2237/163/330 2241/165/332 
f 2243/167/333 2244/170/334 2245/169/335 2246/168/336 
f 2244/170/334 2247/172/337 2248/171/338 2245/169/335 
f 2199/139/305 2196/138/302 2245/169/335 2248/171/338 
f 2196/138/302 2195/135/301 2246/168/336 2245/169/335 
f 2247/173/337 2249/176/339 2250/175/340 2248/174/338 
f 2249/176/339 2251/178/341 2252/177/342 2250/175/340 
f 2206/144/309 2204/142/307 2250/175/340 2252/177/342 
f 2204/142/307 2199/140/305 2248/174/338 2250/175/340 
f 2251/178/341 2253/180/343 2254/179/344 2252/177/342 
f 2253/180/343 2255/182/345 2256/181/346 2254/179/344 
f 2212/148/313 2210/146/311 2254/179/344 2256/181/346 
f 2210/146/311 2206/144/309 2252/177/342 2254/179/344 
f 2255/182/345 2257/184/347 2258/183/348 2256/181/346 
f 2257/184/347 2259/186/349 2260/185/1684 2258/183/348 
f 2218/152/1683 2216/150/315 2258/183/348 2260/185/1684 
f 2216/150/315 2212/148/313 2256/181/346 2258/183/348 
f 2259/186/349 2261/188/351 2262/187/352 2260/185/1684 
f 2261/188/351 2263/190/353 2264/189/354 2262/187/352 
f 2224/156/321 2222/154/319 2262/187/352 2264/189/354 
f 2222/154/319 2218/152/1683 2260/185/1684 2262/187/352 
f 2263/190/353 2265/192/355 2266/191/356 2264/189/354 
f 2265/192/355 2267/194/357 2268/193/358 2266/191/356 
f 2230/160/325 2228/158/323 2266/191/356 2268/193/358 
f 2228/158/323 2224/156/321 2264/189/354 2266/191/356 
f 2267/194/357 2269/196/359 2270/195/360 2268/193/358 
f 2269/196/359 2271/198/361 2272/197/362 2270/195/360 
f 2236/164/329 2234/162/327 2270/195/360 2272/197/362 
f 2234/162/327 2230/160/325 2268/193/358 2270/195/360 
f 2271/198/361 2273/200/363 2274/199/364 2272/197/362 
f 2273/200/363 2243/167/333 2246/168/336 2274/199/364 
f 2195/135/301 2240/166/331 2274/199/364 2246/168/336 
f 2240/166/331 2236/164/329 2272/197/362 2274/199/364 
f 2107/37/68 2106/38/67 2275/202/365 2276/201/366 
f 2106/38/67 2105/39/66 2277/203/1685 2275/202/365 
f 2147/84/253 2150/85/256 2275/202/365 2277/203/1685 
f 2150/85/256 2155/88/261 2276/201/366 2275/202/365 
f 2105/46/66 2113/47/249 2278/205/368 2277/204/1685 
f 2113/47/249 2112/48/63 2279/206/369 2278/205/368 
f 2156/93/262 2159/94/265 2278/205/368 2279/206/369 
f 2159/94/265 2147/97/253 2277/204/1685 2278/205/368 
f 2112/48/63 2119/53/62 2280/207/370 2279/206/369 
f 2119/53/62 2118/54/60 2281/208/371 2280/207/370 
f 2162/102/268 2165/103/271 2280/207/370 2281/208/371 
f 2165/103/271 2156/93/262 2279/206/369 2280/207/370 
f 2118/54/60 2125/59/59 2282/209/372 2281/208/371 
f 2125/59/59 2124/60/57 2283/210/373 2282/209/372 
f 2168/108/274 2171/109/277 2282/209/372 2283/210/373 
f 2171/109/277 2162/102/268 2281/208/371 2282/209/372 
f 2124/60/57 2131/65/78 2284/211/374 2283/210/373 
f 2131/65/78 2130/66/77 2285/212/375 2284/211/374 
f 2174/114/280 2177/115/283 2284/211/374 2285/212/375 
f 2177/115/283 2168/108/274 2283/210/373 2284/211/374 
f 2130/66/77 2137/71/75 2286/213/376 2285/212/375 
f 2137/71/75 2136/72/74 2287/214/377 2286/213/376 
f 2180/120/286 2183/121/289 2286/213/376 2287/214/377 
f 2183/121/289 2174/114/280 2285/212/375 2286/213/376 
f 2136/72/74 2143/77/252 2288/215/378 2287/214/377 
f 2143/77/252 2142/78/72 2289/216/379 2288/215/378 
f 2186/126/292 2189/127/295 2288/215/378 2289/216/379 
f 2189/127/295 2180/120/286 2287/214/377 2288/215/378 
f 2142/78/72 2146/83/70 2290/217/380 2289/216/379 
f 2146/83/70 2107/37/68 2276/201/366 2290/217/380 
f 2155/88/261 2193/132/299 2290/217/380 2276/201/366 
f 2193/132/299 2186/126/292 2289/216/379 2290/217/380 
f 2203/136/435 2202/137/132 2291/137/132 2292/136/436 
f 2202/137/132 2201/139/133 2293/139/133 2291/137/132 
f 2055/139/133 2054/137/132 2291/137/132 2293/139/133 
f 2054/137/132 2053/136/436 2292/136/436 2291/137/132 
f 2201/140/133 2209/141/138 2294/141/138 2293/140/133 
f 2209/141/138 2208/143/139 2295/143/63 2294/141/138 
f 2059/143/139 2058/141/138 2294/141/138 2295/143/63 
f 2058/141/138 2055/140/133 2293/140/133 2294/141/138 
f 2208/143/139 2215/145/144 2296/145/144 2295/143/63 
f 2215/145/144 2214/147/145 2297/147/145 2296/145/144 
f 2063/147/145 2062/145/144 2296/145/144 2297/147/145 
f 2062/145/144 2059/143/139 2295/143/63 2296/145/144 
f 2214/147/145 2221/149/150 2298/149/150 2297/147/145 
f 2221/149/150 2220/151/926 2299/151/873 2298/149/150 
f 2067/151/873 2066/149/150 2298/149/150 2299/151/873 
f 2066/149/150 2063/147/145 2297/147/145 2298/149/150 
f 2220/151/926 2227/153/156 2300/153/156 2299/151/873 
f 2227/153/156 2226/155/157 2301/155/157 2300/153/156 
f 2071/155/227 2070/153/226 2300/153/156 2301/155/157 
f 2070/153/226 2067/151/873 2299/151/873 2300/153/156 
f 2226/155/157 2233/157/162 2302/157/162 2301/155/157 
f 2233/157/162 2232/159/163 2303/159/163 2302/157/162 
f 2075/159/229 2074/157/228 2302/157/162 2303/159/163 
f 2074/157/228 2071/155/227 2301/155/157 2302/157/162 
f 2232/159/163 2239/161/168 2304/161/168 2303/159/163 
f 2239/161/168 2238/163/169 2305/163/169 2304/161/168 
f 2079/163/231 2078/161/230 2304/161/168 2305/163/169 
f 2078/161/230 2075/159/229 2303/159/163 2304/161/168 
f 2238/163/169 2242/165/174 2306/165/174 2305/163/169 
f 2242/165/174 2203/136/435 2292/136/436 2306/165/174 
f 2053/136/436 2082/165/232 2306/165/174 2292/136/436 
f 2082/165/232 2079/163/231 2305/163/169 2306/165/174 
f 2151/92/257 2307/219/381 2308/218/382 2152/91/258 
f 2307/219/381 2247/172/337 2244/170/334 2308/218/382 
f 2243/167/333 2309/220/383 2308/218/382 2244/170/334 
f 2309/220/383 2153/90/259 2152/91/258 2308/218/382 
f 2160/101/266 2310/222/384 2311/221/1686 2161/100/267 
f 2310/222/384 2251/178/341 2249/176/339 2311/221/1686 
f 2247/173/337 2307/223/381 2311/221/1686 2249/176/339 
f 2307/223/381 2151/99/257 2161/100/267 2311/221/1686 
f 2166/107/272 2312/225/386 2313/224/387 2167/106/273 
f 2312/225/386 2255/182/345 2253/180/343 2313/224/387 
f 2251/178/341 2310/222/384 2313/224/387 2253/180/343 
f 2310/222/384 2160/101/266 2167/106/273 2313/224/387 
f 2172/113/278 2314/227/388 2315/226/389 2173/112/279 
f 2314/227/388 2259/186/349 2257/184/347 2315/226/389 
f 2255/182/345 2312/225/386 2315/226/389 2257/184/347 
f 2312/225/386 2166/107/272 2173/112/279 2315/226/389 
f 2178/119/284 2316/229/390 2317/228/391 2179/118/285 
f 2316/229/390 2263/190/353 2261/188/351 2317/228/391 
f 2259/186/349 2314/227/388 2317/228/391 2261/188/351 
f 2314/227/388 2172/113/278 2179/118/285 2317/228/391 
f 2184/125/290 2318/231/392 2319/230/393 2185/124/291 
f 2318/231/392 2267/194/357 2265/192/355 2319/230/393 
f 2263/190/353 2316/229/390 2319/230/393 2265/192/355 
f 2316/229/390 2178/119/284 2185/124/291 2319/230/393 
f 2190/131/296 2320/233/394 2321/232/395 2191/130/297 
f 2320/233/394 2271/198/361 2269/196/359 2321/232/395 
f 2267/194/357 2318/231/392 2321/232/395 2269/196/359 
f 2318/231/392 2184/125/290 2191/130/297 2321/232/395 
f 2153/90/259 2309/220/383 2322/234/396 2194/134/300 
f 2309/220/383 2243/167/333 2273/200/363 2322/234/396 
f 2271/198/361 2320/233/394 2322/234/396 2273/200/363 
f 2320/233/394 2190/131/296 2194/134/300 2322/234/396 
# 2284 polygons

#
# object JailProp_Chair001
#

v  0.7565 0.4611 0.8358
v  0.7565 0.4611 0.3254
v  0.8109 0.4611 0.3254
v  0.8109 0.4611 0.8358
v  0.8109 0.5219 0.8358
v  0.8109 0.5219 0.3254
v  0.7565 0.5219 0.3254
v  0.7565 0.5219 0.8358
v  0.7565 0.4611 0.8817
v  0.8109 0.4611 0.8817
v  0.8109 0.5219 0.8817
v  0.7565 0.5219 0.8817
v  1.3371 0.4611 0.8358
v  1.3371 0.4611 0.3254
v  1.3371 0.5219 0.3254
v  1.3371 0.5219 0.8358
v  1.3371 0.4611 0.2796
v  1.2884 0.4611 0.2796
v  1.2884 0.5219 0.2796
v  1.3371 0.5219 0.2796
v  1.2884 0.4611 0.8358
v  1.2884 0.4611 0.3254
v  1.2884 0.5219 0.3254
v  1.2884 0.5219 0.8358
v  1.2884 0.4611 0.8817
v  1.2884 0.5219 0.8817
v  0.8109 0.4611 0.2796
v  0.7565 0.4611 0.2796
v  0.7565 0.5219 0.2796
v  0.8109 0.5219 0.2796
v  0.7565 0.0000 0.3254
v  0.7565 0.0000 0.2796
v  0.8109 0.0000 0.2796
v  0.8109 0.0000 0.3254
v  0.8109 0.0000 0.8358
v  0.8109 0.0000 0.8817
v  0.7565 0.0000 0.8817
v  0.7565 0.0000 0.8358
v  0.8109 1.0530 0.3254
v  0.8109 1.0530 0.2796
v  0.7565 1.0530 0.2796
v  0.7565 1.0530 0.3254
v  0.7565 1.0530 0.8358
v  0.7565 1.0530 0.8817
v  0.8109 1.0530 0.8817
v  0.8109 1.0530 0.8358
v  1.3371 0.5219 0.8817
v  1.3371 0.4611 0.8817
v  1.3371 0.0000 0.8358
v  1.3371 0.0000 0.8817
v  1.2884 0.0000 0.8817
v  1.2884 0.0000 0.8358
v  0.7565 0.9939 0.3254
v  0.7565 0.9939 0.2796
v  0.8109 0.9939 0.3254
v  0.8109 0.9939 0.2796
v  0.8109 0.9939 0.8817
v  0.7565 0.9939 0.8817
v  0.8109 0.9939 0.8358
v  0.7565 0.9939 0.8358
v  1.2884 0.0000 0.2796
v  1.3371 0.0000 0.2796
v  1.3371 0.0000 0.3254
v  1.2884 0.0000 0.3254
# 64 vertices

vn -0.9045 -0.3015 -0.3015
vn -0.9045 -0.3015 0.3015
vn 0.3015 -0.9045 0.3015
vn 0.3015 -0.9045 -0.3015
vn 0.3015 0.9045 -0.3015
vn 0.3015 0.9045 0.3015
vn -0.9045 0.3015 0.3015
vn -0.9045 0.3015 -0.3015
vn -0.7071 -0.0000 0.7071
vn 0.3015 -0.3015 0.9045
vn 0.3015 0.3015 0.9045
vn -0.7071 0.0000 0.7071
vn 0.9045 -0.3015 -0.3015
vn 0.9045 -0.3015 0.3015
vn 0.7071 0.7071 -0.0000
vn 0.7071 -0.0000 -0.7071
vn -0.3015 -0.3015 -0.9045
vn -0.0000 0.7071 -0.7071
vn 0.5774 0.5774 -0.5774
vn -0.3015 -0.9045 -0.3015
vn -0.3015 -0.9045 0.3015
vn -0.0000 1.0000 -0.0000
vn -0.3015 -0.3015 0.9045
vn -0.0000 0.7071 0.7071
vn 0.3015 -0.3015 -0.9045
vn -0.7071 -0.0000 -0.7071
vn -0.7071 0.0000 -0.7071
vn 0.3015 0.3015 -0.9045
vn -0.5774 -0.5774 0.5774
vn -0.5774 -0.5774 -0.5774
vn 0.5773 -0.5774 -0.5774
vn 0.5774 -0.5774 0.5774
vn 0.5774 -0.5774 -0.5774
vn 0.5773 -0.5774 0.5774
vn 0.5774 0.5773 -0.5774
vn -0.5773 0.5774 -0.5773
vn -0.7071 0.7071 -0.0000
vn -0.5773 0.5774 0.5773
vn 0.5774 0.5773 0.5774
vn 0.5774 0.5774 0.5774
vn 0.7071 -0.0000 0.7071
# 41 vertex normals

vt 1.0000 0.0762 0.0000
vt 1.0000 0.9238 0.0000
vt 0.8474 0.9238 0.0000
vt 0.8474 0.0762 0.0000
vt 0.1526 0.0762 0.0000
vt 0.1526 0.9238 0.0000
vt 0.0000 0.9238 0.0000
vt 0.0000 0.0762 0.0000
vt 0.0000 0.0000 0.0000
vt 0.1526 0.0000 0.0000
vt 0.1526 1.0000 0.0000
vt 0.0000 1.0000 0.0000
vt 0.0762 0.0000 0.0000
vt 0.9238 0.0000 0.0000
vt 0.9238 1.0000 0.0000
vt 0.0762 1.0000 0.0000
vt 0.0785 0.0000 0.0000
vt 0.0785 1.0000 0.0000
vt 0.0785 0.0762 0.0000
vt 0.0785 0.9238 0.0000
vt 0.9215 0.9238 0.0000
vt 0.9215 0.0762 0.0000
vt 0.9215 0.0000 0.0000
vt 0.9215 1.0000 0.0000
vt 0.8474 0.0000 0.0000
vt 1.0000 0.0000 0.0000
vt 1.0000 1.0000 0.0000
vt 0.8474 1.0000 0.0000
# 28 texture coords

o JailProp_Chair001
g JailProp_Chair001
usemtl Material__65
s 2
f 2323/921/1687 2324/922/1688 2325/923/1689 2326/924/1690 
s 4
f 2327/925/1691 2328/926/1692 2329/927/1693 2330/928/1694 
s 8
f 2331/929/1695 2332/930/1696 2333/931/1697 2334/932/1698 
s 16
f 2335/933/1699 2336/934/1700 2337/935/1701 2338/936/1701 
s 32
f 2339/929/1702 2340/937/1703 2341/938/1704 2342/932/1705 
s 64
f 2324/933/1688 2323/934/1687 2330/935/1694 2329/936/1693 
s 2
f 2336/927/1700 2335/928/1699 2343/939/1706 2344/940/1707 
s 4
f 2338/921/1701 2337/922/1701 2345/941/1708 2346/942/1708 
s 8
f 2332/930/1696 2347/943/1709 2348/944/1710 2333/931/1697 
s 32
f 2349/945/1711 2350/946/1712 2351/947/1713 2352/948/1714 
s 2
f 2353/922/1715 2354/947/1716 2355/948/1717 2356/923/1718 
f 2357/924/1719 2358/945/1720 2359/946/1715 2360/921/1716 
s 4
f 2361/926/1701 2362/931/1721 2363/932/1722 2364/927/1723 
f 2365/928/1723 2366/929/1724 2367/930/1725 2368/925/1701 
s 16
f 2336/934/1700 2339/946/1702 2342/947/1705 2337/935/1701 
f 2338/936/1701 2369/932/1726 2370/929/1727 2335/933/1699 
s 64
f 2323/934/1687 2331/946/1695 2334/947/1698 2330/935/1694 
f 2329/936/1693 2351/932/1713 2350/929/1712 2324/933/1688 
s 2
f 2371/928/1719 2372/929/1718 2373/937/1715 2374/939/1716 
f 2325/923/1689 2349/948/1711 2340/938/1703 2344/940/1707 
s 4
f 2337/922/1701 2342/947/1705 2341/944/1704 2345/941/1708 
f 2327/925/1691 2333/930/1697 2348/943/1710 2346/942/1708 
s off
f 2351/932/1713 2329/927/1693 2375/927/1688 2376/932/1713 
f 2329/927/1693 2328/926/1692 2377/926/1700 2375/927/1688 
f 2328/926/1692 2352/931/1714 2378/931/1702 2377/926/1700 
f 2352/931/1714 2351/932/1713 2376/932/1713 2378/931/1702 
f 2334/929/1698 2333/930/1697 2379/930/1727 2380/929/1698 
f 2333/930/1697 2327/925/1691 2381/925/1699 2379/930/1727 
f 2327/925/1691 2330/928/1694 2382/928/1687 2381/925/1699 
f 2330/928/1694 2334/929/1698 2380/929/1698 2382/928/1687 
s 32
f 2340/937/1703 2349/945/1711 2352/948/1714 2341/938/1704 
s 2
f 2343/939/1706 2326/924/1690 2325/923/1689 2344/940/1707 
s 4
f 2345/941/1708 2328/926/1692 2327/925/1691 2346/942/1708 
s 8
f 2347/943/1709 2370/946/1727 2369/947/1726 2348/944/1710 
s 2
f 2347/937/1709 2332/945/1696 2326/924/1690 2343/939/1706 
f 2383/938/1716 2384/932/1719 2385/927/1718 2386/940/1715 
s 4
f 2341/944/1704 2352/931/1714 2328/926/1692 2345/941/1708 
f 2348/943/1710 2369/946/1726 2338/921/1701 2346/942/1708 
s 32
f 2350/947/1712 2349/948/1711 2355/948/1717 2354/947/1716 
s off
f 2349/948/1711 2325/923/1689 2356/923/1718 2355/948/1717 
f 2325/923/1689 2324/922/1688 2353/922/1715 2356/923/1718 
s 64
f 2324/922/1688 2350/947/1712 2354/947/1716 2353/922/1715 
f 2331/946/1695 2323/921/1687 2360/921/1716 2359/946/1715 
s off
f 2323/921/1687 2326/924/1690 2357/924/1719 2360/921/1716 
f 2326/924/1690 2332/945/1696 2358/945/1720 2357/924/1719 
s 8
f 2332/945/1696 2331/946/1695 2359/946/1715 2358/945/1720 
f 2370/929/1727 2347/937/1709 2373/937/1715 2372/929/1718 
s off
f 2347/937/1709 2343/939/1706 2374/939/1716 2373/937/1715 
f 2343/939/1706 2335/928/1699 2371/928/1719 2374/939/1716 
s 16
f 2335/928/1699 2370/929/1727 2372/929/1718 2371/928/1719 
f 2339/932/1702 2336/927/1700 2385/927/1718 2384/932/1719 
s off
f 2336/927/1700 2344/940/1707 2386/940/1715 2385/927/1718 
f 2344/940/1707 2340/938/1703 2383/938/1716 2386/940/1715 
s 32
f 2340/938/1703 2339/932/1702 2384/932/1719 2383/938/1716 
s off
f 2375/927/1688 2364/927/1723 2363/932/1722 2376/932/1713 
f 2378/931/1702 2362/931/1721 2361/926/1701 2377/926/1700 
f 2376/932/1713 2363/932/1722 2362/931/1721 2378/931/1702 
f 2379/930/1727 2367/930/1725 2366/929/1724 2380/929/1698 
f 2381/925/1699 2368/925/1701 2367/930/1725 2379/930/1727 
f 2380/929/1698 2366/929/1724 2365/928/1723 2382/928/1687 
s 1
f 2361/926/1701 2364/927/1723 2365/928/1723 2368/925/1701 
s 2
f 2364/927/1723 2375/927/1688 2382/928/1687 2365/928/1723 
s 1
f 2375/927/1688 2377/926/1700 2381/925/1699 2382/928/1687 
s 2
f 2377/926/1700 2361/926/1701 2368/925/1701 2381/925/1699 
# 64 polygons

#
# object JailProp_Toilet001
#

v  3.0627 0.5760 -3.5106
v  3.0376 0.5760 -3.4691
v  3.0039 0.5760 -3.4527
v  3.0146 0.5760 -3.5003
v  2.8675 0.5760 -3.4241
v  2.8717 0.5760 -3.4790
v  2.3028 0.5851 -3.4112
v  2.3285 0.5760 -3.3867
v  2.2405 0.5760 -3.3700
v  2.2276 0.5851 -3.3959
v  2.3661 0.5760 -3.3365
v  2.2607 0.5760 -3.3189
v  2.1485 0.5760 -3.3184
v  2.1458 0.5760 -3.3721
v  2.1439 0.5851 -3.3982
v  2.0627 0.5760 -3.3855
v  2.0676 0.5851 -3.4109
v  2.0528 0.5760 -3.3336
v  1.9717 0.5760 -3.3646
v  1.9920 0.5760 -3.4104
v  2.0018 0.5851 -3.4335
v  2.8817 0.5760 -3.6008
v  3.0269 0.5760 -3.6008
v  3.0246 0.5760 -3.5596
v  2.8788 0.5760 -3.5500
v  3.0810 0.5760 -3.6008
v  3.0780 0.5760 -3.5645
v  1.8542 0.5760 -3.4695
v  1.8944 0.5760 -3.4928
v  1.9346 0.5760 -3.4470
v  1.9036 0.5760 -3.4115
v  1.9141 0.5851 -3.5049
v  1.9498 0.5851 -3.4652
v  1.8227 0.5760 -3.6008
v  1.8705 0.5760 -3.6008
v  1.8750 0.5760 -3.5452
v  1.8292 0.5760 -3.5336
v  1.8942 0.5851 -3.6008
v  1.8976 0.5851 -3.5512
v  1.8190 0.5760 -3.4504
v  1.7894 0.5760 -3.5243
v  1.7814 0.5760 -3.6008
v  1.9537 0.5760 -3.3258
v  1.8763 0.5760 -3.3820
v  2.1495 0.5760 -3.2714
v  2.0441 0.5760 -3.2885
v  2.3841 0.5760 -3.2924
v  2.2720 0.5760 -3.2758
v  2.5105 0.5760 -3.4202
v  2.5200 0.5760 -3.3348
v  2.4585 0.5760 -3.3120
v  2.4417 0.5760 -3.3726
v  2.3917 0.5760 -3.4294
v  2.3537 0.5851 -3.4515
v  2.3854 0.5851 -3.5032
v  2.4326 0.5760 -3.4857
v  2.7122 0.5760 -3.4609
v  2.7091 0.5760 -3.3946
v  2.5935 0.5760 -3.3610
v  2.5937 0.5760 -3.4408
v  2.5316 0.5760 -3.6008
v  2.6092 0.5760 -3.6008
v  2.6034 0.5760 -3.5365
v  2.5254 0.5760 -3.5350
v  2.7264 0.5760 -3.6008
v  2.7216 0.5760 -3.5435
v  2.4540 0.5760 -3.5430
v  2.4598 0.5760 -3.6008
v  2.4030 0.5851 -3.5526
v  2.4082 0.5851 -3.6008
v  3.0146 0.6485 -3.5003
v  2.8717 0.6485 -3.4790
v  2.8673 0.6422 -3.4248
v  3.0033 0.6422 -3.4533
v  3.0617 0.6422 -3.5109
v  3.0361 0.6372 -3.4700
v  2.3028 0.6395 -3.4112
v  2.2276 0.6395 -3.3959
v  2.2405 0.6485 -3.3700
v  2.3285 0.6485 -3.3867
v  2.1439 0.6395 -3.3982
v  2.1458 0.6485 -3.3721
v  2.1485 0.6485 -3.3184
v  2.2607 0.6485 -3.3189
v  2.3661 0.6485 -3.3365
v  2.0676 0.6395 -3.4109
v  2.0627 0.6485 -3.3855
v  2.0018 0.6395 -3.4335
v  1.9920 0.6485 -3.4104
v  1.9717 0.6485 -3.3646
v  2.0528 0.6485 -3.3336
v  2.8817 0.6485 -3.6008
v  2.8788 0.6485 -3.5500
v  3.0246 0.6485 -3.5596
v  3.0269 0.6485 -3.6008
v  3.0770 0.6422 -3.5646
v  3.0800 0.6422 -3.6008
v  1.8542 0.6485 -3.4695
v  1.9036 0.6485 -3.4115
v  1.9346 0.6485 -3.4470
v  1.8944 0.6485 -3.4928
v  1.9498 0.6395 -3.4652
v  1.9141 0.6395 -3.5049
v  1.8227 0.6485 -3.6008
v  1.8292 0.6485 -3.5336
v  1.8750 0.6485 -3.5452
v  1.8705 0.6485 -3.6008
v  1.8976 0.6395 -3.5512
v  1.8942 0.6395 -3.6008
v  1.8200 0.6422 -3.4509
v  1.7904 0.6422 -3.5245
v  1.7825 0.6422 -3.6008
v  1.9543 0.6422 -3.3267
v  1.8770 0.6422 -3.3827
v  2.0444 0.6422 -3.2895
v  2.1496 0.6422 -3.2724
v  2.2719 0.6422 -3.2768
v  2.3840 0.6422 -3.2934
v  2.4417 0.6485 -3.3726
v  2.4584 0.6422 -3.3130
v  2.5105 0.6485 -3.4202
v  2.5199 0.6422 -3.3358
v  2.3917 0.6485 -3.4294
v  2.4326 0.6485 -3.4857
v  2.3854 0.6395 -3.5032
v  2.3537 0.6395 -3.4515
v  2.7089 0.6422 -3.3954
v  2.7122 0.6485 -3.4609
v  2.5937 0.6485 -3.4408
v  2.5934 0.6422 -3.3619
v  2.5316 0.6485 -3.6008
v  2.5254 0.6485 -3.5350
v  2.6034 0.6485 -3.5365
v  2.6092 0.6485 -3.6008
v  2.7216 0.6485 -3.5435
v  2.7264 0.6485 -3.6008
v  2.4598 0.6485 -3.6008
v  2.4540 0.6485 -3.5430
v  2.4082 0.6395 -3.6008
v  2.4030 0.6395 -3.5526
v  3.0490 0.5947 -3.4632
v  3.0052 0.5947 -3.4397
v  3.0052 0.5787 -3.4397
v  3.0490 0.5787 -3.4632
v  2.8682 0.5947 -3.4092
v  2.8682 0.5787 -3.4092
v  3.0842 0.5947 -3.5126
v  3.0842 0.5787 -3.5126
v  2.2942 0.6123 -3.4194
v  2.2232 0.6123 -3.4045
v  2.1432 0.6123 -3.4069
v  2.0692 0.6123 -3.4194
v  2.0051 0.6123 -3.4412
v  3.1050 0.5947 -3.6008
v  3.1018 0.5947 -3.5656
v  3.1018 0.5787 -3.5656
v  3.1050 0.5787 -3.6008
v  1.9548 0.6123 -3.4713
v  1.9207 0.6123 -3.5090
v  1.9052 0.6123 -3.5533
v  1.9021 0.6123 -3.6008
v  1.8067 0.5947 -3.4435
v  1.7755 0.5947 -3.5208
v  1.7755 0.5787 -3.5208
v  1.8067 0.5787 -3.4435
v  1.7670 0.5947 -3.6008
v  1.7670 0.5787 -3.6008
v  1.9471 0.5947 -3.3127
v  1.8665 0.5947 -3.3718
v  1.8665 0.5787 -3.3718
v  1.9471 0.5787 -3.3127
v  2.1492 0.5947 -3.2558
v  2.0407 0.5947 -3.2735
v  2.0407 0.5787 -3.2735
v  2.1492 0.5787 -3.2558
v  2.3880 0.5947 -3.2774
v  2.2744 0.5947 -3.2610
v  2.2744 0.5787 -3.2610
v  2.3880 0.5787 -3.2774
v  2.5218 0.5947 -3.3126
v  2.4617 0.5947 -3.2933
v  2.4617 0.5787 -3.2933
v  2.5218 0.5787 -3.3126
v  2.3697 0.6123 -3.5090
v  2.3411 0.6123 -3.4589
v  2.7094 0.5787 -3.3767
v  2.7094 0.5947 -3.3767
v  2.5945 0.5947 -3.3396
v  2.5945 0.5787 -3.3396
v  2.3910 0.6123 -3.6008
v  2.3860 0.6123 -3.5557
v  3.0774 0.6230 -3.5145
v  3.0945 0.6230 -3.5663
v  3.0784 0.6038 -3.5142
v  3.0955 0.6038 -3.5662
v  3.0987 0.6038 -3.6008
v  3.0976 0.6230 -3.6008
v  3.0433 0.6230 -3.4667
v  3.0441 0.6038 -3.4662
v  2.8665 0.6230 -3.4142
v  3.0010 0.6230 -3.4440
v  2.8667 0.6038 -3.4135
v  3.0016 0.6038 -3.4433
v  2.5209 0.6230 -3.3198
v  2.5936 0.6230 -3.3462
v  2.5210 0.6038 -3.3187
v  2.5937 0.6038 -3.3453
v  2.7086 0.6038 -3.3816
v  2.7085 0.6230 -3.3825
v  2.3870 0.6230 -3.2847
v  2.4607 0.6230 -3.3006
v  2.3872 0.6038 -3.2837
v  2.4608 0.6038 -3.2995
v  2.1498 0.6230 -3.2632
v  2.2740 0.6230 -3.2684
v  2.1497 0.6038 -3.2621
v  2.2740 0.6038 -3.2674
v  1.9508 0.6230 -3.3191
v  2.0427 0.6230 -3.2806
v  1.9502 0.6038 -3.3182
v  2.0425 0.6038 -3.2796
v  1.8131 0.6230 -3.4473
v  1.8717 0.6230 -3.3770
v  1.8122 0.6038 -3.4467
v  1.8709 0.6038 -3.3763
v  1.7744 0.6230 -3.6008
v  1.7826 0.6230 -3.5227
v  1.7733 0.6038 -3.6008
v  1.7816 0.6038 -3.5225
v  3.0034 0.5974 -3.4415
v  3.0466 0.5974 -3.4647
v  2.8674 0.5974 -3.4113
v  3.0813 0.5974 -3.5134
v  3.0986 0.5974 -3.5659
v  3.1019 0.5974 -3.6008
v  1.7785 0.5974 -3.5216
v  1.8094 0.5974 -3.4451
v  1.7702 0.5974 -3.6008
v  1.8687 0.5974 -3.3740
v  1.9487 0.5974 -3.3155
v  2.0416 0.5974 -3.2766
v  2.1495 0.5974 -3.2589
v  2.2742 0.5974 -3.2642
v  2.3876 0.5974 -3.2806
v  2.4613 0.5974 -3.2964
v  2.5214 0.5974 -3.3157
v  2.7090 0.5974 -3.3792
v  2.5941 0.5974 -3.3424
v  2.7691 1.2836 -3.3853
v  2.7778 1.2833 -3.3880
v  2.8148 1.2833 -3.2955
v  2.8082 1.2836 -3.2912
v  2.8698 1.2833 -3.2434
v  2.8657 1.2836 -3.2372
v  2.9469 1.2833 -3.2091
v  2.9459 1.2836 -3.2016
v  3.0394 1.2833 -3.2236
v  3.0421 1.2836 -3.2167
v  3.1180 1.2833 -3.2618
v  3.1239 1.2836 -3.2563
v  3.1671 1.2833 -3.3598
v  3.1756 1.2836 -3.3560
v  2.7978 0.6696 -3.4344
v  2.8031 0.6426 -3.4383
v  2.8289 0.6425 -3.3648
v  2.8242 0.6695 -3.3591
v  2.8246 0.6373 -3.4311
v  2.8434 0.6387 -3.3624
v  3.0834 0.6373 -3.4076
v  3.1086 0.6424 -3.4110
v  3.0755 0.6424 -3.3323
v  3.0591 0.6386 -3.3345
v  3.1152 0.6693 -3.4066
v  3.0810 0.6693 -3.3259
v  2.8774 0.6425 -3.3167
v  2.8743 0.6694 -3.3095
v  2.8797 0.6373 -3.3292
v  2.9445 0.6373 -3.2982
v  2.9439 0.6424 -3.2839
v  2.9434 0.6694 -3.2758
v  3.0168 0.6424 -3.2975
v  3.0196 0.6693 -3.2899
v  3.0155 0.6373 -3.3108
v  2.9448 0.6356 -3.3807
v  3.0214 0.6356 -3.3898
v  2.8755 0.6356 -3.4032
v  2.7932 0.9722 -3.4117
v  2.8203 0.9722 -3.3278
v  2.8166 1.2779 -3.2962
v  2.7838 1.2779 -3.3885
v  2.7955 0.7364 -3.4290
v  2.8222 0.7364 -3.3516
v  3.1374 0.9723 -3.3836
v  3.1002 0.9722 -3.2944
v  3.0866 0.7365 -3.3182
v  3.1217 0.7365 -3.4010
v  3.1609 1.2779 -3.3604
v  3.1162 1.2779 -3.2628
v  2.8720 0.9722 -3.2768
v  2.8705 1.2779 -3.2444
v  2.8731 0.7364 -3.3013
v  2.9437 0.7365 -3.2672
v  2.9454 0.9722 -3.2426
v  2.9471 1.2779 -3.2104
v  3.0305 0.9722 -3.2570
v  3.0390 1.2779 -3.2247
v  3.0227 0.7365 -3.2816
v  2.7453 1.2773 -3.3762
v  2.7461 1.2718 -3.3766
v  2.7880 1.2718 -3.2773
v  2.7872 1.2773 -3.2768
v  2.7493 1.2709 -3.3778
v  2.7908 1.2709 -3.2792
v  2.8522 1.2718 -3.2173
v  2.8517 1.2773 -3.2166
v  2.8541 1.2709 -3.2201
v  2.9429 1.2709 -3.1806
v  2.9425 1.2718 -3.1773
v  2.9423 1.2773 -3.1764
v  3.0506 1.2718 -3.1944
v  3.0509 1.2773 -3.1935
v  3.0494 1.2709 -3.1974
v  3.1397 1.2709 -3.2408
v  3.1422 1.2718 -3.2384
v  3.1428 1.2773 -3.2377
v  3.1979 1.2718 -3.3438
v  3.1987 1.2773 -3.3434
v  3.1948 1.2709 -3.3455
v  3.1779 1.2718 -3.3548
v  3.1809 1.2709 -3.3531
v  3.1283 1.2709 -3.2520
v  3.1258 1.2718 -3.2545
v  3.0429 1.2718 -3.2144
v  3.0441 1.2709 -3.2113
v  2.9451 1.2709 -3.1958
v  2.9455 1.2718 -3.1991
v  2.8643 1.2718 -3.2352
v  2.8624 1.2709 -3.2325
v  2.8034 1.2709 -3.2879
v  2.8062 1.2718 -3.2898
v  2.7667 1.2718 -3.3844
v  2.7636 1.2709 -3.3832
v  2.7461 1.3129 -3.3765
v  2.7453 1.3057 -3.3762
v  2.7872 1.3057 -3.2768
v  2.7880 1.3129 -3.2773
v  2.8517 1.3057 -3.2166
v  2.8522 1.3129 -3.2173
v  2.9423 1.3057 -3.1764
v  2.9425 1.3129 -3.1773
v  3.0509 1.3057 -3.1935
v  3.0506 1.3129 -3.1943
v  3.1429 1.3057 -3.2377
v  3.1422 1.3129 -3.2383
v  3.1979 1.3129 -3.3438
v  3.1626 1.3662 -3.3631
v  3.1136 1.3661 -3.2667
v  3.1987 1.3057 -3.3434
v  2.7921 1.3755 -3.3937
v  2.7829 1.3662 -3.3903
v  2.8201 1.3662 -3.2991
v  2.8282 1.3754 -3.3045
v  2.8705 1.3785 -3.3592
v  2.8735 1.3662 -3.2486
v  2.8789 1.3754 -3.2565
v  2.9480 1.3662 -3.2156
v  2.9494 1.3754 -3.2253
v  2.9505 1.3785 -3.3377
v  3.0340 1.3754 -3.2384
v  3.0456 1.3785 -3.3467
v  3.0374 1.3661 -3.2296
v  3.1064 1.3754 -3.2738
v  3.1537 1.3754 -3.3679
v  3.1763 1.2779 -3.4687
v  3.1809 1.2833 -3.4683
v  3.1849 1.2779 -3.6008
v  3.1877 1.2833 -3.6008
v  3.1891 1.2836 -3.4663
v  3.1956 1.2836 -3.6008
v  3.1980 1.2718 -3.6008
v  3.1915 1.2718 -3.4656
v  3.2013 1.2709 -3.6008
v  3.1946 1.2709 -3.4647
v  3.2091 1.2709 -3.4605
v  3.2160 1.2709 -3.6008
v  3.2122 1.2718 -3.4596
v  3.2131 1.2773 -3.4593
v  3.2193 1.2718 -3.6008
v  3.2201 1.2772 -3.6008
v  3.2131 1.3057 -3.4593
v  3.2201 1.3057 -3.6008
v  3.2122 1.3129 -3.4596
v  3.2193 1.3129 -3.6008
v  3.1807 1.3662 -3.6008
v  3.1749 1.3662 -3.4701
v  3.1656 1.3755 -3.4728
v  3.0511 1.3785 -3.4612
v  3.1711 1.3755 -3.6008
v  3.0537 1.3785 -3.6008
v  2.9507 1.3785 -3.4562
v  2.9508 1.3785 -3.6008
v  2.7822 1.3755 -3.6008
v  2.7849 1.3755 -3.4870
v  2.8667 1.3785 -3.4680
v  2.8652 1.3785 -3.6008
v  2.7725 1.3662 -3.6008
v  2.7754 1.3662 -3.4851
v  2.7373 1.3129 -3.4776
v  2.7336 1.3129 -3.6008
v  2.7327 1.3057 -3.6008
v  2.7364 1.3057 -3.4774
v  2.7327 1.2772 -3.6008
v  2.7364 1.2773 -3.4774
v  2.7336 1.2718 -3.6008
v  2.7373 1.2718 -3.4776
v  2.7368 1.2709 -3.6008
v  2.7405 1.2709 -3.4782
v  2.7517 1.2709 -3.6008
v  2.7551 1.2709 -3.4812
v  2.7584 1.2718 -3.4819
v  2.7549 1.2718 -3.6008
v  2.7573 1.2836 -3.6008
v  2.7607 1.2836 -3.4824
v  2.7652 1.2833 -3.6008
v  2.7691 1.2833 -3.4838
v  2.7731 0.9722 -3.6008
v  2.7807 0.9722 -3.4968
v  2.7735 1.2779 -3.4841
v  2.7681 1.2779 -3.6008
v  2.7754 0.7365 -3.6008
v  2.7830 0.7364 -3.5064
v  2.7777 0.6697 -3.6008
v  2.7853 0.6696 -3.5094
v  2.7833 0.6427 -3.6008
v  2.7908 0.6426 -3.5115
v  2.8074 0.6373 -3.6008
v  2.8139 0.6373 -3.5075
v  2.8691 0.6356 -3.4922
v  2.9448 0.6356 -3.4798
v  2.8652 0.6356 -3.6008
v  2.9449 0.6356 -3.6008
v  3.1072 0.6373 -3.6008
v  3.0982 0.6373 -3.4946
v  3.0295 0.6356 -3.4849
v  3.0344 0.6356 -3.6008
v  3.1363 0.6424 -3.6008
v  3.1258 0.6424 -3.4965
v  3.1435 0.6694 -3.6008
v  3.1328 0.6694 -3.4941
v  3.1394 0.7364 -3.4910
v  3.1551 0.9723 -3.4814
v  3.1502 0.7364 -3.6008
v  3.1659 0.9723 -3.6008
v  2.9861 1.3874 -3.5573
v  2.9988 1.3874 -3.5638
v  2.9980 1.3826 -3.5649
v  2.9857 1.3826 -3.5586
v  3.0089 1.3874 -3.5739
v  3.0079 1.3826 -3.5747
v  3.0154 1.3874 -3.5867
v  3.0142 1.3826 -3.5871
v  3.0177 1.3874 -3.6008
v  3.0163 1.3826 -3.6008
v  2.9262 1.3874 -3.6008
v  2.9284 1.3874 -3.5867
v  2.9297 1.3826 -3.5871
v  2.9275 1.3826 -3.6008
v  2.9349 1.3874 -3.5739
v  2.9360 1.3826 -3.5747
v  2.9451 1.3874 -3.5638
v  2.9458 1.3826 -3.5649
v  2.9578 1.3874 -3.5573
v  2.9582 1.3826 -3.5586
v  2.9719 1.3874 -3.5551
v  2.9719 1.3826 -3.5564
v  2.9963 1.3822 -3.5673
v  2.9847 1.3822 -3.5615
v  3.0054 1.3822 -3.5765
v  3.0113 1.3822 -3.5880
v  3.0133 1.3822 -3.6008
v  2.9326 1.3822 -3.5880
v  2.9305 1.3822 -3.6008
v  2.9384 1.3822 -3.5765
v  2.9476 1.3822 -3.5673
v  2.9591 1.3822 -3.5615
v  2.9719 1.3822 -3.5594
v  2.9897 1.3812 -3.5462
v  2.9874 1.3878 -3.5534
v  2.9719 1.3878 -3.5509
v  2.9719 1.3812 -3.5434
v  3.0057 1.3812 -3.5544
v  3.0013 1.3878 -3.5605
v  3.0184 1.3812 -3.5671
v  3.0123 1.3878 -3.5715
v  3.0265 1.3812 -3.5831
v  3.0194 1.3878 -3.5854
v  3.0294 1.3812 -3.6008
v  3.0218 1.3878 -3.6008
v  2.9220 1.3878 -3.6008
v  2.9145 1.3812 -3.6008
v  2.9173 1.3812 -3.5831
v  2.9245 1.3878 -3.5854
v  2.9255 1.3812 -3.5671
v  2.9316 1.3878 -3.5715
v  2.9382 1.3812 -3.5544
v  2.9426 1.3878 -3.5605
v  2.9542 1.3812 -3.5462
v  2.9565 1.3878 -3.5534
v  2.9881 1.3731 -3.5512
v  3.0026 1.3731 -3.5586
v  3.0062 1.3767 -3.5537
v  2.9899 1.3767 -3.5454
v  3.0141 1.3731 -3.5702
v  3.0191 1.3767 -3.5666
v  3.0216 1.3731 -3.5847
v  3.0273 1.3767 -3.5828
v  3.0241 1.3731 -3.6008
v  3.0302 1.3767 -3.6008
v  2.9198 1.3731 -3.6008
v  2.9223 1.3731 -3.5847
v  2.9165 1.3767 -3.5828
v  2.9137 1.3767 -3.6008
v  2.9297 1.3731 -3.5702
v  2.9248 1.3767 -3.5666
v  2.9413 1.3731 -3.5586
v  2.9377 1.3767 -3.5537
v  2.9558 1.3731 -3.5512
v  2.9539 1.3767 -3.5454
v  2.9719 1.3731 -3.5487
v  2.9719 1.3767 -3.5426
v  2.9932 1.3922 -3.5716
v  2.9831 1.3922 -3.5665
v  2.9719 1.3922 -3.5647
v  3.0011 1.3922 -3.5796
v  3.0063 1.3922 -3.5897
v  3.0080 1.3922 -3.6008
v  2.9376 1.3922 -3.5897
v  2.9359 1.3922 -3.6008
v  2.9427 1.3922 -3.5796
v  2.9507 1.3922 -3.5716
v  2.9608 1.3922 -3.5665
v  2.9719 1.3935 -3.6008
v  2.6173 0.6733 -3.5109
v  2.6198 0.6704 -3.5109
v  2.6204 0.6706 -3.6008
v  2.6177 0.6738 -3.6008
v  2.6201 0.6665 -3.5109
v  2.6207 0.6664 -3.6008
v  2.6181 0.6633 -3.5109
v  2.6185 0.6628 -3.6008
v  2.6146 0.6618 -3.5109
v  2.6146 0.6611 -3.6008
v  2.6108 0.6627 -3.5109
v  2.6105 0.6621 -3.6008
v  2.6083 0.6656 -3.5109
v  2.6077 0.6654 -3.6008
v  2.6080 0.6694 -3.5109
v  2.6074 0.6696 -3.6008
v  2.6100 0.6727 -3.5109
v  2.6096 0.6732 -3.6008
v  2.6136 0.6742 -3.5109
v  2.6135 0.6748 -3.6008
v  2.6192 0.6561 -3.4920
v  2.6260 0.6680 -3.4920
v  2.6189 0.6680 -3.4910
v  2.6192 0.6812 -3.4920
v  2.5430 0.6688 -3.4864
v  2.5815 0.6680 -3.4910
v  2.5812 0.6816 -3.4920
v  2.5283 0.6811 -3.4854
v  2.5606 0.6559 -3.4899
v  2.5964 0.6549 -3.6008
v  2.6195 0.6557 -3.6008
v  2.6195 0.6557 -3.5501
v  2.5912 0.6549 -3.5499
v  2.6195 0.6557 -3.5110
v  2.5856 0.6549 -3.5157
v  2.6195 0.6817 -3.5110
v  2.6195 0.6817 -3.5501
v  2.5816 0.6826 -3.5501
v  2.5814 0.6826 -3.5110
v  2.6195 0.6817 -3.6008
v  2.5817 0.6826 -3.6008
v  2.5635 0.6828 -3.6008
v  2.5575 0.6828 -3.5496
v  2.5566 0.6828 -3.5203
v  2.6265 0.6680 -3.6008
v  2.6265 0.6680 -3.5501
v  2.6265 0.6680 -3.5110
v  2.3896 0.6578 -3.6008
v  2.3842 0.6577 -3.5542
v  2.4037 0.6657 -3.5517
v  2.4103 0.6657 -3.6008
v  2.3665 0.6576 -3.5077
v  2.3830 0.6656 -3.5028
v  2.4900 0.6867 -3.4788
v  2.5196 0.6870 -3.5523
v  2.5267 0.6870 -3.6008
v  2.3456 0.6863 -3.3540
v  2.4229 0.6864 -3.4064
v  2.3474 0.6655 -3.4544
v  2.2955 0.6653 -3.4149
v  2.3352 0.6575 -3.4615
v  2.2880 0.6574 -3.4236
v  2.1489 0.6571 -3.3973
v  2.1497 0.6651 -3.3870
v  2.2262 0.6652 -3.3925
v  2.2224 0.6572 -3.4024
v  2.1552 0.6861 -3.3161
v  2.2526 0.6862 -3.3240
v  1.9835 0.6860 -3.3621
v  2.0645 0.6861 -3.3298
v  2.0763 0.6650 -3.3982
v  2.0100 0.6650 -3.4230
v  2.0780 0.6570 -3.4082
v  2.0139 0.6570 -3.4318
v  1.9229 0.6570 -3.5060
v  1.9151 0.6650 -3.5014
v  1.9549 0.6650 -3.4582
v  1.9609 0.6570 -3.4652
v  1.8643 0.6858 -3.4692
v  1.9151 0.6859 -3.4103
v  1.8277 0.6859 -3.6008
v  1.8361 0.6858 -3.5336
v  1.8947 0.6650 -3.5498
v  1.8894 0.6649 -3.6008
v  1.9037 0.6570 -3.5521
v  1.8988 0.6569 -3.6008
v  2.5050 0.6862 -3.4721
v  2.5135 0.6692 -3.4413
v  2.4358 0.6862 -3.3970
v  2.4536 0.6690 -3.3838
v  2.3547 0.6859 -3.3421
v  2.3673 0.6686 -3.3256
v  2.2575 0.6857 -3.3106
v  2.2644 0.6684 -3.2919
v  2.1560 0.6856 -3.3021
v  2.1573 0.6682 -3.2825
v  2.0619 0.6855 -3.3160
v  2.0583 0.6681 -3.2969
v  1.9778 0.6854 -3.3497
v  1.9699 0.6680 -3.3324
v  1.9065 0.6853 -3.4003
v  1.8944 0.6679 -3.3864
v  1.8533 0.6852 -3.4623
v  1.8377 0.6678 -3.4527
v  1.8237 0.6852 -3.5301
v  1.8057 0.6678 -3.5252
v  1.8147 0.6853 -3.6008
v  1.7960 0.6678 -3.6008
v  1.8321 0.6565 -3.4494
v  1.8902 0.6565 -3.3813
v  1.9673 0.6566 -3.3259
v  2.1580 0.6567 -3.2750
v  2.0572 0.6566 -3.2896
v  2.2675 0.6569 -3.2847
v  2.3729 0.6571 -3.3191
v  2.4617 0.6573 -3.3787
v  2.5236 0.6575 -3.4379
v  1.7892 0.6565 -3.6008
v  1.7993 0.6565 -3.5236
v  2.4429 0.6485 -3.4847
v  2.4724 0.6485 -3.5490
v  2.5463 0.6493 -3.5029
v  2.5127 0.6492 -3.4432
v  2.4528 0.6492 -3.3858
v  2.3918 0.6485 -3.4246
v  2.3670 0.6492 -3.3280
v  2.3261 0.6485 -3.3769
v  2.2644 0.6492 -3.2947
v  2.2427 0.6485 -3.3497
v  2.1578 0.6491 -3.2853
v  2.1530 0.6485 -3.3425
v  2.0595 0.6491 -3.2997
v  2.0688 0.6485 -3.3550
v  1.9718 0.6491 -3.3350
v  1.9931 0.6485 -3.3843
v  1.8968 0.6491 -3.3887
v  1.9293 0.6485 -3.4276
v  1.8404 0.6491 -3.4545
v  1.8823 0.6485 -3.4806
v  1.8087 0.6491 -3.5262
v  1.8569 0.6485 -3.5393
v  1.7990 0.6491 -3.6008
v  1.8497 0.6485 -3.6008
v  2.3720 0.6494 -3.5051
v  2.3619 0.6524 -3.5087
v  2.3786 0.6524 -3.5547
v  2.3898 0.6495 -3.5529
v  2.3837 0.6525 -3.6008
v  2.3952 0.6495 -3.6008
v  2.3399 0.6494 -3.4575
v  2.3319 0.6523 -3.4629
v  2.2914 0.6494 -3.4185
v  2.2860 0.6522 -3.4254
v  2.2242 0.6494 -3.3964
v  2.2214 0.6521 -3.4043
v  2.1490 0.6494 -3.3910
v  2.1486 0.6521 -3.3993
v  2.0766 0.6494 -3.4019
v  2.0782 0.6520 -3.4100
v  2.0112 0.6494 -3.4261
v  2.0145 0.6520 -3.4334
v  1.9569 0.6494 -3.4606
v  1.9619 0.6520 -3.4663
v  1.9178 0.6494 -3.5029
v  1.9242 0.6520 -3.5068
v  1.8979 0.6493 -3.5505
v  1.9052 0.6520 -3.5525
v  1.8928 0.6493 -3.6008
v  1.9004 0.6520 -3.6008
v  1.8903 0.6510 -3.3813
v  1.8322 0.6510 -3.4494
v  1.9675 0.6510 -3.3257
v  2.0575 0.6511 -3.2893
v  2.1583 0.6511 -3.2746
v  2.2681 0.6512 -3.2843
v  2.3739 0.6513 -3.3188
v  2.4632 0.6514 -3.3785
v  2.5254 0.6516 -3.4378
v  2.5550 0.6517 -3.4959
v  1.7993 0.6510 -3.5236
v  1.7892 0.6510 -3.6008
v  2.4785 0.6485 -3.6008
v  2.5671 0.6493 -3.6008
v  2.5595 0.6493 -3.5477
v  2.5724 0.6517 -3.5463
v  2.5757 0.6541 -3.5465
v  2.5805 0.6517 -3.6008
v  2.5838 0.6541 -3.6008
v  2.5485 0.6836 -3.6008
v  2.5412 0.6859 -3.6008
v  2.5340 0.6859 -3.5490
v  2.5412 0.6835 -3.5472
v  2.5835 0.6554 -3.4920
v  2.6349 0.6726 -3.4582
v  2.6324 0.6806 -3.4587
v  2.6192 0.6784 -3.4587
v  2.6218 0.6691 -3.4587
v  2.6240 0.6596 -3.4587
v  2.6366 0.6641 -3.4587
v  2.6008 0.6636 -3.4701
v  2.6031 0.6579 -3.4701
v  2.6040 0.6585 -3.4602
v  2.6018 0.6639 -3.4602
v  2.6001 0.6697 -3.4701
v  2.6011 0.6696 -3.4602
v  2.6426 0.6594 -3.4699
v  2.6455 0.6733 -3.4506
v  2.6370 0.6597 -3.4602
v  2.6248 0.6555 -3.4701
v  2.6246 0.6565 -3.4602
v  2.6178 0.6824 -3.4701
v  2.6227 0.6830 -3.4901
v  2.6138 0.6803 -3.4801
v  2.6036 0.6765 -3.4701
v  2.6044 0.6758 -3.4801
v  2.6095 0.6537 -3.4701
v  2.6099 0.6547 -3.4602
v  2.6346 0.6867 -3.4950
v  2.6350 0.6867 -3.4702
v  2.6314 0.6583 -3.6008
v  2.6425 0.6589 -3.6008
v  2.6425 0.6591 -3.5401
v  2.6314 0.6583 -3.5412
v  2.6425 0.6593 -3.4938
v  2.6307 0.6573 -3.4962
v  2.6345 0.6866 -3.6008
v  2.6250 0.6832 -3.6008
v  2.6250 0.6832 -3.5412
v  2.6345 0.6866 -3.5411
v  2.6011 0.6696 -3.4801
v  2.6434 0.6984 -3.4406
v  2.6306 0.6846 -3.4602
v  2.6182 0.6814 -3.4602
v  2.6044 0.6758 -3.4602
v  2.6068 0.6737 -3.4587
v  2.6052 0.6647 -3.4587
v  2.6110 0.6577 -3.4587
v  2.7347 1.1903 -3.4777
v  2.7384 1.1892 -3.6008
v  2.7378 1.2795 -3.6008
v  2.7355 1.2785 -3.5070
v  2.7329 1.3552 -3.6008
v  2.7317 1.3413 -3.5192
v  2.7244 0.9735 -3.4760
v  2.7279 0.9737 -3.6008
v  2.7352 1.0841 -3.6008
v  2.7309 1.0846 -3.4650
v  2.7123 0.8261 -3.6008
v  2.7192 0.8798 -3.6008
v  2.7166 0.8812 -3.5045
v  2.7111 0.8338 -3.5237
v  2.7143 1.4334 -3.6008
v  2.7137 1.4241 -3.5284
v  2.7121 1.3937 -3.4590
v  2.6949 0.7262 -3.5380
v  2.6999 0.7682 -3.4964
v  2.6798 0.7095 -3.4612
v  2.6789 0.6844 -3.5308
v  2.7035 0.8307 -3.4277
v  2.6829 0.7805 -3.3925
v  2.7080 0.9087 -3.3835
v  2.6873 0.8779 -3.3362
v  2.7127 0.9961 -3.3576
v  2.6923 0.9818 -3.3039
v  2.7171 1.0852 -3.3504
v  2.6973 1.0852 -3.2951
v  2.7212 1.1689 -3.3622
v  2.7020 1.1809 -3.3092
v  2.7245 1.2435 -3.3903
v  2.7061 1.2664 -3.3436
v  2.7270 1.3056 -3.4325
v  2.7096 1.3392 -3.3955
v  2.6584 0.6755 -3.4526
v  2.6591 0.6581 -3.5268
v  2.6632 0.7617 -3.3795
v  2.6683 0.8653 -3.3195
v  2.6737 0.9755 -3.2849
v  2.6792 1.0847 -3.2753
v  2.6842 1.1852 -3.2900
v  2.6887 1.2750 -3.3263
v  2.6925 1.3519 -3.3817
v  2.6954 1.4098 -3.4496
v  2.6971 1.4426 -3.5237
v  2.6976 1.4526 -3.6008
v  2.6949 0.7236 -3.6008
v  2.7037 0.7701 -3.6008
v  2.7181 1.1910 -3.4784
v  2.7183 1.2991 -3.5169
v  2.7201 1.3039 -3.6008
v  2.7218 1.1900 -3.6008
v  2.7078 0.9747 -3.4766
v  2.7144 1.0857 -3.4658
v  2.7186 1.0851 -3.6008
v  2.7113 0.9751 -3.6008
v  2.6992 0.8549 -3.6008
v  2.6973 0.8593 -3.5146
v  2.7117 1.3961 -3.6008
v  2.7113 1.3884 -3.5381
v  2.6926 1.4258 -3.5285
v  2.6931 1.4350 -3.6008
v  2.7100 1.3623 -3.4780
v  2.6911 1.3955 -3.4592
v  2.6655 0.6917 -3.6008
v  2.6653 0.6928 -3.5332
v  2.6787 0.7416 -3.5035
v  2.6787 0.7268 -3.6008
v  2.6613 0.7010 -3.4832
v  2.6461 0.7028 -3.4546
v  2.6583 0.7827 -3.3924
v  2.6830 0.8157 -3.4184
v  2.6646 0.8793 -3.3361
v  2.6875 0.9007 -3.3704
v  2.6703 0.9831 -3.3038
v  2.6922 0.9932 -3.3426
v  2.6755 1.0865 -3.2950
v  2.6969 1.0863 -3.3351
v  2.6804 1.1825 -3.3093
v  2.7012 1.1730 -3.3479
v  2.6847 1.2683 -3.3438
v  2.7049 1.2502 -3.3782
v  2.6884 1.3411 -3.3957
v  2.7079 1.3147 -3.4231
v  2.6895 1.4517 -3.6008
v  2.6878 1.4461 -3.6008
v  2.6873 1.4364 -3.5257
v  2.6890 1.4417 -3.5241
v  2.6857 1.4047 -3.4537
v  2.6874 1.4091 -3.4505
v  2.6828 1.3483 -3.3876
v  2.6844 1.3515 -3.3829
v  2.6789 1.2731 -3.3336
v  2.6805 1.2749 -3.3277
v  2.6743 1.1848 -3.2979
v  2.6759 1.1854 -3.2915
v  2.6692 1.0860 -3.2833
v  2.6707 1.0852 -3.2769
v  2.6637 0.9791 -3.2925
v  2.6652 0.9763 -3.2864
v  2.6575 0.8718 -3.3265
v  2.6593 0.8666 -3.3214
v  2.6503 0.7714 -3.3862
v  2.6530 0.7635 -3.3829
v  2.6570 0.7600 -3.3799
v  2.6626 0.8642 -3.3185
v  2.6514 0.6725 -3.4508
v  2.6683 0.9750 -3.2834
v  2.6738 1.0848 -3.2737
v  2.6789 1.1857 -3.2884
v  2.6835 1.2758 -3.3249
v  2.6874 1.3530 -3.3806
v  2.6904 1.4112 -3.4489
v  2.6920 1.4442 -3.5234
v  2.6925 1.4543 -3.6008
v  2.6529 0.6580 -3.4797
v  2.6538 0.6559 -3.5310
v  2.6537 0.6546 -3.6008
v  2.6590 0.6567 -3.6008
v  2.6203 0.6554 -3.4801
v  2.6201 0.6586 -3.4815
v  2.6265 0.6602 -3.4964
v  2.6099 0.6547 -3.4801
v  2.6110 0.6577 -3.4815
v  2.6098 0.6659 -3.4815
v  2.6168 0.6678 -3.4815
v  2.6238 0.6696 -3.4964
v  2.6040 0.6585 -3.4801
v  2.6065 0.6605 -3.4815
v  2.6018 0.6639 -3.4801
v  2.6048 0.6646 -3.4815
v  2.6042 0.6691 -3.4815
v  2.6068 0.6737 -3.4815
v  2.6152 0.6774 -3.4815
v  2.6216 0.6790 -3.4964
v  2.6237 0.6796 -3.5412
v  2.6237 0.6796 -3.6008
v  2.6262 0.6702 -3.6008
v  2.6262 0.6702 -3.5412
v  2.6286 0.6608 -3.5412
v  2.6286 0.6608 -3.6008
v  2.6165 0.6719 -3.4825
v  2.6183 0.6697 -3.4825
v  2.6185 0.6669 -3.4825
v  2.6171 0.6645 -3.4825
v  2.6144 0.6634 -3.4825
v  2.6117 0.6641 -3.4825
v  2.6098 0.6662 -3.4825
v  2.6096 0.6691 -3.4825
v  2.6111 0.6715 -3.4825
v  2.6137 0.6726 -3.4825
v  2.6179 0.6696 -3.4811
v  2.6162 0.6715 -3.4811
v  2.6141 0.6680 -3.4811
v  2.6181 0.6670 -3.4811
v  2.6168 0.6648 -3.4811
v  2.6144 0.6639 -3.4811
v  2.6119 0.6645 -3.4811
v  2.6102 0.6664 -3.4811
v  2.6100 0.6690 -3.4811
v  2.6114 0.6711 -3.4811
v  2.6138 0.6721 -3.4811
v  2.6791 0.6833 -3.6008
v  3.0627 0.5760 -3.6910
v  3.0146 0.5760 -3.7014
v  3.0039 0.5760 -3.7490
v  3.0376 0.5760 -3.7325
v  2.8717 0.5760 -3.7226
v  2.8675 0.5760 -3.7775
v  2.3028 0.5851 -3.7904
v  2.2276 0.5851 -3.8058
v  2.2405 0.5760 -3.8316
v  2.3285 0.5760 -3.8149
v  2.2607 0.5760 -3.8828
v  2.3661 0.5760 -3.8652
v  2.1458 0.5760 -3.8296
v  2.1485 0.5760 -3.8832
v  2.1439 0.5851 -3.8035
v  2.0676 0.5851 -3.7907
v  2.0627 0.5760 -3.8162
v  2.0528 0.5760 -3.8680
v  1.9920 0.5760 -3.7912
v  1.9717 0.5760 -3.8370
v  2.0018 0.5851 -3.7682
v  2.8788 0.5760 -3.6516
v  3.0246 0.5760 -3.6420
v  3.0780 0.5760 -3.6372
v  1.8542 0.5760 -3.7322
v  1.9036 0.5760 -3.7901
v  1.9346 0.5760 -3.7546
v  1.8944 0.5760 -3.7089
v  1.9498 0.5851 -3.7364
v  1.9141 0.5851 -3.6967
v  1.8292 0.5760 -3.6681
v  1.8750 0.5760 -3.6565
v  1.8976 0.5851 -3.6504
v  1.8190 0.5760 -3.7513
v  1.7894 0.5760 -3.6774
v  1.9537 0.5760 -3.8759
v  1.8763 0.5760 -3.8197
v  2.0441 0.5760 -3.9132
v  2.1495 0.5760 -3.9303
v  2.2720 0.5760 -3.9259
v  2.3841 0.5760 -3.9093
v  2.5105 0.5760 -3.7814
v  2.4417 0.5760 -3.8290
v  2.4585 0.5760 -3.8897
v  2.5200 0.5760 -3.8669
v  2.3917 0.5760 -3.7722
v  2.3537 0.5851 -3.7502
v  2.4326 0.5760 -3.7160
v  2.3854 0.5851 -3.6985
v  2.7122 0.5760 -3.7407
v  2.5937 0.5760 -3.7609
v  2.5935 0.5760 -3.8407
v  2.7091 0.5760 -3.8071
v  2.5254 0.5760 -3.6667
v  2.6034 0.5760 -3.6652
v  2.7216 0.5760 -3.6582
v  2.4540 0.5760 -3.6587
v  2.4030 0.5851 -3.6491
v  3.0146 0.6485 -3.7014
v  3.0033 0.6422 -3.7484
v  2.8673 0.6422 -3.7768
v  2.8717 0.6485 -3.7226
v  3.0617 0.6422 -3.6907
v  3.0361 0.6372 -3.7316
v  2.3028 0.6395 -3.7905
v  2.3285 0.6485 -3.8149
v  2.2405 0.6485 -3.8316
v  2.2276 0.6395 -3.8058
v  2.1458 0.6485 -3.8296
v  2.1439 0.6395 -3.8035
v  2.2607 0.6485 -3.8828
v  2.1485 0.6485 -3.8832
v  2.3661 0.6485 -3.8652
v  2.0627 0.6485 -3.8162
v  2.0676 0.6395 -3.7907
v  1.9920 0.6485 -3.7912
v  2.0018 0.6395 -3.7682
v  2.0528 0.6485 -3.8680
v  1.9717 0.6485 -3.8370
v  3.0246 0.6485 -3.6420
v  2.8788 0.6485 -3.6516
v  3.0770 0.6422 -3.6371
v  1.8542 0.6485 -3.7322
v  1.8944 0.6485 -3.7089
v  1.9346 0.6485 -3.7546
v  1.9036 0.6485 -3.7901
v  1.9498 0.6395 -3.7364
v  1.9141 0.6395 -3.6967
v  1.8750 0.6485 -3.6565
v  1.8292 0.6485 -3.6681
v  1.8976 0.6395 -3.6504
v  1.8200 0.6422 -3.7507
v  1.7904 0.6422 -3.6771
v  1.9543 0.6422 -3.8750
v  1.8770 0.6422 -3.8189
v  2.0444 0.6422 -3.9122
v  2.1496 0.6422 -3.9292
v  2.2719 0.6422 -3.9248
v  2.3840 0.6422 -3.9083
v  2.4417 0.6485 -3.8290
v  2.4584 0.6422 -3.8887
v  2.5105 0.6485 -3.7814
v  2.5199 0.6422 -3.8659
v  2.3917 0.6485 -3.7722
v  2.4326 0.6485 -3.7160
v  2.3537 0.6395 -3.7502
v  2.3854 0.6395 -3.6985
v  2.7089 0.6422 -3.8062
v  2.5934 0.6422 -3.8397
v  2.5937 0.6485 -3.7609
v  2.7122 0.6485 -3.7407
v  2.6034 0.6485 -3.6652
v  2.5254 0.6485 -3.6667
v  2.7216 0.6485 -3.6582
v  2.4540 0.6485 -3.6587
v  2.4030 0.6395 -3.6491
v  3.0490 0.5947 -3.7385
v  3.0490 0.5787 -3.7385
v  3.0052 0.5787 -3.7620
v  3.0052 0.5947 -3.7620
v  2.8682 0.5787 -3.7925
v  2.8682 0.5947 -3.7925
v  3.0842 0.5947 -3.6891
v  3.0842 0.5787 -3.6891
v  2.2232 0.6123 -3.7972
v  2.2942 0.6123 -3.7823
v  2.1432 0.6123 -3.7947
v  2.0692 0.6123 -3.7822
v  2.0051 0.6123 -3.7605
v  3.1018 0.5787 -3.6360
v  3.1018 0.5947 -3.6360
v  1.9548 0.6123 -3.7303
v  1.9207 0.6123 -3.6927
v  1.9052 0.6123 -3.6484
v  1.8067 0.5947 -3.7581
v  1.8067 0.5787 -3.7581
v  1.7755 0.5787 -3.6809
v  1.7755 0.5947 -3.6809
v  1.9471 0.5947 -3.8889
v  1.9471 0.5787 -3.8889
v  1.8665 0.5787 -3.8299
v  1.8665 0.5947 -3.8299
v  2.1492 0.5947 -3.9459
v  2.1492 0.5787 -3.9459
v  2.0407 0.5787 -3.9281
v  2.0407 0.5947 -3.9281
v  2.3880 0.5947 -3.9242
v  2.3880 0.5787 -3.9242
v  2.2744 0.5787 -3.9407
v  2.2744 0.5947 -3.9407
v  2.5218 0.5947 -3.8890
v  2.5218 0.5787 -3.8890
v  2.4617 0.5787 -3.9084
v  2.4617 0.5947 -3.9084
v  2.3411 0.6123 -3.7428
v  2.3697 0.6123 -3.6927
v  2.7094 0.5787 -3.8249
v  2.5945 0.5787 -3.8620
v  2.5945 0.5947 -3.8620
v  2.7094 0.5947 -3.8249
v  2.3860 0.6123 -3.6459
v  3.0945 0.6230 -3.6354
v  3.0774 0.6230 -3.6872
v  3.0955 0.6038 -3.6355
v  3.0784 0.6038 -3.6875
v  3.0433 0.6230 -3.7350
v  3.0441 0.6038 -3.7355
v  3.0010 0.6230 -3.7577
v  2.8665 0.6230 -3.7875
v  3.0016 0.6038 -3.7583
v  2.8667 0.6038 -3.7882
v  2.5936 0.6230 -3.8555
v  2.5209 0.6230 -3.8819
v  2.5937 0.6038 -3.8564
v  2.5210 0.6038 -3.8829
v  2.7085 0.6230 -3.8192
v  2.7086 0.6038 -3.8200
v  2.4607 0.6230 -3.9011
v  2.3870 0.6230 -3.9169
v  2.4608 0.6038 -3.9021
v  2.3872 0.6038 -3.9180
v  2.2740 0.6230 -3.9332
v  2.1498 0.6230 -3.9385
v  2.2740 0.6038 -3.9343
v  2.1497 0.6038 -3.9395
v  2.0427 0.6230 -3.9210
v  1.9508 0.6230 -3.8826
v  2.0425 0.6038 -3.9221
v  1.9502 0.6038 -3.8835
v  1.8717 0.6230 -3.8246
v  1.8131 0.6230 -3.7544
v  1.8709 0.6038 -3.8254
v  1.8122 0.6038 -3.7549
v  1.7826 0.6230 -3.6789
v  1.7816 0.6038 -3.6792
v  3.0466 0.5974 -3.7370
v  3.0034 0.5974 -3.7601
v  2.8674 0.5974 -3.7903
v  3.0813 0.5974 -3.6883
v  3.0986 0.5974 -3.6358
v  1.8094 0.5974 -3.7565
v  1.7785 0.5974 -3.6800
v  1.9487 0.5974 -3.8862
v  1.8687 0.5974 -3.8276
v  2.1495 0.5974 -3.9427
v  2.0416 0.5974 -3.9251
v  2.3876 0.5974 -3.9211
v  2.2742 0.5974 -3.9375
v  2.5214 0.5974 -3.8860
v  2.4613 0.5974 -3.9053
v  2.5941 0.5974 -3.8592
v  2.7090 0.5974 -3.8225
v  2.7691 1.2836 -3.8164
v  2.8082 1.2836 -3.9105
v  2.8148 1.2833 -3.9062
v  2.7778 1.2833 -3.8137
v  2.8657 1.2836 -3.9644
v  2.8698 1.2833 -3.9583
v  2.9459 1.2836 -4.0001
v  2.9469 1.2833 -3.9925
v  3.0421 1.2836 -3.9850
v  3.0394 1.2833 -3.9781
v  3.1239 1.2836 -3.9454
v  3.1180 1.2833 -3.9398
v  3.1756 1.2836 -3.8457
v  3.1671 1.2833 -3.8419
v  2.7978 0.6696 -3.7672
v  2.8242 0.6695 -3.8425
v  2.8289 0.6425 -3.8368
v  2.8031 0.6426 -3.7634
v  2.8434 0.6387 -3.8392
v  2.8246 0.6373 -3.7706
v  3.0834 0.6373 -3.7941
v  3.0591 0.6386 -3.8671
v  3.0755 0.6424 -3.8694
v  3.1086 0.6424 -3.7907
v  3.0810 0.6693 -3.8757
v  3.1152 0.6693 -3.7951
v  2.8743 0.6694 -3.8921
v  2.8774 0.6425 -3.8850
v  2.8797 0.6373 -3.8725
v  2.9439 0.6424 -3.9178
v  2.9445 0.6373 -3.9035
v  2.9434 0.6694 -3.9259
v  3.0196 0.6693 -3.9117
v  3.0168 0.6424 -3.9042
v  3.0155 0.6373 -3.8908
v  2.9448 0.6356 -3.8209
v  3.0214 0.6356 -3.8118
v  2.8755 0.6356 -3.7985
v  2.7932 0.9722 -3.7900
v  2.7838 1.2779 -3.8132
v  2.8166 1.2779 -3.9055
v  2.8203 0.9722 -3.8739
v  2.8222 0.7364 -3.8501
v  2.7955 0.7364 -3.7726
v  3.1374 0.9723 -3.8181
v  3.1217 0.7365 -3.8007
v  3.0866 0.7365 -3.8835
v  3.1002 0.9722 -3.9073
v  3.1162 1.2779 -3.9389
v  3.1609 1.2779 -3.8413
v  2.8705 1.2779 -3.9572
v  2.8720 0.9722 -3.9249
v  2.8731 0.7364 -3.9004
v  2.9454 0.9722 -3.9591
v  2.9437 0.7365 -3.9345
v  2.9471 1.2779 -3.9913
v  3.0390 1.2779 -3.9769
v  3.0305 0.9722 -3.9446
v  3.0227 0.7365 -3.9201
v  2.7453 1.2773 -3.8254
v  2.7872 1.2773 -3.9249
v  2.7880 1.2718 -3.9243
v  2.7461 1.2718 -3.8251
v  2.7908 1.2709 -3.9224
v  2.7493 1.2709 -3.8239
v  2.8517 1.2773 -3.9851
v  2.8522 1.2718 -3.9843
v  2.8541 1.2709 -3.9816
v  2.9425 1.2718 -4.0244
v  2.9429 1.2709 -4.0210
v  2.9423 1.2773 -4.0253
v  3.0509 1.2773 -4.0081
v  3.0506 1.2718 -4.0073
v  3.0494 1.2709 -4.0042
v  3.1422 1.2718 -3.9633
v  3.1397 1.2709 -3.9608
v  3.1428 1.2773 -3.9640
v  3.1987 1.2773 -3.8583
v  3.1979 1.2718 -3.8578
v  3.1948 1.2709 -3.8561
v  3.1779 1.2718 -3.8469
v  3.1258 1.2718 -3.9472
v  3.1283 1.2709 -3.9497
v  3.1809 1.2709 -3.8486
v  3.0429 1.2718 -3.9873
v  3.0441 1.2709 -3.9903
v  2.9455 1.2718 -4.0025
v  2.9451 1.2709 -4.0058
v  2.8643 1.2718 -3.9664
v  2.8624 1.2709 -3.9692
v  2.8062 1.2718 -3.9119
v  2.8034 1.2709 -3.9138
v  2.7667 1.2718 -3.8172
v  2.7636 1.2709 -3.8184
v  2.7461 1.3129 -3.8251
v  2.7880 1.3129 -3.9244
v  2.7872 1.3057 -3.9249
v  2.7453 1.3057 -3.8254
v  2.8522 1.3129 -3.9843
v  2.8517 1.3057 -3.9851
v  2.9425 1.3129 -4.0244
v  2.9423 1.3057 -4.0253
v  3.0506 1.3129 -4.0073
v  3.0509 1.3057 -4.0081
v  3.1422 1.3129 -3.9633
v  3.1429 1.3057 -3.9640
v  3.1136 1.3661 -3.9350
v  3.1626 1.3662 -3.8386
v  3.1979 1.3129 -3.8578
v  3.1987 1.3057 -3.8583
v  2.7921 1.3755 -3.8079
v  2.8282 1.3754 -3.8971
v  2.8201 1.3662 -3.9026
v  2.7829 1.3662 -3.8114
v  2.8705 1.3785 -3.8425
v  2.8789 1.3754 -3.9451
v  2.8735 1.3662 -3.9530
v  2.9494 1.3754 -3.9764
v  2.9480 1.3662 -3.9861
v  2.9505 1.3785 -3.8640
v  3.0456 1.3785 -3.8549
v  3.0340 1.3754 -3.9632
v  3.0374 1.3661 -3.9721
v  3.1064 1.3754 -3.9278
v  3.1537 1.3754 -3.8337
v  3.1809 1.2833 -3.7333
v  3.1763 1.2779 -3.7330
v  3.1891 1.2836 -3.7354
v  3.1915 1.2718 -3.7361
v  3.1946 1.2709 -3.7370
v  3.2091 1.2709 -3.7412
v  3.2131 1.2773 -3.7423
v  3.2122 1.2718 -3.7421
v  3.2131 1.3057 -3.7423
v  3.2122 1.3129 -3.7421
v  3.1749 1.3662 -3.7315
v  3.0511 1.3785 -3.7405
v  3.1656 1.3755 -3.7288
v  2.9507 1.3785 -3.7455
v  2.8667 1.3785 -3.7337
v  2.7849 1.3755 -3.7147
v  2.7754 1.3662 -3.7166
v  2.7373 1.3129 -3.7241
v  2.7364 1.3057 -3.7243
v  2.7364 1.2773 -3.7243
v  2.7373 1.2718 -3.7241
v  2.7405 1.2709 -3.7234
v  2.7551 1.2709 -3.7204
v  2.7584 1.2718 -3.7198
v  2.7607 1.2836 -3.7193
v  2.7691 1.2833 -3.7178
v  2.7735 1.2779 -3.7176
v  2.7807 0.9722 -3.7048
v  2.7830 0.7364 -3.6953
v  2.7853 0.6696 -3.6923
v  2.7908 0.6426 -3.6902
v  2.8139 0.6373 -3.6941
v  2.9448 0.6356 -3.7218
v  2.8691 0.6356 -3.7095
v  3.0295 0.6356 -3.7168
v  3.0982 0.6373 -3.7071
v  3.1258 0.6424 -3.7052
v  3.1328 0.6694 -3.7076
v  3.1551 0.9723 -3.7202
v  3.1394 0.7364 -3.7107
v  2.9861 1.3874 -3.6443
v  2.9857 1.3826 -3.6431
v  2.9980 1.3826 -3.6368
v  2.9988 1.3874 -3.6378
v  3.0079 1.3826 -3.6269
v  3.0089 1.3874 -3.6277
v  3.0142 1.3826 -3.6146
v  3.0154 1.3874 -3.6150
v  2.9297 1.3826 -3.6146
v  2.9284 1.3874 -3.6150
v  2.9360 1.3826 -3.6269
v  2.9349 1.3874 -3.6277
v  2.9458 1.3826 -3.6368
v  2.9451 1.3874 -3.6378
v  2.9582 1.3826 -3.6431
v  2.9578 1.3874 -3.6443
v  2.9719 1.3826 -3.6452
v  2.9719 1.3874 -3.6466
v  2.9847 1.3822 -3.6402
v  2.9963 1.3822 -3.6343
v  3.0054 1.3822 -3.6252
v  3.0113 1.3822 -3.6136
v  2.9326 1.3822 -3.6136
v  2.9384 1.3822 -3.6252
v  2.9476 1.3822 -3.6343
v  2.9591 1.3822 -3.6402
v  2.9719 1.3822 -3.6422
v  2.9897 1.3812 -3.6554
v  2.9719 1.3812 -3.6582
v  2.9719 1.3878 -3.6507
v  2.9874 1.3878 -3.6483
v  3.0013 1.3878 -3.6412
v  3.0057 1.3812 -3.6473
v  3.0123 1.3878 -3.6302
v  3.0184 1.3812 -3.6346
v  3.0194 1.3878 -3.6163
v  3.0265 1.3812 -3.6186
v  2.9245 1.3878 -3.6163
v  2.9173 1.3812 -3.6186
v  2.9316 1.3878 -3.6302
v  2.9255 1.3812 -3.6346
v  2.9426 1.3878 -3.6412
v  2.9382 1.3812 -3.6473
v  2.9565 1.3878 -3.6483
v  2.9542 1.3812 -3.6554
v  2.9881 1.3731 -3.6504
v  2.9899 1.3767 -3.6562
v  3.0062 1.3767 -3.6480
v  3.0026 1.3731 -3.6430
v  3.0191 1.3767 -3.6351
v  3.0141 1.3731 -3.6315
v  3.0273 1.3767 -3.6188
v  3.0216 1.3731 -3.6169
v  2.9165 1.3767 -3.6188
v  2.9223 1.3731 -3.6169
v  2.9248 1.3767 -3.6351
v  2.9297 1.3731 -3.6315
v  2.9377 1.3767 -3.6480
v  2.9413 1.3731 -3.6430
v  2.9539 1.3767 -3.6562
v  2.9558 1.3731 -3.6504
v  2.9719 1.3767 -3.6591
v  2.9719 1.3731 -3.6530
v  2.9831 1.3922 -3.6352
v  2.9932 1.3922 -3.6300
v  2.9719 1.3922 -3.6369
v  3.0011 1.3922 -3.6220
v  3.0063 1.3922 -3.6120
v  2.9376 1.3922 -3.6120
v  2.9427 1.3922 -3.6220
v  2.9507 1.3922 -3.6300
v  2.9608 1.3922 -3.6352
v  2.6173 0.6733 -3.6908
v  2.6198 0.6704 -3.6908
v  2.6201 0.6665 -3.6908
v  2.6181 0.6633 -3.6908
v  2.6146 0.6618 -3.6908
v  2.6108 0.6627 -3.6908
v  2.6083 0.6656 -3.6908
v  2.6080 0.6694 -3.6908
v  2.6100 0.6727 -3.6908
v  2.6136 0.6742 -3.6908
v  2.6192 0.6561 -3.7096
v  2.6189 0.6680 -3.7107
v  2.6260 0.6680 -3.7096
v  2.6192 0.6812 -3.7096
v  2.5430 0.6688 -3.7152
v  2.5283 0.6811 -3.7163
v  2.5812 0.6816 -3.7096
v  2.5815 0.6680 -3.7107
v  2.5606 0.6559 -3.7117
v  2.5912 0.6549 -3.6518
v  2.6195 0.6557 -3.6515
v  2.5856 0.6549 -3.6860
v  2.6195 0.6557 -3.6906
v  2.6195 0.6817 -3.6906
v  2.5814 0.6826 -3.6906
v  2.5816 0.6826 -3.6516
v  2.6195 0.6817 -3.6515
v  2.5575 0.6828 -3.6521
v  2.5566 0.6828 -3.6814
v  2.6265 0.6680 -3.6515
v  2.6265 0.6680 -3.6906
v  2.4037 0.6657 -3.6499
v  2.3842 0.6577 -3.6475
v  2.3830 0.6656 -3.6988
v  2.3665 0.6576 -3.6940
v  2.5196 0.6870 -3.6493
v  2.4900 0.6867 -3.7228
v  2.2955 0.6653 -3.7868
v  2.3474 0.6655 -3.7472
v  2.4229 0.6864 -3.7953
v  2.3456 0.6863 -3.8477
v  2.3352 0.6575 -3.7402
v  2.2880 0.6574 -3.7780
v  2.1489 0.6571 -3.8043
v  2.2224 0.6572 -3.7993
v  2.2262 0.6652 -3.8092
v  2.1497 0.6651 -3.8146
v  2.2526 0.6862 -3.8776
v  2.1552 0.6861 -3.8855
v  2.0100 0.6650 -3.7787
v  2.0763 0.6650 -3.8034
v  2.0645 0.6861 -3.8719
v  1.9835 0.6860 -3.8396
v  2.0780 0.6570 -3.7935
v  2.0139 0.6570 -3.7699
v  1.9229 0.6570 -3.6956
v  1.9609 0.6570 -3.7365
v  1.9549 0.6650 -3.7434
v  1.9151 0.6650 -3.7003
v  1.9151 0.6859 -3.7914
v  1.8643 0.6858 -3.7325
v  1.8947 0.6650 -3.6519
v  1.8361 0.6858 -3.6681
v  1.9037 0.6570 -3.6495
v  2.5135 0.6692 -3.7603
v  2.5050 0.6862 -3.7295
v  2.4536 0.6690 -3.8178
v  2.4358 0.6862 -3.8047
v  2.3547 0.6859 -3.8596
v  2.3673 0.6686 -3.8761
v  2.2644 0.6684 -3.9097
v  2.2575 0.6857 -3.8911
v  2.1560 0.6856 -3.8996
v  2.1573 0.6682 -3.9192
v  2.0583 0.6681 -3.9048
v  2.0619 0.6855 -3.8857
v  1.9778 0.6854 -3.8520
v  1.9699 0.6680 -3.8693
v  1.8944 0.6679 -3.8153
v  1.9065 0.6853 -3.8014
v  1.8533 0.6852 -3.7394
v  1.8377 0.6678 -3.7489
v  1.8057 0.6678 -3.6764
v  1.8237 0.6852 -3.6716
v  1.8902 0.6565 -3.8203
v  1.8321 0.6565 -3.7523
v  1.9673 0.6566 -3.8757
v  2.1580 0.6567 -3.9267
v  2.0572 0.6566 -3.9121
v  2.2675 0.6569 -3.9170
v  2.3729 0.6571 -3.8825
v  2.4617 0.6573 -3.8229
v  2.5236 0.6575 -3.7638
v  1.7993 0.6565 -3.6781
v  2.4429 0.6485 -3.7170
v  2.5127 0.6492 -3.7585
v  2.5463 0.6493 -3.6987
v  2.4724 0.6485 -3.6526
v  2.3918 0.6485 -3.7771
v  2.4528 0.6492 -3.8158
v  2.3261 0.6485 -3.8247
v  2.3670 0.6492 -3.8736
v  2.2427 0.6485 -3.8520
v  2.2644 0.6492 -3.9070
v  2.1530 0.6485 -3.8592
v  2.1578 0.6491 -3.9163
v  2.0688 0.6485 -3.8467
v  2.0595 0.6491 -3.9020
v  1.9931 0.6485 -3.8174
v  1.9718 0.6491 -3.8666
v  1.9293 0.6485 -3.7741
v  1.8968 0.6491 -3.8130
v  1.8823 0.6485 -3.7210
v  1.8404 0.6491 -3.7472
v  1.8569 0.6485 -3.6623
v  1.8087 0.6491 -3.6755
v  2.3720 0.6494 -3.6966
v  2.3898 0.6495 -3.6488
v  2.3786 0.6524 -3.6469
v  2.3619 0.6524 -3.6929
v  2.3319 0.6523 -3.7387
v  2.3399 0.6494 -3.7442
v  2.2860 0.6522 -3.7762
v  2.2914 0.6494 -3.7832
v  2.2214 0.6521 -3.7973
v  2.2242 0.6494 -3.8052
v  2.1486 0.6521 -3.8024
v  2.1490 0.6494 -3.8106
v  2.0782 0.6520 -3.7917
v  2.0766 0.6494 -3.7997
v  2.0145 0.6520 -3.7683
v  2.0112 0.6494 -3.7755
v  1.9619 0.6520 -3.7353
v  1.9569 0.6494 -3.7411
v  1.9242 0.6520 -3.6949
v  1.9178 0.6494 -3.6988
v  1.9052 0.6520 -3.6492
v  1.8979 0.6493 -3.6512
v  1.8322 0.6510 -3.7523
v  1.8903 0.6510 -3.8204
v  1.9675 0.6510 -3.8760
v  2.0575 0.6511 -3.9124
v  2.1583 0.6511 -3.9270
v  2.2681 0.6512 -3.9173
v  2.3739 0.6513 -3.8828
v  2.4632 0.6514 -3.8231
v  2.5254 0.6516 -3.7638
v  2.5550 0.6517 -3.7058
v  1.7993 0.6510 -3.6781
v  2.5595 0.6493 -3.6540
v  2.5757 0.6541 -3.6551
v  2.5724 0.6517 -3.6554
v  2.5412 0.6835 -3.6544
v  2.5340 0.6859 -3.6526
v  2.5835 0.6554 -3.7096
v  2.6349 0.6726 -3.7435
v  2.6218 0.6691 -3.7429
v  2.6192 0.6784 -3.7429
v  2.6324 0.6806 -3.7429
v  2.6366 0.6641 -3.7429
v  2.6240 0.6596 -3.7429
v  2.6008 0.6636 -3.7315
v  2.6018 0.6639 -3.7415
v  2.6040 0.6585 -3.7415
v  2.6031 0.6579 -3.7315
v  2.6001 0.6697 -3.7315
v  2.6011 0.6696 -3.7415
v  2.6426 0.6594 -3.7317
v  2.6370 0.6597 -3.7415
v  2.6455 0.6733 -3.7511
v  2.6248 0.6555 -3.7315
v  2.6246 0.6565 -3.7415
v  2.6178 0.6824 -3.7315
v  2.6138 0.6803 -3.7216
v  2.6227 0.6830 -3.7115
v  2.6036 0.6765 -3.7315
v  2.6044 0.6758 -3.7216
v  2.6095 0.6537 -3.7315
v  2.6099 0.6547 -3.7415
v  2.6346 0.6867 -3.7067
v  2.6350 0.6867 -3.7314
v  2.6314 0.6583 -3.6605
v  2.6425 0.6591 -3.6616
v  2.6307 0.6573 -3.7055
v  2.6425 0.6593 -3.7079
v  2.6345 0.6866 -3.6605
v  2.6250 0.6832 -3.6605
v  2.6011 0.6696 -3.7216
v  2.6434 0.6984 -3.7610
v  2.6306 0.6846 -3.7415
v  2.6182 0.6814 -3.7415
v  2.6068 0.6737 -3.7429
v  2.6044 0.6758 -3.7415
v  2.6052 0.6647 -3.7429
v  2.6110 0.6577 -3.7429
v  2.7347 1.1903 -3.7240
v  2.7355 1.2785 -3.6946
v  2.7317 1.3413 -3.6824
v  2.7244 0.9735 -3.7257
v  2.7309 1.0846 -3.7366
v  2.7111 0.8338 -3.6780
v  2.7166 0.8812 -3.6972
v  2.7137 1.4241 -3.6732
v  2.7121 1.3937 -3.7427
v  2.6949 0.7262 -3.6637
v  2.6789 0.6844 -3.6708
v  2.6798 0.7095 -3.7405
v  2.6999 0.7682 -3.7053
v  2.6829 0.7805 -3.8092
v  2.7035 0.8307 -3.7740
v  2.6873 0.8779 -3.8654
v  2.7080 0.9087 -3.8182
v  2.6923 0.9818 -3.8977
v  2.7127 0.9961 -3.8440
v  2.6973 1.0852 -3.9066
v  2.7171 1.0852 -3.8512
v  2.7020 1.1809 -3.8924
v  2.7212 1.1689 -3.8395
v  2.7061 1.2664 -3.8581
v  2.7245 1.2435 -3.8113
v  2.7096 1.3392 -3.8062
v  2.7270 1.3056 -3.7692
v  2.6591 0.6581 -3.6748
v  2.6584 0.6755 -3.7491
v  2.6632 0.7617 -3.8221
v  2.6683 0.8653 -3.8822
v  2.6737 0.9755 -3.9167
v  2.6792 1.0847 -3.9264
v  2.6842 1.1852 -3.9117
v  2.6887 1.2750 -3.8754
v  2.6925 1.3519 -3.8200
v  2.6954 1.4098 -3.7520
v  2.6971 1.4426 -3.6780
v  2.7181 1.1910 -3.7233
v  2.7183 1.2991 -3.6847
v  2.7078 0.9747 -3.7250
v  2.7144 1.0857 -3.7359
v  2.6973 0.8593 -3.6871
v  2.6926 1.4258 -3.6731
v  2.7113 1.3884 -3.6635
v  2.6911 1.3955 -3.7425
v  2.7100 1.3623 -3.7236
v  2.6787 0.7416 -3.6981
v  2.6653 0.6928 -3.6685
v  2.6613 0.7010 -3.7185
v  2.6830 0.8157 -3.7833
v  2.6583 0.7827 -3.8092
v  2.6461 0.7028 -3.7471
v  2.6875 0.9007 -3.8313
v  2.6646 0.8793 -3.8656
v  2.6922 0.9932 -3.8590
v  2.6703 0.9831 -3.8979
v  2.6969 1.0863 -3.8665
v  2.6755 1.0865 -3.9067
v  2.7012 1.1730 -3.8537
v  2.6804 1.1825 -3.8924
v  2.7049 1.2502 -3.8235
v  2.6847 1.2683 -3.8579
v  2.7079 1.3147 -3.7785
v  2.6884 1.3411 -3.8060
v  2.6890 1.4417 -3.6775
v  2.6873 1.4364 -3.6759
v  2.6857 1.4047 -3.7480
v  2.6874 1.4091 -3.7512
v  2.6844 1.3515 -3.8188
v  2.6828 1.3483 -3.8141
v  2.6789 1.2731 -3.8680
v  2.6805 1.2749 -3.8739
v  2.6759 1.1854 -3.9102
v  2.6743 1.1848 -3.9037
v  2.6692 1.0860 -3.9183
v  2.6707 1.0852 -3.9248
v  2.6652 0.9763 -3.9152
v  2.6637 0.9791 -3.9091
v  2.6575 0.8718 -3.8751
v  2.6593 0.8666 -3.8803
v  2.6530 0.7635 -3.8188
v  2.6503 0.7714 -3.8154
v  2.6626 0.8642 -3.8832
v  2.6570 0.7600 -3.8218
v  2.6514 0.6725 -3.7509
v  2.6738 1.0848 -3.9279
v  2.6683 0.9750 -3.9182
v  2.6835 1.2758 -3.8768
v  2.6789 1.1857 -3.9133
v  2.6904 1.4112 -3.7527
v  2.6874 1.3530 -3.8211
v  2.6920 1.4442 -3.6783
v  2.6538 0.6559 -3.6706
v  2.6529 0.6580 -3.7220
v  2.6265 0.6602 -3.7052
v  2.6201 0.6586 -3.7201
v  2.6203 0.6554 -3.7216
v  2.6110 0.6577 -3.7201
v  2.6099 0.6547 -3.7216
v  2.6168 0.6678 -3.7201
v  2.6098 0.6659 -3.7201
v  2.6238 0.6696 -3.7052
v  2.6065 0.6605 -3.7201
v  2.6040 0.6585 -3.7216
v  2.6048 0.6646 -3.7201
v  2.6018 0.6639 -3.7216
v  2.6042 0.6691 -3.7201
v  2.6068 0.6737 -3.7201
v  2.6152 0.6774 -3.7201
v  2.6216 0.6790 -3.7052
v  2.6237 0.6796 -3.6605
v  2.6262 0.6702 -3.6605
v  2.6286 0.6608 -3.6605
v  2.6183 0.6697 -3.7192
v  2.6165 0.6719 -3.7192
v  2.6185 0.6669 -3.7192
v  2.6171 0.6645 -3.7192
v  2.6144 0.6634 -3.7192
v  2.6117 0.6641 -3.7192
v  2.6098 0.6662 -3.7192
v  2.6096 0.6691 -3.7192
v  2.6111 0.6715 -3.7192
v  2.6137 0.6726 -3.7192
v  2.6179 0.6696 -3.7206
v  2.6141 0.6680 -3.7206
v  2.6162 0.6715 -3.7206
v  2.6181 0.6670 -3.7206
v  2.6168 0.6648 -3.7206
v  2.6144 0.6639 -3.7206
v  2.6119 0.6645 -3.7206
v  2.6102 0.6664 -3.7206
v  2.6100 0.6690 -3.7206
v  2.6114 0.6711 -3.7206
v  2.6138 0.6721 -3.7206
v  1.9406 0.3998 -3.4326
v  1.8915 0.4701 -3.4229
v  1.8505 0.4649 -3.4906
v  1.9186 0.3761 -3.4942
v  1.8318 0.4606 -3.6008
v  1.9056 0.3620 -3.6008
v  2.3055 0.4656 -3.3998
v  2.2860 0.3928 -3.4251
v  2.3134 0.3718 -3.4645
v  2.3432 0.4587 -3.4573
v  2.2568 0.0003 -3.6008
v  2.3593 0.0003 -3.6008
v  2.3467 0.0003 -3.4944
v  2.2432 0.0003 -3.4802
v  1.9771 0.3121 -3.6008
v  1.9865 0.3289 -3.4886
v  2.0199 0.3640 -3.3993
v  1.9985 0.3460 -3.4401
v  2.2409 0.4647 -3.3622
v  2.2314 0.3920 -3.4005
v  2.1631 0.4617 -3.3387
v  2.1602 0.3849 -3.3839
v  2.0798 0.4595 -3.3361
v  2.0852 0.3772 -3.3810
v  2.0002 0.4609 -3.3511
v  1.9512 0.4665 -3.3725
v  2.2837 0.1560 -3.4399
v  2.2840 0.0851 -3.4394
v  2.3008 0.0850 -3.4659
v  2.3004 0.1559 -3.4649
v  2.2955 0.0540 -3.4389
v  2.3089 0.0569 -3.4641
v  1.9584 0.1564 -3.6008
v  1.9382 0.0834 -3.6008
v  1.9596 0.0836 -3.4713
v  1.9743 0.1565 -3.4818
v  1.9251 0.0373 -3.6008
v  1.9497 0.0381 -3.4660
v  1.9800 0.0837 -3.4305
v  1.9914 0.1566 -3.4436
v  1.9733 0.0387 -3.4232
v  2.0067 0.0394 -3.3967
v  2.0102 0.0839 -3.4051
v  2.0182 0.1568 -3.4194
v  2.0808 0.0843 -3.3895
v  2.0834 0.1568 -3.4041
v  2.0799 0.0407 -3.3806
v  2.1599 0.0846 -3.3914
v  2.1599 0.1569 -3.4037
v  2.1599 0.0419 -3.3826
v  2.2295 0.0434 -3.3993
v  2.2295 0.0849 -3.4082
v  2.2297 0.1570 -3.4178
v  2.2837 0.3583 -3.4397
v  2.2850 0.3102 -3.4402
v  2.3035 0.3167 -3.4650
v  1.9804 0.2880 -3.6008
v  1.9743 0.2403 -3.6008
v  1.9876 0.2527 -3.4872
v  1.9907 0.3030 -3.4886
v  2.0025 0.2619 -3.4484
v  2.0046 0.3182 -3.4460
v  2.0242 0.2715 -3.4230
v  2.0279 0.3315 -3.4165
v  2.0854 0.2767 -3.4075
v  2.0866 0.3430 -3.4004
v  2.1599 0.2817 -3.4060
v  2.1599 0.3508 -3.4018
v  2.2301 0.2879 -3.4183
v  2.2304 0.3575 -3.4165
v  2.2829 0.2388 -3.4403
v  2.3022 0.2372 -3.4650
v  2.1719 0.0003 -3.6008
v  2.1663 0.0003 -3.4722
v  2.0623 0.0003 -3.6008
v  2.0740 0.0003 -3.4565
v  1.9222 0.0092 -3.6008
v  1.9234 0.0025 -3.6008
v  1.9492 0.0025 -3.4655
v  1.9480 0.0094 -3.4649
v  1.9475 0.0008 -3.6008
v  1.9700 0.0008 -3.4679
v  2.3320 0.0000 -3.4248
v  2.3335 0.0024 -3.4187
v  2.2290 0.0024 -3.4002
v  2.2302 0.0008 -3.4076
v  2.3340 0.0106 -3.4172
v  2.2294 0.0103 -3.3986
v  2.1596 0.0024 -3.3834
v  2.1600 0.0008 -3.3970
v  2.1598 0.0100 -3.3818
v  2.0799 0.0098 -3.3799
v  2.0801 0.0024 -3.3815
v  2.0783 0.0008 -3.3940
v  2.0064 0.0096 -3.3958
v  2.0072 0.0024 -3.3972
v  2.0142 0.0012 -3.4039
v  1.9735 0.0024 -3.4232
v  1.9911 0.0008 -3.4247
v  1.9724 0.0094 -3.4222
v  2.3342 0.0308 -3.4167
v  2.4125 0.5950 -3.6008
v  2.3562 0.5255 -3.6008
v  2.3459 0.5247 -3.5115
v  2.4067 0.5940 -3.5383
v  2.2956 0.4179 -3.6008
v  2.2906 0.4170 -3.5586
v  1.8175 0.5760 -3.6008
v  1.8014 0.5914 -3.6008
v  1.8065 0.5913 -3.5395
v  1.8225 0.5759 -3.5430
v  1.7988 0.5777 -3.6008
v  1.8039 0.5777 -3.5398
v  1.8202 0.5776 -3.4812
v  1.8224 0.5913 -3.4808
v  1.8374 0.5759 -3.4877
v  1.8497 0.5912 -3.4272
v  1.8624 0.5758 -3.4372
v  1.8484 0.5775 -3.4278
v  1.8869 0.5774 -3.3819
v  1.8872 0.5910 -3.3812
v  1.8972 0.5757 -3.3939
v  1.9338 0.5908 -3.3455
v  1.9415 0.5755 -3.3603
v  1.9337 0.5772 -3.3462
v  1.9872 0.5770 -3.3207
v  1.9876 0.5905 -3.3200
v  1.9929 0.5753 -3.3363
v  2.3256 0.5750 -3.3799
v  2.3264 0.5883 -3.3801
v  2.2803 0.5888 -3.3468
v  2.2794 0.5755 -3.3467
v  2.3164 0.5752 -3.3935
v  2.2725 0.5736 -3.3620
v  2.2217 0.5740 -3.3376
v  2.2270 0.5892 -3.3210
v  2.2261 0.5759 -3.3210
v  2.3632 0.5878 -3.4181
v  2.3513 0.5772 -3.4296
v  2.3627 0.5741 -3.4178
v  2.3911 0.5740 -3.4694
v  2.3917 0.5882 -3.4700
v  2.3789 0.5806 -3.4790
v  2.1067 0.5765 -3.3003
v  2.1075 0.5899 -3.2999
v  2.0463 0.5903 -3.3048
v  2.0457 0.5767 -3.3054
v  2.1076 0.5747 -3.3176
v  2.0491 0.5750 -3.3221
v  2.1686 0.5896 -3.3053
v  2.1659 0.5744 -3.3228
v  2.1677 0.5762 -3.3056
v  1.8173 0.5403 -3.5126
v  1.8044 0.5403 -3.6008
v  1.8725 0.5402 -3.4093
v  2.3208 0.5383 -3.3844
v  2.3709 0.5354 -3.4468
v  2.2494 0.5392 -3.3395
v  2.1661 0.5395 -3.3118
v  2.0767 0.5397 -3.3092
v  1.9897 0.5399 -3.3268
v  1.9374 0.5400 -3.3519
v  1.8638 0.5261 -3.5298
v  1.8530 0.5262 -3.6008
v  1.9918 0.4071 -3.5605
v  1.9851 0.4070 -3.6008
v  1.9068 0.5260 -3.4468
v  2.0184 0.4075 -3.5133
v  2.3041 0.5244 -3.4442
v  2.2647 0.4107 -3.5127
v  2.1058 0.5254 -3.3680
v  2.2281 0.5249 -3.3919
v  2.2176 0.4101 -3.4814
v  2.1415 0.4091 -3.4680
v  1.9830 0.5258 -3.3909
v  2.0654 0.4081 -3.4813
v  2.1415 0.3310 -3.5625
v  2.1307 0.3289 -3.6008
v  2.2369 0.2992 -3.5719
v  2.2308 0.2954 -3.6008
v  2.2941 0.3619 -3.5766
v  2.2695 0.3567 -3.5387
v  2.3348 0.3551 -3.5847
v  2.3353 0.3407 -3.5595
v  2.1949 0.3417 -3.5252
v  2.2670 0.3180 -3.5437
v  2.2940 0.3623 -3.6008
v  2.3359 0.2905 -3.6008
v  2.3353 0.2863 -3.6008
v  2.3353 0.2906 -3.5753
v  2.3359 0.2931 -3.5758
v  2.3381 0.3115 -3.5506
v  2.3387 0.3115 -3.5541
v  2.3354 0.3517 -3.5848
v  2.3359 0.3398 -3.5613
v  2.3348 0.3558 -3.6008
v  2.3354 0.3517 -3.6008
v  2.3361 0.3366 -3.6008
v  2.3361 0.3347 -3.5835
v  2.3388 0.3107 -3.6008
v  2.3348 0.0473 -3.4311
v  2.6849 0.0501 -3.4574
v  2.7360 0.0491 -3.4754
v  2.7281 0.0553 -3.5171
v  2.6666 0.0555 -3.5176
v  2.7955 0.0517 -3.5343
v  2.7698 0.0479 -3.5021
v  2.6636 0.1198 -3.5286
v  2.6644 0.0827 -3.5293
v  2.7291 0.0826 -3.5316
v  2.7241 0.1202 -3.5315
v  2.7884 0.0834 -3.5379
v  2.7811 0.1208 -3.5365
v  2.7865 0.1795 -3.5339
v  2.7957 0.1803 -3.6008
v  2.8039 0.2365 -3.6008
v  2.8039 0.2365 -3.5339
v  2.8368 0.3161 -3.6008
v  2.8244 0.3174 -3.5318
v  2.7963 0.1210 -3.6008
v  2.8062 0.0837 -3.6008
v  2.8138 0.0508 -3.6008
v  2.7881 0.0008 -3.6008
v  2.8129 0.0024 -3.6008
v  2.7991 0.0024 -3.5341
v  2.7762 0.0008 -3.5352
v  2.8145 0.0099 -3.6008
v  2.8006 0.0100 -3.5335
v  2.7766 0.0024 -3.5016
v  2.7567 0.0008 -3.5042
v  2.7778 0.0102 -3.5007
v  2.7409 0.0104 -3.4724
v  2.7400 0.0024 -3.4738
v  2.7256 0.0008 -3.4777
v  2.6867 0.0024 -3.4542
v  2.6811 0.0008 -3.4589
v  2.6873 0.0106 -3.4527
v  2.8151 0.0282 -3.6008
v  2.8013 0.0287 -3.5336
v  2.6475 0.0003 -3.4532
v  2.6617 0.0003 -3.5171
v  2.7412 0.0302 -3.4720
v  2.6874 0.0308 -3.4522
v  2.5296 0.0003 -3.6008
v  2.6749 0.0003 -3.6008
v  2.5286 0.0003 -3.5099
v  2.7784 0.0294 -3.5005
v  2.9834 0.5557 -3.6008
v  3.0059 0.5950 -3.6008
v  2.9988 0.5950 -3.5378
v  2.9760 0.5580 -3.5362
v  2.9118 0.4429 -3.6008
v  2.9044 0.4515 -3.5357
v  2.5214 0.0000 -3.4430
v  2.6257 0.1198 -3.5286
v  2.6264 0.0827 -3.5293
v  2.6284 0.0555 -3.5176
v  2.7473 0.2365 -3.5317
v  2.7321 0.1795 -3.5305
v  2.7655 0.3174 -3.5298
v  2.9331 0.5950 -3.5378
v  2.9116 0.5580 -3.5362
v  2.8428 0.4515 -3.5357
v  2.4253 0.5950 -3.5378
v  2.6556 0.5950 -3.5378
v  2.6585 0.5950 -3.6008
v  2.4271 0.5950 -3.6008
v  2.6811 0.2365 -3.5317
v  2.6412 0.2365 -3.5317
v  2.6302 0.1795 -3.5305
v  2.6686 0.1795 -3.5305
v  2.6967 0.3174 -3.5298
v  2.6550 0.3174 -3.5298
v  2.8564 0.5950 -3.5378
v  2.8080 0.5950 -3.5378
v  2.7888 0.5580 -3.5362
v  2.8363 0.5580 -3.5362
v  2.7708 0.4515 -3.5357
v  2.7255 0.4515 -3.5357
v  2.9394 0.5950 -3.6008
v  2.8617 0.5950 -3.6008
v  2.6454 0.0501 -3.4506
v  2.6477 0.0106 -3.4459
v  2.6471 0.0024 -3.4474
v  2.6478 0.0308 -3.4454
v  2.5060 0.1198 -3.5286
v  2.5064 0.0827 -3.5293
v  2.5076 0.0555 -3.5176
v  2.8128 0.5950 -3.6008
v  2.5154 0.2365 -3.5317
v  2.5088 0.1795 -3.5305
v  2.5237 0.3174 -3.5298
v  2.6392 0.5580 -3.5362
v  2.5825 0.4515 -3.5357
v  2.5204 0.0501 -3.4392
v  2.5227 0.0106 -3.4345
v  2.5222 0.0024 -3.4360
v  2.5229 0.0308 -3.4339
v  2.3251 0.1198 -3.5286
v  2.3235 0.0825 -3.5275
v  2.3252 0.0555 -3.5176
v  2.3253 0.2365 -3.5317
v  2.3254 0.1795 -3.5305
v  2.3281 0.3174 -3.5298
v  2.4207 0.5723 -3.5327
v  2.3366 0.3599 -3.5315
v  2.4045 0.5360 -3.5336
v  2.3666 0.4541 -3.5357
v  1.9406 0.3998 -3.7690
v  1.9186 0.3761 -3.7074
v  1.8505 0.4649 -3.7110
v  1.8915 0.4701 -3.7787
v  2.3055 0.4656 -3.8018
v  2.3432 0.4587 -3.7444
v  2.3134 0.3718 -3.7372
v  2.2860 0.3928 -3.7765
v  2.2432 0.0003 -3.7215
v  2.3467 0.0003 -3.7072
v  1.9865 0.3289 -3.7131
v  2.0199 0.3640 -3.8024
v  1.9985 0.3460 -3.7615
v  2.2314 0.3920 -3.8012
v  2.2409 0.4647 -3.8394
v  2.1602 0.3849 -3.8178
v  2.1631 0.4617 -3.8630
v  2.0852 0.3772 -3.8206
v  2.0798 0.4595 -3.8656
v  2.0002 0.4609 -3.8505
v  1.9512 0.4665 -3.8291
v  2.2837 0.1560 -3.7617
v  2.3004 0.1559 -3.7368
v  2.3008 0.0850 -3.7358
v  2.2840 0.0851 -3.7623
v  2.3089 0.0569 -3.7376
v  2.2955 0.0540 -3.7628
v  1.9743 0.1565 -3.7198
v  1.9596 0.0836 -3.7303
v  1.9497 0.0381 -3.7357
v  1.9914 0.1566 -3.7581
v  1.9800 0.0837 -3.7711
v  1.9733 0.0387 -3.7784
v  2.0102 0.0839 -3.7966
v  2.0067 0.0394 -3.8050
v  2.0182 0.1568 -3.7823
v  2.0834 0.1568 -3.7976
v  2.0808 0.0843 -3.8122
v  2.0799 0.0407 -3.8210
v  2.1599 0.1569 -3.7979
v  2.1599 0.0846 -3.8102
v  2.1599 0.0419 -3.8191
v  2.2295 0.0849 -3.7935
v  2.2295 0.0434 -3.8023
v  2.2297 0.1570 -3.7838
v  2.2837 0.3583 -3.7620
v  2.3035 0.3167 -3.7367
v  2.2850 0.3102 -3.7615
v  1.9907 0.3030 -3.7131
v  1.9876 0.2527 -3.7144
v  2.0046 0.3182 -3.7556
v  2.0025 0.2619 -3.7532
v  2.0279 0.3315 -3.7851
v  2.0242 0.2715 -3.7787
v  2.0866 0.3430 -3.8012
v  2.0854 0.2767 -3.7941
v  2.1599 0.3508 -3.7999
v  2.1599 0.2817 -3.7956
v  2.2304 0.3575 -3.7852
v  2.2301 0.2879 -3.7833
v  2.2829 0.2388 -3.7614
v  2.3022 0.2372 -3.7367
v  2.1663 0.0003 -3.7294
v  2.0740 0.0003 -3.7452
v  1.9480 0.0094 -3.7367
v  1.9492 0.0025 -3.7362
v  1.9700 0.0008 -3.7338
v  2.3320 0.0000 -3.7769
v  2.2302 0.0008 -3.7941
v  2.2290 0.0024 -3.8015
v  2.3335 0.0024 -3.7830
v  2.2294 0.0103 -3.8031
v  2.3340 0.0106 -3.7845
v  2.1600 0.0008 -3.8047
v  2.1596 0.0024 -3.8182
v  2.1598 0.0100 -3.8198
v  2.0801 0.0024 -3.8202
v  2.0799 0.0098 -3.8218
v  2.0783 0.0008 -3.8077
v  2.0072 0.0024 -3.8044
v  2.0064 0.0096 -3.8058
v  2.0142 0.0012 -3.7977
v  1.9911 0.0008 -3.7770
v  1.9735 0.0024 -3.7784
v  1.9724 0.0094 -3.7794
v  2.3342 0.0308 -3.7850
v  2.4067 0.5940 -3.6634
v  2.3459 0.5247 -3.6902
v  2.2906 0.4170 -3.6431
v  1.8225 0.5759 -3.6586
v  1.8065 0.5913 -3.6621
v  1.8039 0.5777 -3.6619
v  1.8224 0.5913 -3.7208
v  1.8202 0.5776 -3.7204
v  1.8374 0.5759 -3.7140
v  1.8624 0.5758 -3.7645
v  1.8497 0.5912 -3.7745
v  1.8484 0.5775 -3.7739
v  1.8872 0.5910 -3.8204
v  1.8869 0.5774 -3.8197
v  1.8972 0.5757 -3.8078
v  1.9415 0.5755 -3.8414
v  1.9338 0.5908 -3.8561
v  1.9337 0.5772 -3.8554
v  1.9876 0.5905 -3.8816
v  1.9872 0.5770 -3.8810
v  1.9929 0.5753 -3.8653
v  2.3256 0.5750 -3.8218
v  2.2794 0.5755 -3.8550
v  2.2803 0.5888 -3.8549
v  2.3264 0.5883 -3.8216
v  2.2725 0.5736 -3.8397
v  2.3164 0.5752 -3.8082
v  2.2270 0.5892 -3.8807
v  2.2217 0.5740 -3.8641
v  2.2261 0.5759 -3.8806
v  2.3513 0.5772 -3.7720
v  2.3632 0.5878 -3.7835
v  2.3627 0.5741 -3.7838
v  2.3917 0.5882 -3.7317
v  2.3911 0.5740 -3.7322
v  2.3789 0.5806 -3.7227
v  2.1067 0.5765 -3.9013
v  2.0457 0.5767 -3.8963
v  2.0463 0.5903 -3.8968
v  2.1075 0.5899 -3.9017
v  2.0491 0.5750 -3.8796
v  2.1076 0.5747 -3.8841
v  2.1659 0.5744 -3.8789
v  2.1686 0.5896 -3.8963
v  2.1677 0.5762 -3.8961
v  1.8173 0.5403 -3.6891
v  1.8725 0.5402 -3.7924
v  2.3709 0.5354 -3.7549
v  2.3208 0.5383 -3.8173
v  2.1661 0.5395 -3.8899
v  2.2494 0.5392 -3.8622
v  2.0767 0.5397 -3.8924
v  1.9374 0.5400 -3.8498
v  1.9897 0.5399 -3.8749
v  1.8638 0.5261 -3.6718
v  1.9918 0.4071 -3.6412
v  1.9068 0.5260 -3.7548
v  2.0184 0.4075 -3.6884
v  2.3041 0.5244 -3.7575
v  2.2647 0.4107 -3.6890
v  2.1058 0.5254 -3.8337
v  2.2281 0.5249 -3.8098
v  2.1415 0.4091 -3.7336
v  2.2176 0.4101 -3.7203
v  1.9830 0.5258 -3.8107
v  2.0654 0.4081 -3.7203
v  2.1415 0.3310 -3.6392
v  2.2369 0.2992 -3.6298
v  2.2695 0.3567 -3.6629
v  2.2941 0.3619 -3.6250
v  2.3353 0.3407 -3.6422
v  2.3348 0.3551 -3.6170
v  2.1949 0.3417 -3.6765
v  2.2670 0.3180 -3.6580
v  2.3359 0.2931 -3.6258
v  2.3353 0.2906 -3.6264
v  2.3387 0.3115 -3.6476
v  2.3381 0.3115 -3.6511
v  2.3359 0.3398 -3.6403
v  2.3354 0.3517 -3.6168
v  2.3361 0.3347 -3.6181
v  2.3348 0.0473 -3.7705
v  2.6849 0.0501 -3.7442
v  2.6666 0.0555 -3.6841
v  2.7281 0.0553 -3.6846
v  2.7360 0.0491 -3.7263
v  2.7955 0.0517 -3.6674
v  2.7698 0.0479 -3.6995
v  2.6636 0.1198 -3.6731
v  2.7241 0.1202 -3.6702
v  2.7291 0.0826 -3.6701
v  2.6644 0.0827 -3.6723
v  2.7811 0.1208 -3.6651
v  2.7884 0.0834 -3.6638
v  2.7865 0.1795 -3.6678
v  2.8039 0.2365 -3.6677
v  2.8244 0.3174 -3.6699
v  2.7762 0.0008 -3.6664
v  2.7991 0.0024 -3.6676
v  2.8006 0.0100 -3.6682
v  2.7567 0.0008 -3.6975
v  2.7766 0.0024 -3.7000
v  2.7778 0.0102 -3.7010
v  2.7400 0.0024 -3.7279
v  2.7409 0.0104 -3.7293
v  2.7256 0.0008 -3.7240
v  2.6811 0.0008 -3.7428
v  2.6867 0.0024 -3.7474
v  2.6873 0.0106 -3.7489
v  2.8013 0.0287 -3.6681
v  2.6617 0.0003 -3.6845
v  2.6475 0.0003 -3.7484
v  2.6874 0.0308 -3.7495
v  2.7412 0.0302 -3.7296
v  2.5286 0.0003 -3.6918
v  2.7784 0.0294 -3.7011
v  2.9760 0.5580 -3.6654
v  2.9988 0.5950 -3.6638
v  2.9044 0.4515 -3.6660
v  2.5214 0.0000 -3.7586
v  2.6264 0.0827 -3.6723
v  2.6257 0.1198 -3.6731
v  2.6284 0.0555 -3.6841
v  2.7321 0.1795 -3.6712
v  2.7473 0.2365 -3.6700
v  2.7655 0.3174 -3.6719
v  2.9116 0.5580 -3.6654
v  2.9331 0.5950 -3.6638
v  2.8428 0.4515 -3.6660
v  2.4253 0.5950 -3.6638
v  2.6556 0.5950 -3.6638
v  2.6811 0.2365 -3.6700
v  2.6686 0.1795 -3.6712
v  2.6302 0.1795 -3.6712
v  2.6412 0.2365 -3.6700
v  2.6967 0.3174 -3.6719
v  2.6550 0.3174 -3.6719
v  2.8564 0.5950 -3.6638
v  2.8363 0.5580 -3.6654
v  2.7888 0.5580 -3.6654
v  2.8080 0.5950 -3.6638
v  2.7708 0.4515 -3.6660
v  2.7255 0.4515 -3.6660
v  2.6454 0.0501 -3.7510
v  2.6471 0.0024 -3.7543
v  2.6477 0.0106 -3.7558
v  2.6478 0.0308 -3.7563
v  2.5064 0.0827 -3.6723
v  2.5060 0.1198 -3.6731
v  2.5076 0.0555 -3.6841
v  2.5088 0.1795 -3.6712
v  2.5154 0.2365 -3.6700
v  2.5237 0.3174 -3.6719
v  2.6392 0.5580 -3.6654
v  2.5825 0.4515 -3.6660
v  2.5204 0.0501 -3.7625
v  2.5222 0.0024 -3.7657
v  2.5227 0.0106 -3.7672
v  2.5229 0.0308 -3.7677
v  2.3235 0.0825 -3.6742
v  2.3251 0.1198 -3.6731
v  2.3252 0.0555 -3.6841
v  2.3254 0.1795 -3.6712
v  2.3253 0.2365 -3.6700
v  2.3281 0.3174 -3.6719
v  2.4207 0.5723 -3.6689
v  2.3366 0.3599 -3.6702
v  2.3666 0.4541 -3.6660
v  2.4045 0.5360 -3.6680
# 2285 vertices

vn 0.0699 -0.9970 0.0345
vn 0.0810 -0.9912 0.1046
vn 0.0389 -0.9936 0.1059
vn 0.0000 -1.0000 -0.0000
vn 0.0176 -0.9959 0.0884
vn -0.2623 -0.7794 -0.5690
vn -0.0491 -0.9932 -0.1055
vn -0.0158 -0.9886 -0.1497
vn -0.0589 -0.7201 -0.6914
vn 0.0135 -0.9870 -0.1600
vn 0.0686 -0.7058 -0.7051
vn 0.0387 -0.9874 -0.1537
vn 0.1733 -0.7082 -0.6844
vn 0.0700 -0.9870 -0.1446
vn 0.3015 -0.7050 -0.6419
vn 0.0584 -0.9983 -0.0000
vn 0.0602 -0.9981 0.0119
vn 0.1412 -0.9864 -0.0845
vn 0.1080 -0.9861 -0.1263
vn 0.6133 -0.7006 -0.3647
vn 0.4576 -0.6980 -0.5508
vn 0.1729 -0.9849 -0.0000
vn 0.1641 -0.9858 -0.0368
vn 0.7268 -0.6868 -0.0000
vn 0.7049 -0.6940 -0.1464
vn -0.0880 -0.9947 0.0531
vn -0.0976 -0.9949 0.0241
vn -0.0979 -0.9952 -0.0000
vn -0.0476 -0.9953 0.0846
vn -0.0686 -0.9949 0.0736
vn -0.0059 -0.9959 0.0899
vn -0.0257 -0.9957 0.0892
vn 0.0177 -0.9960 0.0871
vn 0.0081 -0.9958 0.0914
vn 0.0211 -0.9981 0.0582
vn 0.0223 -0.9973 0.0695
vn -0.0666 -0.9956 -0.0655
vn -0.4276 -0.8211 -0.3781
vn -0.4923 -0.8382 -0.2347
vn -0.0727 -0.9966 -0.0381
vn 0.0166 -0.9973 0.0717
vn 0.0191 -0.9980 0.0602
vn -0.0774 -0.9968 -0.0178
vn -0.0814 -0.9967 -0.0000
vn -0.5207 -0.8455 -0.1188
vn -0.5370 -0.8436 -0.0000
vn 0.0854 0.9926 0.0867
vn 0.0080 0.9982 0.0600
vn 0.1101 0.8237 0.5563
vn 0.2576 0.7633 0.5924
vn 0.5063 0.8167 0.2768
vn 0.4873 0.6853 0.5412
vn -0.2623 0.7794 -0.5690
vn -0.0589 0.7201 -0.6914
vn -0.0158 0.9886 -0.1497
vn -0.0491 0.9932 -0.1055
vn 0.0686 0.7058 -0.7051
vn 0.0135 0.9870 -0.1600
vn -0.0060 0.9973 0.0726
vn 0.0058 0.9970 0.0776
vn 0.0218 0.9972 0.0712
vn 0.1733 0.7082 -0.6844
vn 0.0387 0.9874 -0.1537
vn 0.3015 0.7050 -0.6419
vn 0.0700 0.9870 -0.1446
vn -0.0383 0.9967 0.0722
vn -0.0199 0.9971 0.0728
vn 0.0000 1.0000 -0.0000
vn 0.0635 0.9980 0.0076
vn 0.0620 0.9981 -0.0000
vn 0.4769 0.8743 0.0907
vn 0.4693 0.8830 -0.0000
vn -0.0769 0.9959 0.0466
vn -0.0585 0.9962 0.0650
vn 0.1080 0.9861 -0.1263
vn 0.1412 0.9864 -0.0845
vn 0.4576 0.6980 -0.5508
vn 0.6133 0.7006 -0.3647
vn -0.0833 0.9965 -0.0000
vn -0.0841 0.9963 0.0201
vn 0.1641 0.9858 -0.0368
vn 0.1729 0.9849 -0.0000
vn 0.7049 0.6940 -0.1464
vn 0.7268 0.6868 -0.0000
vn -0.5592 0.7580 0.3357
vn -0.6255 0.7646 0.1551
vn -0.6360 0.7717 0.0000
vn -0.3092 0.7747 0.5516
vn -0.4402 0.7640 0.4717
vn -0.1691 0.7873 0.5929
vn -0.0388 0.7939 0.6069
vn 0.0555 0.7881 0.6130
vn 0.1204 0.7982 0.5903
vn 0.0288 0.9984 0.0480
vn 0.1606 0.8481 0.5049
vn 0.0132 0.9994 0.0319
vn 0.1587 0.8850 0.4377
vn -0.0666 0.9956 -0.0655
vn -0.0727 0.9966 -0.0381
vn -0.4923 0.8382 -0.2347
vn -0.4276 0.8211 -0.3781
vn 0.1162 0.8602 0.4965
vn 0.0066 0.9988 0.0481
vn 0.0080 0.9992 0.0395
vn 0.1429 0.8831 0.4469
vn -0.0814 0.9967 -0.0000
vn -0.0774 0.9968 -0.0178
vn -0.5370 0.8436 -0.0000
vn -0.5207 0.8455 -0.1188
vn 0.6211 0.3695 0.6912
vn 0.3353 0.3440 0.8771
vn 0.2750 -0.6042 0.7479
vn 0.5395 -0.5858 0.6048
vn 0.1963 0.3426 0.9187
vn 0.1605 -0.6391 0.7522
vn 0.8218 0.3937 0.4119
vn 0.6972 -0.6262 0.3491
vn -0.4167 0.0000 -0.9091
vn -0.0785 0.0000 -0.9969
vn 0.1010 0.0000 -0.9949
vn 0.2455 0.0000 -0.9694
vn 0.4205 0.0000 -0.9073
vn 0.9115 0.4114 -0.0000
vn 0.8947 0.4069 0.1842
vn 0.7507 -0.6422 0.1551
vn 0.7616 -0.6481 -0.0000
vn 0.6343 0.0000 -0.7731
vn 0.8599 0.0000 -0.5105
vn 0.9802 0.0000 -0.1979
vn 1.0000 0.0000 -0.0000
vn -0.7842 0.4061 0.4692
vn -0.8862 0.4067 0.2217
vn -0.7671 -0.6123 0.1915
vn -0.6810 -0.6086 0.4073
vn -0.9123 0.4096 -0.0000
vn -0.7855 -0.6188 -0.0000
vn -0.4492 0.4084 0.7946
vn -0.6253 0.4084 0.6650
vn -0.5400 -0.6148 0.5748
vn -0.3866 -0.6177 0.6848
vn -0.0551 0.4124 0.9093
vn -0.2517 0.4088 0.8772
vn -0.2159 -0.6207 0.7538
vn -0.0468 -0.6247 0.7795
vn 0.1604 0.4171 0.8946
vn 0.0839 0.4173 0.9049
vn 0.0720 -0.6316 0.7719
vn 0.1365 -0.6369 0.7588
vn 0.2983 0.4077 0.8630
vn 0.2346 0.4138 0.8796
vn 0.1974 -0.6454 0.7379
vn 0.2465 -0.6575 0.7120
vn -0.9092 0.0000 -0.4164
vn -0.7620 0.0000 -0.6476
vn 0.1913 -0.6624 0.7243
vn 0.2372 0.3680 0.8990
vn 0.3020 0.3939 0.8681
vn 0.2453 -0.6642 0.7061
vn -1.0000 0.0000 -0.0000
vn -0.9748 0.0000 -0.2230
vn 0.8558 0.3071 0.4163
vn 0.9107 0.3698 0.1840
vn 0.8632 0.2454 0.4412
vn 0.9464 0.2551 0.1983
vn 0.9664 0.2571 -0.0000
vn 0.9240 0.3825 -0.0000
vn 0.6470 0.2522 0.7196
vn 0.6372 0.2277 0.7363
vn 0.1989 0.2614 0.9445
vn 0.3294 0.2134 0.9198
vn 0.2030 0.1884 0.9609
vn 0.3352 0.1959 0.9216
vn 0.3008 0.3565 0.8845
vn 0.3021 0.3495 0.8869
vn 0.3141 0.2447 0.9173
vn 0.3134 0.2276 0.9219
vn 0.2444 0.2031 0.9482
vn 0.2396 0.3066 0.9212
vn 0.1719 0.2447 0.9542
vn 0.2441 0.3103 0.9188
vn 0.1709 0.2553 0.9516
vn 0.2496 0.2540 0.9344
vn -0.0568 0.2463 0.9675
vn 0.0909 0.2338 0.9680
vn -0.0575 0.2595 0.9640
vn 0.0897 0.2578 0.9620
vn -0.4780 0.2272 0.8484
vn -0.2660 0.2408 0.9334
vn -0.4752 0.2574 0.8414
vn -0.2661 0.2578 0.9288
vn -0.8383 0.2152 0.5009
vn -0.6681 0.2168 0.7118
vn -0.8285 0.2600 0.4961
vn -0.6611 0.2580 0.7046
vn -0.9750 0.2222 -0.0000
vn -0.9467 0.2196 0.2356
vn -0.9664 0.2570 -0.0000
vn -0.9374 0.2585 0.2332
vn 0.2935 0.5142 0.8059
vn 0.5350 0.5746 0.6194
vn 0.1802 0.4974 0.8486
vn 0.7101 0.6036 0.3626
vn 0.7689 0.6189 0.1608
vn 0.7833 0.6216 -0.0000
vn -0.7579 0.6245 0.1888
vn -0.6684 0.6270 0.4002
vn -0.7832 0.6217 0.0000
vn -0.5351 0.6234 0.5701
vn -0.3849 0.6226 0.6814
vn -0.2155 0.6231 0.7518
vn -0.0467 0.6256 0.7787
vn 0.0726 0.6223 0.7794
vn 0.1389 0.6182 0.7737
vn 0.2035 0.6162 0.7608
vn 0.2604 0.6005 0.7560
vn 0.2143 0.5252 0.8235
vn 0.2668 0.5707 0.7766
vn 0.6359 -0.7564 -0.1537
vn -0.3387 -0.9377 0.0777
vn -0.4469 -0.8437 0.2974
vn 0.5456 -0.7480 -0.3779
vn -0.3311 -0.8022 0.4968
vn 0.3625 -0.7550 -0.5464
vn -0.0738 -0.8273 0.5569
vn 0.0885 -0.7349 -0.6724
vn 0.1811 -0.7976 0.5754
vn -0.1936 -0.7584 -0.6223
vn 0.3623 -0.8624 0.3535
vn -0.4749 -0.7314 -0.4894
vn 0.3258 -0.9407 0.0942
vn -0.6297 -0.7529 -0.1911
vn -0.9594 -0.1374 0.2463
vn -0.7134 -0.6784 0.1757
vn -0.6528 -0.6515 0.3865
vn -0.8335 -0.1668 0.5268
vn -0.1560 -0.9868 0.0438
vn -0.2003 -0.9685 0.1483
vn 0.1240 -0.9914 0.0414
vn 0.6721 -0.7128 0.2004
vn 0.5650 -0.6779 0.4703
vn 0.1382 -0.9799 0.1439
vn 0.9369 -0.1951 0.2902
vn 0.7338 -0.2141 0.6447
vn -0.4465 -0.6339 0.6315
vn -0.5685 -0.1898 0.8005
vn -0.1562 -0.9686 0.1933
vn -0.0334 -0.9768 0.2116
vn -0.1054 -0.6451 0.7568
vn -0.1327 -0.2043 0.9699
vn 0.2621 -0.6533 0.7103
vn 0.3417 -0.2076 0.9166
vn 0.0890 -0.9756 0.2007
vn -0.0014 -0.9999 0.0118
vn 0.0165 -0.9998 0.0127
vn -0.0237 -0.9996 0.0138
vn -0.9733 -0.0365 0.2267
vn -0.8501 -0.0620 0.5230
vn -0.8157 -0.2076 0.5400
vn -0.8754 -0.4373 0.2059
vn -0.9691 -0.0400 0.2436
vn -0.8443 -0.0726 0.5309
vn 0.9553 -0.0896 0.2819
vn 0.7369 -0.1087 0.6672
vn 0.7427 -0.1230 0.6582
vn 0.9512 -0.1002 0.2919
vn 0.8476 -0.4644 0.2566
vn 0.6874 -0.2266 0.6900
vn -0.5686 -0.0885 0.8179
vn -0.5483 -0.1577 0.8213
vn -0.5741 -0.0989 0.8128
vn -0.1337 -0.1134 0.9845
vn -0.1327 -0.1025 0.9858
vn -0.1276 -0.1672 0.9776
vn 0.3223 -0.1084 0.9404
vn 0.2964 -0.1657 0.9406
vn 0.3409 -0.1198 0.9324
vn -0.9670 -0.0822 0.2410
vn -0.7396 -0.6475 0.1837
vn -0.6300 -0.6401 0.4397
vn -0.8172 -0.0826 0.5704
vn -0.1388 -0.9898 0.0324
vn -0.1194 -0.9893 0.0835
vn -0.4223 -0.6434 0.6385
vn -0.5499 -0.0809 0.8313
vn -0.0800 -0.9894 0.1212
vn -0.0194 -0.9884 0.1505
vn -0.1011 -0.6287 0.7710
vn -0.1299 -0.0821 0.9881
vn 0.2275 -0.6457 0.7289
vn 0.2970 -0.0805 0.9515
vn 0.0422 -0.9895 0.1383
vn 0.1022 -0.9889 0.1076
vn 0.5383 -0.6306 0.5591
vn 0.6912 -0.0857 0.7176
vn 0.7277 -0.6466 0.2289
vn 0.9500 -0.0837 0.3009
vn 0.1370 -0.9898 0.0391
vn -0.6621 -0.7213 -0.2035
vn -0.1070 -0.9936 -0.0355
vn -0.0690 -0.9951 -0.0707
vn -0.4582 -0.7529 -0.4725
vn -0.2098 -0.7095 -0.6728
vn -0.0364 -0.9927 -0.1146
vn 0.0139 -0.9944 -0.1046
vn 0.0879 -0.7397 -0.6672
vn 0.3868 -0.7143 -0.5832
vn 0.0651 -0.9931 -0.0980
vn 0.0919 -0.9937 -0.0636
vn 0.5654 -0.7258 -0.3918
vn 0.6801 -0.7142 -0.1657
vn 0.1133 -0.9931 -0.0291
vn -0.9047 0.3610 0.2261
vn -0.9685 0.0616 0.2411
vn -0.8185 0.0612 0.5713
vn -0.7662 0.3570 0.5343
vn -0.5507 0.0599 0.8326
vn -0.5164 0.3528 0.7803
vn -0.1300 0.0609 0.9896
vn -0.1221 0.3529 0.9277
vn 0.2974 0.0595 0.9529
vn 0.2794 0.3517 0.8934
vn 0.6923 0.0633 0.7189
vn 0.6471 0.3614 0.6713
vn 0.8879 0.3632 0.2825
vn 0.7202 0.6597 0.2149
vn 0.5236 0.6646 0.5331
vn 0.9516 0.0623 0.3008
vn -0.4091 0.9079 0.0910
vn -0.7343 0.6562 0.1737
vn -0.6241 0.6539 0.4277
vn -0.3553 0.9025 0.2434
vn -0.0224 0.9996 0.0142
vn -0.4226 0.6463 0.6353
vn -0.2344 0.9053 0.3543
vn -0.0992 0.6511 0.7525
vn -0.0562 0.8996 0.4330
vn -0.0014 0.9999 0.0152
vn 0.1241 0.9072 0.4019
vn 0.0139 0.9998 0.0131
vn 0.2287 0.6440 0.7301
vn 0.3048 0.9007 0.3096
vn 0.4011 0.9094 0.1105
vn 0.9211 -0.3775 0.0956
vn 0.4302 -0.9019 0.0382
vn 0.9618 -0.2737 -0.0000
vn 0.5194 -0.8546 -0.0000
vn -0.6264 -0.7777 -0.0526
vn -0.6303 -0.7764 0.0000
vn -0.7229 -0.6909 -0.0000
vn -0.7227 -0.6884 -0.0615
vn -0.1294 -0.9916 -0.0000
vn -0.1301 -0.9914 -0.0117
vn 0.1365 -0.9906 0.0112
vn 0.1376 -0.9905 0.0000
vn 0.7468 -0.6618 0.0651
vn 0.9930 -0.0800 0.0867
vn 0.7513 -0.6600 0.0000
vn 0.9968 -0.0801 -0.0000
vn 0.9944 0.0603 0.0867
vn 0.9981 0.0609 0.0000
vn 0.9292 0.3606 0.0814
vn 0.9318 0.3630 0.0000
vn 0.7562 0.6544 -0.0000
vn 0.7572 0.6503 0.0603
vn 0.3951 0.9182 0.0296
vn 0.0135 0.9999 0.0005
vn 0.3947 0.9188 -0.0000
vn 0.0131 0.9999 -0.0000
vn -0.0000 1.0000 -0.0000
vn -0.3941 0.9191 0.0000
vn -0.3969 0.9176 0.0195
vn -0.0188 0.9998 0.0005
vn -0.0183 0.9998 0.0000
vn -0.7532 0.6578 -0.0000
vn -0.7556 0.6539 0.0395
vn -0.9300 0.3635 0.0550
vn -0.9305 0.3663 0.0000
vn -0.9981 0.0615 0.0000
vn -0.9964 0.0609 0.0588
vn -0.9967 -0.0806 -0.0000
vn -0.9950 -0.0804 0.0588
vn -0.7477 -0.6640 -0.0000
vn -0.7466 -0.6639 0.0440
vn -0.1353 -0.9908 -0.0000
vn -0.1354 -0.9908 0.0076
vn 0.1304 -0.9915 -0.0000
vn 0.1306 -0.9914 -0.0078
vn 0.7247 -0.6878 -0.0415
vn 0.7253 -0.6884 0.0000
vn 0.6252 -0.7805 -0.0000
vn 0.6252 -0.7796 -0.0354
vn -0.5263 -0.8503 -0.0000
vn -0.4369 -0.8991 0.0269
vn -0.9999 -0.0130 0.0000
vn -0.9938 -0.0209 0.1092
vn -0.9335 -0.3510 0.0726
vn -0.9687 -0.2483 -0.0000
vn -0.9997 -0.0227 0.0000
vn -0.9924 -0.0273 0.1199
vn -0.9929 -0.1190 0.0000
vn -0.9847 -0.1240 0.1223
vn -0.7260 -0.6877 -0.0000
vn -0.7167 -0.6918 0.0878
vn -0.1284 -0.9917 -0.0000
vn -0.1333 -0.9910 0.0144
vn -0.0165 -0.9999 0.0009
vn -0.0157 -0.9999 -0.0000
vn 0.1034 -0.9946 0.0000
vn 0.1075 -0.9941 0.0140
vn 0.0128 -0.9999 0.0009
vn 0.0122 -0.9999 -0.0000
vn 0.6946 -0.7194 0.0000
vn 0.6813 -0.7250 0.1011
vn 0.9841 -0.1777 0.0000
vn 0.9724 -0.1821 0.1461
vn 0.9856 -0.0875 0.1449
vn 0.9883 -0.0727 0.1341
vn 0.9966 -0.0829 0.0000
vn 0.9979 -0.0642 -0.0000
vn -0.1875 0.7950 -0.5769
vn -0.3566 0.7950 -0.4907
vn -0.4013 0.7307 -0.5523
vn -0.2110 0.7307 -0.6493
vn -0.4908 0.7950 -0.3565
vn -0.5523 0.7307 -0.4013
vn -0.5769 0.7950 -0.1875
vn -0.6493 0.7307 -0.2110
vn -0.6066 0.7950 -0.0000
vn -0.6827 0.7307 -0.0000
vn 0.6066 0.7950 -0.0000
vn 0.5769 0.7950 -0.1875
vn 0.6493 0.7307 -0.2110
vn 0.6827 0.7307 -0.0000
vn 0.4908 0.7950 -0.3566
vn 0.5523 0.7307 -0.4013
vn 0.3566 0.7950 -0.4908
vn 0.4013 0.7307 -0.5523
vn 0.1875 0.7950 -0.5769
vn 0.2110 0.7307 -0.6493
vn 0.0000 0.7950 -0.6066
vn 0.0000 0.7307 -0.6827
vn 0.2446 0.9093 0.3366
vn 0.1286 0.9093 0.3957
vn 0.3366 0.9093 0.2446
vn 0.3957 0.9093 0.1286
vn 0.4161 0.9093 0.0000
vn -0.3957 0.9093 0.1286
vn -0.4161 0.9093 -0.0000
vn -0.3366 0.9093 0.2446
vn -0.2446 0.9093 0.3366
vn -0.1286 0.9093 0.3957
vn -0.0000 0.9093 0.4161
vn 0.2710 0.4807 0.8340
vn 0.1065 0.9388 0.3277
vn -0.0000 0.9388 0.3446
vn -0.0000 0.4807 0.8769
vn 0.5154 0.4807 0.7094
vn 0.2025 0.9388 0.2788
vn 0.7094 0.4807 0.5154
vn 0.2788 0.9388 0.2025
vn 0.8340 0.4807 0.2710
vn 0.3277 0.9388 0.1065
vn 0.8769 0.4807 -0.0000
vn 0.3446 0.9388 -0.0000
vn -0.3446 0.9388 -0.0000
vn -0.8769 0.4807 -0.0000
vn -0.8340 0.4807 0.2710
vn -0.3277 0.9388 0.1065
vn -0.7094 0.4807 0.5154
vn -0.2788 0.9388 0.2025
vn -0.5154 0.4807 0.7094
vn -0.2025 0.9388 0.2788
vn -0.2710 0.4807 0.8340
vn -0.1065 0.9388 0.3277
vn 0.1575 -0.8604 0.4847
vn 0.2996 -0.8604 0.4123
vn 0.5406 -0.3924 0.7441
vn 0.2842 -0.3924 0.8748
vn 0.4123 -0.8604 0.2996
vn 0.7441 -0.3924 0.5406
vn 0.4847 -0.8604 0.1575
vn 0.8748 -0.3924 0.2842
vn 0.5097 -0.8604 -0.0000
vn 0.9198 -0.3924 -0.0000
vn -0.5097 -0.8604 -0.0000
vn -0.4847 -0.8604 0.1575
vn -0.8748 -0.3924 0.2842
vn -0.9198 -0.3924 -0.0000
vn -0.4123 -0.8604 0.2996
vn -0.7441 -0.3924 0.5406
vn -0.2996 -0.8604 0.4123
vn -0.5406 -0.3924 0.7441
vn -0.1575 -0.8604 0.4847
vn -0.2842 -0.3924 0.8748
vn -0.0000 -0.8604 0.5097
vn -0.0000 -0.3924 0.9198
vn 0.3320 0.8252 0.4569
vn 0.1745 0.8252 0.5372
vn 0.0000 0.8252 0.5648
vn 0.4569 0.8252 0.3320
vn 0.5372 0.8252 0.1745
vn 0.5648 0.8252 -0.0000
vn -0.5372 0.8252 0.1745
vn -0.5648 0.8252 0.0000
vn -0.4569 0.8252 0.3320
vn -0.3320 0.8252 0.4569
vn -0.1745 0.8252 0.5372
vn -0.0000 1.0000 0.0000
vn 0.5230 0.8517 0.0318
vn 0.9238 0.3816 0.0318
vn 0.9239 0.3827 0.0000
vn 0.5225 0.8527 -0.0000
vn 0.9717 -0.2342 0.0318
vn 0.9724 -0.2334 -0.0000
vn 0.6484 -0.7606 0.0318
vn 0.6495 -0.7604 -0.0000
vn 0.0775 -0.9965 0.0318
vn 0.0785 -0.9969 0.0000
vn -0.5230 -0.8517 0.0318
vn -0.5225 -0.8526 0.0000
vn -0.9238 -0.3816 0.0318
vn -0.9239 -0.3827 -0.0000
vn -0.9717 0.2342 0.0318
vn -0.9724 0.2334 -0.0000
vn -0.6484 0.7606 0.0318
vn -0.6495 0.7604 -0.0000
vn -0.0775 0.9965 0.0318
vn -0.0785 0.9969 -0.0000
vn 0.4072 -0.6944 0.5933
vn 0.8149 -0.0168 0.5793
vn 0.0718 -0.0047 0.9974
vn 0.4184 0.6870 0.5941
vn 0.4271 0.4349 0.7927
vn 0.0568 -0.0023 0.9984
vn 0.0437 0.7314 0.6806
vn 0.3305 0.8269 0.4549
vn 0.3728 -0.6311 0.6803
vn 0.0482 -0.9988 -0.0000
vn 0.5193 -0.8546 -0.0000
vn 0.5165 -0.8563 -0.0000
vn 0.0406 -0.9992 0.0052
vn 0.5136 -0.8579 0.0147
vn 0.0094 -0.9998 0.0189
vn 0.5314 0.8470 0.0160
vn 0.5325 0.8464 -0.0000
vn 0.0145 0.9999 0.0007
vn 0.0086 0.9995 0.0299
vn 0.5326 0.8464 -0.0000
vn 0.0154 0.9999 -0.0000
vn 0.0282 0.9996 -0.0000
vn 0.0278 0.9996 0.0022
vn -0.0236 0.9997 0.0114
vn 0.9998 -0.0214 0.0000
vn 0.9997 -0.0213 0.0128
vn -0.5097 0.8603 -0.0000
vn -0.5168 0.8470 -0.1248
vn -0.2667 0.9610 -0.0728
vn -0.2633 0.9647 -0.0000
vn -0.5262 0.8061 -0.2707
vn -0.2677 0.9517 -0.1501
vn -0.0627 0.9975 -0.0322
vn -0.0463 0.9989 -0.0090
vn -0.0418 0.9991 -0.0000
vn -0.0502 0.9943 -0.0942
vn -0.0697 0.9948 -0.0742
vn -0.2594 0.9328 -0.2503
vn -0.1921 0.9124 -0.3614
vn -0.4976 0.7377 -0.4563
vn -0.3562 0.6621 -0.6593
vn 0.0320 0.6057 -0.7950
vn 0.0165 0.8945 -0.4467
vn -0.0854 0.8987 -0.4302
vn -0.1500 0.6194 -0.7706
vn 0.0021 0.9935 -0.1140
vn -0.0245 0.9936 -0.1103
vn 0.0551 0.9929 -0.1058
vn 0.0285 0.9933 -0.1119
vn 0.1137 0.8903 -0.4410
vn 0.2095 0.8830 -0.4201
vn 0.2006 0.5921 -0.7805
vn 0.3619 0.5725 -0.7357
vn 0.7004 0.5524 -0.4520
vn 0.4094 0.8736 -0.2632
vn 0.3113 0.8749 -0.3711
vn 0.5306 0.5539 -0.6417
vn 0.1044 0.9923 -0.0661
vn 0.0820 0.9923 -0.0929
vn 0.1256 0.9921 -0.0000
vn 0.1197 0.9923 -0.0325
vn 0.4684 0.8752 -0.1205
vn 0.4829 0.8757 0.0000
vn 0.8033 0.5599 -0.2030
vn 0.8267 0.5627 -0.0000
vn 0.2227 0.9575 0.1834
vn 0.4996 0.7489 0.4354
vn 0.2301 0.9330 0.2769
vn 0.4471 0.6980 0.5594
vn 0.1612 0.9237 0.3477
vn 0.3218 0.6712 0.6678
vn 0.0724 0.9206 0.3838
vn 0.1491 0.6542 0.7415
vn -0.0155 0.9189 0.3942
vn -0.0234 0.6477 0.7615
vn -0.1063 0.9176 0.3831
vn -0.2011 0.6418 0.7400
vn -0.1962 0.9144 0.3542
vn -0.3750 0.6289 0.6810
vn -0.2800 0.9105 0.3043
vn -0.5333 0.6154 0.5803
vn -0.3554 0.9077 0.2232
vn -0.6697 0.6119 0.4208
vn -0.4005 0.9095 0.1112
vn -0.7570 0.6184 0.2112
vn -0.4101 0.9120 0.0000
vn -0.7820 0.6232 0.0000
vn -0.8212 0.2440 0.5159
vn -0.6558 0.2512 0.7119
vn -0.4646 0.2731 0.8424
vn -0.0273 0.3078 0.9510
vn -0.2500 0.2944 0.9224
vn 0.1892 0.3228 0.9274
vn 0.4084 0.3533 0.8417
vn 0.5728 0.4020 0.7143
vn 0.6803 0.4469 0.5809
vn -0.9651 0.2621 -0.0000
vn -0.9313 0.2542 0.2609
vn -0.0010 -1.0000 -0.0005
vn -0.0005 -1.0000 -0.0000
vn 0.1131 -0.9926 0.0448
vn 0.0768 -0.9951 0.0624
vn 0.0623 -0.9949 0.0791
vn -0.0013 -1.0000 -0.0011
vn 0.0455 -0.9942 0.0970
vn -0.0010 -1.0000 -0.0013
vn 0.0204 -0.9944 0.1041
vn -0.0006 -1.0000 -0.0021
vn -0.0035 -0.9945 0.1043
vn -0.0000 -1.0000 -0.0023
vn -0.0274 -0.9946 0.0999
vn 0.0005 -1.0000 -0.0023
vn -0.0511 -0.9944 0.0921
vn 0.0011 -1.0000 -0.0023
vn -0.0738 -0.9940 0.0802
vn 0.0017 -1.0000 -0.0020
vn -0.0947 -0.9937 0.0598
vn 0.0020 -1.0000 -0.0013
vn -0.1064 -0.9939 0.0298
vn 0.0024 -1.0000 -0.0006
vn -0.1083 -0.9941 -0.0000
vn 0.0027 -1.0000 -0.0000
vn -0.1171 -0.9913 -0.0595
vn -0.8463 -0.3058 -0.4361
vn -0.9369 -0.2668 -0.2259
vn -0.1210 -0.9922 -0.0287
vn -0.9684 -0.2493 0.0000
vn -0.1236 -0.9923 -0.0000
vn -0.1043 -0.9901 -0.0944
vn -0.6797 -0.3699 -0.6334
vn -0.0721 -0.9889 -0.1297
vn -0.4173 -0.4287 -0.8013
vn -0.0313 -0.9876 -0.1539
vn -0.1621 -0.4401 -0.8832
vn 0.0055 -0.9878 -0.1559
vn 0.0423 -0.4498 -0.8921
vn 0.0385 -0.9878 -0.1511
vn 0.2245 -0.4582 -0.8601
vn 0.0705 -0.9872 -0.1429
vn 0.3909 -0.4679 -0.7927
vn 0.1052 -0.9864 -0.1260
vn 0.5587 -0.4787 -0.6773
vn 0.1371 -0.9867 -0.0878
vn 0.7326 -0.4892 -0.4732
vn 0.1579 -0.9866 -0.0402
vn 0.8510 -0.4798 -0.2134
vn 0.1646 -0.9864 -0.0000
vn 0.8833 -0.4687 0.0000
vn -0.5322 -0.6162 0.5806
vn -0.6679 -0.6141 0.4205
vn -0.3803 -0.6089 0.6962
vn -0.2054 -0.6003 0.7730
vn -0.0184 -0.5935 0.8046
vn 0.1684 -0.5849 0.7934
vn 0.3697 -0.5647 0.7378
vn 0.5278 -0.5529 0.6448
vn 0.6974 -0.5135 0.4999
vn 0.3366 -0.9314 0.1387
vn -0.7624 -0.6108 0.2137
vn -0.7918 -0.6107 -0.0000
vn -0.0007 -1.0000 -0.0000
vn 0.1001 -0.9950 0.0000
vn 0.0978 -0.9950 0.0217
vn 0.4067 -0.9076 0.1044
vn 0.3242 -0.9433 0.0720
vn 0.4135 -0.9105 0.0000
vn 0.3191 -0.9477 -0.0000
vn 0.1704 0.9854 0.0000
vn 0.2019 0.9794 -0.0000
vn 0.1899 0.9807 0.0465
vn 0.1713 0.9839 0.0514
vn 0.0270 -0.7405 0.6715
vn -0.4456 -0.1143 0.8879
vn -0.4622 -0.0087 0.8867
vn -0.0569 0.2151 0.9749
vn -0.0199 -0.0051 0.9998
vn 0.0550 -0.2156 0.9749
vn -0.2379 -0.2273 0.9443
vn -0.9678 -0.2518 -0.0000
vn -0.7697 -0.6384 -0.0000
vn -0.6051 -0.5223 0.6009
vn -0.7873 -0.2049 0.5815
vn -0.9832 0.1824 -0.0000
vn -0.7828 0.1614 0.6009
vn 0.2535 -0.9368 0.2412
vn -0.2025 -0.5905 0.7812
vn 0.2865 -0.7364 0.6129
vn 0.1607 -0.9864 0.0355
vn 0.1520 -0.8027 0.5767
vn -0.3169 0.9479 0.0323
vn -0.4874 0.8618 -0.1406
vn -0.4887 0.7584 -0.4313
vn -0.6782 0.7348 -0.0000
vn -0.5838 0.6047 -0.5417
vn -0.2343 -0.9722 -0.0002
vn -0.1931 -0.8207 0.5378
vn -0.3861 0.9225 0.0016
vn -0.5866 0.8099 0.0066
vn -0.3295 -0.9442 -0.0000
vn -0.1536 -0.9881 -0.0000
vn -0.1036 -0.9946 0.0039
vn -0.3197 -0.9474 -0.0122
vn 0.0181 -0.9998 0.0040
vn -0.1453 -0.9834 -0.1086
vn -0.2518 0.9678 -0.0000
vn -0.7107 0.7035 -0.0000
vn -0.7077 0.7063 -0.0145
vn -0.2686 0.9632 -0.0003
vn -0.8239 0.1531 -0.5456
vn -0.9639 0.0210 0.2654
vn -0.5700 0.6768 0.4659
vn -0.2582 0.7750 0.5768
vn -0.5682 0.6228 0.5379
vn -0.2125 0.1741 0.9615
vn -0.1993 -0.0518 0.9786
vn -0.1010 -0.2555 0.9615
vn 0.9974 -0.0076 0.0717
vn 0.9999 -0.0121 -0.0000
vn 0.9994 0.0359 -0.0000
vn 0.9975 0.0377 0.0590
vn 0.9875 0.1577 -0.0000
vn 0.9863 0.1471 0.0743
vn 0.9941 -0.0829 0.0697
vn 0.9969 -0.0792 -0.0000
vn 0.9988 -0.0480 -0.0000
vn 0.9958 -0.0462 0.0787
vn 0.9901 -0.1402 0.0000
vn 0.9939 -0.1103 0.0000
vn 0.9915 -0.1163 0.0579
vn 0.9891 -0.1408 0.0426
vn 0.8824 0.4704 -0.0000
vn 0.8807 0.4541 0.1349
vn 0.8747 0.3958 0.2797
vn 0.9633 -0.2563 0.0798
vn 0.9763 -0.1927 0.0988
vn 0.9005 -0.3680 0.2315
vn 0.8713 -0.4833 0.0849
vn 0.9691 -0.1819 0.1665
vn 0.8554 -0.3320 0.3977
vn 0.9677 -0.1407 0.2092
vn 0.8463 -0.2430 0.4740
vn 0.9695 -0.0898 0.2281
vn 0.8461 -0.1389 0.5147
vn 0.9706 -0.0403 0.2373
vn 0.8495 -0.0236 0.5270
vn 0.9728 0.0124 0.2313
vn 0.8528 0.0986 0.5128
vn 0.9732 0.0729 0.2179
vn 0.8525 0.2199 0.4742
vn 0.9714 0.1585 0.1767
vn 0.8525 0.3307 0.4049
vn 0.6712 -0.6088 0.4229
vn 0.5565 -0.8205 0.1307
vn 0.4490 -0.5280 0.7209
vn 0.4953 -0.3690 0.7865
vn 0.5160 -0.1911 0.8350
vn 0.5213 -0.0018 0.8534
vn 0.5286 0.1972 0.8256
vn 0.5284 0.3896 0.7543
vn 0.5256 0.5620 0.6387
vn 0.5297 0.7105 0.4633
vn 0.5409 0.8079 0.2340
vn 0.5471 0.8370 0.0000
vn 0.9601 -0.2795 -0.0000
vn 0.9858 -0.1682 -0.0000
vn -0.9970 0.0025 -0.0779
vn -0.9972 -0.0481 -0.0565
vn -0.9985 -0.0541 -0.0000
vn -1.0000 0.0078 -0.0000
vn -0.9933 0.0870 -0.0757
vn -0.9952 0.0461 -0.0858
vn -0.9988 0.0481 0.0000
vn -0.9965 0.0831 -0.0000
vn -0.9915 0.1303 0.0000
vn -0.9904 0.1272 -0.0538
vn -0.9607 -0.2777 0.0000
vn -0.9593 -0.2695 -0.0843
vn -0.9001 -0.4165 -0.1278
vn -0.9016 -0.4326 -0.0000
vn -0.9543 -0.2391 -0.1794
vn -0.8955 -0.3639 -0.2563
vn -0.6323 0.7747 -0.0000
vn -0.6562 0.7495 -0.0881
vn -0.9644 0.2426 -0.1056
vn -0.9641 0.2656 0.0000
vn -0.7464 0.5811 -0.3242
vn -0.8237 0.5157 -0.2356
vn -0.8457 0.3553 -0.3982
vn -0.9342 0.2490 -0.2557
vn -0.8647 0.2423 -0.4400
vn -0.9404 0.1713 -0.2937
vn -0.8754 0.1350 -0.4642
vn -0.9457 0.1029 -0.3084
vn -0.8804 0.0282 -0.4734
vn -0.9476 0.0360 -0.3173
vn -0.8851 -0.0808 -0.4583
vn -0.9508 -0.0342 -0.3078
vn -0.8872 -0.1874 -0.4216
vn -0.9517 -0.1093 -0.2869
vn -0.8897 -0.2837 -0.3576
vn -0.9537 -0.1737 -0.2455
vn -0.8279 0.5608 -0.0000
vn -0.9990 -0.0448 -0.0000
vn -0.9990 -0.0375 -0.0243
vn -0.8263 0.5453 0.1409
vn -0.9985 -0.0259 -0.0491
vn -0.8280 0.4866 0.2785
vn -0.9971 -0.0144 -0.0754
vn -0.8377 0.3935 0.3786
vn -0.9957 0.0052 -0.0921
vn -0.8505 0.2885 0.4397
vn -0.9946 0.0276 -0.0998
vn -0.8601 0.1756 0.4789
vn -0.9937 0.0512 -0.0997
vn -0.8635 0.0597 0.5008
vn -0.9926 0.0772 -0.0939
vn -0.8675 -0.0521 0.4946
vn -0.9931 0.1002 -0.0602
vn -0.8645 -0.1628 0.4755
vn -0.9944 0.1039 -0.0179
vn -0.8403 -0.2597 0.4758
vn -0.3471 -0.5293 0.7741
vn -0.2826 -0.3875 0.8775
vn 0.2137 -0.7571 0.6174
vn -0.2506 -0.1837 0.9505
vn -0.2427 0.0355 0.9694
vn -0.2342 0.2614 0.9364
vn -0.2232 0.4761 0.8506
vn -0.2106 0.6666 0.7151
vn -0.1976 0.8325 0.5176
vn -0.1889 0.9462 0.2627
vn -0.1871 0.9823 -0.0000
vn 0.5112 -0.8503 0.1253
vn 0.0417 -0.9987 0.0290
vn 0.0028 -1.0000 0.0000
vn 0.6016 -0.7988 -0.0000
vn -0.0884 -0.9131 -0.3981
vn -0.5732 -0.2878 -0.7672
vn -0.7802 -0.5858 -0.2192
vn -0.2150 -0.8126 -0.5418
vn -0.0495 -0.2500 -0.9670
vn 0.0000 0.0000 -1.0000
vn -0.4897 -0.1274 -0.8626
vn -0.9365 -0.2437 -0.2521
vn -0.6448 -0.5353 -0.5456
vn -0.1896 -0.1622 -0.9684
vn -0.7977 -0.2076 -0.5662
vn -0.2187 -0.0569 -0.9741
vn -0.2446 0.0492 -0.9684
vn -0.1651 0.1942 -0.9670
vn -0.6407 -0.0277 -0.7673
vn -0.9797 0.1086 -0.1687
vn -0.9989 0.0418 -0.0235
vn -0.9992 0.0404 -0.0000
vn -0.9674 -0.2517 -0.0271
vn -0.8518 -0.5233 -0.0235
vn -0.8528 -0.5222 -0.0000
vn 0.5147 0.8383 0.1800
vn 0.9091 0.3756 0.1800
vn 0.9563 -0.2305 0.1800
vn 0.6382 -0.7486 0.1800
vn 0.0763 -0.9807 0.1800
vn -0.5147 -0.8382 0.1800
vn -0.9091 -0.3756 0.1800
vn -0.9563 0.2305 0.1800
vn -0.6381 0.7486 0.1800
vn -0.0763 0.9807 0.1800
vn 0.6050 0.2500 0.7560
vn 0.3426 0.5579 0.7559
vn -0.0000 0.0000 1.0000
vn 0.6364 -0.1534 0.7559
vn 0.4247 -0.4982 0.7559
vn 0.0508 -0.6526 0.7560
vn -0.3425 -0.5578 0.7560
vn -0.6050 -0.2500 0.7560
vn -0.6364 0.1534 0.7560
vn -0.4247 0.4982 0.7559
vn -0.0508 0.6527 0.7559
vn 0.8723 -0.4889 -0.0000
vn 0.0699 -0.9970 -0.0345
vn 0.0389 -0.9936 -0.1059
vn 0.0810 -0.9912 -0.1046
vn 0.0176 -0.9959 -0.0884
vn -0.2623 -0.7794 0.5690
vn -0.0589 -0.7201 0.6914
vn -0.0158 -0.9886 0.1497
vn -0.0491 -0.9932 0.1055
vn 0.0135 -0.9870 0.1600
vn 0.0686 -0.7058 0.7051
vn 0.1733 -0.7082 0.6844
vn 0.0387 -0.9874 0.1537
vn 0.0700 -0.9870 0.1446
vn 0.3015 -0.7050 0.6419
vn 0.0602 -0.9981 -0.0119
vn 0.1080 -0.9861 0.1263
vn 0.1412 -0.9864 0.0845
vn 0.4576 -0.6980 0.5508
vn 0.6133 -0.7006 0.3647
vn 0.1641 -0.9858 0.0368
vn 0.7049 -0.6940 0.1464
vn -0.0880 -0.9947 -0.0531
vn -0.0976 -0.9949 -0.0241
vn -0.0476 -0.9953 -0.0846
vn -0.0686 -0.9949 -0.0736
vn -0.0257 -0.9957 -0.0892
vn -0.0059 -0.9959 -0.0899
vn 0.0081 -0.9958 -0.0914
vn 0.0177 -0.9960 -0.0871
vn 0.0223 -0.9973 -0.0695
vn 0.0211 -0.9981 -0.0582
vn -0.0666 -0.9956 0.0655
vn -0.4276 -0.8211 0.3781
vn -0.0727 -0.9966 0.0381
vn -0.4923 -0.8382 0.2347
vn 0.0191 -0.9980 -0.0602
vn 0.0166 -0.9973 -0.0717
vn -0.0774 -0.9968 0.0178
vn -0.5207 -0.8455 0.1188
vn 0.0854 0.9926 -0.0867
vn 0.2576 0.7633 -0.5924
vn 0.1101 0.8237 -0.5563
vn 0.0080 0.9982 -0.0600
vn 0.5063 0.8167 -0.2768
vn 0.4873 0.6853 -0.5412
vn -0.2623 0.7794 0.5690
vn -0.0491 0.9932 0.1055
vn -0.0158 0.9886 0.1497
vn -0.0589 0.7201 0.6914
vn 0.0135 0.9870 0.1600
vn 0.0686 0.7058 0.7051
vn 0.0058 0.9970 -0.0776
vn -0.0060 0.9973 -0.0726
vn 0.0218 0.9972 -0.0712
vn 0.0387 0.9874 0.1537
vn 0.1733 0.7082 0.6844
vn 0.0700 0.9870 0.1446
vn 0.3015 0.7050 0.6419
vn -0.0199 0.9971 -0.0728
vn -0.0383 0.9967 -0.0722
vn 0.0635 0.9980 -0.0076
vn 0.4769 0.8743 -0.0907
vn -0.0769 0.9959 -0.0466
vn 0.1412 0.9864 0.0845
vn 0.1080 0.9861 0.1263
vn -0.0585 0.9962 -0.0650
vn 0.4576 0.6980 0.5508
vn 0.6133 0.7006 0.3647
vn 0.1641 0.9858 0.0368
vn -0.0841 0.9963 -0.0201
vn 0.7049 0.6940 0.1464
vn -0.5592 0.7580 -0.3357
vn -0.6255 0.7646 -0.1551
vn -0.3092 0.7747 -0.5516
vn -0.4402 0.7640 -0.4717
vn -0.1691 0.7873 -0.5929
vn -0.0388 0.7939 -0.6069
vn 0.0555 0.7881 -0.6130
vn 0.1204 0.7982 -0.5903
vn 0.0288 0.9984 -0.0480
vn 0.1606 0.8481 -0.5049
vn 0.0132 0.9994 -0.0319
vn 0.1587 0.8850 -0.4377
vn -0.0666 0.9956 0.0655
vn -0.0727 0.9966 0.0381
vn -0.4276 0.8211 0.3781
vn -0.4923 0.8382 0.2347
vn 0.1162 0.8602 -0.4965
vn 0.1429 0.8831 -0.4469
vn 0.0080 0.9992 -0.0395
vn 0.0066 0.9988 -0.0481
vn -0.0774 0.9968 0.0178
vn -0.5207 0.8455 0.1188
vn 0.6211 0.3695 -0.6912
vn 0.5395 -0.5858 -0.6048
vn 0.2750 -0.6042 -0.7479
vn 0.3353 0.3440 -0.8771
vn 0.1605 -0.6391 -0.7522
vn 0.1963 0.3426 -0.9187
vn 0.8218 0.3937 -0.4119
vn 0.6972 -0.6262 -0.3491
vn -0.0785 0.0000 0.9969
vn -0.4167 0.0000 0.9091
vn 0.1010 0.0000 0.9949
vn 0.2455 0.0000 0.9694
vn 0.4205 0.0000 0.9073
vn 0.7507 -0.6422 -0.1551
vn 0.8947 0.4069 -0.1842
vn 0.6343 0.0000 0.7731
vn 0.8599 0.0000 0.5105
vn 0.9802 0.0000 0.1979
vn -0.7842 0.4061 -0.4692
vn -0.6810 -0.6086 -0.4073
vn -0.7671 -0.6123 -0.1915
vn -0.8862 0.4067 -0.2217
vn -0.4492 0.4084 -0.7946
vn -0.3866 -0.6177 -0.6848
vn -0.5400 -0.6148 -0.5748
vn -0.6253 0.4084 -0.6650
vn -0.0551 0.4124 -0.9093
vn -0.0468 -0.6247 -0.7795
vn -0.2159 -0.6207 -0.7538
vn -0.2517 0.4088 -0.8772
vn 0.1604 0.4171 -0.8946
vn 0.1365 -0.6369 -0.7588
vn 0.0720 -0.6316 -0.7719
vn 0.0839 0.4173 -0.9049
vn 0.2983 0.4077 -0.8630
vn 0.2465 -0.6575 -0.7120
vn 0.1974 -0.6454 -0.7379
vn 0.2346 0.4138 -0.8796
vn -0.7620 0.0000 0.6476
vn -0.9092 0.0000 0.4164
vn 0.1913 -0.6624 -0.7243
vn 0.2453 -0.6642 -0.7061
vn 0.3020 0.3939 -0.8681
vn 0.2372 0.3680 -0.8990
vn -0.9748 0.0000 0.2230
vn 0.9107 0.3698 -0.1840
vn 0.8558 0.3071 -0.4163
vn 0.9464 0.2551 -0.1983
vn 0.8632 0.2454 -0.4412
vn 0.6470 0.2522 -0.7196
vn 0.6372 0.2277 -0.7363
vn 0.3294 0.2134 -0.9198
vn 0.1989 0.2614 -0.9445
vn 0.3352 0.1959 -0.9216
vn 0.2030 0.1884 -0.9609
vn 0.3021 0.3495 -0.8869
vn 0.3008 0.3565 -0.8845
vn 0.3134 0.2276 -0.9219
vn 0.3141 0.2447 -0.9173
vn 0.2396 0.3066 -0.9212
vn 0.2444 0.2031 -0.9482
vn 0.2441 0.3103 -0.9188
vn 0.1719 0.2447 -0.9542
vn 0.2496 0.2540 -0.9344
vn 0.1709 0.2553 -0.9516
vn 0.0909 0.2338 -0.9680
vn -0.0568 0.2463 -0.9675
vn 0.0897 0.2578 -0.9620
vn -0.0575 0.2595 -0.9640
vn -0.2660 0.2408 -0.9334
vn -0.4780 0.2272 -0.8484
vn -0.2661 0.2578 -0.9288
vn -0.4752 0.2574 -0.8414
vn -0.6681 0.2168 -0.7118
vn -0.8383 0.2152 -0.5009
vn -0.6611 0.2580 -0.7046
vn -0.8285 0.2600 -0.4961
vn -0.9467 0.2196 -0.2356
vn -0.9374 0.2585 -0.2332
vn 0.5350 0.5746 -0.6194
vn 0.2935 0.5142 -0.8059
vn 0.1802 0.4974 -0.8486
vn 0.7101 0.6036 -0.3626
vn 0.7689 0.6189 -0.1608
vn -0.6684 0.6270 -0.4002
vn -0.7579 0.6245 -0.1888
vn -0.3849 0.6226 -0.6814
vn -0.5351 0.6234 -0.5701
vn -0.0467 0.6256 -0.7787
vn -0.2155 0.6231 -0.7518
vn 0.1389 0.6182 -0.7737
vn 0.0726 0.6223 -0.7794
vn 0.2604 0.6005 -0.7560
vn 0.2035 0.6162 -0.7608
vn 0.2668 0.5707 -0.7766
vn 0.2143 0.5252 -0.8235
vn 0.6359 -0.7564 0.1537
vn 0.5456 -0.7480 0.3779
vn -0.4469 -0.8437 -0.2974
vn -0.3387 -0.9377 -0.0777
vn 0.3625 -0.7550 0.5464
vn -0.3311 -0.8022 -0.4968
vn 0.0885 -0.7349 0.6724
vn -0.0738 -0.8273 -0.5569
vn -0.1936 -0.7584 0.6223
vn 0.1811 -0.7976 -0.5754
vn -0.4749 -0.7314 0.4894
vn 0.3623 -0.8624 -0.3535
vn -0.6297 -0.7529 0.1911
vn 0.3258 -0.9407 -0.0942
vn -0.9594 -0.1374 -0.2463
vn -0.8335 -0.1668 -0.5268
vn -0.6528 -0.6515 -0.3865
vn -0.7134 -0.6784 -0.1757
vn -0.2003 -0.9685 -0.1483
vn -0.1560 -0.9868 -0.0438
vn 0.1240 -0.9914 -0.0414
vn 0.1382 -0.9799 -0.1439
vn 0.5650 -0.6779 -0.4703
vn 0.6721 -0.7128 -0.2004
vn 0.7338 -0.2141 -0.6447
vn 0.9369 -0.1951 -0.2902
vn -0.5685 -0.1898 -0.8005
vn -0.4465 -0.6339 -0.6315
vn -0.1562 -0.9686 -0.1933
vn -0.1054 -0.6451 -0.7568
vn -0.0334 -0.9768 -0.2116
vn -0.1327 -0.2043 -0.9699
vn 0.3417 -0.2076 -0.9166
vn 0.2621 -0.6533 -0.7103
vn 0.0890 -0.9756 -0.2007
vn -0.0014 -0.9999 -0.0118
vn 0.0165 -0.9998 -0.0127
vn -0.0237 -0.9996 -0.0138
vn -0.9733 -0.0365 -0.2267
vn -0.8754 -0.4373 -0.2059
vn -0.8157 -0.2076 -0.5400
vn -0.8501 -0.0620 -0.5230
vn -0.8443 -0.0726 -0.5309
vn -0.9691 -0.0400 -0.2436
vn 0.9553 -0.0896 -0.2819
vn 0.9512 -0.1002 -0.2919
vn 0.7427 -0.1230 -0.6582
vn 0.7369 -0.1087 -0.6672
vn 0.6874 -0.2266 -0.6900
vn 0.8476 -0.4644 -0.2566
vn -0.5483 -0.1577 -0.8213
vn -0.5686 -0.0885 -0.8179
vn -0.5741 -0.0989 -0.8128
vn -0.1327 -0.1025 -0.9858
vn -0.1337 -0.1134 -0.9845
vn -0.1276 -0.1672 -0.9776
vn 0.2964 -0.1657 -0.9406
vn 0.3223 -0.1084 -0.9404
vn 0.3409 -0.1198 -0.9324
vn -0.9670 -0.0822 -0.2410
vn -0.8172 -0.0826 -0.5704
vn -0.6300 -0.6401 -0.4397
vn -0.7396 -0.6475 -0.1837
vn -0.1194 -0.9893 -0.0835
vn -0.1388 -0.9898 -0.0324
vn -0.5499 -0.0809 -0.8313
vn -0.4223 -0.6434 -0.6385
vn -0.0800 -0.9894 -0.1212
vn -0.1011 -0.6287 -0.7710
vn -0.0194 -0.9884 -0.1505
vn -0.1299 -0.0821 -0.9881
vn 0.2970 -0.0805 -0.9515
vn 0.2275 -0.6457 -0.7289
vn 0.0422 -0.9895 -0.1383
vn 0.5383 -0.6306 -0.5591
vn 0.1022 -0.9889 -0.1076
vn 0.6912 -0.0857 -0.7176
vn 0.9500 -0.0837 -0.3009
vn 0.7277 -0.6466 -0.2289
vn 0.1370 -0.9898 -0.0391
vn -0.6621 -0.7213 0.2035
vn -0.4582 -0.7529 0.4725
vn -0.0690 -0.9951 0.0707
vn -0.1070 -0.9936 0.0355
vn -0.2098 -0.7095 0.6728
vn -0.0364 -0.9927 0.1146
vn 0.0879 -0.7397 0.6672
vn 0.0139 -0.9944 0.1046
vn 0.3868 -0.7143 0.5832
vn 0.0651 -0.9931 0.0980
vn 0.5654 -0.7258 0.3918
vn 0.0919 -0.9937 0.0636
vn 0.6801 -0.7142 0.1657
vn 0.1133 -0.9931 0.0291
vn -0.9047 0.3610 -0.2261
vn -0.7662 0.3570 -0.5343
vn -0.8185 0.0612 -0.5713
vn -0.9685 0.0616 -0.2411
vn -0.5164 0.3528 -0.7803
vn -0.5507 0.0599 -0.8326
vn -0.1221 0.3529 -0.9277
vn -0.1300 0.0609 -0.9896
vn 0.2794 0.3517 -0.8934
vn 0.2974 0.0595 -0.9529
vn 0.6471 0.3614 -0.6713
vn 0.6923 0.0633 -0.7189
vn 0.5236 0.6646 -0.5331
vn 0.7202 0.6597 -0.2149
vn 0.8879 0.3632 -0.2825
vn 0.9516 0.0623 -0.3008
vn -0.4091 0.9079 -0.0910
vn -0.3553 0.9025 -0.2434
vn -0.6241 0.6539 -0.4277
vn -0.7343 0.6562 -0.1737
vn -0.0224 0.9996 -0.0142
vn -0.2344 0.9053 -0.3543
vn -0.4226 0.6463 -0.6353
vn -0.0562 0.8996 -0.4330
vn -0.0992 0.6511 -0.7525
vn -0.0014 0.9999 -0.0152
vn 0.0139 0.9998 -0.0131
vn 0.1241 0.9072 -0.4019
vn 0.2287 0.6440 -0.7301
vn 0.3048 0.9007 -0.3096
vn 0.4011 0.9094 -0.1105
vn 0.4302 -0.9019 -0.0382
vn 0.9211 -0.3775 -0.0956
vn -0.6264 -0.7777 0.0526
vn -0.7227 -0.6884 0.0615
vn -0.1301 -0.9914 0.0117
vn 0.1365 -0.9906 -0.0112
vn 0.9930 -0.0800 -0.0867
vn 0.7468 -0.6618 -0.0651
vn 0.9944 0.0603 -0.0867
vn 0.9292 0.3606 -0.0814
vn 0.7572 0.6503 -0.0603
vn 0.0135 0.9999 -0.0005
vn 0.3951 0.9182 -0.0296
vn 0.0000 1.0000 0.0000
vn -0.0188 0.9998 -0.0005
vn -0.3969 0.9176 -0.0195
vn -0.7556 0.6539 -0.0395
vn -0.9300 0.3635 -0.0550
vn -0.9964 0.0609 -0.0588
vn -0.9950 -0.0804 -0.0588
vn -0.7466 -0.6639 -0.0440
vn -0.1354 -0.9908 -0.0076
vn 0.1306 -0.9914 0.0078
vn 0.7247 -0.6878 0.0415
vn 0.6252 -0.7796 0.0354
vn -0.4369 -0.8991 -0.0269
vn -0.9335 -0.3510 -0.0726
vn -0.9938 -0.0209 -0.1092
vn -0.9924 -0.0273 -0.1199
vn -0.9847 -0.1240 -0.1223
vn -0.7167 -0.6918 -0.0878
vn -0.1333 -0.9910 -0.0144
vn -0.0165 -0.9999 -0.0009
vn 0.0128 -0.9999 -0.0009
vn 0.1075 -0.9941 -0.0140
vn 0.6813 -0.7250 -0.1011
vn 0.9724 -0.1821 -0.1461
vn 0.9883 -0.0727 -0.1341
vn 0.9856 -0.0875 -0.1449
vn -0.1875 0.7950 0.5769
vn -0.2110 0.7307 0.6493
vn -0.4013 0.7307 0.5523
vn -0.3566 0.7950 0.4907
vn -0.5523 0.7307 0.4013
vn -0.4908 0.7950 0.3565
vn -0.6493 0.7307 0.2110
vn -0.5769 0.7950 0.1875
vn 0.6493 0.7307 0.2110
vn 0.5769 0.7950 0.1875
vn 0.5523 0.7307 0.4013
vn 0.4908 0.7950 0.3566
vn 0.4013 0.7307 0.5523
vn 0.3566 0.7950 0.4908
vn 0.2110 0.7307 0.6493
vn 0.1875 0.7950 0.5769
vn 0.0000 0.7307 0.6827
vn 0.0000 0.7950 0.6066
vn 0.1286 0.9093 -0.3957
vn 0.2446 0.9093 -0.3366
vn 0.3366 0.9093 -0.2446
vn 0.3957 0.9093 -0.1286
vn -0.3957 0.9093 -0.1286
vn -0.3366 0.9093 -0.2446
vn -0.2446 0.9093 -0.3366
vn -0.1286 0.9093 -0.3957
vn -0.0000 0.9093 -0.4161
vn 0.2710 0.4807 -0.8340
vn -0.0000 0.4807 -0.8769
vn -0.0000 0.9388 -0.3446
vn 0.1065 0.9388 -0.3277
vn 0.2025 0.9388 -0.2788
vn 0.5154 0.4807 -0.7094
vn 0.2788 0.9388 -0.2025
vn 0.7094 0.4807 -0.5154
vn 0.3277 0.9388 -0.1065
vn 0.8340 0.4807 -0.2710
vn -0.3277 0.9388 -0.1065
vn -0.8340 0.4807 -0.2710
vn -0.2788 0.9388 -0.2025
vn -0.7094 0.4807 -0.5154
vn -0.2025 0.9388 -0.2788
vn -0.5154 0.4807 -0.7094
vn -0.1065 0.9388 -0.3277
vn -0.2710 0.4807 -0.8340
vn 0.1575 -0.8604 -0.4847
vn 0.2842 -0.3924 -0.8748
vn 0.5406 -0.3924 -0.7441
vn 0.2996 -0.8604 -0.4123
vn 0.7441 -0.3924 -0.5406
vn 0.4123 -0.8604 -0.2996
vn 0.8748 -0.3924 -0.2842
vn 0.4847 -0.8604 -0.1575
vn -0.8748 -0.3924 -0.2842
vn -0.4847 -0.8604 -0.1575
vn -0.7441 -0.3924 -0.5406
vn -0.4123 -0.8604 -0.2996
vn -0.5406 -0.3924 -0.7441
vn -0.2996 -0.8604 -0.4123
vn -0.2842 -0.3924 -0.8748
vn -0.1575 -0.8604 -0.4847
vn -0.0000 -0.3924 -0.9198
vn -0.0000 -0.8604 -0.5097
vn 0.1745 0.8252 -0.5372
vn 0.3320 0.8252 -0.4569
vn 0.0000 0.8252 -0.5648
vn 0.4569 0.8252 -0.3320
vn 0.5372 0.8252 -0.1745
vn -0.5372 0.8252 -0.1745
vn -0.4569 0.8252 -0.3320
vn -0.3320 0.8252 -0.4569
vn -0.1745 0.8252 -0.5372
vn 0.5230 0.8517 -0.0318
vn 0.9238 0.3816 -0.0318
vn 0.9717 -0.2342 -0.0318
vn 0.6484 -0.7606 -0.0318
vn 0.0775 -0.9965 -0.0318
vn -0.5230 -0.8517 -0.0318
vn -0.9238 -0.3816 -0.0318
vn -0.9717 0.2342 -0.0318
vn -0.6484 0.7606 -0.0318
vn -0.0775 0.9965 -0.0318
vn 0.4072 -0.6944 -0.5933
vn 0.0718 -0.0047 -0.9974
vn 0.8149 -0.0168 -0.5793
vn 0.4184 0.6870 -0.5941
vn 0.4271 0.4349 -0.7927
vn 0.3305 0.8269 -0.4549
vn 0.0437 0.7314 -0.6806
vn 0.0568 -0.0023 -0.9984
vn 0.3728 -0.6311 -0.6803
vn 0.0406 -0.9992 -0.0052
vn 0.0094 -0.9998 -0.0189
vn 0.5136 -0.8579 -0.0147
vn 0.5314 0.8470 -0.0160
vn 0.0086 0.9995 -0.0299
vn 0.0145 0.9999 -0.0007
vn 0.0278 0.9996 -0.0022
vn -0.0236 0.9997 -0.0114
vn 0.9998 -0.0214 -0.0000
vn 0.9997 -0.0213 -0.0128
vn -0.2667 0.9610 0.0728
vn -0.5168 0.8470 0.1248
vn -0.2677 0.9517 0.1501
vn -0.5262 0.8061 0.2707
vn -0.0463 0.9989 0.0090
vn -0.0627 0.9975 0.0322
vn -0.1921 0.9124 0.3614
vn -0.2594 0.9328 0.2503
vn -0.0697 0.9948 0.0742
vn -0.0502 0.9943 0.0942
vn -0.4976 0.7377 0.4563
vn -0.3562 0.6621 0.6593
vn 0.0320 0.6057 0.7950
vn -0.1500 0.6194 0.7706
vn -0.0854 0.8987 0.4302
vn 0.0165 0.8945 0.4467
vn -0.0245 0.9936 0.1103
vn 0.0021 0.9935 0.1140
vn 0.2095 0.8830 0.4201
vn 0.1137 0.8903 0.4410
vn 0.0285 0.9933 0.1119
vn 0.0551 0.9929 0.1058
vn 0.2006 0.5921 0.7805
vn 0.3619 0.5725 0.7357
vn 0.7004 0.5524 0.4520
vn 0.5306 0.5539 0.6417
vn 0.3113 0.8749 0.3711
vn 0.4094 0.8736 0.2632
vn 0.0820 0.9923 0.0929
vn 0.1044 0.9923 0.0661
vn 0.4684 0.8752 0.1205
vn 0.1197 0.9923 0.0325
vn 0.8033 0.5599 0.2030
vn 0.4996 0.7489 -0.4354
vn 0.2227 0.9575 -0.1834
vn 0.4471 0.6980 -0.5594
vn 0.2301 0.9330 -0.2769
vn 0.1612 0.9237 -0.3477
vn 0.3218 0.6712 -0.6678
vn 0.1491 0.6542 -0.7415
vn 0.0724 0.9206 -0.3838
vn -0.0155 0.9189 -0.3942
vn -0.0234 0.6477 -0.7615
vn -0.2011 0.6418 -0.7400
vn -0.1063 0.9176 -0.3831
vn -0.1962 0.9144 -0.3542
vn -0.3750 0.6289 -0.6810
vn -0.5333 0.6154 -0.5803
vn -0.2800 0.9105 -0.3043
vn -0.3554 0.9077 -0.2232
vn -0.6697 0.6119 -0.4208
vn -0.7570 0.6184 -0.2112
vn -0.4005 0.9095 -0.1112
vn -0.6558 0.2512 -0.7119
vn -0.8212 0.2440 -0.5159
vn -0.4646 0.2731 -0.8424
vn -0.0273 0.3078 -0.9510
vn -0.2500 0.2944 -0.9224
vn 0.1892 0.3228 -0.9274
vn 0.4084 0.3533 -0.8417
vn 0.5728 0.4020 -0.7143
vn 0.6803 0.4469 -0.5809
vn -0.9313 0.2542 -0.2609
vn -0.0010 -1.0000 0.0005
vn 0.0768 -0.9951 -0.0624
vn 0.1131 -0.9926 -0.0448
vn -0.0005 -1.0000 0.0000
vn -0.0013 -1.0000 0.0011
vn 0.0623 -0.9949 -0.0791
vn -0.0010 -1.0000 0.0013
vn 0.0455 -0.9942 -0.0970
vn -0.0006 -1.0000 0.0021
vn 0.0204 -0.9944 -0.1041
vn -0.0000 -1.0000 0.0023
vn -0.0035 -0.9945 -0.1043
vn 0.0005 -1.0000 0.0023
vn -0.0274 -0.9946 -0.0999
vn 0.0011 -1.0000 0.0023
vn -0.0511 -0.9944 -0.0921
vn 0.0017 -1.0000 0.0020
vn -0.0738 -0.9940 -0.0802
vn 0.0020 -1.0000 0.0013
vn -0.0947 -0.9937 -0.0598
vn 0.0024 -1.0000 0.0006
vn -0.1064 -0.9939 -0.0298
vn -0.1171 -0.9913 0.0595
vn -0.1210 -0.9922 0.0287
vn -0.9369 -0.2668 0.2259
vn -0.8463 -0.3058 0.4361
vn -0.6797 -0.3699 0.6334
vn -0.1043 -0.9901 0.0944
vn -0.4173 -0.4287 0.8013
vn -0.0721 -0.9889 0.1297
vn -0.1621 -0.4401 0.8832
vn -0.0313 -0.9876 0.1539
vn 0.0423 -0.4498 0.8921
vn 0.0055 -0.9878 0.1559
vn 0.2245 -0.4582 0.8601
vn 0.0385 -0.9878 0.1511
vn 0.3909 -0.4679 0.7927
vn 0.0705 -0.9872 0.1429
vn 0.5587 -0.4787 0.6773
vn 0.1052 -0.9864 0.1260
vn 0.7326 -0.4892 0.4732
vn 0.1371 -0.9867 0.0878
vn 0.8510 -0.4798 0.2134
vn 0.1579 -0.9866 0.0402
vn -0.6679 -0.6141 -0.4205
vn -0.5322 -0.6162 -0.5806
vn -0.3803 -0.6089 -0.6962
vn -0.2054 -0.6003 -0.7730
vn -0.0184 -0.5935 -0.8046
vn 0.1684 -0.5849 -0.7934
vn 0.3697 -0.5647 -0.7378
vn 0.5278 -0.5529 -0.6448
vn 0.6974 -0.5135 -0.4999
vn 0.3366 -0.9314 -0.1387
vn -0.7624 -0.6108 -0.2137
vn 0.0978 -0.9950 -0.0217
vn 0.3242 -0.9433 -0.0720
vn 0.4067 -0.9076 -0.1044
vn 0.1713 0.9839 -0.0514
vn 0.1899 0.9807 -0.0465
vn 0.0270 -0.7405 -0.6715
vn -0.4456 -0.1143 -0.8879
vn -0.0199 -0.0051 -0.9998
vn -0.0569 0.2151 -0.9749
vn -0.4622 -0.0087 -0.8867
vn -0.2379 -0.2273 -0.9443
vn 0.0550 -0.2156 -0.9749
vn -0.7873 -0.2049 -0.5815
vn -0.6051 -0.5223 -0.6009
vn -0.7697 -0.6384 0.0000
vn -0.9832 0.1824 0.0000
vn -0.7828 0.1614 -0.6009
vn 0.2535 -0.9368 -0.2412
vn 0.2865 -0.7364 -0.6129
vn -0.2025 -0.5905 -0.7812
vn 0.1607 -0.9864 -0.0355
vn 0.1520 -0.8027 -0.5767
vn -0.3169 0.9479 -0.0323
vn -0.4887 0.7584 0.4313
vn -0.4874 0.8618 0.1406
vn -0.6782 0.7348 0.0000
vn -0.5838 0.6047 0.5417
vn -0.2343 -0.9722 0.0002
vn -0.1931 -0.8207 -0.5378
vn -0.3861 0.9225 -0.0016
vn -0.5866 0.8099 -0.0066
vn -0.3197 -0.9474 0.0122
vn -0.1036 -0.9946 -0.0039
vn -0.1453 -0.9834 0.1086
vn 0.0181 -0.9998 -0.0040
vn -0.2686 0.9632 0.0003
vn -0.7077 0.7063 0.0145
vn -0.8239 0.1531 0.5456
vn -0.9639 0.0210 -0.2654
vn -0.5700 0.6768 -0.4659
vn -0.2582 0.7750 -0.5768
vn -0.2125 0.1741 -0.9615
vn -0.5682 0.6228 -0.5379
vn -0.1993 -0.0518 -0.9786
vn -0.1010 -0.2555 -0.9615
vn 0.9974 -0.0076 -0.0717
vn 0.9975 0.0377 -0.0590
vn 0.9863 0.1471 -0.0743
vn 0.9941 -0.0829 -0.0697
vn 0.9958 -0.0462 -0.0787
vn 0.9891 -0.1408 -0.0426
vn 0.9915 -0.1163 -0.0579
vn 0.8807 0.4541 -0.1349
vn 0.8747 0.3958 -0.2797
vn 0.9633 -0.2563 -0.0798
vn 0.8713 -0.4833 -0.0849
vn 0.9005 -0.3680 -0.2315
vn 0.9763 -0.1927 -0.0988
vn 0.8554 -0.3320 -0.3977
vn 0.9691 -0.1819 -0.1665
vn 0.8463 -0.2430 -0.4740
vn 0.9677 -0.1407 -0.2092
vn 0.8461 -0.1389 -0.5147
vn 0.9695 -0.0898 -0.2281
vn 0.8495 -0.0236 -0.5270
vn 0.9706 -0.0403 -0.2373
vn 0.8528 0.0986 -0.5128
vn 0.9728 0.0124 -0.2313
vn 0.8525 0.2199 -0.4742
vn 0.9732 0.0729 -0.2179
vn 0.8525 0.3307 -0.4049
vn 0.9714 0.1585 -0.1767
vn 0.5565 -0.8205 -0.1307
vn 0.6712 -0.6088 -0.4229
vn 0.4490 -0.5280 -0.7209
vn 0.4953 -0.3690 -0.7865
vn 0.5160 -0.1911 -0.8350
vn 0.5213 -0.0018 -0.8534
vn 0.5286 0.1972 -0.8256
vn 0.5284 0.3896 -0.7543
vn 0.5256 0.5620 -0.6387
vn 0.5297 0.7105 -0.4633
vn 0.5409 0.8079 -0.2340
vn -0.9970 0.0025 0.0779
vn -0.9972 -0.0481 0.0565
vn -0.9933 0.0870 0.0757
vn -0.9952 0.0461 0.0858
vn -0.9904 0.1272 0.0538
vn -0.9001 -0.4165 0.1278
vn -0.9593 -0.2695 0.0843
vn -0.8955 -0.3639 0.2563
vn -0.9543 -0.2391 0.1794
vn -0.9644 0.2426 0.1056
vn -0.6562 0.7495 0.0881
vn -0.7464 0.5811 0.3242
vn -0.9342 0.2490 0.2557
vn -0.8457 0.3553 0.3982
vn -0.8237 0.5157 0.2356
vn -0.9404 0.1713 0.2937
vn -0.8647 0.2423 0.4400
vn -0.9457 0.1029 0.3084
vn -0.8754 0.1350 0.4642
vn -0.9476 0.0360 0.3173
vn -0.8804 0.0282 0.4734
vn -0.9508 -0.0342 0.3078
vn -0.8851 -0.0808 0.4583
vn -0.9517 -0.1093 0.2869
vn -0.8872 -0.1874 0.4216
vn -0.9537 -0.1737 0.2455
vn -0.8897 -0.2837 0.3576
vn -0.8263 0.5453 -0.1409
vn -0.9990 -0.0375 0.0243
vn -0.9985 -0.0259 0.0491
vn -0.8280 0.4866 -0.2785
vn -0.8377 0.3935 -0.3786
vn -0.9971 -0.0144 0.0754
vn -0.9957 0.0052 0.0921
vn -0.8505 0.2885 -0.4397
vn -0.8601 0.1756 -0.4789
vn -0.9946 0.0276 0.0998
vn -0.9937 0.0512 0.0997
vn -0.8635 0.0597 -0.5008
vn -0.8675 -0.0521 -0.4946
vn -0.9926 0.0772 0.0939
vn -0.9931 0.1002 0.0602
vn -0.8645 -0.1628 -0.4755
vn -0.8403 -0.2597 -0.4758
vn -0.9944 0.1039 0.0179
vn -0.2826 -0.3875 -0.8775
vn -0.3471 -0.5293 -0.7741
vn 0.2137 -0.7571 -0.6174
vn -0.2427 0.0355 -0.9694
vn -0.2506 -0.1837 -0.9505
vn -0.2232 0.4761 -0.8506
vn -0.2342 0.2614 -0.9364
vn -0.1976 0.8325 -0.5176
vn -0.2106 0.6666 -0.7151
vn -0.1889 0.9462 -0.2627
vn 0.0417 -0.9987 -0.0290
vn 0.5112 -0.8503 -0.1253
vn -0.7802 -0.5858 0.2192
vn -0.5732 -0.2878 0.7672
vn -0.0884 -0.9131 0.3981
vn -0.0495 -0.2500 0.9670
vn -0.2150 -0.8126 0.5418
vn -0.4897 -0.1274 0.8626
vn 0.0000 0.0000 1.0000
vn -0.9365 -0.2437 0.2521
vn -0.1896 -0.1622 0.9684
vn -0.6448 -0.5353 0.5456
vn -0.2187 -0.0569 0.9741
vn -0.7977 -0.2076 0.5662
vn -0.2446 0.0492 0.9684
vn -0.1651 0.1942 0.9670
vn -0.6407 -0.0277 0.7673
vn -0.9797 0.1086 0.1687
vn -0.9989 0.0418 0.0235
vn -0.9674 -0.2517 0.0271
vn -0.8518 -0.5233 0.0235
vn 0.9091 0.3756 -0.1800
vn 0.5147 0.8383 -0.1800
vn 0.9563 -0.2305 -0.1800
vn 0.6382 -0.7486 -0.1800
vn 0.0763 -0.9807 -0.1800
vn -0.5147 -0.8382 -0.1800
vn -0.9091 -0.3756 -0.1800
vn -0.9563 0.2305 -0.1800
vn -0.6381 0.7486 -0.1800
vn -0.0763 0.9807 -0.1800
vn 0.6050 0.2500 -0.7560
vn -0.0000 0.0000 -1.0000
vn 0.3426 0.5579 -0.7559
vn 0.6364 -0.1534 -0.7559
vn 0.4247 -0.4982 -0.7559
vn 0.0508 -0.6526 -0.7560
vn -0.3425 -0.5578 -0.7560
vn -0.6050 -0.2500 -0.7560
vn -0.6364 0.1534 -0.7560
vn -0.4247 0.4982 -0.7559
vn -0.0508 0.6527 -0.7559
vn -0.5964 -0.5799 0.5550
vn -0.6924 -0.4181 0.5880
vn -0.8315 -0.4315 0.3499
vn -0.6588 -0.6827 0.3161
vn -0.8816 -0.4719 -0.0000
vn -0.6951 -0.7189 0.0000
vn 0.6348 -0.3394 0.6941
vn 0.5179 -0.3870 0.7629
vn 0.8093 -0.2544 0.5295
vn 0.8412 -0.3423 0.4186
vn 0.0000 -1.0000 0.0000
vn -0.0002 -1.0000 -0.0021
vn 0.0005 -1.0000 0.0038
vn -0.8646 -0.5025 -0.0000
vn -0.8271 -0.4945 0.2671
vn -0.3712 -0.5186 0.7702
vn -0.7190 -0.4985 0.4843
vn 0.3746 -0.3888 0.8417
vn 0.3095 -0.4426 0.8417
vn 0.1591 -0.4160 0.8953
vn 0.1639 -0.4830 0.8601
vn -0.0695 -0.4007 0.9136
vn -0.0294 -0.4874 0.8727
vn -0.2937 -0.3960 0.8700
vn -0.4909 -0.4349 0.7549
vn 0.6327 0.0090 0.7744
vn 0.6705 0.1318 0.7301
vn 0.8882 0.1382 0.4381
vn 0.8878 -0.0081 0.4601
vn 0.4301 0.6680 0.6072
vn 0.6344 0.7232 0.2729
vn -0.9738 0.2273 -0.0000
vn -0.9628 0.2703 -0.0000
vn -0.9247 0.2341 0.3002
vn -0.9459 0.1874 0.2649
vn -0.9824 0.1866 -0.0000
vn -0.9308 0.1526 0.3322
vn -0.7670 0.2193 0.6030
vn -0.8006 0.1701 0.5746
vn -0.7575 0.1284 0.6401
vn -0.4279 0.1140 0.8966
vn -0.4357 0.2095 0.8754
vn -0.4614 0.1377 0.8764
vn -0.0959 0.2001 0.9751
vn -0.1166 0.1164 0.9863
vn -0.0967 0.1118 0.9890
vn 0.1274 0.1843 0.9746
vn 0.0969 0.0934 0.9909
vn 0.1266 0.1117 0.9856
vn 0.2739 0.1633 0.9478
vn 0.3652 0.1588 0.9173
vn 0.2913 0.0653 0.9544
vn 0.5460 -0.1630 0.8218
vn 0.6135 -0.0059 0.7897
vn 0.8768 -0.0928 0.4717
vn -1.0000 0.0072 0.0000
vn -0.9873 0.1592 -0.0000
vn -0.9696 0.1078 0.2195
vn -0.9769 -0.0397 0.2101
vn -0.8677 0.0645 0.4929
vn -0.8493 -0.1406 0.5089
vn -0.5356 -0.0034 0.8445
vn -0.4412 -0.3172 0.8394
vn -0.1310 -0.0367 0.9907
vn -0.0690 -0.3166 0.9460
vn 0.0785 -0.0214 0.9967
vn 0.1360 -0.2710 0.9529
vn 0.2783 -0.0132 0.9604
vn 0.3100 -0.2290 0.9227
vn 0.6030 -0.0044 0.7977
vn 0.8779 -0.0166 0.4785
vn 0.0005 -1.0000 0.0035
vn -0.0025 -1.0000 0.0000
vn -0.0018 -1.0000 0.0043
vn -0.9994 -0.0345 0.0000
vn -0.7065 -0.7077 -0.0000
vn -0.6561 -0.7153 0.2407
vn -0.9357 -0.0615 0.3474
vn -0.0401 -0.9992 -0.0000
vn -0.0436 -0.9989 0.0147
vn 0.0192 -0.9841 0.1765
vn 0.1015 -0.6470 0.7557
vn 0.1464 -0.7039 0.6951
vn 0.0143 -0.9935 0.1129
vn 0.1320 -0.1083 0.9853
vn 0.2041 -0.0904 0.9748
vn 0.0899 -0.7186 0.6896
vn 0.0063 -0.9979 0.0646
vn 0.1297 -0.0917 0.9873
vn -0.0942 -0.0934 0.9912
vn -0.0640 -0.7148 0.6964
vn -0.0085 -0.9973 0.0727
vn -0.4219 -0.0936 0.9018
vn -0.3024 -0.7003 0.6467
vn -0.0323 -0.9955 0.0889
vn -0.5366 -0.7063 0.4617
vn -0.0487 -0.9974 0.0536
vn -0.7517 -0.0789 0.6548
vn 0.1065 0.3588 0.9273
vn -0.4078 0.9131 -0.0000
vn -0.8249 0.5652 -0.0000
vn -0.7607 0.5883 -0.2742
vn -0.4088 0.9125 0.0160
vn -0.9614 0.2751 -0.0000
vn -0.9091 0.3096 -0.2786
vn 0.7535 0.6575 0.0000
vn -0.3493 0.9370 -0.0000
vn -0.3504 0.9344 0.0641
vn 0.7280 0.6749 -0.1207
vn -0.9998 0.0184 -0.0000
vn -0.9872 -0.0338 0.1559
vn -0.9204 -0.0615 0.3860
vn -0.3530 0.9248 0.1419
vn 0.6801 0.6834 -0.2654
vn -0.3482 0.9078 0.2339
vn 0.6142 0.6905 -0.3820
vn -0.8373 -0.1127 0.5350
vn -0.6684 -0.1532 0.7278
vn -0.3157 0.8895 0.3304
vn 0.4926 0.7010 -0.5157
vn -0.2402 0.8842 0.4005
vn 0.3687 0.7164 -0.5923
vn -0.5197 -0.1081 0.8474
vn -0.3432 -0.1048 0.9334
vn -0.1541 0.8837 0.4420
vn 0.2274 0.7249 -0.6502
vn 0.6470 -0.1007 0.7558
vn 0.3295 0.8725 0.3607
vn 0.2483 0.8865 0.3905
vn 0.5172 -0.1479 0.8430
vn -0.4589 0.7339 -0.5008
vn -0.3631 0.7292 -0.5800
vn -0.2256 0.7327 -0.6421
vn 0.1752 0.8825 0.4364
vn 0.3230 -0.1496 0.9345
vn 0.4425 0.8399 0.3143
vn -0.5450 0.7641 -0.3450
vn 0.7758 -0.1605 0.6103
vn 0.8873 -0.1133 0.4471
vn 0.4768 0.8301 0.2893
vn -0.6134 0.7632 -0.2029
vn 0.0164 -0.1449 0.9893
vn 0.0103 0.8842 0.4671
vn -0.0704 0.8841 0.4620
vn -0.1855 -0.1473 0.9715
vn -0.0005 0.7368 -0.6761
vn 0.1198 0.7514 -0.6489
vn 0.0911 0.8836 0.4592
vn -0.1192 0.7553 -0.6444
vn 0.1689 -0.0995 0.9806
vn -0.9225 -0.2661 0.2795
vn -0.9720 -0.2350 -0.0000
vn -0.7500 -0.2823 0.5982
vn 0.6434 -0.2300 0.7302
vn 0.8283 -0.2976 0.4746
vn 0.4100 -0.2678 0.8719
vn 0.1663 -0.2492 0.9541
vn -0.0826 -0.2696 0.9594
vn -0.3088 -0.2454 0.9189
vn -0.5358 -0.2485 0.8070
vn 0.6991 0.6814 -0.2167
vn 0.7513 0.6600 0.0000
vn 0.5516 0.8110 -0.1951
vn 0.5837 0.8120 0.0000
vn 0.5502 0.7025 -0.4515
vn 0.4477 0.7879 -0.4227
vn -0.5625 0.6259 -0.5403
vn -0.6749 0.4151 -0.6101
vn 0.0091 0.7014 -0.7127
vn -0.2822 0.6688 -0.6878
vn -0.2788 0.6007 -0.7493
vn -0.0014 0.6535 -0.7569
vn 0.2955 0.7086 -0.6408
vn 0.2442 0.7548 -0.6088
vn 0.3203 0.8776 -0.3567
vn 0.4076 0.9132 -0.0000
vn 0.1661 0.8970 -0.4095
vn 0.2160 0.9764 -0.0000
vn -0.7088 -0.6568 -0.2572
vn -0.5075 0.1363 -0.8508
vn -0.6815 -0.7086 -0.1828
vn -0.6851 -0.4781 -0.5496
vn 0.0053 0.7080 -0.7062
vn -0.0411 0.5422 -0.8392
vn -0.7736 -0.6336 0.0000
vn -0.9908 0.1356 0.0000
vn -0.5930 0.8052 -0.0000
vn -0.5504 0.7686 -0.3261
vn -0.9839 0.1774 -0.0199
vn -0.5914 0.2394 -0.7700
vn -0.9887 0.0902 -0.1201
vn -0.9937 -0.1108 -0.0179
vn -0.9770 -0.1833 -0.1086
vn -0.7066 -0.7076 -0.0000
vn -0.9958 -0.0918 -0.0000
vn -0.9972 -0.0744 -0.0000
vn -0.9970 -0.0776 -0.0006
vn -0.9998 0.0216 0.0000
vn 0.0349 0.8695 0.4928
vn 0.1679 0.7613 0.6263
vn 0.3360 0.7221 0.6047
vn 0.0955 0.8274 0.5534
vn -0.0016 0.8089 0.5879
vn 0.7684 0.3314 0.5475
vn 0.4506 0.7363 0.5048
vn 0.0231 0.0052 0.9997
vn 0.0170 0.1936 0.9809
vn 0.0687 0.2471 0.9666
vn 0.0664 -0.0097 0.9977
vn 0.6403 0.1678 0.7496
vn 0.6231 -0.0016 0.7821
vn 0.6407 -0.1407 0.7548
vn 0.9977 -0.0680 -0.0000
vn 0.9643 -0.2647 -0.0000
vn 0.7013 -0.2062 0.6824
vn 0.8934 -0.4493 -0.0000
vn 0.5722 -0.2305 0.7870
vn 0.9906 0.1365 0.0000
vn 0.9708 0.2398 -0.0000
vn 0.9902 0.1394 -0.0000
vn 0.0381 -0.9993 0.0000
vn 0.6932 -0.7207 -0.0000
vn 0.6404 -0.7176 0.2738
vn 0.0404 -0.9990 0.0176
vn 0.9926 -0.1213 -0.0000
vn 0.9121 -0.1194 0.3921
vn 0.5068 -0.7146 0.4821
vn 0.0414 -0.9983 0.0403
vn 0.7186 -0.1109 0.6865
vn 0.4786 -0.1104 0.8711
vn 0.3473 -0.6995 0.6246
vn 0.0412 -0.9959 0.0803
vn 0.1955 -0.6695 0.7166
vn 0.0503 -0.9854 0.1626
vn 0.2570 -0.1096 0.9602
vn 0.9999 0.0126 0.0000
vn 0.9171 0.1017 0.3854
vn 0.0321 -0.9828 0.1816
vn 0.0030 -1.0000 0.0010
vn 0.4863 0.1277 0.8644
vn 0.2587 0.1297 0.9572
vn 0.0026 -1.0000 0.0000
vn -0.0001 -1.0000 -0.0021
vn 0.7222 0.1756 0.6690
vn 0.8565 -0.5162 -0.0000
vn 0.8793 0.4762 -0.0000
vn 0.6955 0.4246 0.5796
vn 0.5657 -0.3418 0.7504
vn 0.8528 -0.5222 -0.0000
vn 0.5441 -0.3351 0.7692
vn 0.0152 -0.9870 0.1598
vn 0.0000 0.0060 1.0000
vn 0.0000 0.1925 0.9813
vn 0.0000 0.8125 0.5830
vn 0.0203 -0.0064 0.9998
vn 0.0301 -0.0039 0.9995
vn 0.0156 0.0049 0.9999
vn 0.0000 0.7221 0.6918
vn -0.0000 0.0239 0.9997
vn 0.0000 0.0246 0.9997
vn 0.1789 0.8755 0.4489
vn -0.0000 0.7221 0.6918
vn 0.0000 -0.0013 1.0000
vn 0.0000 0.0262 0.9997
vn 0.0000 0.0104 0.9999
vn 0.0000 0.0239 0.9997
vn 0.0826 0.7669 0.6364
vn 0.1303 -0.1078 0.9856
vn 0.0989 -0.6399 0.7621
vn 0.1307 0.1257 0.9834
vn 0.0049 0.1924 0.9813
vn -0.0000 0.8159 0.5782
vn 0.0002 0.0102 0.9999
vn 0.0077 0.0192 0.9998
vn 0.0001 0.0246 0.9997
vn 0.0388 0.7709 0.6358
vn 0.0906 -0.1070 0.9901
vn 0.0688 -0.6561 0.7515
vn 0.0905 0.1244 0.9881
vn 0.5565 0.0089 0.8308
vn 0.5612 0.1560 0.8129
vn 0.4693 0.6855 0.5567
vn 0.5796 -0.0105 0.8148
vn 0.5651 0.0207 0.8248
vn 0.5906 -0.0653 0.8044
vn 0.5267 -0.0833 0.8460
vn 0.5679 -0.1114 0.8155
vn 0.5281 -0.2604 0.8083
vn 0.5664 -0.2088 0.7972
vn -0.5964 -0.5799 -0.5550
vn -0.6588 -0.6827 -0.3161
vn -0.8315 -0.4315 -0.3499
vn -0.6924 -0.4181 -0.5880
vn 0.6348 -0.3394 -0.6941
vn 0.8412 -0.3423 -0.4186
vn 0.8093 -0.2544 -0.5295
vn 0.5179 -0.3870 -0.7629
vn 0.0005 -1.0000 -0.0038
vn -0.0002 -1.0000 0.0021
vn -0.8271 -0.4945 -0.2671
vn -0.3712 -0.5186 -0.7702
vn -0.7190 -0.4985 -0.4843
vn 0.3095 -0.4426 -0.8417
vn 0.3746 -0.3888 -0.8417
vn 0.1639 -0.4830 -0.8601
vn 0.1591 -0.4160 -0.8953
vn -0.0294 -0.4874 -0.8727
vn -0.0695 -0.4007 -0.9136
vn -0.2937 -0.3960 -0.8700
vn -0.4909 -0.4349 -0.7549
vn 0.6327 0.0090 -0.7744
vn 0.8878 -0.0081 -0.4601
vn 0.8882 0.1382 -0.4381
vn 0.6705 0.1318 -0.7301
vn 0.6344 0.7232 -0.2729
vn 0.4301 0.6680 -0.6072
vn -0.9459 0.1874 -0.2649
vn -0.9247 0.2341 -0.3002
vn -0.9308 0.1526 -0.3322
vn -0.8006 0.1701 -0.5746
vn -0.7670 0.2193 -0.6030
vn -0.7575 0.1284 -0.6401
vn -0.4357 0.2095 -0.8754
vn -0.4279 0.1140 -0.8966
vn -0.4614 0.1377 -0.8764
vn -0.1166 0.1164 -0.9863
vn -0.0959 0.2001 -0.9751
vn -0.0967 0.1118 -0.9890
vn 0.0969 0.0934 -0.9909
vn 0.1274 0.1843 -0.9746
vn 0.1266 0.1117 -0.9856
vn 0.3652 0.1588 -0.9173
vn 0.2739 0.1633 -0.9478
vn 0.2913 0.0653 -0.9544
vn 0.5460 -0.1630 -0.8218
vn 0.8768 -0.0928 -0.4717
vn 0.6135 -0.0059 -0.7897
vn -0.9769 -0.0397 -0.2101
vn -0.9696 0.1078 -0.2195
vn -0.8493 -0.1406 -0.5089
vn -0.8677 0.0645 -0.4929
vn -0.4412 -0.3172 -0.8394
vn -0.5356 -0.0034 -0.8445
vn -0.0690 -0.3166 -0.9460
vn -0.1310 -0.0367 -0.9907
vn 0.1360 -0.2710 -0.9529
vn 0.0785 -0.0214 -0.9967
vn 0.3100 -0.2290 -0.9227
vn 0.2783 -0.0132 -0.9604
vn 0.6030 -0.0044 -0.7977
vn 0.8779 -0.0166 -0.4785
vn 0.0005 -1.0000 -0.0035
vn -0.0018 -1.0000 -0.0043
vn -0.9357 -0.0615 -0.3474
vn -0.6561 -0.7153 -0.2407
vn -0.0436 -0.9989 -0.0147
vn 0.0192 -0.9841 -0.1765
vn 0.0143 -0.9935 -0.1129
vn 0.1464 -0.7039 -0.6951
vn 0.1015 -0.6470 -0.7557
vn 0.2041 -0.0904 -0.9748
vn 0.1320 -0.1083 -0.9853
vn 0.0063 -0.9979 -0.0646
vn 0.0899 -0.7186 -0.6896
vn 0.1297 -0.0917 -0.9873
vn -0.0640 -0.7148 -0.6964
vn -0.0942 -0.0934 -0.9912
vn -0.0085 -0.9973 -0.0727
vn -0.3024 -0.7003 -0.6467
vn -0.4219 -0.0936 -0.9018
vn -0.0323 -0.9955 -0.0889
vn -0.0487 -0.9974 -0.0536
vn -0.5366 -0.7063 -0.4617
vn -0.7517 -0.0789 -0.6548
vn 0.1065 0.3588 -0.9273
vn -0.4088 0.9125 -0.0160
vn -0.7607 0.5883 0.2742
vn -0.9091 0.3096 0.2786
vn 0.7280 0.6749 0.1207
vn -0.3504 0.9344 -0.0641
vn -0.9872 -0.0338 -0.1559
vn -0.3530 0.9248 -0.1419
vn -0.9204 -0.0615 -0.3860
vn 0.6801 0.6834 0.2654
vn 0.6142 0.6905 0.3820
vn -0.3482 0.9078 -0.2339
vn -0.8373 -0.1127 -0.5350
vn -0.3157 0.8895 -0.3304
vn -0.6684 -0.1532 -0.7278
vn 0.4926 0.7010 0.5157
vn 0.3687 0.7164 0.5923
vn -0.2402 0.8842 -0.4005
vn -0.5197 -0.1081 -0.8474
vn -0.1541 0.8837 -0.4420
vn -0.3432 -0.1048 -0.9334
vn 0.2274 0.7249 0.6502
vn 0.6470 -0.1007 -0.7558
vn 0.5172 -0.1479 -0.8430
vn 0.2483 0.8865 -0.3905
vn 0.3295 0.8725 -0.3607
vn -0.3631 0.7292 0.5800
vn -0.4589 0.7339 0.5008
vn 0.1752 0.8825 -0.4364
vn -0.2256 0.7327 0.6421
vn 0.3230 -0.1496 -0.9345
vn -0.5450 0.7641 0.3450
vn 0.4425 0.8399 -0.3143
vn 0.7758 -0.1605 -0.6103
vn 0.4768 0.8301 -0.2893
vn 0.8873 -0.1133 -0.4471
vn -0.6134 0.7632 0.2029
vn 0.0164 -0.1449 -0.9893
vn -0.1855 -0.1473 -0.9715
vn -0.0704 0.8841 -0.4620
vn 0.0103 0.8842 -0.4671
vn 0.1198 0.7514 0.6489
vn -0.0005 0.7368 0.6761
vn -0.1192 0.7553 0.6444
vn 0.0911 0.8836 -0.4592
vn 0.1689 -0.0995 -0.9806
vn -0.9225 -0.2661 -0.2795
vn -0.7500 -0.2823 -0.5982
vn 0.8283 -0.2976 -0.4746
vn 0.6434 -0.2300 -0.7302
vn 0.1663 -0.2492 -0.9541
vn 0.4100 -0.2678 -0.8719
vn -0.0826 -0.2696 -0.9594
vn -0.5358 -0.2485 -0.8070
vn -0.3088 -0.2454 -0.9189
vn 0.6991 0.6814 0.2167
vn 0.5516 0.8110 0.1951
vn 0.5502 0.7025 0.4515
vn 0.4477 0.7879 0.4227
vn -0.5625 0.6259 0.5403
vn -0.6749 0.4151 0.6101
vn 0.0091 0.7014 0.7127
vn -0.2822 0.6688 0.6878
vn -0.0014 0.6535 0.7569
vn -0.2788 0.6007 0.7493
vn 0.2955 0.7086 0.6408
vn 0.2442 0.7548 0.6088
vn 0.3203 0.8776 0.3567
vn 0.1661 0.8970 0.4095
vn -0.5075 0.1363 0.8508
vn -0.7088 -0.6568 0.2572
vn -0.6851 -0.4781 0.5496
vn -0.6815 -0.7086 0.1828
vn 0.0053 0.7080 0.7062
vn -0.0411 0.5422 0.8392
vn -0.9839 0.1774 0.0199
vn -0.5504 0.7686 0.3261
vn -0.9887 0.0902 0.1201
vn -0.5914 0.2394 0.7700
vn -0.9770 -0.1833 0.1086
vn -0.9937 -0.1108 0.0179
vn -0.9970 -0.0776 0.0006
vn 0.0349 0.8695 -0.4928
vn 0.1679 0.7613 -0.6263
vn -0.0016 0.8089 -0.5879
vn 0.0955 0.8274 -0.5534
vn 0.3360 0.7221 -0.6047
vn 0.7684 0.3314 -0.5475
vn 0.4506 0.7363 -0.5048
vn 0.0231 0.0052 -0.9997
vn 0.0664 -0.0097 -0.9977
vn 0.0687 0.2471 -0.9666
vn 0.0170 0.1936 -0.9809
vn 0.6231 -0.0016 -0.7821
vn 0.6403 0.1678 -0.7496
vn 0.6407 -0.1407 -0.7548
vn 0.7013 -0.2062 -0.6824
vn 0.5722 -0.2305 -0.7870
vn 0.0404 -0.9990 -0.0176
vn 0.6404 -0.7176 -0.2738
vn 0.9121 -0.1194 -0.3921
vn 0.0414 -0.9983 -0.0403
vn 0.5068 -0.7146 -0.4821
vn 0.7186 -0.1109 -0.6865
vn 0.3473 -0.6995 -0.6246
vn 0.4786 -0.1104 -0.8711
vn 0.0412 -0.9959 -0.0803
vn 0.0503 -0.9854 -0.1626
vn 0.1955 -0.6695 -0.7166
vn 0.2570 -0.1096 -0.9602
vn 0.9171 0.1017 -0.3854
vn 0.0030 -1.0000 -0.0010
vn 0.0321 -0.9828 -0.1816
vn 0.2587 0.1297 -0.9572
vn 0.4863 0.1277 -0.8644
vn -0.0001 -1.0000 0.0021
vn 0.7222 0.1756 -0.6690
vn 0.5657 -0.3418 -0.7504
vn 0.6955 0.4246 -0.5796
vn 0.5441 -0.3351 -0.7692
vn 0.0152 -0.9870 -0.1598
vn 0.0000 0.1925 -0.9813
vn 0.0000 0.0060 -1.0000
vn 0.0000 0.8125 -0.5830
vn 0.0301 -0.0039 -0.9995
vn 0.0203 -0.0064 -0.9998
vn 0.0156 0.0049 -0.9999
vn -0.0000 0.0239 -0.9997
vn 0.0000 0.7221 -0.6918
vn 0.0000 0.0246 -0.9997
vn 0.1789 0.8755 -0.4489
vn -0.0000 0.7221 -0.6918
vn 0.0000 -0.0013 -1.0000
vn 0.0000 0.0262 -0.9997
vn 0.0000 0.0104 -0.9999
vn 0.0000 0.0239 -0.9997
vn 0.0826 0.7669 -0.6364
vn 0.0989 -0.6399 -0.7621
vn 0.1303 -0.1078 -0.9856
vn 0.1307 0.1257 -0.9834
vn 0.0049 0.1924 -0.9813
vn -0.0000 0.8159 -0.5782
vn 0.0002 0.0102 -0.9999
vn 0.0077 0.0192 -0.9998
vn 0.0001 0.0246 -0.9997
vn 0.0388 0.7709 -0.6358
vn 0.0688 -0.6561 -0.7515
vn 0.0906 -0.1070 -0.9901
vn 0.0905 0.1244 -0.9881
vn 0.5612 0.1560 -0.8129
vn 0.5565 0.0089 -0.8308
vn 0.4693 0.6855 -0.5567
vn 0.5651 0.0207 -0.8248
vn 0.5796 -0.0105 -0.8148
vn 0.5906 -0.0653 -0.8044
vn 0.5267 -0.0833 -0.8460
vn 0.5679 -0.1114 -0.8155
vn 0.5664 -0.2088 -0.7972
vn 0.5281 -0.2604 -0.8083
# 2192 vertex normals

vt 0.6833 0.8750 0.0000
vt 0.9096 0.7778 0.0000
vt 0.9492 0.5000 0.0000
vt 0.6833 0.5000 0.0000
vt 1.0000 0.0000 0.0000
vt 0.6950 0.0000 0.0000
vt 0.0000 0.5934 0.0000
vt 0.0000 0.6966 0.0000
vt 0.5000 0.6966 0.0000
vt 0.5000 0.6192 0.0000
vt 0.0000 0.8499 0.0000
vt 0.5000 0.8495 0.0000
vt 1.0000 0.8499 0.0000
vt 1.0000 0.6966 0.0000
vt 1.0000 0.5934 0.0000
vt 0.5934 1.0000 0.0000
vt 0.6966 1.0000 0.0000
vt 0.6966 0.5000 0.0000
vt 0.6192 0.5000 0.0000
vt 0.8499 1.0000 0.0000
vt 0.8495 0.5000 0.0000
vt 0.8499 0.0000 0.0000
vt 0.6966 0.0000 0.0000
vt 0.5934 0.0000 0.0000
vt 0.0000 0.0000 0.0000
vt 0.0000 0.5000 0.0000
vt 0.2967 0.5000 0.0000
vt 0.2967 0.0000 0.0000
vt 0.0000 1.0000 0.0000
vt 0.2967 0.8750 0.0000
vt 0.7277 0.6300 0.0000
vt 0.7277 0.2540 0.0000
vt 0.5712 0.2540 0.0000
vt 0.5712 0.6300 0.0000
vt 0.7277 0.0635 0.0000
vt 0.5712 0.0635 0.0000
vt 0.4066 0.0000 0.0000
vt 0.4066 0.2540 0.0000
vt 0.4066 0.6310 0.0000
vt 1.0000 0.6310 0.0000
vt 1.0000 0.2540 0.0000
vt 0.8679 0.2540 0.0000
vt 0.8679 0.6300 0.0000
vt 0.8679 0.0635 0.0000
vt 0.7277 0.9385 0.0000
vt 0.8679 0.9385 0.0000
vt 1.0000 1.0000 0.0000
vt 0.4066 1.0000 0.0000
vt 0.5712 0.9385 0.0000
vt 0.9750 0.5000 0.0000
vt 0.5000 0.9750 0.0000
vt 0.0000 0.2500 0.0000
vt 0.5000 0.8750 0.0000
vt 0.5000 0.2500 0.0000
vt 1.0000 0.2500 0.0000
vt 0.5000 0.5000 0.0000
vt 0.5000 0.0000 0.0000
vt 1.0000 0.5000 0.0000
vt 0.7500 0.3619 0.0000
vt 0.1250 0.3631 0.0000
vt 0.1250 0.7404 0.0000
vt 0.7500 0.7404 0.0000
vt 0.7500 1.0000 0.0000
vt 0.0000 0.2596 0.0000
vt 0.5000 0.2596 0.0000
vt 0.0000 0.6393 0.0000
vt 0.5000 0.6369 0.0000
vt 1.0000 0.6393 0.0000
vt 1.0000 0.2596 0.0000
vt 0.5000 1.0000 0.0000
vt 0.8750 0.5000 0.0000
vt 0.6950 1.0000 0.0000
vt 0.5000 0.5934 0.0000
vt 0.5934 0.5000 0.0000
vt 0.2967 1.0000 0.0000
vt 0.5712 0.0000 0.0000
vt 0.7358 0.0000 0.0000
vt 0.8679 0.0000 0.0000
vt 0.7358 1.0000 0.0000
vt 0.8679 1.0000 0.0000
vt 0.5712 1.0000 0.0000
vt 0.0000 0.3607 0.0000
vt 0.0000 0.7404 0.0000
vt 0.9492 0.8750 0.0000
vt 0.6833 1.0000 0.0000
vt 0.7277 0.0000 0.0000
vt 0.7277 1.0000 0.0000
vt 0.0000 0.3631 0.0000
vt 0.7500 0.0000 0.0000
vt 0.5890 0.2500 0.0000
vt 0.6216 0.2656 0.0000
vt 0.6250 0.3125 0.0000
vt 0.6250 0.3750 0.0000
vt 0.6250 0.4375 0.0000
vt 0.6216 0.4844 0.0000
vt 0.5890 0.5000 0.0000
vt 0.5888 0.0128 0.0000
vt 0.5882 0.0026 0.0000
vt 0.6236 0.0026 0.0000
vt 0.6250 0.0052 0.0000
vt 0.5960 -0.0000 0.0000
vt 0.6223 0.0000 0.0000
vt 0.5856 0.7716 0.0000
vt 0.5871 0.7520 0.0000
vt 0.6190 0.7674 0.0000
vt 0.6150 0.7819 0.0000
vt 0.5885 0.7384 0.0000
vt 0.6250 0.7450 0.0000
vt 0.6268 0.0026 0.0000
vt 0.6867 0.0026 0.0000
vt 0.6873 0.0127 0.0000
vt 0.6286 0.0000 0.0000
vt 0.6859 0.0000 0.0000
vt 0.7432 0.0000 0.0000
vt 0.7466 0.0026 0.0000
vt 0.7500 0.0052 0.0000
vt 0.6250 0.8750 0.0000
vt 0.6223 0.8741 0.0000
vt 0.6223 0.8132 0.0000
vt 0.6250 0.8100 0.0000
vt 0.6195 0.8732 0.0000
vt 0.6170 0.8155 0.0000
vt 0.5850 0.8737 0.0000
vt 0.5851 0.8164 0.0000
vt 0.6188 0.9304 0.0000
vt 0.5846 0.9309 0.0000
vt 0.6182 0.9875 0.0000
vt 0.5925 0.9879 0.0000
vt 0.5890 0.1294 0.0000
vt 0.6372 0.1288 0.0000
vt 0.5890 0.0379 0.0000
vt 0.6372 0.0376 0.0000
vt 0.5890 0.6009 0.0000
vt 0.6250 0.5939 0.0000
vt 0.6251 0.6489 0.0000
vt 0.5988 0.6598 0.0000
vt 0.6875 0.1294 0.0000
vt 0.6823 0.2630 0.0000
vt 0.6192 0.2630 0.0000
vt 0.6875 0.0380 0.0000
vt 0.7500 0.0382 0.0000
vt 0.7501 0.1299 0.0000
vt 0.7500 0.2629 0.0000
vt 0.6874 0.2629 0.0000
vt 0.8125 0.1294 0.0000
vt 0.8125 0.2629 0.0000
vt 0.7497 0.2629 0.0000
vt 0.8125 0.0380 0.0000
vt 0.8750 0.0375 0.0000
vt 0.8750 0.1285 0.0000
vt 0.8755 0.2631 0.0000
vt 0.8122 0.2630 0.0000
vt 0.6250 0.7125 0.0000
vt 0.5890 0.7120 0.0000
vt 0.8125 0.0051 0.0000
vt 0.8750 0.0050 0.0000
vt 0.5888 0.4994 0.0000
vt 0.6213 0.4839 0.0000
vt 0.5879 0.2533 0.0000
vt 0.5887 0.2508 0.0000
vt 0.6212 0.2664 0.0000
vt 0.6201 0.2687 0.0000
vt 0.5870 0.3162 0.0000
vt 0.6246 0.3130 0.0000
vt 0.6236 0.3145 0.0000
vt 0.6247 0.3751 0.0000
vt 0.6237 0.3755 0.0000
vt 0.5872 0.3758 0.0000
vt 0.6237 0.4366 0.0000
vt 0.5872 0.4356 0.0000
vt 0.6247 0.4373 0.0000
vt 0.6204 0.4824 0.0000
vt 0.5881 0.4978 0.0000
vt 0.5489 0.5000 0.0000
vt 0.5000 0.4995 0.0000
vt 0.5488 0.4995 0.0000
vt 0.5484 0.4979 0.0000
vt 0.5479 0.4356 0.0000
vt 0.5000 0.4979 0.0000
vt 0.5000 0.4355 0.0000
vt 0.5479 0.3755 0.0000
vt 0.5000 0.3754 0.0000
vt 0.5000 0.2530 0.0000
vt 0.5483 0.2531 0.0000
vt 0.5478 0.3158 0.0000
vt 0.5000 0.3156 0.0000
vt 0.5000 0.2508 0.0000
vt 0.5488 0.2508 0.0000
vt 0.5489 0.2500 0.0000
vt 0.5000 0.1310 0.0000
vt 0.5489 0.1304 0.0000
vt 0.5000 0.0389 0.0000
vt 0.5489 0.0385 0.0000
vt 0.5000 0.0056 0.0000
vt 0.5489 0.0130 0.0000
vt 0.5006 0.0028 0.0000
vt 0.5488 0.0027 0.0000
vt 0.5013 -0.0000 0.0000
vt 0.5486 -0.0000 0.0000
vt 0.5465 0.9315 0.0000
vt 0.5467 0.8742 0.0000
vt 0.5463 0.9886 0.0000
vt 0.5000 0.9894 0.0000
vt 0.5000 0.9319 0.0000
vt 0.5000 0.8744 0.0000
vt 0.5000 0.7713 0.0000
vt 0.5471 0.7714 0.0000
vt 0.5468 0.8165 0.0000
vt 0.5000 0.8166 0.0000
vt 0.5000 0.7516 0.0000
vt 0.5479 0.7517 0.0000
vt 0.5000 0.7380 0.0000
vt 0.5487 0.7382 0.0000
vt 0.6048 0.6634 0.0000
vt 0.5576 0.6831 0.0000
vt 0.5489 0.6088 0.0000
vt 0.5489 0.7115 0.0000
vt 0.5000 0.7111 0.0000
vt 0.5490 0.6934 0.0000
vt 0.5018 0.7131 0.0000
vt 0.5000 0.6136 0.0000
vt 0.6468 0.8914 0.0000
vt 0.6249 0.9345 0.0000
vt 0.5907 0.9686 0.0000
vt 0.5477 0.9905 0.0000
vt 0.5000 0.6875 0.0000
vt 0.5477 0.6970 0.0000
vt 0.5907 0.7189 0.0000
vt 0.6249 0.7530 0.0000
vt 0.6468 0.7961 0.0000
vt 0.6543 0.8438 0.0000
vt 0.6250 0.5344 0.0000
vt 0.6243 0.6884 0.0000
vt 0.6132 0.6884 0.0000
vt 0.6125 0.5344 0.0000
vt 0.3757 0.6884 0.0000
vt 0.3750 0.5344 0.0000
vt 0.3875 0.5344 0.0000
vt 0.3868 0.6884 0.0000
vt 0.3882 0.6884 0.0000
vt 0.4000 0.5344 0.0000
vt 0.3993 0.6884 0.0000
vt 0.4007 0.6884 0.0000
vt 0.4125 0.5344 0.0000
vt 0.4118 0.6884 0.0000
vt 0.4132 0.6884 0.0000
vt 0.4250 0.5344 0.0000
vt 0.4243 0.6884 0.0000
vt 0.5507 0.6884 0.0000
vt 0.5500 0.5344 0.0000
vt 0.5625 0.5344 0.0000
vt 0.5618 0.6884 0.0000
vt 0.5632 0.6884 0.0000
vt 0.5750 0.5344 0.0000
vt 0.5743 0.6884 0.0000
vt 0.5757 0.6884 0.0000
vt 0.5875 0.5344 0.0000
vt 0.5868 0.6884 0.0000
vt 0.5882 0.6884 0.0000
vt 0.6000 0.5344 0.0000
vt 0.5993 0.6884 0.0000
vt 0.6007 0.6884 0.0000
vt 0.6118 0.6884 0.0000
vt 0.3750 0.3125 0.0000
vt 0.3875 0.3125 0.0000
vt 0.3875 0.4235 0.0000
vt 0.3750 0.4235 0.0000
vt 0.4000 0.3125 0.0000
vt 0.4000 0.4235 0.0000
vt 0.4125 0.3125 0.0000
vt 0.4125 0.4235 0.0000
vt 0.4250 0.3125 0.0000
vt 0.4250 0.4235 0.0000
vt 0.5500 0.3125 0.0000
vt 0.5625 0.3125 0.0000
vt 0.5625 0.4235 0.0000
vt 0.5500 0.4235 0.0000
vt 0.5750 0.3125 0.0000
vt 0.5750 0.4235 0.0000
vt 0.5875 0.3125 0.0000
vt 0.5875 0.4235 0.0000
vt 0.6000 0.3125 0.0000
vt 0.6000 0.4235 0.0000
vt 0.6125 0.3125 0.0000
vt 0.6125 0.4235 0.0000
vt 0.6250 0.4235 0.0000
vt 0.6256 0.9350 0.0000
vt 0.6477 0.8917 0.0000
vt 0.5913 0.9694 0.0000
vt 0.5480 0.9914 0.0000
vt 0.5480 0.6961 0.0000
vt 0.5913 0.7181 0.0000
vt 0.6256 0.7525 0.0000
vt 0.6477 0.7958 0.0000
vt 0.6553 0.8438 0.0000
vt 0.6131 0.9254 0.0000
vt 0.6330 0.8864 0.0000
vt 0.6398 0.8432 0.0000
vt 0.5822 0.9563 0.0000
vt 0.5432 0.9762 0.0000
vt 0.5000 0.9847 0.0000
vt 0.5432 0.7102 0.0000
vt 0.5000 0.7016 0.0000
vt 0.5822 0.7300 0.0000
vt 0.6131 0.7610 0.0000
vt 0.6330 0.8000 0.0000
vt 0.5000 0.8375 0.0000
vt 0.3844 0.3125 0.0000
vt 0.4094 0.3125 0.0000
vt 0.4094 0.5005 0.0000
vt 0.3844 0.5005 0.0000
vt 0.4344 0.3125 0.0000
vt 0.4344 0.5005 0.0000
vt 0.4594 0.3125 0.0000
vt 0.4594 0.5005 0.0000
vt 0.4844 0.3125 0.0000
vt 0.4844 0.5005 0.0000
vt 0.5094 0.3125 0.0000
vt 0.5094 0.5005 0.0000
vt 0.5344 0.3125 0.0000
vt 0.5344 0.5005 0.0000
vt 0.5594 0.3125 0.0000
vt 0.5594 0.5005 0.0000
vt 0.5844 0.3125 0.0000
vt 0.5844 0.5005 0.0000
vt 0.6094 0.3125 0.0000
vt 0.6094 0.5005 0.0000
vt 0.6250 0.5005 0.0000
vt 0.6317 0.0341 0.0000
vt 0.7500 0.0327 0.0000
vt 0.8750 0.0249 0.0000
vt 0.7507 0.2067 0.0000
vt 0.7502 0.1672 0.0000
vt 0.9018 0.2748 0.0000
vt 0.9123 0.3722 0.0000
vt 0.6032 0.2500 0.0000
vt 0.5002 0.1157 0.0000
vt 0.5000 0.0249 0.0000
vt 0.5658 0.0309 0.0000
vt 0.5536 0.1613 0.0000
vt 0.6152 0.0333 0.0000
vt 0.5892 0.1867 0.0000
vt 0.6087 0.7179 0.0000
vt 0.5621 0.7202 0.0000
vt 0.5574 0.5174 0.0000
vt 0.6004 0.4882 0.0000
vt 0.5000 0.7251 0.0000
vt 0.5000 0.5564 0.0000
vt 0.5000 0.4907 0.0000
vt 0.5559 0.4567 0.0000
vt 0.5877 0.4474 0.0000
vt 0.5937 0.0000 0.0000
vt 0.6875 0.0000 0.0000
vt 0.5625 0.8766 0.0000
vt 0.6146 0.8766 0.0000
vt 0.9398 0.0000 0.0000
vt 0.4697 0.0293 0.0000
vt 0.4692 0.1171 0.0000
vt 0.9385 0.1171 0.0000
vt 0.0000 0.1171 0.0000
vt 0.1180 0.7198 0.0000
vt 0.5959 0.7059 0.0000
vt 0.7646 0.7067 0.0000
vt 0.2725 0.0000 0.0000
vt 0.2665 0.5000 0.0000
vt 0.8829 0.5000 0.0000
vt 0.8829 0.0000 0.0000
vt 0.2605 1.0000 0.0000
vt 0.8829 1.0000 0.0000
vt 0.9707 0.5000 0.0000
vt 0.5000 0.1171 0.0000
vt 0.5000 0.0293 0.0000
vt 0.0000 0.7219 0.0000
vt 0.5000 0.7247 0.0000
vt 1.0000 0.7275 0.0000
vt 1.0000 0.1171 0.0000
vt 1.0000 0.2834 0.0000
vt 0.5000 0.2807 0.0000
vt 0.5000 0.8829 0.0000
vt 1.0000 0.8829 0.0000
vt 0.0000 0.2781 0.0000
vt 0.0000 0.8829 0.0000
vt 0.5000 0.9707 0.0000
vt 0.0000 0.7069 0.0000
vt 0.5000 0.7118 0.0000
vt 1.0000 0.7166 0.0000
vt 0.1751 0.0445 0.0000
vt 0.1970 0.4484 0.0000
vt 0.5320 0.2899 0.0000
vt 0.5300 0.0248 0.0000
vt 0.2189 0.8523 0.0000
vt 0.5339 0.5550 0.0000
vt 0.5964 0.4960 0.0000
vt 0.5816 0.2664 0.0000
vt 0.5999 0.0210 0.0000
vt 0.1883 0.8244 0.0000
vt 0.1134 0.7794 0.0000
vt 0.0000 0.9092 0.0000
vt 0.2499 0.9088 0.0000
vt 0.1942 0.9927 0.0000
vt 0.2093 0.4963 0.0000
vt 0.0895 0.5000 0.0000
vt 0.0908 1.0000 0.0000
vt 0.2068 0.9853 0.0000
vt 0.2396 0.4927 0.0000
vt 0.2244 0.0000 0.0000
vt 0.0881 0.0000 0.0000
vt 0.9906 0.8095 0.0000
vt 0.4953 0.7915 0.0000
vt 0.5000 0.9122 0.0000
vt 1.0000 0.9119 0.0000
vt 0.9811 0.7953 0.0000
vt 0.4906 0.7586 0.0000
vt 0.0000 0.7736 0.0000
vt 0.0000 0.9126 0.0000
vt 0.0071 0.1893 0.0000
vt 0.5035 0.2089 0.0000
vt 0.5000 0.0871 0.0000
vt 0.0000 0.0874 0.0000
vt 0.0142 0.2037 0.0000
vt 0.5071 0.2435 0.0000
vt 1.0000 0.2284 0.0000
vt 1.0000 0.0868 0.0000
vt 0.9919 0.8118 0.0000
vt 0.4959 0.7897 0.0000
vt 0.5000 0.9137 0.0000
vt 1.0000 0.9132 0.0000
vt 0.9837 0.7972 0.0000
vt 0.4918 0.7521 0.0000
vt 0.0000 0.7677 0.0000
vt 0.0000 0.9142 0.0000
vt 0.1614 0.8981 0.0000
vt 0.1512 0.4723 0.0000
vt 0.0816 0.5039 0.0000
vt 0.1082 0.9568 0.0000
vt 0.1689 0.8827 0.0000
vt 0.1720 0.4636 0.0000
vt 0.1460 0.2593 0.0000
vt 0.0683 0.2775 0.0000
vt 0.5000 0.9784 0.0000
vt 0.5000 0.0218 0.0000
vt 0.5000 0.9781 0.0000
vt 0.0224 0.5000 0.0000
vt 0.2496 1.0000 0.0000
vt 0.0307 0.2873 0.0000
vt 0.0450 0.5212 0.0000
vt 0.0624 1.0000 0.0000
vt 0.0000 0.4442 0.0000
vt 0.3538 0.6251 0.0000
vt 0.2500 1.0000 0.0000
vt 0.5419 0.5000 0.0000
vt 0.5558 1.0000 0.0000
vt 0.5558 0.0000 0.0000
vt 0.5000 0.4581 0.0000
vt 1.0000 0.4442 0.0000
vt 0.5000 0.5419 0.0000
vt 0.0000 0.5558 0.0000
vt 1.0000 0.5558 0.0000
vt 0.0329 0.5270 0.0000
vt 0.3392 0.3815 0.0000
vt 0.3592 0.7199 0.0000
vt 0.0034 0.0540 0.0000
vt 0.3349 0.0356 0.0000
vt 0.4699 0.0000 0.0000
vt 0.5981 0.2585 0.0000
vt 0.0312 0.8750 0.0000
vt 0.3036 1.0000 0.0000
vt 0.0181 0.2905 0.0000
vt 0.9342 0.4801 0.0000
vt 0.9282 1.0000 0.0000
vt 0.5891 1.0000 0.0000
vt 0.5897 1.0000 0.0000
vt 0.5902 1.0000 0.0000
vt 0.7596 1.0000 0.0000
vt 0.9308 1.0000 0.0000
vt 0.9443 0.8152 0.0000
vt 0.7671 0.7798 0.0000
vt 0.5965 0.7796 0.0000
vt 0.5972 0.8164 0.0000
vt 0.6103 0.1855 0.0000
vt 0.5517 0.1902 0.0000
vt 0.5002 0.1305 0.0000
vt 0.5554 0.4365 0.0000
vt 0.6107 0.3823 0.0000
vt 0.6147 0.4784 0.0000
vt 0.6250 0.7251 0.0000
vt 0.7320 0.1239 0.0000
vt 0.7183 0.0115 0.0000
vt 0.8193 -0.0004 0.0000
vt 0.8196 0.1250 0.0000
vt 0.8142 0.2500 0.0000
vt 0.7178 0.2337 0.0000
vt 0.6150 0.6250 0.0000
vt 0.6150 0.5680 0.0000
vt 0.6250 0.5625 0.0000
vt 0.6250 0.6250 0.0000
vt 0.6150 0.6818 0.0000
vt 0.6250 0.6875 0.0000
vt 0.5576 0.3850 0.0000
vt 0.6367 0.2491 0.0000
vt 0.6308 0.3404 0.0000
vt 0.6153 0.4358 0.0000
vt 0.6250 0.4441 0.0000
vt 0.6151 0.8114 0.0000
vt 0.6050 0.8187 0.0000
vt 0.6050 0.7935 0.0000
vt 0.6150 0.7453 0.0000
vt 0.6050 0.7480 0.0000
vt 0.6150 0.5039 0.0000
vt 0.6250 0.5020 0.0000
vt 0.6006 0.9545 0.0000
vt 0.6160 0.9526 0.0000
vt 0.5000 0.4313 0.0000
vt 0.4984 0.2960 0.0000
vt 0.5506 0.2957 0.0000
vt 0.5525 0.4313 0.0000
vt 0.5758 0.3561 0.0000
vt 0.6050 0.4313 0.0000
vt 0.5009 0.9540 0.0000
vt 0.5000 0.8187 0.0000
vt 0.5525 0.8187 0.0000
vt 0.5527 0.9391 0.0000
vt 0.6050 0.6875 0.0000
vt 0.6314 0.1181 0.0000
vt 0.7201 -0.0065 0.0000
vt 0.8253 0.0000 0.0000
vt 0.8191 0.2500 0.0000
vt 0.7216 0.2496 0.0000
vt 0.8629 0.0156 0.0000
vt 0.8611 0.0195 0.0000
vt 0.8736 0.1250 0.0000
vt 0.8750 0.0625 0.0000
vt 0.8750 0.1250 0.0000
vt 0.8750 0.1875 0.0000
vt 0.8613 0.2344 0.0000
vt 0.8593 0.2305 0.0000
vt 0.6383 0.6899 0.0000
vt 0.6897 0.1319 0.0000
vt 0.6423 0.1074 0.0000
vt 0.5350 0.3796 0.0000
vt 0.4732 0.0659 0.0000
vt 0.0750 0.2109 0.0000
vt 0.7515 0.0205 0.0000
vt 0.7948 0.0515 0.0000
vt 0.6434 0.1170 0.0000
vt 0.2561 0.0338 0.0000
vt 0.8639 0.0643 0.0000
vt 0.6005 0.0006 0.0000
vt 0.2639 0.0393 0.0000
vt 0.1750 0.0530 0.0000
vt 0.1084 0.2700 0.0000
vt 0.1134 0.4905 0.0000
vt 0.1693 0.6694 0.0000
vt 0.1263 0.9296 0.0000
vt 0.4712 0.5735 0.0000
vt 0.1245 0.4650 0.0000
vt 0.0087 0.8284 0.0000
vt 0.4691 0.8226 0.0000
vt 0.1367 0.9903 0.0000
vt 0.2035 0.9698 0.0000
vt 0.2376 0.4913 0.0000
vt 0.1456 0.4953 0.0000
vt 0.2716 0.0127 0.0000
vt 0.1725 0.0000 0.0000
vt 0.9880 0.8704 0.0000
vt 0.9789 0.7958 0.0000
vt 0.4934 0.7591 0.0000
vt 0.4947 0.8563 0.0000
vt 0.0078 0.7225 0.0000
vt 0.0000 0.8266 0.0000
vt 0.0088 0.1270 0.0000
vt 0.0186 0.2028 0.0000
vt 0.5062 0.2428 0.0000
vt 0.5041 0.1434 0.0000
vt 0.9938 0.2829 0.0000
vt 1.0000 0.1744 0.0000
vt 0.9900 0.8752 0.0000
vt 0.9755 0.7989 0.0000
vt 0.4932 0.7534 0.0000
vt 0.4954 0.8564 0.0000
vt 0.0110 0.7079 0.0000
vt 0.0000 0.8241 0.0000
vt 0.4726 0.9534 0.0000
vt 0.0222 0.4993 0.0000
vt 0.4993 0.9811 0.0000
vt 0.5006 0.0188 0.0000
vt 0.4994 0.9812 0.0000
vt 0.0434 0.5222 0.0000
vt 0.0299 0.2878 0.0000
vt 0.7022 0.5779 0.0000
vt 0.7035 0.3166 0.0000
vt 0.5482 0.0000 0.0000
vt 0.5424 0.5000 0.0000
vt 0.5366 1.0000 0.0000
vt 0.0000 0.4497 0.0000
vt 0.5000 0.4507 0.0000
vt 1.0000 0.4518 0.0000
vt 1.0000 0.5674 0.0000
vt 0.5000 0.5588 0.0000
vt 0.0000 0.5503 0.0000
vt 0.5000 0.4246 0.0000
vt 1.0000 0.4326 0.0000
vt 0.3950 0.1283 0.0000
vt 0.6211 0.0642 0.0000
vt 0.9018 0.0321 0.0000
vt 0.4322 0.0200 0.0000
vt 0.1712 0.4639 0.0000
vt 0.0872 0.5023 0.0000
vt 0.0788 0.2763 0.0000
vt 0.1673 0.8749 0.0000
vt 0.1038 0.9544 0.0000
vt 0.9303 0.8230 0.0000
vt 0.4741 0.8077 0.0000
vt 0.2411 0.5961 0.0000
vt 0.0564 0.9914 0.0000
vt 0.0818 0.4957 0.0000
vt 0.1073 0.0000 0.0000
vt 0.9926 0.9194 0.0000
vt 0.4963 0.9051 0.0000
vt 0.0000 0.8908 0.0000
vt 0.0056 0.0800 0.0000
vt 0.5028 0.0954 0.0000
vt 1.0000 0.1109 0.0000
vt 0.9936 0.9206 0.0000
vt 0.4968 0.9033 0.0000
vt 0.0000 0.8860 0.0000
vt 1.0000 0.7500 0.0000
vt 0.3899 0.5000 0.0000
vt 0.3976 0.0000 0.0000
vt 0.3821 1.0000 0.0000
vt 0.5000 0.6010 0.0000
vt 0.0000 0.5996 0.0000
vt 1.0000 0.6024 0.0000
vt 0.5000 0.4118 0.0000
vt 1.0000 0.4231 0.0000
vt 0.0000 0.4004 0.0000
vt 0.5000 0.5662 0.0000
vt 0.0000 0.5555 0.0000
vt 1.0000 0.5769 0.0000
vt 0.5973 0.3773 0.0000
vt 0.2793 0.4079 0.0000
vt 0.2589 0.0399 0.0000
vt 0.2997 0.7760 0.0000
vt 0.0160 0.0533 0.0000
vt 0.0373 0.2859 0.0000
vt 0.0501 0.5190 0.0000
vt 0.0432 0.5223 0.0000
vt 0.0758 0.9852 0.0000
vt 0.0703 0.9913 0.0000
vt 0.0000 0.9768 0.0000
vt 0.0000 0.9623 0.0000
vt 0.4990 0.9692 0.0000
vt 0.4994 0.9814 0.0000
vt 0.9981 0.9760 0.0000
vt 0.9989 0.9859 0.0000
vt 1.0000 0.0186 0.0000
vt 1.0000 0.0330 0.0000
vt 0.5008 0.0280 0.0000
vt 0.5005 0.0157 0.0000
vt 0.0016 0.0229 0.0000
vt 0.0009 0.0129 0.0000
vt 0.0000 0.9834 0.0000
vt 0.0000 0.9692 0.0000
vt 0.4990 0.9734 0.0000
vt 0.4994 0.9852 0.0000
vt 0.9979 0.9777 0.0000
vt 0.9988 0.9870 0.0000
vt 0.0141 0.0000 0.0000
vt 0.0281 0.0000 0.0000
vt 0.0090 0.5060 0.0000
vt 0.0090 0.5157 0.0000
vt -0.0100 1.0119 0.0000
vt 0.0038 1.0314 0.0000
vt 0.0226 0.4992 0.0000
vt 0.0113 0.4996 0.0000
vt 0.0452 0.9984 0.0000
vt 0.0226 0.9992 0.0000
vt 0.2917 0.9962 0.0000
vt -0.0076 0.9104 0.0000
vt 0.3541 0.7248 0.0000
vt 0.5267 0.8015 0.0000
vt 0.6532 0.8341 0.0000
vt 0.6909 0.9573 0.0000
vt 0.3183 0.6246 0.0000
vt 0.6250 0.2098 0.0000
vt 0.6809 0.2098 0.0000
vt 0.6234 0.2098 0.0000
vt 0.7469 0.2042 0.0000
vt 0.7424 0.2028 0.0000
vt 0.7528 0.1649 0.0000
vt 0.6969 0.1649 0.0000
vt 0.6274 0.1649 0.0000
vt 0.7771 0.1874 0.0000
vt 0.7721 0.1846 0.0000
vt 0.7771 0.1649 0.0000
vt 0.7771 0.1425 0.0000
vt 0.7721 0.1453 0.0000
vt 0.7469 0.1257 0.0000
vt 0.7424 0.1271 0.0000
vt 0.6809 0.1201 0.0000
vt 0.6250 0.1201 0.0000
vt 0.6234 0.1201 0.0000
vt 0.5625 0.1201 0.0000
vt 0.5000 0.1201 0.0000
vt 0.5000 0.1649 0.0000
vt 0.5625 0.1649 0.0000
vt 0.5000 0.2098 0.0000
vt 0.5625 0.2098 0.0000
vt 0.6250 0.7465 0.0000
vt 0.6250 0.7997 0.0000
vt 0.6252 0.9040 0.0000
vt 0.6254 0.9972 0.0000
vt 0.6050 0.5625 0.0000
vt 0.6050 0.6250 0.0000
vt 0.6050 0.5020 0.0000
vt 0.6050 0.4565 0.0000
vt 0.5615 0.3779 0.0000
vt 0.5420 0.3995 0.0000
vt 0.4188 0.3125 0.0000
vt 0.3962 0.3125 0.0000
vt 0.5085 0.3125 0.0000
vt 0.4414 0.3125 0.0000
vt 0.4640 0.3125 0.0000
vt 0.4867 0.3125 0.0000
vt 0.5093 0.3125 0.0000
vt 0.5319 0.3125 0.0000
vt 0.5545 0.3125 0.0000
vt 0.5772 0.3125 0.0000
vt 0.5998 0.3125 0.0000
vt 0.6139 0.3125 0.0000
vt 0.6993 0.8226 0.0000
vt 0.3672 0.0000 0.0000
vt 0.3906 0.0466 0.0000
vt 0.4375 0.0466 0.0000
vt 0.4375 0.0000 0.0000
vt 0.5000 0.0469 0.0000
vt 0.3750 0.7031 0.0000
vt 0.3789 0.7539 0.0000
vt 0.4219 0.7490 0.0000
vt 0.4219 0.7033 0.0000
vt 0.5000 0.7969 0.0000
vt 0.5000 0.7500 0.0000
vt 0.4303 0.7582 0.0000
vt 0.4301 0.7968 0.0000
vt 0.5000 0.9844 0.0000
vt 0.5000 0.9375 0.0000
vt 0.4375 0.9414 0.0000
vt 0.4375 0.9844 0.0000
vt 0.3789 0.9336 0.0000
vt 0.3906 0.9844 0.0000
vt 0.4062 0.9414 0.0000
vt 0.1250 0.0000 0.0000
vt 0.1250 0.0469 0.0000
vt 0.1719 0.0465 0.0000
vt 0.1719 0.0000 0.0000
vt 0.2188 0.0465 0.0000
vt 0.2188 0.0000 0.0000
vt 0.2656 0.0465 0.0000
vt 0.2656 0.0000 0.0000
vt 0.3125 0.0466 0.0000
vt 0.3125 0.0000 0.0000
vt 0.3438 0.0466 0.0000
vt 0.4236 0.7005 0.0000
vt 0.4005 0.7239 0.0000
vt 0.4771 0.6142 0.0000
vt 0.5694 0.5208 0.0000
vt 0.3806 0.7497 0.0000
vt 0.4157 0.7321 0.0000
vt 0.4375 0.9375 0.0000
vt 0.4922 0.9375 0.0000
vt 0.4062 0.9375 0.0000
vt 0.3828 0.9297 0.0000
vt 0.3750 0.8906 0.0000
vt 0.3750 0.8438 0.0000
vt 0.3750 0.7969 0.0000
vt 0.3828 0.7578 0.0000
vt 0.3818 0.7520 0.0000
vt 0.4080 0.7480 0.0000
vt 0.4242 0.7195 0.0000
vt 0.5827 0.6072 0.0000
vt 0.5000 0.8427 0.0000
vt 0.4301 0.8424 0.0000
vt 0.4922 0.8875 0.0000
vt 0.4253 0.8878 0.0000
vt 0.4844 0.9373 0.0000
vt 0.4845 0.9368 0.0000
vt 0.4380 0.9367 0.0000
vt 0.4376 0.9373 0.0000
vt 0.4845 0.9286 0.0000
vt 0.4382 0.9285 0.0000
vt 0.3857 0.7590 0.0000
vt 0.3769 0.7586 0.0000
vt 0.3765 0.7974 0.0000
vt 0.3851 0.7977 0.0000
vt 0.3755 0.7580 0.0000
vt 0.3754 0.7970 0.0000
vt 0.3763 0.8440 0.0000
vt 0.3848 0.8441 0.0000
vt 0.3753 0.8438 0.0000
vt 0.3753 0.8906 0.0000
vt 0.3764 0.8903 0.0000
vt 0.3849 0.8902 0.0000
vt 0.3832 0.9295 0.0000
vt 0.3842 0.9289 0.0000
vt 0.3908 0.9225 0.0000
vt 0.4072 0.9366 0.0000
vt 0.4079 0.9284 0.0000
vt 0.4065 0.9373 0.0000
vt 0.3750 0.7578 0.0000
vt 0.5000 0.0019 0.0000
vt 0.5000 0.4991 0.0000
vt 0.1994 0.5209 0.0000
vt 0.8476 0.0017 0.0000
vt 0.5000 0.9950 0.0000
vt 0.1226 0.9998 0.0000
vt 0.4995 0.1219 0.0000
vt 0.4842 0.1212 0.0000
vt 0.4687 0.1212 0.0000
vt 0.4687 0.1219 0.0000
vt 0.4843 0.1134 0.0000
vt 0.4687 0.1134 0.0000
vt 0.4375 0.1204 0.0000
vt 0.4377 0.1212 0.0000
vt 0.4379 0.1219 0.0000
vt 0.4367 0.1219 0.0000
vt 0.4371 0.1212 0.0000
vt 0.4061 0.1211 0.0000
vt 0.4059 0.1218 0.0000
vt 0.4062 0.1133 0.0000
vt 0.3750 0.1202 0.0000
vt 0.3751 0.1210 0.0000
vt 0.3751 0.1217 0.0000
vt 0.3737 0.1218 0.0000
vt 0.3744 0.1210 0.0000
vt 0.3434 0.1207 0.0000
vt 0.3431 0.1214 0.0000
vt 0.3437 0.1131 0.0000
vt 0.3125 0.1200 0.0000
vt 0.3125 0.1205 0.0000
vt 0.3125 0.1210 0.0000
vt 0.1250 0.1188 0.0000
vt 0.1250 0.1194 0.0000
vt 0.1558 0.1197 0.0000
vt 0.1561 0.1121 0.0000
vt 0.1250 0.1200 0.0000
vt 0.1554 0.1203 0.0000
vt 0.1859 0.1206 0.0000
vt 0.1867 0.1200 0.0000
vt 0.1875 0.1193 0.0000
vt 0.3767 0.6299 0.0000
vt 0.3759 0.6306 0.0000
vt 0.4067 0.6307 0.0000
vt 0.4071 0.6302 0.0000
vt 0.3750 0.6312 0.0000
vt 0.4064 0.6381 0.0000
vt 0.4375 0.6312 0.0000
vt 0.4375 0.6308 0.0000
vt 0.4375 0.6304 0.0000
vt 0.2500 0.1197 0.0000
vt 0.2500 0.1201 0.0000
vt 0.2809 0.1204 0.0000
vt 0.2812 0.1128 0.0000
vt 0.2500 0.1205 0.0000
vt 0.2805 0.1210 0.0000
vt 0.3110 0.1215 0.0000
vt 0.3118 0.1207 0.0000
vt 0.2484 0.1211 0.0000
vt 0.2492 0.1204 0.0000
vt 0.2183 0.1202 0.0000
vt 0.2179 0.1208 0.0000
vt 0.2186 0.1125 0.0000
vt 0.1875 0.1199 0.0000
vt 0.1875 0.1206 0.0000
vt 0.4531 0.0915 0.0000
vt 0.4844 0.0915 0.0000
vt 0.3906 0.0914 0.0000
vt 0.3750 0.6594 0.0000
vt 0.4219 0.6594 0.0000
vt 0.1719 0.0908 0.0000
vt 0.2188 0.0910 0.0000
vt 0.2656 0.0911 0.0000
vt 0.1250 0.0906 0.0000
vt 0.3125 0.0912 0.0000
vt 0.3438 0.0913 0.0000
vt 0.0000 0.0312 0.0000
vt 0.5000 0.0314 0.0000
vt 0.7500 0.5157 0.0000
vt 0.0000 0.5156 0.0000
vt 1.0000 0.0316 0.0000
vt 0.0000 0.0316 0.0000
vt 0.5000 0.0324 0.0000
vt 0.7500 0.5164 0.0000
vt 0.0000 0.5158 0.0000
vt 1.0000 0.0333 0.0000
vt 0.0000 0.0555 0.0000
vt 0.5000 0.0601 0.0000
vt 0.2500 0.5289 0.0000
vt 1.0000 0.0647 0.0000
vt 1.0000 0.5323 0.0000
vt 0.0000 0.0423 0.0000
vt 0.5000 0.0452 0.0000
vt 0.2500 0.5219 0.0000
vt 1.0000 0.0481 0.0000
vt 1.0000 0.5241 0.0000
vt 0.0000 0.0481 0.0000
vt 0.5000 0.0518 0.0000
vt 0.2500 0.5250 0.0000
vt 1.0000 0.0555 0.0000
vt 1.0000 0.5277 0.0000
vt 0.0000 0.0333 0.0000
vt 0.5000 0.0352 0.0000
vt 0.7500 0.5181 0.0000
vt 0.0000 0.5166 0.0000
vt 1.0000 0.0372 0.0000
vt 0.0000 0.0372 0.0000
vt 0.5000 0.0397 0.0000
vt 0.7500 0.5205 0.0000
vt 0.0000 0.5186 0.0000
vt 1.0000 0.0423 0.0000
vt 0.2119 0.0489 0.0000
vt 0.7500 0.5000 0.0000
vt 0.3750 0.5000 0.0000
vt 0.2500 0.0000 0.0000
vt 0.2500 0.5000 0.0000
vt -0.0734 -0.3745 0.0000
vt 0.8912 -0.3411 0.0000
vt 0.9936 0.9925 0.0000
vt 0.2549 0.9930 0.0000
vt 1.0405 -0.8566 0.0000
vt 1.3758 -0.6088 0.0000
vt 0.6250 0.5000 0.0000
vt 0.0071 1.0000 0.0000
vt 0.0036 0.9960 0.0000
vt 0.7477 0.9960 0.0000
vt 0.7453 1.0000 0.0000
vt 0.0210 1.0000 0.0000
vt 0.0105 0.9957 0.0000
vt 0.7437 0.9954 0.0000
vt 0.7374 1.0000 0.0000
vt 0.9873 0.9998 0.0000
vt 0.2597 0.9998 0.0000
vt 0.2540 0.9925 0.0000
vt 0.0181 -0.3517 0.0000
vt 1.0110 -0.3611 0.0000
vt 0.9989 0.9925 0.0000
vt 0.2580 0.9998 0.0000
vt 0.9979 0.9998 0.0000
vt 0.9866 0.9940 0.0000
vt 0.9732 1.0000 0.0000
vt 0.2642 1.0000 0.0000
vt 0.2571 0.9946 0.0000
vt 0.3829 0.7496 0.0000
vt 0.3763 0.7091 0.0000
vt 0.3960 0.7202 0.0000
vt 0.3296 0.6526 0.0000
vt 0.1653 0.7986 0.0000
vt 0.4619 0.7500 0.0000
vt 0.4137 0.7412 0.0000
vt 0.3415 0.9840 0.0000
vt 0.1933 0.9614 0.0000
vt 0.4117 0.9163 0.0000
vt 0.6933 0.9565 0.0000
vt 0.2599 0.9466 0.0000
vt 0.2647 0.8910 0.0000
vt 0.6001 0.8142 0.0000
vt 0.7982 0.9062 0.0000
vt 0.0001 1.1839 0.0000
vt 0.5000 1.1839 0.0000
vt 0.9999 1.1840 0.0000
vt 0.2501 1.1386 0.0000
vt 0.9996 1.1839 0.0000
vt 0.5027 1.0933 0.0000
vt 1.0000 1.1231 0.0000
vt 0.5134 0.0000 0.0000
vt -0.0334 1.0611 0.0000
vt 0.4907 0.7500 0.0000
vt 0.4906 0.7500 0.0000
vt 0.4604 0.7498 0.0000
vt 0.4611 0.7498 0.0000
vt 0.4905 0.7500 0.0000
vt 0.4599 0.7495 0.0000
vt 0.4353 0.7490 0.0000
vt 0.4378 0.7494 0.0000
vt 0.4344 0.7479 0.0000
vt 0.4098 0.7468 0.0000
vt 0.4111 0.7485 0.0000
vt 0.4153 0.7490 0.0000
vt 0.3927 0.7490 0.0000
vt 0.3978 0.7493 0.0000
vt 0.3912 0.7479 0.0000
vt 0.4904 0.7500 0.0000
vt 0.4597 0.7488 0.0000
vt 0.4999 0.7500 0.0000
vt 0.4090 0.7496 0.0000
vt 0.4481 0.7498 0.0000
vt 0.4092 0.7427 0.0000
vt 0.3905 0.7451 0.0000
vt 0.4515 0.7499 0.0000
vt 0.4340 0.7451 0.0000
vt 0.1096 0.8629 0.0000
vt 0.1023 0.9908 0.0000
vt 0.9612 0.9911 0.0000
vt 1.0000 0.9848 0.0000
vt -0.1839 0.0000 0.0000
vt 0.1121 0.4922 0.0000
vt 1.0000 0.4924 0.0000
vt 1.0000 1.0000 1.0000
vt 0.3906 0.7451 0.0000
vt 1.0000 0.1408 0.0000
vt 1.0000 0.8370 0.0000
# 1010 texture coords

o JailProp_Toilet001
g JailProp_Toilet001
usemtl Material__65
s 1
f 2387/949/1728 2388/950/1729 2389/951/1730 2390/952/1731 
f 2390/952/1731 2389/951/1730 2391/953/1732 2392/954/1731 
f 2393/955/1733 2394/956/1734 2395/957/1735 2396/958/1736 
f 2394/956/1734 2397/959/1731 2398/960/1731 2395/957/1735 
f 2395/957/1735 2398/960/1731 2399/961/1731 2400/962/1737 
f 2396/958/1736 2395/957/1735 2400/962/1737 2401/963/1738 
f 2401/964/1738 2400/965/1737 2402/966/1739 2403/967/1740 
f 2400/965/1737 2399/968/1731 2404/969/1731 2402/966/1739 
f 2402/966/1739 2404/969/1731 2405/970/1731 2406/971/1741 
f 2403/967/1740 2402/966/1739 2406/971/1741 2407/972/1742 
f 2408/973/1731 2409/974/1731 2410/975/1731 2411/976/1731 
f 2409/974/1731 2412/977/1743 2413/978/1744 2410/975/1731 
f 2410/975/1731 2413/978/1744 2387/949/1728 2390/952/1731 
f 2411/976/1731 2410/975/1731 2390/952/1731 2392/954/1731 
f 2414/979/1731 2415/980/1745 2416/981/1746 2417/982/1731 
f 2415/980/1745 2418/983/1747 2419/984/1748 2416/981/1746 
f 2416/981/1746 2419/984/1748 2407/985/1742 2406/986/1741 
f 2417/982/1731 2416/981/1746 2406/986/1741 2405/987/1731 
f 2420/988/1731 2421/989/1749 2422/990/1750 2423/991/1731 
f 2421/989/1749 2424/953/1751 2425/992/1752 2422/990/1750 
f 2422/990/1750 2425/992/1752 2418/983/1747 2415/980/1745 
f 2423/991/1731 2422/990/1750 2415/980/1745 2414/979/1731 
f 2426/993/1753 2427/994/1754 2423/991/1731 2414/979/1731 
f 2427/994/1754 2428/995/1755 2420/988/1731 2423/991/1731 
f 2429/996/1756 2430/997/1757 2417/982/1731 2405/987/1731 
f 2430/997/1757 2426/993/1753 2414/979/1731 2417/982/1731 
f 2399/968/1731 2431/995/1758 2432/998/1759 2404/969/1731 
f 2404/969/1731 2432/998/1759 2429/953/1756 2405/970/1731 
f 2397/959/1731 2433/977/1760 2434/999/1761 2398/960/1731 
f 2398/960/1731 2434/999/1761 2431/995/1758 2399/961/1731 
f 2435/1000/1731 2436/977/1762 2437/1001/1763 2438/1002/1731 
f 2438/1002/1731 2437/1001/1763 2433/995/1760 2397/1003/1731 
f 2397/973/1731 2394/974/1734 2439/1004/1764 2438/1005/1731 
f 2394/974/1734 2393/977/1733 2440/1001/1765 2439/1004/1764 
f 2439/1004/1764 2440/1001/1765 2441/995/1766 2442/1006/1767 
f 2438/1005/1731 2439/1004/1764 2442/1006/1767 2435/953/1731 
f 2443/1007/1731 2444/1008/1768 2445/1009/1769 2446/1010/1731 
f 2446/1010/1731 2445/1009/1769 2436/977/1762 2435/1011/1731 
f 2447/973/1731 2448/1012/1731 2449/1013/1731 2450/1005/1731 
f 2448/1012/1731 2451/1014/1731 2452/1015/1731 2449/1013/1731 
f 2449/1013/1731 2452/1015/1731 2443/1016/1731 2446/1017/1731 
f 2450/1005/1731 2449/1013/1731 2446/1017/1731 2435/953/1731 
f 2447/973/1731 2450/974/1731 2453/1004/1770 2454/1005/1771 
f 2450/974/1731 2435/977/1731 2442/1018/1767 2453/1004/1770 
f 2453/1004/1770 2442/1018/1767 2441/995/1766 2455/1019/1772 
f 2454/1005/1771 2453/1004/1770 2455/1019/1772 2456/953/1773 
f 2457/952/1774 2458/954/1775 2459/953/1776 2460/1006/1777 
f 2461/1020/1778 2457/952/1774 2460/1006/1777 2462/995/1779 
f 2463/955/1780 2464/1021/1781 2465/957/1782 2466/956/1783 
f 2464/1021/1781 2467/963/1784 2468/962/1785 2465/957/1782 
f 2465/957/1782 2468/962/1785 2469/961/1786 2470/960/1787 
f 2466/956/1783 2465/957/1782 2470/960/1787 2471/959/1788 
f 2467/964/1784 2472/1022/1789 2473/966/1790 2468/965/1785 
f 2472/1022/1789 2474/972/1791 2475/971/1792 2473/966/1790 
f 2473/966/1790 2475/971/1792 2476/970/1793 2477/969/1794 
f 2468/965/1785 2473/966/1790 2477/969/1794 2469/968/1786 
f 2478/973/1795 2479/976/1795 2480/975/1796 2481/974/1797 
f 2479/976/1795 2458/954/1775 2457/952/1774 2480/975/1796 
f 2480/975/1796 2457/952/1774 2461/1020/1778 2482/1023/1798 
f 2481/974/1797 2480/975/1796 2482/1023/1798 2483/977/1799 
f 2484/979/1800 2485/982/1801 2486/981/1802 2487/980/1803 
f 2485/982/1801 2476/987/1793 2475/986/1792 2486/981/1802 
f 2486/981/1802 2475/986/1792 2474/985/1791 2488/1024/1804 
f 2487/980/1803 2486/981/1802 2488/1024/1804 2489/1025/1805 
f 2490/988/1806 2491/991/1807 2492/990/1808 2493/989/1809 
f 2491/991/1807 2484/979/1800 2487/980/1803 2492/990/1808 
f 2492/990/1808 2487/980/1803 2489/1025/1805 2494/1026/1810 
f 2493/989/1809 2492/990/1808 2494/1026/1810 2495/953/1811 
f 2496/1027/1812 2484/979/1800 2491/991/1807 2497/1028/1813 
f 2497/1028/1813 2491/991/1807 2490/988/1806 2498/995/1814 
f 2499/996/1815 2476/987/1793 2485/982/1801 2500/1029/1816 
f 2500/1029/1816 2485/982/1801 2484/979/1800 2496/1027/1812 
f 2477/969/1794 2476/970/1793 2499/953/1815 2501/1006/1817 
f 2469/968/1786 2477/969/1794 2501/1006/1817 2502/995/1818 
f 2470/960/1787 2469/961/1786 2502/995/1818 2503/1018/1819 
f 2471/959/1788 2470/960/1787 2503/1018/1819 2504/977/1820 
f 2505/1002/1821 2471/1003/1788 2504/995/1820 2506/1018/1822 
f 2507/1000/1823 2505/1002/1821 2506/1018/1822 2508/977/1824 
f 2471/973/1788 2505/1005/1821 2509/1004/1825 2466/974/1783 
f 2505/1005/1821 2507/953/1823 2510/1006/1826 2509/1004/1825 
f 2509/1004/1825 2510/1006/1826 2511/995/1827 2512/1018/1828 
f 2466/974/1783 2509/1004/1825 2512/1018/1828 2463/977/1780 
f 2513/1030/1829 2514/1007/1830 2515/1010/1831 2516/1031/1832 
f 2516/1031/1832 2515/1010/1831 2507/1011/1823 2508/977/1824 
f 2517/973/1795 2518/1005/1795 2519/1013/1795 2520/1012/1795 
f 2518/1005/1795 2507/953/1823 2515/1017/1831 2519/1013/1795 
f 2519/1013/1795 2515/1017/1831 2514/1016/1830 2521/1015/1795 
f 2520/1012/1795 2519/1013/1795 2521/1015/1795 2522/1014/1795 
f 2517/973/1795 2523/1005/1833 2524/1004/1834 2518/974/1795 
f 2523/1005/1833 2525/953/1835 2526/1006/1836 2524/1004/1834 
f 2524/1004/1834 2526/1006/1836 2511/995/1827 2510/1018/1826 
f 2518/974/1795 2524/1004/1834 2510/1018/1826 2507/977/1823 
f 2527/1032/1837 2528/1006/1838 2529/1006/1839 2530/1032/1840 
f 2528/1006/1838 2531/953/1841 2532/953/1842 2529/1006/1839 
f 2533/1033/1843 2527/1032/1837 2530/1032/1840 2534/1033/1844 
s 2
f 2463/955/1780 2535/955/1845 2536/1021/1846 2464/1021/1781 
s 4
f 2535/955/1845 2393/955/1733 2396/958/1736 2536/1021/1846 
f 2536/1021/1846 2396/958/1736 2401/963/1738 2537/963/1847 
s 2
f 2464/1021/1781 2536/1021/1846 2537/963/1847 2467/963/1784 
f 2467/964/1784 2537/964/1847 2538/1022/1848 2472/1022/1789 
s 4
f 2537/964/1847 2401/964/1738 2403/967/1740 2538/1022/1848 
f 2538/1022/1848 2403/967/1740 2407/972/1742 2539/972/1849 
s 2
f 2472/1022/1789 2538/1022/1848 2539/972/1849 2474/972/1791 
s 1
f 2540/977/1850 2541/1023/1851 2542/1023/1852 2543/977/1853 
f 2541/1023/1851 2533/1033/1843 2534/1033/1844 2542/1023/1852 
s 2
f 2474/985/1791 2539/985/1849 2544/1024/1854 2488/1024/1804 
s 4
f 2539/985/1849 2407/985/1742 2419/984/1748 2544/1024/1854 
f 2544/1024/1854 2419/984/1748 2418/983/1747 2545/1034/1855 
s 2
f 2488/1024/1804 2544/1024/1854 2545/1034/1855 2489/1025/1805 
f 2489/1025/1805 2545/1034/1855 2546/1026/1856 2494/1026/1810 
s 4
f 2545/1034/1855 2418/983/1747 2425/992/1752 2546/1026/1856 
f 2546/1026/1856 2425/992/1752 2424/953/1751 2547/953/1857 
s 2
f 2494/1026/1810 2546/1026/1856 2547/953/1857 2495/953/1811 
s 1
f 2548/1035/1858 2549/1028/1859 2550/1028/1860 2551/1035/1861 
f 2549/1028/1859 2552/995/1862 2553/995/1863 2550/1028/1860 
f 2554/996/1864 2555/1029/1865 2556/1029/1866 2557/996/1867 
f 2555/1029/1865 2548/1035/1858 2551/1035/1861 2556/1029/1866 
f 2558/995/1868 2559/1006/1869 2560/1006/1870 2561/995/1871 
f 2559/1006/1869 2554/953/1864 2557/953/1867 2560/1006/1870 
f 2562/977/1872 2563/1018/1873 2564/1018/1874 2565/977/1875 
f 2563/1018/1873 2558/995/1868 2561/995/1871 2564/1018/1874 
f 2566/977/1876 2567/1018/1877 2568/1018/1878 2569/977/1879 
f 2567/1018/1877 2562/995/1872 2565/995/1875 2568/1018/1878 
s 2
f 2511/995/1827 2570/995/1880 2571/1018/1881 2512/1018/1828 
s 4
f 2570/995/1880 2441/995/1766 2440/1001/1765 2571/1018/1881 
f 2571/1018/1881 2440/1001/1765 2393/977/1733 2535/977/1845 
s 2
f 2512/1018/1828 2571/1018/1881 2535/977/1845 2463/977/1780 
s 1
f 2572/1036/1882 2573/1036/1883 2574/1031/1884 2575/1031/1885 
f 2574/1031/1884 2566/977/1876 2569/977/1879 2575/1031/1885 
s 2
f 2525/953/1835 2576/953/1886 2577/1006/1887 2526/1006/1836 
s 4
f 2576/953/1886 2456/953/1773 2455/1019/1772 2577/1006/1887 
f 2577/1006/1887 2455/1019/1772 2441/995/1766 2570/995/1880 
s 2
f 2526/1006/1836 2577/1006/1887 2570/995/1880 2511/995/1827 
f 2461/1020/1778 2578/1033/1888 2579/1023/1889 2482/1023/1798 
f 2578/1033/1888 2580/1033/1890 2581/1023/1891 2579/1023/1889 
f 2579/1023/1889 2581/1023/1891 2582/977/1892 2583/977/1893 
f 2482/1023/1798 2579/1023/1889 2583/977/1893 2483/977/1799 
f 2462/995/1779 2584/1032/1894 2578/1033/1888 2461/1020/1778 
f 2584/1032/1894 2585/1032/1895 2580/1033/1890 2578/1033/1888 
f 2459/953/1776 2586/953/1896 2587/1006/1897 2460/1006/1777 
f 2586/953/1896 2588/953/1898 2589/1006/1899 2587/1006/1897 
f 2587/1006/1897 2589/1006/1899 2585/1032/1895 2584/1032/1894 
f 2460/1006/1777 2587/1006/1897 2584/1032/1894 2462/995/1779 
f 2508/977/1824 2590/977/1900 2591/1031/1901 2516/1031/1832 
f 2590/977/1900 2592/977/1902 2593/1031/1903 2591/1031/1901 
f 2591/1031/1901 2593/1031/1903 2594/1036/1904 2595/1036/1905 
f 2516/1031/1832 2591/1031/1901 2595/1036/1905 2513/1030/1829 
f 2504/995/1820 2596/995/1906 2597/1018/1907 2506/1018/1822 
f 2596/995/1906 2598/995/1908 2599/1018/1909 2597/1018/1907 
f 2597/1018/1907 2599/1018/1909 2592/977/1902 2590/977/1900 
f 2506/1018/1822 2597/1018/1907 2590/977/1900 2508/977/1824 
f 2502/995/1818 2600/995/1910 2601/1018/1911 2503/1018/1819 
f 2600/995/1910 2602/995/1912 2603/1018/1913 2601/1018/1911 
f 2601/1018/1911 2603/1018/1913 2598/977/1908 2596/977/1906 
f 2503/1018/1819 2601/1018/1911 2596/977/1906 2504/977/1820 
f 2499/953/1815 2604/953/1914 2605/1006/1915 2501/1006/1817 
f 2604/953/1914 2606/953/1916 2607/1006/1917 2605/1006/1915 
f 2605/1006/1915 2607/1006/1917 2602/995/1912 2600/995/1910 
f 2501/1006/1817 2605/1006/1915 2600/995/1910 2502/995/1818 
f 2496/1027/1812 2608/1035/1918 2609/1029/1919 2500/1029/1816 
f 2608/1035/1918 2610/1035/1920 2611/1029/1921 2609/1029/1919 
f 2609/1029/1919 2611/1029/1921 2606/996/1916 2604/996/1914 
f 2500/1029/1816 2609/1029/1919 2604/996/1914 2499/996/1815 
f 2498/995/1814 2612/995/1922 2613/1028/1923 2497/1028/1813 
f 2612/995/1922 2614/995/1924 2615/1028/1925 2613/1028/1923 
f 2613/1028/1923 2615/1028/1925 2610/1035/1920 2608/1035/1918 
f 2497/1028/1813 2613/1028/1923 2608/1035/1918 2496/1027/1812 
f 2585/1032/1895 2589/1006/1899 2616/1006/1926 2617/1032/1927 
f 2589/1006/1899 2588/953/1898 2618/953/1928 2616/1006/1926 
f 2616/1006/1926 2618/953/1928 2531/953/1841 2528/1006/1838 
f 2617/1032/1927 2616/1006/1926 2528/1006/1838 2527/1032/1837 
s 3
f 2391/953/1732 2389/951/1730 2529/1006/1839 2532/953/1842 
f 2389/951/1730 2388/950/1729 2530/1032/1840 2529/1006/1839 
s 2
f 2580/1033/1890 2585/1032/1895 2617/1032/1927 2619/1033/1929 
f 2619/1033/1929 2617/1032/1927 2527/1032/1837 2533/1033/1843 
s 3
f 2388/950/1729 2387/949/1728 2534/1033/1844 2530/1032/1840 
s 2
f 2582/977/1892 2581/1023/1891 2620/1023/1930 2621/977/1931 
f 2581/1023/1891 2580/1033/1890 2619/1033/1929 2620/1023/1930 
f 2620/1023/1930 2619/1033/1929 2533/1033/1843 2541/1023/1851 
f 2621/977/1931 2620/1023/1930 2541/1023/1851 2540/977/1850 
s 3
f 2387/949/1728 2413/978/1744 2542/1023/1852 2534/1033/1844 
f 2413/978/1744 2412/977/1743 2543/977/1853 2542/1023/1852 
s 2
f 2610/1035/1920 2615/1028/1925 2622/1028/1932 2623/1035/1933 
f 2615/1028/1925 2614/995/1924 2624/995/1934 2622/1028/1932 
f 2622/1028/1932 2624/995/1934 2552/995/1862 2549/1028/1859 
f 2623/1035/1933 2622/1028/1932 2549/1028/1859 2548/1035/1858 
s 3
f 2428/995/1755 2427/994/1754 2550/1028/1860 2553/995/1863 
f 2427/994/1754 2426/993/1753 2551/1035/1861 2550/1028/1860 
s 2
f 2606/996/1916 2611/1029/1921 2625/1029/1935 2626/996/1936 
f 2611/1029/1921 2610/1035/1920 2623/1035/1933 2625/1029/1935 
f 2625/1029/1935 2623/1035/1933 2548/1035/1858 2555/1029/1865 
f 2626/996/1936 2625/1029/1935 2555/1029/1865 2554/996/1864 
s 3
f 2426/993/1753 2430/997/1757 2556/1029/1866 2551/1035/1861 
f 2430/997/1757 2429/996/1756 2557/996/1867 2556/1029/1866 
s 2
f 2602/995/1912 2607/1006/1917 2627/1006/1937 2628/995/1938 
f 2607/1006/1917 2606/953/1916 2626/953/1936 2627/1006/1937 
f 2627/1006/1937 2626/953/1936 2554/953/1864 2559/1006/1869 
f 2628/995/1938 2627/1006/1937 2559/1006/1869 2558/995/1868 
s 3
f 2429/953/1756 2432/998/1759 2560/1006/1870 2557/953/1867 
f 2432/998/1759 2431/995/1758 2561/995/1871 2560/1006/1870 
s 2
f 2598/977/1908 2603/1018/1913 2629/1018/1939 2630/977/1940 
f 2603/1018/1913 2602/995/1912 2628/995/1938 2629/1018/1939 
f 2629/1018/1939 2628/995/1938 2558/995/1868 2563/1018/1873 
f 2630/977/1940 2629/1018/1939 2563/1018/1873 2562/977/1872 
s 3
f 2431/995/1758 2434/999/1761 2564/1018/1874 2561/995/1871 
f 2434/999/1761 2433/977/1760 2565/977/1875 2564/1018/1874 
s 2
f 2592/977/1902 2599/1018/1909 2631/1018/1941 2632/977/1942 
f 2599/1018/1909 2598/995/1908 2630/995/1940 2631/1018/1941 
f 2631/1018/1941 2630/995/1940 2562/995/1872 2567/1018/1877 
f 2632/977/1942 2631/1018/1941 2567/1018/1877 2566/977/1876 
s 3
f 2433/995/1760 2437/1001/1763 2568/1018/1878 2565/995/1875 
f 2437/1001/1763 2436/977/1762 2569/977/1879 2568/1018/1878 
s 2
f 2573/1036/1883 2633/1036/1943 2634/1031/1944 2574/1031/1884 
f 2633/1036/1943 2594/1036/1904 2593/1031/1903 2634/1031/1944 
f 2634/1031/1944 2593/1031/1903 2592/977/1902 2632/977/1942 
f 2574/1031/1884 2634/1031/1944 2632/977/1942 2566/977/1876 
s 3
f 2436/977/1762 2445/1009/1769 2575/1031/1885 2569/977/1879 
f 2445/1009/1769 2444/1008/1768 2572/1036/1882 2575/1031/1885 
s 1
f 2452/1015/1731 2451/1014/1731 2408/977/1731 2411/1018/1731 
f 2443/1016/1731 2452/1015/1731 2411/1018/1731 2392/995/1731 
f 2391/973/1732 2444/1008/1768 2443/1007/1731 2392/1037/1731 
s 3
f 2444/1008/1768 2391/973/1732 2532/973/1842 2572/1036/1882 
s 1
f 2531/973/1841 2573/1036/1883 2572/1036/1882 2532/973/1842 
s 2
f 2588/973/1898 2594/1036/1904 2633/1036/1943 2618/973/1928 
f 2618/973/1928 2633/1036/1943 2573/1036/1883 2531/973/1841 
f 2595/1036/1905 2594/1036/1904 2588/973/1898 2586/973/1896 
f 2513/1030/1829 2595/1036/1905 2586/973/1896 2459/973/1776 
s 1
f 2459/973/1776 2458/1037/1775 2514/1007/1830 2513/1030/1829 
f 2521/1015/1795 2514/1016/1830 2458/995/1775 2479/1018/1795 
f 2522/1014/1795 2521/1015/1795 2479/1018/1795 2478/977/1795 
f 2635/1038/1945 2636/1038/1946 2637/1039/1947 2638/1039/1948 
f 2637/1039/1947 2639/1040/1949 2640/1040/1950 2638/1039/1948 
f 2639/1040/1949 2641/1041/1951 2642/1041/1952 2640/1040/1950 
f 2641/1041/1951 2643/1042/1953 2644/1042/1954 2642/1041/1952 
f 2643/1042/1953 2645/1043/1955 2646/1043/1956 2644/1042/1954 
f 2645/1043/1955 2647/1044/1957 2648/1044/1958 2646/1043/1956 
s 2
f 2649/1045/1959 2650/1046/1960 2651/1047/1961 2652/1048/1962 
s 1
f 2650/1046/1960 2653/1049/1963 2654/1050/1964 2651/1047/1961 
f 2655/1051/1965 2656/1052/1966 2657/1053/1967 2658/1054/1968 
s 2
f 2656/1052/1966 2659/1055/1969 2660/1056/1970 2657/1053/1967 
f 2652/1048/1962 2651/1057/1961 2661/1058/1971 2662/1059/1972 
s 1
f 2651/1057/1961 2654/1060/1964 2663/1061/1973 2661/1058/1971 
f 2661/1058/1971 2663/1061/1973 2664/1062/1974 2665/1063/1975 
s 2
f 2662/1059/1972 2661/1058/1971 2665/1063/1975 2666/1064/1976 
s 4
f 2666/1065/1976 2665/1066/1975 2667/1067/1977 2668/1068/1978 
s 1
f 2665/1066/1975 2664/1069/1974 2669/1070/1979 2667/1067/1977 
f 2667/1067/1977 2669/1070/1979 2658/1054/1968 2657/1053/1967 
s 4
f 2668/1068/1978 2667/1067/1977 2657/1053/1967 2660/1056/1970 
s 1
f 2670/1071/1980 2671/1072/1981 2669/1070/1979 2664/1069/1974 
f 2671/1072/1981 2655/1051/1965 2658/1054/1968 2669/1070/1979 
f 2664/1069/1974 2663/1073/1973 2672/1074/1982 2670/1071/1980 
f 2663/1073/1973 2654/1075/1964 2653/1076/1963 2672/1074/1982 
s 2
f 2673/1077/1983 2674/1078/1984 2675/1039/1985 2676/1038/1986 
f 2673/1077/1983 2677/1079/1987 2678/1080/1988 2674/1078/1984 
f 2679/1081/1989 2680/1082/1990 2681/1083/1991 2682/1084/1992 
f 2679/1081/1989 2683/1044/1993 2684/1043/1994 2680/1082/1990 
f 2674/1078/1984 2685/1085/1995 2686/1086/1996 2675/1087/1985 
f 2674/1078/1984 2678/1080/1988 2687/1088/1997 2685/1085/1995 
f 2685/1085/1995 2687/1088/1997 2688/1089/1998 2689/1090/1999 
f 2685/1085/1995 2689/1090/1999 2690/1091/2000 2686/1092/1996 
s 4
f 2689/1090/1999 2691/1093/2001 2692/1094/2002 2690/1095/2000 
f 2689/1090/1999 2688/1089/1998 2693/1096/2003 2691/1093/2001 
f 2691/1093/2001 2693/1096/2003 2681/1097/1991 2680/1098/1990 
f 2691/1093/2001 2680/1098/1990 2684/1099/1994 2692/1100/2002 
s 2
f 2678/1080/1988 2652/1048/1962 2662/1059/1972 2687/1088/1997 
f 2687/1088/1997 2662/1059/1972 2666/1064/1976 2688/1089/1998 
f 2677/1079/1987 2649/1045/1959 2652/1048/1962 2678/1080/1988 
f 2681/1101/1991 2660/1056/1970 2659/1055/1969 2682/1102/1992 
s 4
f 2666/1064/1976 2668/1103/1978 2693/1096/2003 2688/1089/1998 
f 2668/1103/1978 2660/1104/1970 2681/1097/1991 2693/1096/2003 
f 2636/1038/1946 2676/1038/1986 2675/1039/1985 2637/1039/1947 
s 2
f 2686/1040/1996 2690/1041/2000 2641/1041/1951 2639/1040/1949 
f 2675/1039/1985 2686/1040/1996 2639/1040/1949 2637/1039/1947 
s 4
f 2692/1042/2002 2684/1043/1994 2645/1043/1955 2643/1042/1953 
f 2690/1041/2000 2692/1042/2002 2643/1042/1953 2641/1041/1951 
s 8
f 2683/1044/1993 2647/1044/1957 2645/1043/1955 2684/1043/1994 
s 1
f 2694/1038/2004 2695/1038/2005 2696/1039/2006 2697/1039/2007 
s 2
f 2695/1038/2005 2698/1038/2008 2699/1039/2009 2696/1039/2006 
s 1
f 2697/1039/2007 2696/1039/2006 2700/1040/2010 2701/1040/2011 
s 2
f 2696/1039/2006 2699/1039/2009 2702/1040/2012 2700/1040/2010 
f 2700/1040/2010 2702/1040/2012 2703/1041/2013 2704/1041/2014 
s 1
f 2701/1040/2011 2700/1040/2010 2704/1041/2014 2705/1041/2015 
f 2705/1041/2015 2704/1041/2014 2706/1042/2016 2707/1042/2017 
s 2
f 2704/1041/2014 2703/1041/2013 2708/1042/2018 2706/1042/2016 
f 2706/1042/2016 2708/1042/2018 2709/1043/2019 2710/1043/2020 
s 1
f 2707/1042/2017 2706/1042/2016 2710/1043/2020 2711/1043/2021 
f 2711/1043/2021 2710/1043/2020 2712/1044/2022 2713/1044/2023 
s 2
f 2710/1043/2020 2709/1043/2019 2714/1044/2024 2712/1044/2022 
f 2715/1044/2025 2716/1044/2026 2717/1043/2027 2718/1043/2028 
s 4
f 2718/1043/2028 2719/1042/2029 2644/1042/1954 2646/1043/1956 
s 2
f 2718/1043/2028 2717/1043/2027 2720/1042/2030 2719/1042/2029 
f 2719/1042/2029 2720/1042/2030 2721/1041/2031 2722/1041/2032 
s 4
f 2719/1042/2029 2722/1041/2032 2642/1041/1952 2644/1042/1954 
s 8
f 2722/1041/2032 2723/1040/2033 2640/1040/1950 2642/1041/1952 
s 2
f 2722/1041/2032 2721/1041/2031 2724/1040/2034 2723/1040/2033 
f 2723/1040/2033 2724/1040/2034 2725/1039/2035 2726/1039/2036 
s 8
f 2723/1040/2033 2726/1039/2036 2638/1039/1948 2640/1040/1950 
f 2726/1039/2036 2727/1038/2037 2635/1038/1945 2638/1039/1948 
s 2
f 2726/1039/2036 2725/1039/2035 2728/1038/2038 2727/1038/2037 
f 2717/1043/2027 2716/1044/2026 2714/1044/2024 2709/1043/2019 
f 2721/1041/2031 2720/1042/2030 2708/1042/2018 2703/1041/2013 
f 2720/1042/2030 2717/1043/2027 2709/1043/2019 2708/1042/2018 
f 2725/1039/2035 2724/1040/2034 2702/1040/2012 2699/1039/2009 
f 2724/1040/2034 2721/1041/2031 2703/1041/2013 2702/1040/2012 
f 2698/1038/2008 2728/1038/2038 2725/1039/2035 2699/1039/2009 
s 8
f 2648/1044/1958 2715/1044/2025 2718/1043/2028 2646/1043/1956 
s 1
f 2729/1038/2039 2730/1038/2040 2731/1039/2041 2732/1039/2042 
f 2732/1039/2042 2731/1039/2041 2733/1040/2043 2734/1040/2044 
f 2734/1040/2044 2733/1040/2043 2735/1041/2045 2736/1041/2046 
f 2736/1041/2046 2735/1041/2045 2737/1042/2047 2738/1042/2048 
f 2738/1042/2048 2737/1042/2047 2739/1043/2049 2740/1043/2050 
f 2740/1043/2050 2741/1044/2051 2742/1105/2052 2743/1106/2053 
f 2740/1043/2050 2739/1043/2049 2744/1044/2054 2741/1044/2051 
f 2730/1038/2040 2694/1038/2004 2697/1039/2007 2731/1039/2041 
f 2697/1039/2007 2701/1040/2011 2733/1040/2043 2731/1039/2041 
f 2701/1040/2011 2705/1041/2015 2735/1041/2045 2733/1040/2043 
f 2705/1041/2015 2707/1042/2017 2737/1042/2047 2735/1041/2045 
f 2707/1042/2017 2711/1043/2021 2739/1043/2049 2737/1042/2047 
f 2711/1043/2021 2713/1044/2023 2744/1044/2054 2739/1043/2049 
f 2745/1107/2055 2746/1108/2056 2747/1109/2057 2748/1110/2058 
s 2
f 2748/1110/2058 2749/1111/2059 2745/1107/2055 
s 1
f 2748/1110/2058 2747/1109/2057 2750/1112/2060 2751/1113/2061 
f 2751/1113/2061 2750/1112/2060 2752/1114/2062 2753/1115/2063 
s 2
f 2751/1113/2061 2753/1115/2063 2754/1116/2064 2749/1111/2059 
f 2753/1115/2063 2755/1117/2065 2756/1118/2066 2754/1116/2064 
s 1
f 2753/1115/2063 2752/1114/2062 2757/1119/2067 2755/1117/2065 
f 2755/1117/2065 2757/1119/2067 2743/1106/2053 2758/1120/2068 
s 2
f 2758/1120/2068 2756/1118/2066 2755/1117/2065 
s 1
f 2758/1120/2068 2743/1106/2053 2742/1105/2052 2759/1121/2069 
f 2747/1109/2057 2746/1108/2056 2729/1038/2039 2732/1039/2042 
f 2752/1114/2062 2750/1112/2060 2734/1040/2044 2736/1041/2046 
f 2750/1112/2060 2747/1109/2057 2732/1039/2042 2734/1040/2044 
f 2743/1106/2053 2757/1119/2067 2738/1042/2048 2740/1043/2050 
f 2757/1119/2067 2752/1114/2062 2736/1041/2046 2738/1042/2048 
s 8
f 2647/1044/1957 2683/1044/1993 2760/1122/2070 2761/1122/2071 
f 2761/1122/2071 2760/1122/2070 2762/1004/2072 2763/1004/2073 
s 1
f 2648/1044/1958 2647/1044/1957 2761/1122/2071 2764/1122/2074 
f 2761/1122/2071 2763/1004/2073 2765/1004/2075 2764/1122/2074 
s 8
f 2766/1004/2076 2767/1122/2077 2764/1122/2074 2765/1004/2075 
f 2767/1122/2077 2715/1044/2025 2648/1044/1958 2764/1122/2074 
s 2
f 2766/1004/2076 2768/1004/2078 2769/1122/2079 2767/1122/2077 
f 2767/1122/2077 2769/1122/2079 2716/1044/2026 2715/1044/2025 
f 2714/1044/2024 2716/1044/2026 2769/1122/2079 2770/1122/2080 
f 2769/1122/2079 2768/1004/2078 2771/1004/2081 2770/1122/2080 
s 1
f 2713/1044/2023 2712/1044/2022 2772/1122/2082 2773/1122/2083 
s 2
f 2712/1044/2022 2714/1044/2024 2770/1122/2080 2772/1122/2082 
f 2772/1122/2082 2770/1122/2080 2771/1004/2081 2774/1004/2084 
s 1
f 2773/1122/2083 2772/1122/2082 2774/1004/2084 2775/1004/2085 
f 2744/1044/2054 2713/1044/2023 2773/1122/2083 2776/1122/2086 
f 2773/1122/2083 2775/1004/2085 2777/1004/2087 2776/1122/2086 
f 2741/1044/2051 2744/1044/2054 2776/1122/2086 2778/1122/2088 
f 2778/1122/2088 2776/1122/2086 2777/1004/2087 2779/1004/2089 
f 2780/1123/2090 2781/1124/2091 2778/1122/2088 2779/1004/2089 
f 2781/1124/2091 2742/1105/2052 2741/1044/2051 2778/1122/2088 
s 2
f 2759/1121/2069 2782/1125/2092 2783/1126/2093 2756/1118/2066 
s 1
f 2759/1121/2069 2742/1105/2052 2781/1124/2091 2782/1125/2092 
f 2782/1125/2092 2781/1124/2091 2780/1123/2090 2784/1127/2094 
s 2
f 2782/1125/2092 2784/1127/2094 2785/1128/2095 2783/1126/2093 
f 2754/1116/2064 2756/1118/2066 2783/1126/2093 2786/1129/1795 
f 2786/1129/1795 2783/1126/2093 2785/1128/2095 2787/1130/2096 
f 2788/1131/2097 2789/1132/2098 2790/1133/2099 2791/1134/2100 
f 2789/1132/2098 2745/1107/2055 2749/1111/2059 2790/1133/2099 
f 2790/1133/2099 2749/1111/2059 2754/1116/2064 2786/1129/1795 
f 2791/1134/2100 2790/1133/2099 2786/1129/1795 2787/1130/2096 
s 1
f 2788/1131/2097 2792/1135/2101 2793/1136/2102 2789/1132/2098 
f 2789/1132/2098 2793/1136/2102 2746/1108/2056 2745/1107/2055 
f 2746/1108/2056 2793/1136/2102 2794/1137/2103 2729/1038/2039 
f 2793/1136/2102 2792/1135/2101 2795/1002/2104 2794/1137/2103 
f 2795/1002/2104 2796/1002/2105 2797/1137/2106 2794/1137/2103 
f 2794/1137/2103 2797/1137/2106 2730/1038/2040 2729/1038/2039 
f 2798/1002/2107 2799/1137/2108 2797/1137/2106 2796/1002/2105 
f 2799/1137/2108 2694/1038/2004 2730/1038/2040 2797/1137/2106 
f 2798/1002/2107 2800/1002/2109 2801/1137/2110 2799/1137/2108 
s 2
f 2800/1002/2109 2802/1002/2111 2803/1137/2112 2801/1137/2110 
f 2801/1137/2110 2803/1137/2112 2698/1038/2008 2695/1038/2005 
s 1
f 2799/1137/2108 2801/1137/2110 2695/1038/2005 2694/1038/2004 
s 2
f 2804/1002/2113 2805/1137/2114 2803/1137/2112 2802/1002/2111 
f 2805/1137/2114 2728/1038/2038 2698/1038/2008 2803/1137/2112 
f 2727/1038/2037 2728/1038/2038 2805/1137/2114 2806/1137/2115 
f 2806/1137/2115 2805/1137/2114 2804/1002/2113 2807/1002/2116 
s 8
f 2806/1137/2115 2807/1002/2116 2808/1002/2117 2809/1137/2118 
f 2635/1038/1945 2727/1038/2037 2806/1137/2115 2809/1137/2118 
s 1
f 2810/1002/2119 2811/1137/2120 2809/1137/2118 2808/1002/2117 
f 2811/1137/2120 2636/1038/1946 2635/1038/1945 2809/1137/2118 
s 2
f 2812/1138/2121 2813/1139/2122 2814/1137/2123 2815/1002/2124 
s 4
f 2814/1137/2123 2676/1038/1986 2636/1038/1946 2811/1137/2120 
f 2815/1002/2124 2814/1137/2123 2811/1137/2120 2810/1002/2119 
s 2
f 2676/1038/1986 2814/1137/2123 2813/1139/2122 2673/1077/1983 
f 2812/1138/2121 2816/1140/2125 2817/1141/2126 2813/1139/2122 
f 2813/1139/2122 2817/1141/2126 2677/1079/1987 2673/1077/1983 
f 2818/1142/2127 2819/1143/2128 2817/1141/2126 2816/1140/2125 
f 2819/1143/2128 2649/1045/1959 2677/1079/1987 2817/1141/2126 
f 2818/1142/2127 2820/1144/2129 2821/1145/2130 2819/1143/2128 
s 1
f 2820/1144/2129 2822/1146/2131 2823/1147/2132 2821/1145/2130 
f 2821/1145/2130 2823/1147/2132 2653/1049/1963 2650/1046/1960 
s 2
f 2819/1143/2128 2821/1145/2130 2650/1046/1960 2649/1045/1959 
s 1
f 2670/1071/1980 2672/1074/1982 2824/1148/2133 2825/1149/1731 
f 2672/1074/1982 2653/1076/1963 2823/1150/2132 2824/1148/2133 
f 2824/1148/2133 2823/1150/2132 2822/1151/2131 2826/1152/2134 
f 2825/1149/1731 2824/1148/2133 2826/1152/2134 2827/1153/1731 
f 2828/1154/2135 2829/1155/2136 2830/1156/2137 2831/1157/2138 
f 2829/1155/2136 2655/1051/1965 2671/1072/1981 2830/1156/2137 
f 2830/1156/2137 2671/1072/1981 2670/1071/1980 2825/1149/1731 
f 2831/1157/2138 2830/1156/2137 2825/1149/1731 2827/1153/1731 
f 2828/1154/2135 2832/1158/2139 2833/1159/2140 2829/1155/2136 
s 2
f 2832/1158/2139 2834/1160/2141 2835/1161/2142 2833/1159/2140 
f 2833/1159/2140 2835/1161/2142 2659/1055/1969 2656/1052/1966 
s 1
f 2829/1155/2136 2833/1159/2140 2656/1052/1966 2655/1051/1965 
s 2
f 2682/1162/1992 2836/1163/2143 2837/1164/2144 2679/1081/1989 
f 2682/1102/1992 2659/1055/1969 2835/1161/2142 2836/1165/2143 
f 2836/1165/2143 2835/1161/2142 2834/1160/2141 2838/1166/2145 
f 2836/1167/2143 2838/1168/2145 2839/1169/2146 2837/1164/2144 
f 2839/1169/2146 2762/1004/2072 2760/1122/2070 2837/1164/2144 
f 2837/1164/2144 2760/1122/2070 2683/1044/1993 2679/1081/1989 
s 1
f 2840/1170/2147 2841/1171/2148 2842/1171/2149 2843/1170/2150 
f 2841/1171/2148 2844/1172/2151 2845/1172/2152 2842/1171/2149 
f 2844/1172/2151 2846/1173/2153 2847/1173/2154 2845/1172/2152 
f 2846/1173/2153 2848/1018/2155 2849/1018/2156 2847/1173/2154 
f 2850/1174/2157 2851/1175/2158 2852/1175/2159 2853/1174/2160 
f 2851/1175/2158 2854/1176/2161 2855/1176/2162 2852/1175/2159 
f 2854/1176/2161 2856/1177/2163 2857/1177/2164 2855/1176/2162 
f 2856/1177/2163 2858/1178/2165 2859/1178/2166 2857/1177/2164 
f 2858/1178/2165 2860/1179/2167 2861/1179/2168 2859/1178/2166 
f 2860/1179/2167 2840/1170/2147 2843/1170/2150 2861/1179/2168 
s 2
f 2843/1170/2150 2842/1171/2149 2862/1171/2169 2863/1170/2170 
f 2842/1171/2149 2845/1172/2152 2864/1172/2171 2862/1171/2169 
f 2845/1172/2152 2847/1173/2154 2865/1173/2172 2864/1172/2171 
f 2847/1173/2154 2849/1018/2156 2866/1018/2173 2865/1173/2172 
f 2853/1174/2160 2852/1175/2159 2867/1175/2174 2868/1174/2175 
f 2852/1175/2159 2855/1176/2162 2869/1176/2176 2867/1175/2174 
f 2855/1176/2162 2857/1177/2164 2870/1177/2177 2869/1176/2176 
f 2857/1177/2164 2859/1178/2166 2871/1178/2178 2870/1177/2177 
f 2859/1178/2166 2861/1179/2168 2872/1179/2179 2871/1178/2178 
f 2861/1179/2168 2843/1170/2150 2863/1170/2170 2872/1179/2179 
s 1
f 2873/1180/2180 2874/1181/2181 2875/1182/2182 2876/1183/2183 
f 2874/1184/2181 2873/1185/2180 2877/1186/2184 2878/1187/2185 
f 2878/1188/2185 2877/1186/2184 2879/1189/2186 2880/1190/2187 
f 2880/1191/2187 2879/1189/2186 2881/1192/2188 2882/1193/2189 
f 2882/1194/2189 2881/1192/2188 2883/1195/2190 2884/1196/2191 
f 2885/1197/2192 2886/1198/2193 2887/1199/2194 2888/1200/2195 
f 2888/1201/2195 2887/1199/2194 2889/1202/2196 2890/1203/2197 
f 2890/1204/2197 2889/1202/2196 2891/1205/2198 2892/1206/2199 
f 2892/1207/2199 2891/1205/2198 2893/1208/2200 2894/1209/2201 
f 2894/1210/2201 2893/1208/2200 2876/1183/2183 2875/1211/2182 
f 2895/1212/2202 2896/1213/2203 2897/1214/2204 2898/1215/2205 
s 2
f 2897/1214/2204 2877/1186/2184 2873/1185/2180 2898/1215/2205 
s 1
f 2896/1213/2203 2899/1216/2206 2900/1217/2207 2897/1214/2204 
s 2
f 2900/1217/2207 2879/1189/2186 2877/1186/2184 2897/1214/2204 
s 1
f 2899/1216/2206 2901/1218/2208 2902/1219/2209 2900/1217/2207 
s 2
f 2902/1219/2209 2881/1192/2188 2879/1189/2186 2900/1217/2207 
s 1
f 2901/1218/2208 2903/1220/2210 2904/1221/2211 2902/1219/2209 
s 2
f 2904/1221/2211 2883/1195/2190 2881/1192/2188 2902/1219/2209 
s 1
f 2905/1222/2212 2906/1223/2213 2907/1224/2214 2908/1225/2215 
s 2
f 2907/1224/2214 2887/1199/2194 2886/1198/2193 2908/1225/2215 
s 1
f 2906/1223/2213 2909/1226/2216 2910/1227/2217 2907/1224/2214 
s 2
f 2910/1227/2217 2889/1202/2196 2887/1199/2194 2907/1224/2214 
s 1
f 2909/1226/2216 2911/1228/2218 2912/1229/2219 2910/1227/2217 
s 2
f 2912/1229/2219 2891/1205/2198 2889/1202/2196 2910/1227/2217 
s 1
f 2911/1228/2218 2913/1230/2220 2914/1231/2221 2912/1229/2219 
s 2
f 2914/1231/2221 2893/1208/2200 2891/1205/2198 2912/1229/2219 
s 1
f 2913/1230/2220 2915/1232/2222 2916/1233/2223 2914/1231/2221 
s 2
f 2916/1233/2223 2876/1183/2183 2893/1208/2200 2914/1231/2221 
s 1
f 2915/1232/2222 2895/1040/2202 2898/1234/2205 2916/1233/2223 
s 2
f 2898/1234/2205 2873/1180/2180 2876/1183/2183 2916/1233/2223 
f 2878/1235/2185 2841/1171/2148 2840/1170/2147 2874/1236/2181 
f 2880/1237/2187 2844/1172/2151 2841/1171/2148 2878/1235/2185 
f 2882/1238/2189 2846/1173/2153 2844/1172/2151 2880/1237/2187 
f 2884/1018/2191 2848/1018/2155 2846/1173/2153 2882/1238/2189 
f 2888/1239/2195 2851/1175/2158 2850/1174/2157 2885/1174/2192 
f 2890/1240/2197 2854/1176/2161 2851/1175/2158 2888/1239/2195 
f 2892/1241/2199 2856/1177/2163 2854/1176/2161 2890/1240/2197 
f 2894/1242/2201 2858/1178/2165 2856/1177/2163 2892/1241/2199 
f 2875/1243/2182 2860/1179/2167 2858/1178/2165 2894/1242/2201 
f 2874/1236/2181 2840/1170/2147 2860/1179/2167 2875/1243/2182 
s 1
f 2863/1170/2170 2862/1171/2169 2917/1244/2224 2918/1245/2225 
f 2872/1179/2179 2863/1170/2170 2918/1245/2225 2919/1246/2226 
f 2862/1171/2169 2864/1172/2171 2920/1247/2227 2917/1244/2224 
f 2864/1172/2171 2865/1173/2172 2921/1248/2228 2920/1247/2227 
f 2865/1173/2172 2866/1018/2173 2922/1249/2229 2921/1248/2228 
f 2868/1174/2175 2867/1175/2174 2923/1250/2230 2924/1251/2231 
f 2867/1175/2174 2869/1176/2176 2925/1252/2232 2923/1250/2230 
f 2869/1176/2176 2870/1177/2177 2926/1253/2233 2925/1252/2232 
f 2870/1177/2177 2871/1178/2178 2927/1254/2234 2926/1253/2233 
f 2871/1178/2178 2872/1179/2179 2919/1246/2226 2927/1254/2234 
s 2
f 2928/1255/2235 2919/1246/2226 2918/1245/2225 
f 2928/1255/2235 2918/1245/2225 2917/1244/2224 
f 2928/1255/2235 2917/1244/2224 2920/1247/2227 
f 2928/1255/2235 2920/1247/2227 2921/1248/2228 
f 2928/1255/2235 2921/1248/2228 2922/1249/2229 
f 2928/1255/2235 2924/1251/2231 2923/1250/2230 
f 2928/1255/2235 2923/1250/2230 2925/1252/2232 
f 2928/1255/2235 2925/1252/2232 2926/1253/2233 
f 2928/1255/2235 2926/1253/2233 2927/1254/2234 
f 2928/1255/2235 2927/1254/2234 2919/1246/2226 
s 1
f 2929/1256/2236 2930/1257/2237 2931/1258/2238 2932/1259/2239 
s 2
f 2930/1257/2237 2933/1260/2240 2934/1261/2241 2931/1258/2238 
s 1
f 2933/1260/2240 2935/1262/2242 2936/1263/2243 2934/1261/2241 
s 2
f 2935/1262/2242 2937/1264/2244 2938/1265/2245 2936/1263/2243 
s 1
f 2937/1264/2244 2939/1266/2246 2940/1267/2247 2938/1265/2245 
s 2
f 2939/1266/2246 2941/1268/2248 2942/1269/2249 2940/1267/2247 
s 1
f 2941/1268/2248 2943/1270/2250 2944/1271/2251 2942/1269/2249 
s 2
f 2943/1270/2250 2945/1272/2252 2946/1273/2253 2944/1271/2251 
s 1
f 2945/1272/2252 2947/1274/2254 2948/1275/2255 2946/1273/2253 
s 2
f 2947/1274/2254 2929/1040/2236 2932/1276/2239 2948/1275/2255 
s 1
f 2949/1277/2256 2950/1037/2257 2951/1278/2258 
f 2950/1037/2257 2952/1279/2259 2951/1278/2258 
f 2953/1280/2260 2954/1281/2261 2955/1282/2262 2956/1283/2263 
f 2957/1284/2264 2954/1281/2261 2953/1280/2260 
s 2
f 2958/1285/2265 2959/1286/2266 2960/1287/2267 2961/1288/2268 
f 2961/1288/2268 2960/1287/2267 2962/1289/2269 2963/1290/2270 
s 4
f 2964/1291/2271 2965/1292/2272 2966/1293/2273 2967/1294/2274 
f 2965/1292/2272 2968/1295/2275 2969/1296/2276 2966/1293/2273 
f 2966/1293/2273 2969/1296/2276 2970/1297/2277 2971/1298/2278 
f 2967/1294/2274 2966/1293/2273 2971/1298/2278 2972/1299/2279 
f 2959/1286/2266 2973/1005/2280 2974/1300/2280 2960/1287/2267 
f 2974/1300/2280 2975/1301/2281 2962/1289/2269 2960/1287/2267 
s 2
f 2973/1001/2280 2968/1295/2275 2965/1292/2272 2974/1302/2280 
f 2965/1292/2272 2964/1291/2271 2975/1303/2281 2974/1302/2280 
s 4
f 2976/1304/2282 2977/1305/2283 2978/1306/2284 2979/1307/2285 
f 2977/1305/2283 2980/973/2286 2981/1308/2287 2978/1306/2284 
f 2978/1306/2284 2981/1308/2287 2982/1309/2288 2983/1310/2289 
f 2979/1307/2285 2978/1306/2284 2983/1310/2289 2984/1311/2290 
f 2985/1312/2291 2986/1313/2292 2987/1314/2293 2988/1315/2294 
f 2986/1313/2292 2982/1316/2288 2981/1317/2287 2987/1314/2293 
f 2987/1314/2293 2981/1317/2287 2980/995/2286 2989/1318/2295 
f 2988/1315/2294 2987/1314/2293 2989/1318/2295 2990/953/2296 
f 2991/973/2297 2992/1308/2298 2993/1319/2299 2994/1320/2300 
f 2992/1308/2298 2995/1321/2301 2996/1322/2302 2993/1319/2299 
f 2993/1319/2299 2996/1322/2302 2985/1323/2291 2988/1324/2294 
f 2994/1320/2300 2993/1319/2299 2988/1324/2294 2990/953/2296 
f 2997/1325/2303 2998/1326/2304 2999/1327/2305 3000/1328/2306 
f 2998/1326/2304 2995/1329/2301 2992/1330/2298 2999/1327/2305 
f 2999/1327/2305 2992/1330/2298 2991/977/2297 3001/1331/2307 
f 3000/1328/2306 2999/1327/2305 3001/1331/2307 3002/995/2308 
f 3003/973/2309 3004/1308/2310 3005/1319/2311 3006/1320/2312 
f 3004/1308/2310 3007/1332/2313 3008/1333/2314 3005/1319/2311 
f 3005/1319/2311 3008/1333/2314 2997/1334/2303 3000/1324/2306 
f 3006/1320/2312 3005/1319/2311 3000/1324/2306 3002/953/2308 
f 3009/1335/2315 3010/1336/2316 3011/1337/2317 3012/1338/2318 
f 3010/1336/2316 3007/1339/2313 3004/1340/2310 3011/1337/2317 
f 3011/1337/2317 3004/1340/2310 3003/1341/2309 3013/1342/2319 
f 3012/1338/2318 3011/1337/2317 3013/1342/2319 3014/1343/2320 
f 2956/1344/2263 3015/1345/2321 3016/1346/2322 2953/1347/2260 
f 3015/1348/2321 3017/1349/2323 3018/1350/2324 3016/1351/2322 
f 3015/1348/2321 2982/1352/2288 2986/1353/2292 3017/1349/2323 
f 3017/1349/2323 2986/1353/2292 2985/1312/2291 3019/1354/2325 
f 3017/1349/2323 3019/1354/2325 3020/1355/2326 3018/1350/2324 
f 3019/1356/2325 3021/1357/2327 3022/1358/2328 3020/1359/2326 
f 3019/1356/2325 2985/1360/2291 2996/1361/2302 3021/1357/2327 
f 3021/1357/2327 2996/1361/2302 2995/1321/2301 3023/1362/2329 
f 3021/1357/2327 3023/1362/2329 3024/1363/2330 3022/1358/2328 
f 3023/1364/2329 3025/1365/2331 3026/1366/2332 3024/1367/2330 
f 3023/1364/2329 2995/1368/2301 2998/1369/2304 3025/1365/2331 
f 3025/1365/2331 2998/1369/2304 2997/1325/2303 3027/1370/2333 
f 3025/1365/2331 3027/1370/2333 3028/1371/2334 3026/1366/2332 
f 3027/1372/2333 3029/1373/2335 3030/1374/2336 3028/1375/2334 
f 3027/1372/2333 2997/1376/2303 3008/1377/2314 3029/1373/2335 
f 3029/1373/2335 3008/1377/2314 3007/1332/2313 3031/1378/2337 
f 3029/1373/2335 3031/1378/2337 3032/1379/2338 3030/1374/2336 
f 3031/1380/2337 3033/1381/2339 3034/1382/2340 3032/1383/2338 
f 3031/1380/2337 3007/1384/2313 3010/1385/2316 3033/1381/2339 
f 3033/1381/2339 3010/1385/2316 3009/1335/2315 3035/1386/2341 
f 3033/1381/2339 3035/1386/2341 3036/1387/2342 3034/1382/2340 
f 3030/1374/2336 3032/1379/2338 3037/977/2343 3038/1388/2344 
f 3028/1375/2334 3030/1374/2336 3038/1388/2344 3039/995/2345 
f 3040/973/2346 3024/1367/2330 3026/1366/2332 3041/1389/2347 
f 3041/1389/2347 3026/1366/2332 3028/1371/2334 3039/953/2345 
f 3022/1358/2328 3024/1363/2330 3040/977/2346 3042/1390/2348 
f 3020/1359/2326 3022/1358/2328 3042/1390/2348 3043/995/2349 
f 3043/973/2349 3044/1391/2350 3018/1350/2324 3020/1355/2326 
f 3044/1391/2350 3045/977/2351 3016/1351/2322 3018/1350/2324 
f 2957/1392/2264 2953/1347/2260 3016/1346/2322 3045/977/2351 
f 3046/1393/2352 3047/1394/2353 3034/1382/2340 3036/1387/2342 
f 3047/1394/2353 3037/1395/2343 3032/1383/2338 3034/1382/2340 
s 8
f 3048/1396/2354 3049/1397/2355 3050/1398/2356 3051/977/2357 
f 3051/977/2357 3052/974/2358 3053/1399/2359 3048/1400/2354 
f 3052/974/2358 3054/973/2360 3055/1401/2361 3053/1399/2359 
f 3054/995/2360 3056/1018/2362 3057/1402/2363 3055/1403/2361 
f 3056/1018/2362 3058/977/2364 3059/1396/2365 3057/1402/2363 
f 3058/973/2364 3060/1005/2366 3061/1404/2367 3059/1405/2365 
f 3060/1005/2366 3062/953/2368 3063/1406/2369 3061/1404/2367 
f 3062/995/2368 3064/1018/2370 3065/1402/2371 3063/1403/2369 
f 3064/1018/2370 3066/977/2372 3067/1396/2373 3065/1402/2371 
f 3066/1395/2372 3068/1407/2374 3069/1408/2375 3067/1409/2373 
f 3068/1407/2374 3070/1410/2376 3071/1411/2377 3069/1408/2375 
f 3072/973/2378 3073/973/2379 3074/1412/2380 3075/1412/2381 
s 4
f 3073/973/2379 2980/973/2286 2977/1305/2283 3074/1412/2380 
f 3074/1412/2380 2977/1305/2283 2976/1304/2282 3076/1304/2382 
s 8
f 3075/1412/2381 3074/1412/2380 3076/1304/2382 3077/1304/2383 
f 3072/995/2378 3078/1006/2384 3079/1006/2385 3073/995/2379 
f 3078/1006/2384 3080/953/2386 3081/953/2387 3079/1006/2385 
s 4
f 3079/1006/2385 3081/953/2387 2990/953/2296 2989/1318/2295 
f 3073/995/2379 3079/1006/2385 2989/1318/2295 2980/995/2286 
s 8
f 3080/953/2386 3082/1005/2388 3083/1005/2389 3081/953/2387 
f 3082/1005/2388 3084/973/2390 3085/973/2391 3083/1005/2389 
s 4
f 3083/1005/2389 3085/973/2391 2991/973/2297 2994/1320/2300 
f 3081/953/2387 3083/1005/2389 2994/1320/2300 2990/953/2296 
s 8
f 3084/977/2390 3086/1018/2392 3087/1018/2393 3085/977/2391 
f 3086/1018/2392 3088/995/2394 3089/995/2395 3087/1018/2393 
s 4
f 3087/1018/2393 3089/995/2395 3002/995/2308 3001/1331/2307 
f 3085/977/2391 3087/1018/2393 3001/1331/2307 2991/977/2297 
s 8
f 3088/953/2394 3090/1005/2396 3091/1005/2397 3089/953/2395 
f 3090/1005/2396 3092/973/2398 3093/973/2399 3091/1005/2397 
s 4
f 3091/1005/2397 3093/973/2399 3003/973/2309 3006/1320/2312 
f 3089/953/2395 3091/1005/2397 3006/1320/2312 3002/953/2308 
s 8
f 3092/1341/2398 3094/1413/2400 3095/1413/2401 3093/1341/2399 
f 3094/1413/2400 3096/1343/2402 3097/1343/2403 3095/1413/2401 
s 4
f 3095/1413/2401 3097/1343/2403 3014/1343/2320 3013/1342/2319 
f 3093/1341/2399 3095/1413/2401 3013/1342/2319 3003/1341/2309 
s 8
f 3066/977/2372 3064/1018/2370 3098/1018/2404 3099/977/2405 
f 3064/1018/2370 3062/995/2368 3100/995/2406 3098/1018/2404 
s 4
f 3098/1018/2404 3100/995/2406 3039/995/2345 3038/1388/2344 
f 3099/977/2405 3098/1018/2404 3038/1388/2344 3037/977/2343 
s 8
f 3062/953/2368 3060/1005/2366 3101/1005/2407 3100/953/2406 
f 3060/1005/2366 3058/973/2364 3102/973/2408 3101/1005/2407 
s 4
f 3101/1005/2407 3102/973/2408 3040/973/2346 3041/1389/2347 
f 3100/953/2406 3101/1005/2407 3041/1389/2347 3039/953/2345 
s 8
f 3058/977/2364 3056/1018/2362 3103/1018/2409 3102/977/2408 
f 3056/1018/2362 3054/995/2360 3104/995/2410 3103/1018/2409 
s 4
f 3103/1018/2409 3104/995/2410 3043/995/2349 3042/1390/2348 
f 3102/977/2408 3103/1018/2409 3042/1390/2348 3040/977/2346 
s 8
f 3054/973/2360 3052/974/2358 3105/974/2411 3104/973/2410 
f 3052/974/2358 3051/977/2357 3106/1414/2412 3105/974/2411 
s 4
f 3105/974/2411 3106/1414/2412 3045/977/2351 3044/1391/2350 
f 3104/973/2410 3105/974/2411 3044/1391/2350 3043/973/2349 
s 8
f 3051/977/2357 3050/1398/2356 3107/1415/2413 3106/1414/2412 
f 3107/1415/2413 2957/1392/2264 3045/977/2351 3106/1414/2412 
f 3070/1410/2376 3068/1407/2374 3108/1407/2414 3109/1416/2415 
f 3068/1407/2374 3066/1395/2372 3099/1395/2405 3108/1407/2414 
s 4
f 3108/1407/2414 3099/1395/2405 3037/1395/2343 3047/1394/2353 
f 3109/1416/2415 3108/1407/2414 3047/1394/2353 3046/1393/2352 
s 8
f 3067/1409/2373 3069/1408/2375 3094/1413/2400 3092/1341/2398 
f 3069/1408/2375 3071/1411/2377 3096/1343/2402 3094/1413/2400 
f 3063/1403/2369 3065/1402/2371 3090/1005/2396 3088/953/2394 
f 3065/1402/2371 3067/1396/2373 3092/973/2398 3090/1005/2396 
f 3059/1405/2365 3061/1404/2367 3086/1018/2392 3084/977/2390 
f 3061/1404/2367 3063/1406/2369 3088/995/2394 3086/1018/2392 
f 3055/1403/2361 3057/1402/2363 3082/1005/2388 3080/953/2386 
f 3057/1402/2363 3059/1396/2365 3084/973/2390 3082/1005/2388 
f 3048/1400/2354 3053/1399/2359 3078/1006/2384 3072/995/2378 
f 3053/1399/2359 3055/1401/2361 3080/953/2386 3078/1006/2384 
f 3048/1396/2354 3072/973/2378 3075/1412/2381 3049/1397/2355 
f 3075/1412/2381 3077/1304/2383 3110/1417/2416 3049/1397/2355 
f 3111/1418/2417 3112/1419/2418 3049/1397/2355 3110/1417/2416 
f 3112/1419/2418 3050/1398/2356 3049/1397/2355 
f 2957/1392/2264 3107/1415/2413 3113/1420/2419 3114/1421/2420 
f 3107/1415/2413 3050/1398/2356 3112/1419/2418 3113/1420/2419 
f 3113/1420/2419 3112/1419/2418 3111/1418/2417 3115/1422/2421 
f 3114/1421/2420 3113/1420/2419 3115/1422/2421 3116/1423/2422 
s 4
f 3117/1424/2423 3118/1425/2424 3119/1426/2425 3120/1427/2426 
f 3118/1425/2424 2984/1311/2290 2983/1310/2289 3119/1426/2425 
f 3119/1426/2425 2983/1310/2289 2982/1309/2288 3015/1345/2321 
f 3120/1427/2426 3119/1426/2425 3015/1345/2321 2956/1344/2263 
s 1
f 2954/1281/2261 3121/1428/2427 2949/1277/2256 2951/1278/2258 
f 2951/1278/2258 2952/1279/2259 2955/1282/2262 2954/1281/2261 
s 2
f 3121/1428/2427 2963/1290/2270 2962/1289/2269 2949/1277/2256 
f 3121/1428/2427 2957/1284/2264 2963/1290/2270 
f 2957/1284/2264 3114/1429/2420 2963/1290/2270 
f 3114/1429/2420 3116/1430/2422 2958/1285/2265 2961/1288/2268 
s 4
f 3117/1297/2423 3120/1431/2426 2971/1298/2278 2970/1297/2277 
f 3120/1431/2426 2956/1432/2263 2972/1299/2279 2971/1298/2278 
f 2956/1432/2263 2955/1433/2262 2967/1294/2274 2972/1299/2279 
f 2955/1433/2262 2952/1434/2259 2964/1291/2271 2967/1294/2274 
f 2950/1037/2257 2949/1277/2256 2962/1289/2269 2975/1301/2281 
s 2
f 2952/1434/2259 2950/1065/2257 2975/1303/2281 2964/1291/2271 
s 1
f 3122/1435/2428 3123/1436/2429 3124/1437/2430 3125/1438/2431 
f 3122/1435/2428 3125/1438/2431 3126/1439/2432 3127/1440/2433 
s 2
f 3128/1441/2434 3129/1442/2435 3130/1443/2436 3131/1444/2437 
f 3132/1445/2438 3128/1441/2434 3131/1444/2437 3133/1446/2439 
f 3134/1447/2440 3135/1448/2441 3136/1449/2442 
s 4
f 3137/1450/2443 3134/1447/2440 3136/1449/2442 3138/1451/2444 
s 2
f 3139/1452/2445 3140/1453/2446 3141/1454/2447 
f 3142/1455/2448 3139/1452/2445 3141/1454/2447 3143/1456/2449 
s 4
f 3144/1457/2450 3137/1450/2443 3138/1451/2444 3145/1458/2451 
s 2
f 3146/1459/2452 3140/1453/2446 3139/1452/2445 3147/1460/2453 
s 4
f 3148/1461/2454 3149/1462/2455 3150/1463/2456 3151/1464/2457 
f 3151/1464/2457 3150/1463/2456 3152/1465/2458 3153/1466/2459 
s 2
f 3154/1467/2460 3155/1468/2461 3156/1469/2462 3157/1470/2463 
f 3157/1470/2463 3156/1469/2462 3140/1453/2446 3146/1459/2452 
s 8
f 3145/1458/2451 3130/1443/2436 3129/1442/2435 3144/1457/2450 
s 4
f 3132/1445/2438 3142/1455/2448 3143/1456/2449 3158/1471/2464 
s 8
f 3159/1472/2465 3160/1473/2466 3123/1436/2429 
s 1
f 3160/1473/2466 3161/1474/2467 3124/1437/2430 3123/1436/2429 
f 3138/1475/2444 3136/1476/2442 3127/1440/2433 3126/1439/2432 
s 8
f 3136/1476/2442 3135/1448/2441 3127/1440/2433 
s 1
f 3161/1474/2467 3162/1477/2468 3163/1478/2469 3124/1437/2430 
f 3124/1437/2430 3163/1478/2469 3164/1479/2470 3125/1438/2431 
f 3162/1477/2468 3133/1480/2439 3164/1479/2470 3163/1478/2469 
f 3133/1480/2439 3131/1481/2437 3164/1479/2470 
f 3131/1481/2437 3130/1482/2436 3164/1479/2470 
f 3130/1482/2436 3145/1483/2451 3165/1484/2471 3164/1479/2470 
f 3145/1483/2451 3138/1475/2444 3126/1439/2432 3165/1484/2471 
f 3165/1484/2471 3126/1439/2432 3125/1438/2431 3164/1479/2470 
s 8
f 3135/1448/2441 3159/1472/2465 3122/1435/2428 3127/1440/2433 
f 3159/1472/2465 3123/1436/2429 3122/1435/2428 
s 1
f 3166/1485/2472 3167/1486/2473 3168/1487/2474 3169/1488/2475 
f 3169/1488/2475 3168/1487/2474 3170/1489/2476 3171/1490/2477 
f 3172/1491/2478 3173/1492/2479 3174/1493/2480 3175/1494/2481 
f 3175/1494/2481 3174/1493/2480 3167/1486/2473 3166/1485/2472 
f 3176/1304/2482 3177/1495/2483 3178/1496/2484 3179/1497/2485 
f 3177/1495/2483 3173/1492/2479 3172/1491/2478 3178/1496/2484 
f 3170/1498/2476 3180/1499/2486 3181/1500/2487 3171/1501/2477 
f 3181/1500/2487 3182/1502/2488 3171/1501/2477 
f 3183/1503/2489 3184/1504/2490 3185/1505/2491 3186/1506/2492 
f 3185/1507/2491 3184/1508/2490 3187/1509/2493 3188/1510/2494 
f 3187/1509/2493 3189/1511/2495 3190/1512/2496 3188/1510/2494 
f 3190/1513/2496 3189/1514/2495 3191/1515/2497 3192/1516/2498 
f 3191/1515/2497 3193/1517/2499 3194/1518/2500 3192/1516/2498 
f 3194/1519/2500 3193/1520/2499 3195/1521/2501 3196/1522/2502 
f 3195/1521/2501 3197/1523/2503 3198/1524/2504 3196/1522/2502 
f 3198/1525/2504 3197/1526/2503 3199/1527/2505 3200/1528/2506 
f 3199/1527/2505 3171/1529/2477 3182/1530/2488 3200/1528/2506 
f 3186/1506/2492 3185/1505/2491 3201/977/2507 3202/1531/2508 
f 3185/1507/2491 3188/1510/2494 3203/1532/2509 3201/977/2507 
f 3188/1510/2494 3190/1512/2496 3204/973/2510 3203/1532/2509 
f 3190/1513/2496 3192/1516/2498 3205/1533/2511 3204/995/2510 
f 3192/1516/2498 3194/1518/2500 3206/977/2512 3205/1533/2511 
f 3194/1519/2500 3196/1522/2502 3207/1534/2513 3206/973/2512 
f 3196/1522/2502 3198/1524/2504 3208/953/2514 3207/1534/2513 
f 3198/1525/2504 3200/1528/2506 3209/1535/2515 3208/995/2514 
f 3200/1528/2506 3182/1530/2488 3210/977/2516 3209/1535/2515 
f 3182/1502/2488 3181/1500/2487 3211/1536/2517 3210/1395/2516 
f 3181/1500/2487 3180/1499/2486 3212/1537/2518 3211/1536/2517 
f 3184/1504/2490 3183/1503/2489 3213/1538/2519 3214/1539/2520 
f 3179/1497/2485 3184/1504/2490 3214/1539/2520 3176/1304/2482 
f 3172/1491/2478 3189/1540/2495 3187/1541/2493 3178/1006/2484 
f 3178/1006/2484 3187/1541/2493 3184/1542/2490 3179/995/2485 
f 3175/1494/2481 3193/1543/2499 3191/1544/2497 3172/1491/2478 
f 3172/1491/2478 3191/1544/2497 3189/1545/2495 
f 3166/1485/2472 3197/1546/2503 3195/1547/2501 
f 3166/1485/2472 3195/1547/2501 3193/1548/2499 3175/977/2481 
f 3171/1490/2477 3199/1549/2505 3169/1005/2475 
f 3169/1005/2475 3199/1549/2505 3197/1550/2503 3166/953/2472 
s 2
f 3215/1485/2521 3216/1551/2522 3217/1552/2523 3218/1486/2524 
f 3219/1491/2525 3220/1494/2526 3221/1493/2527 3222/1492/2528 
f 3220/1494/2526 3215/1485/2521 3218/1486/2524 3221/1493/2527 
f 3223/1553/2529 3224/1554/2530 3219/1491/2525 3222/1492/2528 
f 3225/1498/2531 3226/1555/2532 3227/1556/2533 3228/1557/2534 
f 3226/1555/2532 3229/1558/2535 3230/1559/2536 3227/1556/2533 
f 3231/1560/2537 3232/1561/2538 3233/1562/2539 3234/1538/2540 
f 3232/1561/2538 3235/1505/2541 3233/1562/2539 
f 3235/1507/2541 3236/1563/2542 3237/1564/2543 3238/1509/2544 3233/1508/2539 
f 3237/1564/2543 3239/1565/2545 3240/1511/2546 3238/1509/2544 
f 3239/1566/2545 3241/1567/2547 3242/1515/2548 3240/1514/2546 
f 3241/1567/2547 3243/1568/2549 3244/1517/2550 3242/1515/2548 
f 3243/1569/2549 3245/1570/2551 3246/1521/2552 3244/1520/2550 
f 3245/1570/2551 3247/1571/2553 3248/1523/2554 3246/1521/2552 
f 3247/1572/2553 3249/1573/2555 3250/1527/2556 3248/1526/2554 
f 3249/1573/2555 3230/1574/2536 3229/1529/2535 3250/1527/2556 
f 3224/1554/2530 3223/1553/2529 3234/1538/2540 3233/1562/2539 
f 3219/1491/2525 3224/1575/2530 3238/1576/2544 3240/1577/2546 
f 3224/1575/2530 3233/1578/2539 3238/1576/2544 
f 3220/1494/2526 3219/1491/2525 3242/1579/2548 3244/1580/2550 
f 3219/1491/2525 3240/1581/2546 3242/1579/2548 
f 3215/1485/2521 3246/1582/2552 3248/1583/2554 
f 3215/1485/2521 3220/977/2526 3244/1584/2550 3246/1582/2552 
f 3216/1551/2522 3250/1585/2556 3229/1586/2535 
f 3216/1551/2522 3215/953/2521 3248/1587/2554 3250/1585/2556 
f 3217/1552/2523 3216/1588/2522 3226/1589/2532 3225/1590/2531 
f 3216/1588/2522 3229/1591/2535 3226/1589/2532 
s 16
f 3251/1592/2557 3252/1593/2558 3253/1594/2559 3254/1595/2560 
s 2
f 3252/1593/2558 3228/1557/2534 3227/1556/2533 3253/1594/2559 
f 3253/1594/2559 3227/1556/2533 3230/1559/2536 3255/1596/2561 
s 16
f 3254/1595/2560 3253/1594/2559 3255/1596/2561 3256/1597/2562 
f 3256/1598/2562 3255/1599/2561 3257/1600/2563 3258/1601/2564 
s 2
f 3255/1599/2561 3230/1574/2536 3249/1573/2555 3257/1600/2563 
f 3257/1600/2563 3249/1573/2555 3247/1572/2553 3259/1602/2565 
s 16
f 3258/1601/2564 3257/1600/2563 3259/1602/2565 3260/1603/2566 
f 3260/1604/2566 3259/1605/2565 3261/1606/2567 3262/1607/2568 
s 2
f 3259/1605/2565 3247/1571/2553 3245/1570/2551 3261/1606/2567 
f 3261/1606/2567 3245/1570/2551 3243/1569/2549 3263/1608/2569 
s 16
f 3262/1607/2568 3261/1606/2567 3263/1608/2569 3264/1609/2570 
f 3264/1610/2570 3263/1611/2569 3265/1612/2571 3266/1613/2572 
s 2
f 3263/1611/2569 3243/1568/2549 3241/1567/2547 3265/1612/2571 
f 3265/1612/2571 3241/1567/2547 3239/1566/2545 3267/1614/2573 
s 16
f 3266/1613/2572 3265/1612/2571 3267/1614/2573 3268/1615/2574 
f 3268/1616/2574 3267/1617/2573 3269/1618/2575 3270/1619/2576 
s 2
f 3267/1617/2573 3239/1565/2545 3237/1564/2543 3269/1618/2575 
f 3269/1618/2575 3237/1564/2543 3236/1563/2542 3159/1620/2465 
s 16
f 3270/1619/2576 3269/1618/2575 3159/1620/2465 3135/1621/2441 
f 3268/973/2574 3270/1622/2576 3271/1623/2577 3272/973/2578 
f 3270/1622/2576 3135/1624/2441 3273/1625/2579 3271/1623/2577 
f 3271/1623/2577 3273/1625/2579 3201/977/2507 3203/1532/2509 
f 3272/973/2578 3271/1623/2577 3203/1532/2509 3204/973/2510 
f 3264/977/2570 3266/1018/2572 3274/1018/2580 3275/977/2581 
f 3266/1018/2572 3268/995/2574 3272/995/2578 3274/1018/2580 
f 3274/1018/2580 3272/995/2578 3204/995/2510 3205/1533/2511 
f 3275/977/2581 3274/1018/2580 3205/1533/2511 3206/977/2512 
f 3260/953/2566 3262/1005/2568 3276/1005/2582 3277/953/2583 
f 3262/1005/2568 3264/973/2570 3275/973/2581 3276/1005/2582 
f 3276/1005/2582 3275/973/2581 3206/973/2512 3207/1534/2513 
f 3277/953/2583 3276/1005/2582 3207/1534/2513 3208/953/2514 
f 3256/977/2562 3258/1018/2564 3278/1018/2584 3279/977/2585 
f 3258/1018/2564 3260/995/2566 3277/995/2583 3278/1018/2584 
f 3278/1018/2584 3277/995/2583 3208/995/2514 3209/1535/2515 
f 3279/977/2585 3278/1018/2584 3209/1535/2515 3210/977/2516 
f 3251/1410/2557 3254/1407/2560 3280/1407/2586 3281/1416/2587 
f 3254/1407/2560 3256/1395/2562 3279/1395/2585 3280/1407/2586 
f 3280/1407/2586 3279/1395/2585 3210/1395/2516 3211/1536/2517 
f 3281/1416/2587 3280/1407/2586 3211/1536/2517 3212/1537/2518 
s 2
f 3146/1459/2452 3235/1505/2541 3232/1561/2538 3157/1470/2463 
f 3146/1459/2452 3147/1626/2453 3236/1627/2542 3235/1505/2541 
s 1
f 3201/977/2507 3282/1628/2588 3283/1629/2589 3202/1531/2508 
s 2
f 3202/1531/2508 3283/1629/2589 3284/1630/2590 3285/1631/2591 
s 16
f 3135/1448/2441 3134/1447/2440 3273/1632/2579 
f 3273/1632/2579 3134/1447/2440 3282/1628/2588 3201/977/2507 
s 1
f 3153/1633/2459 3286/1634/2592 3287/1634/2593 3288/1635/2594 
s 16
f 3286/1634/2592 3289/1636/2595 3290/1637/2596 3287/1634/2593 
f 3287/1634/2593 3290/1637/2596 3291/1638/2597 3292/1639/2598 
s 1
f 3288/1635/2594 3287/1634/2593 3292/1639/2598 3293/1640/2599 
s 16
f 3289/1636/2595 3294/1641/2600 3295/1642/2601 3290/1637/2596 
f 3290/1637/2596 3295/1642/2601 3291/1638/2597 
f 3294/1641/2600 3296/1643/2602 3297/1643/2603 3295/1642/2601 
f 3296/1643/2602 3158/1644/2464 3298/1645/2604 3297/1643/2603 
f 3297/1643/2603 3298/1645/2604 3291/1638/2597 
f 3295/1642/2601 3297/1643/2603 3291/1638/2597 
f 3158/1644/2464 3143/1646/2449 3299/1647/2605 3298/1645/2604 
f 3298/1645/2604 3299/1647/2605 3291/1638/2597 
f 3143/1646/2449 3141/1648/2447 3300/1648/2606 3299/1647/2605 
s 4
f 3141/1648/2447 3140/1649/2446 3301/1650/2607 3300/1648/2606 
s 1
f 3300/1648/2606 3301/1650/2607 3293/1640/2599 3292/1639/2598 
s 16
f 3299/1647/2605 3300/1648/2606 3292/1639/2598 3291/1638/2597 
s 4
f 3140/1649/2446 3156/1651/2462 3302/1651/2608 3301/1650/2607 
f 3156/1651/2462 3155/1652/2461 3303/1652/2609 3302/1651/2608 
s 1
f 3302/1651/2608 3303/1652/2609 3304/1653/2434 3305/1654/2610 
f 3301/1650/2607 3302/1651/2608 3305/1654/2610 3293/1640/2599 
f 3148/1655/2454 3151/1656/2457 3306/1656/2611 3307/1655/2612 
f 3151/1656/2457 3153/1633/2459 3288/1635/2594 3306/1656/2611 
f 3306/1656/2611 3288/1635/2594 3293/1640/2599 3305/1654/2610 
f 3307/1655/2612 3306/1656/2611 3305/1654/2610 3304/1653/2434 
s 4
f 3133/1446/2439 3162/1657/2468 3142/1455/2448 3132/1445/2438 
s 2
f 3161/1658/2467 3139/1452/2445 3142/1455/2448 3162/1657/2468 
f 3147/1460/2453 3139/1452/2445 3161/1658/2467 3160/1659/2466 
f 3147/1460/2453 3160/1659/2466 3159/1660/2465 
f 3154/1467/2460 3157/1470/2463 3232/1561/2538 3231/1560/2537 
f 3294/1661/2600 3129/1442/2435 3128/1441/2434 3296/1662/2602 
f 3296/1662/2602 3128/1441/2434 3132/1445/2438 3158/1471/2464 
s 8
f 3144/1457/2450 3129/1442/2435 3294/1661/2600 3289/1663/2595 
s 4
f 3153/1466/2459 3137/1450/2443 3286/1664/2592 
f 3286/1664/2592 3137/1450/2443 3144/1457/2450 3289/1663/2595 
f 3153/1466/2459 3152/1465/2458 3134/1447/2440 3137/1450/2443 
f 3282/1628/2588 3134/1447/2440 3152/1465/2458 
f 3283/1629/2589 3282/1628/2588 3152/1465/2458 3150/1665/2456 
f 3284/1630/2590 3283/1629/2589 3150/1665/2456 3149/1666/2455 
s 2
f 2748/1110/2058 2751/1113/2061 2749/1111/2059 
f 2758/1120/2068 2759/1121/2069 2756/1118/2066 
f 3147/1626/2453 3159/1620/2465 3236/1627/2542 
f 3114/1429/2420 2961/1288/2268 2963/1290/2270 
s 1
f 2957/1284/2264 3121/1428/2427 2954/1281/2261 
f 2930/1257/2237 2929/1256/2236 3308/1256/2613 3309/1257/2614 
s 2
f 2933/1260/2240 2930/1257/2237 3309/1257/2614 3310/1260/2615 
s 1
f 2935/1262/2242 2933/1260/2240 3310/1260/2615 3311/1262/2616 
s 2
f 2937/1264/2244 2935/1262/2242 3311/1262/2616 3312/1264/2617 
s 1
f 2939/1266/2246 2937/1264/2244 3312/1264/2617 3313/1266/2618 
s 2
f 2941/1268/2248 2939/1266/2246 3313/1266/2618 3314/1268/2619 
s 1
f 2943/1270/2250 2941/1268/2248 3314/1268/2619 3315/1270/2620 
s 2
f 2945/1272/2252 2943/1270/2250 3315/1270/2620 3316/1272/2621 
s 1
f 2947/1274/2254 2945/1272/2252 3316/1272/2621 3317/1274/2622 
s 2
f 2929/1040/2236 2947/1274/2254 3317/1274/2622 3308/1040/2613 
s 1
f 3318/1667/2623 3319/1668/2624 3320/1669/2625 
f 3321/1670/2626 3318/1667/2623 3320/1669/2625 
f 3322/1671/2627 3321/1670/2626 3320/1669/2625 
f 3323/1672/2628 3322/1671/2627 3320/1669/2625 
f 3324/1673/2629 3323/1672/2628 3320/1669/2625 
f 3325/1674/2630 3324/1673/2629 3320/1669/2625 
f 3326/1675/2631 3325/1674/2630 3320/1669/2625 
f 3327/1676/2632 3326/1675/2631 3320/1669/2625 
f 3328/1677/2633 3327/1676/2632 3320/1669/2625 
f 3319/1678/2624 3328/1677/2633 3320/1669/2625 
s 4
f 3309/1257/2614 3308/1256/2613 3319/1668/2624 3318/1667/2623 
f 3310/1260/2615 3309/1257/2614 3318/1667/2623 3321/1670/2626 
f 3311/1262/2616 3310/1260/2615 3321/1670/2626 3322/1671/2627 
f 3312/1264/2617 3311/1262/2616 3322/1671/2627 3323/1672/2628 
f 3313/1266/2618 3312/1264/2617 3323/1672/2628 3324/1673/2629 
f 3314/1268/2619 3313/1266/2618 3324/1673/2629 3325/1674/2630 
f 3315/1270/2620 3314/1268/2619 3325/1674/2630 3326/1675/2631 
f 3316/1272/2621 3315/1270/2620 3326/1675/2631 3327/1676/2632 
f 3317/1274/2622 3316/1272/2621 3327/1676/2632 3328/1677/2633 
f 3308/1040/2613 3317/1274/2622 3328/1677/2633 3319/1678/2624 
s 1
f 3213/1538/2519 3183/1503/2489 3186/1506/2492 3329/1679/2634 
f 3329/1679/2634 3186/1506/2492 3202/1531/2508 3285/1631/2591 
f 3330/949/2635 3331/952/1731 3332/951/2636 3333/950/2637 
f 3331/952/1731 3334/954/1731 3335/953/2638 3332/951/2636 
f 3336/955/2639 3337/958/2640 3338/957/2641 3339/956/2642 
f 3339/956/2642 3338/957/2641 3340/960/1731 3341/959/1731 
f 3338/957/2641 3342/962/2643 3343/961/1731 3340/960/1731 
f 3337/958/2640 3344/963/2644 3342/962/2643 3338/957/2641 
f 3344/964/2644 3345/967/2645 3346/966/2646 3342/965/2643 
f 3342/965/2643 3346/966/2646 3347/969/1731 3343/968/1731 
f 3346/966/2646 3348/971/2647 3349/970/1731 3347/969/1731 
f 3345/967/2645 3350/972/2648 3348/971/2647 3346/966/2646 
f 2408/973/1731 3351/976/1731 3352/975/1731 2409/974/1731 
f 2409/974/1731 3352/975/1731 3353/978/2649 2412/977/1743 
f 3352/975/1731 3331/952/1731 3330/949/2635 3353/978/2649 
f 3351/976/1731 3334/954/1731 3331/952/1731 3352/975/1731 
f 3354/979/1731 3355/982/1731 3356/981/2650 3357/980/2651 
f 3357/980/2651 3356/981/2650 3358/984/2652 3359/983/2653 
f 3356/981/2650 3348/986/2647 3350/985/2648 3358/984/2652 
f 3355/982/1731 3349/987/1731 3348/986/2647 3356/981/2650 
f 2420/988/1731 3360/991/1731 3361/990/2654 2421/989/1749 
f 2421/989/1749 3361/990/2654 3362/992/2655 2424/953/1751 
f 3361/990/2654 3357/980/2651 3359/983/2653 3362/992/2655 
f 3360/991/1731 3354/979/1731 3357/980/2651 3361/990/2654 
f 3363/993/2656 3354/979/1731 3360/991/1731 3364/994/2657 
f 3364/994/2657 3360/991/1731 2420/988/1731 2428/995/1755 
f 3365/996/2658 3349/987/1731 3355/982/1731 3366/997/2659 
f 3366/997/2659 3355/982/1731 3354/979/1731 3363/993/2656 
f 3343/968/1731 3347/969/1731 3367/998/2660 3368/995/2661 
f 3347/969/1731 3349/970/1731 3365/953/2658 3367/998/2660 
f 3341/959/1731 3340/960/1731 3369/999/2662 3370/977/2663 
f 3340/960/1731 3343/961/1731 3368/995/2661 3369/999/2662 
f 3371/1000/1731 3372/1002/1731 3373/1001/2664 3374/977/2665 
f 3372/1002/1731 3341/1003/1731 3370/995/2663 3373/1001/2664 
f 3341/973/1731 3372/1005/1731 3375/1004/2666 3339/974/2642 
f 3339/974/2642 3375/1004/2666 3376/1001/2667 3336/977/2639 
f 3375/1004/2666 3377/1006/2668 3378/995/2669 3376/1001/2667 
f 3372/1005/1731 3371/953/1731 3377/1006/2668 3375/1004/2666 
f 3379/1007/1731 3380/1010/1731 3381/1009/2670 3382/1008/2671 
f 3380/1010/1731 3371/1011/1731 3374/977/2665 3381/1009/2670 
f 2447/973/1731 3383/1005/1731 3384/1013/1731 2448/1012/1731 
f 2448/1012/1731 3384/1013/1731 3385/1015/1731 2451/1014/1731 
f 3384/1013/1731 3380/1017/1731 3379/1016/1731 3385/1015/1731 
f 3383/1005/1731 3371/953/1731 3380/1017/1731 3384/1013/1731 
f 2447/973/1731 2454/1005/1771 3386/1004/2672 3383/974/1731 
f 3383/974/1731 3386/1004/2672 3377/1018/2668 3371/977/1731 
f 3386/1004/2672 3387/1019/2673 3378/995/2669 3377/1018/2668 
f 2454/1005/1771 2456/953/1773 3387/1019/2673 3386/1004/2672 
f 3388/952/2674 3389/1006/2675 3390/953/2676 3391/954/2677 
f 3392/1020/2678 3393/995/2679 3389/1006/2675 3388/952/2674 
f 3394/955/2680 3395/956/2681 3396/957/2682 3397/1021/2683 
f 3397/1021/2683 3396/957/2682 3398/962/2684 3399/963/2685 
f 3396/957/2682 3400/960/2686 3401/961/2687 3398/962/2684 
f 3395/956/2681 3402/959/2688 3400/960/2686 3396/957/2682 
f 3399/964/2685 3398/965/2684 3403/966/2689 3404/1022/2690 
f 3404/1022/2690 3403/966/2689 3405/971/2691 3406/972/2692 
f 3403/966/2689 3407/969/2693 3408/970/2694 3405/971/2691 
f 3398/965/2684 3401/968/2687 3407/969/2693 3403/966/2689 
f 2478/973/1795 2481/974/1797 3409/975/2695 3410/976/1795 
f 3410/976/1795 3409/975/2695 3388/952/2674 3391/954/2677 
f 3409/975/2695 3411/1023/2696 3392/1020/2678 3388/952/2674 
f 2481/974/1797 2483/977/1799 3411/1023/2696 3409/975/2695 
f 3412/979/2697 3413/980/2698 3414/981/2699 3415/982/2700 
f 3415/982/2700 3414/981/2699 3405/986/2691 3408/987/2694 
f 3414/981/2699 3416/1024/2701 3406/985/2692 3405/986/2691 
f 3413/980/2698 3417/1025/2702 3416/1024/2701 3414/981/2699 
f 2490/988/1806 2493/989/1809 3418/990/2703 3419/991/2704 
f 3419/991/2704 3418/990/2703 3413/980/2698 3412/979/2697 
f 3418/990/2703 3420/1026/2705 3417/1025/2702 3413/980/2698 
f 2493/989/1809 2495/953/1811 3420/1026/2705 3418/990/2703 
f 3421/1027/2706 3422/1028/2707 3419/991/2704 3412/979/2697 
f 3422/1028/2707 2498/995/1814 2490/988/1806 3419/991/2704 
f 3423/996/2708 3424/1029/2709 3415/982/2700 3408/987/2694 
f 3424/1029/2709 3421/1027/2706 3412/979/2697 3415/982/2700 
f 3407/969/2693 3425/1006/2710 3423/953/2708 3408/970/2694 
f 3401/968/2687 3426/995/2711 3425/1006/2710 3407/969/2693 
f 3400/960/2686 3427/1018/2712 3426/995/2711 3401/961/2687 
f 3402/959/2688 3428/977/2713 3427/1018/2712 3400/960/2686 
f 3429/1002/2714 3430/1018/2715 3428/995/2713 3402/1003/2688 
f 3431/1000/2716 3432/977/2717 3430/1018/2715 3429/1002/2714 
f 3402/973/2688 3395/974/2681 3433/1004/2718 3429/1005/2714 
f 3429/1005/2714 3433/1004/2718 3434/1006/2719 3431/953/2716 
f 3433/1004/2718 3435/1018/2720 3436/995/2721 3434/1006/2719 
f 3395/974/2681 3394/977/2680 3435/1018/2720 3433/1004/2718 
f 3437/1030/2722 3438/1031/2723 3439/1010/2724 3440/1007/2725 
f 3438/1031/2723 3432/977/2717 3431/1011/2716 3439/1010/2724 
f 2517/973/1795 2520/1012/1795 3441/1013/1795 3442/1005/1795 
f 3442/1005/1795 3441/1013/1795 3439/1017/2724 3431/953/2716 
f 3441/1013/1795 3443/1015/1795 3440/1016/2725 3439/1017/2724 
f 2520/1012/1795 2522/1014/1795 3443/1015/1795 3441/1013/1795 
f 2517/973/1795 3442/974/1795 3444/1004/2726 2523/1005/1833 
f 2523/1005/1833 3444/1004/2726 3445/1006/2727 2525/953/1835 
f 3444/1004/2726 3434/1018/2719 3436/995/2721 3445/1006/2727 
f 3442/974/1795 3431/977/2716 3434/1018/2719 3444/1004/2726 
f 3446/1032/2728 3447/1032/2729 3448/1006/2730 3449/1006/2731 
f 3449/1006/2731 3448/1006/2730 3450/953/2732 3451/953/2733 
f 3452/1033/2734 3453/1033/2735 3447/1032/2729 3446/1032/2728 
s 2
f 3394/955/2680 3397/1021/2683 3454/1021/2736 3455/955/2737 
s 4
f 3455/955/2737 3454/1021/2736 3337/958/2640 3336/955/2639 
f 3454/1021/2736 3456/963/2738 3344/963/2644 3337/958/2640 
s 2
f 3397/1021/2683 3399/963/2685 3456/963/2738 3454/1021/2736 
f 3399/964/2685 3404/1022/2690 3457/1022/2739 3456/964/2738 
s 4
f 3456/964/2738 3457/1022/2739 3345/967/2645 3344/964/2644 
f 3457/1022/2739 3458/972/2740 3350/972/2648 3345/967/2645 
s 2
f 3404/1022/2690 3406/972/2692 3458/972/2740 3457/1022/2739 
s 1
f 2540/977/1850 2543/977/1853 3459/1023/2741 3460/1023/2742 
f 3460/1023/2742 3459/1023/2741 3453/1033/2735 3452/1033/2734 
s 2
f 3406/985/2692 3416/1024/2701 3461/1024/2743 3458/985/2740 
s 4
f 3458/985/2740 3461/1024/2743 3358/984/2652 3350/985/2648 
f 3461/1024/2743 3462/1034/2744 3359/983/2653 3358/984/2652 
s 2
f 3416/1024/2701 3417/1025/2702 3462/1034/2744 3461/1024/2743 
f 3417/1025/2702 3420/1026/2705 3463/1026/2745 3462/1034/2744 
s 4
f 3462/1034/2744 3463/1026/2745 3362/992/2655 3359/983/2653 
f 3463/1026/2745 2547/953/1857 2424/953/1751 3362/992/2655 
s 2
f 3420/1026/2705 2495/953/1811 2547/953/1857 3463/1026/2745 
s 1
f 3464/1035/2746 3465/1035/2747 3466/1028/2748 3467/1028/2749 
f 3467/1028/2749 3466/1028/2748 2553/995/1863 2552/995/1862 
f 3468/996/2750 3469/996/2751 3470/1029/2752 3471/1029/2753 
f 3471/1029/2753 3470/1029/2752 3465/1035/2747 3464/1035/2746 
f 3472/995/2754 3473/995/2755 3474/1006/2756 3475/1006/2757 
f 3475/1006/2757 3474/1006/2756 3469/953/2751 3468/953/2750 
f 3476/977/2758 3477/977/2759 3478/1018/2760 3479/1018/2761 
f 3479/1018/2761 3478/1018/2760 3473/995/2755 3472/995/2754 
f 3480/977/2762 3481/977/2763 3482/1018/2764 3483/1018/2765 
f 3483/1018/2765 3482/1018/2764 3477/995/2759 3476/995/2758 
s 2
f 3436/995/2721 3435/1018/2720 3484/1018/2766 3485/995/2767 
s 4
f 3485/995/2767 3484/1018/2766 3376/1001/2667 3378/995/2669 
f 3484/1018/2766 3455/977/2737 3336/977/2639 3376/1001/2667 
s 2
f 3435/1018/2720 3394/977/2680 3455/977/2737 3484/1018/2766 
s 1
f 3486/1036/2768 3487/1031/2769 3488/1031/2770 3489/1036/2771 
f 3488/1031/2770 3487/1031/2769 3481/977/2763 3480/977/2762 
s 2
f 2525/953/1835 3445/1006/2727 3490/1006/2772 2576/953/1886 
s 4
f 2576/953/1886 3490/1006/2772 3387/1019/2673 2456/953/1773 
f 3490/1006/2772 3485/995/2767 3378/995/2669 3387/1019/2673 
s 2
f 3445/1006/2727 3436/995/2721 3485/995/2767 3490/1006/2772 
f 3392/1020/2678 3411/1023/2696 3491/1023/2773 3492/1033/2774 
f 3492/1033/2774 3491/1023/2773 3493/1023/2775 3494/1033/2776 
f 3491/1023/2773 2583/977/1893 2582/977/1892 3493/1023/2775 
f 3411/1023/2696 2483/977/1799 2583/977/1893 3491/1023/2773 
f 3393/995/2679 3392/1020/2678 3492/1033/2774 3495/1032/2777 
f 3495/1032/2777 3492/1033/2774 3494/1033/2776 3496/1032/2778 
f 3390/953/2676 3389/1006/2675 3497/1006/2779 3498/953/2780 
f 3498/953/2780 3497/1006/2779 3499/1006/2781 3500/953/2782 
f 3497/1006/2779 3495/1032/2777 3496/1032/2778 3499/1006/2781 
f 3389/1006/2675 3393/995/2679 3495/1032/2777 3497/1006/2779 
f 3432/977/2717 3438/1031/2723 3501/1031/2783 3502/977/2784 
f 3502/977/2784 3501/1031/2783 3503/1031/2785 3504/977/2786 
f 3501/1031/2783 3505/1036/2787 3506/1036/2788 3503/1031/2785 
f 3438/1031/2723 3437/1030/2722 3505/1036/2787 3501/1031/2783 
f 3428/995/2713 3430/1018/2715 3507/1018/2789 3508/995/2790 
f 3508/995/2790 3507/1018/2789 3509/1018/2791 3510/995/2792 
f 3507/1018/2789 3502/977/2784 3504/977/2786 3509/1018/2791 
f 3430/1018/2715 3432/977/2717 3502/977/2784 3507/1018/2789 
f 3426/995/2711 3427/1018/2712 3511/1018/2793 3512/995/2794 
f 3512/995/2794 3511/1018/2793 3513/1018/2795 3514/995/2796 
f 3511/1018/2793 3508/977/2790 3510/977/2792 3513/1018/2795 
f 3427/1018/2712 3428/977/2713 3508/977/2790 3511/1018/2793 
f 3423/953/2708 3425/1006/2710 3515/1006/2797 3516/953/2798 
f 3516/953/2798 3515/1006/2797 3517/1006/2799 3518/953/2800 
f 3515/1006/2797 3512/995/2794 3514/995/2796 3517/1006/2799 
f 3425/1006/2710 3426/995/2711 3512/995/2794 3515/1006/2797 
f 3421/1027/2706 3424/1029/2709 3519/1029/2801 3520/1035/2802 
f 3520/1035/2802 3519/1029/2801 3521/1029/2803 3522/1035/2804 
f 3519/1029/2801 3516/996/2798 3518/996/2800 3521/1029/2803 
f 3424/1029/2709 3423/996/2708 3516/996/2798 3519/1029/2801 
f 2498/995/1814 3422/1028/2707 3523/1028/2805 2612/995/1922 
f 2612/995/1922 3523/1028/2805 3524/1028/2806 2614/995/1924 
f 3523/1028/2805 3520/1035/2802 3522/1035/2804 3524/1028/2806 
f 3422/1028/2707 3421/1027/2706 3520/1035/2802 3523/1028/2805 
f 3496/1032/2778 3525/1032/2807 3526/1006/2808 3499/1006/2781 
f 3499/1006/2781 3526/1006/2808 3527/953/2809 3500/953/2782 
f 3526/1006/2808 3449/1006/2731 3451/953/2733 3527/953/2809 
f 3525/1032/2807 3446/1032/2728 3449/1006/2731 3526/1006/2808 
s 3
f 3335/953/2638 3450/953/2732 3448/1006/2730 3332/951/2636 
f 3332/951/2636 3448/1006/2730 3447/1032/2729 3333/950/2637 
s 2
f 3494/1033/2776 3528/1033/2810 3525/1032/2807 3496/1032/2778 
f 3528/1033/2810 3452/1033/2734 3446/1032/2728 3525/1032/2807 
s 3
f 3333/950/2637 3447/1032/2729 3453/1033/2735 3330/949/2635 
s 2
f 2582/977/1892 2621/977/1931 3529/1023/2811 3493/1023/2775 
f 3493/1023/2775 3529/1023/2811 3528/1033/2810 3494/1033/2776 
f 3529/1023/2811 3460/1023/2742 3452/1033/2734 3528/1033/2810 
f 2621/977/1931 2540/977/1850 3460/1023/2742 3529/1023/2811 
s 3
f 3330/949/2635 3453/1033/2735 3459/1023/2741 3353/978/2649 
f 3353/978/2649 3459/1023/2741 2543/977/1853 2412/977/1743 
s 2
f 3522/1035/2804 3530/1035/2812 3531/1028/2813 3524/1028/2806 
f 3524/1028/2806 3531/1028/2813 2624/995/1934 2614/995/1924 
f 3531/1028/2813 3467/1028/2749 2552/995/1862 2624/995/1934 
f 3530/1035/2812 3464/1035/2746 3467/1028/2749 3531/1028/2813 
s 3
f 2428/995/1755 2553/995/1863 3466/1028/2748 3364/994/2657 
f 3364/994/2657 3466/1028/2748 3465/1035/2747 3363/993/2656 
s 2
f 3518/996/2800 3532/996/2814 3533/1029/2815 3521/1029/2803 
f 3521/1029/2803 3533/1029/2815 3530/1035/2812 3522/1035/2804 
f 3533/1029/2815 3471/1029/2753 3464/1035/2746 3530/1035/2812 
f 3532/996/2814 3468/996/2750 3471/1029/2753 3533/1029/2815 
s 3
f 3363/993/2656 3465/1035/2747 3470/1029/2752 3366/997/2659 
f 3366/997/2659 3470/1029/2752 3469/996/2751 3365/996/2658 
s 2
f 3514/995/2796 3534/995/2816 3535/1006/2817 3517/1006/2799 
f 3517/1006/2799 3535/1006/2817 3532/953/2814 3518/953/2800 
f 3535/1006/2817 3475/1006/2757 3468/953/2750 3532/953/2814 
f 3534/995/2816 3472/995/2754 3475/1006/2757 3535/1006/2817 
s 3
f 3365/953/2658 3469/953/2751 3474/1006/2756 3367/998/2660 
f 3367/998/2660 3474/1006/2756 3473/995/2755 3368/995/2661 
s 2
f 3510/977/2792 3536/977/2818 3537/1018/2819 3513/1018/2795 
f 3513/1018/2795 3537/1018/2819 3534/995/2816 3514/995/2796 
f 3537/1018/2819 3479/1018/2761 3472/995/2754 3534/995/2816 
f 3536/977/2818 3476/977/2758 3479/1018/2761 3537/1018/2819 
s 3
f 3368/995/2661 3473/995/2755 3478/1018/2760 3369/999/2662 
f 3369/999/2662 3478/1018/2760 3477/977/2759 3370/977/2663 
s 2
f 3504/977/2786 3538/977/2820 3539/1018/2821 3509/1018/2791 
f 3509/1018/2791 3539/1018/2821 3536/995/2818 3510/995/2792 
f 3539/1018/2821 3483/1018/2765 3476/995/2758 3536/995/2818 
f 3538/977/2820 3480/977/2762 3483/1018/2765 3539/1018/2821 
s 3
f 3370/995/2663 3477/995/2759 3482/1018/2764 3373/1001/2664 
f 3373/1001/2664 3482/1018/2764 3481/977/2763 3374/977/2665 
s 2
f 3489/1036/2771 3488/1031/2770 3540/1031/2822 3541/1036/2823 
f 3541/1036/2823 3540/1031/2822 3503/1031/2785 3506/1036/2788 
f 3540/1031/2822 3538/977/2820 3504/977/2786 3503/1031/2785 
f 3488/1031/2770 3480/977/2762 3538/977/2820 3540/1031/2822 
s 3
f 3374/977/2665 3481/977/2763 3487/1031/2769 3381/1009/2670 
f 3381/1009/2670 3487/1031/2769 3486/1036/2768 3382/1008/2671 
s 1
f 3385/1015/1731 3351/1018/1731 2408/977/1731 2451/1014/1731 
f 3379/1016/1731 3334/995/1731 3351/1018/1731 3385/1015/1731 
f 3335/973/2638 3334/1037/1731 3379/1007/1731 3382/1008/2671 
s 3
f 3382/1008/2671 3486/1036/2768 3450/973/2732 3335/973/2638 
s 1
f 3451/973/2733 3450/973/2732 3486/1036/2768 3489/1036/2771 
s 2
f 3500/973/2782 3527/973/2809 3541/1036/2823 3506/1036/2788 
f 3527/973/2809 3451/973/2733 3489/1036/2771 3541/1036/2823 
f 3505/1036/2787 3498/973/2780 3500/973/2782 3506/1036/2788 
f 3437/1030/2722 3390/973/2676 3498/973/2780 3505/1036/2787 
s 1
f 3390/973/2676 3437/1030/2722 3440/1007/2725 3391/1037/2677 
f 3443/1015/1795 3410/1018/1795 3391/995/2677 3440/1016/2725 
f 2522/1014/1795 2478/977/1795 3410/1018/1795 3443/1015/1795 
f 3542/1038/2824 3543/1039/2825 3544/1039/2826 3545/1038/2827 
f 3544/1039/2826 3543/1039/2825 3546/1040/2828 3547/1040/2829 
f 3547/1040/2829 3546/1040/2828 3548/1041/2830 3549/1041/2831 
f 3549/1041/2831 3548/1041/2830 3550/1042/2832 3551/1042/2833 
f 3551/1042/2833 3550/1042/2832 3552/1043/2834 3553/1043/2835 
f 3553/1043/2835 3552/1043/2834 3554/1044/2836 3555/1044/2837 
s 2
f 3556/1045/2838 3557/1048/2839 3558/1047/2840 3559/1046/2841 
s 1
f 3559/1046/2841 3558/1047/2840 3560/1050/2842 3561/1049/2843 
f 3562/1051/2844 3563/1054/2845 3564/1053/2846 3565/1052/2847 
s 2
f 3565/1052/2847 3564/1053/2846 3566/1056/2848 3567/1055/2849 
f 3557/1048/2839 3568/1059/2850 3569/1058/2851 3558/1057/2840 
s 1
f 3558/1057/2840 3569/1058/2851 3570/1061/2852 3560/1060/2842 
f 3569/1058/2851 3571/1063/2853 3572/1062/2854 3570/1061/2852 
s 2
f 3568/1059/2850 3573/1064/2855 3571/1063/2853 3569/1058/2851 
s 4
f 3573/1065/2855 3574/1068/2856 3575/1067/2857 3571/1066/2853 
s 1
f 3571/1066/2853 3575/1067/2857 3576/1070/2858 3572/1069/2854 
f 3575/1067/2857 3564/1053/2846 3563/1054/2845 3576/1070/2858 
s 4
f 3574/1068/2856 3566/1056/2848 3564/1053/2846 3575/1067/2857 
s 1
f 3577/1071/2859 3572/1069/2854 3576/1070/2858 3578/1072/2860 
f 3578/1072/2860 3576/1070/2858 3563/1054/2845 3562/1051/2844 
f 3572/1069/2854 3577/1071/2859 3579/1074/2861 3570/1073/2852 
f 3570/1073/2852 3579/1074/2861 3561/1076/2843 3560/1075/2842 
s 2
f 3580/1077/2862 3581/1038/2863 3582/1039/2864 3583/1078/2865 
f 3580/1077/2862 3583/1078/2865 3584/1080/2866 3585/1079/2867 
f 3586/1081/2868 3587/1084/2869 3588/1083/2870 3589/1082/2871 
f 3586/1081/2868 3589/1082/2871 3590/1043/2872 3591/1044/2873 
f 3583/1078/2865 3582/1087/2864 3592/1086/2874 3593/1085/2875 
f 3583/1078/2865 3593/1085/2875 3594/1088/2876 3584/1080/2866 
f 3593/1085/2875 3595/1090/2877 3596/1089/2878 3594/1088/2876 
f 3593/1085/2875 3592/1092/2874 3597/1091/2879 3595/1090/2877 
s 4
f 3595/1090/2877 3597/1095/2879 3598/1094/2880 3599/1093/2881 
f 3595/1090/2877 3599/1093/2881 3600/1096/2882 3596/1089/2878 
f 3599/1093/2881 3589/1098/2871 3588/1097/2870 3600/1096/2882 
f 3599/1093/2881 3598/1100/2880 3590/1099/2872 3589/1098/2871 
s 2
f 3584/1080/2866 3594/1088/2876 3568/1059/2850 3557/1048/2839 
f 3594/1088/2876 3596/1089/2878 3573/1064/2855 3568/1059/2850 
f 3585/1079/2867 3584/1080/2866 3557/1048/2839 3556/1045/2838 
f 3588/1101/2870 3587/1102/2869 3567/1055/2849 3566/1056/2848 
s 4
f 3573/1064/2855 3596/1089/2878 3600/1096/2882 3574/1103/2856 
f 3574/1103/2856 3600/1096/2882 3588/1097/2870 3566/1104/2848 
f 3545/1038/2827 3544/1039/2826 3582/1039/2864 3581/1038/2863 
s 2
f 3592/1040/2874 3547/1040/2829 3549/1041/2831 3597/1041/2879 
f 3582/1039/2864 3544/1039/2826 3547/1040/2829 3592/1040/2874 
s 4
f 3598/1042/2880 3551/1042/2833 3553/1043/2835 3590/1043/2872 
f 3597/1041/2879 3549/1041/2831 3551/1042/2833 3598/1042/2880 
s 8
f 3591/1044/2873 3590/1043/2872 3553/1043/2835 3555/1044/2837 
s 1
f 3601/1038/2883 3602/1039/2884 3603/1039/2885 3604/1038/2886 
s 2
f 3604/1038/2886 3603/1039/2885 3605/1039/2887 3606/1038/2888 
s 1
f 3602/1039/2884 3607/1040/2889 3608/1040/2890 3603/1039/2885 
s 2
f 3603/1039/2885 3608/1040/2890 3609/1040/2891 3605/1039/2887 
f 3608/1040/2890 3610/1041/2892 3611/1041/2893 3609/1040/2891 
s 1
f 3607/1040/2889 3612/1041/2894 3610/1041/2892 3608/1040/2890 
f 3612/1041/2894 3613/1042/2895 3614/1042/2896 3610/1041/2892 
s 2
f 3610/1041/2892 3614/1042/2896 3615/1042/2897 3611/1041/2893 
f 3614/1042/2896 3616/1043/2898 3617/1043/2899 3615/1042/2897 
s 1
f 3613/1042/2895 3618/1043/2900 3616/1043/2898 3614/1042/2896 
f 3618/1043/2900 3619/1044/2901 3620/1044/2902 3616/1043/2898 
s 2
f 3616/1043/2898 3620/1044/2902 3621/1044/2903 3617/1043/2899 
f 3622/1044/2904 3623/1043/2905 3624/1043/2906 3625/1044/2907 
s 4
f 3623/1043/2905 3552/1043/2834 3550/1042/2832 3626/1042/2908 
s 2
f 3623/1043/2905 3626/1042/2908 3627/1042/2909 3624/1043/2906 
f 3626/1042/2908 3628/1041/2910 3629/1041/2911 3627/1042/2909 
s 4
f 3626/1042/2908 3550/1042/2832 3548/1041/2830 3628/1041/2910 
s 8
f 3628/1041/2910 3548/1041/2830 3546/1040/2828 3630/1040/2912 
s 2
f 3628/1041/2910 3630/1040/2912 3631/1040/2913 3629/1041/2911 
f 3630/1040/2912 3632/1039/2914 3633/1039/2915 3631/1040/2913 
s 8
f 3630/1040/2912 3546/1040/2828 3543/1039/2825 3632/1039/2914 
f 3632/1039/2914 3543/1039/2825 3542/1038/2824 3634/1038/2916 
s 2
f 3632/1039/2914 3634/1038/2916 3635/1038/2917 3633/1039/2915 
f 3624/1043/2906 3617/1043/2899 3621/1044/2903 3625/1044/2907 
f 3629/1041/2911 3611/1041/2893 3615/1042/2897 3627/1042/2909 
f 3627/1042/2909 3615/1042/2897 3617/1043/2899 3624/1043/2906 
f 3633/1039/2915 3605/1039/2887 3609/1040/2891 3631/1040/2913 
f 3631/1040/2913 3609/1040/2891 3611/1041/2893 3629/1041/2911 
f 3606/1038/2888 3605/1039/2887 3633/1039/2915 3635/1038/2917 
s 8
f 3554/1044/2836 3552/1043/2834 3623/1043/2905 3622/1044/2904 
s 1
f 3636/1038/2918 3637/1039/2919 3638/1039/2920 3639/1038/2921 
f 3637/1039/2919 3640/1040/2922 3641/1040/2923 3638/1039/2920 
f 3640/1040/2922 3642/1041/2924 3643/1041/2925 3641/1040/2923 
f 3642/1041/2924 3644/1042/2926 3645/1042/2927 3643/1041/2925 
f 3644/1042/2926 3646/1043/2928 3647/1043/2929 3645/1042/2927 
f 3646/1043/2928 3648/1106/2930 3649/1105/2931 3650/1044/2932 
f 3646/1043/2928 3650/1044/2932 3651/1044/2933 3647/1043/2929 
f 3639/1038/2921 3638/1039/2920 3602/1039/2884 3601/1038/2883 
f 3602/1039/2884 3638/1039/2920 3641/1040/2923 3607/1040/2889 
f 3607/1040/2889 3641/1040/2923 3643/1041/2925 3612/1041/2894 
f 3612/1041/2894 3643/1041/2925 3645/1042/2927 3613/1042/2895 
f 3613/1042/2895 3645/1042/2927 3647/1043/2929 3618/1043/2900 
f 3618/1043/2900 3647/1043/2929 3651/1044/2933 3619/1044/2901 
f 3652/1107/2934 3653/1110/2935 3654/1109/2936 3655/1108/2937 
s 2
f 3653/1110/2935 3652/1107/2934 3656/1111/2938 
s 1
f 3653/1110/2935 3657/1113/2939 3658/1112/2940 3654/1109/2936 
f 3657/1113/2939 3659/1115/2941 3660/1114/2942 3658/1112/2940 
s 2
f 3657/1113/2939 3656/1111/2938 3661/1116/2943 3659/1115/2941 
f 3659/1115/2941 3661/1116/2943 3662/1118/2944 3663/1117/2945 
s 1
f 3659/1115/2941 3663/1117/2945 3664/1119/2946 3660/1114/2942 
f 3663/1117/2945 3665/1120/2947 3648/1106/2930 3664/1119/2946 
s 2
f 3665/1120/2947 3663/1117/2945 3662/1118/2944 
s 1
f 3665/1120/2947 3666/1121/2948 3649/1105/2931 3648/1106/2930 
f 3654/1109/2936 3637/1039/2919 3636/1038/2918 3655/1108/2937 
f 3660/1114/2942 3642/1041/2924 3640/1040/2922 3658/1112/2940 
f 3658/1112/2940 3640/1040/2922 3637/1039/2919 3654/1109/2936 
f 3648/1106/2930 3646/1043/2928 3644/1042/2926 3664/1119/2946 
f 3664/1119/2946 3644/1042/2926 3642/1041/2924 3660/1114/2942 
s 8
f 3555/1044/2837 3667/1122/2949 3668/1122/2950 3591/1044/2873 
f 3667/1122/2949 2763/1004/2073 2762/1004/2072 3668/1122/2950 
s 1
f 3554/1044/2836 3669/1122/2951 3667/1122/2949 3555/1044/2837 
f 3667/1122/2949 3669/1122/2951 2765/1004/2075 2763/1004/2073 
s 8
f 2766/1004/2076 2765/1004/2075 3669/1122/2951 3670/1122/2952 
f 3670/1122/2952 3669/1122/2951 3554/1044/2836 3622/1044/2904 
s 2
f 2766/1004/2076 3670/1122/2952 3671/1122/2953 2768/1004/2078 
f 3670/1122/2952 3622/1044/2904 3625/1044/2907 3671/1122/2953 
f 3621/1044/2903 3672/1122/2954 3671/1122/2953 3625/1044/2907 
f 3671/1122/2953 3672/1122/2954 2771/1004/2081 2768/1004/2078 
s 1
f 3619/1044/2901 3673/1122/2955 3674/1122/2956 3620/1044/2902 
s 2
f 3620/1044/2902 3674/1122/2956 3672/1122/2954 3621/1044/2903 
f 3674/1122/2956 2774/1004/2084 2771/1004/2081 3672/1122/2954 
s 1
f 3673/1122/2955 2775/1004/2085 2774/1004/2084 3674/1122/2956 
f 3651/1044/2933 3675/1122/2957 3673/1122/2955 3619/1044/2901 
f 3673/1122/2955 3675/1122/2957 2777/1004/2087 2775/1004/2085 
f 3650/1044/2932 3676/1122/2958 3675/1122/2957 3651/1044/2933 
f 3676/1122/2958 2779/1004/2089 2777/1004/2087 3675/1122/2957 
f 2780/1123/2090 2779/1004/2089 3676/1122/2958 3677/1124/2959 
f 3677/1124/2959 3676/1122/2958 3650/1044/2932 3649/1105/2931 
s 2
f 3666/1121/2948 3662/1118/2944 3678/1126/2960 3679/1125/2961 
s 1
f 3666/1121/2948 3679/1125/2961 3677/1124/2959 3649/1105/2931 
f 3679/1125/2961 2784/1127/2094 2780/1123/2090 3677/1124/2959 
s 2
f 3679/1125/2961 3678/1126/2960 2785/1128/2095 2784/1127/2094 
f 3661/1116/2943 3680/1129/2962 3678/1126/2960 3662/1118/2944 
f 3680/1129/2962 2787/1130/2096 2785/1128/2095 3678/1126/2960 
f 2788/1131/2097 2791/1134/2100 3681/1133/2963 3682/1132/2964 
f 3682/1132/2964 3681/1133/2963 3656/1111/2938 3652/1107/2934 
f 3681/1133/2963 3680/1129/2962 3661/1116/2943 3656/1111/2938 
f 2791/1134/2100 2787/1130/2096 3680/1129/2962 3681/1133/2963 
s 1
f 2788/1131/2097 3682/1132/2964 3683/1136/2965 2792/1135/2101 
f 3682/1132/2964 3652/1107/2934 3655/1108/2937 3683/1136/2965 
f 3655/1108/2937 3636/1038/2918 3684/1137/2966 3683/1136/2965 
f 3683/1136/2965 3684/1137/2966 2795/1002/2104 2792/1135/2101 
f 2795/1002/2104 3684/1137/2966 3685/1137/2967 2796/1002/2105 
f 3684/1137/2966 3636/1038/2918 3639/1038/2921 3685/1137/2967 
f 2798/1002/2107 2796/1002/2105 3685/1137/2967 3686/1137/2968 
f 3686/1137/2968 3685/1137/2967 3639/1038/2921 3601/1038/2883 
f 2798/1002/2107 3686/1137/2968 3687/1137/2969 2800/1002/2109 
s 2
f 2800/1002/2109 3687/1137/2969 3688/1137/2970 2802/1002/2111 
f 3687/1137/2969 3604/1038/2886 3606/1038/2888 3688/1137/2970 
s 1
f 3686/1137/2968 3601/1038/2883 3604/1038/2886 3687/1137/2969 
s 2
f 2804/1002/2113 2802/1002/2111 3688/1137/2970 3689/1137/2971 
f 3689/1137/2971 3688/1137/2970 3606/1038/2888 3635/1038/2917 
f 3634/1038/2916 3690/1137/2972 3689/1137/2971 3635/1038/2917 
f 3690/1137/2972 2807/1002/2116 2804/1002/2113 3689/1137/2971 
s 8
f 3690/1137/2972 3691/1137/2973 2808/1002/2117 2807/1002/2116 
f 3542/1038/2824 3691/1137/2973 3690/1137/2972 3634/1038/2916 
s 1
f 2810/1002/2119 2808/1002/2117 3691/1137/2973 3692/1137/2974 
f 3692/1137/2974 3691/1137/2973 3542/1038/2824 3545/1038/2827 
s 2
f 2812/1138/2121 2815/1002/2124 3693/1137/2975 3694/1139/2976 
s 4
f 3693/1137/2975 3692/1137/2974 3545/1038/2827 3581/1038/2863 
f 2815/1002/2124 2810/1002/2119 3692/1137/2974 3693/1137/2975 
s 2
f 3581/1038/2863 3580/1077/2862 3694/1139/2976 3693/1137/2975 
f 2812/1138/2121 3694/1139/2976 3695/1141/2977 2816/1140/2125 
f 3694/1139/2976 3580/1077/2862 3585/1079/2867 3695/1141/2977 
f 2818/1142/2127 2816/1140/2125 3695/1141/2977 3696/1143/2978 
f 3696/1143/2978 3695/1141/2977 3585/1079/2867 3556/1045/2838 
f 2818/1142/2127 3696/1143/2978 3697/1145/2979 2820/1144/2129 
s 1
f 2820/1144/2129 3697/1145/2979 3698/1147/2980 2822/1146/2131 
f 3697/1145/2979 3559/1046/2841 3561/1049/2843 3698/1147/2980 
s 2
f 3696/1143/2978 3556/1045/2838 3559/1046/2841 3697/1145/2979 
s 1
f 3577/1071/2859 3699/1149/1731 3700/1148/2981 3579/1074/2861 
f 3579/1074/2861 3700/1148/2981 3698/1150/2980 3561/1076/2843 
f 3700/1148/2981 2826/1152/2134 2822/1151/2131 3698/1150/2980 
f 3699/1149/1731 2827/1153/1731 2826/1152/2134 3700/1148/2981 
f 2828/1154/2135 2831/1157/2138 3701/1156/2982 3702/1155/2983 
f 3702/1155/2983 3701/1156/2982 3578/1072/2860 3562/1051/2844 
f 3701/1156/2982 3699/1149/1731 3577/1071/2859 3578/1072/2860 
f 2831/1157/2138 2827/1153/1731 3699/1149/1731 3701/1156/2982 
f 2828/1154/2135 3702/1155/2983 3703/1159/2984 2832/1158/2139 
s 2
f 2832/1158/2139 3703/1159/2984 3704/1161/2985 2834/1160/2141 
f 3703/1159/2984 3565/1052/2847 3567/1055/2849 3704/1161/2985 
s 1
f 3702/1155/2983 3562/1051/2844 3565/1052/2847 3703/1159/2984 
s 2
f 3587/1162/2869 3586/1081/2868 3705/1164/2986 3706/1163/2987 
f 3587/1102/2869 3706/1165/2987 3704/1161/2985 3567/1055/2849 
f 3706/1165/2987 2838/1166/2145 2834/1160/2141 3704/1161/2985 
f 3706/1167/2987 3705/1164/2986 2839/1169/2146 2838/1168/2145 
f 2839/1169/2146 3705/1164/2986 3668/1122/2950 2762/1004/2072 
f 3705/1164/2986 3586/1081/2868 3591/1044/2873 3668/1122/2950 
s 1
f 3707/1170/2988 3708/1170/2989 3709/1171/2990 3710/1171/2991 
f 3710/1171/2991 3709/1171/2990 3711/1172/2992 3712/1172/2993 
f 3712/1172/2993 3711/1172/2992 3713/1173/2994 3714/1173/2995 
f 3714/1173/2995 3713/1173/2994 2849/1018/2156 2848/1018/2155 
f 2850/1174/2157 2853/1174/2160 3715/1175/2996 3716/1175/2997 
f 3716/1175/2997 3715/1175/2996 3717/1176/2998 3718/1176/2999 
f 3718/1176/2999 3717/1176/2998 3719/1177/3000 3720/1177/3001 
f 3720/1177/3001 3719/1177/3000 3721/1178/3002 3722/1178/3003 
f 3722/1178/3003 3721/1178/3002 3723/1179/3004 3724/1179/3005 
f 3724/1179/3005 3723/1179/3004 3708/1170/2989 3707/1170/2988 
s 2
f 3708/1170/2989 3725/1170/3006 3726/1171/3007 3709/1171/2990 
f 3709/1171/2990 3726/1171/3007 3727/1172/3008 3711/1172/2992 
f 3711/1172/2992 3727/1172/3008 3728/1173/3009 3713/1173/2994 
f 3713/1173/2994 3728/1173/3009 2866/1018/2173 2849/1018/2156 
f 2853/1174/2160 2868/1174/2175 3729/1175/3010 3715/1175/2996 
f 3715/1175/2996 3729/1175/3010 3730/1176/3011 3717/1176/2998 
f 3717/1176/2998 3730/1176/3011 3731/1177/3012 3719/1177/3000 
f 3719/1177/3000 3731/1177/3012 3732/1178/3013 3721/1178/3002 
f 3721/1178/3002 3732/1178/3013 3733/1179/3014 3723/1179/3004 
f 3723/1179/3004 3733/1179/3014 3725/1170/3006 3708/1170/2989 
s 1
f 3734/1180/3015 3735/1183/3016 3736/1182/3017 3737/1181/3018 
f 3737/1184/3018 3738/1187/3019 3739/1186/3020 3734/1185/3015 
f 3738/1188/3019 3740/1190/3021 3741/1189/3022 3739/1186/3020 
f 3740/1191/3021 3742/1193/3023 3743/1192/3024 3741/1189/3022 
f 3742/1194/3023 2884/1196/2191 2883/1195/2190 3743/1192/3024 
f 2885/1197/2192 3744/1200/3025 3745/1199/3026 2886/1198/2193 
f 3744/1201/3025 3746/1203/3027 3747/1202/3028 3745/1199/3026 
f 3746/1204/3027 3748/1206/3029 3749/1205/3030 3747/1202/3028 
f 3748/1207/3029 3750/1209/3031 3751/1208/3032 3749/1205/3030 
f 3750/1210/3031 3736/1211/3017 3735/1183/3016 3751/1208/3032 
f 3752/1212/3033 3753/1215/3034 3754/1214/3035 3755/1213/3036 
s 2
f 3754/1214/3035 3753/1215/3034 3734/1185/3015 3739/1186/3020 
s 1
f 3755/1213/3036 3754/1214/3035 3756/1217/3037 3757/1216/3038 
s 2
f 3756/1217/3037 3754/1214/3035 3739/1186/3020 3741/1189/3022 
s 1
f 3757/1216/3038 3756/1217/3037 3758/1219/3039 3759/1218/3040 
s 2
f 3758/1219/3039 3756/1217/3037 3741/1189/3022 3743/1192/3024 
s 1
f 3759/1218/3040 3758/1219/3039 2904/1221/2211 2903/1220/2210 
s 2
f 2904/1221/2211 3758/1219/3039 3743/1192/3024 2883/1195/2190 
s 1
f 2905/1222/2212 2908/1225/2215 3760/1224/3041 3761/1223/3042 
s 2
f 3760/1224/3041 2908/1225/2215 2886/1198/2193 3745/1199/3026 
s 1
f 3761/1223/3042 3760/1224/3041 3762/1227/3043 3763/1226/3044 
s 2
f 3762/1227/3043 3760/1224/3041 3745/1199/3026 3747/1202/3028 
s 1
f 3763/1226/3044 3762/1227/3043 3764/1229/3045 3765/1228/3046 
s 2
f 3764/1229/3045 3762/1227/3043 3747/1202/3028 3749/1205/3030 
s 1
f 3765/1228/3046 3764/1229/3045 3766/1231/3047 3767/1230/3048 
s 2
f 3766/1231/3047 3764/1229/3045 3749/1205/3030 3751/1208/3032 
s 1
f 3767/1230/3048 3766/1231/3047 3768/1233/3049 3769/1232/3050 
s 2
f 3768/1233/3049 3766/1231/3047 3751/1208/3032 3735/1183/3016 
s 1
f 3769/1232/3050 3768/1233/3049 3753/1234/3034 3752/1040/3033 
s 2
f 3753/1234/3034 3768/1233/3049 3735/1183/3016 3734/1180/3015 
f 3738/1235/3019 3737/1236/3018 3707/1170/2988 3710/1171/2991 
f 3740/1237/3021 3738/1235/3019 3710/1171/2991 3712/1172/2993 
f 3742/1238/3023 3740/1237/3021 3712/1172/2993 3714/1173/2995 
f 2884/1018/2191 3742/1238/3023 3714/1173/2995 2848/1018/2155 
f 3744/1239/3025 2885/1174/2192 2850/1174/2157 3716/1175/2997 
f 3746/1240/3027 3744/1239/3025 3716/1175/2997 3718/1176/2999 
f 3748/1241/3029 3746/1240/3027 3718/1176/2999 3720/1177/3001 
f 3750/1242/3031 3748/1241/3029 3720/1177/3001 3722/1178/3003 
f 3736/1243/3017 3750/1242/3031 3722/1178/3003 3724/1179/3005 
f 3737/1236/3018 3736/1243/3017 3724/1179/3005 3707/1170/2988 
s 1
f 3725/1170/3006 3770/1245/3051 3771/1244/3052 3726/1171/3007 
f 3733/1179/3014 3772/1246/3053 3770/1245/3051 3725/1170/3006 
f 3726/1171/3007 3771/1244/3052 3773/1247/3054 3727/1172/3008 
f 3727/1172/3008 3773/1247/3054 3774/1248/3055 3728/1173/3009 
f 3728/1173/3009 3774/1248/3055 2922/1249/2229 2866/1018/2173 
f 2868/1174/2175 2924/1251/2231 3775/1250/3056 3729/1175/3010 
f 3729/1175/3010 3775/1250/3056 3776/1252/3057 3730/1176/3011 
f 3730/1176/3011 3776/1252/3057 3777/1253/3058 3731/1177/3012 
f 3731/1177/3012 3777/1253/3058 3778/1254/3059 3732/1178/3013 
f 3732/1178/3013 3778/1254/3059 3772/1246/3053 3733/1179/3014 
s 2
f 2928/1255/2235 3770/1245/3051 3772/1246/3053 
f 2928/1255/2235 3771/1244/3052 3770/1245/3051 
f 2928/1255/2235 3773/1247/3054 3771/1244/3052 
f 2928/1255/2235 3774/1248/3055 3773/1247/3054 
f 2928/1255/2235 2922/1249/2229 3774/1248/3055 
f 2928/1255/2235 3775/1250/3056 2924/1251/2231 
f 2928/1255/2235 3776/1252/3057 3775/1250/3056 
f 2928/1255/2235 3777/1253/3058 3776/1252/3057 
f 2928/1255/2235 3778/1254/3059 3777/1253/3058 
f 2928/1255/2235 3772/1246/3053 3778/1254/3059 
s 1
f 3779/1256/3060 2932/1259/2239 2931/1258/2238 3780/1257/3061 
s 2
f 3780/1257/3061 2931/1258/2238 2934/1261/2241 3781/1260/3062 
s 1
f 3781/1260/3062 2934/1261/2241 2936/1263/2243 3782/1262/3063 
s 2
f 3782/1262/3063 2936/1263/2243 2938/1265/2245 3783/1264/3064 
s 1
f 3783/1264/3064 2938/1265/2245 2940/1267/2247 3784/1266/3065 
s 2
f 3784/1266/3065 2940/1267/2247 2942/1269/2249 3785/1268/3066 
s 1
f 3785/1268/3066 2942/1269/2249 2944/1271/2251 3786/1270/3067 
s 2
f 3786/1270/3067 2944/1271/2251 2946/1273/2253 3787/1272/3068 
s 1
f 3787/1272/3068 2946/1273/2253 2948/1275/2255 3788/1274/3069 
s 2
f 3788/1274/3069 2948/1275/2255 2932/1276/2239 3779/1040/3060 
s 1
f 3789/1277/3070 3790/1278/3071 3791/1037/3072 
f 3791/1037/3072 3790/1278/3071 3792/1279/3073 
f 3793/1280/3074 3794/1283/3075 3795/1282/3076 3796/1281/3077 
f 3797/1284/3078 3793/1280/3074 3796/1281/3077 
s 2
f 2958/1285/2265 3798/1288/3079 3799/1287/2267 2959/1286/2266 
f 3798/1288/3079 3800/1290/3080 3801/1289/3081 3799/1287/2267 
s 4
f 3802/1291/3082 3803/1294/3083 3804/1293/3084 3805/1292/2272 
f 3805/1292/2272 3804/1293/3084 2969/1296/2276 2968/1295/2275 
f 3804/1293/3084 3806/1298/3085 2970/1297/2277 2969/1296/2276 
f 3803/1294/3083 3807/1299/3086 3806/1298/3085 3804/1293/3084 
f 2959/1286/2266 3799/1287/2267 3808/1300/3087 2973/1005/2280 
f 3808/1300/3087 3799/1287/2267 3801/1289/3081 3809/1301/3088 
s 2
f 2973/1001/2280 3808/1302/3087 3805/1292/2272 2968/1295/2275 
f 3805/1292/2272 3808/1302/3087 3809/1303/3088 3802/1291/3082 
s 4
f 2976/1304/2282 2979/1307/2285 3810/1306/3089 3811/1305/3090 
f 3811/1305/3090 3810/1306/3089 3812/1308/3091 3813/973/3092 
f 3810/1306/3089 3814/1310/3093 3815/1309/3094 3812/1308/3091 
f 2979/1307/2285 2984/1311/2290 3814/1310/3093 3810/1306/3089 
f 3816/1315/3095 3817/1314/3096 3818/1313/3097 3819/1312/3098 
f 3817/1314/3096 3812/1317/3091 3815/1316/3094 3818/1313/3097 
f 3817/1314/3096 3820/1318/3099 3813/995/3092 3812/1317/3091 
f 3816/1315/3095 3821/953/3100 3820/1318/3099 3817/1314/3096 
f 3822/973/3101 3823/1320/3102 3824/1319/3103 3825/1308/3104 
f 3825/1308/3104 3824/1319/3103 3826/1322/3105 3827/1321/3106 
f 3824/1319/3103 3816/1324/3095 3819/1323/3098 3826/1322/3105 
f 3823/1320/3102 3821/953/3100 3816/1324/3095 3824/1319/3103 
f 3828/1328/3107 3829/1327/3108 3830/1326/3109 3831/1325/3110 
f 3829/1327/3108 3825/1330/3104 3827/1329/3106 3830/1326/3109 
f 3829/1327/3108 3832/1331/3111 3822/977/3101 3825/1330/3104 
f 3828/1328/3107 3833/995/3112 3832/1331/3111 3829/1327/3108 
f 3834/973/3113 3835/1320/3114 3836/1319/3115 3837/1308/3116 
f 3837/1308/3116 3836/1319/3115 3838/1333/3117 3839/1332/3118 
f 3836/1319/3115 3828/1324/3107 3831/1334/3110 3838/1333/3117 
f 3835/1320/3114 3833/953/3112 3828/1324/3107 3836/1319/3115 
f 3012/1338/2318 3840/1337/3119 3841/1336/3120 3009/1335/2315 
f 3840/1337/3119 3837/1340/3116 3839/1339/3118 3841/1336/3120 
f 3840/1337/3119 3842/1342/3121 3834/1341/3113 3837/1340/3116 
f 3012/1338/2318 3014/1343/2320 3842/1342/3121 3840/1337/3119 
f 3794/1344/3075 3793/1347/3074 3843/1346/3122 3844/1345/3123 
f 3844/1348/3123 3843/1351/3122 3845/1350/3124 3846/1349/3125 
f 3844/1348/3123 3846/1349/3125 3818/1353/3097 3815/1352/3094 
f 3846/1349/3125 3847/1354/3126 3819/1312/3098 3818/1353/3097 
f 3846/1349/3125 3845/1350/3124 3848/1355/3127 3847/1354/3126 
f 3847/1356/3126 3848/1359/3127 3849/1358/3128 3850/1357/3129 
f 3847/1356/3126 3850/1357/3129 3826/1361/3105 3819/1360/3098 
f 3850/1357/3129 3851/1362/3130 3827/1321/3106 3826/1361/3105 
f 3850/1357/3129 3849/1358/3128 3852/1363/3131 3851/1362/3130 
f 3851/1364/3130 3852/1367/3131 3853/1366/3132 3854/1365/3133 
f 3851/1364/3130 3854/1365/3133 3830/1369/3109 3827/1368/3106 
f 3854/1365/3133 3855/1370/3134 3831/1325/3110 3830/1369/3109 
f 3854/1365/3133 3853/1366/3132 3856/1371/3135 3855/1370/3134 
f 3855/1372/3134 3856/1375/3135 3857/1374/3136 3858/1373/3137 
f 3855/1372/3134 3858/1373/3137 3838/1377/3117 3831/1376/3110 
f 3858/1373/3137 3859/1378/3138 3839/1332/3118 3838/1377/3117 
f 3858/1373/3137 3857/1374/3136 3860/1379/3139 3859/1378/3138 
f 3859/1380/3138 3860/1383/3139 3861/1382/3140 3862/1381/3141 
f 3859/1380/3138 3862/1381/3141 3841/1385/3120 3839/1384/3118 
f 3862/1381/3141 3035/1386/2341 3009/1335/2315 3841/1385/3120 
f 3862/1381/3141 3861/1382/3140 3036/1387/2342 3035/1386/2341 
f 3857/1374/3136 3863/1388/3142 3864/977/3143 3860/1379/3139 
f 3856/1375/3135 3865/995/3144 3863/1388/3142 3857/1374/3136 
f 3866/973/3145 3867/1389/3146 3853/1366/3132 3852/1367/3131 
f 3867/1389/3146 3865/953/3144 3856/1371/3135 3853/1366/3132 
f 3849/1358/3128 3868/1390/3147 3866/977/3145 3852/1363/3131 
f 3848/1359/3127 3869/995/3148 3868/1390/3147 3849/1358/3128 
f 3869/973/3148 3848/1355/3127 3845/1350/3124 3870/1391/3149 
f 3870/1391/3149 3845/1350/3124 3843/1351/3122 3871/977/3150 
f 3797/1392/3078 3871/977/3150 3843/1346/3122 3793/1347/3074 
f 3046/1393/2352 3036/1387/2342 3861/1382/3140 3872/1394/3151 
f 3872/1394/3151 3861/1382/3140 3860/1383/3139 3864/1395/3143 
s 8
f 3873/1396/3152 3874/977/3153 3875/1398/3154 3876/1397/3155 
f 3874/977/3153 3873/1400/3152 3877/1399/3156 3878/974/3157 
f 3878/974/3157 3877/1399/3156 3879/1401/3158 3880/973/3159 
f 3880/995/3159 3879/1403/3158 3881/1402/3160 3882/1018/3161 
f 3882/1018/3161 3881/1402/3160 3883/1396/3162 3884/977/3163 
f 3884/973/3163 3883/1405/3162 3885/1404/3164 3886/1005/3165 
f 3886/1005/3165 3885/1404/3164 3887/1406/3166 3888/953/3167 
f 3888/995/3167 3887/1403/3166 3889/1402/3168 3890/1018/3169 
f 3890/1018/3169 3889/1402/3168 3891/1396/3170 3892/977/3171 
f 3892/1395/3171 3891/1409/3170 3893/1408/3172 3894/1407/3173 
f 3894/1407/3173 3893/1408/3172 3071/1411/2377 3070/1410/2376 
f 3895/973/3174 3896/1412/3175 3897/1412/3176 3898/973/3177 
s 4
f 3898/973/3177 3897/1412/3176 3811/1305/3090 3813/973/3092 
f 3897/1412/3176 3076/1304/2382 2976/1304/2282 3811/1305/3090 
s 8
f 3896/1412/3175 3077/1304/2383 3076/1304/2382 3897/1412/3176 
f 3895/995/3174 3898/995/3177 3899/1006/3178 3900/1006/3179 
f 3900/1006/3179 3899/1006/3178 3901/953/3180 3902/953/3181 
s 4
f 3899/1006/3178 3820/1318/3099 3821/953/3100 3901/953/3180 
f 3898/995/3177 3813/995/3092 3820/1318/3099 3899/1006/3178 
s 8
f 3902/953/3181 3901/953/3180 3903/1005/3182 3904/1005/3183 
f 3904/1005/3183 3903/1005/3182 3905/973/3184 3906/973/3185 
s 4
f 3903/1005/3182 3823/1320/3102 3822/973/3101 3905/973/3184 
f 3901/953/3180 3821/953/3100 3823/1320/3102 3903/1005/3182 
s 8
f 3906/977/3185 3905/977/3184 3907/1018/3186 3908/1018/3187 
f 3908/1018/3187 3907/1018/3186 3909/995/3188 3910/995/3189 
s 4
f 3907/1018/3186 3832/1331/3111 3833/995/3112 3909/995/3188 
f 3905/977/3184 3822/977/3101 3832/1331/3111 3907/1018/3186 
s 8
f 3910/953/3189 3909/953/3188 3911/1005/3190 3912/1005/3191 
f 3912/1005/3191 3911/1005/3190 3913/973/3192 3914/973/3193 
s 4
f 3911/1005/3190 3835/1320/3114 3834/973/3113 3913/973/3192 
f 3909/953/3188 3833/953/3112 3835/1320/3114 3911/1005/3190 
s 8
f 3914/1341/3193 3913/1341/3192 3915/1413/3194 3916/1413/3195 
f 3916/1413/3195 3915/1413/3194 3097/1343/2403 3096/1343/2402 
s 4
f 3915/1413/3194 3842/1342/3121 3014/1343/2320 3097/1343/2403 
f 3913/1341/3192 3834/1341/3113 3842/1342/3121 3915/1413/3194 
s 8
f 3892/977/3171 3917/977/3196 3918/1018/3197 3890/1018/3169 
f 3890/1018/3169 3918/1018/3197 3919/995/3198 3888/995/3167 
s 4
f 3918/1018/3197 3863/1388/3142 3865/995/3144 3919/995/3198 
f 3917/977/3196 3864/977/3143 3863/1388/3142 3918/1018/3197 
s 8
f 3888/953/3167 3919/953/3198 3920/1005/3199 3886/1005/3165 
f 3886/1005/3165 3920/1005/3199 3921/973/3200 3884/973/3163 
s 4
f 3920/1005/3199 3867/1389/3146 3866/973/3145 3921/973/3200 
f 3919/953/3198 3865/953/3144 3867/1389/3146 3920/1005/3199 
s 8
f 3884/977/3163 3921/977/3200 3922/1018/3201 3882/1018/3161 
f 3882/1018/3161 3922/1018/3201 3923/995/3202 3880/995/3159 
s 4
f 3922/1018/3201 3868/1390/3147 3869/995/3148 3923/995/3202 
f 3921/977/3200 3866/977/3145 3868/1390/3147 3922/1018/3201 
s 8
f 3880/973/3159 3923/973/3202 3924/974/3203 3878/974/3157 
f 3878/974/3157 3924/974/3203 3925/1414/3204 3874/977/3153 
s 4
f 3924/974/3203 3870/1391/3149 3871/977/3150 3925/1414/3204 
f 3923/973/3202 3869/973/3148 3870/1391/3149 3924/974/3203 
s 8
f 3874/977/3153 3925/1414/3204 3926/1415/3205 3875/1398/3154 
f 3926/1415/3205 3925/1414/3204 3871/977/3150 3797/1392/3078 
f 3070/1410/2376 3109/1416/2415 3927/1407/3206 3894/1407/3173 
f 3894/1407/3173 3927/1407/3206 3917/1395/3196 3892/1395/3171 
s 4
f 3927/1407/3206 3872/1394/3151 3864/1395/3143 3917/1395/3196 
f 3109/1416/2415 3046/1393/2352 3872/1394/3151 3927/1407/3206 
s 8
f 3891/1409/3170 3914/1341/3193 3916/1413/3195 3893/1408/3172 
f 3893/1408/3172 3916/1413/3195 3096/1343/2402 3071/1411/2377 
f 3887/1403/3166 3910/953/3189 3912/1005/3191 3889/1402/3168 
f 3889/1402/3168 3912/1005/3191 3914/973/3193 3891/1396/3170 
f 3883/1405/3162 3906/977/3185 3908/1018/3187 3885/1404/3164 
f 3885/1404/3164 3908/1018/3187 3910/995/3189 3887/1406/3166 
f 3879/1403/3158 3902/953/3181 3904/1005/3183 3881/1402/3160 
f 3881/1402/3160 3904/1005/3183 3906/973/3185 3883/1396/3162 
f 3873/1400/3152 3895/995/3174 3900/1006/3179 3877/1399/3156 
f 3877/1399/3156 3900/1006/3179 3902/953/3181 3879/1401/3158 
f 3873/1396/3152 3876/1397/3155 3896/1412/3175 3895/973/3174 
f 3896/1412/3175 3876/1397/3155 3110/1417/2416 3077/1304/2383 
f 3111/1418/2417 3110/1417/2416 3876/1397/3155 3928/1419/3207 
f 3928/1419/3207 3876/1397/3155 3875/1398/3154 
f 3797/1392/3078 3929/1421/3208 3930/1420/3209 3926/1415/3205 
f 3926/1415/3205 3930/1420/3209 3928/1419/3207 3875/1398/3154 
f 3930/1420/3209 3115/1422/2421 3111/1418/2417 3928/1419/3207 
f 3929/1421/3208 3116/1423/2422 3115/1422/2421 3930/1420/3209 
s 4
f 3117/1424/2423 3931/1427/3210 3932/1426/3211 3118/1425/2424 
f 3118/1425/2424 3932/1426/3211 3814/1310/3093 2984/1311/2290 
f 3932/1426/3211 3844/1345/3123 3815/1309/3094 3814/1310/3093 
f 3931/1427/3210 3794/1344/3075 3844/1345/3123 3932/1426/3211 
s 1
f 3796/1281/3077 3790/1278/3071 3789/1277/3070 3933/1428/3212 
f 3790/1278/3071 3796/1281/3077 3795/1282/3076 3792/1279/3073 
s 2
f 3933/1428/3212 3789/1277/3070 3801/1289/3081 3800/1290/3080 
f 3933/1428/3212 3800/1290/3080 3797/1284/3078 
f 3797/1284/3078 3800/1290/3080 3929/1429/3208 
f 3929/1429/3208 3798/1288/3079 2958/1285/2265 3116/1430/2422 
s 4
f 3117/1297/2423 2970/1297/2277 3806/1298/3085 3931/1431/3210 
f 3931/1431/3210 3806/1298/3085 3807/1299/3086 3794/1432/3075 
f 3794/1432/3075 3807/1299/3086 3803/1294/3083 3795/1433/3076 
f 3795/1433/3076 3803/1294/3083 3802/1291/3082 3792/1434/3073 
f 3791/1037/3072 3809/1301/3088 3801/1289/3081 3789/1277/3070 
s 2
f 3792/1434/3073 3802/1291/3082 3809/1303/3088 3791/1065/3072 
s 1
f 3934/1435/3213 3935/1438/3214 3936/1437/3215 3937/1436/3216 
f 3934/1435/3213 3938/1440/3217 3939/1439/3218 3935/1438/3214 
s 2
f 3940/1441/2434 3941/1444/3219 3942/1443/3220 3943/1442/3221 
f 3944/1445/3222 3945/1446/3223 3941/1444/3219 3940/1441/2434 
f 3946/1447/3224 3947/1449/3225 3948/1448/3226 
s 4
f 3949/1450/3227 3950/1451/3228 3947/1449/3225 3946/1447/3224 
s 2
f 3951/1452/3229 3952/1454/3230 3953/1453/3231 
f 3954/1455/3232 3955/1456/3233 3952/1454/3230 3951/1452/3229 
s 4
f 3956/1457/3234 3957/1458/3235 3950/1451/3228 3949/1450/3227 
s 2
f 3958/1459/3236 3959/1460/3237 3951/1452/3229 3953/1453/3231 
s 4
f 3148/1461/2454 3960/1464/3238 3961/1463/3239 3149/1462/2455 
f 3960/1464/3238 3962/1466/3240 3963/1465/3241 3961/1463/3239 
s 2
f 3154/1467/2460 3964/1470/3242 3965/1469/3243 3155/1468/2461 
f 3964/1470/3242 3958/1459/3236 3953/1453/3231 3965/1469/3243 
s 8
f 3957/1458/3235 3956/1457/3234 3943/1442/3221 3942/1443/3220 
s 4
f 3944/1445/3222 3966/1471/3244 3955/1456/3233 3954/1455/3232 
s 8
f 3967/1472/3245 3937/1436/3216 3968/1473/3246 
s 1
f 3968/1473/3246 3937/1436/3216 3936/1437/3215 3969/1474/3247 
f 3950/1475/3228 3939/1439/3218 3938/1440/3217 3947/1476/3225 
s 8
f 3947/1476/3225 3938/1440/3217 3948/1448/3226 
s 1
f 3969/1474/3247 3936/1437/3215 3970/1478/3248 3971/1477/3249 
f 3936/1437/3215 3935/1438/3214 3972/1479/3250 3970/1478/3248 
f 3971/1477/3249 3970/1478/3248 3972/1479/3250 3945/1480/3223 
f 3945/1480/3223 3972/1479/3250 3941/1481/3219 
f 3941/1481/3219 3972/1479/3250 3942/1482/3220 
f 3942/1482/3220 3972/1479/3250 3973/1484/3251 3957/1483/3235 
f 3957/1483/3235 3973/1484/3251 3939/1439/3218 3950/1475/3228 
f 3973/1484/3251 3972/1479/3250 3935/1438/3214 3939/1439/3218 
s 8
f 3948/1448/3226 3938/1440/3217 3934/1435/3213 3967/1472/3245 
f 3967/1472/3245 3934/1435/3213 3937/1436/3216 
s 1
f 3974/1485/3252 3975/1488/3253 3168/1487/2474 3167/1486/2473 
f 3975/1488/3253 3976/1490/3254 3170/1489/2476 3168/1487/2474 
f 3977/1491/3255 3978/1494/3256 3174/1493/2480 3173/1492/2479 
f 3978/1494/3256 3974/1485/3252 3167/1486/2473 3174/1493/2480 
f 3176/1304/2482 3979/1497/3257 3980/1496/3258 3177/1495/2483 
f 3177/1495/2483 3980/1496/3258 3977/1491/3255 3173/1492/2479 
f 3170/1498/2476 3976/1501/3254 3981/1500/3259 3180/1499/2486 
f 3981/1500/3259 3976/1501/3254 3982/1502/3260 
f 3983/1503/3261 3984/1506/3262 3985/1505/3263 3986/1504/3264 
f 3985/1507/3263 3987/1510/3265 3988/1509/3266 3986/1508/3264 
f 3988/1509/3266 3987/1510/3265 3989/1512/3267 3990/1511/3268 
f 3989/1513/3267 3991/1516/3269 3992/1515/3270 3990/1514/3268 
f 3992/1515/3270 3991/1516/3269 3993/1518/3271 3994/1517/3272 
f 3993/1519/3271 3995/1522/3273 3996/1521/3274 3994/1520/3272 
f 3996/1521/3274 3995/1522/3273 3997/1524/3275 3998/1523/3276 
f 3997/1525/3275 3999/1528/3277 4000/1527/3278 3998/1526/3276 
f 4000/1527/3278 3999/1528/3277 3982/1530/3260 3976/1529/3254 
f 3984/1506/3262 4001/1531/3279 4002/977/3280 3985/1505/3263 
f 3985/1507/3263 4002/977/3280 4003/1532/3281 3987/1510/3265 
f 3987/1510/3265 4003/1532/3281 4004/973/3282 3989/1512/3267 
f 3989/1513/3267 4004/995/3282 4005/1533/3283 3991/1516/3269 
f 3991/1516/3269 4005/1533/3283 4006/977/3284 3993/1518/3271 
f 3993/1519/3271 4006/973/3284 4007/1534/3285 3995/1522/3273 
f 3995/1522/3273 4007/1534/3285 4008/953/3286 3997/1524/3275 
f 3997/1525/3275 4008/995/3286 4009/1535/3287 3999/1528/3277 
f 3999/1528/3277 4009/1535/3287 4010/977/3288 3982/1530/3260 
f 3982/1502/3260 4010/1395/3288 4011/1536/3289 3981/1500/3259 
f 3981/1500/3259 4011/1536/3289 3212/1537/2518 3180/1499/2486 
f 3986/1504/3264 3214/1539/2520 3213/1538/2519 3983/1503/3261 
f 3979/1497/3257 3176/1304/2482 3214/1539/2520 3986/1504/3264 
f 3977/1491/3255 3980/1006/3258 3988/1541/3266 3990/1540/3268 
f 3980/1006/3258 3979/995/3257 3986/1542/3264 3988/1541/3266 
f 3978/1494/3256 3977/1491/3255 3992/1544/3270 3994/1543/3272 
f 3977/1491/3255 3990/1545/3268 3992/1544/3270 
f 3974/1485/3252 3996/1547/3274 3998/1546/3276 
f 3974/1485/3252 3978/977/3256 3994/1548/3272 3996/1547/3274 
f 3976/1490/3254 3975/1005/3253 4000/1549/3278 
f 3975/1005/3253 3974/953/3252 3998/1550/3276 4000/1549/3278 
s 2
f 4012/1485/3290 3218/1486/2524 3217/1552/2523 4013/1551/3291 
f 4014/1491/3292 3222/1492/2528 3221/1493/2527 4015/1494/3293 
f 4015/1494/3293 3221/1493/2527 3218/1486/2524 4012/1485/3290 
f 3223/1553/2529 3222/1492/2528 4014/1491/3292 4016/1554/3294 
f 3225/1498/2531 3228/1557/2534 4017/1556/3295 4018/1555/3296 
f 4018/1555/3296 4017/1556/3295 4019/1559/3297 4020/1558/3298 
f 3231/1560/2537 3234/1538/2540 4021/1562/3299 4022/1561/3300 
f 4022/1561/3300 4021/1562/3299 4023/1505/3301 
f 4023/1507/3301 4021/1508/3299 4024/1509/3302 4025/1564/3303 4026/1563/3304 
f 4025/1564/3303 4024/1509/3302 4027/1511/3305 4028/1565/3306 
f 4028/1566/3306 4027/1514/3305 4029/1515/3307 4030/1567/3308 
f 4030/1567/3308 4029/1515/3307 4031/1517/3309 4032/1568/3310 
f 4032/1569/3310 4031/1520/3309 4033/1521/3311 4034/1570/3312 
f 4034/1570/3312 4033/1521/3311 4035/1523/3313 4036/1571/3314 
f 4036/1572/3314 4035/1526/3313 4037/1527/3315 4038/1573/3316 
f 4038/1573/3316 4037/1527/3315 4020/1529/3298 4019/1574/3297 
f 4016/1554/3294 4021/1562/3299 3234/1538/2540 3223/1553/2529 
f 4014/1491/3292 4027/1577/3305 4024/1576/3302 4016/1575/3294 
f 4016/1575/3294 4024/1576/3302 4021/1578/3299 
f 4015/1494/3293 4031/1580/3309 4029/1579/3307 4014/1491/3292 
f 4014/1491/3292 4029/1579/3307 4027/1581/3305 
f 4012/1485/3290 4035/1583/3313 4033/1582/3311 
f 4012/1485/3290 4033/1582/3311 4031/1584/3309 4015/977/3293 
f 4013/1551/3291 4020/1586/3298 4037/1585/3315 
f 4013/1551/3291 4037/1585/3315 4035/1587/3313 4012/953/3290 
f 3217/1552/2523 3225/1590/2531 4018/1589/3296 4013/1588/3291 
f 4013/1588/3291 4018/1589/3296 4020/1591/3298 
s 16
f 3251/1592/2557 4039/1595/3317 4040/1594/3318 3252/1593/2558 
s 2
f 3252/1593/2558 4040/1594/3318 4017/1556/3295 3228/1557/2534 
f 4040/1594/3318 4041/1596/3319 4019/1559/3297 4017/1556/3295 
s 16
f 4039/1595/3317 4042/1597/3320 4041/1596/3319 4040/1594/3318 
f 4042/1598/3320 4043/1601/3321 4044/1600/3322 4041/1599/3319 
s 2
f 4041/1599/3319 4044/1600/3322 4038/1573/3316 4019/1574/3297 
f 4044/1600/3322 4045/1602/3323 4036/1572/3314 4038/1573/3316 
s 16
f 4043/1601/3321 4046/1603/3324 4045/1602/3323 4044/1600/3322 
f 4046/1604/3324 4047/1607/3325 4048/1606/3326 4045/1605/3323 
s 2
f 4045/1605/3323 4048/1606/3326 4034/1570/3312 4036/1571/3314 
f 4048/1606/3326 4049/1608/3327 4032/1569/3310 4034/1570/3312 
s 16
f 4047/1607/3325 4050/1609/3328 4049/1608/3327 4048/1606/3326 
f 4050/1610/3328 4051/1613/3329 4052/1612/3330 4049/1611/3327 
s 2
f 4049/1611/3327 4052/1612/3330 4030/1567/3308 4032/1568/3310 
f 4052/1612/3330 4053/1614/3331 4028/1566/3306 4030/1567/3308 
s 16
f 4051/1613/3329 4054/1615/3332 4053/1614/3331 4052/1612/3330 
f 4054/1616/3332 4055/1619/3333 4056/1618/3334 4053/1617/3331 
s 2
f 4053/1617/3331 4056/1618/3334 4025/1564/3303 4028/1565/3306 
f 4056/1618/3334 3967/1620/3245 4026/1563/3304 4025/1564/3303 
s 16
f 4055/1619/3333 3948/1621/3226 3967/1620/3245 4056/1618/3334 
f 4054/973/3332 4057/973/3335 4058/1623/3336 4055/1622/3333 
f 4055/1622/3333 4058/1623/3336 4059/1625/3337 3948/1624/3226 
f 4058/1623/3336 4003/1532/3281 4002/977/3280 4059/1625/3337 
f 4057/973/3335 4004/973/3282 4003/1532/3281 4058/1623/3336 
f 4050/977/3328 4060/977/3338 4061/1018/3339 4051/1018/3329 
f 4051/1018/3329 4061/1018/3339 4057/995/3335 4054/995/3332 
f 4061/1018/3339 4005/1533/3283 4004/995/3282 4057/995/3335 
f 4060/977/3338 4006/977/3284 4005/1533/3283 4061/1018/3339 
f 4046/953/3324 4062/953/3340 4063/1005/3341 4047/1005/3325 
f 4047/1005/3325 4063/1005/3341 4060/973/3338 4050/973/3328 
f 4063/1005/3341 4007/1534/3285 4006/973/3284 4060/973/3338 
f 4062/953/3340 4008/953/3286 4007/1534/3285 4063/1005/3341 
f 4042/977/3320 4064/977/3342 4065/1018/3343 4043/1018/3321 
f 4043/1018/3321 4065/1018/3343 4062/995/3340 4046/995/3324 
f 4065/1018/3343 4009/1535/3287 4008/995/3286 4062/995/3340 
f 4064/977/3342 4010/977/3288 4009/1535/3287 4065/1018/3343 
f 3251/1410/2557 3281/1416/2587 4066/1407/3344 4039/1407/3317 
f 4039/1407/3317 4066/1407/3344 4064/1395/3342 4042/1395/3320 
f 4066/1407/3344 4011/1536/3289 4010/1395/3288 4064/1395/3342 
f 3281/1416/2587 3212/1537/2518 4011/1536/3289 4066/1407/3344 
s 2
f 3958/1459/3236 3964/1470/3242 4022/1561/3300 4023/1505/3301 
f 3958/1459/3236 4023/1505/3301 4026/1627/3304 3959/1626/3237 
s 1
f 4002/977/3280 4001/1531/3279 4067/1629/3345 4068/1628/3346 
s 2
f 4001/1531/3279 3285/1631/2591 3284/1630/2590 4067/1629/3345 
s 16
f 3948/1448/3226 4059/1632/3337 3946/1447/3224 
f 4059/1632/3337 4002/977/3280 4068/1628/3346 3946/1447/3224 
s 1
f 3962/1633/3240 4069/1635/3347 4070/1634/3348 4071/1634/3349 
s 16
f 4071/1634/3349 4070/1634/3348 4072/1637/3350 4073/1636/3351 
f 4070/1634/3348 4074/1639/3352 4075/1638/3353 4072/1637/3350 
s 1
f 4069/1635/3347 4076/1640/3354 4074/1639/3352 4070/1634/3348 
s 16
f 4073/1636/3351 4072/1637/3350 4077/1642/3355 4078/1641/3356 
f 4072/1637/3350 4075/1638/3353 4077/1642/3355 
f 4078/1641/3356 4077/1642/3355 4079/1643/3357 4080/1643/3358 
f 4080/1643/3358 4079/1643/3357 4081/1645/3359 3966/1644/3244 
f 4079/1643/3357 4075/1638/3353 4081/1645/3359 
f 4077/1642/3355 4075/1638/3353 4079/1643/3357 
f 3966/1644/3244 4081/1645/3359 4082/1647/3360 3955/1646/3233 
f 4081/1645/3359 4075/1638/3353 4082/1647/3360 
f 3955/1646/3233 4082/1647/3360 4083/1648/3361 3952/1648/3230 
s 4
f 3952/1648/3230 4083/1648/3361 4084/1650/3362 3953/1649/3231 
s 1
f 4083/1648/3361 4074/1639/3352 4076/1640/3354 4084/1650/3362 
s 16
f 4082/1647/3360 4075/1638/3353 4074/1639/3352 4083/1648/3361 
s 4
f 3953/1649/3231 4084/1650/3362 4085/1651/3363 3965/1651/3243 
f 3965/1651/3243 4085/1651/3363 3303/1652/2609 3155/1652/2461 
s 1
f 4085/1651/3363 4086/1654/3364 3304/1653/2434 3303/1652/2609 
f 4084/1650/3362 4076/1640/3354 4086/1654/3364 4085/1651/3363 
f 3148/1655/2454 3307/1655/2612 4087/1656/3365 3960/1656/3238 
f 3960/1656/3238 4087/1656/3365 4069/1635/3347 3962/1633/3240 
f 4087/1656/3365 4086/1654/3364 4076/1640/3354 4069/1635/3347 
f 3307/1655/2612 3304/1653/2434 4086/1654/3364 4087/1656/3365 
s 4
f 3945/1446/3223 3944/1445/3222 3954/1455/3232 3971/1657/3249 
s 2
f 3969/1658/3247 3971/1657/3249 3954/1455/3232 3951/1452/3229 
f 3959/1460/3237 3968/1659/3246 3969/1658/3247 3951/1452/3229 
f 3959/1460/3237 3967/1660/3245 3968/1659/3246 
f 3154/1467/2460 3231/1560/2537 4022/1561/3300 3964/1470/3242 
f 4078/1661/3356 4080/1662/3358 3940/1441/2434 3943/1442/3221 
f 4080/1662/3358 3966/1471/3244 3944/1445/3222 3940/1441/2434 
s 8
f 3956/1457/3234 4073/1663/3351 4078/1661/3356 3943/1442/3221 
s 4
f 3962/1466/3240 4071/1664/3349 3949/1450/3227 
f 4071/1664/3349 4073/1663/3351 3956/1457/3234 3949/1450/3227 
f 3962/1466/3240 3949/1450/3227 3946/1447/3224 3963/1465/3241 
f 4068/1628/3346 3963/1465/3241 3946/1447/3224 
f 4067/1629/3345 3961/1665/3239 3963/1465/3241 4068/1628/3346 
f 3284/1630/2590 3149/1666/2455 3961/1665/3239 4067/1629/3345 
s 2
f 3653/1110/2935 3656/1111/2938 3657/1113/2939 
f 3665/1120/2947 3662/1118/2944 3666/1121/2948 
f 3959/1626/3237 4026/1627/3304 3967/1620/3245 
f 3929/1429/3208 3800/1290/3080 3798/1288/3079 
s 1
f 3797/1284/3078 3796/1281/3077 3933/1428/3212 
f 3780/1257/3061 4088/1257/3366 4089/1256/3367 3779/1256/3060 
s 2
f 3781/1260/3062 4090/1260/3368 4088/1257/3366 3780/1257/3061 
s 1
f 3782/1262/3063 4091/1262/3369 4090/1260/3368 3781/1260/3062 
s 2
f 3783/1264/3064 4092/1264/3370 4091/1262/3369 3782/1262/3063 
s 1
f 3784/1266/3065 4093/1266/3371 4092/1264/3370 3783/1264/3064 
s 2
f 3785/1268/3066 4094/1268/3372 4093/1266/3371 3784/1266/3065 
s 1
f 3786/1270/3067 4095/1270/3373 4094/1268/3372 3785/1268/3066 
s 2
f 3787/1272/3068 4096/1272/3374 4095/1270/3373 3786/1270/3067 
s 1
f 3788/1274/3069 4097/1274/3375 4096/1272/3374 3787/1272/3068 
s 2
f 3779/1040/3060 4089/1040/3367 4097/1274/3375 3788/1274/3069 
s 1
f 4098/1667/3376 4099/1669/3377 4100/1668/3378 
f 4101/1670/3379 4099/1669/3377 4098/1667/3376 
f 4102/1671/3380 4099/1669/3377 4101/1670/3379 
f 4103/1672/3381 4099/1669/3377 4102/1671/3380 
f 4104/1673/3382 4099/1669/3377 4103/1672/3381 
f 4105/1674/3383 4099/1669/3377 4104/1673/3382 
f 4106/1675/3384 4099/1669/3377 4105/1674/3383 
f 4107/1676/3385 4099/1669/3377 4106/1675/3384 
f 4108/1677/3386 4099/1669/3377 4107/1676/3385 
f 4100/1678/3378 4099/1669/3377 4108/1677/3386 
s 4
f 4088/1257/3366 4098/1667/3376 4100/1668/3378 4089/1256/3367 
f 4090/1260/3368 4101/1670/3379 4098/1667/3376 4088/1257/3366 
f 4091/1262/3369 4102/1671/3380 4101/1670/3379 4090/1260/3368 
f 4092/1264/3370 4103/1672/3381 4102/1671/3380 4091/1262/3369 
f 4093/1266/3371 4104/1673/3382 4103/1672/3381 4092/1264/3370 
f 4094/1268/3372 4105/1674/3383 4104/1673/3382 4093/1266/3371 
f 4095/1270/3373 4106/1675/3384 4105/1674/3383 4094/1268/3372 
f 4096/1272/3374 4107/1676/3385 4106/1675/3384 4095/1270/3373 
f 4097/1274/3375 4108/1677/3386 4107/1676/3385 4096/1272/3374 
f 4089/1040/3367 4100/1678/3378 4108/1677/3386 4097/1274/3375 
s 1
f 3213/1538/2519 3329/1679/2634 3984/1506/3262 3983/1503/3261 
f 3329/1679/2634 3285/1631/2591 4001/1531/3279 3984/1506/3262 
f 4109/1680/3387 4110/1681/3388 4111/1682/3389 4112/1683/3390 
f 4113/1684/3391 4114/1005/3392 4112/1683/3390 4111/1682/3389 
f 4115/1685/3393 4116/1686/3394 4117/1687/3395 4118/1688/3396 
f 4119/1689/1731 4120/1690/3397 4121/1691/3398 4122/1692/3399 
f 4114/1693/3392 4123/1694/3400 4124/1695/3401 4112/1696/3390 
f 4125/1697/3402 4109/1698/3387 4126/1699/3403 
f 4126/1699/3403 4109/1698/3387 4112/1696/3390 4124/1695/3401 
f 4116/1700/3394 4115/1701/3393 4127/1702/3404 4128/1703/3405 
f 4128/1703/3405 4127/1702/3404 4129/1704/3406 4130/1705/3407 
f 4130/1705/3407 4129/1704/3406 4131/1706/3408 4132/1707/3409 
f 4132/1707/3409 4131/1706/3408 4133/1708/3410 4125/1709/3402 
f 4125/1709/3402 4133/1708/3410 4134/1710/3411 4109/1680/3387 
f 4134/1710/3411 4110/1681/3388 4109/1680/3387 
f 4135/1711/3412 4136/1712/3413 4137/1713/3414 4138/1714/3415 
f 4136/1712/3413 4139/1715/3416 4140/1716/3417 4137/1713/3414 
f 4141/1694/3418 4142/1694/3419 4143/1717/3420 4144/1717/3421 
f 4142/1694/3419 4145/1718/3422 4146/1717/3423 4143/1717/3420 
f 4144/1717/3421 4143/1717/3420 4147/1719/3424 4148/1719/3425 
f 4143/1717/3420 4146/1717/3423 4149/1719/3426 4147/1719/3424 
f 4147/1719/3424 4149/1719/3426 4150/1720/3427 4151/1720/3428 
f 4148/1719/3425 4147/1719/3424 4151/1720/3428 4152/1720/3429 
f 4152/1720/3429 4151/1720/3428 4153/1721/3430 4154/1721/3431 
f 4151/1720/3428 4150/1720/3427 4155/1721/3432 4153/1721/3430 
f 4154/1721/3431 4153/1721/3430 4156/1722/3433 4157/1722/3434 
f 4153/1721/3430 4155/1721/3432 4158/1722/3435 4156/1722/3433 
f 4156/1722/3433 4158/1722/3435 4159/1723/3436 4160/1723/3437 
f 4157/1722/3434 4156/1722/3433 4160/1723/3437 4161/1723/3438 
f 4160/1723/3437 4159/1723/3436 4139/1715/3416 4136/1712/3413 
f 4161/1723/3438 4160/1723/3437 4136/1712/3413 4135/1711/3412 
f 4162/1724/3439 4163/1725/3440 4164/1726/3441 4117/1687/3395 
f 4165/1694/3442 4166/1694/3443 4167/1717/3444 4168/1717/3445 
f 4168/1717/3445 4167/1717/3444 4169/1719/3446 4170/1719/3447 
f 4170/1719/3447 4169/1719/3446 4171/1720/3448 4172/1720/3449 
f 4172/1720/3449 4171/1720/3448 4173/1721/3450 4174/1721/3451 
f 4174/1721/3451 4173/1721/3450 4175/1722/3452 4176/1722/3453 
f 4176/1722/3453 4175/1722/3452 4177/1723/3454 4178/1723/3455 
f 4178/1723/3455 4177/1723/3454 4163/1725/3440 4162/1724/3439 
f 4116/1686/3394 4162/1724/3439 4117/1687/3395 
f 4123/1694/3400 4165/1694/3442 4168/1717/3445 4124/1695/3401 
f 4124/1695/3401 4168/1717/3445 4170/1719/3447 4126/1699/3403 
f 4126/1699/3403 4170/1719/3447 4172/1720/3449 4125/1697/3402 
f 4125/1697/3402 4172/1720/3449 4174/1721/3451 4132/1721/3409 
f 4132/1721/3409 4174/1721/3451 4176/1722/3453 4130/1722/3407 
f 4130/1722/3407 4176/1722/3453 4178/1723/3455 4128/1723/3405 
f 4128/1723/3405 4178/1723/3455 4162/1724/3439 4116/1686/3394 
f 4177/1723/3454 4161/1723/3438 4179/1727/3456 
f 4177/1723/3454 4179/1727/3456 4163/1725/3440 
f 4173/1721/3450 4154/1721/3431 4157/1722/3434 4175/1722/3452 
f 4175/1722/3452 4157/1722/3434 4161/1723/3438 4177/1723/3454 
f 4171/1720/3448 4152/1720/3429 4154/1721/3431 4173/1721/3450 
f 4167/1717/3444 4144/1717/3421 4148/1719/3425 4169/1719/3446 
f 4169/1719/3446 4148/1719/3425 4152/1720/3429 4171/1720/3448 
f 4166/1694/3443 4141/1694/3418 4144/1717/3421 4167/1717/3444 
f 4179/1727/3456 4135/1711/3412 4138/1714/3415 4180/1728/3457 
f 4161/1723/3438 4135/1711/3412 4179/1727/3456 
f 4164/1726/3441 4163/1725/3440 4179/1727/3456 4180/1728/3457 
f 4181/1729/1731 4119/1689/1731 4122/1692/3399 4182/1730/3458 
f 4183/1731/3459 4181/1729/1731 4182/1730/3458 4184/1732/3460 
f 4185/1733/3461 4186/1734/3462 4187/1735/3463 4188/1736/3464 
f 4186/1734/3462 4189/1737/3465 4190/1738/3466 4187/1735/3463 
f 4191/1739/3467 4192/1740/3468 4193/1741/3469 4194/1742/3470 
f 4192/1740/3468 4195/1743/3471 4196/1744/3472 4193/1741/3469 
f 4194/1742/3470 4193/1741/3469 4197/1745/3473 4198/1746/3474 
f 4193/1741/3469 4196/1744/3472 4199/1747/3475 4197/1745/3473 
f 4197/1745/3473 4199/1747/3475 4200/1748/3476 4201/1749/3477 
f 4198/1746/3474 4197/1745/3473 4201/1749/3477 4202/1750/3478 
f 4201/1749/3477 4200/1748/3476 4203/1751/3479 4204/1752/3480 
f 4202/1750/3478 4201/1749/3477 4204/1752/3480 4205/1753/3481 
f 4205/1753/3481 4204/1752/3480 4206/1754/3482 4207/1755/3483 
f 4204/1752/3480 4203/1751/3479 4208/1756/3484 4206/1754/3482 
f 4206/1754/3482 4208/1756/3484 4188/1736/3464 4187/1735/3463 
f 4207/1755/3483 4206/1754/3482 4187/1735/3463 4190/1738/3466 
f 4191/1739/3467 4194/1742/3470 4122/1692/3399 4121/1691/3398 
f 4194/1742/3470 4198/1746/3474 4182/1730/3458 4122/1692/3399 
f 4198/1746/3474 4202/1750/3478 4184/1732/3460 4182/1730/3458 
f 4202/1750/3478 4205/1753/3481 4207/1755/3483 4184/1732/3460 
f 4184/1732/3460 4207/1755/3483 4190/1738/3466 
f 4189/1737/3465 4183/1731/3459 4184/1732/3460 4190/1738/3466 
f 4159/1723/3436 4196/1744/3472 4195/1743/3471 4209/1757/3485 
f 4159/1723/3436 4209/1757/3485 4139/1715/3416 
f 4155/1721/3432 4200/1748/3476 4199/1747/3475 4158/1722/3435 
f 4158/1722/3435 4199/1747/3475 4196/1744/3472 4159/1723/3436 
f 4146/1717/3423 4188/1736/3464 4208/1756/3484 4149/1719/3426 
f 4149/1719/3426 4208/1756/3484 4203/1751/3479 4150/1720/3427 
f 4150/1720/3427 4203/1751/3479 4200/1748/3476 4155/1721/3432 
f 4145/1718/3422 4185/1733/3461 4188/1736/3464 4146/1717/3423 
f 4210/1758/3486 4211/1759/3487 4212/1760/3488 4213/1761/3489 
f 4211/1759/3487 4214/1762/3490 4215/1763/3491 4212/1760/3488 
f 4216/1764/3492 4217/1765/3493 4218/1766/3494 4219/1767/3495 
f 4217/1765/3493 4220/1768/3496 4221/1769/3497 4218/1766/3494 
f 4218/1766/3494 4221/1769/3497 4222/1770/3498 4223/1771/3499 
f 4219/1767/3495 4218/1766/3494 4223/1771/3499 4224/1772/3500 
f 4224/1773/3500 4223/1774/3499 4225/1775/3501 4226/1776/3502 
f 4223/1774/3499 4222/1770/3498 4227/1777/3503 4225/1775/3501 
f 4225/1775/3501 4227/1777/3503 4228/1778/3504 4229/1779/3505 
f 4226/1776/3502 4225/1775/3501 4229/1779/3505 4230/1780/3506 
f 4230/1781/3506 4229/1782/3505 4231/1783/3507 4232/1784/3508 
f 4229/1782/3505 4228/1778/3504 4233/1785/3509 4231/1783/3507 
f 4231/1783/3507 4233/1785/3509 4234/1786/3510 4235/1787/3511 
f 4232/1784/3508 4231/1783/3507 4235/1787/3511 4236/1788/3512 
f 4237/1789/3513 4238/1790/3514 4239/1791/3515 4240/1792/3516 
f 4238/1790/3514 4241/1793/3517 4242/1794/3518 4239/1791/3515 
f 4239/1791/3515 4242/1794/3518 4243/1795/3519 4244/1796/3520 
f 4240/1792/3516 4239/1791/3515 4244/1796/3520 4245/1797/3521 
f 4241/1798/3517 4238/1799/3514 4246/1800/3522 4247/1801/3523 
f 4238/1799/3514 4237/1802/3513 4248/1803/3524 4246/1800/3522 
f 4246/1800/3522 4248/1803/3524 4249/1804/3525 4250/1805/3526 
f 4247/1801/3523 4246/1800/3522 4250/1805/3526 4251/1806/3527 
f 4252/1807/3528 4253/1808/3529 4254/1809/3530 4255/1810/3531 
f 4253/1808/3529 4256/1811/3532 4257/1812/3533 4254/1809/3530 
f 4254/1809/3530 4257/1812/3533 4236/1813/3512 4235/1814/3511 
f 4255/1810/3531 4254/1809/3530 4235/1814/3511 4234/1786/3510 
f 4256/1815/3532 4253/1816/3529 4258/1817/3534 4259/1818/3535 
f 4253/1816/3529 4252/1807/3528 4260/1819/3536 4258/1817/3534 
f 4258/1817/3534 4260/1819/3536 4245/1797/3521 4244/1820/3520 
f 4259/1818/3535 4258/1817/3534 4244/1820/3520 4243/1821/3519 
f 4222/1770/3498 4221/1769/3497 4261/1822/3537 
f 4221/1769/3497 4220/1768/3496 4262/1823/3538 4261/1822/3537 
f 4263/1824/3539 4228/1778/3504 4227/1777/3503 
f 4263/1824/3539 4227/1777/3503 4222/1770/3498 4261/1822/3537 
f 4110/1681/3388 4263/1824/3539 4261/1822/3537 4111/1682/3389 
f 4237/1802/3513 4264/1825/3540 4265/1826/3541 4248/1803/3524 
f 4264/1825/3540 4115/1685/3393 4118/1688/3396 4265/1826/3541 
f 4248/1803/3524 4265/1826/3541 4249/1804/3525 
f 4127/1702/3404 4266/1827/3542 4267/1828/3543 4129/1704/3406 
f 4266/1827/3542 4245/1797/3521 4260/1819/3536 4267/1828/3543 
f 4267/1828/3543 4260/1819/3536 4252/1807/3528 4268/1829/3544 
f 4129/1704/3406 4267/1828/3543 4268/1829/3544 4131/1706/3408 
f 4115/1701/3393 4264/1830/3540 4266/1827/3542 4127/1702/3404 
f 4264/1830/3540 4237/1789/3513 4240/1792/3516 4266/1827/3542 
f 4240/1792/3516 4245/1797/3521 4266/1827/3542 
f 4133/1708/3410 4269/1831/3545 4270/1832/3546 4134/1710/3411 
f 4269/1831/3545 4234/1786/3510 4233/1785/3509 4270/1832/3546 
f 4270/1832/3546 4233/1785/3509 4228/1778/3504 4263/1824/3539 
f 4134/1710/3411 4270/1832/3546 4263/1824/3539 4110/1681/3388 
f 4268/1829/3544 4252/1807/3528 4255/1810/3531 
f 4268/1829/3544 4255/1810/3531 4234/1786/3510 4269/1831/3545 
f 4131/1706/3408 4268/1829/3544 4269/1831/3545 4133/1708/3410 
f 4216/1833/3492 4219/1834/3495 4271/1835/3547 4272/1836/3548 
f 4219/1834/3495 4224/1837/3500 4271/1835/3547 
f 4272/1836/3548 4271/1835/3547 4273/1011/3549 4274/977/3550 
f 4224/1838/3500 4226/1839/3502 4275/1840/3551 4271/1841/3547 
f 4226/1839/3502 4230/1842/3506 4275/1840/3551 
f 4271/1841/3547 4275/1840/3551 4276/1011/3552 4273/977/3549 
f 4241/1843/3517 4247/1844/3523 4277/1845/3553 
f 4247/1844/3523 4251/1846/3527 4212/1847/3488 4277/1845/3553 
f 4277/1845/3553 4212/1847/3488 4215/995/3491 4278/1398/3554 
f 4256/1848/3532 4259/1849/3535 4279/1850/3555 
f 4259/1849/3535 4243/1851/3519 4280/1852/3556 4279/1850/3555 
f 4279/1850/3555 4280/1852/3556 4281/995/3557 4282/1398/3558 
f 4243/1853/3519 4242/1854/3518 4280/1855/3556 
f 4242/1854/3518 4241/1856/3517 4277/1857/3553 4280/1855/3556 
f 4280/1855/3556 4277/1857/3553 4278/995/3554 4281/1398/3557 
f 4230/1858/3506 4232/1859/3508 4283/1860/3559 4275/1861/3551 
f 4232/1859/3508 4236/1862/3512 4283/1860/3559 
f 4275/1861/3551 4283/1860/3559 4284/1011/3560 4276/977/3552 
f 4236/1863/3512 4257/1864/3533 4279/1865/3555 4283/1866/3559 
f 4257/1864/3533 4256/1867/3532 4279/1865/3555 
f 4283/1866/3559 4279/1865/3555 4282/1011/3558 4284/977/3560 
f 4251/1868/3527 4213/1761/3489 4212/1760/3488 
f 4274/973/3550 4273/1037/3549 4285/1869/3561 4286/974/3562 
f 4286/974/3562 4285/1869/3561 4287/1011/3563 4288/977/3564 
f 4273/973/3549 4276/1037/3552 4285/1870/3561 
f 4278/1871/3554 4215/953/3491 4289/1006/3565 4290/1872/3566 
f 4290/1873/3566 4289/1874/3565 4291/1875/3567 4292/1876/3568 
f 4282/1871/3558 4281/953/3557 4290/1006/3566 4293/1872/3569 
f 4293/1877/3569 4290/1878/3566 4294/1871/3570 
f 4281/1871/3557 4278/953/3554 4290/1879/3566 
f 4276/973/3552 4284/1037/3560 4293/1869/3569 4285/974/3561 
f 4285/974/3561 4293/1869/3569 4294/1011/3570 4287/977/3563 
f 4284/973/3560 4282/1037/3558 4293/1870/3569 
f 4215/1871/3491 4214/953/3490 4295/1006/3571 4289/1872/3565 
f 4296/1880/3572 4297/1881/3573 4298/1882/3574 4299/1883/3575 
f 4299/1884/3575 4298/1885/3574 4300/1886/3576 4301/1887/3577 
f 4291/1875/3567 4302/1888/3578 4303/1889/3579 4292/1876/3568 
f 4291/1890/3567 4289/1891/3565 4295/1892/3571 4304/1893/3580 
f 4302/1894/3578 4291/1890/3567 4304/1893/3580 4305/1895/3581 
f 4292/1896/3568 4303/1897/3579 4301/1898/3577 4300/1899/3576 
f 4288/973/3564 4287/1037/3563 4298/1882/3574 4297/1881/3573 
f 4287/973/3563 4294/1037/3570 4300/1886/3576 4298/1885/3574 
f 4305/977/3581 4306/977/3582 4307/977/3583 4302/977/3578 
f 4306/977/3582 4308/977/3584 4307/977/3583 
f 4302/977/3578 4307/977/3583 4303/977/3579 
f 4307/977/3583 4301/977/3577 4303/977/3579 
f 4307/977/3583 4308/977/3584 4301/977/3577 
f 4301/977/3577 4308/977/3584 4299/977/3575 
f 4308/977/3584 4296/977/3572 4299/977/3575 
f 4290/1878/3566 4292/1896/3568 4300/1899/3576 4294/1871/3570 
f 4261/1822/3537 4262/1823/3538 4113/1684/3391 
f 4261/1822/3537 4113/1684/3391 4111/1682/3389 
f 4139/1715/3416 4309/1900/3585 4140/1716/3417 
f 4310/1901/3586 4311/1902/3587 4312/1903/3588 4313/1904/3589 
f 4314/1905/3590 4312/1903/3588 4315/1906/3591 
f 4315/1906/3591 4312/1903/3588 4311/1902/3587 
f 4316/1907/3592 4317/1908/3593 4318/1909/3594 4319/1910/3595 
f 4319/1911/3595 4318/1912/3594 4320/1913/3596 4321/1914/3597 
f 4322/973/3598 4323/1915/3599 4324/1916/3600 4325/1005/3601 
f 4324/1916/3600 4326/1917/3602 4327/953/3603 4325/1005/3601 
f 4328/1918/3604 4323/1919/3599 4322/953/3598 4321/1871/3597 
f 4329/1920/3605 4328/1921/3604 4321/953/3597 4320/1922/3596 
f 4318/1909/3594 4317/1908/3593 4313/1904/3589 4312/1903/3588 
f 4320/1913/3596 4318/1912/3594 4312/1903/3588 4314/1905/3590 
f 4314/973/3590 4330/1923/3606 4329/1920/3605 4320/1922/3596 
f 4331/1924/3607 4332/1925/3608 4333/1926/3609 4334/1927/3610 
f 4332/1925/3608 4335/1928/3611 4336/1929/3612 4333/1926/3609 
f 4334/1927/3610 4333/1926/3609 4337/1930/3613 4338/1931/3614 
f 4333/1926/3609 4336/1929/3612 4339/1932/3615 4337/1930/3613 
f 4337/1930/3613 4339/1932/3615 4340/1933/3616 4341/1934/3617 
f 4338/1931/3614 4337/1930/3613 4341/1934/3617 4342/1935/3618 
f 4342/1935/3618 4341/1934/3617 4343/1936/3619 4344/1937/3620 
f 4341/1934/3617 4340/1933/3616 4345/1938/3621 4343/1936/3619 
f 4336/1929/3612 4335/1928/3611 4346/1939/3622 4347/1940/3623 
f 4346/1939/3622 4330/1941/3606 4314/1905/3590 4347/1940/3623 
f 4342/1935/3618 4344/1937/3620 4348/1942/3624 4349/1943/3625 
f 4345/1938/3621 4340/1933/3616 4350/1944/3626 4351/1945/3627 
f 4351/1945/3627 4350/1944/3626 4311/1902/3587 4310/1901/3586 
f 4352/1690/3397 4353/1925/3628 4349/1943/3625 4354/1946/3629 
f 4353/1925/3628 4331/1924/3607 4334/1927/3610 4349/1943/3625 
f 4334/1927/3610 4338/1931/3614 4349/1943/3625 
f 4338/1931/3614 4342/1935/3618 4349/1943/3625 
f 4311/1902/3587 4350/1944/3626 4355/1947/3630 4315/1906/3591 
f 4350/1944/3626 4340/1933/3616 4339/1932/3615 4355/1947/3630 
f 4355/1947/3630 4339/1932/3615 4336/1929/3612 4347/1940/3623 
f 4315/1906/3591 4355/1947/3630 4347/1940/3623 4314/1905/3590 
f 4356/1948/3631 4357/1949/3632 4358/1950/3633 4359/1951/3634 
f 4326/1952/3602 4360/1953/3635 4361/1954/3636 4327/953/3603 
f 4360/1953/3635 4356/1948/3631 4359/1951/3634 4361/1954/3636 
f 4362/1955/3637 4354/1946/3629 4349/1943/3625 4348/1942/3624 
f 4317/1908/3593 4316/1907/3592 4363/1907/3638 4364/1908/3639 
f 4313/1904/3589 4317/1908/3593 4364/1908/3639 4365/1904/3640 
f 4322/973/3598 4325/1005/3601 4366/1005/3641 4367/973/3642 
f 4325/1005/3601 4327/953/3603 4368/953/3643 4366/1005/3641 
f 4359/1951/3634 4358/1950/3633 4369/1950/3644 4370/1951/3645 
f 4327/953/3603 4361/1954/3636 4371/1954/3646 4368/953/3643 
f 4361/1954/3636 4359/1951/3634 4370/1951/3645 4371/1954/3646 
f 4372/1950/3647 4373/1950/3648 4374/1950/1795 4375/1950/1795 
f 4322/973/3598 4367/973/3642 4319/973/3595 4321/973/3597 
f 4376/1005/3649 4377/1005/3649 4378/973/3650 4379/973/3650 
f 4380/953/3651 4381/953/3651 4377/1005/3649 4376/1005/3649 
f 4382/1950/3644 4383/1950/3644 4384/1951/3652 4385/1951/3652 
f 4386/1954/3646 4387/1954/3646 4381/953/3651 4380/953/3651 
f 4385/1951/3652 4384/1951/3652 4387/1954/3646 4386/1954/3646 
f 4382/1950/3644 4369/1950/3644 4388/1950/1795 4389/1950/1795 
f 4379/973/3650 4378/973/3650 4363/973/3638 4316/973/3592 
f 4366/1005/3641 4376/1005/3649 4379/973/3650 4367/973/3642 
f 4368/953/3643 4380/953/3651 4376/1005/3649 4366/1005/3641 
f 4369/1950/3644 4382/1950/3644 4385/1951/3652 4370/1951/3645 
f 4371/1954/3646 4386/1954/3646 4380/953/3651 4368/953/3643 
f 4370/1951/3645 4385/1951/3652 4386/1954/3646 4371/1954/3646 
f 4367/973/3642 4379/973/3650 4316/973/3592 4319/973/3595 
f 4369/1950/3644 4358/1950/3633 4357/1950/3632 4388/1950/1795 
f 4310/1901/3586 4313/1904/3589 4365/1904/3640 4390/1901/3653 
f 4343/1936/3619 4345/1938/3621 4391/1938/3654 4392/1936/3655 
f 4345/1938/3621 4351/1945/3627 4393/1956/3656 4391/1938/3654 
f 4351/1945/3627 4310/1901/3586 4390/1901/3653 4393/1956/3656 
f 4363/1907/3638 4394/1907/3638 4395/1908/3657 4364/1908/3639 
f 4364/1908/3639 4395/1908/3657 4396/1904/3658 4365/1904/3640 
f 4383/1950/3644 4382/1950/3644 4389/1950/1795 4397/1950/1795 
f 4377/1005/3649 4398/1005/3649 4399/973/3650 4378/973/3650 
f 4381/953/3651 4400/953/3659 4398/1005/3649 4377/1005/3649 
f 4383/1950/3644 4373/1950/3648 4401/1951/3660 4384/1951/3652 
f 4387/1954/3646 4402/1954/3661 4400/953/3659 4381/953/3651 
f 4384/1951/3652 4401/1951/3660 4402/1954/3661 4387/1954/3646 
f 4378/973/3650 4399/973/3650 4394/973/3638 4363/973/3638 
f 4365/1904/3640 4396/1904/3658 4403/1901/3662 4390/1901/3653 
f 4391/1938/3654 4404/1938/3663 4405/1936/3664 4392/1936/3655 
f 4393/1956/3656 4406/1956/3665 4404/1938/3663 4391/1938/3654 
f 4390/1901/3653 4403/1901/3662 4406/1956/3665 4393/1956/3656 
f 4392/1936/3655 4348/1942/3624 4344/1937/3620 4343/1936/3619 
f 4373/1950/3648 4383/1950/3644 4397/1950/1795 4374/1950/1795 
f 4394/1907/3638 4407/1907/3666 4408/1908/3667 4395/1908/3657 
f 4395/1908/3657 4408/1908/3667 4409/1904/3668 4396/1904/3658 
f 4398/1005/3649 4410/1005/3669 4411/973/3670 4399/973/3650 
f 4400/953/3659 4412/953/3671 4410/1005/3669 4398/1005/3649 
f 4373/1950/3648 4372/1950/3647 4413/1951/3672 4401/1951/3660 
f 4414/1957/3673 4412/953/3671 4400/953/3659 
f 4401/1951/3660 4415/1958/3674 4416/1954/3675 4402/1954/3661 
f 4399/973/3650 4411/973/3670 4407/973/3666 4394/973/3638 
f 4396/1904/3658 4409/1904/3668 4403/1901/3662 
f 4404/1938/3663 4195/1938/3471 4192/1936/3468 4405/1936/3664 
f 4406/1956/3665 4209/1945/3485 4195/1938/3471 4404/1938/3663 
f 4403/1901/3662 4309/1901/3585 4209/1945/3485 4406/1956/3665 
f 4392/1936/3655 4405/1936/3664 4362/1955/3637 4348/1942/3624 
f 4352/1690/3397 4354/1946/3629 4121/1946/3398 4120/1690/3397 
f 4354/1946/3629 4362/1955/3637 4191/1955/3467 4121/1946/3398 
f 4362/1955/3637 4405/1936/3664 4192/1936/3468 4191/1955/3467 
f 4210/1758/3486 4213/1761/3489 4372/1950/3647 4375/1950/1795 
f 4213/1761/3489 4251/1868/3527 4250/1805/3526 4372/1950/3647 
f 4250/1805/3526 4249/1804/3525 4413/1804/3672 4372/1805/3647 
f 4401/1951/3660 4413/1951/3672 4415/1958/3674 
f 4249/1804/3525 4265/1826/3541 4415/1958/3674 4413/1804/3672 
f 4416/1954/3675 4415/1958/3674 4265/1826/3541 4118/1688/3396 
f 4400/953/3659 4402/1954/3661 4416/1954/3675 4414/1957/3673 
f 4118/1688/3396 4117/1687/3395 4414/1957/3673 4416/1954/3675 
f 4412/953/3671 4414/1957/3673 4117/1687/3395 4164/1726/3441 
f 4164/1726/3441 4180/1728/3457 4410/1005/3669 4412/953/3671 
f 4411/973/3670 4410/1005/3669 4180/1728/3457 4138/1714/3415 
f 4407/973/3666 4411/973/3670 4138/1714/3415 
f 4138/1714/3415 4137/1713/3414 4408/1908/3667 4407/973/3666 
f 4409/1904/3668 4408/1908/3667 4137/1713/3414 4140/1716/3417 
f 4140/1716/3417 4309/1900/3585 4409/1904/3668 
f 4139/1715/3416 4209/1757/3485 4309/1901/3585 
f 4409/1904/3668 4309/1901/3585 4403/1901/3662 
f 4417/1680/3676 4418/1683/3677 4419/1682/3678 4420/1681/3679 
f 4113/1684/3391 4419/1682/3678 4418/1683/3677 4114/1005/3392 
f 4421/1685/3680 4422/1688/3681 4423/1687/3682 4424/1686/3683 
f 4119/1689/1731 4425/1692/3684 4426/1691/3685 4120/1690/3397 
f 4114/1693/3392 4418/1696/3677 4427/1695/3686 4123/1694/3400 
f 4428/1697/3687 4429/1699/3688 4417/1698/3676 
f 4429/1699/3688 4427/1695/3686 4418/1696/3677 4417/1698/3676 
f 4424/1700/3683 4430/1703/3689 4431/1702/3690 4421/1701/3680 
f 4430/1703/3689 4432/1705/3691 4433/1704/3692 4431/1702/3690 
f 4432/1705/3691 4434/1707/3693 4435/1706/3694 4433/1704/3692 
f 4434/1707/3693 4428/1709/3687 4436/1708/3695 4435/1706/3694 
f 4428/1709/3687 4417/1680/3676 4437/1710/3696 4436/1708/3695 
f 4437/1710/3696 4417/1680/3676 4420/1681/3679 
f 4438/1711/3697 4439/1714/3698 4440/1713/3699 4441/1712/3700 
f 4441/1712/3700 4440/1713/3699 4442/1716/3701 4443/1715/3702 
f 4141/1694/3418 4444/1717/3703 4445/1717/3704 4142/1694/3419 
f 4142/1694/3419 4445/1717/3704 4446/1717/3705 4145/1718/3422 
f 4444/1717/3703 4447/1719/3706 4448/1719/3707 4445/1717/3704 
f 4445/1717/3704 4448/1719/3707 4449/1719/3708 4446/1717/3705 
f 4448/1719/3707 4450/1720/3709 4451/1720/3710 4449/1719/3708 
f 4447/1719/3706 4452/1720/3711 4450/1720/3709 4448/1719/3707 
f 4452/1720/3711 4453/1721/3712 4454/1721/3713 4450/1720/3709 
f 4450/1720/3709 4454/1721/3713 4455/1721/3714 4451/1720/3710 
f 4453/1721/3712 4456/1722/3715 4457/1722/3716 4454/1721/3713 
f 4454/1721/3713 4457/1722/3716 4458/1722/3717 4455/1721/3714 
f 4457/1722/3716 4459/1723/3718 4460/1723/3719 4458/1722/3717 
f 4456/1722/3715 4461/1723/3720 4459/1723/3718 4457/1722/3716 
f 4459/1723/3718 4441/1712/3700 4443/1715/3702 4460/1723/3719 
f 4461/1723/3720 4438/1711/3697 4441/1712/3700 4459/1723/3718 
f 4462/1724/3721 4423/1687/3682 4463/1726/3722 4464/1725/3723 
f 4165/1694/3442 4465/1717/3724 4466/1717/3725 4166/1694/3443 
f 4465/1717/3724 4467/1719/3726 4468/1719/3727 4466/1717/3725 
f 4467/1719/3726 4469/1720/3728 4470/1720/3729 4468/1719/3727 
f 4469/1720/3728 4471/1721/3730 4472/1721/3731 4470/1720/3729 
f 4471/1721/3730 4473/1722/3732 4474/1722/3733 4472/1721/3731 
f 4473/1722/3732 4475/1723/3734 4476/1723/3735 4474/1722/3733 
f 4475/1723/3734 4462/1724/3721 4464/1725/3723 4476/1723/3735 
f 4424/1686/3683 4423/1687/3682 4462/1724/3721 
f 4123/1694/3400 4427/1695/3686 4465/1717/3724 4165/1694/3442 
f 4427/1695/3686 4429/1699/3688 4467/1719/3726 4465/1717/3724 
f 4429/1699/3688 4428/1697/3687 4469/1720/3728 4467/1719/3726 
f 4428/1697/3687 4434/1721/3693 4471/1721/3730 4469/1720/3728 
f 4434/1721/3693 4432/1722/3691 4473/1722/3732 4471/1721/3730 
f 4432/1722/3691 4430/1723/3689 4475/1723/3734 4473/1722/3732 
f 4430/1723/3689 4424/1686/3683 4462/1724/3721 4475/1723/3734 
f 4476/1723/3735 4477/1727/3736 4461/1723/3720 
f 4476/1723/3735 4464/1725/3723 4477/1727/3736 
f 4472/1721/3731 4474/1722/3733 4456/1722/3715 4453/1721/3712 
f 4474/1722/3733 4476/1723/3735 4461/1723/3720 4456/1722/3715 
f 4470/1720/3729 4472/1721/3731 4453/1721/3712 4452/1720/3711 
f 4466/1717/3725 4468/1719/3727 4447/1719/3706 4444/1717/3703 
f 4468/1719/3727 4470/1720/3729 4452/1720/3711 4447/1719/3706 
f 4166/1694/3443 4466/1717/3725 4444/1717/3703 4141/1694/3418 
f 4477/1727/3736 4478/1728/3737 4439/1714/3698 4438/1711/3697 
f 4461/1723/3720 4477/1727/3736 4438/1711/3697 
f 4463/1726/3722 4478/1728/3737 4477/1727/3736 4464/1725/3723 
f 4181/1729/1731 4479/1730/3738 4425/1692/3684 4119/1689/1731 
f 4183/1731/3459 4480/1732/3739 4479/1730/3738 4181/1729/1731 
f 4185/1733/3461 4481/1736/3740 4482/1735/3741 4186/1734/3462 
f 4186/1734/3462 4482/1735/3741 4483/1738/3742 4189/1737/3465 
f 4484/1739/3743 4485/1742/3744 4486/1741/3745 4487/1740/3746 
f 4487/1740/3746 4486/1741/3745 4488/1744/3747 4489/1743/3748 
f 4485/1742/3744 4490/1746/3749 4491/1745/3750 4486/1741/3745 
f 4486/1741/3745 4491/1745/3750 4492/1747/3751 4488/1744/3747 
f 4491/1745/3750 4493/1749/3752 4494/1748/3753 4492/1747/3751 
f 4490/1746/3749 4495/1750/3754 4493/1749/3752 4491/1745/3750 
f 4493/1749/3752 4496/1752/3755 4497/1751/3756 4494/1748/3753 
f 4495/1750/3754 4498/1753/3757 4496/1752/3755 4493/1749/3752 
f 4498/1753/3757 4499/1755/3758 4500/1754/3759 4496/1752/3755 
f 4496/1752/3755 4500/1754/3759 4501/1756/3760 4497/1751/3756 
f 4500/1754/3759 4482/1735/3741 4481/1736/3740 4501/1756/3760 
f 4499/1755/3758 4483/1738/3742 4482/1735/3741 4500/1754/3759 
f 4484/1739/3743 4426/1691/3685 4425/1692/3684 4485/1742/3744 
f 4485/1742/3744 4425/1692/3684 4479/1730/3738 4490/1746/3749 
f 4490/1746/3749 4479/1730/3738 4480/1732/3739 4495/1750/3754 
f 4495/1750/3754 4480/1732/3739 4499/1755/3758 4498/1753/3757 
f 4480/1732/3739 4483/1738/3742 4499/1755/3758 
f 4189/1737/3465 4483/1738/3742 4480/1732/3739 4183/1731/3459 
f 4460/1723/3719 4502/1757/3761 4489/1743/3748 4488/1744/3747 
f 4460/1723/3719 4443/1715/3702 4502/1757/3761 
f 4455/1721/3714 4458/1722/3717 4492/1747/3751 4494/1748/3753 
f 4458/1722/3717 4460/1723/3719 4488/1744/3747 4492/1747/3751 
f 4446/1717/3705 4449/1719/3708 4501/1756/3760 4481/1736/3740 
f 4449/1719/3708 4451/1720/3710 4497/1751/3756 4501/1756/3760 
f 4451/1720/3710 4455/1721/3714 4494/1748/3753 4497/1751/3756 
f 4145/1718/3422 4446/1717/3705 4481/1736/3740 4185/1733/3461 
f 4210/1758/3486 4503/1761/3762 4504/1760/3763 4211/1759/3487 
f 4211/1759/3487 4504/1760/3763 4505/1763/3764 4214/1762/3490 
f 4216/1764/3492 4506/1767/3765 4507/1766/3766 4217/1765/3493 
f 4217/1765/3493 4507/1766/3766 4508/1769/3767 4220/1768/3496 
f 4507/1766/3766 4509/1771/3768 4510/1770/3769 4508/1769/3767 
f 4506/1767/3765 4511/1772/3770 4509/1771/3768 4507/1766/3766 
f 4511/1773/3770 4512/1776/3771 4513/1775/3772 4509/1774/3768 
f 4509/1774/3768 4513/1775/3772 4514/1777/3773 4510/1770/3769 
f 4513/1775/3772 4515/1779/3774 4516/1778/3775 4514/1777/3773 
f 4512/1776/3771 4517/1780/3776 4515/1779/3774 4513/1775/3772 
f 4517/1781/3776 4518/1784/3777 4519/1783/3778 4515/1782/3774 
f 4515/1782/3774 4519/1783/3778 4520/1785/3779 4516/1778/3775 
f 4519/1783/3778 4521/1787/3780 4522/1786/3781 4520/1785/3779 
f 4518/1784/3777 4523/1788/3782 4521/1787/3780 4519/1783/3778 
f 4524/1789/3783 4525/1792/3784 4526/1791/3785 4527/1790/3786 
f 4527/1790/3786 4526/1791/3785 4528/1794/3787 4529/1793/3788 
f 4526/1791/3785 4530/1796/3789 4531/1795/3790 4528/1794/3787 
f 4525/1792/3784 4532/1797/3791 4530/1796/3789 4526/1791/3785 
f 4529/1798/3788 4533/1801/3792 4534/1800/3793 4527/1799/3786 
f 4527/1799/3786 4534/1800/3793 4535/1803/3794 4524/1802/3783 
f 4534/1800/3793 4536/1805/3795 4537/1804/3796 4535/1803/3794 
f 4533/1801/3792 4538/1806/3797 4536/1805/3795 4534/1800/3793 
f 4539/1807/3798 4540/1810/3799 4541/1809/3800 4542/1808/3801 
f 4542/1808/3801 4541/1809/3800 4543/1812/3802 4544/1811/3803 
f 4541/1809/3800 4521/1814/3780 4523/1813/3782 4543/1812/3802 
f 4540/1810/3799 4522/1786/3781 4521/1814/3780 4541/1809/3800 
f 4544/1815/3803 4545/1818/3804 4546/1817/3805 4542/1816/3801 
f 4542/1816/3801 4546/1817/3805 4547/1819/3806 4539/1807/3798 
f 4546/1817/3805 4530/1820/3789 4532/1797/3791 4547/1819/3806 
f 4545/1818/3804 4531/1821/3790 4530/1820/3789 4546/1817/3805 
f 4510/1770/3769 4548/1822/3807 4508/1769/3767 
f 4508/1769/3767 4548/1822/3807 4262/1823/3538 4220/1768/3496 
f 4549/1824/3808 4514/1777/3773 4516/1778/3775 
f 4549/1824/3808 4548/1822/3807 4510/1770/3769 4514/1777/3773 
f 4420/1681/3679 4419/1682/3678 4548/1822/3807 4549/1824/3808 
f 4524/1802/3783 4535/1803/3794 4550/1826/3809 4551/1825/3810 
f 4551/1825/3810 4550/1826/3809 4422/1688/3681 4421/1685/3680 
f 4535/1803/3794 4537/1804/3796 4550/1826/3809 
f 4431/1702/3690 4433/1704/3692 4552/1828/3811 4553/1827/3812 
f 4553/1827/3812 4552/1828/3811 4547/1819/3806 4532/1797/3791 
f 4552/1828/3811 4554/1829/3813 4539/1807/3798 4547/1819/3806 
f 4433/1704/3692 4435/1706/3694 4554/1829/3813 4552/1828/3811 
f 4421/1701/3680 4431/1702/3690 4553/1827/3812 4551/1830/3810 
f 4551/1830/3810 4553/1827/3812 4525/1792/3784 4524/1789/3783 
f 4525/1792/3784 4553/1827/3812 4532/1797/3791 
f 4436/1708/3695 4437/1710/3696 4555/1832/3814 4556/1831/3815 
f 4556/1831/3815 4555/1832/3814 4520/1785/3779 4522/1786/3781 
f 4555/1832/3814 4549/1824/3808 4516/1778/3775 4520/1785/3779 
f 4437/1710/3696 4420/1681/3679 4549/1824/3808 4555/1832/3814 
f 4554/1829/3813 4540/1810/3799 4539/1807/3798 
f 4554/1829/3813 4556/1831/3815 4522/1786/3781 4540/1810/3799 
f 4435/1706/3694 4436/1708/3695 4556/1831/3815 4554/1829/3813 
f 4216/1833/3492 4272/1836/3548 4557/1835/3816 4506/1834/3765 
f 4506/1834/3765 4557/1835/3816 4511/1837/3770 
f 4272/1836/3548 4274/977/3550 4558/1011/3817 4557/1835/3816 
f 4511/1838/3770 4557/1841/3816 4559/1840/3818 4512/1839/3771 
f 4512/1839/3771 4559/1840/3818 4517/1842/3776 
f 4557/1841/3816 4558/977/3817 4560/1011/3819 4559/1840/3818 
f 4529/1843/3788 4561/1845/3820 4533/1844/3792 
f 4533/1844/3792 4561/1845/3820 4504/1847/3763 4538/1846/3797 
f 4561/1845/3820 4562/1398/3821 4505/995/3764 4504/1847/3763 
f 4544/1848/3803 4563/1850/3822 4545/1849/3804 
f 4545/1849/3804 4563/1850/3822 4564/1852/3823 4531/1851/3790 
f 4563/1850/3822 4565/1398/3824 4566/995/3825 4564/1852/3823 
f 4531/1853/3790 4564/1855/3823 4528/1854/3787 
f 4528/1854/3787 4564/1855/3823 4561/1857/3820 4529/1856/3788 
f 4564/1855/3823 4566/1398/3825 4562/995/3821 4561/1857/3820 
f 4517/1858/3776 4559/1861/3818 4567/1860/3826 4518/1859/3777 
f 4518/1859/3777 4567/1860/3826 4523/1862/3782 
f 4559/1861/3818 4560/977/3819 4568/1011/3827 4567/1860/3826 
f 4523/1863/3782 4567/1866/3826 4563/1865/3822 4543/1864/3802 
f 4543/1864/3802 4563/1865/3822 4544/1867/3803 
f 4567/1866/3826 4568/977/3827 4565/1011/3824 4563/1865/3822 
f 4538/1868/3797 4504/1760/3763 4503/1761/3762 
f 4274/973/3550 4286/974/3562 4569/1869/3828 4558/1037/3817 
f 4286/974/3562 4288/977/3564 4570/1011/3829 4569/1869/3828 
f 4558/973/3817 4569/1870/3828 4560/1037/3819 
f 4562/1871/3821 4571/1872/3830 4572/1006/3831 4505/953/3764 
f 4571/1873/3830 4573/1876/3832 4574/1875/3833 4572/1874/3831 
f 4565/1871/3824 4575/1872/3834 4571/1006/3830 4566/953/3825 
f 4575/1877/3834 4576/1871/3835 4571/1878/3830 
f 4566/1871/3825 4571/1879/3830 4562/953/3821 
f 4560/973/3819 4569/974/3828 4575/1869/3834 4568/1037/3827 
f 4569/974/3828 4570/977/3829 4576/1011/3835 4575/1869/3834 
f 4568/973/3827 4575/1870/3834 4565/1037/3824 
f 4505/1871/3764 4572/1872/3831 4295/1006/3571 4214/953/3490 
f 4296/1880/3572 4577/1883/3836 4578/1882/3837 4297/1881/3573 
f 4577/1884/3836 4579/1887/3838 4580/1886/3839 4578/1885/3837 
f 4574/1875/3833 4573/1876/3832 4581/1889/3840 4582/1888/3841 
f 4574/1890/3833 4304/1893/3580 4295/1892/3571 4572/1891/3831 
f 4582/1894/3841 4305/1895/3581 4304/1893/3580 4574/1890/3833 
f 4573/1896/3832 4580/1899/3839 4579/1898/3838 4581/1897/3840 
f 4288/973/3564 4297/1881/3573 4578/1882/3837 4570/1037/3829 
f 4570/973/3829 4578/1885/3837 4580/1886/3839 4576/1037/3835 
f 4305/977/3581 4582/977/3841 4583/977/3842 4306/977/3582 
f 4306/977/3582 4583/977/3842 4308/977/3584 
f 4582/977/3841 4581/977/3840 4583/977/3842 
f 4583/977/3842 4581/977/3840 4579/977/3838 
f 4583/977/3842 4579/977/3838 4308/977/3584 
f 4579/977/3838 4577/977/3836 4308/977/3584 
f 4308/977/3584 4577/977/3836 4296/977/3572 
f 4571/1878/3830 4576/1871/3835 4580/1899/3839 4573/1896/3832 
f 4548/1822/3807 4113/1684/3391 4262/1823/3538 
f 4548/1822/3807 4419/1682/3678 4113/1684/3391 
f 4443/1715/3702 4442/1716/3701 4584/1900/3843 
f 4585/1901/3844 4586/1904/3845 4587/1903/3846 4588/1902/3847 
f 4589/1905/3848 4590/1906/3849 4587/1903/3846 
f 4590/1906/3849 4588/1902/3847 4587/1903/3846 
f 4591/1907/3850 4592/1910/3851 4593/1909/3852 4594/1908/3853 
f 4592/1911/3851 4595/1914/3854 4596/1913/3855 4593/1912/3852 
f 4597/973/3856 4598/1005/3857 4324/1916/3600 4323/1915/3599 
f 4324/1916/3600 4598/1005/3857 4599/953/3858 4326/1917/3602 
f 4328/1918/3604 4595/1871/3854 4597/953/3856 4323/1919/3599 
f 4329/1920/3605 4596/1922/3855 4595/953/3854 4328/1921/3604 
f 4593/1909/3852 4587/1903/3846 4586/1904/3845 4594/1908/3853 
f 4596/1913/3855 4589/1905/3848 4587/1903/3846 4593/1912/3852 
f 4589/973/3848 4596/1922/3855 4329/1920/3605 4330/1923/3606 
f 4331/1924/3607 4600/1927/3859 4601/1926/3860 4332/1925/3608 
f 4332/1925/3608 4601/1926/3860 4602/1929/3861 4335/1928/3611 
f 4600/1927/3859 4603/1931/3862 4604/1930/3863 4601/1926/3860 
f 4601/1926/3860 4604/1930/3863 4605/1932/3864 4602/1929/3861 
f 4604/1930/3863 4606/1934/3865 4607/1933/3866 4605/1932/3864 
f 4603/1931/3862 4608/1935/3867 4606/1934/3865 4604/1930/3863 
f 4608/1935/3867 4609/1937/3868 4610/1936/3869 4606/1934/3865 
f 4606/1934/3865 4610/1936/3869 4611/1938/3870 4607/1933/3866 
f 4602/1929/3861 4612/1940/3871 4346/1939/3622 4335/1928/3611 
f 4346/1939/3622 4612/1940/3871 4589/1905/3848 4330/1941/3606 
f 4608/1935/3867 4613/1943/3872 4614/1942/3873 4609/1937/3868 
f 4611/1938/3870 4615/1945/3874 4616/1944/3875 4607/1933/3866 
f 4615/1945/3874 4585/1901/3844 4588/1902/3847 4616/1944/3875 
f 4352/1690/3397 4617/1946/3876 4613/1943/3872 4353/1925/3628 
f 4353/1925/3628 4613/1943/3872 4600/1927/3859 4331/1924/3607 
f 4600/1927/3859 4613/1943/3872 4603/1931/3862 
f 4603/1931/3862 4613/1943/3872 4608/1935/3867 
f 4588/1902/3847 4590/1906/3849 4618/1947/3877 4616/1944/3875 
f 4616/1944/3875 4618/1947/3877 4605/1932/3864 4607/1933/3866 
f 4618/1947/3877 4612/1940/3871 4602/1929/3861 4605/1932/3864 
f 4590/1906/3849 4589/1905/3848 4612/1940/3871 4618/1947/3877 
f 4356/1948/3631 4619/1951/3878 4620/1950/3879 4357/1949/3632 
f 4326/1952/3602 4599/953/3858 4621/1954/3880 4360/1953/3635 
f 4360/1953/3635 4621/1954/3880 4619/1951/3878 4356/1948/3631 
f 4622/1955/3881 4614/1942/3873 4613/1943/3872 4617/1946/3876 
f 4594/1908/3853 4623/1908/3882 4624/1907/3883 4591/1907/3850 
f 4586/1904/3845 4625/1904/3884 4623/1908/3882 4594/1908/3853 
f 4597/973/3856 4626/973/3885 4627/1005/3886 4598/1005/3857 
f 4598/1005/3857 4627/1005/3886 4628/953/3887 4599/953/3858 
f 4619/1951/3878 4629/1951/3888 4630/1950/3889 4620/1950/3879 
f 4599/953/3858 4628/953/3887 4631/1954/3890 4621/1954/3880 
f 4621/1954/3880 4631/1954/3890 4629/1951/3888 4619/1951/3878 
f 4632/1950/3891 4375/1950/1795 4374/1950/1795 4633/1950/3892 
f 4597/973/3856 4595/973/3854 4592/973/3851 4626/973/3885 
f 4634/1005/3893 4635/973/3894 4636/973/3894 4637/1005/3893 
f 4638/953/3895 4634/1005/3893 4637/1005/3893 4639/953/3895 
f 4640/1950/3889 4641/1951/3896 4642/1951/3896 4643/1950/3889 
f 4644/1954/3890 4638/953/3895 4639/953/3895 4645/1954/3890 
f 4641/1951/3896 4644/1954/3890 4645/1954/3890 4642/1951/3896 
f 4640/1950/3889 4389/1950/1795 4388/1950/1795 4630/1950/3889 
f 4635/973/3894 4591/973/3850 4624/973/3883 4636/973/3894 
f 4627/1005/3886 4626/973/3885 4635/973/3894 4634/1005/3893 
f 4628/953/3887 4627/1005/3886 4634/1005/3893 4638/953/3895 
f 4630/1950/3889 4629/1951/3888 4641/1951/3896 4640/1950/3889 
f 4631/1954/3890 4628/953/3887 4638/953/3895 4644/1954/3890 
f 4629/1951/3888 4631/1954/3890 4644/1954/3890 4641/1951/3896 
f 4626/973/3885 4592/973/3851 4591/973/3850 4635/973/3894 
f 4630/1950/3889 4388/1950/1795 4357/1950/3632 4620/1950/3879 
f 4585/1901/3844 4646/1901/3897 4625/1904/3884 4586/1904/3845 
f 4610/1936/3869 4647/1936/3898 4648/1938/3899 4611/1938/3870 
f 4611/1938/3870 4648/1938/3899 4649/1956/3900 4615/1945/3874 
f 4615/1945/3874 4649/1956/3900 4646/1901/3897 4585/1901/3844 
f 4624/1907/3883 4623/1908/3882 4650/1908/3901 4651/1907/3883 
f 4623/1908/3882 4625/1904/3884 4652/1904/3902 4650/1908/3901 
f 4643/1950/3889 4397/1950/1795 4389/1950/1795 4640/1950/3889 
f 4637/1005/3893 4636/973/3894 4653/973/3894 4654/1005/3893 
f 4639/953/3895 4637/1005/3893 4654/1005/3893 4655/953/3903 
f 4643/1950/3889 4642/1951/3896 4656/1951/3904 4633/1950/3892 
f 4645/1954/3890 4639/953/3895 4655/953/3903 4657/1954/3905 
f 4642/1951/3896 4645/1954/3890 4657/1954/3905 4656/1951/3904 
f 4636/973/3894 4624/973/3883 4651/973/3883 4653/973/3894 
f 4625/1904/3884 4646/1901/3897 4658/1901/3906 4652/1904/3902 
f 4648/1938/3899 4647/1936/3898 4659/1936/3907 4660/1938/3908 
f 4649/1956/3900 4648/1938/3899 4660/1938/3908 4661/1956/3909 
f 4646/1901/3897 4649/1956/3900 4661/1956/3909 4658/1901/3906 
f 4647/1936/3898 4610/1936/3869 4609/1937/3868 4614/1942/3873 
f 4633/1950/3892 4374/1950/1795 4397/1950/1795 4643/1950/3889 
f 4651/1907/3883 4650/1908/3901 4662/1908/3910 4663/1907/3911 
f 4650/1908/3901 4652/1904/3902 4664/1904/3912 4662/1908/3910 
f 4654/1005/3893 4653/973/3894 4665/973/3913 4666/1005/3914 
f 4655/953/3903 4654/1005/3893 4666/1005/3914 4667/953/3915 
f 4633/1950/3892 4656/1951/3904 4668/1951/3916 4632/1950/3891 
f 4669/1957/3917 4655/953/3903 4667/953/3915 
f 4656/1951/3904 4657/1954/3905 4670/1954/3918 4671/1958/3919 
f 4653/973/3894 4651/973/3883 4663/973/3911 4665/973/3913 
f 4652/1904/3902 4658/1901/3906 4664/1904/3912 
f 4660/1938/3908 4659/1936/3907 4487/1936/3746 4489/1938/3748 
f 4661/1956/3909 4660/1938/3908 4489/1938/3748 4502/1945/3761 
f 4658/1901/3906 4661/1956/3909 4502/1945/3761 4584/1901/3843 
f 4647/1936/3898 4614/1942/3873 4622/1955/3881 4659/1936/3907 
f 4352/1690/3397 4120/1690/3397 4426/1946/3685 4617/1946/3876 
f 4617/1946/3876 4426/1946/3685 4484/1955/3743 4622/1955/3881 
f 4622/1955/3881 4484/1955/3743 4487/1936/3746 4659/1936/3907 
f 4210/1758/3486 4375/1950/1795 4632/1950/3891 4503/1761/3762 
f 4503/1761/3762 4632/1950/3891 4536/1805/3795 4538/1868/3797 
f 4536/1805/3795 4632/1805/3891 4668/1804/3916 4537/1804/3796 
f 4656/1951/3904 4671/1958/3919 4668/1951/3916 
f 4537/1804/3796 4668/1804/3916 4671/1958/3919 4550/1826/3809 
f 4670/1954/3918 4422/1688/3681 4550/1826/3809 4671/1958/3919 
f 4655/953/3903 4669/1957/3917 4670/1954/3918 4657/1954/3905 
f 4422/1688/3681 4670/1954/3918 4669/1957/3917 4423/1687/3682 
f 4667/953/3915 4463/1726/3722 4423/1687/3682 4669/1957/3917 
f 4463/1726/3722 4667/953/3915 4666/1005/3914 4478/1728/3737 
f 4665/973/3913 4439/1714/3698 4478/1728/3737 4666/1005/3914 
f 4663/973/3911 4439/1714/3698 4665/973/3913 
f 4439/1714/3698 4663/973/3911 4662/1908/3910 4440/1713/3699 
f 4664/1904/3912 4442/1716/3701 4440/1713/3699 4662/1908/3910 
f 4442/1716/3701 4664/1904/3912 4584/1900/3843 
f 4443/1715/3702 4584/1901/3843 4502/1757/3761 
f 4664/1904/3912 4658/1901/3906 4584/1901/3843 
# 2162 polygons - 206 triangles

#
# object JailProp_Desk001
#

v  1.7747 0.8276 1.8484
v  2.8478 0.8276 1.8484
v  2.8478 0.8276 1.7686
v  1.7747 0.8276 1.7686
v  1.7747 0.7509 1.8484
v  2.8478 0.7509 1.8484
v  2.9385 0.7509 1.8484
v  2.9385 0.7509 1.7686
v  2.9385 0.8276 1.7686
v  2.9385 0.8276 1.8484
v  1.6840 0.7509 0.6390
v  1.6840 0.7509 1.7686
v  1.6840 0.8276 1.7686
v  1.6840 0.8276 0.6390
v  1.7747 0.7509 0.6390
v  2.8478 0.7509 0.6390
v  2.8478 0.7509 1.7686
v  1.7747 0.7509 1.7686
v  2.8478 0.8276 0.6390
v  1.7747 0.8276 0.6390
v  2.9385 0.7509 0.6390
v  2.9385 0.8276 0.6390
v  1.6840 0.7509 1.8484
v  1.6840 0.8276 1.8484
v  2.8478 0.0000 1.7686
v  2.9385 0.0000 1.7686
v  2.9385 0.0000 1.8484
v  2.8478 0.0000 1.8484
v  1.7747 0.0000 1.8484
v  1.6840 0.0000 1.8484
v  1.6840 0.0000 1.7686
v  1.7747 0.0000 1.7686
v  1.7747 0.8276 -0.5704
v  1.7747 0.8276 -0.4906
v  2.8478 0.8276 -0.4906
v  2.8478 0.8276 -0.5704
v  1.7747 0.7509 -0.5704
v  2.8478 0.7509 -0.5704
v  2.9385 0.7509 -0.5704
v  2.9385 0.8276 -0.5704
v  2.9385 0.8276 -0.4906
v  2.9385 0.7509 -0.4906
v  1.6840 0.8276 -0.4906
v  1.6840 0.7509 -0.4906
v  1.7747 0.7509 -0.4906
v  2.8478 0.7509 -0.4906
v  1.6840 0.8276 -0.5704
v  1.6840 0.7509 -0.5704
v  2.8478 0.0000 -0.4906
v  2.8478 0.0000 -0.5704
v  2.9385 0.0000 -0.5704
v  2.9385 0.0000 -0.4906
v  1.7747 0.0000 -0.5704
v  1.7747 0.0000 -0.4906
v  1.6840 0.0000 -0.4906
v  1.6840 0.0000 -0.5704
# 56 vertices

vn 0.0000 0.7071 0.7071
vn 0.0000 1.0000 -0.0000
vn 0.3015 -0.3015 0.9045
vn -0.3015 -0.3015 0.9045
vn 0.7071 0.0000 0.7071
vn 0.9045 -0.3015 -0.3015
vn 0.7071 0.7071 -0.0000
vn 0.5774 0.5774 0.5774
vn -0.7071 -0.7071 -0.0000
vn -0.9045 -0.3015 -0.3015
vn -0.7071 0.7071 -0.0000
vn 0.0000 -1.0000 -0.0000
vn -0.3015 -0.9045 -0.3015
vn 0.3015 -0.9045 -0.3015
vn 0.7071 -0.7071 -0.0000
vn -0.7071 0.0000 0.7071
vn -0.5774 0.5774 0.5774
vn -0.5774 -0.5774 -0.5773
vn 0.5774 -0.5774 -0.5774
vn 0.5774 -0.5774 0.5774
vn -0.5774 -0.5774 0.5774
vn 0.5774 -0.5774 0.5773
vn -0.5774 -0.5774 -0.5774
vn 0.0000 0.7071 -0.7071
vn 0.3015 -0.3015 -0.9045
vn -0.3015 -0.3015 -0.9045
vn 0.7071 0.0000 -0.7071
vn 0.5774 0.5774 -0.5774
vn 0.9045 -0.3015 0.3015
vn -0.9045 -0.3015 0.3015
vn 0.3015 -0.9045 0.3015
vn -0.3015 -0.9045 0.3015
vn -0.5774 0.5774 -0.5774
vn -0.7071 0.0000 -0.7071
vn -0.5774 -0.5774 0.5773
vn 0.5774 -0.5774 -0.5773
# 36 vertex normals

vt 0.0723 0.0000 0.0000
vt 0.9277 0.0000 0.0000
vt 0.9277 0.0425 0.0000
vt 0.0723 0.0425 0.0000
vt 0.9277 1.0000 0.0000
vt 0.0723 1.0000 0.0000
vt 0.0000 0.0000 0.0000
vt 0.0425 0.0000 0.0000
vt 0.0425 1.0000 0.0000
vt 0.0000 1.0000 0.0000
vt 0.5000 0.0000 0.0000
vt 0.9575 0.0000 0.0000
vt 0.9575 1.0000 0.0000
vt 0.5000 1.0000 0.0000
vt 0.9277 0.5000 0.0000
vt 0.0723 0.5000 0.0000
vt 1.0000 0.0000 0.0000
vt 1.0000 1.0000 0.0000
vt 0.8913 0.0000 0.0000
vt 0.1087 0.0000 0.0000
vt 1.0000 0.0425 0.0000
vt 0.0000 0.0425 0.0000
vt 0.0000 0.5000 0.0000
vt 1.0000 0.5000 0.0000
# 24 texture coords

o JailProp_Desk001
g JailProp_Desk001
usemtl Material__65
s 4
f 4672/1959/3920 4673/1960/3920 4674/1961/3921 4675/1962/3921 
s 8
f 4676/1959/3922 4677/1960/3923 4673/1963/3920 4672/1964/3920 
s 16
f 4678/1965/3924 4679/1966/3925 4680/1967/3926 4681/1968/3927 
s 64
f 4682/1969/3928 4683/1970/3929 4684/1971/3930 4685/1972/3930 
s 2
f 4686/1973/3931 4687/1974/3931 4688/1962/3932 4689/1961/3933 
s 4
f 4690/1973/3921 4691/1974/3921 4675/1962/3921 4674/1961/3921 
s 16
f 4679/1966/3925 4692/1969/3934 4693/1972/3926 4680/1967/3926 
s 64
f 4683/1970/3929 4694/1975/3935 4695/1976/3936 4684/1971/3930 
s off
f 4689/1977/3933 4688/1978/3932 4677/1965/3923 4676/1965/3922 
s 4
f 4673/1960/3920 4681/1975/3927 4680/1979/3926 4674/1961/3921 
f 4675/1962/3921 4684/1980/3930 4695/1965/3936 4672/1959/3920 
s 8
f 4677/1960/3923 4678/1975/3924 4681/1976/3927 4673/1963/3920 
f 4672/1964/3920 4695/1968/3936 4694/1965/3935 4676/1959/3922 
s 2
f 4687/1974/3931 4692/1981/3934 4679/1980/3925 4688/1962/3932 
f 4689/1961/3933 4683/1979/3929 4682/1982/3928 4686/1973/3931 
s 4
f 4691/1974/3921 4685/1981/3930 4684/1980/3930 4675/1962/3921 
f 4674/1961/3921 4680/1979/3926 4693/1982/3926 4690/1973/3921 
s off
f 4696/1978/3937 4697/1966/3938 4698/1965/3939 4699/1965/3940 
f 4700/1965/3941 4701/1965/3940 4702/1970/3942 4703/1977/3938 
s 16
f 4679/1966/3925 4678/1965/3924 4698/1965/3939 4697/1966/3938 
s 8
f 4678/1965/3924 4677/1965/3923 4699/1965/3940 4698/1965/3939 
s off
f 4677/1965/3923 4688/1978/3932 4696/1978/3937 4699/1965/3940 
f 4688/1978/3932 4679/1966/3925 4697/1966/3938 4696/1978/3937 
s 64
f 4694/1965/3935 4683/1970/3929 4702/1970/3942 4701/1965/3940 
s off
f 4683/1970/3929 4689/1977/3933 4703/1977/3938 4702/1970/3942 
f 4689/1977/3933 4676/1965/3922 4700/1965/3941 4703/1977/3938 
s 8
f 4676/1965/3922 4694/1965/3935 4701/1965/3940 4700/1965/3941 
s 4
f 4704/1959/3943 4705/1962/3921 4706/1961/3921 4707/1960/3943 
s 8
f 4708/1959/3944 4704/1964/3943 4707/1963/3943 4709/1960/3945 
s 16
f 4710/1965/3946 4711/1968/3947 4712/1967/3926 4713/1966/3948 
s 64
f 4682/1969/3928 4685/1972/3930 4714/1971/3930 4715/1970/3949 
s 2
f 4686/1973/3931 4716/1961/3950 4717/1962/3951 4687/1974/3931 
s 4
f 4690/1973/3921 4706/1961/3921 4705/1962/3921 4691/1974/3921 
s 16
f 4713/1966/3948 4712/1967/3926 4693/1972/3926 4692/1969/3934 
s 64
f 4715/1970/3949 4714/1971/3930 4718/1976/3952 4719/1975/3953 
s off
f 4716/1977/3950 4708/1965/3944 4709/1965/3945 4717/1978/3951 
s 4
f 4707/1960/3943 4706/1961/3921 4712/1979/3926 4711/1975/3947 
f 4705/1962/3921 4704/1959/3943 4718/1965/3952 4714/1980/3930 
s 8
f 4709/1960/3945 4707/1963/3943 4711/1976/3947 4710/1975/3946 
f 4704/1964/3943 4708/1959/3944 4719/1965/3953 4718/1968/3952 
s 2
f 4687/1974/3931 4717/1962/3951 4713/1980/3948 4692/1981/3934 
f 4716/1961/3950 4686/1973/3931 4682/1982/3928 4715/1979/3949 
s 4
f 4691/1974/3921 4705/1962/3921 4714/1980/3930 4685/1981/3930 
f 4706/1961/3921 4690/1973/3921 4693/1982/3926 4712/1979/3926 
s off
f 4720/1978/3954 4721/1965/3942 4722/1965/3938 4723/1966/3939 
f 4724/1965/3955 4725/1977/3939 4726/1970/3940 4727/1965/3942 
s 16
f 4713/1966/3948 4723/1966/3939 4722/1965/3938 4710/1965/3946 
s 8
f 4710/1965/3946 4722/1965/3938 4721/1965/3942 4709/1965/3945 
s off
f 4709/1965/3945 4721/1965/3942 4720/1978/3954 4717/1978/3951 
f 4717/1978/3951 4720/1978/3954 4723/1966/3939 4713/1966/3948 
s 64
f 4719/1965/3953 4727/1965/3942 4726/1970/3940 4715/1970/3949 
s off
f 4715/1970/3949 4726/1970/3940 4725/1977/3939 4716/1977/3950 
f 4716/1977/3950 4725/1977/3939 4724/1965/3955 4708/1965/3944 
s 8
f 4708/1965/3944 4724/1965/3955 4727/1965/3942 4719/1965/3953 
# 54 polygons

