# 3ds Max Wavefront OBJ Exporter v0.99 - (c)2007 guruware
# File Created: 19.12.2025 09:55:25

mtllib Jail_Map.mtl

#
# object Jail_Map
#

v  -10.2040 0.0000 -16.2346
v  -10.4175 0.0000 -16.2346
v  -10.4175 0.0611 -16.2346
v  -10.2040 0.0611 -16.2346
v  -10.2040 0.0000 -7.0083
v  -10.2040 0.0611 -7.0083
v  -10.4175 0.0611 -7.0083
v  -10.4175 0.0000 -7.0083
v  -10.2040 0.0000 -16.1067
v  -10.4175 0.0000 -16.1067
v  -3.9927 0.0000 -16.2345
v  -3.9927 0.0611 -16.2345
v  -3.7792 0.0611 -16.2345
v  -3.7792 0.0000 -16.2345
v  -3.9927 0.0000 -7.0082
v  -3.7792 0.0000 -7.0082
v  -3.7792 0.0611 -7.0082
v  -3.9927 0.0611 -7.0082
v  -3.7792 0.0000 -16.1066
v  -3.9927 0.0000 -16.1066
v  -3.7151 4.6270 -16.3514
v  -3.7150 4.6270 -16.1066
v  -3.3833 4.6270 -16.1067
v  -3.3834 4.6270 -16.3515
v  -10.2040 4.2219 -7.0083
v  -10.4175 4.2219 -7.0083
v  -3.9927 4.2219 -16.2345
v  -3.7792 4.2219 -16.2345
v  -3.3833 0.0611 -6.8915
v  -3.3833 4.0796 -6.8915
v  -3.7150 4.0796 -6.8914
v  -3.7150 0.0611 -6.8914
v  -3.9927 0.0611 -7.1536
v  -10.2040 0.0611 -7.1537
v  -10.2040 0.0000 -7.1537
v  -10.4175 0.0000 -7.1537
v  -3.3833 -0.1169 -16.1067
v  -3.3833 -0.1169 -7.1537
v  -3.7150 -0.1169 -7.1536
v  -3.7150 -0.1169 -16.1066
v  -3.9927 4.5102 -16.1066
v  -3.9927 4.5102 -7.1536
v  -3.7792 4.5102 -7.1536
v  -3.7792 4.5102 -16.1066
v  -3.9927 0.0611 -16.1066
v  -3.9927 4.2219 -7.1536
v  -3.9927 4.2219 -16.1066
v  -3.9927 0.0000 -7.1536
v  -3.9927 4.5102 -16.2345
v  -10.2040 4.2219 -16.2346
v  -10.2040 4.5102 -16.2346
v  -10.2040 4.2219 -16.1067
v  -10.2040 0.0611 -16.1067
v  -3.3833 -0.1169 -6.8915
v  -3.7150 -0.1169 -6.8914
v  -3.9927 4.5102 -7.0082
v  -3.7792 4.5102 -7.0082
v  -3.9927 4.2219 -7.0082
v  -10.2040 4.5102 -7.0083
v  -10.4175 4.5102 -7.0083
v  -3.7792 4.5102 -16.2345
v  -3.3833 4.3995 -4.9294
v  -3.3833 4.6270 -4.9294
v  -3.7150 4.6270 -4.9293
v  -3.7150 4.3995 -4.9293
v  -10.2040 4.2219 -7.1537
v  -10.2040 4.5102 -16.1067
v  -10.2040 4.5102 -7.1537
v  -10.2564 2.9897 -7.1424
v  -3.9569 2.9897 -7.1424
v  -3.9569 2.9897 -7.0575
v  -10.2564 2.9897 -7.0575
v  -10.2564 3.0014 -7.1580
v  -10.2564 3.1204 -7.1580
v  -3.9569 3.1204 -7.1580
v  -3.9569 3.0014 -7.1580
v  -10.2564 3.1320 -7.1424
v  -10.2564 3.1320 -7.0575
v  -3.9569 3.1320 -7.0575
v  -3.9569 3.1320 -7.1424
v  -10.2564 3.1204 -7.0419
v  -10.2564 3.0014 -7.0419
v  -3.9569 3.0014 -7.0419
v  -3.9569 3.1204 -7.0419
v  -10.0393 0.0302 -7.0987
v  -10.0498 0.0302 -7.1242
v  -10.0498 4.3057 -7.1242
v  -10.0393 4.3057 -7.0987
v  -10.0753 0.0302 -7.1347
v  -10.0753 4.3057 -7.1347
v  -10.1008 0.0302 -7.1242
v  -10.1008 4.3057 -7.1242
v  -10.1113 0.0302 -7.0987
v  -10.1113 4.3057 -7.0987
v  -10.1008 0.0302 -7.0732
v  -10.1008 4.3057 -7.0732
v  -10.0753 0.0302 -7.0626
v  -10.0753 4.3057 -7.0626
v  -10.0498 0.0302 -7.0732
v  -10.0498 4.3057 -7.0732
v  -4.0393 0.0302 -7.0987
v  -4.0498 0.0302 -7.1242
v  -4.0498 4.3057 -7.1242
v  -4.0393 4.3057 -7.0987
v  -4.0753 0.0302 -7.1347
v  -4.0753 4.3057 -7.1347
v  -4.1008 0.0302 -7.1242
v  -4.1008 4.3057 -7.1242
v  -4.1113 0.0302 -7.0987
v  -4.1113 4.3057 -7.0987
v  -4.1008 0.0302 -7.0732
v  -4.1008 4.3057 -7.0732
v  -4.0753 0.0302 -7.0626
v  -4.0753 4.3057 -7.0626
v  -4.0498 0.0302 -7.0732
v  -4.0498 4.3057 -7.0732
v  -4.3393 0.0302 -7.0987
v  -4.3498 0.0302 -7.1242
v  -4.3498 4.3057 -7.1242
v  -4.3393 4.3057 -7.0987
v  -4.3753 0.0302 -7.1347
v  -4.3753 4.3057 -7.1347
v  -4.4008 0.0302 -7.1242
v  -4.4008 4.3057 -7.1242
v  -4.4113 0.0302 -7.0987
v  -4.4113 4.3057 -7.0987
v  -4.4008 0.0302 -7.0732
v  -4.4008 4.3057 -7.0732
v  -4.3753 0.0302 -7.0626
v  -4.3753 4.3057 -7.0626
v  -4.3498 0.0302 -7.0732
v  -4.3498 4.3057 -7.0732
v  -4.6393 0.0302 -7.0987
v  -4.6498 0.0302 -7.1242
v  -4.6498 4.3057 -7.1242
v  -4.6393 4.3057 -7.0987
v  -4.6753 0.0302 -7.1347
v  -4.6753 4.3057 -7.1347
v  -4.7008 0.0302 -7.1242
v  -4.7008 4.3057 -7.1242
v  -4.7113 0.0302 -7.0987
v  -4.7113 4.3057 -7.0987
v  -4.7008 0.0302 -7.0732
v  -4.7008 4.3057 -7.0732
v  -4.6753 0.0302 -7.0626
v  -4.6753 4.3057 -7.0626
v  -4.6498 0.0302 -7.0732
v  -4.6498 4.3057 -7.0732
v  -4.9393 0.0302 -7.0987
v  -4.9498 0.0302 -7.1242
v  -4.9498 4.3057 -7.1242
v  -4.9393 4.3057 -7.0987
v  -4.9753 0.0302 -7.1347
v  -4.9753 4.3057 -7.1347
v  -5.0008 0.0302 -7.1242
v  -5.0008 4.3057 -7.1242
v  -5.0113 0.0302 -7.0987
v  -5.0113 4.3057 -7.0987
v  -5.0008 0.0302 -7.0732
v  -5.0008 4.3057 -7.0732
v  -4.9753 0.0302 -7.0626
v  -4.9753 4.3057 -7.0626
v  -4.9498 0.0302 -7.0732
v  -4.9498 4.3057 -7.0732
v  -5.2393 0.0302 -7.0987
v  -5.2498 0.0302 -7.1242
v  -5.2498 4.3057 -7.1242
v  -5.2393 4.3057 -7.0987
v  -5.2753 0.0302 -7.1347
v  -5.2753 4.3057 -7.1347
v  -5.3008 0.0302 -7.1242
v  -5.3008 4.3057 -7.1242
v  -5.3113 0.0302 -7.0987
v  -5.3113 4.3057 -7.0987
v  -5.3008 0.0302 -7.0732
v  -5.3008 4.3057 -7.0732
v  -5.2753 0.0302 -7.0626
v  -5.2753 4.3057 -7.0626
v  -5.2498 0.0302 -7.0732
v  -5.2498 4.3057 -7.0732
v  -5.5393 0.0302 -7.0987
v  -5.5498 0.0302 -7.1242
v  -5.5498 4.3057 -7.1242
v  -5.5393 4.3057 -7.0987
v  -5.5753 0.0302 -7.1347
v  -5.5753 4.3057 -7.1347
v  -5.6008 0.0302 -7.1242
v  -5.6008 4.3057 -7.1242
v  -5.6113 0.0302 -7.0987
v  -5.6113 4.3057 -7.0987
v  -5.6008 0.0302 -7.0732
v  -5.6008 4.3057 -7.0732
v  -5.5753 0.0302 -7.0626
v  -5.5753 4.3057 -7.0626
v  -5.5498 0.0302 -7.0732
v  -5.5498 4.3057 -7.0732
v  -5.8393 0.0302 -7.0987
v  -5.8498 0.0302 -7.1242
v  -5.8498 4.3057 -7.1242
v  -5.8393 4.3057 -7.0987
v  -5.8753 0.0302 -7.1347
v  -5.8753 4.3057 -7.1347
v  -5.9008 0.0302 -7.1242
v  -5.9008 4.3057 -7.1242
v  -5.9113 0.0302 -7.0987
v  -5.9113 4.3057 -7.0987
v  -5.9008 0.0302 -7.0732
v  -5.9008 4.3057 -7.0732
v  -5.8753 0.0302 -7.0626
v  -5.8753 4.3057 -7.0626
v  -5.8498 0.0302 -7.0732
v  -5.8498 4.3057 -7.0732
v  -6.1393 0.0302 -7.0987
v  -6.1498 0.0302 -7.1242
v  -6.1498 4.3057 -7.1242
v  -6.1393 4.3057 -7.0987
v  -6.1753 0.0302 -7.1347
v  -6.1753 4.3057 -7.1347
v  -6.2008 0.0302 -7.1242
v  -6.2008 4.3057 -7.1242
v  -6.2113 0.0302 -7.0987
v  -6.2113 4.3057 -7.0987
v  -6.2008 0.0302 -7.0732
v  -6.2008 4.3057 -7.0732
v  -6.1753 0.0302 -7.0626
v  -6.1753 4.3057 -7.0626
v  -6.1498 0.0302 -7.0732
v  -6.1498 4.3057 -7.0732
v  -6.4393 0.0302 -7.0987
v  -6.4498 0.0302 -7.1242
v  -6.4498 4.3057 -7.1242
v  -6.4393 4.3057 -7.0987
v  -6.4753 0.0302 -7.1347
v  -6.4753 4.3057 -7.1347
v  -6.5008 0.0302 -7.1242
v  -6.5008 4.3057 -7.1242
v  -6.5113 0.0302 -7.0987
v  -6.5113 4.3057 -7.0987
v  -6.5008 0.0302 -7.0732
v  -6.5008 4.3057 -7.0732
v  -6.4753 0.0302 -7.0626
v  -6.4753 4.3057 -7.0626
v  -6.4498 0.0302 -7.0732
v  -6.4498 4.3057 -7.0732
v  -6.7393 0.0302 -7.0987
v  -6.7498 0.0302 -7.1242
v  -6.7498 4.3057 -7.1242
v  -6.7393 4.3057 -7.0987
v  -6.7753 0.0302 -7.1347
v  -6.7753 4.3057 -7.1347
v  -6.8008 0.0302 -7.1242
v  -6.8008 4.3057 -7.1242
v  -6.8113 0.0302 -7.0987
v  -6.8113 4.3057 -7.0987
v  -6.8008 0.0302 -7.0732
v  -6.8008 4.3057 -7.0732
v  -6.7753 0.0302 -7.0626
v  -6.7753 4.3057 -7.0626
v  -6.7498 0.0302 -7.0732
v  -6.7498 4.3057 -7.0732
v  -8.8393 0.0302 -7.0987
v  -8.8498 0.0302 -7.1242
v  -8.8498 4.3057 -7.1242
v  -8.8393 4.3057 -7.0987
v  -8.8753 0.0302 -7.1347
v  -8.8753 4.3057 -7.1347
v  -8.9008 0.0302 -7.1242
v  -8.9008 4.3057 -7.1242
v  -8.9113 0.0302 -7.0987
v  -8.9113 4.3057 -7.0987
v  -8.9008 0.0302 -7.0732
v  -8.9008 4.3057 -7.0732
v  -8.8753 0.0302 -7.0626
v  -8.8753 4.3057 -7.0626
v  -8.8498 0.0302 -7.0732
v  -8.8498 4.3057 -7.0732
v  -9.1393 0.0302 -7.0987
v  -9.1498 0.0302 -7.1242
v  -9.1498 4.3057 -7.1242
v  -9.1393 4.3057 -7.0987
v  -9.1753 0.0302 -7.1347
v  -9.1753 4.3057 -7.1347
v  -9.2008 0.0302 -7.1242
v  -9.2008 4.3057 -7.1242
v  -9.2113 0.0302 -7.0987
v  -9.2113 4.3057 -7.0987
v  -9.2008 0.0302 -7.0732
v  -9.2008 4.3057 -7.0732
v  -9.1753 0.0302 -7.0626
v  -9.1753 4.3057 -7.0626
v  -9.1498 0.0302 -7.0732
v  -9.1498 4.3057 -7.0732
v  -9.4393 0.0302 -7.0987
v  -9.4498 0.0302 -7.1242
v  -9.4498 4.3057 -7.1242
v  -9.4393 4.3057 -7.0987
v  -9.4753 0.0302 -7.1347
v  -9.4753 4.3057 -7.1347
v  -9.5008 0.0302 -7.1242
v  -9.5008 4.3057 -7.1242
v  -9.5113 0.0302 -7.0987
v  -9.5113 4.3057 -7.0987
v  -9.5008 0.0302 -7.0732
v  -9.5008 4.3057 -7.0732
v  -9.4753 0.0302 -7.0626
v  -9.4753 4.3057 -7.0626
v  -9.4498 0.0302 -7.0732
v  -9.4498 4.3057 -7.0732
v  -9.7393 0.0302 -7.0987
v  -9.7498 0.0302 -7.1242
v  -9.7498 4.3057 -7.1242
v  -9.7393 4.3057 -7.0987
v  -9.7753 0.0302 -7.1347
v  -9.7753 4.3057 -7.1347
v  -9.8008 0.0302 -7.1242
v  -9.8008 4.3057 -7.1242
v  -9.8113 0.0302 -7.0987
v  -9.8113 4.3057 -7.0987
v  -9.8008 0.0302 -7.0732
v  -9.8008 4.3057 -7.0732
v  -9.7753 0.0302 -7.0626
v  -9.7753 4.3057 -7.0626
v  -9.7498 0.0302 -7.0732
v  -9.7498 4.3057 -7.0732
v  -7.4650 3.0303 -7.1242
v  -7.4650 4.3057 -7.1242
v  -7.4545 4.3057 -7.0987
v  -7.4545 3.0303 -7.0987
v  -7.4905 3.0303 -7.1347
v  -7.4905 4.3057 -7.1347
v  -7.5160 3.0303 -7.1242
v  -7.5160 4.3057 -7.1242
v  -7.5266 3.0303 -7.0987
v  -7.5266 4.3057 -7.0987
v  -7.5160 3.0303 -7.0732
v  -7.5160 4.3057 -7.0732
v  -7.4905 3.0303 -7.0626
v  -7.4905 4.3057 -7.0626
v  -7.4650 3.0303 -7.0732
v  -7.4650 4.3057 -7.0732
v  -7.7650 3.0303 -7.1242
v  -7.7650 4.3057 -7.1242
v  -7.7545 4.3057 -7.0987
v  -7.7545 3.0303 -7.0987
v  -7.7905 3.0303 -7.1347
v  -7.7905 4.3057 -7.1347
v  -7.8160 3.0303 -7.1242
v  -7.8160 4.3057 -7.1242
v  -7.8266 3.0303 -7.0987
v  -7.8266 4.3057 -7.0987
v  -7.8160 3.0303 -7.0732
v  -7.8160 4.3057 -7.0732
v  -7.7905 3.0303 -7.0626
v  -7.7905 4.3057 -7.0626
v  -7.7650 3.0303 -7.0732
v  -7.7650 4.3057 -7.0732
v  -8.0650 3.0303 -7.1242
v  -8.0650 4.3057 -7.1242
v  -8.0545 4.3057 -7.0987
v  -8.0545 3.0303 -7.0987
v  -8.0905 3.0303 -7.1347
v  -8.0905 4.3057 -7.1347
v  -8.1160 3.0303 -7.1242
v  -8.1160 4.3057 -7.1242
v  -8.1266 3.0303 -7.0987
v  -8.1266 4.3057 -7.0987
v  -8.1160 3.0303 -7.0732
v  -8.1160 4.3057 -7.0732
v  -8.0905 3.0303 -7.0626
v  -8.0905 4.3057 -7.0626
v  -8.0650 3.0303 -7.0732
v  -8.0650 4.3057 -7.0732
v  -8.3650 3.0303 -7.1242
v  -8.3650 4.3057 -7.1242
v  -8.3545 4.3057 -7.0987
v  -8.3545 3.0303 -7.0987
v  -8.3905 3.0303 -7.1347
v  -8.3905 4.3057 -7.1347
v  -8.4160 3.0303 -7.1242
v  -8.4160 4.3057 -7.1242
v  -8.4266 3.0303 -7.0987
v  -8.4266 4.3057 -7.0987
v  -8.4160 3.0303 -7.0732
v  -8.4160 4.3057 -7.0732
v  -8.3905 3.0303 -7.0626
v  -8.3905 4.3057 -7.0626
v  -8.3650 3.0303 -7.0732
v  -8.3650 4.3057 -7.0732
v  -7.1684 3.0303 -7.1242
v  -7.1684 4.3057 -7.1242
v  -7.1579 4.3057 -7.0987
v  -7.1579 3.0303 -7.0987
v  -7.1939 3.0303 -7.1347
v  -7.1939 4.3057 -7.1347
v  -7.2194 3.0303 -7.1242
v  -7.2194 4.3057 -7.1242
v  -7.2299 3.0303 -7.0987
v  -7.2299 4.3057 -7.0987
v  -7.2194 3.0303 -7.0732
v  -7.2194 4.3057 -7.0732
v  -7.1939 3.0303 -7.0626
v  -7.1939 4.3057 -7.0626
v  -7.1684 3.0303 -7.0732
v  -7.1684 4.3057 -7.0732
v  -8.7312 0.0302 -7.1303
v  -8.7312 0.0302 -7.0670
v  -8.7312 4.3057 -7.0670
v  -8.7312 4.3057 -7.1303
v  -8.6580 0.0302 -7.0670
v  -8.6580 4.3057 -7.0670
v  -6.8979 0.0302 -7.1303
v  -6.8979 4.3057 -7.1303
v  -6.8979 4.3057 -7.0670
v  -6.8979 0.0302 -7.0670
v  -6.9710 0.0302 -7.1303
v  -6.9710 4.3057 -7.1303
v  -8.6580 0.0302 -7.1303
v  -8.6580 4.3057 -7.1303
v  -6.9710 0.0302 -7.0670
v  -6.9710 4.3057 -7.0670
v  -10.2564 0.0297 -7.1424
v  -8.6820 0.0297 -7.1424
v  -8.6820 0.0297 -7.0575
v  -10.2564 0.0297 -7.0575
v  -10.2564 0.0414 -7.1580
v  -10.2564 0.1603 -7.1580
v  -8.6820 0.1603 -7.1580
v  -8.6820 0.0414 -7.1580
v  -10.2564 0.1720 -7.1424
v  -10.2564 0.1720 -7.0575
v  -8.6820 0.1720 -7.0575
v  -8.6820 0.1720 -7.1424
v  -10.2564 0.1603 -7.0419
v  -10.2564 0.0414 -7.0419
v  -8.6820 0.0414 -7.0419
v  -8.6820 0.1603 -7.0419
v  -3.9569 0.0297 -7.1424
v  -6.9548 0.0297 -7.1424
v  -6.9548 0.0414 -7.1580
v  -3.9569 0.0414 -7.1580
v  -3.9569 0.1603 -7.1580
v  -6.9548 0.1603 -7.1580
v  -6.9548 0.1720 -7.1424
v  -3.9569 0.1720 -7.1424
v  -3.9569 0.1720 -7.0575
v  -6.9548 0.1720 -7.0575
v  -6.9548 0.1603 -7.0419
v  -3.9569 0.1603 -7.0419
v  -3.9569 0.0414 -7.0419
v  -6.9548 0.0414 -7.0419
v  -6.9548 0.0297 -7.0575
v  -3.9569 0.0297 -7.0575
v  -6.9673 0.0531 -7.0632
v  -6.9673 0.0531 -7.1367
v  -6.9673 0.1486 -7.1367
v  -6.9673 0.1486 -7.0632
v  -8.6609 0.0531 -7.1367
v  -8.6609 0.0531 -7.0632
v  -8.6609 0.1486 -7.1367
v  -8.6609 0.1486 -7.0632
v  -10.2564 4.0969 -7.1424
v  -3.9569 4.0969 -7.1424
v  -3.9569 4.0969 -7.0575
v  -10.2564 4.0969 -7.0575
v  -10.2564 4.1086 -7.1580
v  -10.2564 4.2276 -7.1580
v  -3.9569 4.2276 -7.1580
v  -3.9569 4.1086 -7.1580
v  -10.2564 4.2393 -7.1424
v  -10.2564 4.2393 -7.0575
v  -3.9569 4.2393 -7.0575
v  -3.9569 4.2393 -7.1424
v  -10.2564 4.2276 -7.0419
v  -10.2564 4.1086 -7.0419
v  -3.9569 4.1086 -7.0419
v  -3.9569 4.2276 -7.0419
v  -10.2564 1.2542 -7.1424
v  -8.6728 1.2542 -7.1424
v  -8.6728 1.2542 -7.0575
v  -10.2564 1.2542 -7.0575
v  -10.2564 1.2659 -7.1580
v  -10.2564 1.3188 -7.1580
v  -8.6728 1.3188 -7.1580
v  -8.6728 1.2659 -7.1580
v  -10.2564 1.3305 -7.1424
v  -10.2564 1.3305 -7.0575
v  -8.6728 1.3305 -7.0575
v  -8.6728 1.3305 -7.1424
v  -10.2564 1.3188 -7.0419
v  -10.2564 1.2659 -7.0419
v  -8.6728 1.2659 -7.0419
v  -8.6728 1.3188 -7.0419
v  -3.9569 1.2542 -7.1424
v  -6.9560 1.2542 -7.1424
v  -6.9560 1.2659 -7.1580
v  -3.9569 1.2659 -7.1580
v  -3.9569 1.3188 -7.1580
v  -6.9560 1.3188 -7.1580
v  -6.9560 1.3305 -7.1424
v  -3.9569 1.3305 -7.1424
v  -3.9569 1.3305 -7.0575
v  -6.9560 1.3305 -7.0575
v  -6.9560 1.3188 -7.0419
v  -3.9569 1.3188 -7.0419
v  -3.9569 1.2659 -7.0419
v  -6.9560 1.2659 -7.0419
v  -6.9560 1.2542 -7.0575
v  -3.9569 1.2542 -7.0575
v  -10.2564 1.5295 -7.1424
v  -8.6741 1.5295 -7.1424
v  -8.6741 1.5295 -7.0575
v  -10.2564 1.5295 -7.0575
v  -10.2564 1.5412 -7.1580
v  -10.2564 1.5942 -7.1580
v  -8.6741 1.5942 -7.1580
v  -8.6741 1.5412 -7.1580
v  -10.2564 1.6058 -7.1424
v  -10.2564 1.6058 -7.0575
v  -8.6741 1.6058 -7.0575
v  -8.6741 1.6058 -7.1424
v  -10.2564 1.5942 -7.0419
v  -10.2564 1.5412 -7.0419
v  -8.6741 1.5412 -7.0419
v  -8.6741 1.5942 -7.0419
v  -3.9569 1.5295 -7.1424
v  -6.9535 1.5295 -7.1424
v  -6.9535 1.5412 -7.1580
v  -3.9569 1.5412 -7.1580
v  -3.9569 1.5942 -7.1580
v  -6.9535 1.5942 -7.1580
v  -6.9535 1.6058 -7.1424
v  -3.9569 1.6058 -7.1424
v  -3.9569 1.6058 -7.0575
v  -6.9535 1.6058 -7.0575
v  -6.9535 1.5942 -7.0419
v  -3.9569 1.5942 -7.0419
v  -3.9569 1.5412 -7.0419
v  -6.9535 1.5412 -7.0419
v  -6.9535 1.5295 -7.0575
v  -3.9569 1.5295 -7.0575
v  -6.9656 1.5452 -7.0650
v  -6.9656 1.5452 -7.1349
v  -6.9656 1.5902 -7.1349
v  -6.9656 1.5902 -7.0650
v  -6.9680 1.2698 -7.1349
v  -6.9680 1.3149 -7.1349
v  -6.9680 1.3149 -7.0650
v  -6.9680 1.2698 -7.0650
v  -8.6644 1.5452 -7.1349
v  -8.6644 1.5452 -7.0650
v  -8.6644 1.5902 -7.1349
v  -8.6644 1.5902 -7.0650
v  -8.6631 1.2698 -7.1349
v  -8.6631 1.2698 -7.0650
v  -8.6631 1.3149 -7.1349
v  -8.6631 1.3149 -7.0650
v  -17.3024 0.0000 -16.2346
v  -17.5159 0.0000 -16.2346
v  -17.5159 0.0611 -16.2346
v  -17.3024 0.0611 -16.2346
v  -17.3024 0.0000 -7.0083
v  -17.3024 0.0611 -7.0083
v  -17.5159 0.0611 -7.0083
v  -17.5159 0.0000 -7.0083
v  -17.3024 0.0000 -16.1067
v  -17.5159 0.0000 -16.1067
v  -11.0911 0.0000 -16.2345
v  -11.0911 0.0611 -16.2345
v  -10.8776 0.0611 -16.2345
v  -10.8776 0.0000 -16.2345
v  -11.0911 0.0000 -7.0082
v  -10.8776 0.0000 -7.0082
v  -10.8776 0.0611 -7.0082
v  -11.0911 0.0611 -7.0082
v  -10.8776 0.0000 -16.1066
v  -11.0911 0.0000 -16.1066
v  -10.8135 4.6270 -16.3514
v  -10.8134 4.6270 -16.1066
v  -10.4817 4.6270 -16.1067
v  -10.4817 4.6270 -16.3515
v  -17.3024 4.2219 -7.0083
v  -17.5159 4.2219 -7.0083
v  -11.0911 4.2219 -16.2345
v  -10.8776 4.2219 -16.2345
v  -10.4817 0.0611 -6.8915
v  -10.4817 4.0796 -6.8915
v  -10.8134 4.0796 -6.8914
v  -10.8134 0.0611 -6.8914
v  -11.0911 0.0611 -7.1536
v  -17.3024 0.0611 -7.1537
v  -17.3024 0.0000 -7.1537
v  -17.5159 0.0000 -7.1537
v  -10.4817 -0.1169 -16.1067
v  -10.4817 -0.1169 -7.1537
v  -10.8134 -0.1169 -7.1536
v  -10.8134 -0.1169 -16.1066
v  -11.0911 4.5102 -16.1066
v  -11.0911 4.5102 -7.1536
v  -10.8776 4.5102 -7.1536
v  -10.8776 4.5102 -16.1066
v  -11.0911 0.0611 -16.1066
v  -11.0911 4.2219 -7.1536
v  -11.0911 4.2219 -16.1066
v  -11.0911 0.0000 -7.1536
v  -11.0911 4.5102 -16.2345
v  -17.3024 4.2219 -16.2346
v  -17.3024 4.5102 -16.2346
v  -17.3024 4.2219 -16.1067
v  -17.3024 0.0611 -16.1067
v  -10.4817 -0.1169 -6.8915
v  -10.8134 -0.1169 -6.8914
v  -11.0911 4.5102 -7.0082
v  -10.8776 4.5102 -7.0082
v  -11.0911 4.2219 -7.0082
v  -17.3024 4.5102 -7.0083
v  -17.5159 4.5102 -7.0083
v  -10.8776 4.5102 -16.2345
v  -10.4817 4.3995 -4.9294
v  -10.4817 4.6270 -4.9294
v  -10.8134 4.6270 -4.9293
v  -10.8134 4.3995 -4.9293
v  -17.3024 4.2219 -7.1537
v  -17.3024 4.5102 -16.1067
v  -17.3024 4.5102 -7.1537
v  -17.3548 2.9897 -7.1424
v  -11.0553 2.9897 -7.1424
v  -11.0553 2.9897 -7.0575
v  -17.3548 2.9897 -7.0575
v  -17.3548 3.0014 -7.1580
v  -17.3548 3.1204 -7.1580
v  -11.0553 3.1204 -7.1580
v  -11.0553 3.0014 -7.1580
v  -17.3548 3.1320 -7.1424
v  -17.3548 3.1320 -7.0575
v  -11.0553 3.1320 -7.0575
v  -11.0553 3.1320 -7.1424
v  -17.3548 3.1204 -7.0419
v  -17.3548 3.0014 -7.0419
v  -11.0553 3.0014 -7.0419
v  -11.0553 3.1204 -7.0419
v  -17.1376 0.0302 -7.0987
v  -17.1482 0.0302 -7.1242
v  -17.1482 4.3057 -7.1242
v  -17.1376 4.3057 -7.0987
v  -17.1737 0.0302 -7.1347
v  -17.1737 4.3057 -7.1347
v  -17.1991 0.0302 -7.1242
v  -17.1991 4.3057 -7.1242
v  -17.2097 0.0302 -7.0987
v  -17.2097 4.3057 -7.0987
v  -17.1991 0.0302 -7.0732
v  -17.1991 4.3057 -7.0732
v  -17.1737 0.0302 -7.0626
v  -17.1737 4.3057 -7.0626
v  -17.1482 0.0302 -7.0732
v  -17.1482 4.3057 -7.0732
v  -11.1376 0.0302 -7.0987
v  -11.1482 0.0302 -7.1242
v  -11.1482 4.3057 -7.1242
v  -11.1376 4.3057 -7.0987
v  -11.1737 0.0302 -7.1347
v  -11.1737 4.3057 -7.1347
v  -11.1991 0.0302 -7.1242
v  -11.1991 4.3057 -7.1242
v  -11.2097 0.0302 -7.0987
v  -11.2097 4.3057 -7.0987
v  -11.1991 0.0302 -7.0732
v  -11.1991 4.3057 -7.0732
v  -11.1737 0.0302 -7.0626
v  -11.1737 4.3057 -7.0626
v  -11.1482 0.0302 -7.0732
v  -11.1482 4.3057 -7.0732
v  -11.4376 0.0302 -7.0987
v  -11.4482 0.0302 -7.1242
v  -11.4482 4.3057 -7.1242
v  -11.4376 4.3057 -7.0987
v  -11.4737 0.0302 -7.1347
v  -11.4737 4.3057 -7.1347
v  -11.4991 0.0302 -7.1242
v  -11.4991 4.3057 -7.1242
v  -11.5097 0.0302 -7.0987
v  -11.5097 4.3057 -7.0987
v  -11.4991 0.0302 -7.0732
v  -11.4991 4.3057 -7.0732
v  -11.4737 0.0302 -7.0626
v  -11.4737 4.3057 -7.0626
v  -11.4482 0.0302 -7.0732
v  -11.4482 4.3057 -7.0732
v  -11.7376 0.0302 -7.0987
v  -11.7482 0.0302 -7.1242
v  -11.7482 4.3057 -7.1242
v  -11.7376 4.3057 -7.0987
v  -11.7737 0.0302 -7.1347
v  -11.7737 4.3057 -7.1347
v  -11.7991 0.0302 -7.1242
v  -11.7991 4.3057 -7.1242
v  -11.8097 0.0302 -7.0987
v  -11.8097 4.3057 -7.0987
v  -11.7991 0.0302 -7.0732
v  -11.7991 4.3057 -7.0732
v  -11.7737 0.0302 -7.0626
v  -11.7737 4.3057 -7.0626
v  -11.7482 0.0302 -7.0732
v  -11.7482 4.3057 -7.0732
v  -12.0376 0.0302 -7.0987
v  -12.0482 0.0302 -7.1242
v  -12.0482 4.3057 -7.1242
v  -12.0376 4.3057 -7.0987
v  -12.0737 0.0302 -7.1347
v  -12.0737 4.3057 -7.1347
v  -12.0991 0.0302 -7.1242
v  -12.0991 4.3057 -7.1242
v  -12.1097 0.0302 -7.0987
v  -12.1097 4.3057 -7.0987
v  -12.0991 0.0302 -7.0732
v  -12.0991 4.3057 -7.0732
v  -12.0737 0.0302 -7.0626
v  -12.0737 4.3057 -7.0626
v  -12.0482 0.0302 -7.0732
v  -12.0482 4.3057 -7.0732
v  -12.3376 0.0302 -7.0987
v  -12.3482 0.0302 -7.1242
v  -12.3482 4.3057 -7.1242
v  -12.3376 4.3057 -7.0987
v  -12.3737 0.0302 -7.1347
v  -12.3737 4.3057 -7.1347
v  -12.3991 0.0302 -7.1242
v  -12.3991 4.3057 -7.1242
v  -12.4097 0.0302 -7.0987
v  -12.4097 4.3057 -7.0987
v  -12.3991 0.0302 -7.0732
v  -12.3991 4.3057 -7.0732
v  -12.3737 0.0302 -7.0626
v  -12.3737 4.3057 -7.0626
v  -12.3482 0.0302 -7.0732
v  -12.3482 4.3057 -7.0732
v  -12.6376 0.0302 -7.0987
v  -12.6482 0.0302 -7.1242
v  -12.6482 4.3057 -7.1242
v  -12.6376 4.3057 -7.0987
v  -12.6737 0.0302 -7.1347
v  -12.6737 4.3057 -7.1347
v  -12.6991 0.0302 -7.1242
v  -12.6991 4.3057 -7.1242
v  -12.7097 0.0302 -7.0987
v  -12.7097 4.3057 -7.0987
v  -12.6991 0.0302 -7.0732
v  -12.6991 4.3057 -7.0732
v  -12.6737 0.0302 -7.0626
v  -12.6737 4.3057 -7.0626
v  -12.6482 0.0302 -7.0732
v  -12.6482 4.3057 -7.0732
v  -12.9376 0.0302 -7.0987
v  -12.9482 0.0302 -7.1242
v  -12.9482 4.3057 -7.1242
v  -12.9376 4.3057 -7.0987
v  -12.9737 0.0302 -7.1347
v  -12.9737 4.3057 -7.1347
v  -12.9991 0.0302 -7.1242
v  -12.9991 4.3057 -7.1242
v  -13.0097 0.0302 -7.0987
v  -13.0097 4.3057 -7.0987
v  -12.9991 0.0302 -7.0732
v  -12.9991 4.3057 -7.0732
v  -12.9737 0.0302 -7.0626
v  -12.9737 4.3057 -7.0626
v  -12.9482 0.0302 -7.0732
v  -12.9482 4.3057 -7.0732
v  -13.2376 0.0302 -7.0987
v  -13.2482 0.0302 -7.1242
v  -13.2482 4.3057 -7.1242
v  -13.2376 4.3057 -7.0987
v  -13.2737 0.0302 -7.1347
v  -13.2737 4.3057 -7.1347
v  -13.2991 0.0302 -7.1242
v  -13.2991 4.3057 -7.1242
v  -13.3097 0.0302 -7.0987
v  -13.3097 4.3057 -7.0987
v  -13.2991 0.0302 -7.0732
v  -13.2991 4.3057 -7.0732
v  -13.2737 0.0302 -7.0626
v  -13.2737 4.3057 -7.0626
v  -13.2482 0.0302 -7.0732
v  -13.2482 4.3057 -7.0732
v  -13.5376 0.0302 -7.0987
v  -13.5482 0.0302 -7.1242
v  -13.5482 4.3057 -7.1242
v  -13.5376 4.3057 -7.0987
v  -13.5737 0.0302 -7.1347
v  -13.5737 4.3057 -7.1347
v  -13.5991 0.0302 -7.1242
v  -13.5991 4.3057 -7.1242
v  -13.6097 0.0302 -7.0987
v  -13.6097 4.3057 -7.0987
v  -13.5991 0.0302 -7.0732
v  -13.5991 4.3057 -7.0732
v  -13.5737 0.0302 -7.0626
v  -13.5737 4.3057 -7.0626
v  -13.5482 0.0302 -7.0732
v  -13.5482 4.3057 -7.0732
v  -13.8376 0.0302 -7.0987
v  -13.8482 0.0302 -7.1242
v  -13.8482 4.3057 -7.1242
v  -13.8376 4.3057 -7.0987
v  -13.8737 0.0302 -7.1347
v  -13.8737 4.3057 -7.1347
v  -13.8991 0.0302 -7.1242
v  -13.8991 4.3057 -7.1242
v  -13.9097 0.0302 -7.0987
v  -13.9097 4.3057 -7.0987
v  -13.8991 0.0302 -7.0732
v  -13.8991 4.3057 -7.0732
v  -13.8737 0.0302 -7.0626
v  -13.8737 4.3057 -7.0626
v  -13.8482 0.0302 -7.0732
v  -13.8482 4.3057 -7.0732
v  -15.9376 0.0302 -7.0987
v  -15.9482 0.0302 -7.1242
v  -15.9482 4.3057 -7.1242
v  -15.9376 4.3057 -7.0987
v  -15.9737 0.0302 -7.1347
v  -15.9737 4.3057 -7.1347
v  -15.9991 0.0302 -7.1242
v  -15.9991 4.3057 -7.1242
v  -16.0097 0.0302 -7.0987
v  -16.0097 4.3057 -7.0987
v  -15.9991 0.0302 -7.0732
v  -15.9991 4.3057 -7.0732
v  -15.9737 0.0302 -7.0626
v  -15.9737 4.3057 -7.0626
v  -15.9482 0.0302 -7.0732
v  -15.9482 4.3057 -7.0732
v  -16.2376 0.0302 -7.0987
v  -16.2482 0.0302 -7.1242
v  -16.2482 4.3057 -7.1242
v  -16.2376 4.3057 -7.0987
v  -16.2737 0.0302 -7.1347
v  -16.2737 4.3057 -7.1347
v  -16.2991 0.0302 -7.1242
v  -16.2991 4.3057 -7.1242
v  -16.3097 0.0302 -7.0987
v  -16.3097 4.3057 -7.0987
v  -16.2991 0.0302 -7.0732
v  -16.2991 4.3057 -7.0732
v  -16.2737 0.0302 -7.0626
v  -16.2737 4.3057 -7.0626
v  -16.2482 0.0302 -7.0732
v  -16.2482 4.3057 -7.0732
v  -16.5376 0.0302 -7.0987
v  -16.5482 0.0302 -7.1242
v  -16.5482 4.3057 -7.1242
v  -16.5376 4.3057 -7.0987
v  -16.5737 0.0302 -7.1347
v  -16.5737 4.3057 -7.1347
v  -16.5991 0.0302 -7.1242
v  -16.5991 4.3057 -7.1242
v  -16.6097 0.0302 -7.0987
v  -16.6097 4.3057 -7.0987
v  -16.5991 0.0302 -7.0732
v  -16.5991 4.3057 -7.0732
v  -16.5737 0.0302 -7.0626
v  -16.5737 4.3057 -7.0626
v  -16.5482 0.0302 -7.0732
v  -16.5482 4.3057 -7.0732
v  -16.8376 0.0302 -7.0987
v  -16.8482 0.0302 -7.1242
v  -16.8482 4.3057 -7.1242
v  -16.8376 4.3057 -7.0987
v  -16.8737 0.0302 -7.1347
v  -16.8737 4.3057 -7.1347
v  -16.8991 0.0302 -7.1242
v  -16.8991 4.3057 -7.1242
v  -16.9097 0.0302 -7.0987
v  -16.9097 4.3057 -7.0987
v  -16.8991 0.0302 -7.0732
v  -16.8991 4.3057 -7.0732
v  -16.8737 0.0302 -7.0626
v  -16.8737 4.3057 -7.0626
v  -16.8482 0.0302 -7.0732
v  -16.8482 4.3057 -7.0732
v  -14.5634 3.0303 -7.1242
v  -14.5634 4.3057 -7.1242
v  -14.5529 4.3057 -7.0987
v  -14.5529 3.0303 -7.0987
v  -14.5889 3.0303 -7.1347
v  -14.5889 4.3057 -7.1347
v  -14.6144 3.0303 -7.1242
v  -14.6144 4.3057 -7.1242
v  -14.6249 3.0303 -7.0987
v  -14.6249 4.3057 -7.0987
v  -14.6144 3.0303 -7.0732
v  -14.6144 4.3057 -7.0732
v  -14.5889 3.0303 -7.0626
v  -14.5889 4.3057 -7.0626
v  -14.5634 3.0303 -7.0732
v  -14.5634 4.3057 -7.0732
v  -14.8634 3.0303 -7.1242
v  -14.8634 4.3057 -7.1242
v  -14.8529 4.3057 -7.0987
v  -14.8529 3.0303 -7.0987
v  -14.8889 3.0303 -7.1347
v  -14.8889 4.3057 -7.1347
v  -14.9144 3.0303 -7.1242
v  -14.9144 4.3057 -7.1242
v  -14.9249 3.0303 -7.0987
v  -14.9249 4.3057 -7.0987
v  -14.9144 3.0303 -7.0732
v  -14.9144 4.3057 -7.0732
v  -14.8889 3.0303 -7.0626
v  -14.8889 4.3057 -7.0626
v  -14.8634 3.0303 -7.0732
v  -14.8634 4.3057 -7.0732
v  -15.1634 3.0303 -7.1242
v  -15.1634 4.3057 -7.1242
v  -15.1529 4.3057 -7.0987
v  -15.1529 3.0303 -7.0987
v  -15.1889 3.0303 -7.1347
v  -15.1889 4.3057 -7.1347
v  -15.2144 3.0303 -7.1242
v  -15.2144 4.3057 -7.1242
v  -15.2249 3.0303 -7.0987
v  -15.2249 4.3057 -7.0987
v  -15.2144 3.0303 -7.0732
v  -15.2144 4.3057 -7.0732
v  -15.1889 3.0303 -7.0626
v  -15.1889 4.3057 -7.0626
v  -15.1634 3.0303 -7.0732
v  -15.1634 4.3057 -7.0732
v  -15.4634 3.0303 -7.1242
v  -15.4634 4.3057 -7.1242
v  -15.4529 4.3057 -7.0987
v  -15.4529 3.0303 -7.0987
v  -15.4889 3.0303 -7.1347
v  -15.4889 4.3057 -7.1347
v  -15.5144 3.0303 -7.1242
v  -15.5144 4.3057 -7.1242
v  -15.5249 3.0303 -7.0987
v  -15.5249 4.3057 -7.0987
v  -15.5144 3.0303 -7.0732
v  -15.5144 4.3057 -7.0732
v  -15.4889 3.0303 -7.0626
v  -15.4889 4.3057 -7.0626
v  -15.4634 3.0303 -7.0732
v  -15.4634 4.3057 -7.0732
v  -14.2668 3.0303 -7.1242
v  -14.2668 4.3057 -7.1242
v  -14.2563 4.3057 -7.0987
v  -14.2563 3.0303 -7.0987
v  -14.2923 3.0303 -7.1347
v  -14.2923 4.3057 -7.1347
v  -14.3178 3.0303 -7.1242
v  -14.3178 4.3057 -7.1242
v  -14.3283 3.0303 -7.0987
v  -14.3283 4.3057 -7.0987
v  -14.3178 3.0303 -7.0732
v  -14.3178 4.3057 -7.0732
v  -14.2923 3.0303 -7.0626
v  -14.2923 4.3057 -7.0626
v  -14.2668 3.0303 -7.0732
v  -14.2668 4.3057 -7.0732
v  -15.8296 0.0302 -7.1303
v  -15.8296 0.0302 -7.0670
v  -15.8296 4.3057 -7.0670
v  -15.8296 4.3057 -7.1303
v  -15.7564 0.0302 -7.0670
v  -15.7564 4.3057 -7.0670
v  -13.9963 0.0302 -7.1303
v  -13.9963 4.3057 -7.1303
v  -13.9963 4.3057 -7.0670
v  -13.9963 0.0302 -7.0670
v  -14.0694 0.0302 -7.1303
v  -14.0694 4.3057 -7.1303
v  -15.7564 0.0302 -7.1303
v  -15.7564 4.3057 -7.1303
v  -14.0694 0.0302 -7.0670
v  -14.0694 4.3057 -7.0670
v  -17.3548 0.0297 -7.1424
v  -15.7804 0.0297 -7.1424
v  -15.7804 0.0297 -7.0575
v  -17.3548 0.0297 -7.0575
v  -17.3548 0.0414 -7.1580
v  -17.3548 0.1603 -7.1580
v  -15.7804 0.1603 -7.1580
v  -15.7804 0.0414 -7.1580
v  -17.3548 0.1720 -7.1424
v  -17.3548 0.1720 -7.0575
v  -15.7804 0.1720 -7.0575
v  -15.7804 0.1720 -7.1424
v  -17.3548 0.1603 -7.0419
v  -17.3548 0.0414 -7.0419
v  -15.7804 0.0414 -7.0419
v  -15.7804 0.1603 -7.0419
v  -11.0553 0.0297 -7.1424
v  -14.0532 0.0297 -7.1424
v  -14.0532 0.0414 -7.1580
v  -11.0553 0.0414 -7.1580
v  -11.0553 0.1603 -7.1580
v  -14.0532 0.1603 -7.1580
v  -14.0532 0.1720 -7.1424
v  -11.0553 0.1720 -7.1424
v  -11.0553 0.1720 -7.0575
v  -14.0532 0.1720 -7.0575
v  -14.0532 0.1603 -7.0419
v  -11.0553 0.1603 -7.0419
v  -11.0553 0.0414 -7.0419
v  -14.0532 0.0414 -7.0419
v  -14.0532 0.0297 -7.0575
v  -11.0553 0.0297 -7.0575
v  -14.0656 0.0531 -7.0632
v  -14.0656 0.0531 -7.1367
v  -14.0656 0.1486 -7.1367
v  -14.0656 0.1486 -7.0632
v  -15.7593 0.0531 -7.1367
v  -15.7593 0.0531 -7.0632
v  -15.7593 0.1486 -7.1367
v  -15.7593 0.1486 -7.0632
v  -17.3548 4.0969 -7.1424
v  -11.0553 4.0969 -7.1424
v  -11.0553 4.0969 -7.0575
v  -17.3548 4.0969 -7.0575
v  -17.3548 4.1086 -7.1580
v  -17.3548 4.2276 -7.1580
v  -11.0553 4.2276 -7.1580
v  -11.0553 4.1086 -7.1580
v  -17.3548 4.2393 -7.1424
v  -17.3548 4.2393 -7.0575
v  -11.0553 4.2393 -7.0575
v  -11.0553 4.2393 -7.1424
v  -17.3548 4.2276 -7.0419
v  -17.3548 4.1086 -7.0419
v  -11.0553 4.1086 -7.0419
v  -11.0553 4.2276 -7.0419
v  -17.3548 1.2542 -7.1424
v  -15.7712 1.2542 -7.1424
v  -15.7712 1.2542 -7.0575
v  -17.3548 1.2542 -7.0575
v  -17.3548 1.2659 -7.1580
v  -17.3548 1.3188 -7.1580
v  -15.7712 1.3188 -7.1580
v  -15.7712 1.2659 -7.1580
v  -17.3548 1.3305 -7.1424
v  -17.3548 1.3305 -7.0575
v  -15.7712 1.3305 -7.0575
v  -15.7712 1.3305 -7.1424
v  -17.3548 1.3188 -7.0419
v  -17.3548 1.2659 -7.0419
v  -15.7712 1.2659 -7.0419
v  -15.7712 1.3188 -7.0419
v  -11.0553 1.2542 -7.1424
v  -14.0544 1.2542 -7.1424
v  -14.0544 1.2659 -7.1580
v  -11.0553 1.2659 -7.1580
v  -11.0553 1.3188 -7.1580
v  -14.0544 1.3188 -7.1580
v  -14.0544 1.3305 -7.1424
v  -11.0553 1.3305 -7.1424
v  -11.0553 1.3305 -7.0575
v  -14.0544 1.3305 -7.0575
v  -14.0544 1.3188 -7.0419
v  -11.0553 1.3188 -7.0419
v  -11.0553 1.2659 -7.0419
v  -14.0544 1.2659 -7.0419
v  -14.0544 1.2542 -7.0575
v  -11.0553 1.2542 -7.0575
v  -17.3548 1.5295 -7.1424
v  -15.7725 1.5295 -7.1424
v  -15.7725 1.5295 -7.0575
v  -17.3548 1.5295 -7.0575
v  -17.3548 1.5412 -7.1580
v  -17.3548 1.5942 -7.1580
v  -15.7725 1.5942 -7.1580
v  -15.7725 1.5412 -7.1580
v  -17.3548 1.6058 -7.1424
v  -17.3548 1.6058 -7.0575
v  -15.7725 1.6058 -7.0575
v  -15.7725 1.6058 -7.1424
v  -17.3548 1.5942 -7.0419
v  -17.3548 1.5412 -7.0419
v  -15.7725 1.5412 -7.0419
v  -15.7725 1.5942 -7.0419
v  -11.0553 1.5295 -7.1424
v  -14.0519 1.5295 -7.1424
v  -14.0519 1.5412 -7.1580
v  -11.0553 1.5412 -7.1580
v  -11.0553 1.5942 -7.1580
v  -14.0519 1.5942 -7.1580
v  -14.0519 1.6058 -7.1424
v  -11.0553 1.6058 -7.1424
v  -11.0553 1.6058 -7.0575
v  -14.0519 1.6058 -7.0575
v  -14.0519 1.5942 -7.0419
v  -11.0553 1.5942 -7.0419
v  -11.0553 1.5412 -7.0419
v  -14.0519 1.5412 -7.0419
v  -14.0519 1.5295 -7.0575
v  -11.0553 1.5295 -7.0575
v  -14.0639 1.5452 -7.0650
v  -14.0639 1.5452 -7.1349
v  -14.0639 1.5902 -7.1349
v  -14.0639 1.5902 -7.0650
v  -14.0664 1.2698 -7.1349
v  -14.0664 1.3149 -7.1349
v  -14.0664 1.3149 -7.0650
v  -14.0664 1.2698 -7.0650
v  -15.7628 1.5452 -7.1349
v  -15.7628 1.5452 -7.0650
v  -15.7628 1.5902 -7.1349
v  -15.7628 1.5902 -7.0650
v  -15.7615 1.2698 -7.1349
v  -15.7615 1.2698 -7.0650
v  -15.7615 1.3149 -7.1349
v  -15.7615 1.3149 -7.0650
v  -24.4008 0.0000 -16.2346
v  -24.8278 0.0000 -16.2346
v  -24.8278 0.0611 -16.2346
v  -24.4008 0.0611 -16.2346
v  -24.4008 0.0000 -7.0083
v  -24.4008 0.0611 -7.0083
v  -24.8278 0.0611 -7.0083
v  -24.8278 0.0000 -7.0083
v  -24.4008 0.0000 -16.1067
v  -24.8278 0.0000 -16.1067
v  -24.8278 0.0611 -16.1067
v  -24.8278 4.5102 -16.2346
v  -24.8278 4.5102 -16.1067
v  -24.4008 4.5102 -16.1067
v  -24.4008 4.5102 -16.2346
v  -18.1895 0.0000 -16.2345
v  -18.1895 0.0611 -16.2345
v  -17.9760 0.0611 -16.2345
v  -17.9760 0.0000 -16.2345
v  -18.1895 0.0000 -7.0082
v  -17.9760 0.0000 -7.0082
v  -17.9760 0.0611 -7.0082
v  -18.1895 0.0611 -7.0082
v  -17.9760 0.0000 -16.1066
v  -18.1895 0.0000 -16.1066
v  -17.9118 4.6270 -16.3514
v  -17.9118 4.6270 -16.1066
v  -17.5801 4.6270 -16.1067
v  -17.5801 4.6270 -16.3515
v  -24.8278 4.2219 -16.2346
v  -24.4008 4.2219 -16.2346
v  -24.4008 4.2219 -7.0083
v  -24.8278 4.2219 -7.0083
v  -24.8278 4.2219 -7.1537
v  -24.8278 0.0611 -7.1537
v  -18.1895 4.2219 -16.2345
v  -17.9760 4.2219 -16.2345
v  -17.5801 0.0611 -6.8915
v  -17.5801 4.0796 -6.8915
v  -17.9118 4.0796 -6.8914
v  -17.9118 0.0611 -6.8914
v  -18.1895 0.0611 -7.1536
v  -24.4008 0.0611 -7.1537
v  -24.4008 0.0000 -7.1537
v  -24.8278 0.0000 -7.1537
v  -24.8278 4.5102 -7.1537
v  -24.4008 4.5102 -7.1537
v  -17.5801 -0.1169 -16.1067
v  -17.5801 -0.1169 -7.1537
v  -17.9118 -0.1169 -7.1536
v  -17.9118 -0.1169 -16.1066
v  -18.1895 4.5102 -16.1066
v  -18.1895 4.5102 -7.1536
v  -17.9760 4.5102 -7.1536
v  -17.9760 4.5102 -16.1066
v  -18.1895 0.0611 -16.1066
v  -18.1895 4.2219 -7.1536
v  -18.1895 4.2219 -16.1066
v  -24.8278 4.2219 -16.1067
v  -18.1895 0.0000 -7.1536
v  -18.1895 4.5102 -16.2345
v  -24.4008 4.2219 -16.1067
v  -24.4008 0.0611 -16.1067
v  -24.8278 4.5102 -7.0083
v  -24.4008 4.5102 -7.0083
v  -17.5801 -0.1169 -6.8915
v  -17.9118 -0.1169 -6.8914
v  -18.1895 4.5102 -7.0082
v  -17.9760 4.5102 -7.0082
v  -18.1895 4.2219 -7.0082
v  -17.9760 4.5102 -16.2345
v  -17.5801 4.3995 -4.9294
v  -17.5801 4.6270 -4.9294
v  -17.9118 4.6270 -4.9293
v  -17.9118 4.3995 -4.9293
v  -24.4008 4.2219 -7.1537
v  -24.4532 2.9897 -7.1424
v  -18.1537 2.9897 -7.1424
v  -18.1537 2.9897 -7.0575
v  -24.4532 2.9897 -7.0575
v  -24.4532 3.0014 -7.1580
v  -24.4532 3.1204 -7.1580
v  -18.1537 3.1204 -7.1580
v  -18.1537 3.0014 -7.1580
v  -24.4532 3.1320 -7.1424
v  -24.4532 3.1320 -7.0575
v  -18.1537 3.1320 -7.0575
v  -18.1537 3.1320 -7.1424
v  -24.4532 3.1204 -7.0419
v  -24.4532 3.0014 -7.0419
v  -18.1537 3.0014 -7.0419
v  -18.1537 3.1204 -7.0419
v  -24.2360 0.0302 -7.0987
v  -24.2466 0.0302 -7.1242
v  -24.2466 4.3057 -7.1242
v  -24.2360 4.3057 -7.0987
v  -24.2720 0.0302 -7.1347
v  -24.2720 4.3057 -7.1347
v  -24.2975 0.0302 -7.1242
v  -24.2975 4.3057 -7.1242
v  -24.3081 0.0302 -7.0987
v  -24.3081 4.3057 -7.0987
v  -24.2975 0.0302 -7.0732
v  -24.2975 4.3057 -7.0732
v  -24.2720 0.0302 -7.0626
v  -24.2720 4.3057 -7.0626
v  -24.2466 0.0302 -7.0732
v  -24.2466 4.3057 -7.0732
v  -18.2360 0.0302 -7.0987
v  -18.2466 0.0302 -7.1242
v  -18.2466 4.3057 -7.1242
v  -18.2360 4.3057 -7.0987
v  -18.2720 0.0302 -7.1347
v  -18.2720 4.3057 -7.1347
v  -18.2975 0.0302 -7.1242
v  -18.2975 4.3057 -7.1242
v  -18.3081 0.0302 -7.0987
v  -18.3081 4.3057 -7.0987
v  -18.2975 0.0302 -7.0732
v  -18.2975 4.3057 -7.0732
v  -18.2720 0.0302 -7.0626
v  -18.2720 4.3057 -7.0626
v  -18.2466 0.0302 -7.0732
v  -18.2466 4.3057 -7.0732
v  -18.5360 0.0302 -7.0987
v  -18.5466 0.0302 -7.1242
v  -18.5466 4.3057 -7.1242
v  -18.5360 4.3057 -7.0987
v  -18.5720 0.0302 -7.1347
v  -18.5720 4.3057 -7.1347
v  -18.5975 0.0302 -7.1242
v  -18.5975 4.3057 -7.1242
v  -18.6081 0.0302 -7.0987
v  -18.6081 4.3057 -7.0987
v  -18.5975 0.0302 -7.0732
v  -18.5975 4.3057 -7.0732
v  -18.5720 0.0302 -7.0626
v  -18.5720 4.3057 -7.0626
v  -18.5466 0.0302 -7.0732
v  -18.5466 4.3057 -7.0732
v  -18.8360 0.0302 -7.0987
v  -18.8466 0.0302 -7.1242
v  -18.8466 4.3057 -7.1242
v  -18.8360 4.3057 -7.0987
v  -18.8720 0.0302 -7.1347
v  -18.8720 4.3057 -7.1347
v  -18.8975 0.0302 -7.1242
v  -18.8975 4.3057 -7.1242
v  -18.9081 0.0302 -7.0987
v  -18.9081 4.3057 -7.0987
v  -18.8975 0.0302 -7.0732
v  -18.8975 4.3057 -7.0732
v  -18.8720 0.0302 -7.0626
v  -18.8720 4.3057 -7.0626
v  -18.8466 0.0302 -7.0732
v  -18.8466 4.3057 -7.0732
v  -19.1360 0.0302 -7.0987
v  -19.1466 0.0302 -7.1242
v  -19.1466 4.3057 -7.1242
v  -19.1360 4.3057 -7.0987
v  -19.1720 0.0302 -7.1347
v  -19.1720 4.3057 -7.1347
v  -19.1975 0.0302 -7.1242
v  -19.1975 4.3057 -7.1242
v  -19.2081 0.0302 -7.0987
v  -19.2081 4.3057 -7.0987
v  -19.1975 0.0302 -7.0732
v  -19.1975 4.3057 -7.0732
v  -19.1720 0.0302 -7.0626
v  -19.1720 4.3057 -7.0626
v  -19.1466 0.0302 -7.0732
v  -19.1466 4.3057 -7.0732
v  -19.4360 0.0302 -7.0987
v  -19.4466 0.0302 -7.1242
v  -19.4466 4.3057 -7.1242
v  -19.4360 4.3057 -7.0987
v  -19.4720 0.0302 -7.1347
v  -19.4720 4.3057 -7.1347
v  -19.4975 0.0302 -7.1242
v  -19.4975 4.3057 -7.1242
v  -19.5081 0.0302 -7.0987
v  -19.5081 4.3057 -7.0987
v  -19.4975 0.0302 -7.0732
v  -19.4975 4.3057 -7.0732
v  -19.4720 0.0302 -7.0626
v  -19.4720 4.3057 -7.0626
v  -19.4466 0.0302 -7.0732
v  -19.4466 4.3057 -7.0732
v  -19.7360 0.0302 -7.0987
v  -19.7466 0.0302 -7.1242
v  -19.7466 4.3057 -7.1242
v  -19.7360 4.3057 -7.0987
v  -19.7720 0.0302 -7.1347
v  -19.7720 4.3057 -7.1347
v  -19.7975 0.0302 -7.1242
v  -19.7975 4.3057 -7.1242
v  -19.8081 0.0302 -7.0987
v  -19.8081 4.3057 -7.0987
v  -19.7975 0.0302 -7.0732
v  -19.7975 4.3057 -7.0732
v  -19.7720 0.0302 -7.0626
v  -19.7720 4.3057 -7.0626
v  -19.7466 0.0302 -7.0732
v  -19.7466 4.3057 -7.0732
v  -20.0360 0.0302 -7.0987
v  -20.0466 0.0302 -7.1242
v  -20.0466 4.3057 -7.1242
v  -20.0360 4.3057 -7.0987
v  -20.0720 0.0302 -7.1347
v  -20.0720 4.3057 -7.1347
v  -20.0975 0.0302 -7.1242
v  -20.0975 4.3057 -7.1242
v  -20.1081 0.0302 -7.0987
v  -20.1081 4.3057 -7.0987
v  -20.0975 0.0302 -7.0732
v  -20.0975 4.3057 -7.0732
v  -20.0720 0.0302 -7.0626
v  -20.0720 4.3057 -7.0626
v  -20.0466 0.0302 -7.0732
v  -20.0466 4.3057 -7.0732
v  -20.3360 0.0302 -7.0987
v  -20.3466 0.0302 -7.1242
v  -20.3466 4.3057 -7.1242
v  -20.3360 4.3057 -7.0987
v  -20.3720 0.0302 -7.1347
v  -20.3720 4.3057 -7.1347
v  -20.3975 0.0302 -7.1242
v  -20.3975 4.3057 -7.1242
v  -20.4081 0.0302 -7.0987
v  -20.4081 4.3057 -7.0987
v  -20.3975 0.0302 -7.0732
v  -20.3975 4.3057 -7.0732
v  -20.3720 0.0302 -7.0626
v  -20.3720 4.3057 -7.0626
v  -20.3466 0.0302 -7.0732
v  -20.3466 4.3057 -7.0732
v  -20.6360 0.0302 -7.0987
v  -20.6466 0.0302 -7.1242
v  -20.6466 4.3057 -7.1242
v  -20.6360 4.3057 -7.0987
v  -20.6720 0.0302 -7.1347
v  -20.6720 4.3057 -7.1347
v  -20.6975 0.0302 -7.1242
v  -20.6975 4.3057 -7.1242
v  -20.7081 0.0302 -7.0987
v  -20.7081 4.3057 -7.0987
v  -20.6975 0.0302 -7.0732
v  -20.6975 4.3057 -7.0732
v  -20.6720 0.0302 -7.0626
v  -20.6720 4.3057 -7.0626
v  -20.6466 0.0302 -7.0732
v  -20.6466 4.3057 -7.0732
v  -20.9360 0.0302 -7.0987
v  -20.9466 0.0302 -7.1242
v  -20.9466 4.3057 -7.1242
v  -20.9360 4.3057 -7.0987
v  -20.9720 0.0302 -7.1347
v  -20.9720 4.3057 -7.1347
v  -20.9975 0.0302 -7.1242
v  -20.9975 4.3057 -7.1242
v  -21.0081 0.0302 -7.0987
v  -21.0081 4.3057 -7.0987
v  -20.9975 0.0302 -7.0732
v  -20.9975 4.3057 -7.0732
v  -20.9720 0.0302 -7.0626
v  -20.9720 4.3057 -7.0626
v  -20.9466 0.0302 -7.0732
v  -20.9466 4.3057 -7.0732
v  -23.0360 0.0302 -7.0987
v  -23.0466 0.0302 -7.1242
v  -23.0466 4.3057 -7.1242
v  -23.0360 4.3057 -7.0987
v  -23.0720 0.0302 -7.1347
v  -23.0720 4.3057 -7.1347
v  -23.0975 0.0302 -7.1242
v  -23.0975 4.3057 -7.1242
v  -23.1081 0.0302 -7.0987
v  -23.1081 4.3057 -7.0987
v  -23.0975 0.0302 -7.0732
v  -23.0975 4.3057 -7.0732
v  -23.0720 0.0302 -7.0626
v  -23.0720 4.3057 -7.0626
v  -23.0466 0.0302 -7.0732
v  -23.0466 4.3057 -7.0732
v  -23.3360 0.0302 -7.0987
v  -23.3466 0.0302 -7.1242
v  -23.3466 4.3057 -7.1242
v  -23.3360 4.3057 -7.0987
v  -23.3720 0.0302 -7.1347
v  -23.3720 4.3057 -7.1347
v  -23.3975 0.0302 -7.1242
v  -23.3975 4.3057 -7.1242
v  -23.4081 0.0302 -7.0987
v  -23.4081 4.3057 -7.0987
v  -23.3975 0.0302 -7.0732
v  -23.3975 4.3057 -7.0732
v  -23.3720 0.0302 -7.0626
v  -23.3720 4.3057 -7.0626
v  -23.3466 0.0302 -7.0732
v  -23.3466 4.3057 -7.0732
v  -23.6360 0.0302 -7.0987
v  -23.6466 0.0302 -7.1242
v  -23.6466 4.3057 -7.1242
v  -23.6360 4.3057 -7.0987
v  -23.6720 0.0302 -7.1347
v  -23.6720 4.3057 -7.1347
v  -23.6975 0.0302 -7.1242
v  -23.6975 4.3057 -7.1242
v  -23.7081 0.0302 -7.0987
v  -23.7081 4.3057 -7.0987
v  -23.6975 0.0302 -7.0732
v  -23.6975 4.3057 -7.0732
v  -23.6720 0.0302 -7.0626
v  -23.6720 4.3057 -7.0626
v  -23.6466 0.0302 -7.0732
v  -23.6466 4.3057 -7.0732
v  -23.9360 0.0302 -7.0987
v  -23.9466 0.0302 -7.1242
v  -23.9466 4.3057 -7.1242
v  -23.9360 4.3057 -7.0987
v  -23.9720 0.0302 -7.1347
v  -23.9720 4.3057 -7.1347
v  -23.9975 0.0302 -7.1242
v  -23.9975 4.3057 -7.1242
v  -24.0081 0.0302 -7.0987
v  -24.0081 4.3057 -7.0987
v  -23.9975 0.0302 -7.0732
v  -23.9975 4.3057 -7.0732
v  -23.9720 0.0302 -7.0626
v  -23.9720 4.3057 -7.0626
v  -23.9466 0.0302 -7.0732
v  -23.9466 4.3057 -7.0732
v  -21.6618 3.0303 -7.1242
v  -21.6618 4.3057 -7.1242
v  -21.6512 4.3057 -7.0987
v  -21.6512 3.0303 -7.0987
v  -21.6873 3.0303 -7.1347
v  -21.6873 4.3057 -7.1347
v  -21.7128 3.0303 -7.1242
v  -21.7128 4.3057 -7.1242
v  -21.7233 3.0303 -7.0987
v  -21.7233 4.3057 -7.0987
v  -21.7128 3.0303 -7.0732
v  -21.7128 4.3057 -7.0732
v  -21.6873 3.0303 -7.0626
v  -21.6873 4.3057 -7.0626
v  -21.6618 3.0303 -7.0732
v  -21.6618 4.3057 -7.0732
v  -21.9618 3.0303 -7.1242
v  -21.9618 4.3057 -7.1242
v  -21.9512 4.3057 -7.0987
v  -21.9512 3.0303 -7.0987
v  -21.9873 3.0303 -7.1347
v  -21.9873 4.3057 -7.1347
v  -22.0128 3.0303 -7.1242
v  -22.0128 4.3057 -7.1242
v  -22.0233 3.0303 -7.0987
v  -22.0233 4.3057 -7.0987
v  -22.0128 3.0303 -7.0732
v  -22.0128 4.3057 -7.0732
v  -21.9873 3.0303 -7.0626
v  -21.9873 4.3057 -7.0626
v  -21.9618 3.0303 -7.0732
v  -21.9618 4.3057 -7.0732
v  -22.2618 3.0303 -7.1242
v  -22.2618 4.3057 -7.1242
v  -22.2512 4.3057 -7.0987
v  -22.2512 3.0303 -7.0987
v  -22.2873 3.0303 -7.1347
v  -22.2873 4.3057 -7.1347
v  -22.3128 3.0303 -7.1242
v  -22.3128 4.3057 -7.1242
v  -22.3233 3.0303 -7.0987
v  -22.3233 4.3057 -7.0987
v  -22.3128 3.0303 -7.0732
v  -22.3128 4.3057 -7.0732
v  -22.2873 3.0303 -7.0626
v  -22.2873 4.3057 -7.0626
v  -22.2618 3.0303 -7.0732
v  -22.2618 4.3057 -7.0732
v  -22.5618 3.0303 -7.1242
v  -22.5618 4.3057 -7.1242
v  -22.5512 4.3057 -7.0987
v  -22.5512 3.0303 -7.0987
v  -22.5873 3.0303 -7.1347
v  -22.5873 4.3057 -7.1347
v  -22.6128 3.0303 -7.1242
v  -22.6128 4.3057 -7.1242
v  -22.6233 3.0303 -7.0987
v  -22.6233 4.3057 -7.0987
v  -22.6128 3.0303 -7.0732
v  -22.6128 4.3057 -7.0732
v  -22.5873 3.0303 -7.0626
v  -22.5873 4.3057 -7.0626
v  -22.5618 3.0303 -7.0732
v  -22.5618 4.3057 -7.0732
v  -21.3652 3.0303 -7.1242
v  -21.3652 4.3057 -7.1242
v  -21.3546 4.3057 -7.0987
v  -21.3546 3.0303 -7.0987
v  -21.3907 3.0303 -7.1347
v  -21.3907 4.3057 -7.1347
v  -21.4161 3.0303 -7.1242
v  -21.4161 4.3057 -7.1242
v  -21.4267 3.0303 -7.0987
v  -21.4267 4.3057 -7.0987
v  -21.4161 3.0303 -7.0732
v  -21.4161 4.3057 -7.0732
v  -21.3907 3.0303 -7.0626
v  -21.3907 4.3057 -7.0626
v  -21.3652 3.0303 -7.0732
v  -21.3652 4.3057 -7.0732
v  -22.9279 0.0302 -7.1303
v  -22.9279 0.0302 -7.0670
v  -22.9279 4.3057 -7.0670
v  -22.9279 4.3057 -7.1303
v  -22.8548 0.0302 -7.0670
v  -22.8548 4.3057 -7.0670
v  -21.0946 0.0302 -7.1303
v  -21.0946 4.3057 -7.1303
v  -21.0946 4.3057 -7.0670
v  -21.0946 0.0302 -7.0670
v  -21.1678 0.0302 -7.1303
v  -21.1678 4.3057 -7.1303
v  -22.8548 0.0302 -7.1303
v  -22.8548 4.3057 -7.1303
v  -21.1678 0.0302 -7.0670
v  -21.1678 4.3057 -7.0670
v  -24.4532 0.0297 -7.1424
v  -22.8788 0.0297 -7.1424
v  -22.8788 0.0297 -7.0575
v  -24.4532 0.0297 -7.0575
v  -24.4532 0.0414 -7.1580
v  -24.4532 0.1603 -7.1580
v  -22.8788 0.1603 -7.1580
v  -22.8788 0.0414 -7.1580
v  -24.4532 0.1720 -7.1424
v  -24.4532 0.1720 -7.0575
v  -22.8788 0.1720 -7.0575
v  -22.8788 0.1720 -7.1424
v  -24.4532 0.1603 -7.0419
v  -24.4532 0.0414 -7.0419
v  -22.8788 0.0414 -7.0419
v  -22.8788 0.1603 -7.0419
v  -18.1537 0.0297 -7.1424
v  -21.1516 0.0297 -7.1424
v  -21.1516 0.0414 -7.1580
v  -18.1537 0.0414 -7.1580
v  -18.1537 0.1603 -7.1580
v  -21.1516 0.1603 -7.1580
v  -21.1516 0.1720 -7.1424
v  -18.1537 0.1720 -7.1424
v  -18.1537 0.1720 -7.0575
v  -21.1516 0.1720 -7.0575
v  -21.1516 0.1603 -7.0419
v  -18.1537 0.1603 -7.0419
v  -18.1537 0.0414 -7.0419
v  -21.1516 0.0414 -7.0419
v  -21.1516 0.0297 -7.0575
v  -18.1537 0.0297 -7.0575
v  -21.1640 0.0531 -7.0632
v  -21.1640 0.0531 -7.1367
v  -21.1640 0.1486 -7.1367
v  -21.1640 0.1486 -7.0632
v  -22.8577 0.0531 -7.1367
v  -22.8577 0.0531 -7.0632
v  -22.8577 0.1486 -7.1367
v  -22.8577 0.1486 -7.0632
v  -24.4532 4.0969 -7.1424
v  -18.1537 4.0969 -7.1424
v  -18.1537 4.0969 -7.0575
v  -24.4532 4.0969 -7.0575
v  -24.4532 4.1086 -7.1580
v  -24.4532 4.2276 -7.1580
v  -18.1537 4.2276 -7.1580
v  -18.1537 4.1086 -7.1580
v  -24.4532 4.2393 -7.1424
v  -24.4532 4.2393 -7.0575
v  -18.1537 4.2393 -7.0575
v  -18.1537 4.2393 -7.1424
v  -24.4532 4.2276 -7.0419
v  -24.4532 4.1086 -7.0419
v  -18.1537 4.1086 -7.0419
v  -18.1537 4.2276 -7.0419
v  -24.4532 1.2542 -7.1424
v  -22.8695 1.2542 -7.1424
v  -22.8695 1.2542 -7.0575
v  -24.4532 1.2542 -7.0575
v  -24.4532 1.2659 -7.1580
v  -24.4532 1.3188 -7.1580
v  -22.8695 1.3188 -7.1580
v  -22.8695 1.2659 -7.1580
v  -24.4532 1.3305 -7.1424
v  -24.4532 1.3305 -7.0575
v  -22.8695 1.3305 -7.0575
v  -22.8695 1.3305 -7.1424
v  -24.4532 1.3188 -7.0419
v  -24.4532 1.2659 -7.0419
v  -22.8695 1.2659 -7.0419
v  -22.8695 1.3188 -7.0419
v  -18.1537 1.2542 -7.1424
v  -21.1528 1.2542 -7.1424
v  -21.1528 1.2659 -7.1580
v  -18.1537 1.2659 -7.1580
v  -18.1537 1.3188 -7.1580
v  -21.1528 1.3188 -7.1580
v  -21.1528 1.3305 -7.1424
v  -18.1537 1.3305 -7.1424
v  -18.1537 1.3305 -7.0575
v  -21.1528 1.3305 -7.0575
v  -21.1528 1.3188 -7.0419
v  -18.1537 1.3188 -7.0419
v  -18.1537 1.2659 -7.0419
v  -21.1528 1.2659 -7.0419
v  -21.1528 1.2542 -7.0575
v  -18.1537 1.2542 -7.0575
v  -24.4532 1.5295 -7.1424
v  -22.8709 1.5295 -7.1424
v  -22.8709 1.5295 -7.0575
v  -24.4532 1.5295 -7.0575
v  -24.4532 1.5412 -7.1580
v  -24.4532 1.5942 -7.1580
v  -22.8709 1.5942 -7.1580
v  -22.8709 1.5412 -7.1580
v  -24.4532 1.6058 -7.1424
v  -24.4532 1.6058 -7.0575
v  -22.8709 1.6058 -7.0575
v  -22.8709 1.6058 -7.1424
v  -24.4532 1.5942 -7.0419
v  -24.4532 1.5412 -7.0419
v  -22.8709 1.5412 -7.0419
v  -22.8709 1.5942 -7.0419
v  -18.1537 1.5295 -7.1424
v  -21.1502 1.5295 -7.1424
v  -21.1502 1.5412 -7.1580
v  -18.1537 1.5412 -7.1580
v  -18.1537 1.5942 -7.1580
v  -21.1502 1.5942 -7.1580
v  -21.1502 1.6058 -7.1424
v  -18.1537 1.6058 -7.1424
v  -18.1537 1.6058 -7.0575
v  -21.1502 1.6058 -7.0575
v  -21.1502 1.5942 -7.0419
v  -18.1537 1.5942 -7.0419
v  -18.1537 1.5412 -7.0419
v  -21.1502 1.5412 -7.0419
v  -21.1502 1.5295 -7.0575
v  -18.1537 1.5295 -7.0575
v  -21.1623 1.5452 -7.0650
v  -21.1623 1.5452 -7.1349
v  -21.1623 1.5902 -7.1349
v  -21.1623 1.5902 -7.0650
v  -21.1648 1.2698 -7.1349
v  -21.1648 1.3149 -7.1349
v  -21.1648 1.3149 -7.0650
v  -21.1648 1.2698 -7.0650
v  -22.8612 1.5452 -7.1349
v  -22.8612 1.5452 -7.0650
v  -22.8612 1.5902 -7.1349
v  -22.8612 1.5902 -7.0650
v  -22.8598 1.2698 -7.1349
v  -22.8598 1.2698 -7.0650
v  -22.8598 1.3149 -7.1349
v  -22.8598 1.3149 -7.0650
v  -3.1057 0.0000 -16.2346
v  -3.3192 0.0000 -16.2346
v  -3.3192 0.0611 -16.2346
v  -3.1057 0.0611 -16.2346
v  -3.1057 0.0000 -7.0083
v  -3.1057 0.0611 -7.0083
v  -3.3192 0.0611 -7.0083
v  -3.3192 0.0000 -7.0083
v  -3.1057 0.0000 -16.1067
v  -3.3192 0.0000 -16.1067
v  3.1057 0.0000 -16.2345
v  3.1057 0.0611 -16.2345
v  3.5327 0.0611 -16.2345
v  3.5327 0.0000 -16.2345
v  3.1057 0.0000 -7.0082
v  3.5327 0.0000 -7.0082
v  3.5327 0.0611 -7.0082
v  3.1057 0.0611 -7.0082
v  3.5327 0.0000 -16.1066
v  3.1057 0.0000 -16.1066
v  3.5327 0.0611 -16.1066
v  3.5327 4.5102 -16.2345
v  3.1057 4.5102 -16.2345
v  3.1057 4.5102 -16.1066
v  3.5327 4.5102 -16.1066
v  -3.1057 4.2219 -7.0083
v  -3.3192 4.2219 -7.0083
v  3.1057 4.2219 -16.2345
v  3.5327 4.2219 -16.2345
v  3.5327 4.2219 -7.0082
v  3.1057 4.2219 -7.0082
v  3.5327 4.2219 -16.1066
v  3.1057 0.0611 -7.1536
v  -3.1057 0.0611 -7.1537
v  -3.1057 0.0000 -7.1537
v  -3.3192 0.0000 -7.1537
v  3.5327 0.0000 -7.1536
v  3.1057 0.0000 -7.1536
v  3.5327 0.0611 -7.1536
v  3.1057 4.5102 -7.1536
v  3.5327 4.5102 -7.1536
v  3.1057 0.0611 -16.1066
v  3.1057 4.2219 -7.1536
v  3.1057 4.2219 -16.1066
v  3.5327 4.2219 -7.1536
v  -3.1057 4.2219 -16.2346
v  -3.1057 4.5102 -16.2346
v  -3.1057 4.2219 -16.1067
v  -3.1057 0.0611 -16.1067
v  3.1057 4.5102 -7.0082
v  3.5327 4.5102 -7.0082
v  -3.1057 4.5102 -7.0083
v  -3.3192 4.5102 -7.0083
v  -3.1057 4.2219 -7.1537
v  -3.1057 4.5102 -16.1067
v  -3.1057 4.5102 -7.1537
v  -3.1580 2.9897 -7.1424
v  3.1415 2.9897 -7.1424
v  3.1415 2.9897 -7.0575
v  -3.1580 2.9897 -7.0575
v  -3.1580 3.0014 -7.1580
v  -3.1580 3.1204 -7.1580
v  3.1415 3.1204 -7.1580
v  3.1415 3.0014 -7.1580
v  -3.1580 3.1320 -7.1424
v  -3.1580 3.1320 -7.0575
v  3.1415 3.1320 -7.0575
v  3.1415 3.1320 -7.1424
v  -3.1580 3.1204 -7.0419
v  -3.1580 3.0014 -7.0419
v  3.1415 3.0014 -7.0419
v  3.1415 3.1204 -7.0419
v  -2.9409 0.0302 -7.0987
v  -2.9514 0.0302 -7.1242
v  -2.9514 4.3057 -7.1242
v  -2.9409 4.3057 -7.0987
v  -2.9769 0.0302 -7.1347
v  -2.9769 4.3057 -7.1347
v  -3.0024 0.0302 -7.1242
v  -3.0024 4.3057 -7.1242
v  -3.0129 0.0302 -7.0987
v  -3.0129 4.3057 -7.0987
v  -3.0024 0.0302 -7.0732
v  -3.0024 4.3057 -7.0732
v  -2.9769 0.0302 -7.0626
v  -2.9769 4.3057 -7.0626
v  -2.9514 0.0302 -7.0732
v  -2.9514 4.3057 -7.0732
v  3.0591 0.0302 -7.0987
v  3.0486 0.0302 -7.1242
v  3.0486 4.3057 -7.1242
v  3.0591 4.3057 -7.0987
v  3.0231 0.0302 -7.1347
v  3.0231 4.3057 -7.1347
v  2.9976 0.0302 -7.1242
v  2.9976 4.3057 -7.1242
v  2.9871 0.0302 -7.0987
v  2.9871 4.3057 -7.0987
v  2.9976 0.0302 -7.0732
v  2.9976 4.3057 -7.0732
v  3.0231 0.0302 -7.0626
v  3.0231 4.3057 -7.0626
v  3.0486 0.0302 -7.0732
v  3.0486 4.3057 -7.0732
v  2.7591 0.0302 -7.0987
v  2.7486 0.0302 -7.1242
v  2.7486 4.3057 -7.1242
v  2.7591 4.3057 -7.0987
v  2.7231 0.0302 -7.1347
v  2.7231 4.3057 -7.1347
v  2.6976 0.0302 -7.1242
v  2.6976 4.3057 -7.1242
v  2.6871 0.0302 -7.0987
v  2.6871 4.3057 -7.0987
v  2.6976 0.0302 -7.0732
v  2.6976 4.3057 -7.0732
v  2.7231 0.0302 -7.0626
v  2.7231 4.3057 -7.0626
v  2.7486 0.0302 -7.0732
v  2.7486 4.3057 -7.0732
v  2.4591 0.0302 -7.0987
v  2.4486 0.0302 -7.1242
v  2.4486 4.3057 -7.1242
v  2.4591 4.3057 -7.0987
v  2.4231 0.0302 -7.1347
v  2.4231 4.3057 -7.1347
v  2.3976 0.0302 -7.1242
v  2.3976 4.3057 -7.1242
v  2.3871 0.0302 -7.0987
v  2.3871 4.3057 -7.0987
v  2.3976 0.0302 -7.0732
v  2.3976 4.3057 -7.0732
v  2.4231 0.0302 -7.0626
v  2.4231 4.3057 -7.0626
v  2.4486 0.0302 -7.0732
v  2.4486 4.3057 -7.0732
v  2.1591 0.0302 -7.0987
v  2.1486 0.0302 -7.1242
v  2.1486 4.3057 -7.1242
v  2.1591 4.3057 -7.0987
v  2.1231 0.0302 -7.1347
v  2.1231 4.3057 -7.1347
v  2.0976 0.0302 -7.1242
v  2.0976 4.3057 -7.1242
v  2.0871 0.0302 -7.0987
v  2.0871 4.3057 -7.0987
v  2.0976 0.0302 -7.0732
v  2.0976 4.3057 -7.0732
v  2.1231 0.0302 -7.0626
v  2.1231 4.3057 -7.0626
v  2.1486 0.0302 -7.0732
v  2.1486 4.3057 -7.0732
v  1.8591 0.0302 -7.0987
v  1.8486 0.0302 -7.1242
v  1.8486 4.3057 -7.1242
v  1.8591 4.3057 -7.0987
v  1.8231 0.0302 -7.1347
v  1.8231 4.3057 -7.1347
v  1.7976 0.0302 -7.1242
v  1.7976 4.3057 -7.1242
v  1.7871 0.0302 -7.0987
v  1.7871 4.3057 -7.0987
v  1.7976 0.0302 -7.0732
v  1.7976 4.3057 -7.0732
v  1.8231 0.0302 -7.0626
v  1.8231 4.3057 -7.0626
v  1.8486 0.0302 -7.0732
v  1.8486 4.3057 -7.0732
v  1.5591 0.0302 -7.0987
v  1.5486 0.0302 -7.1242
v  1.5486 4.3057 -7.1242
v  1.5591 4.3057 -7.0987
v  1.5231 0.0302 -7.1347
v  1.5231 4.3057 -7.1347
v  1.4976 0.0302 -7.1242
v  1.4976 4.3057 -7.1242
v  1.4871 0.0302 -7.0987
v  1.4871 4.3057 -7.0987
v  1.4976 0.0302 -7.0732
v  1.4976 4.3057 -7.0732
v  1.5231 0.0302 -7.0626
v  1.5231 4.3057 -7.0626
v  1.5486 0.0302 -7.0732
v  1.5486 4.3057 -7.0732
v  1.2591 0.0302 -7.0987
v  1.2486 0.0302 -7.1242
v  1.2486 4.3057 -7.1242
v  1.2591 4.3057 -7.0987
v  1.2231 0.0302 -7.1347
v  1.2231 4.3057 -7.1347
v  1.1976 0.0302 -7.1242
v  1.1976 4.3057 -7.1242
v  1.1871 0.0302 -7.0987
v  1.1871 4.3057 -7.0987
v  1.1976 0.0302 -7.0732
v  1.1976 4.3057 -7.0732
v  1.2231 0.0302 -7.0626
v  1.2231 4.3057 -7.0626
v  1.2486 0.0302 -7.0732
v  1.2486 4.3057 -7.0732
v  0.9591 0.0302 -7.0987
v  0.9486 0.0302 -7.1242
v  0.9486 4.3057 -7.1242
v  0.9591 4.3057 -7.0987
v  0.9231 0.0302 -7.1347
v  0.9231 4.3057 -7.1347
v  0.8976 0.0302 -7.1242
v  0.8976 4.3057 -7.1242
v  0.8871 0.0302 -7.0987
v  0.8871 4.3057 -7.0987
v  0.8976 0.0302 -7.0732
v  0.8976 4.3057 -7.0732
v  0.9231 0.0302 -7.0626
v  0.9231 4.3057 -7.0626
v  0.9486 0.0302 -7.0732
v  0.9486 4.3057 -7.0732
v  0.6591 0.0302 -7.0987
v  0.6486 0.0302 -7.1242
v  0.6486 4.3057 -7.1242
v  0.6591 4.3057 -7.0987
v  0.6231 0.0302 -7.1347
v  0.6231 4.3057 -7.1347
v  0.5976 0.0302 -7.1242
v  0.5976 4.3057 -7.1242
v  0.5871 0.0302 -7.0987
v  0.5871 4.3057 -7.0987
v  0.5976 0.0302 -7.0732
v  0.5976 4.3057 -7.0732
v  0.6231 0.0302 -7.0626
v  0.6231 4.3057 -7.0626
v  0.6486 0.0302 -7.0732
v  0.6486 4.3057 -7.0732
v  0.3591 0.0302 -7.0987
v  0.3486 0.0302 -7.1242
v  0.3486 4.3057 -7.1242
v  0.3591 4.3057 -7.0987
v  0.3231 0.0302 -7.1347
v  0.3231 4.3057 -7.1347
v  0.2976 0.0302 -7.1242
v  0.2976 4.3057 -7.1242
v  0.2871 0.0302 -7.0987
v  0.2871 4.3057 -7.0987
v  0.2976 0.0302 -7.0732
v  0.2976 4.3057 -7.0732
v  0.3231 0.0302 -7.0626
v  0.3231 4.3057 -7.0626
v  0.3486 0.0302 -7.0732
v  0.3486 4.3057 -7.0732
v  -1.7409 0.0302 -7.0987
v  -1.7514 0.0302 -7.1242
v  -1.7514 4.3057 -7.1242
v  -1.7409 4.3057 -7.0987
v  -1.7769 0.0302 -7.1347
v  -1.7769 4.3057 -7.1347
v  -1.8024 0.0302 -7.1242
v  -1.8024 4.3057 -7.1242
v  -1.8129 0.0302 -7.0987
v  -1.8129 4.3057 -7.0987
v  -1.8024 0.0302 -7.0732
v  -1.8024 4.3057 -7.0732
v  -1.7769 0.0302 -7.0626
v  -1.7769 4.3057 -7.0626
v  -1.7514 0.0302 -7.0732
v  -1.7514 4.3057 -7.0732
v  -2.0409 0.0302 -7.0987
v  -2.0514 0.0302 -7.1242
v  -2.0514 4.3057 -7.1242
v  -2.0409 4.3057 -7.0987
v  -2.0769 0.0302 -7.1347
v  -2.0769 4.3057 -7.1347
v  -2.1024 0.0302 -7.1242
v  -2.1024 4.3057 -7.1242
v  -2.1129 0.0302 -7.0987
v  -2.1129 4.3057 -7.0987
v  -2.1024 0.0302 -7.0732
v  -2.1024 4.3057 -7.0732
v  -2.0769 0.0302 -7.0626
v  -2.0769 4.3057 -7.0626
v  -2.0514 0.0302 -7.0732
v  -2.0514 4.3057 -7.0732
v  -2.3409 0.0302 -7.0987
v  -2.3514 0.0302 -7.1242
v  -2.3514 4.3057 -7.1242
v  -2.3409 4.3057 -7.0987
v  -2.3769 0.0302 -7.1347
v  -2.3769 4.3057 -7.1347
v  -2.4024 0.0302 -7.1242
v  -2.4024 4.3057 -7.1242
v  -2.4129 0.0302 -7.0987
v  -2.4129 4.3057 -7.0987
v  -2.4024 0.0302 -7.0732
v  -2.4024 4.3057 -7.0732
v  -2.3769 0.0302 -7.0626
v  -2.3769 4.3057 -7.0626
v  -2.3514 0.0302 -7.0732
v  -2.3514 4.3057 -7.0732
v  -2.6409 0.0302 -7.0987
v  -2.6514 0.0302 -7.1242
v  -2.6514 4.3057 -7.1242
v  -2.6409 4.3057 -7.0987
v  -2.6769 0.0302 -7.1347
v  -2.6769 4.3057 -7.1347
v  -2.7024 0.0302 -7.1242
v  -2.7024 4.3057 -7.1242
v  -2.7129 0.0302 -7.0987
v  -2.7129 4.3057 -7.0987
v  -2.7024 0.0302 -7.0732
v  -2.7024 4.3057 -7.0732
v  -2.6769 0.0302 -7.0626
v  -2.6769 4.3057 -7.0626
v  -2.6514 0.0302 -7.0732
v  -2.6514 4.3057 -7.0732
v  -0.3667 3.0303 -7.1242
v  -0.3667 4.3057 -7.1242
v  -0.3561 4.3057 -7.0987
v  -0.3561 3.0303 -7.0987
v  -0.3921 3.0303 -7.1347
v  -0.3921 4.3057 -7.1347
v  -0.4176 3.0303 -7.1242
v  -0.4176 4.3057 -7.1242
v  -0.4282 3.0303 -7.0987
v  -0.4282 4.3057 -7.0987
v  -0.4176 3.0303 -7.0732
v  -0.4176 4.3057 -7.0732
v  -0.3921 3.0303 -7.0626
v  -0.3921 4.3057 -7.0626
v  -0.3667 3.0303 -7.0732
v  -0.3667 4.3057 -7.0732
v  -0.6667 3.0303 -7.1242
v  -0.6667 4.3057 -7.1242
v  -0.6561 4.3057 -7.0987
v  -0.6561 3.0303 -7.0987
v  -0.6921 3.0303 -7.1347
v  -0.6921 4.3057 -7.1347
v  -0.7176 3.0303 -7.1242
v  -0.7176 4.3057 -7.1242
v  -0.7282 3.0303 -7.0987
v  -0.7282 4.3057 -7.0987
v  -0.7176 3.0303 -7.0732
v  -0.7176 4.3057 -7.0732
v  -0.6921 3.0303 -7.0626
v  -0.6921 4.3057 -7.0626
v  -0.6667 3.0303 -7.0732
v  -0.6667 4.3057 -7.0732
v  -0.9667 3.0303 -7.1242
v  -0.9667 4.3057 -7.1242
v  -0.9561 4.3057 -7.0987
v  -0.9561 3.0303 -7.0987
v  -0.9921 3.0303 -7.1347
v  -0.9921 4.3057 -7.1347
v  -1.0176 3.0303 -7.1242
v  -1.0176 4.3057 -7.1242
v  -1.0282 3.0303 -7.0987
v  -1.0282 4.3057 -7.0987
v  -1.0176 3.0303 -7.0732
v  -1.0176 4.3057 -7.0732
v  -0.9921 3.0303 -7.0626
v  -0.9921 4.3057 -7.0626
v  -0.9667 3.0303 -7.0732
v  -0.9667 4.3057 -7.0732
v  -1.2667 3.0303 -7.1242
v  -1.2667 4.3057 -7.1242
v  -1.2561 4.3057 -7.0987
v  -1.2561 3.0303 -7.0987
v  -1.2921 3.0303 -7.1347
v  -1.2921 4.3057 -7.1347
v  -1.3176 3.0303 -7.1242
v  -1.3176 4.3057 -7.1242
v  -1.3282 3.0303 -7.0987
v  -1.3282 4.3057 -7.0987
v  -1.3176 3.0303 -7.0732
v  -1.3176 4.3057 -7.0732
v  -1.2921 3.0303 -7.0626
v  -1.2921 4.3057 -7.0626
v  -1.2667 3.0303 -7.0732
v  -1.2667 4.3057 -7.0732
v  -0.0701 3.0303 -7.1242
v  -0.0701 4.3057 -7.1242
v  -0.0595 4.3057 -7.0987
v  -0.0595 3.0303 -7.0987
v  -0.0955 3.0303 -7.1347
v  -0.0955 4.3057 -7.1347
v  -0.1210 3.0303 -7.1242
v  -0.1210 4.3057 -7.1242
v  -0.1316 3.0303 -7.0987
v  -0.1316 4.3057 -7.0987
v  -0.1210 3.0303 -7.0732
v  -0.1210 4.3057 -7.0732
v  -0.0955 3.0303 -7.0626
v  -0.0955 4.3057 -7.0626
v  -0.0701 3.0303 -7.0732
v  -0.0701 4.3057 -7.0732
v  -1.6328 0.0302 -7.1303
v  -1.6328 0.0302 -7.0670
v  -1.6328 4.3057 -7.0670
v  -1.6328 4.3057 -7.1303
v  -1.5596 0.0302 -7.0670
v  -1.5596 4.3057 -7.0670
v  0.2005 0.0302 -7.1303
v  0.2005 4.3057 -7.1303
v  0.2005 4.3057 -7.0670
v  0.2005 0.0302 -7.0670
v  0.1273 0.0302 -7.1303
v  0.1273 4.3057 -7.1303
v  -1.5596 0.0302 -7.1303
v  -1.5596 4.3057 -7.1303
v  0.1273 0.0302 -7.0670
v  0.1273 4.3057 -7.0670
v  -3.1580 0.0297 -7.1424
v  -1.5836 0.0297 -7.1424
v  -1.5836 0.0297 -7.0575
v  -3.1580 0.0297 -7.0575
v  -3.1580 0.0414 -7.1580
v  -3.1580 0.1603 -7.1580
v  -1.5836 0.1603 -7.1580
v  -1.5836 0.0414 -7.1580
v  -3.1580 0.1720 -7.1424
v  -3.1580 0.1720 -7.0575
v  -1.5836 0.1720 -7.0575
v  -1.5836 0.1720 -7.1424
v  -3.1580 0.1603 -7.0419
v  -3.1580 0.0414 -7.0419
v  -1.5836 0.0414 -7.0419
v  -1.5836 0.1603 -7.0419
v  3.1415 0.0297 -7.1424
v  0.1435 0.0297 -7.1424
v  0.1435 0.0414 -7.1580
v  3.1415 0.0414 -7.1580
v  3.1415 0.1603 -7.1580
v  0.1435 0.1603 -7.1580
v  0.1435 0.1720 -7.1424
v  3.1415 0.1720 -7.1424
v  3.1415 0.1720 -7.0575
v  0.1435 0.1720 -7.0575
v  0.1435 0.1603 -7.0419
v  3.1415 0.1603 -7.0419
v  3.1415 0.0414 -7.0419
v  0.1435 0.0414 -7.0419
v  0.1435 0.0297 -7.0575
v  3.1415 0.0297 -7.0575
v  0.1311 0.0531 -7.0632
v  0.1311 0.0531 -7.1367
v  0.1311 0.1486 -7.1367
v  0.1311 0.1486 -7.0632
v  -1.5626 0.0531 -7.1367
v  -1.5626 0.0531 -7.0632
v  -1.5626 0.1486 -7.1367
v  -1.5626 0.1486 -7.0632
v  -3.1580 4.0969 -7.1424
v  3.1415 4.0969 -7.1424
v  3.1415 4.0969 -7.0575
v  -3.1580 4.0969 -7.0575
v  -3.1580 4.1086 -7.1580
v  -3.1580 4.2276 -7.1580
v  3.1415 4.2276 -7.1580
v  3.1415 4.1086 -7.1580
v  -3.1580 4.2393 -7.1424
v  -3.1580 4.2393 -7.0575
v  3.1415 4.2393 -7.0575
v  3.1415 4.2393 -7.1424
v  -3.1580 4.2276 -7.0419
v  -3.1580 4.1086 -7.0419
v  3.1415 4.1086 -7.0419
v  3.1415 4.2276 -7.0419
v  -3.1580 1.2542 -7.1424
v  -1.5744 1.2542 -7.1424
v  -1.5744 1.2542 -7.0575
v  -3.1580 1.2542 -7.0575
v  -3.1580 1.2659 -7.1580
v  -3.1580 1.3188 -7.1580
v  -1.5744 1.3188 -7.1580
v  -1.5744 1.2659 -7.1580
v  -3.1580 1.3305 -7.1424
v  -3.1580 1.3305 -7.0575
v  -1.5744 1.3305 -7.0575
v  -1.5744 1.3305 -7.1424
v  -3.1580 1.3188 -7.0419
v  -3.1580 1.2659 -7.0419
v  -1.5744 1.2659 -7.0419
v  -1.5744 1.3188 -7.0419
v  3.1415 1.2542 -7.1424
v  0.1424 1.2542 -7.1424
v  0.1424 1.2659 -7.1580
v  3.1415 1.2659 -7.1580
v  3.1415 1.3188 -7.1580
v  0.1424 1.3188 -7.1580
v  0.1424 1.3305 -7.1424
v  3.1415 1.3305 -7.1424
v  3.1415 1.3305 -7.0575
v  0.1424 1.3305 -7.0575
v  0.1424 1.3188 -7.0419
v  3.1415 1.3188 -7.0419
v  3.1415 1.2659 -7.0419
v  0.1424 1.2659 -7.0419
v  0.1424 1.2542 -7.0575
v  3.1415 1.2542 -7.0575
v  -3.1580 1.5295 -7.1424
v  -1.5758 1.5295 -7.1424
v  -1.5758 1.5295 -7.0575
v  -3.1580 1.5295 -7.0575
v  -3.1580 1.5412 -7.1580
v  -3.1580 1.5942 -7.1580
v  -1.5758 1.5942 -7.1580
v  -1.5758 1.5412 -7.1580
v  -3.1580 1.6058 -7.1424
v  -3.1580 1.6058 -7.0575
v  -1.5758 1.6058 -7.0575
v  -1.5758 1.6058 -7.1424
v  -3.1580 1.5942 -7.0419
v  -3.1580 1.5412 -7.0419
v  -1.5758 1.5412 -7.0419
v  -1.5758 1.5942 -7.0419
v  3.1415 1.5295 -7.1424
v  0.1449 1.5295 -7.1424
v  0.1449 1.5412 -7.1580
v  3.1415 1.5412 -7.1580
v  3.1415 1.5942 -7.1580
v  0.1449 1.5942 -7.1580
v  0.1449 1.6058 -7.1424
v  3.1415 1.6058 -7.1424
v  3.1415 1.6058 -7.0575
v  0.1449 1.6058 -7.0575
v  0.1449 1.5942 -7.0419
v  3.1415 1.5942 -7.0419
v  3.1415 1.5412 -7.0419
v  0.1449 1.5412 -7.0419
v  0.1449 1.5295 -7.0575
v  3.1415 1.5295 -7.0575
v  0.1328 1.5452 -7.0650
v  0.1328 1.5452 -7.1349
v  0.1328 1.5902 -7.1349
v  0.1328 1.5902 -7.0650
v  0.1303 1.2698 -7.1349
v  0.1303 1.3149 -7.1349
v  0.1303 1.3149 -7.0650
v  0.1303 1.2698 -7.0650
v  -1.5660 1.5452 -7.1349
v  -1.5660 1.5452 -7.0650
v  -1.5660 1.5902 -7.1349
v  -1.5660 1.5902 -7.0650
v  -1.5647 1.2698 -7.1349
v  -1.5647 1.2698 -7.0650
v  -1.5647 1.3149 -7.1349
v  -1.5647 1.3149 -7.0650
v  -10.4175 4.5102 -16.1067
v  -10.4175 4.5102 -16.2346
v  -3.7151 0.0611 -16.3514
v  -3.3834 0.0611 -16.3515
v  -3.3834 -0.1169 -16.3515
v  -3.7151 -0.1169 -16.3514
v  -10.4175 4.2219 -16.2346
v  -3.7151 4.2219 -16.3514
v  -3.3834 4.2219 -16.3515
v  -3.7792 4.2219 -7.0082
v  -10.4175 4.5102 -7.1537
v  -3.7792 0.0000 -7.1536
v  -3.7150 4.6270 -7.1536
v  -3.3833 4.6270 -7.1537
v  -3.7150 4.6270 -6.8914
v  -3.3833 4.6270 -6.8915
v  -17.5159 4.5102 -16.1067
v  -17.5159 4.5102 -16.2346
v  -10.8135 0.0611 -16.3514
v  -10.4817 0.0611 -16.3515
v  -10.4817 -0.1169 -16.3515
v  -10.8135 -0.1169 -16.3514
v  -17.5159 4.2219 -16.2346
v  -10.8135 4.2219 -16.3514
v  -10.4817 4.2219 -16.3515
v  -10.8776 4.2219 -7.0082
v  -17.5159 4.5102 -7.1537
v  -10.8776 0.0000 -7.1536
v  -10.8134 4.6270 -7.1536
v  -10.4817 4.6270 -7.1537
v  -10.8134 4.6270 -6.8914
v  -10.4817 4.6270 -6.8915
v  -17.9118 0.0611 -16.3514
v  -17.5801 0.0611 -16.3515
v  -17.5801 -0.1169 -16.3515
v  -17.9118 -0.1169 -16.3514
v  -17.9118 4.2219 -16.3514
v  -17.5801 4.2219 -16.3515
v  -17.9760 4.2219 -7.0082
v  -17.9760 0.0000 -7.1536
v  -17.9118 4.6270 -7.1536
v  -17.5801 4.6270 -7.1537
v  -17.9118 4.6270 -6.8914
v  -17.5801 4.6270 -6.8915
v  -3.3192 4.5102 -16.1067
v  -3.3192 4.5102 -16.2346
v  -3.3192 4.2219 -16.2346
v  -3.3192 4.5102 -7.1537
v  -10.2040 4.9324 -16.2346
v  -10.4175 4.9324 -16.2346
v  -10.4175 4.9935 -16.2346
v  -10.2040 4.9935 -16.2346
v  -10.2040 4.9324 -7.0083
v  -10.2040 4.9935 -7.0083
v  -10.4175 4.9935 -7.0083
v  -10.4175 4.9324 -7.0083
v  -10.2040 4.9324 -16.1067
v  -10.4175 4.9324 -16.1067
v  -3.9927 4.9324 -16.2345
v  -3.9927 4.9935 -16.2345
v  -3.7792 4.9935 -16.2345
v  -3.7792 4.9324 -16.2345
v  -3.9927 4.9324 -7.0082
v  -3.7792 4.9324 -7.0082
v  -3.7792 4.9935 -7.0082
v  -3.9927 4.9935 -7.0082
v  -3.7792 4.9324 -16.1066
v  -3.9927 4.9324 -16.1066
v  -3.7151 9.5594 -16.3514
v  -3.7150 9.5594 -16.1066
v  -3.3833 9.5594 -16.1067
v  -3.3834 9.5594 -16.3515
v  -10.2040 9.1543 -7.0083
v  -10.4175 9.1543 -7.0083
v  -3.9927 9.1543 -16.2345
v  -3.7792 9.1543 -16.2345
v  -3.3833 4.9935 -6.8915
v  -3.3833 9.0119 -6.8915
v  -3.7150 9.0119 -6.8914
v  -3.7150 4.9935 -6.8914
v  -3.9927 4.9935 -7.1536
v  -10.2040 4.9935 -7.1537
v  -10.2040 4.9324 -7.1537
v  -10.4175 4.9324 -7.1537
v  -3.3833 4.8155 -16.1067
v  -3.3833 4.8155 -7.1537
v  -3.7150 4.8155 -7.1536
v  -3.7150 4.8155 -16.1066
v  -3.9927 9.4426 -16.1066
v  -3.9927 9.4426 -7.1536
v  -3.7792 9.4426 -7.1536
v  -3.7792 9.4426 -16.1066
v  -3.9927 4.9935 -16.1066
v  -3.9927 9.1543 -7.1536
v  -3.9927 9.1543 -16.1066
v  -3.9927 4.9324 -7.1536
v  -3.9927 9.4426 -16.2345
v  -10.2040 9.1543 -16.2346
v  -10.2040 9.4426 -16.2346
v  -10.2040 9.1543 -16.1067
v  -10.2040 4.9935 -16.1067
v  -3.3833 4.8155 -6.8915
v  -3.7150 4.8155 -6.8914
v  -3.9927 9.4426 -7.0082
v  -3.7792 9.4426 -7.0082
v  -3.9927 9.1543 -7.0082
v  -10.2040 9.4426 -7.0083
v  -10.4175 9.4426 -7.0083
v  -3.7792 9.4426 -16.2345
v  -3.3833 9.3319 -4.9294
v  -3.3833 9.5594 -4.9294
v  -3.7150 9.5594 -4.9293
v  -3.7150 9.3319 -4.9293
v  -10.2040 9.1543 -7.1537
v  -10.2040 9.4426 -16.1067
v  -10.2040 9.4426 -7.1537
v  -10.2564 7.9221 -7.1424
v  -3.9569 7.9221 -7.1424
v  -3.9569 7.9221 -7.0575
v  -10.2564 7.9221 -7.0575
v  -10.2564 7.9338 -7.1580
v  -10.2564 8.0527 -7.1580
v  -3.9569 8.0527 -7.1580
v  -3.9569 7.9338 -7.1580
v  -10.2564 8.0644 -7.1424
v  -10.2564 8.0644 -7.0575
v  -3.9569 8.0644 -7.0575
v  -3.9569 8.0644 -7.1424
v  -10.2564 8.0527 -7.0419
v  -10.2564 7.9338 -7.0419
v  -3.9569 7.9338 -7.0419
v  -3.9569 8.0527 -7.0419
v  -10.0393 4.9626 -7.0987
v  -10.0498 4.9626 -7.1242
v  -10.0498 9.2381 -7.1242
v  -10.0393 9.2381 -7.0987
v  -10.0753 4.9626 -7.1347
v  -10.0753 9.2381 -7.1347
v  -10.1008 4.9626 -7.1242
v  -10.1008 9.2381 -7.1242
v  -10.1113 4.9626 -7.0987
v  -10.1113 9.2381 -7.0987
v  -10.1008 4.9626 -7.0732
v  -10.1008 9.2381 -7.0732
v  -10.0753 4.9626 -7.0626
v  -10.0753 9.2381 -7.0626
v  -10.0498 4.9626 -7.0732
v  -10.0498 9.2381 -7.0732
v  -4.0393 4.9626 -7.0987
v  -4.0498 4.9626 -7.1242
v  -4.0498 9.2381 -7.1242
v  -4.0393 9.2381 -7.0987
v  -4.0753 4.9626 -7.1347
v  -4.0753 9.2381 -7.1347
v  -4.1008 4.9626 -7.1242
v  -4.1008 9.2381 -7.1242
v  -4.1113 4.9626 -7.0987
v  -4.1113 9.2381 -7.0987
v  -4.1008 4.9626 -7.0732
v  -4.1008 9.2381 -7.0732
v  -4.0753 4.9626 -7.0626
v  -4.0753 9.2381 -7.0626
v  -4.0498 4.9626 -7.0732
v  -4.0498 9.2381 -7.0732
v  -4.3393 4.9626 -7.0987
v  -4.3498 4.9626 -7.1242
v  -4.3498 9.2381 -7.1242
v  -4.3393 9.2381 -7.0987
v  -4.3753 4.9626 -7.1347
v  -4.3753 9.2381 -7.1347
v  -4.4008 4.9626 -7.1242
v  -4.4008 9.2381 -7.1242
v  -4.4113 4.9626 -7.0987
v  -4.4113 9.2381 -7.0987
v  -4.4008 4.9626 -7.0732
v  -4.4008 9.2381 -7.0732
v  -4.3753 4.9626 -7.0626
v  -4.3753 9.2381 -7.0626
v  -4.3498 4.9626 -7.0732
v  -4.3498 9.2381 -7.0732
v  -4.6393 4.9626 -7.0987
v  -4.6498 4.9626 -7.1242
v  -4.6498 9.2381 -7.1242
v  -4.6393 9.2381 -7.0987
v  -4.6753 4.9626 -7.1347
v  -4.6753 9.2381 -7.1347
v  -4.7008 4.9626 -7.1242
v  -4.7008 9.2381 -7.1242
v  -4.7113 4.9626 -7.0987
v  -4.7113 9.2381 -7.0987
v  -4.7008 4.9626 -7.0732
v  -4.7008 9.2381 -7.0732
v  -4.6753 4.9626 -7.0626
v  -4.6753 9.2381 -7.0626
v  -4.6498 4.9626 -7.0732
v  -4.6498 9.2381 -7.0732
v  -4.9393 4.9626 -7.0987
v  -4.9498 4.9626 -7.1242
v  -4.9498 9.2381 -7.1242
v  -4.9393 9.2381 -7.0987
v  -4.9753 4.9626 -7.1347
v  -4.9753 9.2381 -7.1347
v  -5.0008 4.9626 -7.1242
v  -5.0008 9.2381 -7.1242
v  -5.0113 4.9626 -7.0987
v  -5.0113 9.2381 -7.0987
v  -5.0008 4.9626 -7.0732
v  -5.0008 9.2381 -7.0732
v  -4.9753 4.9626 -7.0626
v  -4.9753 9.2381 -7.0626
v  -4.9498 4.9626 -7.0732
v  -4.9498 9.2381 -7.0732
v  -5.2393 4.9626 -7.0987
v  -5.2498 4.9626 -7.1242
v  -5.2498 9.2381 -7.1242
v  -5.2393 9.2381 -7.0987
v  -5.2753 4.9626 -7.1347
v  -5.2753 9.2381 -7.1347
v  -5.3008 4.9626 -7.1242
v  -5.3008 9.2381 -7.1242
v  -5.3113 4.9626 -7.0987
v  -5.3113 9.2381 -7.0987
v  -5.3008 4.9626 -7.0732
v  -5.3008 9.2381 -7.0732
v  -5.2753 4.9626 -7.0626
v  -5.2753 9.2381 -7.0626
v  -5.2498 4.9626 -7.0732
v  -5.2498 9.2381 -7.0732
v  -5.5393 4.9626 -7.0987
v  -5.5498 4.9626 -7.1242
v  -5.5498 9.2381 -7.1242
v  -5.5393 9.2381 -7.0987
v  -5.5753 4.9626 -7.1347
v  -5.5753 9.2381 -7.1347
v  -5.6008 4.9626 -7.1242
v  -5.6008 9.2381 -7.1242
v  -5.6113 4.9626 -7.0987
v  -5.6113 9.2381 -7.0987
v  -5.6008 4.9626 -7.0732
v  -5.6008 9.2381 -7.0732
v  -5.5753 4.9626 -7.0626
v  -5.5753 9.2381 -7.0626
v  -5.5498 4.9626 -7.0732
v  -5.5498 9.2381 -7.0732
v  -5.8393 4.9626 -7.0987
v  -5.8498 4.9626 -7.1242
v  -5.8498 9.2381 -7.1242
v  -5.8393 9.2381 -7.0987
v  -5.8753 4.9626 -7.1347
v  -5.8753 9.2381 -7.1347
v  -5.9008 4.9626 -7.1242
v  -5.9008 9.2381 -7.1242
v  -5.9113 4.9626 -7.0987
v  -5.9113 9.2381 -7.0987
v  -5.9008 4.9626 -7.0732
v  -5.9008 9.2381 -7.0732
v  -5.8753 4.9626 -7.0626
v  -5.8753 9.2381 -7.0626
v  -5.8498 4.9626 -7.0732
v  -5.8498 9.2381 -7.0732
v  -6.1393 4.9626 -7.0987
v  -6.1498 4.9626 -7.1242
v  -6.1498 9.2381 -7.1242
v  -6.1393 9.2381 -7.0987
v  -6.1753 4.9626 -7.1347
v  -6.1753 9.2381 -7.1347
v  -6.2008 4.9626 -7.1242
v  -6.2008 9.2381 -7.1242
v  -6.2113 4.9626 -7.0987
v  -6.2113 9.2381 -7.0987
v  -6.2008 4.9626 -7.0732
v  -6.2008 9.2381 -7.0732
v  -6.1753 4.9626 -7.0626
v  -6.1753 9.2381 -7.0626
v  -6.1498 4.9626 -7.0732
v  -6.1498 9.2381 -7.0732
v  -6.4393 4.9626 -7.0987
v  -6.4498 4.9626 -7.1242
v  -6.4498 9.2381 -7.1242
v  -6.4393 9.2381 -7.0987
v  -6.4753 4.9626 -7.1347
v  -6.4753 9.2381 -7.1347
v  -6.5008 4.9626 -7.1242
v  -6.5008 9.2381 -7.1242
v  -6.5113 4.9626 -7.0987
v  -6.5113 9.2381 -7.0987
v  -6.5008 4.9626 -7.0732
v  -6.5008 9.2381 -7.0732
v  -6.4753 4.9626 -7.0626
v  -6.4753 9.2381 -7.0626
v  -6.4498 4.9626 -7.0732
v  -6.4498 9.2381 -7.0732
v  -6.7393 4.9626 -7.0987
v  -6.7498 4.9626 -7.1242
v  -6.7498 9.2381 -7.1242
v  -6.7393 9.2381 -7.0987
v  -6.7753 4.9626 -7.1347
v  -6.7753 9.2381 -7.1347
v  -6.8008 4.9626 -7.1242
v  -6.8008 9.2381 -7.1242
v  -6.8113 4.9626 -7.0987
v  -6.8113 9.2381 -7.0987
v  -6.8008 4.9626 -7.0732
v  -6.8008 9.2381 -7.0732
v  -6.7753 4.9626 -7.0626
v  -6.7753 9.2381 -7.0626
v  -6.7498 4.9626 -7.0732
v  -6.7498 9.2381 -7.0732
v  -8.8393 4.9626 -7.0987
v  -8.8498 4.9626 -7.1242
v  -8.8498 9.2381 -7.1242
v  -8.8393 9.2381 -7.0987
v  -8.8753 4.9626 -7.1347
v  -8.8753 9.2381 -7.1347
v  -8.9008 4.9626 -7.1242
v  -8.9008 9.2381 -7.1242
v  -8.9113 4.9626 -7.0987
v  -8.9113 9.2381 -7.0987
v  -8.9008 4.9626 -7.0732
v  -8.9008 9.2381 -7.0732
v  -8.8753 4.9626 -7.0626
v  -8.8753 9.2381 -7.0626
v  -8.8498 4.9626 -7.0732
v  -8.8498 9.2381 -7.0732
v  -9.1393 4.9626 -7.0987
v  -9.1498 4.9626 -7.1242
v  -9.1498 9.2381 -7.1242
v  -9.1393 9.2381 -7.0987
v  -9.1753 4.9626 -7.1347
v  -9.1753 9.2381 -7.1347
v  -9.2008 4.9626 -7.1242
v  -9.2008 9.2381 -7.1242
v  -9.2113 4.9626 -7.0987
v  -9.2113 9.2381 -7.0987
v  -9.2008 4.9626 -7.0732
v  -9.2008 9.2381 -7.0732
v  -9.1753 4.9626 -7.0626
v  -9.1753 9.2381 -7.0626
v  -9.1498 4.9626 -7.0732
v  -9.1498 9.2381 -7.0732
v  -9.4393 4.9626 -7.0987
v  -9.4498 4.9626 -7.1242
v  -9.4498 9.2381 -7.1242
v  -9.4393 9.2381 -7.0987
v  -9.4753 4.9626 -7.1347
v  -9.4753 9.2381 -7.1347
v  -9.5008 4.9626 -7.1242
v  -9.5008 9.2381 -7.1242
v  -9.5113 4.9626 -7.0987
v  -9.5113 9.2381 -7.0987
v  -9.5008 4.9626 -7.0732
v  -9.5008 9.2381 -7.0732
v  -9.4753 4.9626 -7.0626
v  -9.4753 9.2381 -7.0626
v  -9.4498 4.9626 -7.0732
v  -9.4498 9.2381 -7.0732
v  -9.7393 4.9626 -7.0987
v  -9.7498 4.9626 -7.1242
v  -9.7498 9.2381 -7.1242
v  -9.7393 9.2381 -7.0987
v  -9.7753 4.9626 -7.1347
v  -9.7753 9.2381 -7.1347
v  -9.8008 4.9626 -7.1242
v  -9.8008 9.2381 -7.1242
v  -9.8113 4.9626 -7.0987
v  -9.8113 9.2381 -7.0987
v  -9.8008 4.9626 -7.0732
v  -9.8008 9.2381 -7.0732
v  -9.7753 4.9626 -7.0626
v  -9.7753 9.2381 -7.0626
v  -9.7498 4.9626 -7.0732
v  -9.7498 9.2381 -7.0732
v  -7.4650 7.9626 -7.1242
v  -7.4650 9.2381 -7.1242
v  -7.4545 9.2381 -7.0987
v  -7.4545 7.9626 -7.0987
v  -7.4905 7.9626 -7.1347
v  -7.4905 9.2381 -7.1347
v  -7.5160 7.9626 -7.1242
v  -7.5160 9.2381 -7.1242
v  -7.5266 7.9626 -7.0987
v  -7.5266 9.2381 -7.0987
v  -7.5160 7.9626 -7.0732
v  -7.5160 9.2381 -7.0732
v  -7.4905 7.9626 -7.0626
v  -7.4905 9.2381 -7.0626
v  -7.4650 7.9626 -7.0732
v  -7.4650 9.2381 -7.0732
v  -7.7650 7.9626 -7.1242
v  -7.7650 9.2381 -7.1242
v  -7.7545 9.2381 -7.0987
v  -7.7545 7.9626 -7.0987
v  -7.7905 7.9626 -7.1347
v  -7.7905 9.2381 -7.1347
v  -7.8160 7.9626 -7.1242
v  -7.8160 9.2381 -7.1242
v  -7.8266 7.9626 -7.0987
v  -7.8266 9.2381 -7.0987
v  -7.8160 7.9626 -7.0732
v  -7.8160 9.2381 -7.0732
v  -7.7905 7.9626 -7.0626
v  -7.7905 9.2381 -7.0626
v  -7.7650 7.9626 -7.0732
v  -7.7650 9.2381 -7.0732
v  -8.0650 7.9626 -7.1242
v  -8.0650 9.2381 -7.1242
v  -8.0545 9.2381 -7.0987
v  -8.0545 7.9626 -7.0987
v  -8.0905 7.9626 -7.1347
v  -8.0905 9.2381 -7.1347
v  -8.1160 7.9626 -7.1242
v  -8.1160 9.2381 -7.1242
v  -8.1266 7.9626 -7.0987
v  -8.1266 9.2381 -7.0987
v  -8.1160 7.9626 -7.0732
v  -8.1160 9.2381 -7.0732
v  -8.0905 7.9626 -7.0626
v  -8.0905 9.2381 -7.0626
v  -8.0650 7.9626 -7.0732
v  -8.0650 9.2381 -7.0732
v  -8.3650 7.9626 -7.1242
v  -8.3650 9.2381 -7.1242
v  -8.3545 9.2381 -7.0987
v  -8.3545 7.9626 -7.0987
v  -8.3905 7.9626 -7.1347
v  -8.3905 9.2381 -7.1347
v  -8.4160 7.9626 -7.1242
v  -8.4160 9.2381 -7.1242
v  -8.4266 7.9626 -7.0987
v  -8.4266 9.2381 -7.0987
v  -8.4160 7.9626 -7.0732
v  -8.4160 9.2381 -7.0732
v  -8.3905 7.9626 -7.0626
v  -8.3905 9.2381 -7.0626
v  -8.3650 7.9626 -7.0732
v  -8.3650 9.2381 -7.0732
v  -7.1684 7.9626 -7.1242
v  -7.1684 9.2381 -7.1242
v  -7.1579 9.2381 -7.0987
v  -7.1579 7.9626 -7.0987
v  -7.1939 7.9626 -7.1347
v  -7.1939 9.2381 -7.1347
v  -7.2194 7.9626 -7.1242
v  -7.2194 9.2381 -7.1242
v  -7.2299 7.9626 -7.0987
v  -7.2299 9.2381 -7.0987
v  -7.2194 7.9626 -7.0732
v  -7.2194 9.2381 -7.0732
v  -7.1939 7.9626 -7.0626
v  -7.1939 9.2381 -7.0626
v  -7.1684 7.9626 -7.0732
v  -7.1684 9.2381 -7.0732
v  -8.7312 4.9626 -7.1303
v  -8.7312 4.9626 -7.0670
v  -8.7312 9.2381 -7.0670
v  -8.7312 9.2381 -7.1303
v  -8.6580 4.9626 -7.0670
v  -8.6580 9.2381 -7.0670
v  -6.8979 4.9626 -7.1303
v  -6.8979 9.2381 -7.1303
v  -6.8979 9.2381 -7.0670
v  -6.8979 4.9626 -7.0670
v  -6.9710 4.9626 -7.1303
v  -6.9710 9.2381 -7.1303
v  -8.6580 4.9626 -7.1303
v  -8.6580 9.2381 -7.1303
v  -6.9710 4.9626 -7.0670
v  -6.9710 9.2381 -7.0670
v  -10.2564 4.9621 -7.1424
v  -8.6820 4.9621 -7.1424
v  -8.6820 4.9621 -7.0575
v  -10.2564 4.9621 -7.0575
v  -10.2564 4.9738 -7.1580
v  -10.2564 5.0927 -7.1580
v  -8.6820 5.0927 -7.1580
v  -8.6820 4.9738 -7.1580
v  -10.2564 5.1044 -7.1424
v  -10.2564 5.1044 -7.0575
v  -8.6820 5.1044 -7.0575
v  -8.6820 5.1044 -7.1424
v  -10.2564 5.0927 -7.0419
v  -10.2564 4.9738 -7.0419
v  -8.6820 4.9738 -7.0419
v  -8.6820 5.0927 -7.0419
v  -3.9569 4.9621 -7.1424
v  -6.9548 4.9621 -7.1424
v  -6.9548 4.9738 -7.1580
v  -3.9569 4.9738 -7.1580
v  -3.9569 5.0927 -7.1580
v  -6.9548 5.0927 -7.1580
v  -6.9548 5.1044 -7.1424
v  -3.9569 5.1044 -7.1424
v  -3.9569 5.1044 -7.0575
v  -6.9548 5.1044 -7.0575
v  -6.9548 5.0927 -7.0419
v  -3.9569 5.0927 -7.0419
v  -3.9569 4.9738 -7.0419
v  -6.9548 4.9738 -7.0419
v  -6.9548 4.9621 -7.0575
v  -3.9569 4.9621 -7.0575
v  -6.9673 4.9855 -7.0632
v  -6.9673 4.9855 -7.1367
v  -6.9673 5.0810 -7.1367
v  -6.9673 5.0810 -7.0632
v  -8.6609 4.9855 -7.1367
v  -8.6609 4.9855 -7.0632
v  -8.6609 5.0810 -7.1367
v  -8.6609 5.0810 -7.0632
v  -10.2564 9.0293 -7.1424
v  -3.9569 9.0293 -7.1424
v  -3.9569 9.0293 -7.0575
v  -10.2564 9.0293 -7.0575
v  -10.2564 9.0410 -7.1580
v  -10.2564 9.1600 -7.1580
v  -3.9569 9.1600 -7.1580
v  -3.9569 9.0410 -7.1580
v  -10.2564 9.1716 -7.1424
v  -10.2564 9.1716 -7.0575
v  -3.9569 9.1716 -7.0575
v  -3.9569 9.1716 -7.1424
v  -10.2564 9.1600 -7.0419
v  -10.2564 9.0410 -7.0419
v  -3.9569 9.0410 -7.0419
v  -3.9569 9.1600 -7.0419
v  -10.2564 6.1866 -7.1424
v  -8.6728 6.1866 -7.1424
v  -8.6728 6.1866 -7.0575
v  -10.2564 6.1866 -7.0575
v  -10.2564 6.1983 -7.1580
v  -10.2564 6.2512 -7.1580
v  -8.6728 6.2512 -7.1580
v  -8.6728 6.1983 -7.1580
v  -10.2564 6.2629 -7.1424
v  -10.2564 6.2629 -7.0575
v  -8.6728 6.2629 -7.0575
v  -8.6728 6.2629 -7.1424
v  -10.2564 6.2512 -7.0419
v  -10.2564 6.1983 -7.0419
v  -8.6728 6.1983 -7.0419
v  -8.6728 6.2512 -7.0419
v  -3.9569 6.1866 -7.1424
v  -6.9560 6.1866 -7.1424
v  -6.9560 6.1983 -7.1580
v  -3.9569 6.1983 -7.1580
v  -3.9569 6.2512 -7.1580
v  -6.9560 6.2512 -7.1580
v  -6.9560 6.2629 -7.1424
v  -3.9569 6.2629 -7.1424
v  -3.9569 6.2629 -7.0575
v  -6.9560 6.2629 -7.0575
v  -6.9560 6.2512 -7.0419
v  -3.9569 6.2512 -7.0419
v  -3.9569 6.1983 -7.0419
v  -6.9560 6.1983 -7.0419
v  -6.9560 6.1866 -7.0575
v  -3.9569 6.1866 -7.0575
v  -10.2564 6.4619 -7.1424
v  -8.6741 6.4619 -7.1424
v  -8.6741 6.4619 -7.0575
v  -10.2564 6.4619 -7.0575
v  -10.2564 6.4736 -7.1580
v  -10.2564 6.5265 -7.1580
v  -8.6741 6.5265 -7.1580
v  -8.6741 6.4736 -7.1580
v  -10.2564 6.5382 -7.1424
v  -10.2564 6.5382 -7.0575
v  -8.6741 6.5382 -7.0575
v  -8.6741 6.5382 -7.1424
v  -10.2564 6.5265 -7.0419
v  -10.2564 6.4736 -7.0419
v  -8.6741 6.4736 -7.0419
v  -8.6741 6.5265 -7.0419
v  -3.9569 6.4619 -7.1424
v  -6.9535 6.4619 -7.1424
v  -6.9535 6.4736 -7.1580
v  -3.9569 6.4736 -7.1580
v  -3.9569 6.5265 -7.1580
v  -6.9535 6.5265 -7.1580
v  -6.9535 6.5382 -7.1424
v  -3.9569 6.5382 -7.1424
v  -3.9569 6.5382 -7.0575
v  -6.9535 6.5382 -7.0575
v  -6.9535 6.5265 -7.0419
v  -3.9569 6.5265 -7.0419
v  -3.9569 6.4736 -7.0419
v  -6.9535 6.4736 -7.0419
v  -6.9535 6.4619 -7.0575
v  -3.9569 6.4619 -7.0575
v  -6.9656 6.4776 -7.0650
v  -6.9656 6.4776 -7.1349
v  -6.9656 6.5226 -7.1349
v  -6.9656 6.5226 -7.0650
v  -6.9680 6.2022 -7.1349
v  -6.9680 6.2473 -7.1349
v  -6.9680 6.2473 -7.0650
v  -6.9680 6.2022 -7.0650
v  -8.6644 6.4776 -7.1349
v  -8.6644 6.4776 -7.0650
v  -8.6644 6.5226 -7.1349
v  -8.6644 6.5226 -7.0650
v  -8.6631 6.2022 -7.1349
v  -8.6631 6.2022 -7.0650
v  -8.6631 6.2473 -7.1349
v  -8.6631 6.2473 -7.0650
v  -17.3024 4.9324 -16.2346
v  -17.5159 4.9324 -16.2346
v  -17.5159 4.9935 -16.2346
v  -17.3024 4.9935 -16.2346
v  -17.3024 4.9324 -7.0083
v  -17.3024 4.9935 -7.0083
v  -17.5159 4.9935 -7.0083
v  -17.5159 4.9324 -7.0083
v  -17.3024 4.9324 -16.1067
v  -17.5159 4.9324 -16.1067
v  -11.0911 4.9324 -16.2345
v  -11.0911 4.9935 -16.2345
v  -10.8776 4.9935 -16.2345
v  -10.8776 4.9324 -16.2345
v  -11.0911 4.9324 -7.0082
v  -10.8776 4.9324 -7.0082
v  -10.8776 4.9935 -7.0082
v  -11.0911 4.9935 -7.0082
v  -10.8776 4.9324 -16.1066
v  -11.0911 4.9324 -16.1066
v  -10.8135 9.5594 -16.3514
v  -10.8134 9.5594 -16.1066
v  -10.4817 9.5594 -16.1067
v  -10.4817 9.5594 -16.3515
v  -17.3024 9.1543 -7.0083
v  -17.5159 9.1543 -7.0083
v  -11.0911 9.1543 -16.2345
v  -10.8776 9.1543 -16.2345
v  -10.4817 4.9935 -6.8915
v  -10.4817 9.0119 -6.8915
v  -10.8134 9.0119 -6.8914
v  -10.8134 4.9935 -6.8914
v  -11.0911 4.9935 -7.1536
v  -17.3024 4.9935 -7.1537
v  -17.3024 4.9324 -7.1537
v  -17.5159 4.9324 -7.1537
v  -10.4817 4.8155 -16.1067
v  -10.4817 4.8155 -7.1537
v  -10.8134 4.8155 -7.1536
v  -10.8134 4.8155 -16.1066
v  -11.0911 9.4426 -16.1066
v  -11.0911 9.4426 -7.1536
v  -10.8776 9.4426 -7.1536
v  -10.8776 9.4426 -16.1066
v  -11.0911 4.9935 -16.1066
v  -11.0911 9.1543 -7.1536
v  -11.0911 9.1543 -16.1066
v  -11.0911 4.9324 -7.1536
v  -11.0911 9.4426 -16.2345
v  -17.3024 9.1543 -16.2346
v  -17.3024 9.4426 -16.2346
v  -17.3024 9.1543 -16.1067
v  -17.3024 4.9935 -16.1067
v  -10.4817 4.8155 -6.8915
v  -10.8134 4.8155 -6.8914
v  -11.0911 9.4426 -7.0082
v  -10.8776 9.4426 -7.0082
v  -11.0911 9.1543 -7.0082
v  -17.3024 9.4426 -7.0083
v  -17.5159 9.4426 -7.0083
v  -10.8776 9.4426 -16.2345
v  -10.4817 9.3319 -4.9294
v  -10.4817 9.5594 -4.9294
v  -10.8134 9.5594 -4.9293
v  -10.8134 9.3319 -4.9293
v  -17.3024 9.1543 -7.1537
v  -17.3024 9.4426 -16.1067
v  -17.3024 9.4426 -7.1537
v  -17.3548 7.9221 -7.1424
v  -11.0553 7.9221 -7.1424
v  -11.0553 7.9221 -7.0575
v  -17.3548 7.9221 -7.0575
v  -17.3548 7.9338 -7.1580
v  -17.3548 8.0527 -7.1580
v  -11.0553 8.0527 -7.1580
v  -11.0553 7.9338 -7.1580
v  -17.3548 8.0644 -7.1424
v  -17.3548 8.0644 -7.0575
v  -11.0553 8.0644 -7.0575
v  -11.0553 8.0644 -7.1424
v  -17.3548 8.0527 -7.0419
v  -17.3548 7.9338 -7.0419
v  -11.0553 7.9338 -7.0419
v  -11.0553 8.0527 -7.0419
v  -17.1376 4.9626 -7.0987
v  -17.1482 4.9626 -7.1242
v  -17.1482 9.2381 -7.1242
v  -17.1376 9.2381 -7.0987
v  -17.1737 4.9626 -7.1347
v  -17.1737 9.2381 -7.1347
v  -17.1991 4.9626 -7.1242
v  -17.1991 9.2381 -7.1242
v  -17.2097 4.9626 -7.0987
v  -17.2097 9.2381 -7.0987
v  -17.1991 4.9626 -7.0732
v  -17.1991 9.2381 -7.0732
v  -17.1737 4.9626 -7.0626
v  -17.1737 9.2381 -7.0626
v  -17.1482 4.9626 -7.0732
v  -17.1482 9.2381 -7.0732
v  -11.1376 4.9626 -7.0987
v  -11.1482 4.9626 -7.1242
v  -11.1482 9.2381 -7.1242
v  -11.1376 9.2381 -7.0987
v  -11.1737 4.9626 -7.1347
v  -11.1737 9.2381 -7.1347
v  -11.1991 4.9626 -7.1242
v  -11.1991 9.2381 -7.1242
v  -11.2097 4.9626 -7.0987
v  -11.2097 9.2381 -7.0987
v  -11.1991 4.9626 -7.0732
v  -11.1991 9.2381 -7.0732
v  -11.1737 4.9626 -7.0626
v  -11.1737 9.2381 -7.0626
v  -11.1482 4.9626 -7.0732
v  -11.1482 9.2381 -7.0732
v  -11.4376 4.9626 -7.0987
v  -11.4482 4.9626 -7.1242
v  -11.4482 9.2381 -7.1242
v  -11.4376 9.2381 -7.0987
v  -11.4737 4.9626 -7.1347
v  -11.4737 9.2381 -7.1347
v  -11.4991 4.9626 -7.1242
v  -11.4991 9.2381 -7.1242
v  -11.5097 4.9626 -7.0987
v  -11.5097 9.2381 -7.0987
v  -11.4991 4.9626 -7.0732
v  -11.4991 9.2381 -7.0732
v  -11.4737 4.9626 -7.0626
v  -11.4737 9.2381 -7.0626
v  -11.4482 4.9626 -7.0732
v  -11.4482 9.2381 -7.0732
v  -11.7376 4.9626 -7.0987
v  -11.7482 4.9626 -7.1242
v  -11.7482 9.2381 -7.1242
v  -11.7376 9.2381 -7.0987
v  -11.7737 4.9626 -7.1347
v  -11.7737 9.2381 -7.1347
v  -11.7991 4.9626 -7.1242
v  -11.7991 9.2381 -7.1242
v  -11.8097 4.9626 -7.0987
v  -11.8097 9.2381 -7.0987
v  -11.7991 4.9626 -7.0732
v  -11.7991 9.2381 -7.0732
v  -11.7737 4.9626 -7.0626
v  -11.7737 9.2381 -7.0626
v  -11.7482 4.9626 -7.0732
v  -11.7482 9.2381 -7.0732
v  -12.0376 4.9626 -7.0987
v  -12.0482 4.9626 -7.1242
v  -12.0482 9.2381 -7.1242
v  -12.0376 9.2381 -7.0987
v  -12.0737 4.9626 -7.1347
v  -12.0737 9.2381 -7.1347
v  -12.0991 4.9626 -7.1242
v  -12.0991 9.2381 -7.1242
v  -12.1097 4.9626 -7.0987
v  -12.1097 9.2381 -7.0987
v  -12.0991 4.9626 -7.0732
v  -12.0991 9.2381 -7.0732
v  -12.0737 4.9626 -7.0626
v  -12.0737 9.2381 -7.0626
v  -12.0482 4.9626 -7.0732
v  -12.0482 9.2381 -7.0732
v  -12.3376 4.9626 -7.0987
v  -12.3482 4.9626 -7.1242
v  -12.3482 9.2381 -7.1242
v  -12.3376 9.2381 -7.0987
v  -12.3737 4.9626 -7.1347
v  -12.3737 9.2381 -7.1347
v  -12.3991 4.9626 -7.1242
v  -12.3991 9.2381 -7.1242
v  -12.4097 4.9626 -7.0987
v  -12.4097 9.2381 -7.0987
v  -12.3991 4.9626 -7.0732
v  -12.3991 9.2381 -7.0732
v  -12.3737 4.9626 -7.0626
v  -12.3737 9.2381 -7.0626
v  -12.3482 4.9626 -7.0732
v  -12.3482 9.2381 -7.0732
v  -12.6376 4.9626 -7.0987
v  -12.6482 4.9626 -7.1242
v  -12.6482 9.2381 -7.1242
v  -12.6376 9.2381 -7.0987
v  -12.6737 4.9626 -7.1347
v  -12.6737 9.2381 -7.1347
v  -12.6991 4.9626 -7.1242
v  -12.6991 9.2381 -7.1242
v  -12.7097 4.9626 -7.0987
v  -12.7097 9.2381 -7.0987
v  -12.6991 4.9626 -7.0732
v  -12.6991 9.2381 -7.0732
v  -12.6737 4.9626 -7.0626
v  -12.6737 9.2381 -7.0626
v  -12.6482 4.9626 -7.0732
v  -12.6482 9.2381 -7.0732
v  -12.9376 4.9626 -7.0987
v  -12.9482 4.9626 -7.1242
v  -12.9482 9.2381 -7.1242
v  -12.9376 9.2381 -7.0987
v  -12.9737 4.9626 -7.1347
v  -12.9737 9.2381 -7.1347
v  -12.9991 4.9626 -7.1242
v  -12.9991 9.2381 -7.1242
v  -13.0097 4.9626 -7.0987
v  -13.0097 9.2381 -7.0987
v  -12.9991 4.9626 -7.0732
v  -12.9991 9.2381 -7.0732
v  -12.9737 4.9626 -7.0626
v  -12.9737 9.2381 -7.0626
v  -12.9482 4.9626 -7.0732
v  -12.9482 9.2381 -7.0732
v  -13.2376 4.9626 -7.0987
v  -13.2482 4.9626 -7.1242
v  -13.2482 9.2381 -7.1242
v  -13.2376 9.2381 -7.0987
v  -13.2737 4.9626 -7.1347
v  -13.2737 9.2381 -7.1347
v  -13.2991 4.9626 -7.1242
v  -13.2991 9.2381 -7.1242
v  -13.3097 4.9626 -7.0987
v  -13.3097 9.2381 -7.0987
v  -13.2991 4.9626 -7.0732
v  -13.2991 9.2381 -7.0732
v  -13.2737 4.9626 -7.0626
v  -13.2737 9.2381 -7.0626
v  -13.2482 4.9626 -7.0732
v  -13.2482 9.2381 -7.0732
v  -13.5376 4.9626 -7.0987
v  -13.5482 4.9626 -7.1242
v  -13.5482 9.2381 -7.1242
v  -13.5376 9.2381 -7.0987
v  -13.5737 4.9626 -7.1347
v  -13.5737 9.2381 -7.1347
v  -13.5991 4.9626 -7.1242
v  -13.5991 9.2381 -7.1242
v  -13.6097 4.9626 -7.0987
v  -13.6097 9.2381 -7.0987
v  -13.5991 4.9626 -7.0732
v  -13.5991 9.2381 -7.0732
v  -13.5737 4.9626 -7.0626
v  -13.5737 9.2381 -7.0626
v  -13.5482 4.9626 -7.0732
v  -13.5482 9.2381 -7.0732
v  -13.8376 4.9626 -7.0987
v  -13.8482 4.9626 -7.1242
v  -13.8482 9.2381 -7.1242
v  -13.8376 9.2381 -7.0987
v  -13.8737 4.9626 -7.1347
v  -13.8737 9.2381 -7.1347
v  -13.8991 4.9626 -7.1242
v  -13.8991 9.2381 -7.1242
v  -13.9097 4.9626 -7.0987
v  -13.9097 9.2381 -7.0987
v  -13.8991 4.9626 -7.0732
v  -13.8991 9.2381 -7.0732
v  -13.8737 4.9626 -7.0626
v  -13.8737 9.2381 -7.0626
v  -13.8482 4.9626 -7.0732
v  -13.8482 9.2381 -7.0732
v  -15.9376 4.9626 -7.0987
v  -15.9482 4.9626 -7.1242
v  -15.9482 9.2381 -7.1242
v  -15.9376 9.2381 -7.0987
v  -15.9737 4.9626 -7.1347
v  -15.9737 9.2381 -7.1347
v  -15.9991 4.9626 -7.1242
v  -15.9991 9.2381 -7.1242
v  -16.0097 4.9626 -7.0987
v  -16.0097 9.2381 -7.0987
v  -15.9991 4.9626 -7.0732
v  -15.9991 9.2381 -7.0732
v  -15.9737 4.9626 -7.0626
v  -15.9737 9.2381 -7.0626
v  -15.9482 4.9626 -7.0732
v  -15.9482 9.2381 -7.0732
v  -16.2376 4.9626 -7.0987
v  -16.2482 4.9626 -7.1242
v  -16.2482 9.2381 -7.1242
v  -16.2376 9.2381 -7.0987
v  -16.2737 4.9626 -7.1347
v  -16.2737 9.2381 -7.1347
v  -16.2991 4.9626 -7.1242
v  -16.2991 9.2381 -7.1242
v  -16.3097 4.9626 -7.0987
v  -16.3097 9.2381 -7.0987
v  -16.2991 4.9626 -7.0732
v  -16.2991 9.2381 -7.0732
v  -16.2737 4.9626 -7.0626
v  -16.2737 9.2381 -7.0626
v  -16.2482 4.9626 -7.0732
v  -16.2482 9.2381 -7.0732
v  -16.5376 4.9626 -7.0987
v  -16.5482 4.9626 -7.1242
v  -16.5482 9.2381 -7.1242
v  -16.5376 9.2381 -7.0987
v  -16.5737 4.9626 -7.1347
v  -16.5737 9.2381 -7.1347
v  -16.5991 4.9626 -7.1242
v  -16.5991 9.2381 -7.1242
v  -16.6097 4.9626 -7.0987
v  -16.6097 9.2381 -7.0987
v  -16.5991 4.9626 -7.0732
v  -16.5991 9.2381 -7.0732
v  -16.5737 4.9626 -7.0626
v  -16.5737 9.2381 -7.0626
v  -16.5482 4.9626 -7.0732
v  -16.5482 9.2381 -7.0732
v  -16.8376 4.9626 -7.0987
v  -16.8482 4.9626 -7.1242
v  -16.8482 9.2381 -7.1242
v  -16.8376 9.2381 -7.0987
v  -16.8737 4.9626 -7.1347
v  -16.8737 9.2381 -7.1347
v  -16.8991 4.9626 -7.1242
v  -16.8991 9.2381 -7.1242
v  -16.9097 4.9626 -7.0987
v  -16.9097 9.2381 -7.0987
v  -16.8991 4.9626 -7.0732
v  -16.8991 9.2381 -7.0732
v  -16.8737 4.9626 -7.0626
v  -16.8737 9.2381 -7.0626
v  -16.8482 4.9626 -7.0732
v  -16.8482 9.2381 -7.0732
v  -14.5634 7.9626 -7.1242
v  -14.5634 9.2381 -7.1242
v  -14.5529 9.2381 -7.0987
v  -14.5529 7.9626 -7.0987
v  -14.5889 7.9626 -7.1347
v  -14.5889 9.2381 -7.1347
v  -14.6144 7.9626 -7.1242
v  -14.6144 9.2381 -7.1242
v  -14.6249 7.9626 -7.0987
v  -14.6249 9.2381 -7.0987
v  -14.6144 7.9626 -7.0732
v  -14.6144 9.2381 -7.0732
v  -14.5889 7.9626 -7.0626
v  -14.5889 9.2381 -7.0626
v  -14.5634 7.9626 -7.0732
v  -14.5634 9.2381 -7.0732
v  -14.8634 7.9626 -7.1242
v  -14.8634 9.2381 -7.1242
v  -14.8529 9.2381 -7.0987
v  -14.8529 7.9626 -7.0987
v  -14.8889 7.9626 -7.1347
v  -14.8889 9.2381 -7.1347
v  -14.9144 7.9626 -7.1242
v  -14.9144 9.2381 -7.1242
v  -14.9249 7.9626 -7.0987
v  -14.9249 9.2381 -7.0987
v  -14.9144 7.9626 -7.0732
v  -14.9144 9.2381 -7.0732
v  -14.8889 7.9626 -7.0626
v  -14.8889 9.2381 -7.0626
v  -14.8634 7.9626 -7.0732
v  -14.8634 9.2381 -7.0732
v  -15.1634 7.9626 -7.1242
v  -15.1634 9.2381 -7.1242
v  -15.1529 9.2381 -7.0987
v  -15.1529 7.9626 -7.0987
v  -15.1889 7.9626 -7.1347
v  -15.1889 9.2381 -7.1347
v  -15.2144 7.9626 -7.1242
v  -15.2144 9.2381 -7.1242
v  -15.2249 7.9626 -7.0987
v  -15.2249 9.2381 -7.0987
v  -15.2144 7.9626 -7.0732
v  -15.2144 9.2381 -7.0732
v  -15.1889 7.9626 -7.0626
v  -15.1889 9.2381 -7.0626
v  -15.1634 7.9626 -7.0732
v  -15.1634 9.2381 -7.0732
v  -15.4634 7.9626 -7.1242
v  -15.4634 9.2381 -7.1242
v  -15.4529 9.2381 -7.0987
v  -15.4529 7.9626 -7.0987
v  -15.4889 7.9626 -7.1347
v  -15.4889 9.2381 -7.1347
v  -15.5144 7.9626 -7.1242
v  -15.5144 9.2381 -7.1242
v  -15.5249 7.9626 -7.0987
v  -15.5249 9.2381 -7.0987
v  -15.5144 7.9626 -7.0732
v  -15.5144 9.2381 -7.0732
v  -15.4889 7.9626 -7.0626
v  -15.4889 9.2381 -7.0626
v  -15.4634 7.9626 -7.0732
v  -15.4634 9.2381 -7.0732
v  -14.2668 7.9626 -7.1242
v  -14.2668 9.2381 -7.1242
v  -14.2563 9.2381 -7.0987
v  -14.2563 7.9626 -7.0987
v  -14.2923 7.9626 -7.1347
v  -14.2923 9.2381 -7.1347
v  -14.3178 7.9626 -7.1242
v  -14.3178 9.2381 -7.1242
v  -14.3283 7.9626 -7.0987
v  -14.3283 9.2381 -7.0987
v  -14.3178 7.9626 -7.0732
v  -14.3178 9.2381 -7.0732
v  -14.2923 7.9626 -7.0626
v  -14.2923 9.2381 -7.0626
v  -14.2668 7.9626 -7.0732
v  -14.2668 9.2381 -7.0732
v  -15.8296 4.9626 -7.1303
v  -15.8296 4.9626 -7.0670
v  -15.8296 9.2381 -7.0670
v  -15.8296 9.2381 -7.1303
v  -15.7564 4.9626 -7.0670
v  -15.7564 9.2381 -7.0670
v  -13.9963 4.9626 -7.1303
v  -13.9963 9.2381 -7.1303
v  -13.9963 9.2381 -7.0670
v  -13.9963 4.9626 -7.0670
v  -14.0694 4.9626 -7.1303
v  -14.0694 9.2381 -7.1303
v  -15.7564 4.9626 -7.1303
v  -15.7564 9.2381 -7.1303
v  -14.0694 4.9626 -7.0670
v  -14.0694 9.2381 -7.0670
v  -17.3548 4.9621 -7.1424
v  -15.7804 4.9621 -7.1424
v  -15.7804 4.9621 -7.0575
v  -17.3548 4.9621 -7.0575
v  -17.3548 4.9738 -7.1580
v  -17.3548 5.0927 -7.1580
v  -15.7804 5.0927 -7.1580
v  -15.7804 4.9738 -7.1580
v  -17.3548 5.1044 -7.1424
v  -17.3548 5.1044 -7.0575
v  -15.7804 5.1044 -7.0575
v  -15.7804 5.1044 -7.1424
v  -17.3548 5.0927 -7.0419
v  -17.3548 4.9738 -7.0419
v  -15.7804 4.9738 -7.0419
v  -15.7804 5.0927 -7.0419
v  -11.0553 4.9621 -7.1424
v  -14.0532 4.9621 -7.1424
v  -14.0532 4.9738 -7.1580
v  -11.0553 4.9738 -7.1580
v  -11.0553 5.0927 -7.1580
v  -14.0532 5.0927 -7.1580
v  -14.0532 5.1044 -7.1424
v  -11.0553 5.1044 -7.1424
v  -11.0553 5.1044 -7.0575
v  -14.0532 5.1044 -7.0575
v  -14.0532 5.0927 -7.0419
v  -11.0553 5.0927 -7.0419
v  -11.0553 4.9738 -7.0419
v  -14.0532 4.9738 -7.0419
v  -14.0532 4.9621 -7.0575
v  -11.0553 4.9621 -7.0575
v  -14.0656 4.9855 -7.0632
v  -14.0656 4.9855 -7.1367
v  -14.0656 5.0810 -7.1367
v  -14.0656 5.0810 -7.0632
v  -15.7593 4.9855 -7.1367
v  -15.7593 4.9855 -7.0632
v  -15.7593 5.0810 -7.1367
v  -15.7593 5.0810 -7.0632
v  -17.3548 9.0293 -7.1424
v  -11.0553 9.0293 -7.1424
v  -11.0553 9.0293 -7.0575
v  -17.3548 9.0293 -7.0575
v  -17.3548 9.0410 -7.1580
v  -17.3548 9.1600 -7.1580
v  -11.0553 9.1600 -7.1580
v  -11.0553 9.0410 -7.1580
v  -17.3548 9.1716 -7.1424
v  -17.3548 9.1716 -7.0575
v  -11.0553 9.1716 -7.0575
v  -11.0553 9.1716 -7.1424
v  -17.3548 9.1600 -7.0419
v  -17.3548 9.0410 -7.0419
v  -11.0553 9.0410 -7.0419
v  -11.0553 9.1600 -7.0419
v  -17.3548 6.1866 -7.1424
v  -15.7712 6.1866 -7.1424
v  -15.7712 6.1866 -7.0575
v  -17.3548 6.1866 -7.0575
v  -17.3548 6.1983 -7.1580
v  -17.3548 6.2512 -7.1580
v  -15.7712 6.2512 -7.1580
v  -15.7712 6.1983 -7.1580
v  -17.3548 6.2629 -7.1424
v  -17.3548 6.2629 -7.0575
v  -15.7712 6.2629 -7.0575
v  -15.7712 6.2629 -7.1424
v  -17.3548 6.2512 -7.0419
v  -17.3548 6.1983 -7.0419
v  -15.7712 6.1983 -7.0419
v  -15.7712 6.2512 -7.0419
v  -11.0553 6.1866 -7.1424
v  -14.0544 6.1866 -7.1424
v  -14.0544 6.1983 -7.1580
v  -11.0553 6.1983 -7.1580
v  -11.0553 6.2512 -7.1580
v  -14.0544 6.2512 -7.1580
v  -14.0544 6.2629 -7.1424
v  -11.0553 6.2629 -7.1424
v  -11.0553 6.2629 -7.0575
v  -14.0544 6.2629 -7.0575
v  -14.0544 6.2512 -7.0419
v  -11.0553 6.2512 -7.0419
v  -11.0553 6.1983 -7.0419
v  -14.0544 6.1983 -7.0419
v  -14.0544 6.1866 -7.0575
v  -11.0553 6.1866 -7.0575
v  -17.3548 6.4619 -7.1424
v  -15.7725 6.4619 -7.1424
v  -15.7725 6.4619 -7.0575
v  -17.3548 6.4619 -7.0575
v  -17.3548 6.4736 -7.1580
v  -17.3548 6.5265 -7.1580
v  -15.7725 6.5265 -7.1580
v  -15.7725 6.4736 -7.1580
v  -17.3548 6.5382 -7.1424
v  -17.3548 6.5382 -7.0575
v  -15.7725 6.5382 -7.0575
v  -15.7725 6.5382 -7.1424
v  -17.3548 6.5265 -7.0419
v  -17.3548 6.4736 -7.0419
v  -15.7725 6.4736 -7.0419
v  -15.7725 6.5265 -7.0419
v  -11.0553 6.4619 -7.1424
v  -14.0519 6.4619 -7.1424
v  -14.0519 6.4736 -7.1580
v  -11.0553 6.4736 -7.1580
v  -11.0553 6.5265 -7.1580
v  -14.0519 6.5265 -7.1580
v  -14.0519 6.5382 -7.1424
v  -11.0553 6.5382 -7.1424
v  -11.0553 6.5382 -7.0575
v  -14.0519 6.5382 -7.0575
v  -14.0519 6.5265 -7.0419
v  -11.0553 6.5265 -7.0419
v  -11.0553 6.4736 -7.0419
v  -14.0519 6.4736 -7.0419
v  -14.0519 6.4619 -7.0575
v  -11.0553 6.4619 -7.0575
v  -14.0639 6.4776 -7.0650
v  -14.0639 6.4776 -7.1349
v  -14.0639 6.5226 -7.1349
v  -14.0639 6.5226 -7.0650
v  -14.0664 6.2022 -7.1349
v  -14.0664 6.2473 -7.1349
v  -14.0664 6.2473 -7.0650
v  -14.0664 6.2022 -7.0650
v  -15.7628 6.4776 -7.1349
v  -15.7628 6.4776 -7.0650
v  -15.7628 6.5226 -7.1349
v  -15.7628 6.5226 -7.0650
v  -15.7615 6.2022 -7.1349
v  -15.7615 6.2022 -7.0650
v  -15.7615 6.2473 -7.1349
v  -15.7615 6.2473 -7.0650
v  -24.4008 4.9324 -16.2346
v  -24.8278 4.9324 -16.2346
v  -24.8278 4.9935 -16.2346
v  -24.4008 4.9935 -16.2346
v  -24.4008 4.9324 -7.0083
v  -24.4008 4.9935 -7.0083
v  -24.8278 4.9935 -7.0083
v  -24.8278 4.9324 -7.0083
v  -24.4008 4.9324 -16.1067
v  -24.8278 4.9324 -16.1067
v  -24.8278 4.9935 -16.1067
v  -24.8278 9.4426 -16.2346
v  -24.8278 9.4426 -16.1067
v  -24.4008 9.4426 -16.1067
v  -24.4008 9.4426 -16.2346
v  -18.1895 4.9324 -16.2345
v  -18.1895 4.9935 -16.2345
v  -17.9760 4.9935 -16.2345
v  -17.9760 4.9324 -16.2345
v  -18.1895 4.9324 -7.0082
v  -17.9760 4.9324 -7.0082
v  -17.9760 4.9935 -7.0082
v  -18.1895 4.9935 -7.0082
v  -17.9760 4.9324 -16.1066
v  -18.1895 4.9324 -16.1066
v  -17.9118 9.5594 -16.3514
v  -17.9118 9.5594 -16.1066
v  -17.5801 9.5594 -16.1067
v  -17.5801 9.5594 -16.3515
v  -24.8278 9.1543 -16.2346
v  -24.4008 9.1543 -16.2346
v  -24.4008 9.1543 -7.0083
v  -24.8278 9.1543 -7.0083
v  -24.8278 9.1543 -7.1537
v  -24.8278 4.9935 -7.1537
v  -18.1895 9.1543 -16.2345
v  -17.9760 9.1543 -16.2345
v  -17.5801 4.9935 -6.8915
v  -17.5801 9.0119 -6.8915
v  -17.9118 9.0119 -6.8914
v  -17.9118 4.9935 -6.8914
v  -18.1895 4.9935 -7.1536
v  -24.4008 4.9935 -7.1537
v  -24.4008 4.9324 -7.1537
v  -24.8278 4.9324 -7.1537
v  -24.8278 9.4426 -7.1537
v  -24.4008 9.4426 -7.1537
v  -17.5801 4.8155 -16.1067
v  -17.5801 4.8155 -7.1537
v  -17.9118 4.8155 -7.1536
v  -17.9118 4.8155 -16.1066
v  -18.1895 9.4426 -16.1066
v  -18.1895 9.4426 -7.1536
v  -17.9760 9.4426 -7.1536
v  -17.9760 9.4426 -16.1066
v  -18.1895 4.9935 -16.1066
v  -18.1895 9.1543 -7.1536
v  -18.1895 9.1543 -16.1066
v  -24.8278 9.1543 -16.1067
v  -18.1895 4.9324 -7.1536
v  -18.1895 9.4426 -16.2345
v  -24.4008 9.1543 -16.1067
v  -24.4008 4.9935 -16.1067
v  -24.8278 9.4426 -7.0083
v  -24.4008 9.4426 -7.0083
v  -17.5801 4.8155 -6.8915
v  -17.9118 4.8155 -6.8914
v  -18.1895 9.4426 -7.0082
v  -17.9760 9.4426 -7.0082
v  -18.1895 9.1543 -7.0082
v  -17.9760 9.4426 -16.2345
v  -17.5801 9.3319 -4.9294
v  -17.5801 9.5594 -4.9294
v  -17.9118 9.5594 -4.9293
v  -17.9118 9.3319 -4.9293
v  -24.4008 9.1543 -7.1537
v  -24.4532 7.9221 -7.1424
v  -18.1537 7.9221 -7.1424
v  -18.1537 7.9221 -7.0575
v  -24.4532 7.9221 -7.0575
v  -24.4532 7.9338 -7.1580
v  -24.4532 8.0527 -7.1580
v  -18.1537 8.0527 -7.1580
v  -18.1537 7.9338 -7.1580
v  -24.4532 8.0644 -7.1424
v  -24.4532 8.0644 -7.0575
v  -18.1537 8.0644 -7.0575
v  -18.1537 8.0644 -7.1424
v  -24.4532 8.0527 -7.0419
v  -24.4532 7.9338 -7.0419
v  -18.1537 7.9338 -7.0419
v  -18.1537 8.0527 -7.0419
v  -24.2360 4.9626 -7.0987
v  -24.2466 4.9626 -7.1242
v  -24.2466 9.2381 -7.1242
v  -24.2360 9.2381 -7.0987
v  -24.2720 4.9626 -7.1347
v  -24.2720 9.2381 -7.1347
v  -24.2975 4.9626 -7.1242
v  -24.2975 9.2381 -7.1242
v  -24.3081 4.9626 -7.0987
v  -24.3081 9.2381 -7.0987
v  -24.2975 4.9626 -7.0732
v  -24.2975 9.2381 -7.0732
v  -24.2720 4.9626 -7.0626
v  -24.2720 9.2381 -7.0626
v  -24.2466 4.9626 -7.0732
v  -24.2466 9.2381 -7.0732
v  -18.2360 4.9626 -7.0987
v  -18.2466 4.9626 -7.1242
v  -18.2466 9.2381 -7.1242
v  -18.2360 9.2381 -7.0987
v  -18.2720 4.9626 -7.1347
v  -18.2720 9.2381 -7.1347
v  -18.2975 4.9626 -7.1242
v  -18.2975 9.2381 -7.1242
v  -18.3081 4.9626 -7.0987
v  -18.3081 9.2381 -7.0987
v  -18.2975 4.9626 -7.0732
v  -18.2975 9.2381 -7.0732
v  -18.2720 4.9626 -7.0626
v  -18.2720 9.2381 -7.0626
v  -18.2466 4.9626 -7.0732
v  -18.2466 9.2381 -7.0732
v  -18.5360 4.9626 -7.0987
v  -18.5466 4.9626 -7.1242
v  -18.5466 9.2381 -7.1242
v  -18.5360 9.2381 -7.0987
v  -18.5720 4.9626 -7.1347
v  -18.5720 9.2381 -7.1347
v  -18.5975 4.9626 -7.1242
v  -18.5975 9.2381 -7.1242
v  -18.6081 4.9626 -7.0987
v  -18.6081 9.2381 -7.0987
v  -18.5975 4.9626 -7.0732
v  -18.5975 9.2381 -7.0732
v  -18.5720 4.9626 -7.0626
v  -18.5720 9.2381 -7.0626
v  -18.5466 4.9626 -7.0732
v  -18.5466 9.2381 -7.0732
v  -18.8360 4.9626 -7.0987
v  -18.8466 4.9626 -7.1242
v  -18.8466 9.2381 -7.1242
v  -18.8360 9.2381 -7.0987
v  -18.8720 4.9626 -7.1347
v  -18.8720 9.2381 -7.1347
v  -18.8975 4.9626 -7.1242
v  -18.8975 9.2381 -7.1242
v  -18.9081 4.9626 -7.0987
v  -18.9081 9.2381 -7.0987
v  -18.8975 4.9626 -7.0732
v  -18.8975 9.2381 -7.0732
v  -18.8720 4.9626 -7.0626
v  -18.8720 9.2381 -7.0626
v  -18.8466 4.9626 -7.0732
v  -18.8466 9.2381 -7.0732
v  -19.1360 4.9626 -7.0987
v  -19.1466 4.9626 -7.1242
v  -19.1466 9.2381 -7.1242
v  -19.1360 9.2381 -7.0987
v  -19.1720 4.9626 -7.1347
v  -19.1720 9.2381 -7.1347
v  -19.1975 4.9626 -7.1242
v  -19.1975 9.2381 -7.1242
v  -19.2081 4.9626 -7.0987
v  -19.2081 9.2381 -7.0987
v  -19.1975 4.9626 -7.0732
v  -19.1975 9.2381 -7.0732
v  -19.1720 4.9626 -7.0626
v  -19.1720 9.2381 -7.0626
v  -19.1466 4.9626 -7.0732
v  -19.1466 9.2381 -7.0732
v  -19.4360 4.9626 -7.0987
v  -19.4466 4.9626 -7.1242
v  -19.4466 9.2381 -7.1242
v  -19.4360 9.2381 -7.0987
v  -19.4720 4.9626 -7.1347
v  -19.4720 9.2381 -7.1347
v  -19.4975 4.9626 -7.1242
v  -19.4975 9.2381 -7.1242
v  -19.5081 4.9626 -7.0987
v  -19.5081 9.2381 -7.0987
v  -19.4975 4.9626 -7.0732
v  -19.4975 9.2381 -7.0732
v  -19.4720 4.9626 -7.0626
v  -19.4720 9.2381 -7.0626
v  -19.4466 4.9626 -7.0732
v  -19.4466 9.2381 -7.0732
v  -19.7360 4.9626 -7.0987
v  -19.7466 4.9626 -7.1242
v  -19.7466 9.2381 -7.1242
v  -19.7360 9.2381 -7.0987
v  -19.7720 4.9626 -7.1347
v  -19.7720 9.2381 -7.1347
v  -19.7975 4.9626 -7.1242
v  -19.7975 9.2381 -7.1242
v  -19.8081 4.9626 -7.0987
v  -19.8081 9.2381 -7.0987
v  -19.7975 4.9626 -7.0732
v  -19.7975 9.2381 -7.0732
v  -19.7720 4.9626 -7.0626
v  -19.7720 9.2381 -7.0626
v  -19.7466 4.9626 -7.0732
v  -19.7466 9.2381 -7.0732
v  -20.0360 4.9626 -7.0987
v  -20.0466 4.9626 -7.1242
v  -20.0466 9.2381 -7.1242
v  -20.0360 9.2381 -7.0987
v  -20.0720 4.9626 -7.1347
v  -20.0720 9.2381 -7.1347
v  -20.0975 4.9626 -7.1242
v  -20.0975 9.2381 -7.1242
v  -20.1081 4.9626 -7.0987
v  -20.1081 9.2381 -7.0987
v  -20.0975 4.9626 -7.0732
v  -20.0975 9.2381 -7.0732
v  -20.0720 4.9626 -7.0626
v  -20.0720 9.2381 -7.0626
v  -20.0466 4.9626 -7.0732
v  -20.0466 9.2381 -7.0732
v  -20.3360 4.9626 -7.0987
v  -20.3466 4.9626 -7.1242
v  -20.3466 9.2381 -7.1242
v  -20.3360 9.2381 -7.0987
v  -20.3720 4.9626 -7.1347
v  -20.3720 9.2381 -7.1347
v  -20.3975 4.9626 -7.1242
v  -20.3975 9.2381 -7.1242
v  -20.4081 4.9626 -7.0987
v  -20.4081 9.2381 -7.0987
v  -20.3975 4.9626 -7.0732
v  -20.3975 9.2381 -7.0732
v  -20.3720 4.9626 -7.0626
v  -20.3720 9.2381 -7.0626
v  -20.3466 4.9626 -7.0732
v  -20.3466 9.2381 -7.0732
v  -20.6360 4.9626 -7.0987
v  -20.6466 4.9626 -7.1242
v  -20.6466 9.2381 -7.1242
v  -20.6360 9.2381 -7.0987
v  -20.6720 4.9626 -7.1347
v  -20.6720 9.2381 -7.1347
v  -20.6975 4.9626 -7.1242
v  -20.6975 9.2381 -7.1242
v  -20.7081 4.9626 -7.0987
v  -20.7081 9.2381 -7.0987
v  -20.6975 4.9626 -7.0732
v  -20.6975 9.2381 -7.0732
v  -20.6720 4.9626 -7.0626
v  -20.6720 9.2381 -7.0626
v  -20.6466 4.9626 -7.0732
v  -20.6466 9.2381 -7.0732
v  -20.9360 4.9626 -7.0987
v  -20.9466 4.9626 -7.1242
v  -20.9466 9.2381 -7.1242
v  -20.9360 9.2381 -7.0987
v  -20.9720 4.9626 -7.1347
v  -20.9720 9.2381 -7.1347
v  -20.9975 4.9626 -7.1242
v  -20.9975 9.2381 -7.1242
v  -21.0081 4.9626 -7.0987
v  -21.0081 9.2381 -7.0987
v  -20.9975 4.9626 -7.0732
v  -20.9975 9.2381 -7.0732
v  -20.9720 4.9626 -7.0626
v  -20.9720 9.2381 -7.0626
v  -20.9466 4.9626 -7.0732
v  -20.9466 9.2381 -7.0732
v  -23.0360 4.9626 -7.0987
v  -23.0466 4.9626 -7.1242
v  -23.0466 9.2381 -7.1242
v  -23.0360 9.2381 -7.0987
v  -23.0720 4.9626 -7.1347
v  -23.0720 9.2381 -7.1347
v  -23.0975 4.9626 -7.1242
v  -23.0975 9.2381 -7.1242
v  -23.1081 4.9626 -7.0987
v  -23.1081 9.2381 -7.0987
v  -23.0975 4.9626 -7.0732
v  -23.0975 9.2381 -7.0732
v  -23.0720 4.9626 -7.0626
v  -23.0720 9.2381 -7.0626
v  -23.0466 4.9626 -7.0732
v  -23.0466 9.2381 -7.0732
v  -23.3360 4.9626 -7.0987
v  -23.3466 4.9626 -7.1242
v  -23.3466 9.2381 -7.1242
v  -23.3360 9.2381 -7.0987
v  -23.3720 4.9626 -7.1347
v  -23.3720 9.2381 -7.1347
v  -23.3975 4.9626 -7.1242
v  -23.3975 9.2381 -7.1242
v  -23.4081 4.9626 -7.0987
v  -23.4081 9.2381 -7.0987
v  -23.3975 4.9626 -7.0732
v  -23.3975 9.2381 -7.0732
v  -23.3720 4.9626 -7.0626
v  -23.3720 9.2381 -7.0626
v  -23.3466 4.9626 -7.0732
v  -23.3466 9.2381 -7.0732
v  -23.6360 4.9626 -7.0987
v  -23.6466 4.9626 -7.1242
v  -23.6466 9.2381 -7.1242
v  -23.6360 9.2381 -7.0987
v  -23.6720 4.9626 -7.1347
v  -23.6720 9.2381 -7.1347
v  -23.6975 4.9626 -7.1242
v  -23.6975 9.2381 -7.1242
v  -23.7081 4.9626 -7.0987
v  -23.7081 9.2381 -7.0987
v  -23.6975 4.9626 -7.0732
v  -23.6975 9.2381 -7.0732
v  -23.6720 4.9626 -7.0626
v  -23.6720 9.2381 -7.0626
v  -23.6466 4.9626 -7.0732
v  -23.6466 9.2381 -7.0732
v  -23.9360 4.9626 -7.0987
v  -23.9466 4.9626 -7.1242
v  -23.9466 9.2381 -7.1242
v  -23.9360 9.2381 -7.0987
v  -23.9720 4.9626 -7.1347
v  -23.9720 9.2381 -7.1347
v  -23.9975 4.9626 -7.1242
v  -23.9975 9.2381 -7.1242
v  -24.0081 4.9626 -7.0987
v  -24.0081 9.2381 -7.0987
v  -23.9975 4.9626 -7.0732
v  -23.9975 9.2381 -7.0732
v  -23.9720 4.9626 -7.0626
v  -23.9720 9.2381 -7.0626
v  -23.9466 4.9626 -7.0732
v  -23.9466 9.2381 -7.0732
v  -21.6618 7.9626 -7.1242
v  -21.6618 9.2381 -7.1242
v  -21.6512 9.2381 -7.0987
v  -21.6512 7.9626 -7.0987
v  -21.6873 7.9626 -7.1347
v  -21.6873 9.2381 -7.1347
v  -21.7128 7.9626 -7.1242
v  -21.7128 9.2381 -7.1242
v  -21.7233 7.9626 -7.0987
v  -21.7233 9.2381 -7.0987
v  -21.7128 7.9626 -7.0732
v  -21.7128 9.2381 -7.0732
v  -21.6873 7.9626 -7.0626
v  -21.6873 9.2381 -7.0626
v  -21.6618 7.9626 -7.0732
v  -21.6618 9.2381 -7.0732
v  -21.9618 7.9626 -7.1242
v  -21.9618 9.2381 -7.1242
v  -21.9512 9.2381 -7.0987
v  -21.9512 7.9626 -7.0987
v  -21.9873 7.9626 -7.1347
v  -21.9873 9.2381 -7.1347
v  -22.0128 7.9626 -7.1242
v  -22.0128 9.2381 -7.1242
v  -22.0233 7.9626 -7.0987
v  -22.0233 9.2381 -7.0987
v  -22.0128 7.9626 -7.0732
v  -22.0128 9.2381 -7.0732
v  -21.9873 7.9626 -7.0626
v  -21.9873 9.2381 -7.0626
v  -21.9618 7.9626 -7.0732
v  -21.9618 9.2381 -7.0732
v  -22.2618 7.9626 -7.1242
v  -22.2618 9.2381 -7.1242
v  -22.2512 9.2381 -7.0987
v  -22.2512 7.9626 -7.0987
v  -22.2873 7.9626 -7.1347
v  -22.2873 9.2381 -7.1347
v  -22.3128 7.9626 -7.1242
v  -22.3128 9.2381 -7.1242
v  -22.3233 7.9626 -7.0987
v  -22.3233 9.2381 -7.0987
v  -22.3128 7.9626 -7.0732
v  -22.3128 9.2381 -7.0732
v  -22.2873 7.9626 -7.0626
v  -22.2873 9.2381 -7.0626
v  -22.2618 7.9626 -7.0732
v  -22.2618 9.2381 -7.0732
v  -22.5618 7.9626 -7.1242
v  -22.5618 9.2381 -7.1242
v  -22.5512 9.2381 -7.0987
v  -22.5512 7.9626 -7.0987
v  -22.5873 7.9626 -7.1347
v  -22.5873 9.2381 -7.1347
v  -22.6128 7.9626 -7.1242
v  -22.6128 9.2381 -7.1242
v  -22.6233 7.9626 -7.0987
v  -22.6233 9.2381 -7.0987
v  -22.6128 7.9626 -7.0732
v  -22.6128 9.2381 -7.0732
v  -22.5873 7.9626 -7.0626
v  -22.5873 9.2381 -7.0626
v  -22.5618 7.9626 -7.0732
v  -22.5618 9.2381 -7.0732
v  -21.3652 7.9626 -7.1242
v  -21.3652 9.2381 -7.1242
v  -21.3546 9.2381 -7.0987
v  -21.3546 7.9626 -7.0987
v  -21.3907 7.9626 -7.1347
v  -21.3907 9.2381 -7.1347
v  -21.4161 7.9626 -7.1242
v  -21.4161 9.2381 -7.1242
v  -21.4267 7.9626 -7.0987
v  -21.4267 9.2381 -7.0987
v  -21.4161 7.9626 -7.0732
v  -21.4161 9.2381 -7.0732
v  -21.3907 7.9626 -7.0626
v  -21.3907 9.2381 -7.0626
v  -21.3652 7.9626 -7.0732
v  -21.3652 9.2381 -7.0732
v  -22.9279 4.9626 -7.1303
v  -22.9279 4.9626 -7.0670
v  -22.9279 9.2381 -7.0670
v  -22.9279 9.2381 -7.1303
v  -22.8548 4.9626 -7.0670
v  -22.8548 9.2381 -7.0670
v  -21.0946 4.9626 -7.1303
v  -21.0946 9.2381 -7.1303
v  -21.0946 9.2381 -7.0670
v  -21.0946 4.9626 -7.0670
v  -21.1678 4.9626 -7.1303
v  -21.1678 9.2381 -7.1303
v  -22.8548 4.9626 -7.1303
v  -22.8548 9.2381 -7.1303
v  -21.1678 4.9626 -7.0670
v  -21.1678 9.2381 -7.0670
v  -24.4532 4.9621 -7.1424
v  -22.8788 4.9621 -7.1424
v  -22.8788 4.9621 -7.0575
v  -24.4532 4.9621 -7.0575
v  -24.4532 4.9738 -7.1580
v  -24.4532 5.0927 -7.1580
v  -22.8788 5.0927 -7.1580
v  -22.8788 4.9738 -7.1580
v  -24.4532 5.1044 -7.1424
v  -24.4532 5.1044 -7.0575
v  -22.8788 5.1044 -7.0575
v  -22.8788 5.1044 -7.1424
v  -24.4532 5.0927 -7.0419
v  -24.4532 4.9738 -7.0419
v  -22.8788 4.9738 -7.0419
v  -22.8788 5.0927 -7.0419
v  -18.1537 4.9621 -7.1424
v  -21.1516 4.9621 -7.1424
v  -21.1516 4.9738 -7.1580
v  -18.1537 4.9738 -7.1580
v  -18.1537 5.0927 -7.1580
v  -21.1516 5.0927 -7.1580
v  -21.1516 5.1044 -7.1424
v  -18.1537 5.1044 -7.1424
v  -18.1537 5.1044 -7.0575
v  -21.1516 5.1044 -7.0575
v  -21.1516 5.0927 -7.0419
v  -18.1537 5.0927 -7.0419
v  -18.1537 4.9738 -7.0419
v  -21.1516 4.9738 -7.0419
v  -21.1516 4.9621 -7.0575
v  -18.1537 4.9621 -7.0575
v  -21.1640 4.9855 -7.0632
v  -21.1640 4.9855 -7.1367
v  -21.1640 5.0810 -7.1367
v  -21.1640 5.0810 -7.0632
v  -22.8577 4.9855 -7.1367
v  -22.8577 4.9855 -7.0632
v  -22.8577 5.0810 -7.1367
v  -22.8577 5.0810 -7.0632
v  -24.4532 9.0293 -7.1424
v  -18.1537 9.0293 -7.1424
v  -18.1537 9.0293 -7.0575
v  -24.4532 9.0293 -7.0575
v  -24.4532 9.0410 -7.1580
v  -24.4532 9.1600 -7.1580
v  -18.1537 9.1600 -7.1580
v  -18.1537 9.0410 -7.1580
v  -24.4532 9.1716 -7.1424
v  -24.4532 9.1716 -7.0575
v  -18.1537 9.1716 -7.0575
v  -18.1537 9.1716 -7.1424
v  -24.4532 9.1600 -7.0419
v  -24.4532 9.0410 -7.0419
v  -18.1537 9.0410 -7.0419
v  -18.1537 9.1600 -7.0419
v  -24.4532 6.1866 -7.1424
v  -22.8695 6.1866 -7.1424
v  -22.8695 6.1866 -7.0575
v  -24.4532 6.1866 -7.0575
v  -24.4532 6.1983 -7.1580
v  -24.4532 6.2512 -7.1580
v  -22.8695 6.2512 -7.1580
v  -22.8695 6.1983 -7.1580
v  -24.4532 6.2629 -7.1424
v  -24.4532 6.2629 -7.0575
v  -22.8695 6.2629 -7.0575
v  -22.8695 6.2629 -7.1424
v  -24.4532 6.2512 -7.0419
v  -24.4532 6.1983 -7.0419
v  -22.8695 6.1983 -7.0419
v  -22.8695 6.2512 -7.0419
v  -18.1537 6.1866 -7.1424
v  -21.1528 6.1866 -7.1424
v  -21.1528 6.1983 -7.1580
v  -18.1537 6.1983 -7.1580
v  -18.1537 6.2512 -7.1580
v  -21.1528 6.2512 -7.1580
v  -21.1528 6.2629 -7.1424
v  -18.1537 6.2629 -7.1424
v  -18.1537 6.2629 -7.0575
v  -21.1528 6.2629 -7.0575
v  -21.1528 6.2512 -7.0419
v  -18.1537 6.2512 -7.0419
v  -18.1537 6.1983 -7.0419
v  -21.1528 6.1983 -7.0419
v  -21.1528 6.1866 -7.0575
v  -18.1537 6.1866 -7.0575
v  -24.4532 6.4619 -7.1424
v  -22.8709 6.4619 -7.1424
v  -22.8709 6.4619 -7.0575
v  -24.4532 6.4619 -7.0575
v  -24.4532 6.4736 -7.1580
v  -24.4532 6.5265 -7.1580
v  -22.8709 6.5265 -7.1580
v  -22.8709 6.4736 -7.1580
v  -24.4532 6.5382 -7.1424
v  -24.4532 6.5382 -7.0575
v  -22.8709 6.5382 -7.0575
v  -22.8709 6.5382 -7.1424
v  -24.4532 6.5265 -7.0419
v  -24.4532 6.4736 -7.0419
v  -22.8709 6.4736 -7.0419
v  -22.8709 6.5265 -7.0419
v  -18.1537 6.4619 -7.1424
v  -21.1502 6.4619 -7.1424
v  -21.1502 6.4736 -7.1580
v  -18.1537 6.4736 -7.1580
v  -18.1537 6.5265 -7.1580
v  -21.1502 6.5265 -7.1580
v  -21.1502 6.5382 -7.1424
v  -18.1537 6.5382 -7.1424
v  -18.1537 6.5382 -7.0575
v  -21.1502 6.5382 -7.0575
v  -21.1502 6.5265 -7.0419
v  -18.1537 6.5265 -7.0419
v  -18.1537 6.4736 -7.0419
v  -21.1502 6.4736 -7.0419
v  -21.1502 6.4619 -7.0575
v  -18.1537 6.4619 -7.0575
v  -21.1623 6.4776 -7.0650
v  -21.1623 6.4776 -7.1349
v  -21.1623 6.5226 -7.1349
v  -21.1623 6.5226 -7.0650
v  -21.1648 6.2022 -7.1349
v  -21.1648 6.2473 -7.1349
v  -21.1648 6.2473 -7.0650
v  -21.1648 6.2022 -7.0650
v  -22.8612 6.4776 -7.1349
v  -22.8612 6.4776 -7.0650
v  -22.8612 6.5226 -7.1349
v  -22.8612 6.5226 -7.0650
v  -22.8598 6.2022 -7.1349
v  -22.8598 6.2022 -7.0650
v  -22.8598 6.2473 -7.1349
v  -22.8598 6.2473 -7.0650
v  -3.1057 4.9324 -16.2346
v  -3.3192 4.9324 -16.2346
v  -3.3192 4.9935 -16.2346
v  -3.1057 4.9935 -16.2346
v  -3.1057 4.9324 -7.0083
v  -3.1057 4.9935 -7.0083
v  -3.3192 4.9935 -7.0083
v  -3.3192 4.9324 -7.0083
v  -3.1057 4.9324 -16.1067
v  -3.3192 4.9324 -16.1067
v  3.1057 4.9324 -16.2345
v  3.1057 4.9935 -16.2345
v  3.5327 4.9935 -16.2345
v  3.5327 4.9324 -16.2345
v  3.1057 4.9324 -7.0082
v  3.5327 4.9324 -7.0082
v  3.5327 4.9935 -7.0082
v  3.1057 4.9935 -7.0082
v  3.5327 4.9324 -16.1066
v  3.1057 4.9324 -16.1066
v  3.5327 4.9935 -16.1066
v  3.5327 9.4426 -16.2345
v  3.1057 9.4426 -16.2345
v  3.1057 9.4426 -16.1066
v  3.5327 9.4426 -16.1066
v  -3.1057 9.1543 -7.0083
v  -3.3192 9.1543 -7.0083
v  3.1057 9.1543 -16.2345
v  3.5327 9.1543 -16.2345
v  3.5327 9.1543 -7.0082
v  3.1057 9.1543 -7.0082
v  3.5327 9.1543 -16.1066
v  3.1057 4.9935 -7.1536
v  -3.1057 4.9935 -7.1537
v  -3.1057 4.9324 -7.1537
v  -3.3192 4.9324 -7.1537
v  3.5327 4.9324 -7.1536
v  3.1057 4.9324 -7.1536
v  3.5327 4.9935 -7.1536
v  3.1057 9.4426 -7.1536
v  3.5327 9.4426 -7.1536
v  3.1057 4.9935 -16.1066
v  3.1057 9.1543 -7.1536
v  3.1057 9.1543 -16.1066
v  3.5327 9.1543 -7.1536
v  -3.1057 9.1543 -16.2346
v  -3.1057 9.4426 -16.2346
v  -3.1057 9.1543 -16.1067
v  -3.1057 4.9935 -16.1067
v  3.1057 9.4426 -7.0082
v  3.5327 9.4426 -7.0082
v  -3.1057 9.4426 -7.0083
v  -3.3192 9.4426 -7.0083
v  -3.1057 9.1543 -7.1537
v  -3.1057 9.4426 -16.1067
v  -3.1057 9.4426 -7.1537
v  -3.1580 7.9221 -7.1424
v  3.1415 7.9221 -7.1424
v  3.1415 7.9221 -7.0575
v  -3.1580 7.9221 -7.0575
v  -3.1580 7.9338 -7.1580
v  -3.1580 8.0527 -7.1580
v  3.1415 8.0527 -7.1580
v  3.1415 7.9338 -7.1580
v  -3.1580 8.0644 -7.1424
v  -3.1580 8.0644 -7.0575
v  3.1415 8.0644 -7.0575
v  3.1415 8.0644 -7.1424
v  -3.1580 8.0527 -7.0419
v  -3.1580 7.9338 -7.0419
v  3.1415 7.9338 -7.0419
v  3.1415 8.0527 -7.0419
v  -2.9409 4.9626 -7.0987
v  -2.9514 4.9626 -7.1242
v  -2.9514 9.2381 -7.1242
v  -2.9409 9.2381 -7.0987
v  -2.9769 4.9626 -7.1347
v  -2.9769 9.2381 -7.1347
v  -3.0024 4.9626 -7.1242
v  -3.0024 9.2381 -7.1242
v  -3.0129 4.9626 -7.0987
v  -3.0129 9.2381 -7.0987
v  -3.0024 4.9626 -7.0732
v  -3.0024 9.2381 -7.0732
v  -2.9769 4.9626 -7.0626
v  -2.9769 9.2381 -7.0626
v  -2.9514 4.9626 -7.0732
v  -2.9514 9.2381 -7.0732
v  3.0591 4.9626 -7.0987
v  3.0486 4.9626 -7.1242
v  3.0486 9.2381 -7.1242
v  3.0591 9.2381 -7.0987
v  3.0231 4.9626 -7.1347
v  3.0231 9.2381 -7.1347
v  2.9976 4.9626 -7.1242
v  2.9976 9.2381 -7.1242
v  2.9871 4.9626 -7.0987
v  2.9871 9.2381 -7.0987
v  2.9976 4.9626 -7.0732
v  2.9976 9.2381 -7.0732
v  3.0231 4.9626 -7.0626
v  3.0231 9.2381 -7.0626
v  3.0486 4.9626 -7.0732
v  3.0486 9.2381 -7.0732
v  2.7591 4.9626 -7.0987
v  2.7486 4.9626 -7.1242
v  2.7486 9.2381 -7.1242
v  2.7591 9.2381 -7.0987
v  2.7231 4.9626 -7.1347
v  2.7231 9.2381 -7.1347
v  2.6976 4.9626 -7.1242
v  2.6976 9.2381 -7.1242
v  2.6871 4.9626 -7.0987
v  2.6871 9.2381 -7.0987
v  2.6976 4.9626 -7.0732
v  2.6976 9.2381 -7.0732
v  2.7231 4.9626 -7.0626
v  2.7231 9.2381 -7.0626
v  2.7486 4.9626 -7.0732
v  2.7486 9.2381 -7.0732
v  2.4591 4.9626 -7.0987
v  2.4486 4.9626 -7.1242
v  2.4486 9.2381 -7.1242
v  2.4591 9.2381 -7.0987
v  2.4231 4.9626 -7.1347
v  2.4231 9.2381 -7.1347
v  2.3976 4.9626 -7.1242
v  2.3976 9.2381 -7.1242
v  2.3871 4.9626 -7.0987
v  2.3871 9.2381 -7.0987
v  2.3976 4.9626 -7.0732
v  2.3976 9.2381 -7.0732
v  2.4231 4.9626 -7.0626
v  2.4231 9.2381 -7.0626
v  2.4486 4.9626 -7.0732
v  2.4486 9.2381 -7.0732
v  2.1591 4.9626 -7.0987
v  2.1486 4.9626 -7.1242
v  2.1486 9.2381 -7.1242
v  2.1591 9.2381 -7.0987
v  2.1231 4.9626 -7.1347
v  2.1231 9.2381 -7.1347
v  2.0976 4.9626 -7.1242
v  2.0976 9.2381 -7.1242
v  2.0871 4.9626 -7.0987
v  2.0871 9.2381 -7.0987
v  2.0976 4.9626 -7.0732
v  2.0976 9.2381 -7.0732
v  2.1231 4.9626 -7.0626
v  2.1231 9.2381 -7.0626
v  2.1486 4.9626 -7.0732
v  2.1486 9.2381 -7.0732
v  1.8591 4.9626 -7.0987
v  1.8486 4.9626 -7.1242
v  1.8486 9.2381 -7.1242
v  1.8591 9.2381 -7.0987
v  1.8231 4.9626 -7.1347
v  1.8231 9.2381 -7.1347
v  1.7976 4.9626 -7.1242
v  1.7976 9.2381 -7.1242
v  1.7871 4.9626 -7.0987
v  1.7871 9.2381 -7.0987
v  1.7976 4.9626 -7.0732
v  1.7976 9.2381 -7.0732
v  1.8231 4.9626 -7.0626
v  1.8231 9.2381 -7.0626
v  1.8486 4.9626 -7.0732
v  1.8486 9.2381 -7.0732
v  1.5591 4.9626 -7.0987
v  1.5486 4.9626 -7.1242
v  1.5486 9.2381 -7.1242
v  1.5591 9.2381 -7.0987
v  1.5231 4.9626 -7.1347
v  1.5231 9.2381 -7.1347
v  1.4976 4.9626 -7.1242
v  1.4976 9.2381 -7.1242
v  1.4871 4.9626 -7.0987
v  1.4871 9.2381 -7.0987
v  1.4976 4.9626 -7.0732
v  1.4976 9.2381 -7.0732
v  1.5231 4.9626 -7.0626
v  1.5231 9.2381 -7.0626
v  1.5486 4.9626 -7.0732
v  1.5486 9.2381 -7.0732
v  1.2591 4.9626 -7.0987
v  1.2486 4.9626 -7.1242
v  1.2486 9.2381 -7.1242
v  1.2591 9.2381 -7.0987
v  1.2231 4.9626 -7.1347
v  1.2231 9.2381 -7.1347
v  1.1976 4.9626 -7.1242
v  1.1976 9.2381 -7.1242
v  1.1871 4.9626 -7.0987
v  1.1871 9.2381 -7.0987
v  1.1976 4.9626 -7.0732
v  1.1976 9.2381 -7.0732
v  1.2231 4.9626 -7.0626
v  1.2231 9.2381 -7.0626
v  1.2486 4.9626 -7.0732
v  1.2486 9.2381 -7.0732
v  0.9591 4.9626 -7.0987
v  0.9486 4.9626 -7.1242
v  0.9486 9.2381 -7.1242
v  0.9591 9.2381 -7.0987
v  0.9231 4.9626 -7.1347
v  0.9231 9.2381 -7.1347
v  0.8976 4.9626 -7.1242
v  0.8976 9.2381 -7.1242
v  0.8871 4.9626 -7.0987
v  0.8871 9.2381 -7.0987
v  0.8976 4.9626 -7.0732
v  0.8976 9.2381 -7.0732
v  0.9231 4.9626 -7.0626
v  0.9231 9.2381 -7.0626
v  0.9486 4.9626 -7.0732
v  0.9486 9.2381 -7.0732
v  0.6591 4.9626 -7.0987
v  0.6486 4.9626 -7.1242
v  0.6486 9.2381 -7.1242
v  0.6591 9.2381 -7.0987
v  0.6231 4.9626 -7.1347
v  0.6231 9.2381 -7.1347
v  0.5976 4.9626 -7.1242
v  0.5976 9.2381 -7.1242
v  0.5871 4.9626 -7.0987
v  0.5871 9.2381 -7.0987
v  0.5976 4.9626 -7.0732
v  0.5976 9.2381 -7.0732
v  0.6231 4.9626 -7.0626
v  0.6231 9.2381 -7.0626
v  0.6486 4.9626 -7.0732
v  0.6486 9.2381 -7.0732
v  0.3591 4.9626 -7.0987
v  0.3486 4.9626 -7.1242
v  0.3486 9.2381 -7.1242
v  0.3591 9.2381 -7.0987
v  0.3231 4.9626 -7.1347
v  0.3231 9.2381 -7.1347
v  0.2976 4.9626 -7.1242
v  0.2976 9.2381 -7.1242
v  0.2871 4.9626 -7.0987
v  0.2871 9.2381 -7.0987
v  0.2976 4.9626 -7.0732
v  0.2976 9.2381 -7.0732
v  0.3231 4.9626 -7.0626
v  0.3231 9.2381 -7.0626
v  0.3486 4.9626 -7.0732
v  0.3486 9.2381 -7.0732
v  -1.7409 4.9626 -7.0987
v  -1.7514 4.9626 -7.1242
v  -1.7514 9.2381 -7.1242
v  -1.7409 9.2381 -7.0987
v  -1.7769 4.9626 -7.1347
v  -1.7769 9.2381 -7.1347
v  -1.8024 4.9626 -7.1242
v  -1.8024 9.2381 -7.1242
v  -1.8129 4.9626 -7.0987
v  -1.8129 9.2381 -7.0987
v  -1.8024 4.9626 -7.0732
v  -1.8024 9.2381 -7.0732
v  -1.7769 4.9626 -7.0626
v  -1.7769 9.2381 -7.0626
v  -1.7514 4.9626 -7.0732
v  -1.7514 9.2381 -7.0732
v  -2.0409 4.9626 -7.0987
v  -2.0514 4.9626 -7.1242
v  -2.0514 9.2381 -7.1242
v  -2.0409 9.2381 -7.0987
v  -2.0769 4.9626 -7.1347
v  -2.0769 9.2381 -7.1347
v  -2.1024 4.9626 -7.1242
v  -2.1024 9.2381 -7.1242
v  -2.1129 4.9626 -7.0987
v  -2.1129 9.2381 -7.0987
v  -2.1024 4.9626 -7.0732
v  -2.1024 9.2381 -7.0732
v  -2.0769 4.9626 -7.0626
v  -2.0769 9.2381 -7.0626
v  -2.0514 4.9626 -7.0732
v  -2.0514 9.2381 -7.0732
v  -2.3409 4.9626 -7.0987
v  -2.3514 4.9626 -7.1242
v  -2.3514 9.2381 -7.1242
v  -2.3409 9.2381 -7.0987
v  -2.3769 4.9626 -7.1347
v  -2.3769 9.2381 -7.1347
v  -2.4024 4.9626 -7.1242
v  -2.4024 9.2381 -7.1242
v  -2.4129 4.9626 -7.0987
v  -2.4129 9.2381 -7.0987
v  -2.4024 4.9626 -7.0732
v  -2.4024 9.2381 -7.0732
v  -2.3769 4.9626 -7.0626
v  -2.3769 9.2381 -7.0626
v  -2.3514 4.9626 -7.0732
v  -2.3514 9.2381 -7.0732
v  -2.6409 4.9626 -7.0987
v  -2.6514 4.9626 -7.1242
v  -2.6514 9.2381 -7.1242
v  -2.6409 9.2381 -7.0987
v  -2.6769 4.9626 -7.1347
v  -2.6769 9.2381 -7.1347
v  -2.7024 4.9626 -7.1242
v  -2.7024 9.2381 -7.1242
v  -2.7129 4.9626 -7.0987
v  -2.7129 9.2381 -7.0987
v  -2.7024 4.9626 -7.0732
v  -2.7024 9.2381 -7.0732
v  -2.6769 4.9626 -7.0626
v  -2.6769 9.2381 -7.0626
v  -2.6514 4.9626 -7.0732
v  -2.6514 9.2381 -7.0732
v  -0.3667 7.9626 -7.1242
v  -0.3667 9.2381 -7.1242
v  -0.3561 9.2381 -7.0987
v  -0.3561 7.9626 -7.0987
v  -0.3921 7.9626 -7.1347
v  -0.3921 9.2381 -7.1347
v  -0.4176 7.9626 -7.1242
v  -0.4176 9.2381 -7.1242
v  -0.4282 7.9626 -7.0987
v  -0.4282 9.2381 -7.0987
v  -0.4176 7.9626 -7.0732
v  -0.4176 9.2381 -7.0732
v  -0.3921 7.9626 -7.0626
v  -0.3921 9.2381 -7.0626
v  -0.3667 7.9626 -7.0732
v  -0.3667 9.2381 -7.0732
v  -0.6667 7.9626 -7.1242
v  -0.6667 9.2381 -7.1242
v  -0.6561 9.2381 -7.0987
v  -0.6561 7.9626 -7.0987
v  -0.6921 7.9626 -7.1347
v  -0.6921 9.2381 -7.1347
v  -0.7176 7.9626 -7.1242
v  -0.7176 9.2381 -7.1242
v  -0.7282 7.9626 -7.0987
v  -0.7282 9.2381 -7.0987
v  -0.7176 7.9626 -7.0732
v  -0.7176 9.2381 -7.0732
v  -0.6921 7.9626 -7.0626
v  -0.6921 9.2381 -7.0626
v  -0.6667 7.9626 -7.0732
v  -0.6667 9.2381 -7.0732
v  -0.9667 7.9626 -7.1242
v  -0.9667 9.2381 -7.1242
v  -0.9561 9.2381 -7.0987
v  -0.9561 7.9626 -7.0987
v  -0.9921 7.9626 -7.1347
v  -0.9921 9.2381 -7.1347
v  -1.0176 7.9626 -7.1242
v  -1.0176 9.2381 -7.1242
v  -1.0282 7.9626 -7.0987
v  -1.0282 9.2381 -7.0987
v  -1.0176 7.9626 -7.0732
v  -1.0176 9.2381 -7.0732
v  -0.9921 7.9626 -7.0626
v  -0.9921 9.2381 -7.0626
v  -0.9667 7.9626 -7.0732
v  -0.9667 9.2381 -7.0732
v  -1.2667 7.9626 -7.1242
v  -1.2667 9.2381 -7.1242
v  -1.2561 9.2381 -7.0987
v  -1.2561 7.9626 -7.0987
v  -1.2921 7.9626 -7.1347
v  -1.2921 9.2381 -7.1347
v  -1.3176 7.9626 -7.1242
v  -1.3176 9.2381 -7.1242
v  -1.3282 7.9626 -7.0987
v  -1.3282 9.2381 -7.0987
v  -1.3176 7.9626 -7.0732
v  -1.3176 9.2381 -7.0732
v  -1.2921 7.9626 -7.0626
v  -1.2921 9.2381 -7.0626
v  -1.2667 7.9626 -7.0732
v  -1.2667 9.2381 -7.0732
v  -0.0701 7.9626 -7.1242
v  -0.0701 9.2381 -7.1242
v  -0.0595 9.2381 -7.0987
v  -0.0595 7.9626 -7.0987
v  -0.0955 7.9626 -7.1347
v  -0.0955 9.2381 -7.1347
v  -0.1210 7.9626 -7.1242
v  -0.1210 9.2381 -7.1242
v  -0.1316 7.9626 -7.0987
v  -0.1316 9.2381 -7.0987
v  -0.1210 7.9626 -7.0732
v  -0.1210 9.2381 -7.0732
v  -0.0955 7.9626 -7.0626
v  -0.0955 9.2381 -7.0626
v  -0.0701 7.9626 -7.0732
v  -0.0701 9.2381 -7.0732
v  -1.6328 4.9626 -7.1303
v  -1.6328 4.9626 -7.0670
v  -1.6328 9.2381 -7.0670
v  -1.6328 9.2381 -7.1303
v  -1.5596 4.9626 -7.0670
v  -1.5596 9.2381 -7.0670
v  0.2005 4.9626 -7.1303
v  0.2005 9.2381 -7.1303
v  0.2005 9.2381 -7.0670
v  0.2005 4.9626 -7.0670
v  0.1273 4.9626 -7.1303
v  0.1273 9.2381 -7.1303
v  -1.5596 4.9626 -7.1303
v  -1.5596 9.2381 -7.1303
v  0.1273 4.9626 -7.0670
v  0.1273 9.2381 -7.0670
v  -3.1580 4.9621 -7.1424
v  -1.5836 4.9621 -7.1424
v  -1.5836 4.9621 -7.0575
v  -3.1580 4.9621 -7.0575
v  -3.1580 4.9738 -7.1580
v  -3.1580 5.0927 -7.1580
v  -1.5836 5.0927 -7.1580
v  -1.5836 4.9738 -7.1580
v  -3.1580 5.1044 -7.1424
v  -3.1580 5.1044 -7.0575
v  -1.5836 5.1044 -7.0575
v  -1.5836 5.1044 -7.1424
v  -3.1580 5.0927 -7.0419
v  -3.1580 4.9738 -7.0419
v  -1.5836 4.9738 -7.0419
v  -1.5836 5.0927 -7.0419
v  3.1415 4.9621 -7.1424
v  0.1435 4.9621 -7.1424
v  0.1435 4.9738 -7.1580
v  3.1415 4.9738 -7.1580
v  3.1415 5.0927 -7.1580
v  0.1435 5.0927 -7.1580
v  0.1435 5.1044 -7.1424
v  3.1415 5.1044 -7.1424
v  3.1415 5.1044 -7.0575
v  0.1435 5.1044 -7.0575
v  0.1435 5.0927 -7.0419
v  3.1415 5.0927 -7.0419
v  3.1415 4.9738 -7.0419
v  0.1435 4.9738 -7.0419
v  0.1435 4.9621 -7.0575
v  3.1415 4.9621 -7.0575
v  0.1311 4.9855 -7.0632
v  0.1311 4.9855 -7.1367
v  0.1311 5.0810 -7.1367
v  0.1311 5.0810 -7.0632
v  -1.5626 4.9855 -7.1367
v  -1.5626 4.9855 -7.0632
v  -1.5626 5.0810 -7.1367
v  -1.5626 5.0810 -7.0632
v  -3.1580 9.0293 -7.1424
v  3.1415 9.0293 -7.1424
v  3.1415 9.0293 -7.0575
v  -3.1580 9.0293 -7.0575
v  -3.1580 9.0410 -7.1580
v  -3.1580 9.1600 -7.1580
v  3.1415 9.1600 -7.1580
v  3.1415 9.0410 -7.1580
v  -3.1580 9.1716 -7.1424
v  -3.1580 9.1716 -7.0575
v  3.1415 9.1716 -7.0575
v  3.1415 9.1716 -7.1424
v  -3.1580 9.1600 -7.0419
v  -3.1580 9.0410 -7.0419
v  3.1415 9.0410 -7.0419
v  3.1415 9.1600 -7.0419
v  -3.1580 6.1866 -7.1424
v  -1.5744 6.1866 -7.1424
v  -1.5744 6.1866 -7.0575
v  -3.1580 6.1866 -7.0575
v  -3.1580 6.1983 -7.1580
v  -3.1580 6.2512 -7.1580
v  -1.5744 6.2512 -7.1580
v  -1.5744 6.1983 -7.1580
v  -3.1580 6.2629 -7.1424
v  -3.1580 6.2629 -7.0575
v  -1.5744 6.2629 -7.0575
v  -1.5744 6.2629 -7.1424
v  -3.1580 6.2512 -7.0419
v  -3.1580 6.1983 -7.0419
v  -1.5744 6.1983 -7.0419
v  -1.5744 6.2512 -7.0419
v  3.1415 6.1866 -7.1424
v  0.1424 6.1866 -7.1424
v  0.1424 6.1983 -7.1580
v  3.1415 6.1983 -7.1580
v  3.1415 6.2512 -7.1580
v  0.1424 6.2512 -7.1580
v  0.1424 6.2629 -7.1424
v  3.1415 6.2629 -7.1424
v  3.1415 6.2629 -7.0575
v  0.1424 6.2629 -7.0575
v  0.1424 6.2512 -7.0419
v  3.1415 6.2512 -7.0419
v  3.1415 6.1983 -7.0419
v  0.1424 6.1983 -7.0419
v  0.1424 6.1866 -7.0575
v  3.1415 6.1866 -7.0575
v  -3.1580 6.4619 -7.1424
v  -1.5758 6.4619 -7.1424
v  -1.5758 6.4619 -7.0575
v  -3.1580 6.4619 -7.0575
v  -3.1580 6.4736 -7.1580
v  -3.1580 6.5265 -7.1580
v  -1.5758 6.5265 -7.1580
v  -1.5758 6.4736 -7.1580
v  -3.1580 6.5382 -7.1424
v  -3.1580 6.5382 -7.0575
v  -1.5758 6.5382 -7.0575
v  -1.5758 6.5382 -7.1424
v  -3.1580 6.5265 -7.0419
v  -3.1580 6.4736 -7.0419
v  -1.5758 6.4736 -7.0419
v  -1.5758 6.5265 -7.0419
v  3.1415 6.4619 -7.1424
v  0.1449 6.4619 -7.1424
v  0.1449 6.4736 -7.1580
v  3.1415 6.4736 -7.1580
v  3.1415 6.5265 -7.1580
v  0.1449 6.5265 -7.1580
v  0.1449 6.5382 -7.1424
v  3.1415 6.5382 -7.1424
v  3.1415 6.5382 -7.0575
v  0.1449 6.5382 -7.0575
v  0.1449 6.5265 -7.0419
v  3.1415 6.5265 -7.0419
v  3.1415 6.4736 -7.0419
v  0.1449 6.4736 -7.0419
v  0.1449 6.4619 -7.0575
v  3.1415 6.4619 -7.0575
v  0.1328 6.4776 -7.0650
v  0.1328 6.4776 -7.1349
v  0.1328 6.5226 -7.1349
v  0.1328 6.5226 -7.0650
v  0.1303 6.2022 -7.1349
v  0.1303 6.2473 -7.1349
v  0.1303 6.2473 -7.0650
v  0.1303 6.2022 -7.0650
v  -1.5660 6.4776 -7.1349
v  -1.5660 6.4776 -7.0650
v  -1.5660 6.5226 -7.1349
v  -1.5660 6.5226 -7.0650
v  -1.5647 6.2022 -7.1349
v  -1.5647 6.2022 -7.0650
v  -1.5647 6.2473 -7.1349
v  -1.5647 6.2473 -7.0650
v  -10.4175 9.4426 -16.1067
v  -10.4175 9.4426 -16.2346
v  -3.7151 4.9935 -16.3514
v  -3.3834 4.9935 -16.3515
v  -3.3834 4.8155 -16.3515
v  -3.7151 4.8155 -16.3514
v  -10.4175 9.1543 -16.2346
v  -3.7151 9.1543 -16.3514
v  -3.3834 9.1543 -16.3515
v  -3.7792 9.1543 -7.0082
v  -10.4175 9.4426 -7.1537
v  -3.7792 4.9324 -7.1536
v  -3.7150 9.5594 -7.1536
v  -3.3833 9.5594 -7.1537
v  -3.7150 9.5594 -6.8914
v  -3.3833 9.5594 -6.8915
v  -17.5159 9.4426 -16.1067
v  -17.5159 9.4426 -16.2346
v  -10.8135 4.9935 -16.3514
v  -10.4817 4.9935 -16.3515
v  -10.4817 4.8155 -16.3515
v  -10.8135 4.8155 -16.3514
v  -17.5159 9.1543 -16.2346
v  -10.8135 9.1543 -16.3514
v  -10.4817 9.1543 -16.3515
v  -10.8776 9.1543 -7.0082
v  -17.5159 9.4426 -7.1537
v  -10.8776 4.9324 -7.1536
v  -10.8134 9.5594 -7.1536
v  -10.4817 9.5594 -7.1537
v  -10.8134 9.5594 -6.8914
v  -10.4817 9.5594 -6.8915
v  -17.9118 4.9935 -16.3514
v  -17.5801 4.9935 -16.3515
v  -17.5801 4.8155 -16.3515
v  -17.9118 4.8155 -16.3514
v  -17.9118 9.1543 -16.3514
v  -17.5801 9.1543 -16.3515
v  -17.9760 9.1543 -7.0082
v  -17.9760 4.9324 -7.1536
v  -17.9118 9.5594 -7.1536
v  -17.5801 9.5594 -7.1537
v  -17.9118 9.5594 -6.8914
v  -17.5801 9.5594 -6.8915
v  -3.3192 9.4426 -16.1067
v  -3.3192 9.4426 -16.2346
v  -3.3192 9.1543 -16.2346
v  -3.3192 9.4426 -7.1537
v  -10.2040 0.0000 16.2346
v  -10.2040 0.0611 16.2346
v  -10.4175 0.0611 16.2346
v  -10.4175 0.0000 16.2346
v  -10.2040 0.0000 7.0083
v  -10.4175 0.0000 7.0083
v  -10.4175 0.0611 7.0083
v  -10.2040 0.0611 7.0083
v  -10.4175 0.0000 16.1067
v  -10.2040 0.0000 16.1067
v  -3.9927 0.0000 16.2345
v  -3.7792 0.0000 16.2345
v  -3.7792 0.0611 16.2345
v  -3.9927 0.0611 16.2345
v  -3.9927 0.0000 7.0082
v  -3.9927 0.0611 7.0082
v  -3.7792 0.0611 7.0082
v  -3.7792 0.0000 7.0082
v  -3.9927 0.0000 16.1066
v  -3.7792 0.0000 16.1066
v  -3.7151 4.6270 16.3514
v  -3.3834 4.6270 16.3515
v  -3.3833 4.6270 16.1067
v  -3.7150 4.6270 16.1066
v  -10.4175 4.2219 7.0083
v  -10.2040 4.2219 7.0083
v  -3.7792 4.2219 16.2345
v  -3.9927 4.2219 16.2345
v  -3.3833 0.0611 6.8915
v  -3.7150 0.0611 6.8914
v  -3.7150 4.0796 6.8914
v  -3.3833 4.0796 6.8915
v  -10.2040 0.0611 7.1537
v  -3.9927 0.0611 7.1536
v  -10.4175 0.0000 7.1537
v  -10.2040 0.0000 7.1537
v  -3.3833 -0.1169 16.1067
v  -3.7150 -0.1169 16.1066
v  -3.7150 -0.1169 7.1536
v  -3.3833 -0.1169 7.1537
v  -3.9927 4.5102 16.1066
v  -3.7792 4.5102 16.1066
v  -3.7792 4.5102 7.1536
v  -3.9927 4.5102 7.1536
v  -3.9927 0.0611 16.1066
v  -3.9927 4.2219 16.1066
v  -3.9927 4.2219 7.1536
v  -3.9927 0.0000 7.1536
v  -3.9927 4.5102 16.2345
v  -10.2040 4.5102 16.2346
v  -10.2040 4.2219 16.2346
v  -10.2040 0.0611 16.1067
v  -10.2040 4.2219 16.1067
v  -3.7150 -0.1169 6.8914
v  -3.3833 -0.1169 6.8915
v  -3.7792 4.5102 7.0082
v  -3.9927 4.5102 7.0082
v  -3.9927 4.2219 7.0082
v  -10.4175 4.5102 7.0083
v  -10.2040 4.5102 7.0083
v  -3.7792 4.5102 16.2345
v  -3.3833 4.3995 4.9294
v  -3.7150 4.3995 4.9293
v  -3.7150 4.6270 4.9293
v  -3.3833 4.6270 4.9294
v  -10.2040 4.2219 7.1537
v  -10.2040 4.5102 16.1067
v  -10.2040 4.5102 7.1537
v  -10.2564 2.9897 7.1424
v  -10.2564 2.9897 7.0575
v  -3.9569 2.9897 7.0575
v  -3.9569 2.9897 7.1424
v  -10.2564 3.0014 7.1580
v  -3.9569 3.0014 7.1580
v  -3.9569 3.1204 7.1580
v  -10.2564 3.1204 7.1580
v  -10.2564 3.1320 7.1424
v  -3.9569 3.1320 7.1424
v  -3.9569 3.1320 7.0575
v  -10.2564 3.1320 7.0575
v  -10.2564 3.1204 7.0419
v  -3.9569 3.1204 7.0419
v  -3.9569 3.0014 7.0419
v  -10.2564 3.0014 7.0419
v  -10.0393 0.0302 7.0987
v  -10.0393 4.3057 7.0987
v  -10.0498 4.3057 7.1242
v  -10.0498 0.0302 7.1242
v  -10.0753 4.3057 7.1347
v  -10.0753 0.0302 7.1347
v  -10.1008 4.3057 7.1242
v  -10.1008 0.0302 7.1242
v  -10.1113 4.3057 7.0987
v  -10.1113 0.0302 7.0987
v  -10.1008 4.3057 7.0732
v  -10.1008 0.0302 7.0732
v  -10.0753 4.3057 7.0626
v  -10.0753 0.0302 7.0626
v  -10.0498 4.3057 7.0732
v  -10.0498 0.0302 7.0732
v  -4.0393 0.0302 7.0987
v  -4.0393 4.3057 7.0987
v  -4.0498 4.3057 7.1242
v  -4.0498 0.0302 7.1242
v  -4.0753 4.3057 7.1347
v  -4.0753 0.0302 7.1347
v  -4.1008 4.3057 7.1242
v  -4.1008 0.0302 7.1242
v  -4.1113 4.3057 7.0987
v  -4.1113 0.0302 7.0987
v  -4.1008 4.3057 7.0732
v  -4.1008 0.0302 7.0732
v  -4.0753 4.3057 7.0626
v  -4.0753 0.0302 7.0626
v  -4.0498 4.3057 7.0732
v  -4.0498 0.0302 7.0732
v  -4.3393 0.0302 7.0987
v  -4.3393 4.3057 7.0987
v  -4.3498 4.3057 7.1242
v  -4.3498 0.0302 7.1242
v  -4.3753 4.3057 7.1347
v  -4.3753 0.0302 7.1347
v  -4.4008 4.3057 7.1242
v  -4.4008 0.0302 7.1242
v  -4.4113 4.3057 7.0987
v  -4.4113 0.0302 7.0987
v  -4.4008 4.3057 7.0732
v  -4.4008 0.0302 7.0732
v  -4.3753 4.3057 7.0626
v  -4.3753 0.0302 7.0626
v  -4.3498 4.3057 7.0732
v  -4.3498 0.0302 7.0732
v  -4.6393 0.0302 7.0987
v  -4.6393 4.3057 7.0987
v  -4.6498 4.3057 7.1242
v  -4.6498 0.0302 7.1242
v  -4.6753 4.3057 7.1347
v  -4.6753 0.0302 7.1347
v  -4.7008 4.3057 7.1242
v  -4.7008 0.0302 7.1242
v  -4.7113 4.3057 7.0987
v  -4.7113 0.0302 7.0987
v  -4.7008 4.3057 7.0732
v  -4.7008 0.0302 7.0732
v  -4.6753 4.3057 7.0626
v  -4.6753 0.0302 7.0626
v  -4.6498 4.3057 7.0732
v  -4.6498 0.0302 7.0732
v  -4.9393 0.0302 7.0987
v  -4.9393 4.3057 7.0987
v  -4.9498 4.3057 7.1242
v  -4.9498 0.0302 7.1242
v  -4.9753 4.3057 7.1347
v  -4.9753 0.0302 7.1347
v  -5.0008 4.3057 7.1242
v  -5.0008 0.0302 7.1242
v  -5.0113 4.3057 7.0987
v  -5.0113 0.0302 7.0987
v  -5.0008 4.3057 7.0732
v  -5.0008 0.0302 7.0732
v  -4.9753 4.3057 7.0626
v  -4.9753 0.0302 7.0626
v  -4.9498 4.3057 7.0732
v  -4.9498 0.0302 7.0732
v  -5.2393 0.0302 7.0987
v  -5.2393 4.3057 7.0987
v  -5.2498 4.3057 7.1242
v  -5.2498 0.0302 7.1242
v  -5.2753 4.3057 7.1347
v  -5.2753 0.0302 7.1347
v  -5.3008 4.3057 7.1242
v  -5.3008 0.0302 7.1242
v  -5.3113 4.3057 7.0987
v  -5.3113 0.0302 7.0987
v  -5.3008 4.3057 7.0732
v  -5.3008 0.0302 7.0732
v  -5.2753 4.3057 7.0626
v  -5.2753 0.0302 7.0626
v  -5.2498 4.3057 7.0732
v  -5.2498 0.0302 7.0732
v  -5.5393 0.0302 7.0987
v  -5.5393 4.3057 7.0987
v  -5.5498 4.3057 7.1242
v  -5.5498 0.0302 7.1242
v  -5.5753 4.3057 7.1347
v  -5.5753 0.0302 7.1347
v  -5.6008 4.3057 7.1242
v  -5.6008 0.0302 7.1242
v  -5.6113 4.3057 7.0987
v  -5.6113 0.0302 7.0987
v  -5.6008 4.3057 7.0732
v  -5.6008 0.0302 7.0732
v  -5.5753 4.3057 7.0626
v  -5.5753 0.0302 7.0626
v  -5.5498 4.3057 7.0732
v  -5.5498 0.0302 7.0732
v  -5.8393 0.0302 7.0987
v  -5.8393 4.3057 7.0987
v  -5.8498 4.3057 7.1242
v  -5.8498 0.0302 7.1242
v  -5.8753 4.3057 7.1347
v  -5.8753 0.0302 7.1347
v  -5.9008 4.3057 7.1242
v  -5.9008 0.0302 7.1242
v  -5.9113 4.3057 7.0987
v  -5.9113 0.0302 7.0987
v  -5.9008 4.3057 7.0732
v  -5.9008 0.0302 7.0732
v  -5.8753 4.3057 7.0626
v  -5.8753 0.0302 7.0626
v  -5.8498 4.3057 7.0732
v  -5.8498 0.0302 7.0732
v  -6.1393 0.0302 7.0987
v  -6.1393 4.3057 7.0987
v  -6.1498 4.3057 7.1242
v  -6.1498 0.0302 7.1242
v  -6.1753 4.3057 7.1347
v  -6.1753 0.0302 7.1347
v  -6.2008 4.3057 7.1242
v  -6.2008 0.0302 7.1242
v  -6.2113 4.3057 7.0987
v  -6.2113 0.0302 7.0987
v  -6.2008 4.3057 7.0732
v  -6.2008 0.0302 7.0732
v  -6.1753 4.3057 7.0626
v  -6.1753 0.0302 7.0626
v  -6.1498 4.3057 7.0732
v  -6.1498 0.0302 7.0732
v  -6.4393 0.0302 7.0987
v  -6.4393 4.3057 7.0987
v  -6.4498 4.3057 7.1242
v  -6.4498 0.0302 7.1242
v  -6.4753 4.3057 7.1347
v  -6.4753 0.0302 7.1347
v  -6.5008 4.3057 7.1242
v  -6.5008 0.0302 7.1242
v  -6.5113 4.3057 7.0987
v  -6.5113 0.0302 7.0987
v  -6.5008 4.3057 7.0732
v  -6.5008 0.0302 7.0732
v  -6.4753 4.3057 7.0626
v  -6.4753 0.0302 7.0626
v  -6.4498 4.3057 7.0732
v  -6.4498 0.0302 7.0732
v  -6.7393 0.0302 7.0987
v  -6.7393 4.3057 7.0987
v  -6.7498 4.3057 7.1242
v  -6.7498 0.0302 7.1242
v  -6.7753 4.3057 7.1347
v  -6.7753 0.0302 7.1347
v  -6.8008 4.3057 7.1242
v  -6.8008 0.0302 7.1242
v  -6.8113 4.3057 7.0987
v  -6.8113 0.0302 7.0987
v  -6.8008 4.3057 7.0732
v  -6.8008 0.0302 7.0732
v  -6.7753 4.3057 7.0626
v  -6.7753 0.0302 7.0626
v  -6.7498 4.3057 7.0732
v  -6.7498 0.0302 7.0732
v  -8.8393 0.0302 7.0987
v  -8.8393 4.3057 7.0987
v  -8.8498 4.3057 7.1242
v  -8.8498 0.0302 7.1242
v  -8.8753 4.3057 7.1347
v  -8.8753 0.0302 7.1347
v  -8.9008 4.3057 7.1242
v  -8.9008 0.0302 7.1242
v  -8.9113 4.3057 7.0987
v  -8.9113 0.0302 7.0987
v  -8.9008 4.3057 7.0732
v  -8.9008 0.0302 7.0732
v  -8.8753 4.3057 7.0626
v  -8.8753 0.0302 7.0626
v  -8.8498 4.3057 7.0732
v  -8.8498 0.0302 7.0732
v  -9.1393 0.0302 7.0987
v  -9.1393 4.3057 7.0987
v  -9.1498 4.3057 7.1242
v  -9.1498 0.0302 7.1242
v  -9.1753 4.3057 7.1347
v  -9.1753 0.0302 7.1347
v  -9.2008 4.3057 7.1242
v  -9.2008 0.0302 7.1242
v  -9.2113 4.3057 7.0987
v  -9.2113 0.0302 7.0987
v  -9.2008 4.3057 7.0732
v  -9.2008 0.0302 7.0732
v  -9.1753 4.3057 7.0626
v  -9.1753 0.0302 7.0626
v  -9.1498 4.3057 7.0732
v  -9.1498 0.0302 7.0732
v  -9.4393 0.0302 7.0987
v  -9.4393 4.3057 7.0987
v  -9.4498 4.3057 7.1242
v  -9.4498 0.0302 7.1242
v  -9.4753 4.3057 7.1347
v  -9.4753 0.0302 7.1347
v  -9.5008 4.3057 7.1242
v  -9.5008 0.0302 7.1242
v  -9.5113 4.3057 7.0987
v  -9.5113 0.0302 7.0987
v  -9.5008 4.3057 7.0732
v  -9.5008 0.0302 7.0732
v  -9.4753 4.3057 7.0626
v  -9.4753 0.0302 7.0626
v  -9.4498 4.3057 7.0732
v  -9.4498 0.0302 7.0732
v  -9.7393 0.0302 7.0987
v  -9.7393 4.3057 7.0987
v  -9.7498 4.3057 7.1242
v  -9.7498 0.0302 7.1242
v  -9.7753 4.3057 7.1347
v  -9.7753 0.0302 7.1347
v  -9.8008 4.3057 7.1242
v  -9.8008 0.0302 7.1242
v  -9.8113 4.3057 7.0987
v  -9.8113 0.0302 7.0987
v  -9.8008 4.3057 7.0732
v  -9.8008 0.0302 7.0732
v  -9.7753 4.3057 7.0626
v  -9.7753 0.0302 7.0626
v  -9.7498 4.3057 7.0732
v  -9.7498 0.0302 7.0732
v  -7.4650 3.0303 7.1242
v  -7.4545 3.0303 7.0987
v  -7.4545 4.3057 7.0987
v  -7.4650 4.3057 7.1242
v  -7.4905 3.0303 7.1347
v  -7.4905 4.3057 7.1347
v  -7.5160 3.0303 7.1242
v  -7.5160 4.3057 7.1242
v  -7.5266 3.0303 7.0987
v  -7.5266 4.3057 7.0987
v  -7.5160 3.0303 7.0732
v  -7.5160 4.3057 7.0732
v  -7.4905 3.0303 7.0626
v  -7.4905 4.3057 7.0626
v  -7.4650 3.0303 7.0732
v  -7.4650 4.3057 7.0732
v  -7.7650 3.0303 7.1242
v  -7.7545 3.0303 7.0987
v  -7.7545 4.3057 7.0987
v  -7.7650 4.3057 7.1242
v  -7.7905 3.0303 7.1347
v  -7.7905 4.3057 7.1347
v  -7.8160 3.0303 7.1242
v  -7.8160 4.3057 7.1242
v  -7.8266 3.0303 7.0987
v  -7.8266 4.3057 7.0987
v  -7.8160 3.0303 7.0732
v  -7.8160 4.3057 7.0732
v  -7.7905 3.0303 7.0626
v  -7.7905 4.3057 7.0626
v  -7.7650 3.0303 7.0732
v  -7.7650 4.3057 7.0732
v  -8.0650 3.0303 7.1242
v  -8.0545 3.0303 7.0987
v  -8.0545 4.3057 7.0987
v  -8.0650 4.3057 7.1242
v  -8.0905 3.0303 7.1347
v  -8.0905 4.3057 7.1347
v  -8.1160 3.0303 7.1242
v  -8.1160 4.3057 7.1242
v  -8.1266 3.0303 7.0987
v  -8.1266 4.3057 7.0987
v  -8.1160 3.0303 7.0732
v  -8.1160 4.3057 7.0732
v  -8.0905 3.0303 7.0626
v  -8.0905 4.3057 7.0626
v  -8.0650 3.0303 7.0732
v  -8.0650 4.3057 7.0732
v  -8.3650 3.0303 7.1242
v  -8.3545 3.0303 7.0987
v  -8.3545 4.3057 7.0987
v  -8.3650 4.3057 7.1242
v  -8.3905 3.0303 7.1347
v  -8.3905 4.3057 7.1347
v  -8.4160 3.0303 7.1242
v  -8.4160 4.3057 7.1242
v  -8.4266 3.0303 7.0987
v  -8.4266 4.3057 7.0987
v  -8.4160 3.0303 7.0732
v  -8.4160 4.3057 7.0732
v  -8.3905 3.0303 7.0626
v  -8.3905 4.3057 7.0626
v  -8.3650 3.0303 7.0732
v  -8.3650 4.3057 7.0732
v  -7.1684 3.0303 7.1242
v  -7.1579 3.0303 7.0987
v  -7.1579 4.3057 7.0987
v  -7.1684 4.3057 7.1242
v  -7.1939 3.0303 7.1347
v  -7.1939 4.3057 7.1347
v  -7.2194 3.0303 7.1242
v  -7.2194 4.3057 7.1242
v  -7.2299 3.0303 7.0987
v  -7.2299 4.3057 7.0987
v  -7.2194 3.0303 7.0732
v  -7.2194 4.3057 7.0732
v  -7.1939 3.0303 7.0626
v  -7.1939 4.3057 7.0626
v  -7.1684 3.0303 7.0732
v  -7.1684 4.3057 7.0732
v  -8.7312 0.0302 7.1303
v  -8.7312 4.3057 7.1303
v  -8.7312 4.3057 7.0670
v  -8.7312 0.0302 7.0670
v  -8.6580 4.3057 7.0670
v  -8.6580 0.0302 7.0670
v  -6.8979 0.0302 7.1303
v  -6.8979 0.0302 7.0670
v  -6.8979 4.3057 7.0670
v  -6.8979 4.3057 7.1303
v  -6.9710 4.3057 7.1303
v  -6.9710 0.0302 7.1303
v  -8.6580 0.0302 7.1303
v  -8.6580 4.3057 7.1303
v  -6.9710 0.0302 7.0670
v  -6.9710 4.3057 7.0670
v  -10.2564 0.0297 7.1424
v  -10.2564 0.0297 7.0575
v  -8.6820 0.0297 7.0575
v  -8.6820 0.0297 7.1424
v  -10.2564 0.0414 7.1580
v  -8.6820 0.0414 7.1580
v  -8.6820 0.1603 7.1580
v  -10.2564 0.1603 7.1580
v  -10.2564 0.1720 7.1424
v  -8.6820 0.1720 7.1424
v  -8.6820 0.1720 7.0575
v  -10.2564 0.1720 7.0575
v  -10.2564 0.1603 7.0419
v  -8.6820 0.1603 7.0419
v  -8.6820 0.0414 7.0419
v  -10.2564 0.0414 7.0419
v  -3.9569 0.0297 7.1424
v  -3.9569 0.0414 7.1580
v  -6.9548 0.0414 7.1580
v  -6.9548 0.0297 7.1424
v  -3.9569 0.1603 7.1580
v  -3.9569 0.1720 7.1424
v  -6.9548 0.1720 7.1424
v  -6.9548 0.1603 7.1580
v  -3.9569 0.1720 7.0575
v  -3.9569 0.1603 7.0419
v  -6.9548 0.1603 7.0419
v  -6.9548 0.1720 7.0575
v  -3.9569 0.0414 7.0419
v  -3.9569 0.0297 7.0575
v  -6.9548 0.0297 7.0575
v  -6.9548 0.0414 7.0419
v  -6.9673 0.0531 7.1367
v  -6.9673 0.0531 7.0632
v  -6.9673 0.1486 7.1367
v  -6.9673 0.1486 7.0632
v  -8.6609 0.0531 7.0632
v  -8.6609 0.0531 7.1367
v  -8.6609 0.1486 7.1367
v  -8.6609 0.1486 7.0632
v  -10.2564 4.0969 7.1424
v  -10.2564 4.0969 7.0575
v  -3.9569 4.0969 7.0575
v  -3.9569 4.0969 7.1424
v  -10.2564 4.1086 7.1580
v  -3.9569 4.1086 7.1580
v  -3.9569 4.2276 7.1580
v  -10.2564 4.2276 7.1580
v  -10.2564 4.2393 7.1424
v  -3.9569 4.2393 7.1424
v  -3.9569 4.2393 7.0575
v  -10.2564 4.2393 7.0575
v  -10.2564 4.2276 7.0419
v  -3.9569 4.2276 7.0419
v  -3.9569 4.1086 7.0419
v  -10.2564 4.1086 7.0419
v  -10.2564 1.2542 7.1424
v  -10.2564 1.2542 7.0575
v  -8.6728 1.2542 7.0575
v  -8.6728 1.2542 7.1424
v  -10.2564 1.2659 7.1580
v  -8.6728 1.2659 7.1580
v  -8.6728 1.3188 7.1580
v  -10.2564 1.3188 7.1580
v  -10.2564 1.3305 7.1424
v  -8.6728 1.3305 7.1424
v  -8.6728 1.3305 7.0575
v  -10.2564 1.3305 7.0575
v  -10.2564 1.3188 7.0419
v  -8.6728 1.3188 7.0419
v  -8.6728 1.2659 7.0419
v  -10.2564 1.2659 7.0419
v  -3.9569 1.2542 7.1424
v  -3.9569 1.2659 7.1580
v  -6.9560 1.2659 7.1580
v  -6.9560 1.2542 7.1424
v  -3.9569 1.3188 7.1580
v  -3.9569 1.3305 7.1424
v  -6.9560 1.3305 7.1424
v  -6.9560 1.3188 7.1580
v  -3.9569 1.3305 7.0575
v  -3.9569 1.3188 7.0419
v  -6.9560 1.3188 7.0419
v  -6.9560 1.3305 7.0575
v  -3.9569 1.2659 7.0419
v  -3.9569 1.2542 7.0575
v  -6.9560 1.2542 7.0575
v  -6.9560 1.2659 7.0419
v  -10.2564 1.5295 7.1424
v  -10.2564 1.5295 7.0575
v  -8.6741 1.5295 7.0575
v  -8.6741 1.5295 7.1424
v  -10.2564 1.5412 7.1580
v  -8.6741 1.5412 7.1580
v  -8.6741 1.5942 7.1580
v  -10.2564 1.5942 7.1580
v  -10.2564 1.6058 7.1424
v  -8.6741 1.6058 7.1424
v  -8.6741 1.6058 7.0575
v  -10.2564 1.6058 7.0575
v  -10.2564 1.5942 7.0419
v  -8.6741 1.5942 7.0419
v  -8.6741 1.5412 7.0419
v  -10.2564 1.5412 7.0419
v  -3.9569 1.5295 7.1424
v  -3.9569 1.5412 7.1580
v  -6.9535 1.5412 7.1580
v  -6.9535 1.5295 7.1424
v  -3.9569 1.5942 7.1580
v  -3.9569 1.6058 7.1424
v  -6.9535 1.6058 7.1424
v  -6.9535 1.5942 7.1580
v  -3.9569 1.6058 7.0575
v  -3.9569 1.5942 7.0419
v  -6.9535 1.5942 7.0419
v  -6.9535 1.6058 7.0575
v  -3.9569 1.5412 7.0419
v  -3.9569 1.5295 7.0575
v  -6.9535 1.5295 7.0575
v  -6.9535 1.5412 7.0419
v  -6.9656 1.5452 7.1349
v  -6.9656 1.5452 7.0650
v  -6.9656 1.5902 7.1349
v  -6.9656 1.5902 7.0650
v  -6.9680 1.2698 7.1349
v  -6.9680 1.3149 7.1349
v  -6.9680 1.3149 7.0650
v  -6.9680 1.2698 7.0650
v  -8.6644 1.5452 7.0650
v  -8.6644 1.5452 7.1349
v  -8.6644 1.5902 7.1349
v  -8.6644 1.5902 7.0650
v  -8.6631 1.2698 7.0650
v  -8.6631 1.2698 7.1349
v  -8.6631 1.3149 7.1349
v  -8.6631 1.3149 7.0650
v  -17.3024 0.0000 16.2346
v  -17.3024 0.0611 16.2346
v  -17.5159 0.0611 16.2346
v  -17.5159 0.0000 16.2346
v  -17.3024 0.0000 7.0083
v  -17.5159 0.0000 7.0083
v  -17.5159 0.0611 7.0083
v  -17.3024 0.0611 7.0083
v  -17.5159 0.0000 16.1067
v  -17.3024 0.0000 16.1067
v  -11.0911 0.0000 16.2345
v  -10.8776 0.0000 16.2345
v  -10.8776 0.0611 16.2345
v  -11.0911 0.0611 16.2345
v  -11.0911 0.0000 7.0082
v  -11.0911 0.0611 7.0082
v  -10.8776 0.0611 7.0082
v  -10.8776 0.0000 7.0082
v  -11.0911 0.0000 16.1066
v  -10.8776 0.0000 16.1066
v  -10.8135 4.6270 16.3514
v  -10.4817 4.6270 16.3515
v  -10.4817 4.6270 16.1067
v  -10.8134 4.6270 16.1066
v  -17.5159 4.2219 7.0083
v  -17.3024 4.2219 7.0083
v  -10.8776 4.2219 16.2345
v  -11.0911 4.2219 16.2345
v  -10.4817 0.0611 6.8915
v  -10.8134 0.0611 6.8914
v  -10.8134 4.0796 6.8914
v  -10.4817 4.0796 6.8915
v  -17.3024 0.0611 7.1537
v  -11.0911 0.0611 7.1536
v  -17.5159 0.0000 7.1537
v  -17.3024 0.0000 7.1537
v  -10.4817 -0.1169 16.1067
v  -10.8134 -0.1169 16.1066
v  -10.8134 -0.1169 7.1536
v  -10.4817 -0.1169 7.1537
v  -11.0911 4.5102 16.1066
v  -10.8776 4.5102 16.1066
v  -10.8776 4.5102 7.1536
v  -11.0911 4.5102 7.1536
v  -11.0911 0.0611 16.1066
v  -11.0911 4.2219 16.1066
v  -11.0911 4.2219 7.1536
v  -11.0911 0.0000 7.1536
v  -11.0911 4.5102 16.2345
v  -17.3024 4.5102 16.2346
v  -17.3024 4.2219 16.2346
v  -17.3024 0.0611 16.1067
v  -17.3024 4.2219 16.1067
v  -10.8134 -0.1169 6.8914
v  -10.4817 -0.1169 6.8915
v  -10.8776 4.5102 7.0082
v  -11.0911 4.5102 7.0082
v  -11.0911 4.2219 7.0082
v  -17.5159 4.5102 7.0083
v  -17.3024 4.5102 7.0083
v  -10.8776 4.5102 16.2345
v  -10.4817 4.3995 4.9294
v  -10.8134 4.3995 4.9293
v  -10.8134 4.6270 4.9293
v  -10.4817 4.6270 4.9294
v  -17.3024 4.2219 7.1537
v  -17.3024 4.5102 16.1067
v  -17.3024 4.5102 7.1537
v  -17.3548 2.9897 7.1424
v  -17.3548 2.9897 7.0575
v  -11.0553 2.9897 7.0575
v  -11.0553 2.9897 7.1424
v  -17.3548 3.0014 7.1580
v  -11.0553 3.0014 7.1580
v  -11.0553 3.1204 7.1580
v  -17.3548 3.1204 7.1580
v  -17.3548 3.1320 7.1424
v  -11.0553 3.1320 7.1424
v  -11.0553 3.1320 7.0575
v  -17.3548 3.1320 7.0575
v  -17.3548 3.1204 7.0419
v  -11.0553 3.1204 7.0419
v  -11.0553 3.0014 7.0419
v  -17.3548 3.0014 7.0419
v  -17.1376 0.0302 7.0987
v  -17.1376 4.3057 7.0987
v  -17.1482 4.3057 7.1242
v  -17.1482 0.0302 7.1242
v  -17.1737 4.3057 7.1347
v  -17.1737 0.0302 7.1347
v  -17.1991 4.3057 7.1242
v  -17.1991 0.0302 7.1242
v  -17.2097 4.3057 7.0987
v  -17.2097 0.0302 7.0987
v  -17.1991 4.3057 7.0732
v  -17.1991 0.0302 7.0732
v  -17.1737 4.3057 7.0626
v  -17.1737 0.0302 7.0626
v  -17.1482 4.3057 7.0732
v  -17.1482 0.0302 7.0732
v  -11.1376 0.0302 7.0987
v  -11.1376 4.3057 7.0987
v  -11.1482 4.3057 7.1242
v  -11.1482 0.0302 7.1242
v  -11.1737 4.3057 7.1347
v  -11.1737 0.0302 7.1347
v  -11.1991 4.3057 7.1242
v  -11.1991 0.0302 7.1242
v  -11.2097 4.3057 7.0987
v  -11.2097 0.0302 7.0987
v  -11.1991 4.3057 7.0732
v  -11.1991 0.0302 7.0732
v  -11.1737 4.3057 7.0626
v  -11.1737 0.0302 7.0626
v  -11.1482 4.3057 7.0732
v  -11.1482 0.0302 7.0732
v  -11.4376 0.0302 7.0987
v  -11.4376 4.3057 7.0987
v  -11.4482 4.3057 7.1242
v  -11.4482 0.0302 7.1242
v  -11.4737 4.3057 7.1347
v  -11.4737 0.0302 7.1347
v  -11.4991 4.3057 7.1242
v  -11.4991 0.0302 7.1242
v  -11.5097 4.3057 7.0987
v  -11.5097 0.0302 7.0987
v  -11.4991 4.3057 7.0732
v  -11.4991 0.0302 7.0732
v  -11.4737 4.3057 7.0626
v  -11.4737 0.0302 7.0626
v  -11.4482 4.3057 7.0732
v  -11.4482 0.0302 7.0732
v  -11.7376 0.0302 7.0987
v  -11.7376 4.3057 7.0987
v  -11.7482 4.3057 7.1242
v  -11.7482 0.0302 7.1242
v  -11.7737 4.3057 7.1347
v  -11.7737 0.0302 7.1347
v  -11.7991 4.3057 7.1242
v  -11.7991 0.0302 7.1242
v  -11.8097 4.3057 7.0987
v  -11.8097 0.0302 7.0987
v  -11.7991 4.3057 7.0732
v  -11.7991 0.0302 7.0732
v  -11.7737 4.3057 7.0626
v  -11.7737 0.0302 7.0626
v  -11.7482 4.3057 7.0732
v  -11.7482 0.0302 7.0732
v  -12.0376 0.0302 7.0987
v  -12.0376 4.3057 7.0987
v  -12.0482 4.3057 7.1242
v  -12.0482 0.0302 7.1242
v  -12.0737 4.3057 7.1347
v  -12.0737 0.0302 7.1347
v  -12.0991 4.3057 7.1242
v  -12.0991 0.0302 7.1242
v  -12.1097 4.3057 7.0987
v  -12.1097 0.0302 7.0987
v  -12.0991 4.3057 7.0732
v  -12.0991 0.0302 7.0732
v  -12.0737 4.3057 7.0626
v  -12.0737 0.0302 7.0626
v  -12.0482 4.3057 7.0732
v  -12.0482 0.0302 7.0732
v  -12.3376 0.0302 7.0987
v  -12.3376 4.3057 7.0987
v  -12.3482 4.3057 7.1242
v  -12.3482 0.0302 7.1242
v  -12.3737 4.3057 7.1347
v  -12.3737 0.0302 7.1347
v  -12.3991 4.3057 7.1242
v  -12.3991 0.0302 7.1242
v  -12.4097 4.3057 7.0987
v  -12.4097 0.0302 7.0987
v  -12.3991 4.3057 7.0732
v  -12.3991 0.0302 7.0732
v  -12.3737 4.3057 7.0626
v  -12.3737 0.0302 7.0626
v  -12.3482 4.3057 7.0732
v  -12.3482 0.0302 7.0732
v  -12.6376 0.0302 7.0987
v  -12.6376 4.3057 7.0987
v  -12.6482 4.3057 7.1242
v  -12.6482 0.0302 7.1242
v  -12.6737 4.3057 7.1347
v  -12.6737 0.0302 7.1347
v  -12.6991 4.3057 7.1242
v  -12.6991 0.0302 7.1242
v  -12.7097 4.3057 7.0987
v  -12.7097 0.0302 7.0987
v  -12.6991 4.3057 7.0732
v  -12.6991 0.0302 7.0732
v  -12.6737 4.3057 7.0626
v  -12.6737 0.0302 7.0626
v  -12.6482 4.3057 7.0732
v  -12.6482 0.0302 7.0732
v  -12.9376 0.0302 7.0987
v  -12.9376 4.3057 7.0987
v  -12.9482 4.3057 7.1242
v  -12.9482 0.0302 7.1242
v  -12.9737 4.3057 7.1347
v  -12.9737 0.0302 7.1347
v  -12.9991 4.3057 7.1242
v  -12.9991 0.0302 7.1242
v  -13.0097 4.3057 7.0987
v  -13.0097 0.0302 7.0987
v  -12.9991 4.3057 7.0732
v  -12.9991 0.0302 7.0732
v  -12.9737 4.3057 7.0626
v  -12.9737 0.0302 7.0626
v  -12.9482 4.3057 7.0732
v  -12.9482 0.0302 7.0732
v  -13.2376 0.0302 7.0987
v  -13.2376 4.3057 7.0987
v  -13.2482 4.3057 7.1242
v  -13.2482 0.0302 7.1242
v  -13.2737 4.3057 7.1347
v  -13.2737 0.0302 7.1347
v  -13.2991 4.3057 7.1242
v  -13.2991 0.0302 7.1242
v  -13.3097 4.3057 7.0987
v  -13.3097 0.0302 7.0987
v  -13.2991 4.3057 7.0732
v  -13.2991 0.0302 7.0732
v  -13.2737 4.3057 7.0626
v  -13.2737 0.0302 7.0626
v  -13.2482 4.3057 7.0732
v  -13.2482 0.0302 7.0732
v  -13.5376 0.0302 7.0987
v  -13.5376 4.3057 7.0987
v  -13.5482 4.3057 7.1242
v  -13.5482 0.0302 7.1242
v  -13.5737 4.3057 7.1347
v  -13.5737 0.0302 7.1347
v  -13.5991 4.3057 7.1242
v  -13.5991 0.0302 7.1242
v  -13.6097 4.3057 7.0987
v  -13.6097 0.0302 7.0987
v  -13.5991 4.3057 7.0732
v  -13.5991 0.0302 7.0732
v  -13.5737 4.3057 7.0626
v  -13.5737 0.0302 7.0626
v  -13.5482 4.3057 7.0732
v  -13.5482 0.0302 7.0732
v  -13.8376 0.0302 7.0987
v  -13.8376 4.3057 7.0987
v  -13.8482 4.3057 7.1242
v  -13.8482 0.0302 7.1242
v  -13.8737 4.3057 7.1347
v  -13.8737 0.0302 7.1347
v  -13.8991 4.3057 7.1242
v  -13.8991 0.0302 7.1242
v  -13.9097 4.3057 7.0987
v  -13.9097 0.0302 7.0987
v  -13.8991 4.3057 7.0732
v  -13.8991 0.0302 7.0732
v  -13.8737 4.3057 7.0626
v  -13.8737 0.0302 7.0626
v  -13.8482 4.3057 7.0732
v  -13.8482 0.0302 7.0732
v  -15.9376 0.0302 7.0987
v  -15.9376 4.3057 7.0987
v  -15.9482 4.3057 7.1242
v  -15.9482 0.0302 7.1242
v  -15.9737 4.3057 7.1347
v  -15.9737 0.0302 7.1347
v  -15.9991 4.3057 7.1242
v  -15.9991 0.0302 7.1242
v  -16.0097 4.3057 7.0987
v  -16.0097 0.0302 7.0987
v  -15.9991 4.3057 7.0732
v  -15.9991 0.0302 7.0732
v  -15.9737 4.3057 7.0626
v  -15.9737 0.0302 7.0626
v  -15.9482 4.3057 7.0732
v  -15.9482 0.0302 7.0732
v  -16.2376 0.0302 7.0987
v  -16.2376 4.3057 7.0987
v  -16.2482 4.3057 7.1242
v  -16.2482 0.0302 7.1242
v  -16.2737 4.3057 7.1347
v  -16.2737 0.0302 7.1347
v  -16.2991 4.3057 7.1242
v  -16.2991 0.0302 7.1242
v  -16.3097 4.3057 7.0987
v  -16.3097 0.0302 7.0987
v  -16.2991 4.3057 7.0732
v  -16.2991 0.0302 7.0732
v  -16.2737 4.3057 7.0626
v  -16.2737 0.0302 7.0626
v  -16.2482 4.3057 7.0732
v  -16.2482 0.0302 7.0732
v  -16.5376 0.0302 7.0987
v  -16.5376 4.3057 7.0987
v  -16.5482 4.3057 7.1242
v  -16.5482 0.0302 7.1242
v  -16.5737 4.3057 7.1347
v  -16.5737 0.0302 7.1347
v  -16.5991 4.3057 7.1242
v  -16.5991 0.0302 7.1242
v  -16.6097 4.3057 7.0987
v  -16.6097 0.0302 7.0987
v  -16.5991 4.3057 7.0732
v  -16.5991 0.0302 7.0732
v  -16.5737 4.3057 7.0626
v  -16.5737 0.0302 7.0626
v  -16.5482 4.3057 7.0732
v  -16.5482 0.0302 7.0732
v  -16.8376 0.0302 7.0987
v  -16.8376 4.3057 7.0987
v  -16.8482 4.3057 7.1242
v  -16.8482 0.0302 7.1242
v  -16.8737 4.3057 7.1347
v  -16.8737 0.0302 7.1347
v  -16.8991 4.3057 7.1242
v  -16.8991 0.0302 7.1242
v  -16.9097 4.3057 7.0987
v  -16.9097 0.0302 7.0987
v  -16.8991 4.3057 7.0732
v  -16.8991 0.0302 7.0732
v  -16.8737 4.3057 7.0626
v  -16.8737 0.0302 7.0626
v  -16.8482 4.3057 7.0732
v  -16.8482 0.0302 7.0732
v  -14.5634 3.0303 7.1242
v  -14.5529 3.0303 7.0987
v  -14.5529 4.3057 7.0987
v  -14.5634 4.3057 7.1242
v  -14.5889 3.0303 7.1347
v  -14.5889 4.3057 7.1347
v  -14.6144 3.0303 7.1242
v  -14.6144 4.3057 7.1242
v  -14.6249 3.0303 7.0987
v  -14.6249 4.3057 7.0987
v  -14.6144 3.0303 7.0732
v  -14.6144 4.3057 7.0732
v  -14.5889 3.0303 7.0626
v  -14.5889 4.3057 7.0626
v  -14.5634 3.0303 7.0732
v  -14.5634 4.3057 7.0732
v  -14.8634 3.0303 7.1242
v  -14.8529 3.0303 7.0987
v  -14.8529 4.3057 7.0987
v  -14.8634 4.3057 7.1242
v  -14.8889 3.0303 7.1347
v  -14.8889 4.3057 7.1347
v  -14.9144 3.0303 7.1242
v  -14.9144 4.3057 7.1242
v  -14.9249 3.0303 7.0987
v  -14.9249 4.3057 7.0987
v  -14.9144 3.0303 7.0732
v  -14.9144 4.3057 7.0732
v  -14.8889 3.0303 7.0626
v  -14.8889 4.3057 7.0626
v  -14.8634 3.0303 7.0732
v  -14.8634 4.3057 7.0732
v  -15.1634 3.0303 7.1242
v  -15.1529 3.0303 7.0987
v  -15.1529 4.3057 7.0987
v  -15.1634 4.3057 7.1242
v  -15.1889 3.0303 7.1347
v  -15.1889 4.3057 7.1347
v  -15.2144 3.0303 7.1242
v  -15.2144 4.3057 7.1242
v  -15.2249 3.0303 7.0987
v  -15.2249 4.3057 7.0987
v  -15.2144 3.0303 7.0732
v  -15.2144 4.3057 7.0732
v  -15.1889 3.0303 7.0626
v  -15.1889 4.3057 7.0626
v  -15.1634 3.0303 7.0732
v  -15.1634 4.3057 7.0732
v  -15.4634 3.0303 7.1242
v  -15.4529 3.0303 7.0987
v  -15.4529 4.3057 7.0987
v  -15.4634 4.3057 7.1242
v  -15.4889 3.0303 7.1347
v  -15.4889 4.3057 7.1347
v  -15.5144 3.0303 7.1242
v  -15.5144 4.3057 7.1242
v  -15.5249 3.0303 7.0987
v  -15.5249 4.3057 7.0987
v  -15.5144 3.0303 7.0732
v  -15.5144 4.3057 7.0732
v  -15.4889 3.0303 7.0626
v  -15.4889 4.3057 7.0626
v  -15.4634 3.0303 7.0732
v  -15.4634 4.3057 7.0732
v  -14.2668 3.0303 7.1242
v  -14.2563 3.0303 7.0987
v  -14.2563 4.3057 7.0987
v  -14.2668 4.3057 7.1242
v  -14.2923 3.0303 7.1347
v  -14.2923 4.3057 7.1347
v  -14.3178 3.0303 7.1242
v  -14.3178 4.3057 7.1242
v  -14.3283 3.0303 7.0987
v  -14.3283 4.3057 7.0987
v  -14.3178 3.0303 7.0732
v  -14.3178 4.3057 7.0732
v  -14.2923 3.0303 7.0626
v  -14.2923 4.3057 7.0626
v  -14.2668 3.0303 7.0732
v  -14.2668 4.3057 7.0732
v  -15.8296 0.0302 7.1303
v  -15.8296 4.3057 7.1303
v  -15.8296 4.3057 7.0670
v  -15.8296 0.0302 7.0670
v  -15.7564 4.3057 7.0670
v  -15.7564 0.0302 7.0670
v  -13.9963 0.0302 7.1303
v  -13.9963 0.0302 7.0670
v  -13.9963 4.3057 7.0670
v  -13.9963 4.3057 7.1303
v  -14.0694 4.3057 7.1303
v  -14.0694 0.0302 7.1303
v  -15.7564 0.0302 7.1303
v  -15.7564 4.3057 7.1303
v  -14.0694 0.0302 7.0670
v  -14.0694 4.3057 7.0670
v  -17.3548 0.0297 7.1424
v  -17.3548 0.0297 7.0575
v  -15.7804 0.0297 7.0575
v  -15.7804 0.0297 7.1424
v  -17.3548 0.0414 7.1580
v  -15.7804 0.0414 7.1580
v  -15.7804 0.1603 7.1580
v  -17.3548 0.1603 7.1580
v  -17.3548 0.1720 7.1424
v  -15.7804 0.1720 7.1424
v  -15.7804 0.1720 7.0575
v  -17.3548 0.1720 7.0575
v  -17.3548 0.1603 7.0419
v  -15.7804 0.1603 7.0419
v  -15.7804 0.0414 7.0419
v  -17.3548 0.0414 7.0419
v  -11.0553 0.0297 7.1424
v  -11.0553 0.0414 7.1580
v  -14.0532 0.0414 7.1580
v  -14.0532 0.0297 7.1424
v  -11.0553 0.1603 7.1580
v  -11.0553 0.1720 7.1424
v  -14.0532 0.1720 7.1424
v  -14.0532 0.1603 7.1580
v  -11.0553 0.1720 7.0575
v  -11.0553 0.1603 7.0419
v  -14.0532 0.1603 7.0419
v  -14.0532 0.1720 7.0575
v  -11.0553 0.0414 7.0419
v  -11.0553 0.0297 7.0575
v  -14.0532 0.0297 7.0575
v  -14.0532 0.0414 7.0419
v  -14.0656 0.0531 7.1367
v  -14.0656 0.0531 7.0632
v  -14.0656 0.1486 7.1367
v  -14.0656 0.1486 7.0632
v  -15.7593 0.0531 7.0632
v  -15.7593 0.0531 7.1367
v  -15.7593 0.1486 7.1367
v  -15.7593 0.1486 7.0632
v  -17.3548 4.0969 7.1424
v  -17.3548 4.0969 7.0575
v  -11.0553 4.0969 7.0575
v  -11.0553 4.0969 7.1424
v  -17.3548 4.1086 7.1580
v  -11.0553 4.1086 7.1580
v  -11.0553 4.2276 7.1580
v  -17.3548 4.2276 7.1580
v  -17.3548 4.2393 7.1424
v  -11.0553 4.2393 7.1424
v  -11.0553 4.2393 7.0575
v  -17.3548 4.2393 7.0575
v  -17.3548 4.2276 7.0419
v  -11.0553 4.2276 7.0419
v  -11.0553 4.1086 7.0419
v  -17.3548 4.1086 7.0419
v  -17.3548 1.2542 7.1424
v  -17.3548 1.2542 7.0575
v  -15.7712 1.2542 7.0575
v  -15.7712 1.2542 7.1424
v  -17.3548 1.2659 7.1580
v  -15.7712 1.2659 7.1580
v  -15.7712 1.3188 7.1580
v  -17.3548 1.3188 7.1580
v  -17.3548 1.3305 7.1424
v  -15.7712 1.3305 7.1424
v  -15.7712 1.3305 7.0575
v  -17.3548 1.3305 7.0575
v  -17.3548 1.3188 7.0419
v  -15.7712 1.3188 7.0419
v  -15.7712 1.2659 7.0419
v  -17.3548 1.2659 7.0419
v  -11.0553 1.2542 7.1424
v  -11.0553 1.2659 7.1580
v  -14.0544 1.2659 7.1580
v  -14.0544 1.2542 7.1424
v  -11.0553 1.3188 7.1580
v  -11.0553 1.3305 7.1424
v  -14.0544 1.3305 7.1424
v  -14.0544 1.3188 7.1580
v  -11.0553 1.3305 7.0575
v  -11.0553 1.3188 7.0419
v  -14.0544 1.3188 7.0419
v  -14.0544 1.3305 7.0575
v  -11.0553 1.2659 7.0419
v  -11.0553 1.2542 7.0575
v  -14.0544 1.2542 7.0575
v  -14.0544 1.2659 7.0419
v  -17.3548 1.5295 7.1424
v  -17.3548 1.5295 7.0575
v  -15.7725 1.5295 7.0575
v  -15.7725 1.5295 7.1424
v  -17.3548 1.5412 7.1580
v  -15.7725 1.5412 7.1580
v  -15.7725 1.5942 7.1580
v  -17.3548 1.5942 7.1580
v  -17.3548 1.6058 7.1424
v  -15.7725 1.6058 7.1424
v  -15.7725 1.6058 7.0575
v  -17.3548 1.6058 7.0575
v  -17.3548 1.5942 7.0419
v  -15.7725 1.5942 7.0419
v  -15.7725 1.5412 7.0419
v  -17.3548 1.5412 7.0419
v  -11.0553 1.5295 7.1424
v  -11.0553 1.5412 7.1580
v  -14.0519 1.5412 7.1580
v  -14.0519 1.5295 7.1424
v  -11.0553 1.5942 7.1580
v  -11.0553 1.6058 7.1424
v  -14.0519 1.6058 7.1424
v  -14.0519 1.5942 7.1580
v  -11.0553 1.6058 7.0575
v  -11.0553 1.5942 7.0419
v  -14.0519 1.5942 7.0419
v  -14.0519 1.6058 7.0575
v  -11.0553 1.5412 7.0419
v  -11.0553 1.5295 7.0575
v  -14.0519 1.5295 7.0575
v  -14.0519 1.5412 7.0419
v  -14.0639 1.5452 7.1349
v  -14.0639 1.5452 7.0650
v  -14.0639 1.5902 7.1349
v  -14.0639 1.5902 7.0650
v  -14.0664 1.2698 7.1349
v  -14.0664 1.3149 7.1349
v  -14.0664 1.3149 7.0650
v  -14.0664 1.2698 7.0650
v  -15.7628 1.5452 7.0650
v  -15.7628 1.5452 7.1349
v  -15.7628 1.5902 7.1349
v  -15.7628 1.5902 7.0650
v  -15.7615 1.2698 7.0650
v  -15.7615 1.2698 7.1349
v  -15.7615 1.3149 7.1349
v  -15.7615 1.3149 7.0650
v  -24.4008 0.0000 16.2346
v  -24.4008 0.0611 16.2346
v  -24.8278 0.0611 16.2346
v  -24.8278 0.0000 16.2346
v  -24.4008 0.0000 7.0083
v  -24.8278 0.0000 7.0083
v  -24.8278 0.0611 7.0083
v  -24.4008 0.0611 7.0083
v  -24.8278 0.0000 16.1067
v  -24.4008 0.0000 16.1067
v  -24.8278 0.0611 16.1067
v  -24.8278 4.5102 16.2346
v  -24.4008 4.5102 16.2346
v  -24.4008 4.5102 16.1067
v  -24.8278 4.5102 16.1067
v  -18.1895 0.0000 16.2345
v  -17.9760 0.0000 16.2345
v  -17.9760 0.0611 16.2345
v  -18.1895 0.0611 16.2345
v  -18.1895 0.0000 7.0082
v  -18.1895 0.0611 7.0082
v  -17.9760 0.0611 7.0082
v  -17.9760 0.0000 7.0082
v  -18.1895 0.0000 16.1066
v  -17.9760 0.0000 16.1066
v  -17.9118 4.6270 16.3514
v  -17.5801 4.6270 16.3515
v  -17.5801 4.6270 16.1067
v  -17.9118 4.6270 16.1066
v  -24.4008 4.2219 16.2346
v  -24.8278 4.2219 16.2346
v  -24.8278 4.2219 7.0083
v  -24.4008 4.2219 7.0083
v  -24.8278 0.0611 7.1537
v  -24.8278 4.2219 7.1537
v  -17.9760 4.2219 16.2345
v  -18.1895 4.2219 16.2345
v  -17.5801 0.0611 6.8915
v  -17.9118 0.0611 6.8914
v  -17.9118 4.0796 6.8914
v  -17.5801 4.0796 6.8915
v  -24.4008 0.0611 7.1537
v  -18.1895 0.0611 7.1536
v  -24.8278 0.0000 7.1537
v  -24.4008 0.0000 7.1537
v  -24.4008 4.5102 7.1537
v  -24.8278 4.5102 7.1537
v  -17.5801 -0.1169 16.1067
v  -17.9118 -0.1169 16.1066
v  -17.9118 -0.1169 7.1536
v  -17.5801 -0.1169 7.1537
v  -18.1895 4.5102 16.1066
v  -17.9760 4.5102 16.1066
v  -17.9760 4.5102 7.1536
v  -18.1895 4.5102 7.1536
v  -18.1895 0.0611 16.1066
v  -18.1895 4.2219 16.1066
v  -18.1895 4.2219 7.1536
v  -24.8278 4.2219 16.1067
v  -18.1895 0.0000 7.1536
v  -18.1895 4.5102 16.2345
v  -24.4008 0.0611 16.1067
v  -24.4008 4.2219 16.1067
v  -24.4008 4.5102 7.0083
v  -24.8278 4.5102 7.0083
v  -17.9118 -0.1169 6.8914
v  -17.5801 -0.1169 6.8915
v  -17.9760 4.5102 7.0082
v  -18.1895 4.5102 7.0082
v  -18.1895 4.2219 7.0082
v  -17.9760 4.5102 16.2345
v  -17.5801 4.3995 4.9294
v  -17.9118 4.3995 4.9293
v  -17.9118 4.6270 4.9293
v  -17.5801 4.6270 4.9294
v  -24.4008 4.2219 7.1537
v  -24.4532 2.9897 7.1424
v  -24.4532 2.9897 7.0575
v  -18.1537 2.9897 7.0575
v  -18.1537 2.9897 7.1424
v  -24.4532 3.0014 7.1580
v  -18.1537 3.0014 7.1580
v  -18.1537 3.1204 7.1580
v  -24.4532 3.1204 7.1580
v  -24.4532 3.1320 7.1424
v  -18.1537 3.1320 7.1424
v  -18.1537 3.1320 7.0575
v  -24.4532 3.1320 7.0575
v  -24.4532 3.1204 7.0419
v  -18.1537 3.1204 7.0419
v  -18.1537 3.0014 7.0419
v  -24.4532 3.0014 7.0419
v  -24.2360 0.0302 7.0987
v  -24.2360 4.3057 7.0987
v  -24.2466 4.3057 7.1242
v  -24.2466 0.0302 7.1242
v  -24.2720 4.3057 7.1347
v  -24.2720 0.0302 7.1347
v  -24.2975 4.3057 7.1242
v  -24.2975 0.0302 7.1242
v  -24.3081 4.3057 7.0987
v  -24.3081 0.0302 7.0987
v  -24.2975 4.3057 7.0732
v  -24.2975 0.0302 7.0732
v  -24.2720 4.3057 7.0626
v  -24.2720 0.0302 7.0626
v  -24.2466 4.3057 7.0732
v  -24.2466 0.0302 7.0732
v  -18.2360 0.0302 7.0987
v  -18.2360 4.3057 7.0987
v  -18.2466 4.3057 7.1242
v  -18.2466 0.0302 7.1242
v  -18.2720 4.3057 7.1347
v  -18.2720 0.0302 7.1347
v  -18.2975 4.3057 7.1242
v  -18.2975 0.0302 7.1242
v  -18.3081 4.3057 7.0987
v  -18.3081 0.0302 7.0987
v  -18.2975 4.3057 7.0732
v  -18.2975 0.0302 7.0732
v  -18.2720 4.3057 7.0626
v  -18.2720 0.0302 7.0626
v  -18.2466 4.3057 7.0732
v  -18.2466 0.0302 7.0732
v  -18.5360 0.0302 7.0987
v  -18.5360 4.3057 7.0987
v  -18.5466 4.3057 7.1242
v  -18.5466 0.0302 7.1242
v  -18.5720 4.3057 7.1347
v  -18.5720 0.0302 7.1347
v  -18.5975 4.3057 7.1242
v  -18.5975 0.0302 7.1242
v  -18.6081 4.3057 7.0987
v  -18.6081 0.0302 7.0987
v  -18.5975 4.3057 7.0732
v  -18.5975 0.0302 7.0732
v  -18.5720 4.3057 7.0626
v  -18.5720 0.0302 7.0626
v  -18.5466 4.3057 7.0732
v  -18.5466 0.0302 7.0732
v  -18.8360 0.0302 7.0987
v  -18.8360 4.3057 7.0987
v  -18.8466 4.3057 7.1242
v  -18.8466 0.0302 7.1242
v  -18.8720 4.3057 7.1347
v  -18.8720 0.0302 7.1347
v  -18.8975 4.3057 7.1242
v  -18.8975 0.0302 7.1242
v  -18.9081 4.3057 7.0987
v  -18.9081 0.0302 7.0987
v  -18.8975 4.3057 7.0732
v  -18.8975 0.0302 7.0732
v  -18.8720 4.3057 7.0626
v  -18.8720 0.0302 7.0626
v  -18.8466 4.3057 7.0732
v  -18.8466 0.0302 7.0732
v  -19.1360 0.0302 7.0987
v  -19.1360 4.3057 7.0987
v  -19.1466 4.3057 7.1242
v  -19.1466 0.0302 7.1242
v  -19.1720 4.3057 7.1347
v  -19.1720 0.0302 7.1347
v  -19.1975 4.3057 7.1242
v  -19.1975 0.0302 7.1242
v  -19.2081 4.3057 7.0987
v  -19.2081 0.0302 7.0987
v  -19.1975 4.3057 7.0732
v  -19.1975 0.0302 7.0732
v  -19.1720 4.3057 7.0626
v  -19.1720 0.0302 7.0626
v  -19.1466 4.3057 7.0732
v  -19.1466 0.0302 7.0732
v  -19.4360 0.0302 7.0987
v  -19.4360 4.3057 7.0987
v  -19.4466 4.3057 7.1242
v  -19.4466 0.0302 7.1242
v  -19.4720 4.3057 7.1347
v  -19.4720 0.0302 7.1347
v  -19.4975 4.3057 7.1242
v  -19.4975 0.0302 7.1242
v  -19.5081 4.3057 7.0987
v  -19.5081 0.0302 7.0987
v  -19.4975 4.3057 7.0732
v  -19.4975 0.0302 7.0732
v  -19.4720 4.3057 7.0626
v  -19.4720 0.0302 7.0626
v  -19.4466 4.3057 7.0732
v  -19.4466 0.0302 7.0732
v  -19.7360 0.0302 7.0987
v  -19.7360 4.3057 7.0987
v  -19.7466 4.3057 7.1242
v  -19.7466 0.0302 7.1242
v  -19.7720 4.3057 7.1347
v  -19.7720 0.0302 7.1347
v  -19.7975 4.3057 7.1242
v  -19.7975 0.0302 7.1242
v  -19.8081 4.3057 7.0987
v  -19.8081 0.0302 7.0987
v  -19.7975 4.3057 7.0732
v  -19.7975 0.0302 7.0732
v  -19.7720 4.3057 7.0626
v  -19.7720 0.0302 7.0626
v  -19.7466 4.3057 7.0732
v  -19.7466 0.0302 7.0732
v  -20.0360 0.0302 7.0987
v  -20.0360 4.3057 7.0987
v  -20.0466 4.3057 7.1242
v  -20.0466 0.0302 7.1242
v  -20.0720 4.3057 7.1347
v  -20.0720 0.0302 7.1347
v  -20.0975 4.3057 7.1242
v  -20.0975 0.0302 7.1242
v  -20.1081 4.3057 7.0987
v  -20.1081 0.0302 7.0987
v  -20.0975 4.3057 7.0732
v  -20.0975 0.0302 7.0732
v  -20.0720 4.3057 7.0626
v  -20.0720 0.0302 7.0626
v  -20.0466 4.3057 7.0732
v  -20.0466 0.0302 7.0732
v  -20.3360 0.0302 7.0987
v  -20.3360 4.3057 7.0987
v  -20.3466 4.3057 7.1242
v  -20.3466 0.0302 7.1242
v  -20.3720 4.3057 7.1347
v  -20.3720 0.0302 7.1347
v  -20.3975 4.3057 7.1242
v  -20.3975 0.0302 7.1242
v  -20.4081 4.3057 7.0987
v  -20.4081 0.0302 7.0987
v  -20.3975 4.3057 7.0732
v  -20.3975 0.0302 7.0732
v  -20.3720 4.3057 7.0626
v  -20.3720 0.0302 7.0626
v  -20.3466 4.3057 7.0732
v  -20.3466 0.0302 7.0732
v  -20.6360 0.0302 7.0987
v  -20.6360 4.3057 7.0987
v  -20.6466 4.3057 7.1242
v  -20.6466 0.0302 7.1242
v  -20.6720 4.3057 7.1347
v  -20.6720 0.0302 7.1347
v  -20.6975 4.3057 7.1242
v  -20.6975 0.0302 7.1242
v  -20.7081 4.3057 7.0987
v  -20.7081 0.0302 7.0987
v  -20.6975 4.3057 7.0732
v  -20.6975 0.0302 7.0732
v  -20.6720 4.3057 7.0626
v  -20.6720 0.0302 7.0626
v  -20.6466 4.3057 7.0732
v  -20.6466 0.0302 7.0732
v  -20.9360 0.0302 7.0987
v  -20.9360 4.3057 7.0987
v  -20.9466 4.3057 7.1242
v  -20.9466 0.0302 7.1242
v  -20.9720 4.3057 7.1347
v  -20.9720 0.0302 7.1347
v  -20.9975 4.3057 7.1242
v  -20.9975 0.0302 7.1242
v  -21.0081 4.3057 7.0987
v  -21.0081 0.0302 7.0987
v  -20.9975 4.3057 7.0732
v  -20.9975 0.0302 7.0732
v  -20.9720 4.3057 7.0626
v  -20.9720 0.0302 7.0626
v  -20.9466 4.3057 7.0732
v  -20.9466 0.0302 7.0732
v  -23.0360 0.0302 7.0987
v  -23.0360 4.3057 7.0987
v  -23.0466 4.3057 7.1242
v  -23.0466 0.0302 7.1242
v  -23.0720 4.3057 7.1347
v  -23.0720 0.0302 7.1347
v  -23.0975 4.3057 7.1242
v  -23.0975 0.0302 7.1242
v  -23.1081 4.3057 7.0987
v  -23.1081 0.0302 7.0987
v  -23.0975 4.3057 7.0732
v  -23.0975 0.0302 7.0732
v  -23.0720 4.3057 7.0626
v  -23.0720 0.0302 7.0626
v  -23.0466 4.3057 7.0732
v  -23.0466 0.0302 7.0732
v  -23.3360 0.0302 7.0987
v  -23.3360 4.3057 7.0987
v  -23.3466 4.3057 7.1242
v  -23.3466 0.0302 7.1242
v  -23.3720 4.3057 7.1347
v  -23.3720 0.0302 7.1347
v  -23.3975 4.3057 7.1242
v  -23.3975 0.0302 7.1242
v  -23.4081 4.3057 7.0987
v  -23.4081 0.0302 7.0987
v  -23.3975 4.3057 7.0732
v  -23.3975 0.0302 7.0732
v  -23.3720 4.3057 7.0626
v  -23.3720 0.0302 7.0626
v  -23.3466 4.3057 7.0732
v  -23.3466 0.0302 7.0732
v  -23.6360 0.0302 7.0987
v  -23.6360 4.3057 7.0987
v  -23.6466 4.3057 7.1242
v  -23.6466 0.0302 7.1242
v  -23.6720 4.3057 7.1347
v  -23.6720 0.0302 7.1347
v  -23.6975 4.3057 7.1242
v  -23.6975 0.0302 7.1242
v  -23.7081 4.3057 7.0987
v  -23.7081 0.0302 7.0987
v  -23.6975 4.3057 7.0732
v  -23.6975 0.0302 7.0732
v  -23.6720 4.3057 7.0626
v  -23.6720 0.0302 7.0626
v  -23.6466 4.3057 7.0732
v  -23.6466 0.0302 7.0732
v  -23.9360 0.0302 7.0987
v  -23.9360 4.3057 7.0987
v  -23.9466 4.3057 7.1242
v  -23.9466 0.0302 7.1242
v  -23.9720 4.3057 7.1347
v  -23.9720 0.0302 7.1347
v  -23.9975 4.3057 7.1242
v  -23.9975 0.0302 7.1242
v  -24.0081 4.3057 7.0987
v  -24.0081 0.0302 7.0987
v  -23.9975 4.3057 7.0732
v  -23.9975 0.0302 7.0732
v  -23.9720 4.3057 7.0626
v  -23.9720 0.0302 7.0626
v  -23.9466 4.3057 7.0732
v  -23.9466 0.0302 7.0732
v  -21.6618 3.0303 7.1242
v  -21.6512 3.0303 7.0987
v  -21.6512 4.3057 7.0987
v  -21.6618 4.3057 7.1242
v  -21.6873 3.0303 7.1347
v  -21.6873 4.3057 7.1347
v  -21.7128 3.0303 7.1242
v  -21.7128 4.3057 7.1242
v  -21.7233 3.0303 7.0987
v  -21.7233 4.3057 7.0987
v  -21.7128 3.0303 7.0732
v  -21.7128 4.3057 7.0732
v  -21.6873 3.0303 7.0626
v  -21.6873 4.3057 7.0626
v  -21.6618 3.0303 7.0732
v  -21.6618 4.3057 7.0732
v  -21.9618 3.0303 7.1242
v  -21.9512 3.0303 7.0987
v  -21.9512 4.3057 7.0987
v  -21.9618 4.3057 7.1242
v  -21.9873 3.0303 7.1347
v  -21.9873 4.3057 7.1347
v  -22.0128 3.0303 7.1242
v  -22.0128 4.3057 7.1242
v  -22.0233 3.0303 7.0987
v  -22.0233 4.3057 7.0987
v  -22.0128 3.0303 7.0732
v  -22.0128 4.3057 7.0732
v  -21.9873 3.0303 7.0626
v  -21.9873 4.3057 7.0626
v  -21.9618 3.0303 7.0732
v  -21.9618 4.3057 7.0732
v  -22.2618 3.0303 7.1242
v  -22.2512 3.0303 7.0987
v  -22.2512 4.3057 7.0987
v  -22.2618 4.3057 7.1242
v  -22.2873 3.0303 7.1347
v  -22.2873 4.3057 7.1347
v  -22.3128 3.0303 7.1242
v  -22.3128 4.3057 7.1242
v  -22.3233 3.0303 7.0987
v  -22.3233 4.3057 7.0987
v  -22.3128 3.0303 7.0732
v  -22.3128 4.3057 7.0732
v  -22.2873 3.0303 7.0626
v  -22.2873 4.3057 7.0626
v  -22.2618 3.0303 7.0732
v  -22.2618 4.3057 7.0732
v  -22.5618 3.0303 7.1242
v  -22.5512 3.0303 7.0987
v  -22.5512 4.3057 7.0987
v  -22.5618 4.3057 7.1242
v  -22.5873 3.0303 7.1347
v  -22.5873 4.3057 7.1347
v  -22.6128 3.0303 7.1242
v  -22.6128 4.3057 7.1242
v  -22.6233 3.0303 7.0987
v  -22.6233 4.3057 7.0987
v  -22.6128 3.0303 7.0732
v  -22.6128 4.3057 7.0732
v  -22.5873 3.0303 7.0626
v  -22.5873 4.3057 7.0626
v  -22.5618 3.0303 7.0732
v  -22.5618 4.3057 7.0732
v  -21.3652 3.0303 7.1242
v  -21.3546 3.0303 7.0987
v  -21.3546 4.3057 7.0987
v  -21.3652 4.3057 7.1242
v  -21.3907 3.0303 7.1347
v  -21.3907 4.3057 7.1347
v  -21.4161 3.0303 7.1242
v  -21.4161 4.3057 7.1242
v  -21.4267 3.0303 7.0987
v  -21.4267 4.3057 7.0987
v  -21.4161 3.0303 7.0732
v  -21.4161 4.3057 7.0732
v  -21.3907 3.0303 7.0626
v  -21.3907 4.3057 7.0626
v  -21.3652 3.0303 7.0732
v  -21.3652 4.3057 7.0732
v  -22.9279 0.0302 7.1303
v  -22.9279 4.3057 7.1303
v  -22.9279 4.3057 7.0670
v  -22.9279 0.0302 7.0670
v  -22.8548 4.3057 7.0670
v  -22.8548 0.0302 7.0670
v  -21.0946 0.0302 7.1303
v  -21.0946 0.0302 7.0670
v  -21.0946 4.3057 7.0670
v  -21.0946 4.3057 7.1303
v  -21.1678 4.3057 7.1303
v  -21.1678 0.0302 7.1303
v  -22.8548 0.0302 7.1303
v  -22.8548 4.3057 7.1303
v  -21.1678 0.0302 7.0670
v  -21.1678 4.3057 7.0670
v  -24.4532 0.0297 7.1424
v  -24.4532 0.0297 7.0575
v  -22.8788 0.0297 7.0575
v  -22.8788 0.0297 7.1424
v  -24.4532 0.0414 7.1580
v  -22.8788 0.0414 7.1580
v  -22.8788 0.1603 7.1580
v  -24.4532 0.1603 7.1580
v  -24.4532 0.1720 7.1424
v  -22.8788 0.1720 7.1424
v  -22.8788 0.1720 7.0575
v  -24.4532 0.1720 7.0575
v  -24.4532 0.1603 7.0419
v  -22.8788 0.1603 7.0419
v  -22.8788 0.0414 7.0419
v  -24.4532 0.0414 7.0419
v  -18.1537 0.0297 7.1424
v  -18.1537 0.0414 7.1580
v  -21.1516 0.0414 7.1580
v  -21.1516 0.0297 7.1424
v  -18.1537 0.1603 7.1580
v  -18.1537 0.1720 7.1424
v  -21.1516 0.1720 7.1424
v  -21.1516 0.1603 7.1580
v  -18.1537 0.1720 7.0575
v  -18.1537 0.1603 7.0419
v  -21.1516 0.1603 7.0419
v  -21.1516 0.1720 7.0575
v  -18.1537 0.0414 7.0419
v  -18.1537 0.0297 7.0575
v  -21.1516 0.0297 7.0575
v  -21.1516 0.0414 7.0419
v  -21.1640 0.0531 7.1367
v  -21.1640 0.0531 7.0632
v  -21.1640 0.1486 7.1367
v  -21.1640 0.1486 7.0632
v  -22.8577 0.0531 7.0632
v  -22.8577 0.0531 7.1367
v  -22.8577 0.1486 7.1367
v  -22.8577 0.1486 7.0632
v  -24.4532 4.0969 7.1424
v  -24.4532 4.0969 7.0575
v  -18.1537 4.0969 7.0575
v  -18.1537 4.0969 7.1424
v  -24.4532 4.1086 7.1580
v  -18.1537 4.1086 7.1580
v  -18.1537 4.2276 7.1580
v  -24.4532 4.2276 7.1580
v  -24.4532 4.2393 7.1424
v  -18.1537 4.2393 7.1424
v  -18.1537 4.2393 7.0575
v  -24.4532 4.2393 7.0575
v  -24.4532 4.2276 7.0419
v  -18.1537 4.2276 7.0419
v  -18.1537 4.1086 7.0419
v  -24.4532 4.1086 7.0419
v  -24.4532 1.2542 7.1424
v  -24.4532 1.2542 7.0575
v  -22.8695 1.2542 7.0575
v  -22.8695 1.2542 7.1424
v  -24.4532 1.2659 7.1580
v  -22.8695 1.2659 7.1580
v  -22.8695 1.3188 7.1580
v  -24.4532 1.3188 7.1580
v  -24.4532 1.3305 7.1424
v  -22.8695 1.3305 7.1424
v  -22.8695 1.3305 7.0575
v  -24.4532 1.3305 7.0575
v  -24.4532 1.3188 7.0419
v  -22.8695 1.3188 7.0419
v  -22.8695 1.2659 7.0419
v  -24.4532 1.2659 7.0419
v  -18.1537 1.2542 7.1424
v  -18.1537 1.2659 7.1580
v  -21.1528 1.2659 7.1580
v  -21.1528 1.2542 7.1424
v  -18.1537 1.3188 7.1580
v  -18.1537 1.3305 7.1424
v  -21.1528 1.3305 7.1424
v  -21.1528 1.3188 7.1580
v  -18.1537 1.3305 7.0575
v  -18.1537 1.3188 7.0419
v  -21.1528 1.3188 7.0419
v  -21.1528 1.3305 7.0575
v  -18.1537 1.2659 7.0419
v  -18.1537 1.2542 7.0575
v  -21.1528 1.2542 7.0575
v  -21.1528 1.2659 7.0419
v  -24.4532 1.5295 7.1424
v  -24.4532 1.5295 7.0575
v  -22.8709 1.5295 7.0575
v  -22.8709 1.5295 7.1424
v  -24.4532 1.5412 7.1580
v  -22.8709 1.5412 7.1580
v  -22.8709 1.5942 7.1580
v  -24.4532 1.5942 7.1580
v  -24.4532 1.6058 7.1424
v  -22.8709 1.6058 7.1424
v  -22.8709 1.6058 7.0575
v  -24.4532 1.6058 7.0575
v  -24.4532 1.5942 7.0419
v  -22.8709 1.5942 7.0419
v  -22.8709 1.5412 7.0419
v  -24.4532 1.5412 7.0419
v  -18.1537 1.5295 7.1424
v  -18.1537 1.5412 7.1580
v  -21.1502 1.5412 7.1580
v  -21.1502 1.5295 7.1424
v  -18.1537 1.5942 7.1580
v  -18.1537 1.6058 7.1424
v  -21.1502 1.6058 7.1424
v  -21.1502 1.5942 7.1580
v  -18.1537 1.6058 7.0575
v  -18.1537 1.5942 7.0419
v  -21.1502 1.5942 7.0419
v  -21.1502 1.6058 7.0575
v  -18.1537 1.5412 7.0419
v  -18.1537 1.5295 7.0575
v  -21.1502 1.5295 7.0575
v  -21.1502 1.5412 7.0419
v  -21.1623 1.5452 7.1349
v  -21.1623 1.5452 7.0650
v  -21.1623 1.5902 7.1349
v  -21.1623 1.5902 7.0650
v  -21.1648 1.2698 7.1349
v  -21.1648 1.3149 7.1349
v  -21.1648 1.3149 7.0650
v  -21.1648 1.2698 7.0650
v  -22.8612 1.5452 7.0650
v  -22.8612 1.5452 7.1349
v  -22.8612 1.5902 7.1349
v  -22.8612 1.5902 7.0650
v  -22.8598 1.2698 7.0650
v  -22.8598 1.2698 7.1349
v  -22.8598 1.3149 7.1349
v  -22.8598 1.3149 7.0650
v  -3.1057 0.0000 16.2346
v  -3.1057 0.0611 16.2346
v  -3.3192 0.0611 16.2346
v  -3.3192 0.0000 16.2346
v  -3.1057 0.0000 7.0083
v  -3.3192 0.0000 7.0083
v  -3.3192 0.0611 7.0083
v  -3.1057 0.0611 7.0083
v  -3.3192 0.0000 16.1067
v  -3.1057 0.0000 16.1067
v  3.1057 0.0000 16.2345
v  3.5327 0.0000 16.2345
v  3.5327 0.0611 16.2345
v  3.1057 0.0611 16.2345
v  3.1057 0.0000 7.0082
v  3.1057 0.0611 7.0082
v  3.5327 0.0611 7.0082
v  3.5327 0.0000 7.0082
v  3.1057 0.0000 16.1066
v  3.5327 0.0000 16.1066
v  3.5327 0.0611 16.1066
v  3.5327 4.5102 16.2345
v  3.5327 4.5102 16.1066
v  3.1057 4.5102 16.1066
v  3.1057 4.5102 16.2345
v  -3.3192 4.2219 7.0083
v  -3.1057 4.2219 7.0083
v  3.5327 4.2219 16.2345
v  3.1057 4.2219 16.2345
v  3.1057 4.2219 7.0082
v  3.5327 4.2219 7.0082
v  3.5327 4.2219 16.1066
v  -3.1057 0.0611 7.1537
v  3.1057 0.0611 7.1536
v  -3.3192 0.0000 7.1537
v  -3.1057 0.0000 7.1537
v  3.1057 0.0000 7.1536
v  3.5327 0.0000 7.1536
v  3.5327 0.0611 7.1536
v  3.5327 4.5102 7.1536
v  3.1057 4.5102 7.1536
v  3.1057 0.0611 16.1066
v  3.1057 4.2219 16.1066
v  3.1057 4.2219 7.1536
v  3.5327 4.2219 7.1536
v  -3.1057 4.5102 16.2346
v  -3.1057 4.2219 16.2346
v  -3.1057 0.0611 16.1067
v  -3.1057 4.2219 16.1067
v  3.5327 4.5102 7.0082
v  3.1057 4.5102 7.0082
v  -3.3192 4.5102 7.0083
v  -3.1057 4.5102 7.0083
v  -3.1057 4.2219 7.1537
v  -3.1057 4.5102 16.1067
v  -3.1057 4.5102 7.1537
v  -3.1580 2.9897 7.1424
v  -3.1580 2.9897 7.0575
v  3.1415 2.9897 7.0575
v  3.1415 2.9897 7.1424
v  -3.1580 3.0014 7.1580
v  3.1415 3.0014 7.1580
v  3.1415 3.1204 7.1580
v  -3.1580 3.1204 7.1580
v  -3.1580 3.1320 7.1424
v  3.1415 3.1320 7.1424
v  3.1415 3.1320 7.0575
v  -3.1580 3.1320 7.0575
v  -3.1580 3.1204 7.0419
v  3.1415 3.1204 7.0419
v  3.1415 3.0014 7.0419
v  -3.1580 3.0014 7.0419
v  -2.9409 0.0302 7.0987
v  -2.9409 4.3057 7.0987
v  -2.9514 4.3057 7.1242
v  -2.9514 0.0302 7.1242
v  -2.9769 4.3057 7.1347
v  -2.9769 0.0302 7.1347
v  -3.0024 4.3057 7.1242
v  -3.0024 0.0302 7.1242
v  -3.0129 4.3057 7.0987
v  -3.0129 0.0302 7.0987
v  -3.0024 4.3057 7.0732
v  -3.0024 0.0302 7.0732
v  -2.9769 4.3057 7.0626
v  -2.9769 0.0302 7.0626
v  -2.9514 4.3057 7.0732
v  -2.9514 0.0302 7.0732
v  3.0591 0.0302 7.0987
v  3.0591 4.3057 7.0987
v  3.0486 4.3057 7.1242
v  3.0486 0.0302 7.1242
v  3.0231 4.3057 7.1347
v  3.0231 0.0302 7.1347
v  2.9976 4.3057 7.1242
v  2.9976 0.0302 7.1242
v  2.9871 4.3057 7.0987
v  2.9871 0.0302 7.0987
v  2.9976 4.3057 7.0732
v  2.9976 0.0302 7.0732
v  3.0231 4.3057 7.0626
v  3.0231 0.0302 7.0626
v  3.0486 4.3057 7.0732
v  3.0486 0.0302 7.0732
v  2.7591 0.0302 7.0987
v  2.7591 4.3057 7.0987
v  2.7486 4.3057 7.1242
v  2.7486 0.0302 7.1242
v  2.7231 4.3057 7.1347
v  2.7231 0.0302 7.1347
v  2.6976 4.3057 7.1242
v  2.6976 0.0302 7.1242
v  2.6871 4.3057 7.0987
v  2.6871 0.0302 7.0987
v  2.6976 4.3057 7.0732
v  2.6976 0.0302 7.0732
v  2.7231 4.3057 7.0626
v  2.7231 0.0302 7.0626
v  2.7486 4.3057 7.0732
v  2.7486 0.0302 7.0732
v  2.4591 0.0302 7.0987
v  2.4591 4.3057 7.0987
v  2.4486 4.3057 7.1242
v  2.4486 0.0302 7.1242
v  2.4231 4.3057 7.1347
v  2.4231 0.0302 7.1347
v  2.3976 4.3057 7.1242
v  2.3976 0.0302 7.1242
v  2.3871 4.3057 7.0987
v  2.3871 0.0302 7.0987
v  2.3976 4.3057 7.0732
v  2.3976 0.0302 7.0732
v  2.4231 4.3057 7.0626
v  2.4231 0.0302 7.0626
v  2.4486 4.3057 7.0732
v  2.4486 0.0302 7.0732
v  2.1591 0.0302 7.0987
v  2.1591 4.3057 7.0987
v  2.1486 4.3057 7.1242
v  2.1486 0.0302 7.1242
v  2.1231 4.3057 7.1347
v  2.1231 0.0302 7.1347
v  2.0976 4.3057 7.1242
v  2.0976 0.0302 7.1242
v  2.0871 4.3057 7.0987
v  2.0871 0.0302 7.0987
v  2.0976 4.3057 7.0732
v  2.0976 0.0302 7.0732
v  2.1231 4.3057 7.0626
v  2.1231 0.0302 7.0626
v  2.1486 4.3057 7.0732
v  2.1486 0.0302 7.0732
v  1.8591 0.0302 7.0987
v  1.8591 4.3057 7.0987
v  1.8486 4.3057 7.1242
v  1.8486 0.0302 7.1242
v  1.8231 4.3057 7.1347
v  1.8231 0.0302 7.1347
v  1.7976 4.3057 7.1242
v  1.7976 0.0302 7.1242
v  1.7871 4.3057 7.0987
v  1.7871 0.0302 7.0987
v  1.7976 4.3057 7.0732
v  1.7976 0.0302 7.0732
v  1.8231 4.3057 7.0626
v  1.8231 0.0302 7.0626
v  1.8486 4.3057 7.0732
v  1.8486 0.0302 7.0732
v  1.5591 0.0302 7.0987
v  1.5591 4.3057 7.0987
v  1.5486 4.3057 7.1242
v  1.5486 0.0302 7.1242
v  1.5231 4.3057 7.1347
v  1.5231 0.0302 7.1347
v  1.4976 4.3057 7.1242
v  1.4976 0.0302 7.1242
v  1.4871 4.3057 7.0987
v  1.4871 0.0302 7.0987
v  1.4976 4.3057 7.0732
v  1.4976 0.0302 7.0732
v  1.5231 4.3057 7.0626
v  1.5231 0.0302 7.0626
v  1.5486 4.3057 7.0732
v  1.5486 0.0302 7.0732
v  1.2591 0.0302 7.0987
v  1.2591 4.3057 7.0987
v  1.2486 4.3057 7.1242
v  1.2486 0.0302 7.1242
v  1.2231 4.3057 7.1347
v  1.2231 0.0302 7.1347
v  1.1976 4.3057 7.1242
v  1.1976 0.0302 7.1242
v  1.1871 4.3057 7.0987
v  1.1871 0.0302 7.0987
v  1.1976 4.3057 7.0732
v  1.1976 0.0302 7.0732
v  1.2231 4.3057 7.0626
v  1.2231 0.0302 7.0626
v  1.2486 4.3057 7.0732
v  1.2486 0.0302 7.0732
v  0.9591 0.0302 7.0987
v  0.9591 4.3057 7.0987
v  0.9486 4.3057 7.1242
v  0.9486 0.0302 7.1242
v  0.9231 4.3057 7.1347
v  0.9231 0.0302 7.1347
v  0.8976 4.3057 7.1242
v  0.8976 0.0302 7.1242
v  0.8871 4.3057 7.0987
v  0.8871 0.0302 7.0987
v  0.8976 4.3057 7.0732
v  0.8976 0.0302 7.0732
v  0.9231 4.3057 7.0626
v  0.9231 0.0302 7.0626
v  0.9486 4.3057 7.0732
v  0.9486 0.0302 7.0732
v  0.6591 0.0302 7.0987
v  0.6591 4.3057 7.0987
v  0.6486 4.3057 7.1242
v  0.6486 0.0302 7.1242
v  0.6231 4.3057 7.1347
v  0.6231 0.0302 7.1347
v  0.5976 4.3057 7.1242
v  0.5976 0.0302 7.1242
v  0.5871 4.3057 7.0987
v  0.5871 0.0302 7.0987
v  0.5976 4.3057 7.0732
v  0.5976 0.0302 7.0732
v  0.6231 4.3057 7.0626
v  0.6231 0.0302 7.0626
v  0.6486 4.3057 7.0732
v  0.6486 0.0302 7.0732
v  0.3591 0.0302 7.0987
v  0.3591 4.3057 7.0987
v  0.3486 4.3057 7.1242
v  0.3486 0.0302 7.1242
v  0.3231 4.3057 7.1347
v  0.3231 0.0302 7.1347
v  0.2976 4.3057 7.1242
v  0.2976 0.0302 7.1242
v  0.2871 4.3057 7.0987
v  0.2871 0.0302 7.0987
v  0.2976 4.3057 7.0732
v  0.2976 0.0302 7.0732
v  0.3231 4.3057 7.0626
v  0.3231 0.0302 7.0626
v  0.3486 4.3057 7.0732
v  0.3486 0.0302 7.0732
v  -1.7409 0.0302 7.0987
v  -1.7409 4.3057 7.0987
v  -1.7514 4.3057 7.1242
v  -1.7514 0.0302 7.1242
v  -1.7769 4.3057 7.1347
v  -1.7769 0.0302 7.1347
v  -1.8024 4.3057 7.1242
v  -1.8024 0.0302 7.1242
v  -1.8129 4.3057 7.0987
v  -1.8129 0.0302 7.0987
v  -1.8024 4.3057 7.0732
v  -1.8024 0.0302 7.0732
v  -1.7769 4.3057 7.0626
v  -1.7769 0.0302 7.0626
v  -1.7514 4.3057 7.0732
v  -1.7514 0.0302 7.0732
v  -2.0409 0.0302 7.0987
v  -2.0409 4.3057 7.0987
v  -2.0514 4.3057 7.1242
v  -2.0514 0.0302 7.1242
v  -2.0769 4.3057 7.1347
v  -2.0769 0.0302 7.1347
v  -2.1024 4.3057 7.1242
v  -2.1024 0.0302 7.1242
v  -2.1129 4.3057 7.0987
v  -2.1129 0.0302 7.0987
v  -2.1024 4.3057 7.0732
v  -2.1024 0.0302 7.0732
v  -2.0769 4.3057 7.0626
v  -2.0769 0.0302 7.0626
v  -2.0514 4.3057 7.0732
v  -2.0514 0.0302 7.0732
v  -2.3409 0.0302 7.0987
v  -2.3409 4.3057 7.0987
v  -2.3514 4.3057 7.1242
v  -2.3514 0.0302 7.1242
v  -2.3769 4.3057 7.1347
v  -2.3769 0.0302 7.1347
v  -2.4024 4.3057 7.1242
v  -2.4024 0.0302 7.1242
v  -2.4129 4.3057 7.0987
v  -2.4129 0.0302 7.0987
v  -2.4024 4.3057 7.0732
v  -2.4024 0.0302 7.0732
v  -2.3769 4.3057 7.0626
v  -2.3769 0.0302 7.0626
v  -2.3514 4.3057 7.0732
v  -2.3514 0.0302 7.0732
v  -2.6409 0.0302 7.0987
v  -2.6409 4.3057 7.0987
v  -2.6514 4.3057 7.1242
v  -2.6514 0.0302 7.1242
v  -2.6769 4.3057 7.1347
v  -2.6769 0.0302 7.1347
v  -2.7024 4.3057 7.1242
v  -2.7024 0.0302 7.1242
v  -2.7129 4.3057 7.0987
v  -2.7129 0.0302 7.0987
v  -2.7024 4.3057 7.0732
v  -2.7024 0.0302 7.0732
v  -2.6769 4.3057 7.0626
v  -2.6769 0.0302 7.0626
v  -2.6514 4.3057 7.0732
v  -2.6514 0.0302 7.0732
v  -0.3667 3.0303 7.1242
v  -0.3561 3.0303 7.0987
v  -0.3561 4.3057 7.0987
v  -0.3667 4.3057 7.1242
v  -0.3921 3.0303 7.1347
v  -0.3921 4.3057 7.1347
v  -0.4176 3.0303 7.1242
v  -0.4176 4.3057 7.1242
v  -0.4282 3.0303 7.0987
v  -0.4282 4.3057 7.0987
v  -0.4176 3.0303 7.0732
v  -0.4176 4.3057 7.0732
v  -0.3921 3.0303 7.0626
v  -0.3921 4.3057 7.0626
v  -0.3667 3.0303 7.0732
v  -0.3667 4.3057 7.0732
v  -0.6667 3.0303 7.1242
v  -0.6561 3.0303 7.0987
v  -0.6561 4.3057 7.0987
v  -0.6667 4.3057 7.1242
v  -0.6921 3.0303 7.1347
v  -0.6921 4.3057 7.1347
v  -0.7176 3.0303 7.1242
v  -0.7176 4.3057 7.1242
v  -0.7282 3.0303 7.0987
v  -0.7282 4.3057 7.0987
v  -0.7176 3.0303 7.0732
v  -0.7176 4.3057 7.0732
v  -0.6921 3.0303 7.0626
v  -0.6921 4.3057 7.0626
v  -0.6667 3.0303 7.0732
v  -0.6667 4.3057 7.0732
v  -0.9667 3.0303 7.1242
v  -0.9561 3.0303 7.0987
v  -0.9561 4.3057 7.0987
v  -0.9667 4.3057 7.1242
v  -0.9921 3.0303 7.1347
v  -0.9921 4.3057 7.1347
v  -1.0176 3.0303 7.1242
v  -1.0176 4.3057 7.1242
v  -1.0282 3.0303 7.0987
v  -1.0282 4.3057 7.0987
v  -1.0176 3.0303 7.0732
v  -1.0176 4.3057 7.0732
v  -0.9921 3.0303 7.0626
v  -0.9921 4.3057 7.0626
v  -0.9667 3.0303 7.0732
v  -0.9667 4.3057 7.0732
v  -1.2667 3.0303 7.1242
v  -1.2561 3.0303 7.0987
v  -1.2561 4.3057 7.0987
v  -1.2667 4.3057 7.1242
v  -1.2921 3.0303 7.1347
v  -1.2921 4.3057 7.1347
v  -1.3176 3.0303 7.1242
v  -1.3176 4.3057 7.1242
v  -1.3282 3.0303 7.0987
v  -1.3282 4.3057 7.0987
v  -1.3176 3.0303 7.0732
v  -1.3176 4.3057 7.0732
v  -1.2921 3.0303 7.0626
v  -1.2921 4.3057 7.0626
v  -1.2667 3.0303 7.0732
v  -1.2667 4.3057 7.0732
v  -0.0701 3.0303 7.1242
v  -0.0595 3.0303 7.0987
v  -0.0595 4.3057 7.0987
v  -0.0701 4.3057 7.1242
v  -0.0955 3.0303 7.1347
v  -0.0955 4.3057 7.1347
v  -0.1210 3.0303 7.1242
v  -0.1210 4.3057 7.1242
v  -0.1316 3.0303 7.0987
v  -0.1316 4.3057 7.0987
v  -0.1210 3.0303 7.0732
v  -0.1210 4.3057 7.0732
v  -0.0955 3.0303 7.0626
v  -0.0955 4.3057 7.0626
v  -0.0701 3.0303 7.0732
v  -0.0701 4.3057 7.0732
v  -1.6328 0.0302 7.1303
v  -1.6328 4.3057 7.1303
v  -1.6328 4.3057 7.0670
v  -1.6328 0.0302 7.0670
v  -1.5596 4.3057 7.0670
v  -1.5596 0.0302 7.0670
v  0.2005 0.0302 7.1303
v  0.2005 0.0302 7.0670
v  0.2005 4.3057 7.0670
v  0.2005 4.3057 7.1303
v  0.1273 4.3057 7.1303
v  0.1273 0.0302 7.1303
v  -1.5596 0.0302 7.1303
v  -1.5596 4.3057 7.1303
v  0.1273 0.0302 7.0670
v  0.1273 4.3057 7.0670
v  -3.1580 0.0297 7.1424
v  -3.1580 0.0297 7.0575
v  -1.5836 0.0297 7.0575
v  -1.5836 0.0297 7.1424
v  -3.1580 0.0414 7.1580
v  -1.5836 0.0414 7.1580
v  -1.5836 0.1603 7.1580
v  -3.1580 0.1603 7.1580
v  -3.1580 0.1720 7.1424
v  -1.5836 0.1720 7.1424
v  -1.5836 0.1720 7.0575
v  -3.1580 0.1720 7.0575
v  -3.1580 0.1603 7.0419
v  -1.5836 0.1603 7.0419
v  -1.5836 0.0414 7.0419
v  -3.1580 0.0414 7.0419
v  3.1415 0.0297 7.1424
v  3.1415 0.0414 7.1580
v  0.1435 0.0414 7.1580
v  0.1435 0.0297 7.1424
v  3.1415 0.1603 7.1580
v  3.1415 0.1720 7.1424
v  0.1435 0.1720 7.1424
v  0.1435 0.1603 7.1580
v  3.1415 0.1720 7.0575
v  3.1415 0.1603 7.0419
v  0.1435 0.1603 7.0419
v  0.1435 0.1720 7.0575
v  3.1415 0.0414 7.0419
v  3.1415 0.0297 7.0575
v  0.1435 0.0297 7.0575
v  0.1435 0.0414 7.0419
v  0.1311 0.0531 7.1367
v  0.1311 0.0531 7.0632
v  0.1311 0.1486 7.1367
v  0.1311 0.1486 7.0632
v  -1.5626 0.0531 7.0632
v  -1.5626 0.0531 7.1367
v  -1.5626 0.1486 7.1367
v  -1.5626 0.1486 7.0632
v  -3.1580 4.0969 7.1424
v  -3.1580 4.0969 7.0575
v  3.1415 4.0969 7.0575
v  3.1415 4.0969 7.1424
v  -3.1580 4.1086 7.1580
v  3.1415 4.1086 7.1580
v  3.1415 4.2276 7.1580
v  -3.1580 4.2276 7.1580
v  -3.1580 4.2393 7.1424
v  3.1415 4.2393 7.1424
v  3.1415 4.2393 7.0575
v  -3.1580 4.2393 7.0575
v  -3.1580 4.2276 7.0419
v  3.1415 4.2276 7.0419
v  3.1415 4.1086 7.0419
v  -3.1580 4.1086 7.0419
v  -3.1580 1.2542 7.1424
v  -3.1580 1.2542 7.0575
v  -1.5744 1.2542 7.0575
v  -1.5744 1.2542 7.1424
v  -3.1580 1.2659 7.1580
v  -1.5744 1.2659 7.1580
v  -1.5744 1.3188 7.1580
v  -3.1580 1.3188 7.1580
v  -3.1580 1.3305 7.1424
v  -1.5744 1.3305 7.1424
v  -1.5744 1.3305 7.0575
v  -3.1580 1.3305 7.0575
v  -3.1580 1.3188 7.0419
v  -1.5744 1.3188 7.0419
v  -1.5744 1.2659 7.0419
v  -3.1580 1.2659 7.0419
v  3.1415 1.2542 7.1424
v  3.1415 1.2659 7.1580
v  0.1424 1.2659 7.1580
v  0.1424 1.2542 7.1424
v  3.1415 1.3188 7.1580
v  3.1415 1.3305 7.1424
v  0.1424 1.3305 7.1424
v  0.1424 1.3188 7.1580
v  3.1415 1.3305 7.0575
v  3.1415 1.3188 7.0419
v  0.1424 1.3188 7.0419
v  0.1424 1.3305 7.0575
v  3.1415 1.2659 7.0419
v  3.1415 1.2542 7.0575
v  0.1424 1.2542 7.0575
v  0.1424 1.2659 7.0419
v  -3.1580 1.5295 7.1424
v  -3.1580 1.5295 7.0575
v  -1.5758 1.5295 7.0575
v  -1.5758 1.5295 7.1424
v  -3.1580 1.5412 7.1580
v  -1.5758 1.5412 7.1580
v  -1.5758 1.5942 7.1580
v  -3.1580 1.5942 7.1580
v  -3.1580 1.6058 7.1424
v  -1.5758 1.6058 7.1424
v  -1.5758 1.6058 7.0575
v  -3.1580 1.6058 7.0575
v  -3.1580 1.5942 7.0419
v  -1.5758 1.5942 7.0419
v  -1.5758 1.5412 7.0419
v  -3.1580 1.5412 7.0419
v  3.1415 1.5295 7.1424
v  3.1415 1.5412 7.1580
v  0.1449 1.5412 7.1580
v  0.1449 1.5295 7.1424
v  3.1415 1.5942 7.1580
v  3.1415 1.6058 7.1424
v  0.1449 1.6058 7.1424
v  0.1449 1.5942 7.1580
v  3.1415 1.6058 7.0575
v  3.1415 1.5942 7.0419
v  0.1449 1.5942 7.0419
v  0.1449 1.6058 7.0575
v  3.1415 1.5412 7.0419
v  3.1415 1.5295 7.0575
v  0.1449 1.5295 7.0575
v  0.1449 1.5412 7.0419
v  0.1328 1.5452 7.1349
v  0.1328 1.5452 7.0650
v  0.1328 1.5902 7.1349
v  0.1328 1.5902 7.0650
v  0.1303 1.2698 7.1349
v  0.1303 1.3149 7.1349
v  0.1303 1.3149 7.0650
v  0.1303 1.2698 7.0650
v  -1.5660 1.5452 7.0650
v  -1.5660 1.5452 7.1349
v  -1.5660 1.5902 7.1349
v  -1.5660 1.5902 7.0650
v  -1.5647 1.2698 7.0650
v  -1.5647 1.2698 7.1349
v  -1.5647 1.3149 7.1349
v  -1.5647 1.3149 7.0650
v  -10.4175 4.5102 16.1067
v  -10.4175 4.5102 16.2346
v  -3.7151 0.0611 16.3514
v  -3.7151 -0.1169 16.3514
v  -3.3834 -0.1169 16.3515
v  -3.3834 0.0611 16.3515
v  -10.4175 4.2219 16.2346
v  -3.7151 4.2219 16.3514
v  -3.3834 4.2219 16.3515
v  -3.7792 4.2219 7.0082
v  -10.4175 4.5102 7.1537
v  -3.7792 0.0000 7.1536
v  -3.7150 4.6270 7.1536
v  -3.3833 4.6270 7.1537
v  -3.7150 4.6270 6.8914
v  -3.3833 4.6270 6.8915
v  -17.5159 4.5102 16.1067
v  -17.5159 4.5102 16.2346
v  -10.8135 0.0611 16.3514
v  -10.8135 -0.1169 16.3514
v  -10.4817 -0.1169 16.3515
v  -10.4817 0.0611 16.3515
v  -17.5159 4.2219 16.2346
v  -10.8135 4.2219 16.3514
v  -10.4817 4.2219 16.3515
v  -10.8776 4.2219 7.0082
v  -17.5159 4.5102 7.1537
v  -10.8776 0.0000 7.1536
v  -10.8134 4.6270 7.1536
v  -10.4817 4.6270 7.1537
v  -10.8134 4.6270 6.8914
v  -10.4817 4.6270 6.8915
v  -17.9118 0.0611 16.3514
v  -17.9118 -0.1169 16.3514
v  -17.5801 -0.1169 16.3515
v  -17.5801 0.0611 16.3515
v  -17.9118 4.2219 16.3514
v  -17.5801 4.2219 16.3515
v  -17.9760 4.2219 7.0082
v  -17.9760 0.0000 7.1536
v  -17.9118 4.6270 7.1536
v  -17.5801 4.6270 7.1537
v  -17.9118 4.6270 6.8914
v  -17.5801 4.6270 6.8915
v  -3.3192 4.5102 16.1067
v  -3.3192 4.5102 16.2346
v  -3.3192 4.2219 16.2346
v  -3.3192 4.5102 7.1537
v  -10.2040 4.9324 16.2346
v  -10.2040 4.9935 16.2346
v  -10.4175 4.9935 16.2346
v  -10.4175 4.9324 16.2346
v  -10.2040 4.9324 7.0083
v  -10.4175 4.9324 7.0083
v  -10.4175 4.9935 7.0083
v  -10.2040 4.9935 7.0083
v  -10.4175 4.9324 16.1067
v  -10.2040 4.9324 16.1067
v  -3.9927 4.9324 16.2345
v  -3.7792 4.9324 16.2345
v  -3.7792 4.9935 16.2345
v  -3.9927 4.9935 16.2345
v  -3.9927 4.9324 7.0082
v  -3.9927 4.9935 7.0082
v  -3.7792 4.9935 7.0082
v  -3.7792 4.9324 7.0082
v  -3.9927 4.9324 16.1066
v  -3.7792 4.9324 16.1066
v  -3.7151 9.5594 16.3514
v  -3.3834 9.5594 16.3515
v  -3.3833 9.5594 16.1067
v  -3.7150 9.5594 16.1066
v  -10.4175 9.1543 7.0083
v  -10.2040 9.1543 7.0083
v  -3.7792 9.1543 16.2345
v  -3.9927 9.1543 16.2345
v  -3.3833 4.9935 6.8915
v  -3.7150 4.9935 6.8914
v  -3.7150 9.0119 6.8914
v  -3.3833 9.0119 6.8915
v  -10.2040 4.9935 7.1537
v  -3.9927 4.9935 7.1536
v  -10.4175 4.9324 7.1537
v  -10.2040 4.9324 7.1537
v  -3.3833 4.8155 16.1067
v  -3.7150 4.8155 16.1066
v  -3.7150 4.8155 7.1536
v  -3.3833 4.8155 7.1537
v  -3.9927 9.4426 16.1066
v  -3.7792 9.4426 16.1066
v  -3.7792 9.4426 7.1536
v  -3.9927 9.4426 7.1536
v  -3.9927 4.9935 16.1066
v  -3.9927 9.1543 16.1066
v  -3.9927 9.1543 7.1536
v  -3.9927 4.9324 7.1536
v  -3.9927 9.4426 16.2345
v  -10.2040 9.4426 16.2346
v  -10.2040 9.1543 16.2346
v  -10.2040 4.9935 16.1067
v  -10.2040 9.1543 16.1067
v  -3.7150 4.8155 6.8914
v  -3.3833 4.8155 6.8915
v  -3.7792 9.4426 7.0082
v  -3.9927 9.4426 7.0082
v  -3.9927 9.1543 7.0082
v  -10.4175 9.4426 7.0083
v  -10.2040 9.4426 7.0083
v  -3.7792 9.4426 16.2345
v  -3.3833 9.3319 4.9294
v  -3.7150 9.3319 4.9293
v  -3.7150 9.5594 4.9293
v  -3.3833 9.5594 4.9294
v  -10.2040 9.1543 7.1537
v  -10.2040 9.4426 16.1067
v  -10.2040 9.4426 7.1537
v  -10.2564 7.9221 7.1424
v  -10.2564 7.9221 7.0575
v  -3.9569 7.9221 7.0575
v  -3.9569 7.9221 7.1424
v  -10.2564 7.9338 7.1580
v  -3.9569 7.9338 7.1580
v  -3.9569 8.0527 7.1580
v  -10.2564 8.0527 7.1580
v  -10.2564 8.0644 7.1424
v  -3.9569 8.0644 7.1424
v  -3.9569 8.0644 7.0575
v  -10.2564 8.0644 7.0575
v  -10.2564 8.0527 7.0419
v  -3.9569 8.0527 7.0419
v  -3.9569 7.9338 7.0419
v  -10.2564 7.9338 7.0419
v  -10.0393 4.9626 7.0987
v  -10.0393 9.2381 7.0987
v  -10.0498 9.2381 7.1242
v  -10.0498 4.9626 7.1242
v  -10.0753 9.2381 7.1347
v  -10.0753 4.9626 7.1347
v  -10.1008 9.2381 7.1242
v  -10.1008 4.9626 7.1242
v  -10.1113 9.2381 7.0987
v  -10.1113 4.9626 7.0987
v  -10.1008 9.2381 7.0732
v  -10.1008 4.9626 7.0732
v  -10.0753 9.2381 7.0626
v  -10.0753 4.9626 7.0626
v  -10.0498 9.2381 7.0732
v  -10.0498 4.9626 7.0732
v  -4.0393 4.9626 7.0987
v  -4.0393 9.2381 7.0987
v  -4.0498 9.2381 7.1242
v  -4.0498 4.9626 7.1242
v  -4.0753 9.2381 7.1347
v  -4.0753 4.9626 7.1347
v  -4.1008 9.2381 7.1242
v  -4.1008 4.9626 7.1242
v  -4.1113 9.2381 7.0987
v  -4.1113 4.9626 7.0987
v  -4.1008 9.2381 7.0732
v  -4.1008 4.9626 7.0732
v  -4.0753 9.2381 7.0626
v  -4.0753 4.9626 7.0626
v  -4.0498 9.2381 7.0732
v  -4.0498 4.9626 7.0732
v  -4.3393 4.9626 7.0987
v  -4.3393 9.2381 7.0987
v  -4.3498 9.2381 7.1242
v  -4.3498 4.9626 7.1242
v  -4.3753 9.2381 7.1347
v  -4.3753 4.9626 7.1347
v  -4.4008 9.2381 7.1242
v  -4.4008 4.9626 7.1242
v  -4.4113 9.2381 7.0987
v  -4.4113 4.9626 7.0987
v  -4.4008 9.2381 7.0732
v  -4.4008 4.9626 7.0732
v  -4.3753 9.2381 7.0626
v  -4.3753 4.9626 7.0626
v  -4.3498 9.2381 7.0732
v  -4.3498 4.9626 7.0732
v  -4.6393 4.9626 7.0987
v  -4.6393 9.2381 7.0987
v  -4.6498 9.2381 7.1242
v  -4.6498 4.9626 7.1242
v  -4.6753 9.2381 7.1347
v  -4.6753 4.9626 7.1347
v  -4.7008 9.2381 7.1242
v  -4.7008 4.9626 7.1242
v  -4.7113 9.2381 7.0987
v  -4.7113 4.9626 7.0987
v  -4.7008 9.2381 7.0732
v  -4.7008 4.9626 7.0732
v  -4.6753 9.2381 7.0626
v  -4.6753 4.9626 7.0626
v  -4.6498 9.2381 7.0732
v  -4.6498 4.9626 7.0732
v  -4.9393 4.9626 7.0987
v  -4.9393 9.2381 7.0987
v  -4.9498 9.2381 7.1242
v  -4.9498 4.9626 7.1242
v  -4.9753 9.2381 7.1347
v  -4.9753 4.9626 7.1347
v  -5.0008 9.2381 7.1242
v  -5.0008 4.9626 7.1242
v  -5.0113 9.2381 7.0987
v  -5.0113 4.9626 7.0987
v  -5.0008 9.2381 7.0732
v  -5.0008 4.9626 7.0732
v  -4.9753 9.2381 7.0626
v  -4.9753 4.9626 7.0626
v  -4.9498 9.2381 7.0732
v  -4.9498 4.9626 7.0732
v  -5.2393 4.9626 7.0987
v  -5.2393 9.2381 7.0987
v  -5.2498 9.2381 7.1242
v  -5.2498 4.9626 7.1242
v  -5.2753 9.2381 7.1347
v  -5.2753 4.9626 7.1347
v  -5.3008 9.2381 7.1242
v  -5.3008 4.9626 7.1242
v  -5.3113 9.2381 7.0987
v  -5.3113 4.9626 7.0987
v  -5.3008 9.2381 7.0732
v  -5.3008 4.9626 7.0732
v  -5.2753 9.2381 7.0626
v  -5.2753 4.9626 7.0626
v  -5.2498 9.2381 7.0732
v  -5.2498 4.9626 7.0732
v  -5.5393 4.9626 7.0987
v  -5.5393 9.2381 7.0987
v  -5.5498 9.2381 7.1242
v  -5.5498 4.9626 7.1242
v  -5.5753 9.2381 7.1347
v  -5.5753 4.9626 7.1347
v  -5.6008 9.2381 7.1242
v  -5.6008 4.9626 7.1242
v  -5.6113 9.2381 7.0987
v  -5.6113 4.9626 7.0987
v  -5.6008 9.2381 7.0732
v  -5.6008 4.9626 7.0732
v  -5.5753 9.2381 7.0626
v  -5.5753 4.9626 7.0626
v  -5.5498 9.2381 7.0732
v  -5.5498 4.9626 7.0732
v  -5.8393 4.9626 7.0987
v  -5.8393 9.2381 7.0987
v  -5.8498 9.2381 7.1242
v  -5.8498 4.9626 7.1242
v  -5.8753 9.2381 7.1347
v  -5.8753 4.9626 7.1347
v  -5.9008 9.2381 7.1242
v  -5.9008 4.9626 7.1242
v  -5.9113 9.2381 7.0987
v  -5.9113 4.9626 7.0987
v  -5.9008 9.2381 7.0732
v  -5.9008 4.9626 7.0732
v  -5.8753 9.2381 7.0626
v  -5.8753 4.9626 7.0626
v  -5.8498 9.2381 7.0732
v  -5.8498 4.9626 7.0732
v  -6.1393 4.9626 7.0987
v  -6.1393 9.2381 7.0987
v  -6.1498 9.2381 7.1242
v  -6.1498 4.9626 7.1242
v  -6.1753 9.2381 7.1347
v  -6.1753 4.9626 7.1347
v  -6.2008 9.2381 7.1242
v  -6.2008 4.9626 7.1242
v  -6.2113 9.2381 7.0987
v  -6.2113 4.9626 7.0987
v  -6.2008 9.2381 7.0732
v  -6.2008 4.9626 7.0732
v  -6.1753 9.2381 7.0626
v  -6.1753 4.9626 7.0626
v  -6.1498 9.2381 7.0732
v  -6.1498 4.9626 7.0732
v  -6.4393 4.9626 7.0987
v  -6.4393 9.2381 7.0987
v  -6.4498 9.2381 7.1242
v  -6.4498 4.9626 7.1242
v  -6.4753 9.2381 7.1347
v  -6.4753 4.9626 7.1347
v  -6.5008 9.2381 7.1242
v  -6.5008 4.9626 7.1242
v  -6.5113 9.2381 7.0987
v  -6.5113 4.9626 7.0987
v  -6.5008 9.2381 7.0732
v  -6.5008 4.9626 7.0732
v  -6.4753 9.2381 7.0626
v  -6.4753 4.9626 7.0626
v  -6.4498 9.2381 7.0732
v  -6.4498 4.9626 7.0732
v  -6.7393 4.9626 7.0987
v  -6.7393 9.2381 7.0987
v  -6.7498 9.2381 7.1242
v  -6.7498 4.9626 7.1242
v  -6.7753 9.2381 7.1347
v  -6.7753 4.9626 7.1347
v  -6.8008 9.2381 7.1242
v  -6.8008 4.9626 7.1242
v  -6.8113 9.2381 7.0987
v  -6.8113 4.9626 7.0987
v  -6.8008 9.2381 7.0732
v  -6.8008 4.9626 7.0732
v  -6.7753 9.2381 7.0626
v  -6.7753 4.9626 7.0626
v  -6.7498 9.2381 7.0732
v  -6.7498 4.9626 7.0732
v  -8.8393 4.9626 7.0987
v  -8.8393 9.2381 7.0987
v  -8.8498 9.2381 7.1242
v  -8.8498 4.9626 7.1242
v  -8.8753 9.2381 7.1347
v  -8.8753 4.9626 7.1347
v  -8.9008 9.2381 7.1242
v  -8.9008 4.9626 7.1242
v  -8.9113 9.2381 7.0987
v  -8.9113 4.9626 7.0987
v  -8.9008 9.2381 7.0732
v  -8.9008 4.9626 7.0732
v  -8.8753 9.2381 7.0626
v  -8.8753 4.9626 7.0626
v  -8.8498 9.2381 7.0732
v  -8.8498 4.9626 7.0732
v  -9.1393 4.9626 7.0987
v  -9.1393 9.2381 7.0987
v  -9.1498 9.2381 7.1242
v  -9.1498 4.9626 7.1242
v  -9.1753 9.2381 7.1347
v  -9.1753 4.9626 7.1347
v  -9.2008 9.2381 7.1242
v  -9.2008 4.9626 7.1242
v  -9.2113 9.2381 7.0987
v  -9.2113 4.9626 7.0987
v  -9.2008 9.2381 7.0732
v  -9.2008 4.9626 7.0732
v  -9.1753 9.2381 7.0626
v  -9.1753 4.9626 7.0626
v  -9.1498 9.2381 7.0732
v  -9.1498 4.9626 7.0732
v  -9.4393 4.9626 7.0987
v  -9.4393 9.2381 7.0987
v  -9.4498 9.2381 7.1242
v  -9.4498 4.9626 7.1242
v  -9.4753 9.2381 7.1347
v  -9.4753 4.9626 7.1347
v  -9.5008 9.2381 7.1242
v  -9.5008 4.9626 7.1242
v  -9.5113 9.2381 7.0987
v  -9.5113 4.9626 7.0987
v  -9.5008 9.2381 7.0732
v  -9.5008 4.9626 7.0732
v  -9.4753 9.2381 7.0626
v  -9.4753 4.9626 7.0626
v  -9.4498 9.2381 7.0732
v  -9.4498 4.9626 7.0732
v  -9.7393 4.9626 7.0987
v  -9.7393 9.2381 7.0987
v  -9.7498 9.2381 7.1242
v  -9.7498 4.9626 7.1242
v  -9.7753 9.2381 7.1347
v  -9.7753 4.9626 7.1347
v  -9.8008 9.2381 7.1242
v  -9.8008 4.9626 7.1242
v  -9.8113 9.2381 7.0987
v  -9.8113 4.9626 7.0987
v  -9.8008 9.2381 7.0732
v  -9.8008 4.9626 7.0732
v  -9.7753 9.2381 7.0626
v  -9.7753 4.9626 7.0626
v  -9.7498 9.2381 7.0732
v  -9.7498 4.9626 7.0732
v  -7.4650 7.9626 7.1242
v  -7.4545 7.9626 7.0987
v  -7.4545 9.2381 7.0987
v  -7.4650 9.2381 7.1242
v  -7.4905 7.9626 7.1347
v  -7.4905 9.2381 7.1347
v  -7.5160 7.9626 7.1242
v  -7.5160 9.2381 7.1242
v  -7.5266 7.9626 7.0987
v  -7.5266 9.2381 7.0987
v  -7.5160 7.9626 7.0732
v  -7.5160 9.2381 7.0732
v  -7.4905 7.9626 7.0626
v  -7.4905 9.2381 7.0626
v  -7.4650 7.9626 7.0732
v  -7.4650 9.2381 7.0732
v  -7.7650 7.9626 7.1242
v  -7.7545 7.9626 7.0987
v  -7.7545 9.2381 7.0987
v  -7.7650 9.2381 7.1242
v  -7.7905 7.9626 7.1347
v  -7.7905 9.2381 7.1347
v  -7.8160 7.9626 7.1242
v  -7.8160 9.2381 7.1242
v  -7.8266 7.9626 7.0987
v  -7.8266 9.2381 7.0987
v  -7.8160 7.9626 7.0732
v  -7.8160 9.2381 7.0732
v  -7.7905 7.9626 7.0626
v  -7.7905 9.2381 7.0626
v  -7.7650 7.9626 7.0732
v  -7.7650 9.2381 7.0732
v  -8.0650 7.9626 7.1242
v  -8.0545 7.9626 7.0987
v  -8.0545 9.2381 7.0987
v  -8.0650 9.2381 7.1242
v  -8.0905 7.9626 7.1347
v  -8.0905 9.2381 7.1347
v  -8.1160 7.9626 7.1242
v  -8.1160 9.2381 7.1242
v  -8.1266 7.9626 7.0987
v  -8.1266 9.2381 7.0987
v  -8.1160 7.9626 7.0732
v  -8.1160 9.2381 7.0732
v  -8.0905 7.9626 7.0626
v  -8.0905 9.2381 7.0626
v  -8.0650 7.9626 7.0732
v  -8.0650 9.2381 7.0732
v  -8.3650 7.9626 7.1242
v  -8.3545 7.9626 7.0987
v  -8.3545 9.2381 7.0987
v  -8.3650 9.2381 7.1242
v  -8.3905 7.9626 7.1347
v  -8.3905 9.2381 7.1347
v  -8.4160 7.9626 7.1242
v  -8.4160 9.2381 7.1242
v  -8.4266 7.9626 7.0987
v  -8.4266 9.2381 7.0987
v  -8.4160 7.9626 7.0732
v  -8.4160 9.2381 7.0732
v  -8.3905 7.9626 7.0626
v  -8.3905 9.2381 7.0626
v  -8.3650 7.9626 7.0732
v  -8.3650 9.2381 7.0732
v  -7.1684 7.9626 7.1242
v  -7.1579 7.9626 7.0987
v  -7.1579 9.2381 7.0987
v  -7.1684 9.2381 7.1242
v  -7.1939 7.9626 7.1347
v  -7.1939 9.2381 7.1347
v  -7.2194 7.9626 7.1242
v  -7.2194 9.2381 7.1242
v  -7.2299 7.9626 7.0987
v  -7.2299 9.2381 7.0987
v  -7.2194 7.9626 7.0732
v  -7.2194 9.2381 7.0732
v  -7.1939 7.9626 7.0626
v  -7.1939 9.2381 7.0626
v  -7.1684 7.9626 7.0732
v  -7.1684 9.2381 7.0732
v  -8.7312 4.9626 7.1303
v  -8.7312 9.2381 7.1303
v  -8.7312 9.2381 7.0670
v  -8.7312 4.9626 7.0670
v  -8.6580 9.2381 7.0670
v  -8.6580 4.9626 7.0670
v  -6.8979 4.9626 7.1303
v  -6.8979 4.9626 7.0670
v  -6.8979 9.2381 7.0670
v  -6.8979 9.2381 7.1303
v  -6.9710 9.2381 7.1303
v  -6.9710 4.9626 7.1303
v  -8.6580 4.9626 7.1303
v  -8.6580 9.2381 7.1303
v  -6.9710 4.9626 7.0670
v  -6.9710 9.2381 7.0670
v  -10.2564 4.9621 7.1424
v  -10.2564 4.9621 7.0575
v  -8.6820 4.9621 7.0575
v  -8.6820 4.9621 7.1424
v  -10.2564 4.9738 7.1580
v  -8.6820 4.9738 7.1580
v  -8.6820 5.0927 7.1580
v  -10.2564 5.0927 7.1580
v  -10.2564 5.1044 7.1424
v  -8.6820 5.1044 7.1424
v  -8.6820 5.1044 7.0575
v  -10.2564 5.1044 7.0575
v  -10.2564 5.0927 7.0419
v  -8.6820 5.0927 7.0419
v  -8.6820 4.9738 7.0419
v  -10.2564 4.9738 7.0419
v  -3.9569 4.9621 7.1424
v  -3.9569 4.9738 7.1580
v  -6.9548 4.9738 7.1580
v  -6.9548 4.9621 7.1424
v  -3.9569 5.0927 7.1580
v  -3.9569 5.1044 7.1424
v  -6.9548 5.1044 7.1424
v  -6.9548 5.0927 7.1580
v  -3.9569 5.1044 7.0575
v  -3.9569 5.0927 7.0419
v  -6.9548 5.0927 7.0419
v  -6.9548 5.1044 7.0575
v  -3.9569 4.9738 7.0419
v  -3.9569 4.9621 7.0575
v  -6.9548 4.9621 7.0575
v  -6.9548 4.9738 7.0419
v  -6.9673 4.9855 7.1367
v  -6.9673 4.9855 7.0632
v  -6.9673 5.0810 7.1367
v  -6.9673 5.0810 7.0632
v  -8.6609 4.9855 7.0632
v  -8.6609 4.9855 7.1367
v  -8.6609 5.0810 7.1367
v  -8.6609 5.0810 7.0632
v  -10.2564 9.0293 7.1424
v  -10.2564 9.0293 7.0575
v  -3.9569 9.0293 7.0575
v  -3.9569 9.0293 7.1424
v  -10.2564 9.0410 7.1580
v  -3.9569 9.0410 7.1580
v  -3.9569 9.1600 7.1580
v  -10.2564 9.1600 7.1580
v  -10.2564 9.1716 7.1424
v  -3.9569 9.1716 7.1424
v  -3.9569 9.1716 7.0575
v  -10.2564 9.1716 7.0575
v  -10.2564 9.1600 7.0419
v  -3.9569 9.1600 7.0419
v  -3.9569 9.0410 7.0419
v  -10.2564 9.0410 7.0419
v  -10.2564 6.1866 7.1424
v  -10.2564 6.1866 7.0575
v  -8.6728 6.1866 7.0575
v  -8.6728 6.1866 7.1424
v  -10.2564 6.1983 7.1580
v  -8.6728 6.1983 7.1580
v  -8.6728 6.2512 7.1580
v  -10.2564 6.2512 7.1580
v  -10.2564 6.2629 7.1424
v  -8.6728 6.2629 7.1424
v  -8.6728 6.2629 7.0575
v  -10.2564 6.2629 7.0575
v  -10.2564 6.2512 7.0419
v  -8.6728 6.2512 7.0419
v  -8.6728 6.1983 7.0419
v  -10.2564 6.1983 7.0419
v  -3.9569 6.1866 7.1424
v  -3.9569 6.1983 7.1580
v  -6.9560 6.1983 7.1580
v  -6.9560 6.1866 7.1424
v  -3.9569 6.2512 7.1580
v  -3.9569 6.2629 7.1424
v  -6.9560 6.2629 7.1424
v  -6.9560 6.2512 7.1580
v  -3.9569 6.2629 7.0575
v  -3.9569 6.2512 7.0419
v  -6.9560 6.2512 7.0419
v  -6.9560 6.2629 7.0575
v  -3.9569 6.1983 7.0419
v  -3.9569 6.1866 7.0575
v  -6.9560 6.1866 7.0575
v  -6.9560 6.1983 7.0419
v  -10.2564 6.4619 7.1424
v  -10.2564 6.4619 7.0575
v  -8.6741 6.4619 7.0575
v  -8.6741 6.4619 7.1424
v  -10.2564 6.4736 7.1580
v  -8.6741 6.4736 7.1580
v  -8.6741 6.5265 7.1580
v  -10.2564 6.5265 7.1580
v  -10.2564 6.5382 7.1424
v  -8.6741 6.5382 7.1424
v  -8.6741 6.5382 7.0575
v  -10.2564 6.5382 7.0575
v  -10.2564 6.5265 7.0419
v  -8.6741 6.5265 7.0419
v  -8.6741 6.4736 7.0419
v  -10.2564 6.4736 7.0419
v  -3.9569 6.4619 7.1424
v  -3.9569 6.4736 7.1580
v  -6.9535 6.4736 7.1580
v  -6.9535 6.4619 7.1424
v  -3.9569 6.5265 7.1580
v  -3.9569 6.5382 7.1424
v  -6.9535 6.5382 7.1424
v  -6.9535 6.5265 7.1580
v  -3.9569 6.5382 7.0575
v  -3.9569 6.5265 7.0419
v  -6.9535 6.5265 7.0419
v  -6.9535 6.5382 7.0575
v  -3.9569 6.4736 7.0419
v  -3.9569 6.4619 7.0575
v  -6.9535 6.4619 7.0575
v  -6.9535 6.4736 7.0419
v  -6.9656 6.4776 7.1349
v  -6.9656 6.4776 7.0650
v  -6.9656 6.5226 7.1349
v  -6.9656 6.5226 7.0650
v  -6.9680 6.2022 7.1349
v  -6.9680 6.2473 7.1349
v  -6.9680 6.2473 7.0650
v  -6.9680 6.2022 7.0650
v  -8.6644 6.4776 7.0650
v  -8.6644 6.4776 7.1349
v  -8.6644 6.5226 7.1349
v  -8.6644 6.5226 7.0650
v  -8.6631 6.2022 7.0650
v  -8.6631 6.2022 7.1349
v  -8.6631 6.2473 7.1349
v  -8.6631 6.2473 7.0650
v  -17.3024 4.9324 16.2346
v  -17.3024 4.9935 16.2346
v  -17.5159 4.9935 16.2346
v  -17.5159 4.9324 16.2346
v  -17.3024 4.9324 7.0083
v  -17.5159 4.9324 7.0083
v  -17.5159 4.9935 7.0083
v  -17.3024 4.9935 7.0083
v  -17.5159 4.9324 16.1067
v  -17.3024 4.9324 16.1067
v  -11.0911 4.9324 16.2345
v  -10.8776 4.9324 16.2345
v  -10.8776 4.9935 16.2345
v  -11.0911 4.9935 16.2345
v  -11.0911 4.9324 7.0082
v  -11.0911 4.9935 7.0082
v  -10.8776 4.9935 7.0082
v  -10.8776 4.9324 7.0082
v  -11.0911 4.9324 16.1066
v  -10.8776 4.9324 16.1066
v  -10.8135 9.5594 16.3514
v  -10.4817 9.5594 16.3515
v  -10.4817 9.5594 16.1067
v  -10.8134 9.5594 16.1066
v  -17.5159 9.1543 7.0083
v  -17.3024 9.1543 7.0083
v  -10.8776 9.1543 16.2345
v  -11.0911 9.1543 16.2345
v  -10.4817 4.9935 6.8915
v  -10.8134 4.9935 6.8914
v  -10.8134 9.0119 6.8914
v  -10.4817 9.0119 6.8915
v  -17.3024 4.9935 7.1537
v  -11.0911 4.9935 7.1536
v  -17.5159 4.9324 7.1537
v  -17.3024 4.9324 7.1537
v  -10.4817 4.8155 16.1067
v  -10.8134 4.8155 16.1066
v  -10.8134 4.8155 7.1536
v  -10.4817 4.8155 7.1537
v  -11.0911 9.4426 16.1066
v  -10.8776 9.4426 16.1066
v  -10.8776 9.4426 7.1536
v  -11.0911 9.4426 7.1536
v  -11.0911 4.9935 16.1066
v  -11.0911 9.1543 16.1066
v  -11.0911 9.1543 7.1536
v  -11.0911 4.9324 7.1536
v  -11.0911 9.4426 16.2345
v  -17.3024 9.4426 16.2346
v  -17.3024 9.1543 16.2346
v  -17.3024 4.9935 16.1067
v  -17.3024 9.1543 16.1067
v  -10.8134 4.8155 6.8914
v  -10.4817 4.8155 6.8915
v  -10.8776 9.4426 7.0082
v  -11.0911 9.4426 7.0082
v  -11.0911 9.1543 7.0082
v  -17.5159 9.4426 7.0083
v  -17.3024 9.4426 7.0083
v  -10.8776 9.4426 16.2345
v  -10.4817 9.3319 4.9294
v  -10.8134 9.3319 4.9293
v  -10.8134 9.5594 4.9293
v  -10.4817 9.5594 4.9294
v  -17.3024 9.1543 7.1537
v  -17.3024 9.4426 16.1067
v  -17.3024 9.4426 7.1537
v  -17.3548 7.9221 7.1424
v  -17.3548 7.9221 7.0575
v  -11.0553 7.9221 7.0575
v  -11.0553 7.9221 7.1424
v  -17.3548 7.9338 7.1580
v  -11.0553 7.9338 7.1580
v  -11.0553 8.0527 7.1580
v  -17.3548 8.0527 7.1580
v  -17.3548 8.0644 7.1424
v  -11.0553 8.0644 7.1424
v  -11.0553 8.0644 7.0575
v  -17.3548 8.0644 7.0575
v  -17.3548 8.0527 7.0419
v  -11.0553 8.0527 7.0419
v  -11.0553 7.9338 7.0419
v  -17.3548 7.9338 7.0419
v  -17.1376 4.9626 7.0987
v  -17.1376 9.2381 7.0987
v  -17.1482 9.2381 7.1242
v  -17.1482 4.9626 7.1242
v  -17.1737 9.2381 7.1347
v  -17.1737 4.9626 7.1347
v  -17.1991 9.2381 7.1242
v  -17.1991 4.9626 7.1242
v  -17.2097 9.2381 7.0987
v  -17.2097 4.9626 7.0987
v  -17.1991 9.2381 7.0732
v  -17.1991 4.9626 7.0732
v  -17.1737 9.2381 7.0626
v  -17.1737 4.9626 7.0626
v  -17.1482 9.2381 7.0732
v  -17.1482 4.9626 7.0732
v  -11.1376 4.9626 7.0987
v  -11.1376 9.2381 7.0987
v  -11.1482 9.2381 7.1242
v  -11.1482 4.9626 7.1242
v  -11.1737 9.2381 7.1347
v  -11.1737 4.9626 7.1347
v  -11.1991 9.2381 7.1242
v  -11.1991 4.9626 7.1242
v  -11.2097 9.2381 7.0987
v  -11.2097 4.9626 7.0987
v  -11.1991 9.2381 7.0732
v  -11.1991 4.9626 7.0732
v  -11.1737 9.2381 7.0626
v  -11.1737 4.9626 7.0626
v  -11.1482 9.2381 7.0732
v  -11.1482 4.9626 7.0732
v  -11.4376 4.9626 7.0987
v  -11.4376 9.2381 7.0987
v  -11.4482 9.2381 7.1242
v  -11.4482 4.9626 7.1242
v  -11.4737 9.2381 7.1347
v  -11.4737 4.9626 7.1347
v  -11.4991 9.2381 7.1242
v  -11.4991 4.9626 7.1242
v  -11.5097 9.2381 7.0987
v  -11.5097 4.9626 7.0987
v  -11.4991 9.2381 7.0732
v  -11.4991 4.9626 7.0732
v  -11.4737 9.2381 7.0626
v  -11.4737 4.9626 7.0626
v  -11.4482 9.2381 7.0732
v  -11.4482 4.9626 7.0732
v  -11.7376 4.9626 7.0987
v  -11.7376 9.2381 7.0987
v  -11.7482 9.2381 7.1242
v  -11.7482 4.9626 7.1242
v  -11.7737 9.2381 7.1347
v  -11.7737 4.9626 7.1347
v  -11.7991 9.2381 7.1242
v  -11.7991 4.9626 7.1242
v  -11.8097 9.2381 7.0987
v  -11.8097 4.9626 7.0987
v  -11.7991 9.2381 7.0732
v  -11.7991 4.9626 7.0732
v  -11.7737 9.2381 7.0626
v  -11.7737 4.9626 7.0626
v  -11.7482 9.2381 7.0732
v  -11.7482 4.9626 7.0732
v  -12.0376 4.9626 7.0987
v  -12.0376 9.2381 7.0987
v  -12.0482 9.2381 7.1242
v  -12.0482 4.9626 7.1242
v  -12.0737 9.2381 7.1347
v  -12.0737 4.9626 7.1347
v  -12.0991 9.2381 7.1242
v  -12.0991 4.9626 7.1242
v  -12.1097 9.2381 7.0987
v  -12.1097 4.9626 7.0987
v  -12.0991 9.2381 7.0732
v  -12.0991 4.9626 7.0732
v  -12.0737 9.2381 7.0626
v  -12.0737 4.9626 7.0626
v  -12.0482 9.2381 7.0732
v  -12.0482 4.9626 7.0732
v  -12.3376 4.9626 7.0987
v  -12.3376 9.2381 7.0987
v  -12.3482 9.2381 7.1242
v  -12.3482 4.9626 7.1242
v  -12.3737 9.2381 7.1347
v  -12.3737 4.9626 7.1347
v  -12.3991 9.2381 7.1242
v  -12.3991 4.9626 7.1242
v  -12.4097 9.2381 7.0987
v  -12.4097 4.9626 7.0987
v  -12.3991 9.2381 7.0732
v  -12.3991 4.9626 7.0732
v  -12.3737 9.2381 7.0626
v  -12.3737 4.9626 7.0626
v  -12.3482 9.2381 7.0732
v  -12.3482 4.9626 7.0732
v  -12.6376 4.9626 7.0987
v  -12.6376 9.2381 7.0987
v  -12.6482 9.2381 7.1242
v  -12.6482 4.9626 7.1242
v  -12.6737 9.2381 7.1347
v  -12.6737 4.9626 7.1347
v  -12.6991 9.2381 7.1242
v  -12.6991 4.9626 7.1242
v  -12.7097 9.2381 7.0987
v  -12.7097 4.9626 7.0987
v  -12.6991 9.2381 7.0732
v  -12.6991 4.9626 7.0732
v  -12.6737 9.2381 7.0626
v  -12.6737 4.9626 7.0626
v  -12.6482 9.2381 7.0732
v  -12.6482 4.9626 7.0732
v  -12.9376 4.9626 7.0987
v  -12.9376 9.2381 7.0987
v  -12.9482 9.2381 7.1242
v  -12.9482 4.9626 7.1242
v  -12.9737 9.2381 7.1347
v  -12.9737 4.9626 7.1347
v  -12.9991 9.2381 7.1242
v  -12.9991 4.9626 7.1242
v  -13.0097 9.2381 7.0987
v  -13.0097 4.9626 7.0987
v  -12.9991 9.2381 7.0732
v  -12.9991 4.9626 7.0732
v  -12.9737 9.2381 7.0626
v  -12.9737 4.9626 7.0626
v  -12.9482 9.2381 7.0732
v  -12.9482 4.9626 7.0732
v  -13.2376 4.9626 7.0987
v  -13.2376 9.2381 7.0987
v  -13.2482 9.2381 7.1242
v  -13.2482 4.9626 7.1242
v  -13.2737 9.2381 7.1347
v  -13.2737 4.9626 7.1347
v  -13.2991 9.2381 7.1242
v  -13.2991 4.9626 7.1242
v  -13.3097 9.2381 7.0987
v  -13.3097 4.9626 7.0987
v  -13.2991 9.2381 7.0732
v  -13.2991 4.9626 7.0732
v  -13.2737 9.2381 7.0626
v  -13.2737 4.9626 7.0626
v  -13.2482 9.2381 7.0732
v  -13.2482 4.9626 7.0732
v  -13.5376 4.9626 7.0987
v  -13.5376 9.2381 7.0987
v  -13.5482 9.2381 7.1242
v  -13.5482 4.9626 7.1242
v  -13.5737 9.2381 7.1347
v  -13.5737 4.9626 7.1347
v  -13.5991 9.2381 7.1242
v  -13.5991 4.9626 7.1242
v  -13.6097 9.2381 7.0987
v  -13.6097 4.9626 7.0987
v  -13.5991 9.2381 7.0732
v  -13.5991 4.9626 7.0732
v  -13.5737 9.2381 7.0626
v  -13.5737 4.9626 7.0626
v  -13.5482 9.2381 7.0732
v  -13.5482 4.9626 7.0732
v  -13.8376 4.9626 7.0987
v  -13.8376 9.2381 7.0987
v  -13.8482 9.2381 7.1242
v  -13.8482 4.9626 7.1242
v  -13.8737 9.2381 7.1347
v  -13.8737 4.9626 7.1347
v  -13.8991 9.2381 7.1242
v  -13.8991 4.9626 7.1242
v  -13.9097 9.2381 7.0987
v  -13.9097 4.9626 7.0987
v  -13.8991 9.2381 7.0732
v  -13.8991 4.9626 7.0732
v  -13.8737 9.2381 7.0626
v  -13.8737 4.9626 7.0626
v  -13.8482 9.2381 7.0732
v  -13.8482 4.9626 7.0732
v  -15.9376 4.9626 7.0987
v  -15.9376 9.2381 7.0987
v  -15.9482 9.2381 7.1242
v  -15.9482 4.9626 7.1242
v  -15.9737 9.2381 7.1347
v  -15.9737 4.9626 7.1347
v  -15.9991 9.2381 7.1242
v  -15.9991 4.9626 7.1242
v  -16.0097 9.2381 7.0987
v  -16.0097 4.9626 7.0987
v  -15.9991 9.2381 7.0732
v  -15.9991 4.9626 7.0732
v  -15.9737 9.2381 7.0626
v  -15.9737 4.9626 7.0626
v  -15.9482 9.2381 7.0732
v  -15.9482 4.9626 7.0732
v  -16.2376 4.9626 7.0987
v  -16.2376 9.2381 7.0987
v  -16.2482 9.2381 7.1242
v  -16.2482 4.9626 7.1242
v  -16.2737 9.2381 7.1347
v  -16.2737 4.9626 7.1347
v  -16.2991 9.2381 7.1242
v  -16.2991 4.9626 7.1242
v  -16.3097 9.2381 7.0987
v  -16.3097 4.9626 7.0987
v  -16.2991 9.2381 7.0732
v  -16.2991 4.9626 7.0732
v  -16.2737 9.2381 7.0626
v  -16.2737 4.9626 7.0626
v  -16.2482 9.2381 7.0732
v  -16.2482 4.9626 7.0732
v  -16.5376 4.9626 7.0987
v  -16.5376 9.2381 7.0987
v  -16.5482 9.2381 7.1242
v  -16.5482 4.9626 7.1242
v  -16.5737 9.2381 7.1347
v  -16.5737 4.9626 7.1347
v  -16.5991 9.2381 7.1242
v  -16.5991 4.9626 7.1242
v  -16.6097 9.2381 7.0987
v  -16.6097 4.9626 7.0987
v  -16.5991 9.2381 7.0732
v  -16.5991 4.9626 7.0732
v  -16.5737 9.2381 7.0626
v  -16.5737 4.9626 7.0626
v  -16.5482 9.2381 7.0732
v  -16.5482 4.9626 7.0732
v  -16.8376 4.9626 7.0987
v  -16.8376 9.2381 7.0987
v  -16.8482 9.2381 7.1242
v  -16.8482 4.9626 7.1242
v  -16.8737 9.2381 7.1347
v  -16.8737 4.9626 7.1347
v  -16.8991 9.2381 7.1242
v  -16.8991 4.9626 7.1242
v  -16.9097 9.2381 7.0987
v  -16.9097 4.9626 7.0987
v  -16.8991 9.2381 7.0732
v  -16.8991 4.9626 7.0732
v  -16.8737 9.2381 7.0626
v  -16.8737 4.9626 7.0626
v  -16.8482 9.2381 7.0732
v  -16.8482 4.9626 7.0732
v  -14.5634 7.9626 7.1242
v  -14.5529 7.9626 7.0987
v  -14.5529 9.2381 7.0987
v  -14.5634 9.2381 7.1242
v  -14.5889 7.9626 7.1347
v  -14.5889 9.2381 7.1347
v  -14.6144 7.9626 7.1242
v  -14.6144 9.2381 7.1242
v  -14.6249 7.9626 7.0987
v  -14.6249 9.2381 7.0987
v  -14.6144 7.9626 7.0732
v  -14.6144 9.2381 7.0732
v  -14.5889 7.9626 7.0626
v  -14.5889 9.2381 7.0626
v  -14.5634 7.9626 7.0732
v  -14.5634 9.2381 7.0732
v  -14.8634 7.9626 7.1242
v  -14.8529 7.9626 7.0987
v  -14.8529 9.2381 7.0987
v  -14.8634 9.2381 7.1242
v  -14.8889 7.9626 7.1347
v  -14.8889 9.2381 7.1347
v  -14.9144 7.9626 7.1242
v  -14.9144 9.2381 7.1242
v  -14.9249 7.9626 7.0987
v  -14.9249 9.2381 7.0987
v  -14.9144 7.9626 7.0732
v  -14.9144 9.2381 7.0732
v  -14.8889 7.9626 7.0626
v  -14.8889 9.2381 7.0626
v  -14.8634 7.9626 7.0732
v  -14.8634 9.2381 7.0732
v  -15.1634 7.9626 7.1242
v  -15.1529 7.9626 7.0987
v  -15.1529 9.2381 7.0987
v  -15.1634 9.2381 7.1242
v  -15.1889 7.9626 7.1347
v  -15.1889 9.2381 7.1347
v  -15.2144 7.9626 7.1242
v  -15.2144 9.2381 7.1242
v  -15.2249 7.9626 7.0987
v  -15.2249 9.2381 7.0987
v  -15.2144 7.9626 7.0732
v  -15.2144 9.2381 7.0732
v  -15.1889 7.9626 7.0626
v  -15.1889 9.2381 7.0626
v  -15.1634 7.9626 7.0732
v  -15.1634 9.2381 7.0732
v  -15.4634 7.9626 7.1242
v  -15.4529 7.9626 7.0987
v  -15.4529 9.2381 7.0987
v  -15.4634 9.2381 7.1242
v  -15.4889 7.9626 7.1347
v  -15.4889 9.2381 7.1347
v  -15.5144 7.9626 7.1242
v  -15.5144 9.2381 7.1242
v  -15.5249 7.9626 7.0987
v  -15.5249 9.2381 7.0987
v  -15.5144 7.9626 7.0732
v  -15.5144 9.2381 7.0732
v  -15.4889 7.9626 7.0626
v  -15.4889 9.2381 7.0626
v  -15.4634 7.9626 7.0732
v  -15.4634 9.2381 7.0732
v  -14.2668 7.9626 7.1242
v  -14.2563 7.9626 7.0987
v  -14.2563 9.2381 7.0987
v  -14.2668 9.2381 7.1242
v  -14.2923 7.9626 7.1347
v  -14.2923 9.2381 7.1347
v  -14.3178 7.9626 7.1242
v  -14.3178 9.2381 7.1242
v  -14.3283 7.9626 7.0987
v  -14.3283 9.2381 7.0987
v  -14.3178 7.9626 7.0732
v  -14.3178 9.2381 7.0732
v  -14.2923 7.9626 7.0626
v  -14.2923 9.2381 7.0626
v  -14.2668 7.9626 7.0732
v  -14.2668 9.2381 7.0732
v  -15.8296 4.9626 7.1303
v  -15.8296 9.2381 7.1303
v  -15.8296 9.2381 7.0670
v  -15.8296 4.9626 7.0670
v  -15.7564 9.2381 7.0670
v  -15.7564 4.9626 7.0670
v  -13.9963 4.9626 7.1303
v  -13.9963 4.9626 7.0670
v  -13.9963 9.2381 7.0670
v  -13.9963 9.2381 7.1303
v  -14.0694 9.2381 7.1303
v  -14.0694 4.9626 7.1303
v  -15.7564 4.9626 7.1303
v  -15.7564 9.2381 7.1303
v  -14.0694 4.9626 7.0670
v  -14.0694 9.2381 7.0670
v  -17.3548 4.9621 7.1424
v  -17.3548 4.9621 7.0575
v  -15.7804 4.9621 7.0575
v  -15.7804 4.9621 7.1424
v  -17.3548 4.9738 7.1580
v  -15.7804 4.9738 7.1580
v  -15.7804 5.0927 7.1580
v  -17.3548 5.0927 7.1580
v  -17.3548 5.1044 7.1424
v  -15.7804 5.1044 7.1424
v  -15.7804 5.1044 7.0575
v  -17.3548 5.1044 7.0575
v  -17.3548 5.0927 7.0419
v  -15.7804 5.0927 7.0419
v  -15.7804 4.9738 7.0419
v  -17.3548 4.9738 7.0419
v  -11.0553 4.9621 7.1424
v  -11.0553 4.9738 7.1580
v  -14.0532 4.9738 7.1580
v  -14.0532 4.9621 7.1424
v  -11.0553 5.0927 7.1580
v  -11.0553 5.1044 7.1424
v  -14.0532 5.1044 7.1424
v  -14.0532 5.0927 7.1580
v  -11.0553 5.1044 7.0575
v  -11.0553 5.0927 7.0419
v  -14.0532 5.0927 7.0419
v  -14.0532 5.1044 7.0575
v  -11.0553 4.9738 7.0419
v  -11.0553 4.9621 7.0575
v  -14.0532 4.9621 7.0575
v  -14.0532 4.9738 7.0419
v  -14.0656 4.9855 7.1367
v  -14.0656 4.9855 7.0632
v  -14.0656 5.0810 7.1367
v  -14.0656 5.0810 7.0632
v  -15.7593 4.9855 7.0632
v  -15.7593 4.9855 7.1367
v  -15.7593 5.0810 7.1367
v  -15.7593 5.0810 7.0632
v  -17.3548 9.0293 7.1424
v  -17.3548 9.0293 7.0575
v  -11.0553 9.0293 7.0575
v  -11.0553 9.0293 7.1424
v  -17.3548 9.0410 7.1580
v  -11.0553 9.0410 7.1580
v  -11.0553 9.1600 7.1580
v  -17.3548 9.1600 7.1580
v  -17.3548 9.1716 7.1424
v  -11.0553 9.1716 7.1424
v  -11.0553 9.1716 7.0575
v  -17.3548 9.1716 7.0575
v  -17.3548 9.1600 7.0419
v  -11.0553 9.1600 7.0419
v  -11.0553 9.0410 7.0419
v  -17.3548 9.0410 7.0419
v  -17.3548 6.1866 7.1424
v  -17.3548 6.1866 7.0575
v  -15.7712 6.1866 7.0575
v  -15.7712 6.1866 7.1424
v  -17.3548 6.1983 7.1580
v  -15.7712 6.1983 7.1580
v  -15.7712 6.2512 7.1580
v  -17.3548 6.2512 7.1580
v  -17.3548 6.2629 7.1424
v  -15.7712 6.2629 7.1424
v  -15.7712 6.2629 7.0575
v  -17.3548 6.2629 7.0575
v  -17.3548 6.2512 7.0419
v  -15.7712 6.2512 7.0419
v  -15.7712 6.1983 7.0419
v  -17.3548 6.1983 7.0419
v  -11.0553 6.1866 7.1424
v  -11.0553 6.1983 7.1580
v  -14.0544 6.1983 7.1580
v  -14.0544 6.1866 7.1424
v  -11.0553 6.2512 7.1580
v  -11.0553 6.2629 7.1424
v  -14.0544 6.2629 7.1424
v  -14.0544 6.2512 7.1580
v  -11.0553 6.2629 7.0575
v  -11.0553 6.2512 7.0419
v  -14.0544 6.2512 7.0419
v  -14.0544 6.2629 7.0575
v  -11.0553 6.1983 7.0419
v  -11.0553 6.1866 7.0575
v  -14.0544 6.1866 7.0575
v  -14.0544 6.1983 7.0419
v  -17.3548 6.4619 7.1424
v  -17.3548 6.4619 7.0575
v  -15.7725 6.4619 7.0575
v  -15.7725 6.4619 7.1424
v  -17.3548 6.4736 7.1580
v  -15.7725 6.4736 7.1580
v  -15.7725 6.5265 7.1580
v  -17.3548 6.5265 7.1580
v  -17.3548 6.5382 7.1424
v  -15.7725 6.5382 7.1424
v  -15.7725 6.5382 7.0575
v  -17.3548 6.5382 7.0575
v  -17.3548 6.5265 7.0419
v  -15.7725 6.5265 7.0419
v  -15.7725 6.4736 7.0419
v  -17.3548 6.4736 7.0419
v  -11.0553 6.4619 7.1424
v  -11.0553 6.4736 7.1580
v  -14.0519 6.4736 7.1580
v  -14.0519 6.4619 7.1424
v  -11.0553 6.5265 7.1580
v  -11.0553 6.5382 7.1424
v  -14.0519 6.5382 7.1424
v  -14.0519 6.5265 7.1580
v  -11.0553 6.5382 7.0575
v  -11.0553 6.5265 7.0419
v  -14.0519 6.5265 7.0419
v  -14.0519 6.5382 7.0575
v  -11.0553 6.4736 7.0419
v  -11.0553 6.4619 7.0575
v  -14.0519 6.4619 7.0575
v  -14.0519 6.4736 7.0419
v  -14.0639 6.4776 7.1349
v  -14.0639 6.4776 7.0650
v  -14.0639 6.5226 7.1349
v  -14.0639 6.5226 7.0650
v  -14.0664 6.2022 7.1349
v  -14.0664 6.2473 7.1349
v  -14.0664 6.2473 7.0650
v  -14.0664 6.2022 7.0650
v  -15.7628 6.4776 7.0650
v  -15.7628 6.4776 7.1349
v  -15.7628 6.5226 7.1349
v  -15.7628 6.5226 7.0650
v  -15.7615 6.2022 7.0650
v  -15.7615 6.2022 7.1349
v  -15.7615 6.2473 7.1349
v  -15.7615 6.2473 7.0650
v  -24.4008 4.9324 16.2346
v  -24.4008 4.9935 16.2346
v  -24.8278 4.9935 16.2346
v  -24.8278 4.9324 16.2346
v  -24.4008 4.9324 7.0083
v  -24.8278 4.9324 7.0083
v  -24.8278 4.9935 7.0083
v  -24.4008 4.9935 7.0083
v  -24.8278 4.9324 16.1067
v  -24.4008 4.9324 16.1067
v  -24.8278 4.9935 16.1067
v  -24.8278 9.4426 16.2346
v  -24.4008 9.4426 16.2346
v  -24.4008 9.4426 16.1067
v  -24.8278 9.4426 16.1067
v  -18.1895 4.9324 16.2345
v  -17.9760 4.9324 16.2345
v  -17.9760 4.9935 16.2345
v  -18.1895 4.9935 16.2345
v  -18.1895 4.9324 7.0082
v  -18.1895 4.9935 7.0082
v  -17.9760 4.9935 7.0082
v  -17.9760 4.9324 7.0082
v  -18.1895 4.9324 16.1066
v  -17.9760 4.9324 16.1066
v  -17.9118 9.5594 16.3514
v  -17.5801 9.5594 16.3515
v  -17.5801 9.5594 16.1067
v  -17.9118 9.5594 16.1066
v  -24.4008 9.1543 16.2346
v  -24.8278 9.1543 16.2346
v  -24.8278 9.1543 7.0083
v  -24.4008 9.1543 7.0083
v  -24.8278 4.9935 7.1537
v  -24.8278 9.1543 7.1537
v  -17.9760 9.1543 16.2345
v  -18.1895 9.1543 16.2345
v  -17.5801 4.9935 6.8915
v  -17.9118 4.9935 6.8914
v  -17.9118 9.0119 6.8914
v  -17.5801 9.0119 6.8915
v  -24.4008 4.9935 7.1537
v  -18.1895 4.9935 7.1536
v  -24.8278 4.9324 7.1537
v  -24.4008 4.9324 7.1537
v  -24.4008 9.4426 7.1537
v  -24.8278 9.4426 7.1537
v  -17.5801 4.8155 16.1067
v  -17.9118 4.8155 16.1066
v  -17.9118 4.8155 7.1536
v  -17.5801 4.8155 7.1537
v  -18.1895 9.4426 16.1066
v  -17.9760 9.4426 16.1066
v  -17.9760 9.4426 7.1536
v  -18.1895 9.4426 7.1536
v  -18.1895 4.9935 16.1066
v  -18.1895 9.1543 16.1066
v  -18.1895 9.1543 7.1536
v  -24.8278 9.1543 16.1067
v  -18.1895 4.9324 7.1536
v  -18.1895 9.4426 16.2345
v  -24.4008 4.9935 16.1067
v  -24.4008 9.1543 16.1067
v  -24.4008 9.4426 7.0083
v  -24.8278 9.4426 7.0083
v  -17.9118 4.8155 6.8914
v  -17.5801 4.8155 6.8915
v  -17.9760 9.4426 7.0082
v  -18.1895 9.4426 7.0082
v  -18.1895 9.1543 7.0082
v  -17.9760 9.4426 16.2345
v  -17.5801 9.3319 4.9294
v  -17.9118 9.3319 4.9293
v  -17.9118 9.5594 4.9293
v  -17.5801 9.5594 4.9294
v  -24.4008 9.1543 7.1537
v  -24.4532 7.9221 7.1424
v  -24.4532 7.9221 7.0575
v  -18.1537 7.9221 7.0575
v  -18.1537 7.9221 7.1424
v  -24.4532 7.9338 7.1580
v  -18.1537 7.9338 7.1580
v  -18.1537 8.0527 7.1580
v  -24.4532 8.0527 7.1580
v  -24.4532 8.0644 7.1424
v  -18.1537 8.0644 7.1424
v  -18.1537 8.0644 7.0575
v  -24.4532 8.0644 7.0575
v  -24.4532 8.0527 7.0419
v  -18.1537 8.0527 7.0419
v  -18.1537 7.9338 7.0419
v  -24.4532 7.9338 7.0419
v  -24.2360 4.9626 7.0987
v  -24.2360 9.2381 7.0987
v  -24.2466 9.2381 7.1242
v  -24.2466 4.9626 7.1242
v  -24.2720 9.2381 7.1347
v  -24.2720 4.9626 7.1347
v  -24.2975 9.2381 7.1242
v  -24.2975 4.9626 7.1242
v  -24.3081 9.2381 7.0987
v  -24.3081 4.9626 7.0987
v  -24.2975 9.2381 7.0732
v  -24.2975 4.9626 7.0732
v  -24.2720 9.2381 7.0626
v  -24.2720 4.9626 7.0626
v  -24.2466 9.2381 7.0732
v  -24.2466 4.9626 7.0732
v  -18.2360 4.9626 7.0987
v  -18.2360 9.2381 7.0987
v  -18.2466 9.2381 7.1242
v  -18.2466 4.9626 7.1242
v  -18.2720 9.2381 7.1347
v  -18.2720 4.9626 7.1347
v  -18.2975 9.2381 7.1242
v  -18.2975 4.9626 7.1242
v  -18.3081 9.2381 7.0987
v  -18.3081 4.9626 7.0987
v  -18.2975 9.2381 7.0732
v  -18.2975 4.9626 7.0732
v  -18.2720 9.2381 7.0626
v  -18.2720 4.9626 7.0626
v  -18.2466 9.2381 7.0732
v  -18.2466 4.9626 7.0732
v  -18.5360 4.9626 7.0987
v  -18.5360 9.2381 7.0987
v  -18.5466 9.2381 7.1242
v  -18.5466 4.9626 7.1242
v  -18.5720 9.2381 7.1347
v  -18.5720 4.9626 7.1347
v  -18.5975 9.2381 7.1242
v  -18.5975 4.9626 7.1242
v  -18.6081 9.2381 7.0987
v  -18.6081 4.9626 7.0987
v  -18.5975 9.2381 7.0732
v  -18.5975 4.9626 7.0732
v  -18.5720 9.2381 7.0626
v  -18.5720 4.9626 7.0626
v  -18.5466 9.2381 7.0732
v  -18.5466 4.9626 7.0732
v  -18.8360 4.9626 7.0987
v  -18.8360 9.2381 7.0987
v  -18.8466 9.2381 7.1242
v  -18.8466 4.9626 7.1242
v  -18.8720 9.2381 7.1347
v  -18.8720 4.9626 7.1347
v  -18.8975 9.2381 7.1242
v  -18.8975 4.9626 7.1242
v  -18.9081 9.2381 7.0987
v  -18.9081 4.9626 7.0987
v  -18.8975 9.2381 7.0732
v  -18.8975 4.9626 7.0732
v  -18.8720 9.2381 7.0626
v  -18.8720 4.9626 7.0626
v  -18.8466 9.2381 7.0732
v  -18.8466 4.9626 7.0732
v  -19.1360 4.9626 7.0987
v  -19.1360 9.2381 7.0987
v  -19.1466 9.2381 7.1242
v  -19.1466 4.9626 7.1242
v  -19.1720 9.2381 7.1347
v  -19.1720 4.9626 7.1347
v  -19.1975 9.2381 7.1242
v  -19.1975 4.9626 7.1242
v  -19.2081 9.2381 7.0987
v  -19.2081 4.9626 7.0987
v  -19.1975 9.2381 7.0732
v  -19.1975 4.9626 7.0732
v  -19.1720 9.2381 7.0626
v  -19.1720 4.9626 7.0626
v  -19.1466 9.2381 7.0732
v  -19.1466 4.9626 7.0732
v  -19.4360 4.9626 7.0987
v  -19.4360 9.2381 7.0987
v  -19.4466 9.2381 7.1242
v  -19.4466 4.9626 7.1242
v  -19.4720 9.2381 7.1347
v  -19.4720 4.9626 7.1347
v  -19.4975 9.2381 7.1242
v  -19.4975 4.9626 7.1242
v  -19.5081 9.2381 7.0987
v  -19.5081 4.9626 7.0987
v  -19.4975 9.2381 7.0732
v  -19.4975 4.9626 7.0732
v  -19.4720 9.2381 7.0626
v  -19.4720 4.9626 7.0626
v  -19.4466 9.2381 7.0732
v  -19.4466 4.9626 7.0732
v  -19.7360 4.9626 7.0987
v  -19.7360 9.2381 7.0987
v  -19.7466 9.2381 7.1242
v  -19.7466 4.9626 7.1242
v  -19.7720 9.2381 7.1347
v  -19.7720 4.9626 7.1347
v  -19.7975 9.2381 7.1242
v  -19.7975 4.9626 7.1242
v  -19.8081 9.2381 7.0987
v  -19.8081 4.9626 7.0987
v  -19.7975 9.2381 7.0732
v  -19.7975 4.9626 7.0732
v  -19.7720 9.2381 7.0626
v  -19.7720 4.9626 7.0626
v  -19.7466 9.2381 7.0732
v  -19.7466 4.9626 7.0732
v  -20.0360 4.9626 7.0987
v  -20.0360 9.2381 7.0987
v  -20.0466 9.2381 7.1242
v  -20.0466 4.9626 7.1242
v  -20.0720 9.2381 7.1347
v  -20.0720 4.9626 7.1347
v  -20.0975 9.2381 7.1242
v  -20.0975 4.9626 7.1242
v  -20.1081 9.2381 7.0987
v  -20.1081 4.9626 7.0987
v  -20.0975 9.2381 7.0732
v  -20.0975 4.9626 7.0732
v  -20.0720 9.2381 7.0626
v  -20.0720 4.9626 7.0626
v  -20.0466 9.2381 7.0732
v  -20.0466 4.9626 7.0732
v  -20.3360 4.9626 7.0987
v  -20.3360 9.2381 7.0987
v  -20.3466 9.2381 7.1242
v  -20.3466 4.9626 7.1242
v  -20.3720 9.2381 7.1347
v  -20.3720 4.9626 7.1347
v  -20.3975 9.2381 7.1242
v  -20.3975 4.9626 7.1242
v  -20.4081 9.2381 7.0987
v  -20.4081 4.9626 7.0987
v  -20.3975 9.2381 7.0732
v  -20.3975 4.9626 7.0732
v  -20.3720 9.2381 7.0626
v  -20.3720 4.9626 7.0626
v  -20.3466 9.2381 7.0732
v  -20.3466 4.9626 7.0732
v  -20.6360 4.9626 7.0987
v  -20.6360 9.2381 7.0987
v  -20.6466 9.2381 7.1242
v  -20.6466 4.9626 7.1242
v  -20.6720 9.2381 7.1347
v  -20.6720 4.9626 7.1347
v  -20.6975 9.2381 7.1242
v  -20.6975 4.9626 7.1242
v  -20.7081 9.2381 7.0987
v  -20.7081 4.9626 7.0987
v  -20.6975 9.2381 7.0732
v  -20.6975 4.9626 7.0732
v  -20.6720 9.2381 7.0626
v  -20.6720 4.9626 7.0626
v  -20.6466 9.2381 7.0732
v  -20.6466 4.9626 7.0732
v  -20.9360 4.9626 7.0987
v  -20.9360 9.2381 7.0987
v  -20.9466 9.2381 7.1242
v  -20.9466 4.9626 7.1242
v  -20.9720 9.2381 7.1347
v  -20.9720 4.9626 7.1347
v  -20.9975 9.2381 7.1242
v  -20.9975 4.9626 7.1242
v  -21.0081 9.2381 7.0987
v  -21.0081 4.9626 7.0987
v  -20.9975 9.2381 7.0732
v  -20.9975 4.9626 7.0732
v  -20.9720 9.2381 7.0626
v  -20.9720 4.9626 7.0626
v  -20.9466 9.2381 7.0732
v  -20.9466 4.9626 7.0732
v  -23.0360 4.9626 7.0987
v  -23.0360 9.2381 7.0987
v  -23.0466 9.2381 7.1242
v  -23.0466 4.9626 7.1242
v  -23.0720 9.2381 7.1347
v  -23.0720 4.9626 7.1347
v  -23.0975 9.2381 7.1242
v  -23.0975 4.9626 7.1242
v  -23.1081 9.2381 7.0987
v  -23.1081 4.9626 7.0987
v  -23.0975 9.2381 7.0732
v  -23.0975 4.9626 7.0732
v  -23.0720 9.2381 7.0626
v  -23.0720 4.9626 7.0626
v  -23.0466 9.2381 7.0732
v  -23.0466 4.9626 7.0732
v  -23.3360 4.9626 7.0987
v  -23.3360 9.2381 7.0987
v  -23.3466 9.2381 7.1242
v  -23.3466 4.9626 7.1242
v  -23.3720 9.2381 7.1347
v  -23.3720 4.9626 7.1347
v  -23.3975 9.2381 7.1242
v  -23.3975 4.9626 7.1242
v  -23.4081 9.2381 7.0987
v  -23.4081 4.9626 7.0987
v  -23.3975 9.2381 7.0732
v  -23.3975 4.9626 7.0732
v  -23.3720 9.2381 7.0626
v  -23.3720 4.9626 7.0626
v  -23.3466 9.2381 7.0732
v  -23.3466 4.9626 7.0732
v  -23.6360 4.9626 7.0987
v  -23.6360 9.2381 7.0987
v  -23.6466 9.2381 7.1242
v  -23.6466 4.9626 7.1242
v  -23.6720 9.2381 7.1347
v  -23.6720 4.9626 7.1347
v  -23.6975 9.2381 7.1242
v  -23.6975 4.9626 7.1242
v  -23.7081 9.2381 7.0987
v  -23.7081 4.9626 7.0987
v  -23.6975 9.2381 7.0732
v  -23.6975 4.9626 7.0732
v  -23.6720 9.2381 7.0626
v  -23.6720 4.9626 7.0626
v  -23.6466 9.2381 7.0732
v  -23.6466 4.9626 7.0732
v  -23.9360 4.9626 7.0987
v  -23.9360 9.2381 7.0987
v  -23.9466 9.2381 7.1242
v  -23.9466 4.9626 7.1242
v  -23.9720 9.2381 7.1347
v  -23.9720 4.9626 7.1347
v  -23.9975 9.2381 7.1242
v  -23.9975 4.9626 7.1242
v  -24.0081 9.2381 7.0987
v  -24.0081 4.9626 7.0987
v  -23.9975 9.2381 7.0732
v  -23.9975 4.9626 7.0732
v  -23.9720 9.2381 7.0626
v  -23.9720 4.9626 7.0626
v  -23.9466 9.2381 7.0732
v  -23.9466 4.9626 7.0732
v  -21.6618 7.9626 7.1242
v  -21.6512 7.9626 7.0987
v  -21.6512 9.2381 7.0987
v  -21.6618 9.2381 7.1242
v  -21.6873 7.9626 7.1347
v  -21.6873 9.2381 7.1347
v  -21.7128 7.9626 7.1242
v  -21.7128 9.2381 7.1242
v  -21.7233 7.9626 7.0987
v  -21.7233 9.2381 7.0987
v  -21.7128 7.9626 7.0732
v  -21.7128 9.2381 7.0732
v  -21.6873 7.9626 7.0626
v  -21.6873 9.2381 7.0626
v  -21.6618 7.9626 7.0732
v  -21.6618 9.2381 7.0732
v  -21.9618 7.9626 7.1242
v  -21.9512 7.9626 7.0987
v  -21.9512 9.2381 7.0987
v  -21.9618 9.2381 7.1242
v  -21.9873 7.9626 7.1347
v  -21.9873 9.2381 7.1347
v  -22.0128 7.9626 7.1242
v  -22.0128 9.2381 7.1242
v  -22.0233 7.9626 7.0987
v  -22.0233 9.2381 7.0987
v  -22.0128 7.9626 7.0732
v  -22.0128 9.2381 7.0732
v  -21.9873 7.9626 7.0626
v  -21.9873 9.2381 7.0626
v  -21.9618 7.9626 7.0732
v  -21.9618 9.2381 7.0732
v  -22.2618 7.9626 7.1242
v  -22.2512 7.9626 7.0987
v  -22.2512 9.2381 7.0987
v  -22.2618 9.2381 7.1242
v  -22.2873 7.9626 7.1347
v  -22.2873 9.2381 7.1347
v  -22.3128 7.9626 7.1242
v  -22.3128 9.2381 7.1242
v  -22.3233 7.9626 7.0987
v  -22.3233 9.2381 7.0987
v  -22.3128 7.9626 7.0732
v  -22.3128 9.2381 7.0732
v  -22.2873 7.9626 7.0626
v  -22.2873 9.2381 7.0626
v  -22.2618 7.9626 7.0732
v  -22.2618 9.2381 7.0732
v  -22.5618 7.9626 7.1242
v  -22.5512 7.9626 7.0987
v  -22.5512 9.2381 7.0987
v  -22.5618 9.2381 7.1242
v  -22.5873 7.9626 7.1347
v  -22.5873 9.2381 7.1347
v  -22.6128 7.9626 7.1242
v  -22.6128 9.2381 7.1242
v  -22.6233 7.9626 7.0987
v  -22.6233 9.2381 7.0987
v  -22.6128 7.9626 7.0732
v  -22.6128 9.2381 7.0732
v  -22.5873 7.9626 7.0626
v  -22.5873 9.2381 7.0626
v  -22.5618 7.9626 7.0732
v  -22.5618 9.2381 7.0732
v  -21.3652 7.9626 7.1242
v  -21.3546 7.9626 7.0987
v  -21.3546 9.2381 7.0987
v  -21.3652 9.2381 7.1242
v  -21.3907 7.9626 7.1347
v  -21.3907 9.2381 7.1347
v  -21.4161 7.9626 7.1242
v  -21.4161 9.2381 7.1242
v  -21.4267 7.9626 7.0987
v  -21.4267 9.2381 7.0987
v  -21.4161 7.9626 7.0732
v  -21.4161 9.2381 7.0732
v  -21.3907 7.9626 7.0626
v  -21.3907 9.2381 7.0626
v  -21.3652 7.9626 7.0732
v  -21.3652 9.2381 7.0732
v  -22.9279 4.9626 7.1303
v  -22.9279 9.2381 7.1303
v  -22.9279 9.2381 7.0670
v  -22.9279 4.9626 7.0670
v  -22.8548 9.2381 7.0670
v  -22.8548 4.9626 7.0670
v  -21.0946 4.9626 7.1303
v  -21.0946 4.9626 7.0670
v  -21.0946 9.2381 7.0670
v  -21.0946 9.2381 7.1303
v  -21.1678 9.2381 7.1303
v  -21.1678 4.9626 7.1303
v  -22.8548 4.9626 7.1303
v  -22.8548 9.2381 7.1303
v  -21.1678 4.9626 7.0670
v  -21.1678 9.2381 7.0670
v  -24.4532 4.9621 7.1424
v  -24.4532 4.9621 7.0575
v  -22.8788 4.9621 7.0575
v  -22.8788 4.9621 7.1424
v  -24.4532 4.9738 7.1580
v  -22.8788 4.9738 7.1580
v  -22.8788 5.0927 7.1580
v  -24.4532 5.0927 7.1580
v  -24.4532 5.1044 7.1424
v  -22.8788 5.1044 7.1424
v  -22.8788 5.1044 7.0575
v  -24.4532 5.1044 7.0575
v  -24.4532 5.0927 7.0419
v  -22.8788 5.0927 7.0419
v  -22.8788 4.9738 7.0419
v  -24.4532 4.9738 7.0419
v  -18.1537 4.9621 7.1424
v  -18.1537 4.9738 7.1580
v  -21.1516 4.9738 7.1580
v  -21.1516 4.9621 7.1424
v  -18.1537 5.0927 7.1580
v  -18.1537 5.1044 7.1424
v  -21.1516 5.1044 7.1424
v  -21.1516 5.0927 7.1580
v  -18.1537 5.1044 7.0575
v  -18.1537 5.0927 7.0419
v  -21.1516 5.0927 7.0419
v  -21.1516 5.1044 7.0575
v  -18.1537 4.9738 7.0419
v  -18.1537 4.9621 7.0575
v  -21.1516 4.9621 7.0575
v  -21.1516 4.9738 7.0419
v  -21.1640 4.9855 7.1367
v  -21.1640 4.9855 7.0632
v  -21.1640 5.0810 7.1367
v  -21.1640 5.0810 7.0632
v  -22.8577 4.9855 7.0632
v  -22.8577 4.9855 7.1367
v  -22.8577 5.0810 7.1367
v  -22.8577 5.0810 7.0632
v  -24.4532 9.0293 7.1424
v  -24.4532 9.0293 7.0575
v  -18.1537 9.0293 7.0575
v  -18.1537 9.0293 7.1424
v  -24.4532 9.0410 7.1580
v  -18.1537 9.0410 7.1580
v  -18.1537 9.1600 7.1580
v  -24.4532 9.1600 7.1580
v  -24.4532 9.1716 7.1424
v  -18.1537 9.1716 7.1424
v  -18.1537 9.1716 7.0575
v  -24.4532 9.1716 7.0575
v  -24.4532 9.1600 7.0419
v  -18.1537 9.1600 7.0419
v  -18.1537 9.0410 7.0419
v  -24.4532 9.0410 7.0419
v  -24.4532 6.1866 7.1424
v  -24.4532 6.1866 7.0575
v  -22.8695 6.1866 7.0575
v  -22.8695 6.1866 7.1424
v  -24.4532 6.1983 7.1580
v  -22.8695 6.1983 7.1580
v  -22.8695 6.2512 7.1580
v  -24.4532 6.2512 7.1580
v  -24.4532 6.2629 7.1424
v  -22.8695 6.2629 7.1424
v  -22.8695 6.2629 7.0575
v  -24.4532 6.2629 7.0575
v  -24.4532 6.2512 7.0419
v  -22.8695 6.2512 7.0419
v  -22.8695 6.1983 7.0419
v  -24.4532 6.1983 7.0419
v  -18.1537 6.1866 7.1424
v  -18.1537 6.1983 7.1580
v  -21.1528 6.1983 7.1580
v  -21.1528 6.1866 7.1424
v  -18.1537 6.2512 7.1580
v  -18.1537 6.2629 7.1424
v  -21.1528 6.2629 7.1424
v  -21.1528 6.2512 7.1580
v  -18.1537 6.2629 7.0575
v  -18.1537 6.2512 7.0419
v  -21.1528 6.2512 7.0419
v  -21.1528 6.2629 7.0575
v  -18.1537 6.1983 7.0419
v  -18.1537 6.1866 7.0575
v  -21.1528 6.1866 7.0575
v  -21.1528 6.1983 7.0419
v  -24.4532 6.4619 7.1424
v  -24.4532 6.4619 7.0575
v  -22.8709 6.4619 7.0575
v  -22.8709 6.4619 7.1424
v  -24.4532 6.4736 7.1580
v  -22.8709 6.4736 7.1580
v  -22.8709 6.5265 7.1580
v  -24.4532 6.5265 7.1580
v  -24.4532 6.5382 7.1424
v  -22.8709 6.5382 7.1424
v  -22.8709 6.5382 7.0575
v  -24.4532 6.5382 7.0575
v  -24.4532 6.5265 7.0419
v  -22.8709 6.5265 7.0419
v  -22.8709 6.4736 7.0419
v  -24.4532 6.4736 7.0419
v  -18.1537 6.4619 7.1424
v  -18.1537 6.4736 7.1580
v  -21.1502 6.4736 7.1580
v  -21.1502 6.4619 7.1424
v  -18.1537 6.5265 7.1580
v  -18.1537 6.5382 7.1424
v  -21.1502 6.5382 7.1424
v  -21.1502 6.5265 7.1580
v  -18.1537 6.5382 7.0575
v  -18.1537 6.5265 7.0419
v  -21.1502 6.5265 7.0419
v  -21.1502 6.5382 7.0575
v  -18.1537 6.4736 7.0419
v  -18.1537 6.4619 7.0575
v  -21.1502 6.4619 7.0575
v  -21.1502 6.4736 7.0419
v  -21.1623 6.4776 7.1349
v  -21.1623 6.4776 7.0650
v  -21.1623 6.5226 7.1349
v  -21.1623 6.5226 7.0650
v  -21.1648 6.2022 7.1349
v  -21.1648 6.2473 7.1349
v  -21.1648 6.2473 7.0650
v  -21.1648 6.2022 7.0650
v  -22.8612 6.4776 7.0650
v  -22.8612 6.4776 7.1349
v  -22.8612 6.5226 7.1349
v  -22.8612 6.5226 7.0650
v  -22.8598 6.2022 7.0650
v  -22.8598 6.2022 7.1349
v  -22.8598 6.2473 7.1349
v  -22.8598 6.2473 7.0650
v  -3.1057 4.9324 16.2346
v  -3.1057 4.9935 16.2346
v  -3.3192 4.9935 16.2346
v  -3.3192 4.9324 16.2346
v  -3.1057 4.9324 7.0083
v  -3.3192 4.9324 7.0083
v  -3.3192 4.9935 7.0083
v  -3.1057 4.9935 7.0083
v  -3.3192 4.9324 16.1067
v  -3.1057 4.9324 16.1067
v  3.1057 4.9324 16.2345
v  3.5327 4.9324 16.2345
v  3.5327 4.9935 16.2345
v  3.1057 4.9935 16.2345
v  3.1057 4.9324 7.0082
v  3.1057 4.9935 7.0082
v  3.5327 4.9935 7.0082
v  3.5327 4.9324 7.0082
v  3.1057 4.9324 16.1066
v  3.5327 4.9324 16.1066
v  3.5327 4.9935 16.1066
v  3.5327 9.4426 16.2345
v  3.5327 9.4426 16.1066
v  3.1057 9.4426 16.1066
v  3.1057 9.4426 16.2345
v  -3.3192 9.1543 7.0083
v  -3.1057 9.1543 7.0083
v  3.5327 9.1543 16.2345
v  3.1057 9.1543 16.2345
v  3.1057 9.1543 7.0082
v  3.5327 9.1543 7.0082
v  3.5327 9.1543 16.1066
v  -3.1057 4.9935 7.1537
v  3.1057 4.9935 7.1536
v  -3.3192 4.9324 7.1537
v  -3.1057 4.9324 7.1537
v  3.1057 4.9324 7.1536
v  3.5327 4.9324 7.1536
v  3.5327 4.9935 7.1536
v  3.5327 9.4426 7.1536
v  3.1057 9.4426 7.1536
v  3.1057 4.9935 16.1066
v  3.1057 9.1543 16.1066
v  3.1057 9.1543 7.1536
v  3.5327 9.1543 7.1536
v  -3.1057 9.4426 16.2346
v  -3.1057 9.1543 16.2346
v  -3.1057 4.9935 16.1067
v  -3.1057 9.1543 16.1067
v  3.5327 9.4426 7.0082
v  3.1057 9.4426 7.0082
v  -3.3192 9.4426 7.0083
v  -3.1057 9.4426 7.0083
v  -3.1057 9.1543 7.1537
v  -3.1057 9.4426 16.1067
v  -3.1057 9.4426 7.1537
v  -3.1580 7.9221 7.1424
v  -3.1580 7.9221 7.0575
v  3.1415 7.9221 7.0575
v  3.1415 7.9221 7.1424
v  -3.1580 7.9338 7.1580
v  3.1415 7.9338 7.1580
v  3.1415 8.0527 7.1580
v  -3.1580 8.0527 7.1580
v  -3.1580 8.0644 7.1424
v  3.1415 8.0644 7.1424
v  3.1415 8.0644 7.0575
v  -3.1580 8.0644 7.0575
v  -3.1580 8.0527 7.0419
v  3.1415 8.0527 7.0419
v  3.1415 7.9338 7.0419
v  -3.1580 7.9338 7.0419
v  -2.9409 4.9626 7.0987
v  -2.9409 9.2381 7.0987
v  -2.9514 9.2381 7.1242
v  -2.9514 4.9626 7.1242
v  -2.9769 9.2381 7.1347
v  -2.9769 4.9626 7.1347
v  -3.0024 9.2381 7.1242
v  -3.0024 4.9626 7.1242
v  -3.0129 9.2381 7.0987
v  -3.0129 4.9626 7.0987
v  -3.0024 9.2381 7.0732
v  -3.0024 4.9626 7.0732
v  -2.9769 9.2381 7.0626
v  -2.9769 4.9626 7.0626
v  -2.9514 9.2381 7.0732
v  -2.9514 4.9626 7.0732
v  3.0591 4.9626 7.0987
v  3.0591 9.2381 7.0987
v  3.0486 9.2381 7.1242
v  3.0486 4.9626 7.1242
v  3.0231 9.2381 7.1347
v  3.0231 4.9626 7.1347
v  2.9976 9.2381 7.1242
v  2.9976 4.9626 7.1242
v  2.9871 9.2381 7.0987
v  2.9871 4.9626 7.0987
v  2.9976 9.2381 7.0732
v  2.9976 4.9626 7.0732
v  3.0231 9.2381 7.0626
v  3.0231 4.9626 7.0626
v  3.0486 9.2381 7.0732
v  3.0486 4.9626 7.0732
v  2.7591 4.9626 7.0987
v  2.7591 9.2381 7.0987
v  2.7486 9.2381 7.1242
v  2.7486 4.9626 7.1242
v  2.7231 9.2381 7.1347
v  2.7231 4.9626 7.1347
v  2.6976 9.2381 7.1242
v  2.6976 4.9626 7.1242
v  2.6871 9.2381 7.0987
v  2.6871 4.9626 7.0987
v  2.6976 9.2381 7.0732
v  2.6976 4.9626 7.0732
v  2.7231 9.2381 7.0626
v  2.7231 4.9626 7.0626
v  2.7486 9.2381 7.0732
v  2.7486 4.9626 7.0732
v  2.4591 4.9626 7.0987
v  2.4591 9.2381 7.0987
v  2.4486 9.2381 7.1242
v  2.4486 4.9626 7.1242
v  2.4231 9.2381 7.1347
v  2.4231 4.9626 7.1347
v  2.3976 9.2381 7.1242
v  2.3976 4.9626 7.1242
v  2.3871 9.2381 7.0987
v  2.3871 4.9626 7.0987
v  2.3976 9.2381 7.0732
v  2.3976 4.9626 7.0732
v  2.4231 9.2381 7.0626
v  2.4231 4.9626 7.0626
v  2.4486 9.2381 7.0732
v  2.4486 4.9626 7.0732
v  2.1591 4.9626 7.0987
v  2.1591 9.2381 7.0987
v  2.1486 9.2381 7.1242
v  2.1486 4.9626 7.1242
v  2.1231 9.2381 7.1347
v  2.1231 4.9626 7.1347
v  2.0976 9.2381 7.1242
v  2.0976 4.9626 7.1242
v  2.0871 9.2381 7.0987
v  2.0871 4.9626 7.0987
v  2.0976 9.2381 7.0732
v  2.0976 4.9626 7.0732
v  2.1231 9.2381 7.0626
v  2.1231 4.9626 7.0626
v  2.1486 9.2381 7.0732
v  2.1486 4.9626 7.0732
v  1.8591 4.9626 7.0987
v  1.8591 9.2381 7.0987
v  1.8486 9.2381 7.1242
v  1.8486 4.9626 7.1242
v  1.8231 9.2381 7.1347
v  1.8231 4.9626 7.1347
v  1.7976 9.2381 7.1242
v  1.7976 4.9626 7.1242
v  1.7871 9.2381 7.0987
v  1.7871 4.9626 7.0987
v  1.7976 9.2381 7.0732
v  1.7976 4.9626 7.0732
v  1.8231 9.2381 7.0626
v  1.8231 4.9626 7.0626
v  1.8486 9.2381 7.0732
v  1.8486 4.9626 7.0732
v  1.5591 4.9626 7.0987
v  1.5591 9.2381 7.0987
v  1.5486 9.2381 7.1242
v  1.5486 4.9626 7.1242
v  1.5231 9.2381 7.1347
v  1.5231 4.9626 7.1347
v  1.4976 9.2381 7.1242
v  1.4976 4.9626 7.1242
v  1.4871 9.2381 7.0987
v  1.4871 4.9626 7.0987
v  1.4976 9.2381 7.0732
v  1.4976 4.9626 7.0732
v  1.5231 9.2381 7.0626
v  1.5231 4.9626 7.0626
v  1.5486 9.2381 7.0732
v  1.5486 4.9626 7.0732
v  1.2591 4.9626 7.0987
v  1.2591 9.2381 7.0987
v  1.2486 9.2381 7.1242
v  1.2486 4.9626 7.1242
v  1.2231 9.2381 7.1347
v  1.2231 4.9626 7.1347
v  1.1976 9.2381 7.1242
v  1.1976 4.9626 7.1242
v  1.1871 9.2381 7.0987
v  1.1871 4.9626 7.0987
v  1.1976 9.2381 7.0732
v  1.1976 4.9626 7.0732
v  1.2231 9.2381 7.0626
v  1.2231 4.9626 7.0626
v  1.2486 9.2381 7.0732
v  1.2486 4.9626 7.0732
v  0.9591 4.9626 7.0987
v  0.9591 9.2381 7.0987
v  0.9486 9.2381 7.1242
v  0.9486 4.9626 7.1242
v  0.9231 9.2381 7.1347
v  0.9231 4.9626 7.1347
v  0.8976 9.2381 7.1242
v  0.8976 4.9626 7.1242
v  0.8871 9.2381 7.0987
v  0.8871 4.9626 7.0987
v  0.8976 9.2381 7.0732
v  0.8976 4.9626 7.0732
v  0.9231 9.2381 7.0626
v  0.9231 4.9626 7.0626
v  0.9486 9.2381 7.0732
v  0.9486 4.9626 7.0732
v  0.6591 4.9626 7.0987
v  0.6591 9.2381 7.0987
v  0.6486 9.2381 7.1242
v  0.6486 4.9626 7.1242
v  0.6231 9.2381 7.1347
v  0.6231 4.9626 7.1347
v  0.5976 9.2381 7.1242
v  0.5976 4.9626 7.1242
v  0.5871 9.2381 7.0987
v  0.5871 4.9626 7.0987
v  0.5976 9.2381 7.0732
v  0.5976 4.9626 7.0732
v  0.6231 9.2381 7.0626
v  0.6231 4.9626 7.0626
v  0.6486 9.2381 7.0732
v  0.6486 4.9626 7.0732
v  0.3591 4.9626 7.0987
v  0.3591 9.2381 7.0987
v  0.3486 9.2381 7.1242
v  0.3486 4.9626 7.1242
v  0.3231 9.2381 7.1347
v  0.3231 4.9626 7.1347
v  0.2976 9.2381 7.1242
v  0.2976 4.9626 7.1242
v  0.2871 9.2381 7.0987
v  0.2871 4.9626 7.0987
v  0.2976 9.2381 7.0732
v  0.2976 4.9626 7.0732
v  0.3231 9.2381 7.0626
v  0.3231 4.9626 7.0626
v  0.3486 9.2381 7.0732
v  0.3486 4.9626 7.0732
v  -1.7409 4.9626 7.0987
v  -1.7409 9.2381 7.0987
v  -1.7514 9.2381 7.1242
v  -1.7514 4.9626 7.1242
v  -1.7769 9.2381 7.1347
v  -1.7769 4.9626 7.1347
v  -1.8024 9.2381 7.1242
v  -1.8024 4.9626 7.1242
v  -1.8129 9.2381 7.0987
v  -1.8129 4.9626 7.0987
v  -1.8024 9.2381 7.0732
v  -1.8024 4.9626 7.0732
v  -1.7769 9.2381 7.0626
v  -1.7769 4.9626 7.0626
v  -1.7514 9.2381 7.0732
v  -1.7514 4.9626 7.0732
v  -2.0409 4.9626 7.0987
v  -2.0409 9.2381 7.0987
v  -2.0514 9.2381 7.1242
v  -2.0514 4.9626 7.1242
v  -2.0769 9.2381 7.1347
v  -2.0769 4.9626 7.1347
v  -2.1024 9.2381 7.1242
v  -2.1024 4.9626 7.1242
v  -2.1129 9.2381 7.0987
v  -2.1129 4.9626 7.0987
v  -2.1024 9.2381 7.0732
v  -2.1024 4.9626 7.0732
v  -2.0769 9.2381 7.0626
v  -2.0769 4.9626 7.0626
v  -2.0514 9.2381 7.0732
v  -2.0514 4.9626 7.0732
v  -2.3409 4.9626 7.0987
v  -2.3409 9.2381 7.0987
v  -2.3514 9.2381 7.1242
v  -2.3514 4.9626 7.1242
v  -2.3769 9.2381 7.1347
v  -2.3769 4.9626 7.1347
v  -2.4024 9.2381 7.1242
v  -2.4024 4.9626 7.1242
v  -2.4129 9.2381 7.0987
v  -2.4129 4.9626 7.0987
v  -2.4024 9.2381 7.0732
v  -2.4024 4.9626 7.0732
v  -2.3769 9.2381 7.0626
v  -2.3769 4.9626 7.0626
v  -2.3514 9.2381 7.0732
v  -2.3514 4.9626 7.0732
v  -2.6409 4.9626 7.0987
v  -2.6409 9.2381 7.0987
v  -2.6514 9.2381 7.1242
v  -2.6514 4.9626 7.1242
v  -2.6769 9.2381 7.1347
v  -2.6769 4.9626 7.1347
v  -2.7024 9.2381 7.1242
v  -2.7024 4.9626 7.1242
v  -2.7129 9.2381 7.0987
v  -2.7129 4.9626 7.0987
v  -2.7024 9.2381 7.0732
v  -2.7024 4.9626 7.0732
v  -2.6769 9.2381 7.0626
v  -2.6769 4.9626 7.0626
v  -2.6514 9.2381 7.0732
v  -2.6514 4.9626 7.0732
v  -0.3667 7.9626 7.1242
v  -0.3561 7.9626 7.0987
v  -0.3561 9.2381 7.0987
v  -0.3667 9.2381 7.1242
v  -0.3921 7.9626 7.1347
v  -0.3921 9.2381 7.1347
v  -0.4176 7.9626 7.1242
v  -0.4176 9.2381 7.1242
v  -0.4282 7.9626 7.0987
v  -0.4282 9.2381 7.0987
v  -0.4176 7.9626 7.0732
v  -0.4176 9.2381 7.0732
v  -0.3921 7.9626 7.0626
v  -0.3921 9.2381 7.0626
v  -0.3667 7.9626 7.0732
v  -0.3667 9.2381 7.0732
v  -0.6667 7.9626 7.1242
v  -0.6561 7.9626 7.0987
v  -0.6561 9.2381 7.0987
v  -0.6667 9.2381 7.1242
v  -0.6921 7.9626 7.1347
v  -0.6921 9.2381 7.1347
v  -0.7176 7.9626 7.1242
v  -0.7176 9.2381 7.1242
v  -0.7282 7.9626 7.0987
v  -0.7282 9.2381 7.0987
v  -0.7176 7.9626 7.0732
v  -0.7176 9.2381 7.0732
v  -0.6921 7.9626 7.0626
v  -0.6921 9.2381 7.0626
v  -0.6667 7.9626 7.0732
v  -0.6667 9.2381 7.0732
v  -0.9667 7.9626 7.1242
v  -0.9561 7.9626 7.0987
v  -0.9561 9.2381 7.0987
v  -0.9667 9.2381 7.1242
v  -0.9921 7.9626 7.1347
v  -0.9921 9.2381 7.1347
v  -1.0176 7.9626 7.1242
v  -1.0176 9.2381 7.1242
v  -1.0282 7.9626 7.0987
v  -1.0282 9.2381 7.0987
v  -1.0176 7.9626 7.0732
v  -1.0176 9.2381 7.0732
v  -0.9921 7.9626 7.0626
v  -0.9921 9.2381 7.0626
v  -0.9667 7.9626 7.0732
v  -0.9667 9.2381 7.0732
v  -1.2667 7.9626 7.1242
v  -1.2561 7.9626 7.0987
v  -1.2561 9.2381 7.0987
v  -1.2667 9.2381 7.1242
v  -1.2921 7.9626 7.1347
v  -1.2921 9.2381 7.1347
v  -1.3176 7.9626 7.1242
v  -1.3176 9.2381 7.1242
v  -1.3282 7.9626 7.0987
v  -1.3282 9.2381 7.0987
v  -1.3176 7.9626 7.0732
v  -1.3176 9.2381 7.0732
v  -1.2921 7.9626 7.0626
v  -1.2921 9.2381 7.0626
v  -1.2667 7.9626 7.0732
v  -1.2667 9.2381 7.0732
v  -0.0701 7.9626 7.1242
v  -0.0595 7.9626 7.0987
v  -0.0595 9.2381 7.0987
v  -0.0701 9.2381 7.1242
v  -0.0955 7.9626 7.1347
v  -0.0955 9.2381 7.1347
v  -0.1210 7.9626 7.1242
v  -0.1210 9.2381 7.1242
v  -0.1316 7.9626 7.0987
v  -0.1316 9.2381 7.0987
v  -0.1210 7.9626 7.0732
v  -0.1210 9.2381 7.0732
v  -0.0955 7.9626 7.0626
v  -0.0955 9.2381 7.0626
v  -0.0701 7.9626 7.0732
v  -0.0701 9.2381 7.0732
v  -1.6328 4.9626 7.1303
v  -1.6328 9.2381 7.1303
v  -1.6328 9.2381 7.0670
v  -1.6328 4.9626 7.0670
v  -1.5596 9.2381 7.0670
v  -1.5596 4.9626 7.0670
v  0.2005 4.9626 7.1303
v  0.2005 4.9626 7.0670
v  0.2005 9.2381 7.0670
v  0.2005 9.2381 7.1303
v  0.1273 9.2381 7.1303
v  0.1273 4.9626 7.1303
v  -1.5596 4.9626 7.1303
v  -1.5596 9.2381 7.1303
v  0.1273 4.9626 7.0670
v  0.1273 9.2381 7.0670
v  -3.1580 4.9621 7.1424
v  -3.1580 4.9621 7.0575
v  -1.5836 4.9621 7.0575
v  -1.5836 4.9621 7.1424
v  -3.1580 4.9738 7.1580
v  -1.5836 4.9738 7.1580
v  -1.5836 5.0927 7.1580
v  -3.1580 5.0927 7.1580
v  -3.1580 5.1044 7.1424
v  -1.5836 5.1044 7.1424
v  -1.5836 5.1044 7.0575
v  -3.1580 5.1044 7.0575
v  -3.1580 5.0927 7.0419
v  -1.5836 5.0927 7.0419
v  -1.5836 4.9738 7.0419
v  -3.1580 4.9738 7.0419
v  3.1415 4.9621 7.1424
v  3.1415 4.9738 7.1580
v  0.1435 4.9738 7.1580
v  0.1435 4.9621 7.1424
v  3.1415 5.0927 7.1580
v  3.1415 5.1044 7.1424
v  0.1435 5.1044 7.1424
v  0.1435 5.0927 7.1580
v  3.1415 5.1044 7.0575
v  3.1415 5.0927 7.0419
v  0.1435 5.0927 7.0419
v  0.1435 5.1044 7.0575
v  3.1415 4.9738 7.0419
v  3.1415 4.9621 7.0575
v  0.1435 4.9621 7.0575
v  0.1435 4.9738 7.0419
v  0.1311 4.9855 7.1367
v  0.1311 4.9855 7.0632
v  0.1311 5.0810 7.1367
v  0.1311 5.0810 7.0632
v  -1.5626 4.9855 7.0632
v  -1.5626 4.9855 7.1367
v  -1.5626 5.0810 7.1367
v  -1.5626 5.0810 7.0632
v  -3.1580 9.0293 7.1424
v  -3.1580 9.0293 7.0575
v  3.1415 9.0293 7.0575
v  3.1415 9.0293 7.1424
v  -3.1580 9.0410 7.1580
v  3.1415 9.0410 7.1580
v  3.1415 9.1600 7.1580
v  -3.1580 9.1600 7.1580
v  -3.1580 9.1716 7.1424
v  3.1415 9.1716 7.1424
v  3.1415 9.1716 7.0575
v  -3.1580 9.1716 7.0575
v  -3.1580 9.1600 7.0419
v  3.1415 9.1600 7.0419
v  3.1415 9.0410 7.0419
v  -3.1580 9.0410 7.0419
v  -3.1580 6.1866 7.1424
v  -3.1580 6.1866 7.0575
v  -1.5744 6.1866 7.0575
v  -1.5744 6.1866 7.1424
v  -3.1580 6.1983 7.1580
v  -1.5744 6.1983 7.1580
v  -1.5744 6.2512 7.1580
v  -3.1580 6.2512 7.1580
v  -3.1580 6.2629 7.1424
v  -1.5744 6.2629 7.1424
v  -1.5744 6.2629 7.0575
v  -3.1580 6.2629 7.0575
v  -3.1580 6.2512 7.0419
v  -1.5744 6.2512 7.0419
v  -1.5744 6.1983 7.0419
v  -3.1580 6.1983 7.0419
v  3.1415 6.1866 7.1424
v  3.1415 6.1983 7.1580
v  0.1424 6.1983 7.1580
v  0.1424 6.1866 7.1424
v  3.1415 6.2512 7.1580
v  3.1415 6.2629 7.1424
v  0.1424 6.2629 7.1424
v  0.1424 6.2512 7.1580
v  3.1415 6.2629 7.0575
v  3.1415 6.2512 7.0419
v  0.1424 6.2512 7.0419
v  0.1424 6.2629 7.0575
v  3.1415 6.1983 7.0419
v  3.1415 6.1866 7.0575
v  0.1424 6.1866 7.0575
v  0.1424 6.1983 7.0419
v  -3.1580 6.4619 7.1424
v  -3.1580 6.4619 7.0575
v  -1.5758 6.4619 7.0575
v  -1.5758 6.4619 7.1424
v  -3.1580 6.4736 7.1580
v  -1.5758 6.4736 7.1580
v  -1.5758 6.5265 7.1580
v  -3.1580 6.5265 7.1580
v  -3.1580 6.5382 7.1424
v  -1.5758 6.5382 7.1424
v  -1.5758 6.5382 7.0575
v  -3.1580 6.5382 7.0575
v  -3.1580 6.5265 7.0419
v  -1.5758 6.5265 7.0419
v  -1.5758 6.4736 7.0419
v  -3.1580 6.4736 7.0419
v  3.1415 6.4619 7.1424
v  3.1415 6.4736 7.1580
v  0.1449 6.4736 7.1580
v  0.1449 6.4619 7.1424
v  3.1415 6.5265 7.1580
v  3.1415 6.5382 7.1424
v  0.1449 6.5382 7.1424
v  0.1449 6.5265 7.1580
v  3.1415 6.5382 7.0575
v  3.1415 6.5265 7.0419
v  0.1449 6.5265 7.0419
v  0.1449 6.5382 7.0575
v  3.1415 6.4736 7.0419
v  3.1415 6.4619 7.0575
v  0.1449 6.4619 7.0575
v  0.1449 6.4736 7.0419
v  0.1328 6.4776 7.1349
v  0.1328 6.4776 7.0650
v  0.1328 6.5226 7.1349
v  0.1328 6.5226 7.0650
v  0.1303 6.2022 7.1349
v  0.1303 6.2473 7.1349
v  0.1303 6.2473 7.0650
v  0.1303 6.2022 7.0650
v  -1.5660 6.4776 7.0650
v  -1.5660 6.4776 7.1349
v  -1.5660 6.5226 7.1349
v  -1.5660 6.5226 7.0650
v  -1.5647 6.2022 7.0650
v  -1.5647 6.2022 7.1349
v  -1.5647 6.2473 7.1349
v  -1.5647 6.2473 7.0650
v  -10.4175 9.4426 16.1067
v  -10.4175 9.4426 16.2346
v  -3.7151 4.9935 16.3514
v  -3.7151 4.8155 16.3514
v  -3.3834 4.8155 16.3515
v  -3.3834 4.9935 16.3515
v  -10.4175 9.1543 16.2346
v  -3.7151 9.1543 16.3514
v  -3.3834 9.1543 16.3515
v  -3.7792 9.1543 7.0082
v  -10.4175 9.4426 7.1537
v  -3.7792 4.9324 7.1536
v  -3.7150 9.5594 7.1536
v  -3.3833 9.5594 7.1537
v  -3.7150 9.5594 6.8914
v  -3.3833 9.5594 6.8915
v  -17.5159 9.4426 16.1067
v  -17.5159 9.4426 16.2346
v  -10.8135 4.9935 16.3514
v  -10.8135 4.8155 16.3514
v  -10.4817 4.8155 16.3515
v  -10.4817 4.9935 16.3515
v  -17.5159 9.1543 16.2346
v  -10.8135 9.1543 16.3514
v  -10.4817 9.1543 16.3515
v  -10.8776 9.1543 7.0082
v  -17.5159 9.4426 7.1537
v  -10.8776 4.9324 7.1536
v  -10.8134 9.5594 7.1536
v  -10.4817 9.5594 7.1537
v  -10.8134 9.5594 6.8914
v  -10.4817 9.5594 6.8915
v  -17.9118 4.9935 16.3514
v  -17.9118 4.8155 16.3514
v  -17.5801 4.8155 16.3515
v  -17.5801 4.9935 16.3515
v  -17.9118 9.1543 16.3514
v  -17.5801 9.1543 16.3515
v  -17.9760 9.1543 7.0082
v  -17.9760 4.9324 7.1536
v  -17.9118 9.5594 7.1536
v  -17.5801 9.5594 7.1537
v  -17.9118 9.5594 6.8914
v  -17.5801 9.5594 6.8915
v  -3.3192 9.4426 16.1067
v  -3.3192 9.4426 16.2346
v  -3.3192 9.1543 16.2346
v  -3.3192 9.4426 7.1537
v  -8.2842 4.9524 -1.5874
v  3.3084 4.9524 -1.5870
v  3.3084 4.9524 -16.2349
v  -8.2842 4.9524 -16.2350
v  -8.2842 4.4947 -1.5874
v  -14.0027 4.4947 -1.5874
v  -14.0603 4.4947 -16.2350
v  -8.2842 4.4947 -16.2350
v  -14.0027 4.9524 -1.5874
v  3.3084 4.4947 -16.2349
v  -14.0603 4.9524 -16.2350
v  -24.7732 4.4947 -1.5878
v  -24.7732 4.4947 -16.2351
v  3.3084 4.4947 -1.5870
v  3.3084 4.4947 -0.0000
v  -8.2842 4.4947 -0.0000
v  -8.2842 4.9524 -0.0000
v  -24.7732 4.9524 -1.5874
v  -24.7732 4.9524 -0.0000
v  -14.0027 4.9524 -0.0000
v  -14.0027 4.4947 -0.0000
v  -8.2842 4.9524 1.9360
v  -8.2842 4.9524 16.2350
v  3.3084 4.9524 16.2349
v  3.3084 4.9524 1.9356
v  -8.2842 4.4947 1.9360
v  -8.2842 4.4947 16.2350
v  -14.0603 4.4947 16.2350
v  -14.0027 4.4947 1.9360
v  -14.0027 4.9524 1.9360
v  3.3084 4.4947 16.2349
v  -14.0603 4.9524 16.2350
v  -24.7732 4.4947 16.2351
v  -24.7732 4.4947 1.9360
v  3.3084 4.4947 1.9356
v  -24.7732 4.9524 1.9360
v  -24.7732 4.9524 -16.2351
v  -24.7732 4.4947 -0.0000
v  -24.7732 4.9524 16.2351
v  3.3084 4.9524 -0.0000
v  -24.8280 4.9524 -1.5874
v  -24.8280 4.9524 -16.2351
v  -24.8280 4.4947 -16.2351
v  -24.8280 4.4947 -1.5878
v  -24.8280 4.4947 -0.0000
v  -24.8280 4.9524 1.9360
v  -24.8280 4.9524 16.2351
v  -24.8280 4.4947 16.2351
v  -24.8280 4.4947 1.9360
v  -24.8280 4.9524 -0.0000
v  -24.8280 0.0386 16.2351
v  -24.8280 0.0386 3.6420
v  -24.8280 9.4451 3.6420
v  -24.8280 9.4450 16.2351
v  3.2813 0.0386 16.2349
v  3.2813 0.0386 3.6422
v  -24.8280 0.0386 -3.6437
v  -24.8280 9.4451 -3.6426
v  -24.8280 0.0386 -16.2351
v  -24.8280 9.4450 -16.2351
v  3.2813 0.0386 -3.6433
v  3.2813 0.0386 -16.2349
v  3.2813 9.4451 -3.6426
v  3.2813 9.4451 -16.2349
v  3.2813 9.4451 16.2349
v  3.2813 9.4451 3.6420
v  3.3084 4.4947 -3.6417
v  3.3084 4.4947 3.6422
v  3.4491 4.4916 -4.4020
v  7.7147 4.4916 -4.4020
v  7.7147 4.4916 -3.6420
v  3.4491 4.4916 -3.6420
v  3.4491 0.0390 -4.4020
v  3.4491 0.0390 -3.6420
v  7.7150 0.0390 -3.6420
v  7.7150 0.0390 -4.4020
v  21.9668 4.4916 -4.4020
v  21.9668 4.4916 -3.6420
v  7.7150 0.0390 3.6420
v  21.9668 0.0390 3.6420
v  21.9668 0.0390 -3.6420
v  7.7150 0.0390 4.4020
v  21.9668 0.0390 4.4020
v  38.5728 4.4916 -4.4020
v  38.5728 4.4916 -3.6420
v  38.5728 0.0390 0.8720
v  38.5728 0.0390 -0.8720
v  38.5728 0.0390 4.4020
v  38.5728 0.0390 3.6420
v  3.4491 0.0390 4.4020
v  3.4491 4.4916 4.4020
v  7.7147 4.4916 4.4020
v  21.9668 4.4916 4.4020
v  38.5728 4.4916 4.4020
v  7.7150 0.0390 -16.1887
v  7.7147 4.4916 -16.1887
v  39.7800 0.0390 -4.4020
v  39.7800 0.0390 -3.6420
v  39.7800 4.4916 -3.6420
v  39.7800 4.4916 -4.4020
v  39.4759 4.4916 -4.4020
v  39.4759 4.4916 -3.6420
v  39.4759 0.0390 4.4020
v  39.7800 0.0390 4.4020
v  39.7800 0.0390 3.6420
v  39.4759 0.0390 3.6420
v  39.4759 4.4916 4.4020
v  39.7800 4.4916 4.4020
v  3.4491 0.0390 3.6420
v  3.4491 4.4916 3.6420
v  7.7147 4.4916 3.6420
v  21.9668 4.4916 3.6420
v  39.4759 4.4916 3.6420
v  38.5728 4.4916 3.6420
v  39.7800 4.4916 3.6420
v  21.9668 0.0390 -4.4020
v  39.4759 0.0390 -3.6420
v  39.4759 0.0390 -4.4020
v  38.5728 0.0390 -4.4020
v  38.5728 0.0390 -3.6420
v  39.4759 0.0390 0.8720
v  39.7800 3.0282 -0.8760
v  39.7800 3.0282 0.8760
v  39.7800 0.0647 -0.8760
v  39.7800 0.0647 0.8760
v  39.4759 0.0390 -0.8720
v  21.9668 4.4916 -16.1887
v  14.8407 4.4916 -16.1887
v  16.8925 3.2086 -16.1887
v  19.9151 3.2086 -16.1887
v  14.8409 0.0390 -16.1887
v  16.8925 1.3220 -16.1887
v  21.9668 0.0390 -16.1887
v  19.9151 1.3220 -16.1887
v  9.7989 1.3220 -16.1887
v  9.7988 3.2086 -16.1887
v  12.7569 1.3220 -16.1887
v  12.7568 3.2086 -16.1887
v  21.9668 1.3220 -12.0648
v  21.9668 3.2087 -12.0648
v  40.2435 4.4916 -4.4020
v  40.2435 2.9694 -4.4020
v  40.2435 2.9694 -4.7058
v  40.2435 4.4916 -4.7058
v  7.7147 0.0000 -4.4020
v  7.7147 0.0000 -4.7058
v  18.4270 0.0000 -4.7058
v  18.4270 0.0000 -4.4020
v  7.7147 4.4916 -4.7058
v  18.4270 4.4916 -4.4020
v  18.4270 4.4916 -4.7058
v  7.7147 2.9694 -4.7058
v  7.7147 2.9694 -4.4020
v  18.4270 2.9694 -4.4020
v  18.4270 2.9694 -4.7058
v  20.1219 2.9694 -4.4020
v  20.1219 4.4916 -4.4020
v  20.1219 2.9694 -4.7058
v  20.1219 4.4916 -4.7058
v  21.9668 2.9694 -4.4020
v  20.1219 0.0000 -4.4020
v  20.1219 0.0000 -4.7058
v  21.9668 0.0000 -4.7058
v  21.9668 0.0000 -4.4020
v  21.9668 4.4916 -4.7058
v  21.9668 2.9694 -4.7058
v  40.2435 0.0000 -4.4020
v  40.2435 0.0000 -4.7058
v  7.8487 2.9682 -4.4020
v  8.6239 2.9607 -4.4020
v  8.6239 3.4812 -4.4020
v  7.8487 4.3428 -4.4020
v  7.7962 0.1144 -4.4020
v  8.6239 2.0832 -4.4020
v  18.3455 0.1144 -4.4020
v  17.5178 2.0832 -4.4020
v  18.2930 2.9682 -4.4020
v  17.5178 2.9607 -4.4020
v  18.2930 4.3428 -4.4020
v  17.5178 3.4812 -4.4020
v  7.8487 2.9682 -4.7058
v  8.6239 2.9607 -4.7058
v  8.6239 2.0832 -4.7058
v  7.7962 0.1144 -4.7058
v  7.8487 4.3428 -4.7058
v  8.6239 3.4812 -4.7058
v  18.2930 4.3428 -4.7058
v  17.5178 3.4812 -4.7058
v  18.2930 2.9682 -4.7058
v  17.5178 2.9607 -4.7058
v  18.3455 0.1144 -4.7058
v  17.5178 2.0832 -4.7058
v  8.7579 2.2320 -4.4020
v  17.3838 2.2320 -4.4020
v  17.3838 2.2320 -4.7058
v  8.7579 2.2320 -4.7058
v  8.7579 2.9594 -4.4020
v  8.7579 2.9594 -4.7058
v  8.7579 3.3323 -4.7058
v  8.7579 3.3323 -4.4020
v  17.3838 3.3323 -4.7058
v  17.3838 3.3323 -4.4020
v  17.3838 2.9594 -4.7058
v  17.3838 2.9594 -4.4020
v  40.2275 -0.0181 4.4632
v  40.2275 -0.0181 0.0006
v  40.2275 0.0386 0.0006
v  40.2275 0.0386 4.4632
v  21.9670 -0.0181 4.4632
v  21.9670 -0.0181 0.0006
v  21.9670 0.0386 0.0006
v  21.9670 0.0386 4.4632
v  40.2275 -0.0181 -4.4640
v  21.9670 -0.0181 -4.4640
v  3.3020 -0.0181 0.0006
v  3.3020 -0.0181 4.4632
v  3.3020 0.0386 4.4632
v  3.3020 0.0386 0.0006
v  3.3020 -0.0181 -4.4640
v  3.3020 0.0386 -4.4640
v  7.7150 -0.0181 4.4632
v  7.7150 -0.0181 0.0006
v  7.7150 0.0386 0.0006
v  7.7150 0.0386 4.4632
v  21.9670 0.0386 -4.4640
v  7.7150 0.0386 -4.4640
v  21.9670 0.0386 -4.4020
v  7.7150 -0.0181 -4.4640
v  21.9670 -0.0181 -16.1890
v  7.7150 -0.0181 -16.1890
v  7.7150 0.0386 -16.1890
v  21.9670 0.0386 -16.1890
v  21.9670 0.0386 -4.7058
v  16.9622 3.1650 -16.1387
v  19.8453 3.1650 -16.1387
v  20.0685 3.3043 -16.1387
v  16.7390 3.3043 -16.1387
v  16.9622 1.3656 -16.1387
v  16.7391 1.2263 -16.1387
v  19.8453 1.3656 -16.1387
v  20.0685 1.2263 -16.1387
v  9.8671 1.3656 -16.1387
v  9.8670 3.1650 -16.1387
v  9.6486 3.3043 -16.1387
v  9.6488 1.2263 -16.1387
v  12.6886 1.3656 -16.1387
v  12.9070 1.2263 -16.1387
v  12.6886 3.1650 -16.1387
v  12.9069 3.3043 -16.1387
v  21.9168 3.1651 -8.6076
v  21.9168 1.3656 -8.6076
v  21.9168 1.2263 -8.4373
v  21.9168 3.3044 -8.4373
v  21.9168 3.1651 -11.9832
v  21.9168 3.3044 -12.1534
v  21.9168 1.3656 -11.9832
v  21.9168 1.2263 -12.1534
v  20.0685 3.3043 -16.2387
v  19.8453 3.1650 -16.2387
v  16.9622 3.1650 -16.2387
v  16.7390 3.3043 -16.2387
v  16.9622 1.3656 -16.2387
v  16.7391 1.2263 -16.2387
v  19.8453 1.3656 -16.2387
v  20.0685 1.2263 -16.2387
v  9.6486 3.3043 -16.2387
v  9.8670 3.1650 -16.2387
v  9.8671 1.3656 -16.2387
v  9.6488 1.2263 -16.2387
v  12.6886 1.3656 -16.2387
v  12.9070 1.2263 -16.2387
v  12.6886 3.1650 -16.2387
v  12.9069 3.3043 -16.2387
v  22.0168 1.2263 -8.4373
v  22.0168 1.3656 -8.6076
v  22.0168 3.1651 -8.6076
v  22.0168 3.3044 -8.4373
v  22.0168 3.1651 -11.9832
v  22.0168 3.3044 -12.1534
v  22.0168 1.3656 -11.9832
v  22.0168 1.2263 -12.1534
v  21.9668 0.0390 -4.7058
v  21.9668 4.3971 -4.7058
v  21.9668 3.2087 -8.5259
v  21.9668 0.1335 -4.7058
v  21.9668 1.3220 -8.5259
v  40.2275 0.0000 -4.4020
v  40.2275 0.0386 -4.4020
v  40.2275 0.0000 -4.4640
v  21.9670 -0.0000 -4.4640
v  21.9670 0.0000 -4.7058
v  3.3259 2.9897 3.7000
v  3.3259 2.9897 -3.7079
v  3.4108 2.9897 -3.7079
v  3.4108 2.9897 3.7000
v  3.3103 3.0014 3.7000
v  3.3103 3.1204 3.7000
v  3.3103 3.1204 -3.7079
v  3.3103 3.0014 -3.7079
v  3.3259 3.1320 3.7000
v  3.4108 3.1320 3.7000
v  3.4108 3.1320 -3.7079
v  3.3259 3.1320 -3.7079
v  3.4264 3.1204 3.7000
v  3.4264 3.0014 3.7000
v  3.4264 3.0014 -3.7079
v  3.4264 3.1204 -3.7079
v  3.3696 0.0302 2.0818
v  3.3442 0.0302 2.0924
v  3.3442 4.5341 2.0924
v  3.3696 4.5341 2.0818
v  3.3336 0.0302 2.1179
v  3.3336 4.5341 2.1179
v  3.3442 0.0302 2.1434
v  3.3442 4.5341 2.1434
v  3.3696 0.0302 2.1539
v  3.3696 4.5341 2.1539
v  3.3951 0.0302 2.1434
v  3.3951 4.5341 2.1434
v  3.4057 0.0302 2.1179
v  3.4057 4.5341 2.1179
v  3.3951 0.0302 2.0924
v  3.3951 4.5341 2.0924
v  3.3696 0.0302 -3.6182
v  3.3442 0.0302 -3.6076
v  3.3442 4.5341 -3.6076
v  3.3696 4.5341 -3.6182
v  3.3336 0.0302 -3.5821
v  3.3336 4.5341 -3.5821
v  3.3442 0.0302 -3.5566
v  3.3442 4.5341 -3.5566
v  3.3696 0.0302 -3.5461
v  3.3696 4.5341 -3.5461
v  3.3951 0.0302 -3.5566
v  3.3951 4.5341 -3.5566
v  3.4057 0.0302 -3.5821
v  3.4057 4.5341 -3.5821
v  3.3951 0.0302 -3.6076
v  3.3951 4.5341 -3.6076
v  3.3696 0.0302 -3.3182
v  3.3442 0.0302 -3.3076
v  3.3442 4.5341 -3.3076
v  3.3696 4.5341 -3.3182
v  3.3336 0.0302 -3.2821
v  3.3336 4.5341 -3.2821
v  3.3442 0.0302 -3.2566
v  3.3442 4.5341 -3.2566
v  3.3696 0.0302 -3.2461
v  3.3696 4.5341 -3.2461
v  3.3951 0.0302 -3.2566
v  3.3951 4.5341 -3.2566
v  3.4057 0.0302 -3.2821
v  3.4057 4.5341 -3.2821
v  3.3951 0.0302 -3.3076
v  3.3951 4.5341 -3.3076
v  3.3696 0.0302 -3.0182
v  3.3442 0.0302 -3.0076
v  3.3442 4.5341 -3.0076
v  3.3696 4.5341 -3.0182
v  3.3336 0.0302 -2.9821
v  3.3336 4.5341 -2.9821
v  3.3442 0.0302 -2.9566
v  3.3442 4.5341 -2.9566
v  3.3696 0.0302 -2.9461
v  3.3696 4.5341 -2.9461
v  3.3951 0.0302 -2.9566
v  3.3951 4.5341 -2.9566
v  3.4057 0.0302 -2.9821
v  3.4057 4.5341 -2.9821
v  3.3951 0.0302 -3.0076
v  3.3951 4.5341 -3.0076
v  3.3696 0.0302 -2.7182
v  3.3442 0.0302 -2.7076
v  3.3442 4.5341 -2.7076
v  3.3696 4.5341 -2.7182
v  3.3336 0.0302 -2.6821
v  3.3336 4.5341 -2.6821
v  3.3442 0.0302 -2.6566
v  3.3442 4.5341 -2.6566
v  3.3696 0.0302 -2.6461
v  3.3696 4.5341 -2.6461
v  3.3951 0.0302 -2.6566
v  3.3951 4.5341 -2.6566
v  3.4057 0.0302 -2.6821
v  3.4057 4.5341 -2.6821
v  3.3951 0.0302 -2.7076
v  3.3951 4.5341 -2.7076
v  3.3696 0.0302 -2.4182
v  3.3442 0.0302 -2.4076
v  3.3442 4.5341 -2.4076
v  3.3696 4.5341 -2.4182
v  3.3336 0.0302 -2.3821
v  3.3336 4.5341 -2.3821
v  3.3442 0.0302 -2.3566
v  3.3442 4.5341 -2.3566
v  3.3696 0.0302 -2.3461
v  3.3696 4.5341 -2.3461
v  3.3951 0.0302 -2.3566
v  3.3951 4.5341 -2.3566
v  3.4057 0.0302 -2.3821
v  3.4057 4.5341 -2.3821
v  3.3951 0.0302 -2.4076
v  3.3951 4.5341 -2.4076
v  3.3696 0.0302 -2.1182
v  3.3442 0.0302 -2.1076
v  3.3442 4.5341 -2.1076
v  3.3696 4.5341 -2.1182
v  3.3336 0.0302 -2.0821
v  3.3336 4.5341 -2.0821
v  3.3442 0.0302 -2.0566
v  3.3442 4.5341 -2.0566
v  3.3696 0.0302 -2.0461
v  3.3696 4.5341 -2.0461
v  3.3951 0.0302 -2.0566
v  3.3951 4.5341 -2.0566
v  3.4057 0.0302 -2.0821
v  3.4057 4.5341 -2.0821
v  3.3951 0.0302 -2.1076
v  3.3951 4.5341 -2.1076
v  3.3696 0.0302 -1.8182
v  3.3442 0.0302 -1.8076
v  3.3442 4.5341 -1.8076
v  3.3696 4.5341 -1.8182
v  3.3336 0.0302 -1.7821
v  3.3336 4.5341 -1.7821
v  3.3442 0.0302 -1.7566
v  3.3442 4.5341 -1.7566
v  3.3696 0.0302 -1.7461
v  3.3696 4.5341 -1.7461
v  3.3951 0.0302 -1.7566
v  3.3951 4.5341 -1.7566
v  3.4057 0.0302 -1.7821
v  3.4057 4.5341 -1.7821
v  3.3951 0.0302 -1.8076
v  3.3951 4.5341 -1.8076
v  3.3696 0.0302 -1.5182
v  3.3442 0.0302 -1.5076
v  3.3442 4.5341 -1.5076
v  3.3696 4.5341 -1.5182
v  3.3336 0.0302 -1.4821
v  3.3336 4.5341 -1.4821
v  3.3442 0.0302 -1.4566
v  3.3442 4.5341 -1.4566
v  3.3696 0.0302 -1.4461
v  3.3696 4.5341 -1.4461
v  3.3951 0.0302 -1.4566
v  3.3951 4.5341 -1.4566
v  3.4057 0.0302 -1.4821
v  3.4057 4.5341 -1.4821
v  3.3951 0.0302 -1.5076
v  3.3951 4.5341 -1.5076
v  3.3696 0.0302 -1.2182
v  3.3442 0.0302 -1.2076
v  3.3442 4.5341 -1.2076
v  3.3696 4.5341 -1.2182
v  3.3336 0.0302 -1.1821
v  3.3336 4.5341 -1.1821
v  3.3442 0.0302 -1.1566
v  3.3442 4.5341 -1.1566
v  3.3696 0.0302 -1.1461
v  3.3696 4.5341 -1.1461
v  3.3951 0.0302 -1.1566
v  3.3951 4.5341 -1.1566
v  3.4057 0.0302 -1.1821
v  3.4057 4.5341 -1.1821
v  3.3951 0.0302 -1.2076
v  3.3951 4.5341 -1.2076
v  3.3696 0.0302 0.8818
v  3.3442 0.0302 0.8924
v  3.3442 4.5341 0.8924
v  3.3696 4.5341 0.8818
v  3.3336 0.0302 0.9179
v  3.3336 4.5341 0.9179
v  3.3442 0.0302 0.9434
v  3.3442 4.5341 0.9434
v  3.3696 0.0302 0.9539
v  3.3696 4.5341 0.9539
v  3.3951 0.0302 0.9434
v  3.3951 4.5341 0.9434
v  3.4057 0.0302 0.9179
v  3.4057 4.5341 0.9179
v  3.3951 0.0302 0.8924
v  3.3951 4.5341 0.8924
v  3.3696 0.0302 1.1818
v  3.3442 0.0302 1.1924
v  3.3442 4.5341 1.1924
v  3.3696 4.5341 1.1818
v  3.3336 0.0302 1.2179
v  3.3336 4.5341 1.2179
v  3.3442 0.0302 1.2434
v  3.3442 4.5341 1.2434
v  3.3696 0.0302 1.2539
v  3.3696 4.5341 1.2539
v  3.3951 0.0302 1.2434
v  3.3951 4.5341 1.2434
v  3.4057 0.0302 1.2179
v  3.4057 4.5341 1.2179
v  3.3951 0.0302 1.1924
v  3.3951 4.5341 1.1924
v  3.3696 0.0302 1.4818
v  3.3442 0.0302 1.4924
v  3.3442 4.5341 1.4924
v  3.3696 4.5341 1.4818
v  3.3336 0.0302 1.5179
v  3.3336 4.5341 1.5179
v  3.3442 0.0302 1.5434
v  3.3442 4.5341 1.5434
v  3.3696 0.0302 1.5539
v  3.3696 4.5341 1.5539
v  3.3951 0.0302 1.5434
v  3.3951 4.5341 1.5434
v  3.4057 0.0302 1.5179
v  3.4057 4.5341 1.5179
v  3.3951 0.0302 1.4924
v  3.3951 4.5341 1.4924
v  3.3696 0.0302 1.7818
v  3.3442 0.0302 1.7924
v  3.3442 4.5341 1.7924
v  3.3696 4.5341 1.7818
v  3.3336 0.0302 1.8179
v  3.3336 4.5341 1.8179
v  3.3442 0.0302 1.8434
v  3.3442 4.5341 1.8434
v  3.3696 0.0302 1.8539
v  3.3696 4.5341 1.8539
v  3.3951 0.0302 1.8434
v  3.3951 4.5341 1.8434
v  3.4057 0.0302 1.8179
v  3.4057 4.5341 1.8179
v  3.3951 0.0302 1.7924
v  3.3951 4.5341 1.7924
v  3.3442 3.0303 -0.4924
v  3.3442 4.5341 -0.4924
v  3.3696 4.5341 -0.5029
v  3.3696 3.0303 -0.5029
v  3.3336 3.0303 -0.4669
v  3.3336 4.5341 -0.4669
v  3.3442 3.0303 -0.4414
v  3.3442 4.5341 -0.4414
v  3.3696 3.0303 -0.4309
v  3.3696 4.5341 -0.4309
v  3.3951 3.0303 -0.4414
v  3.3951 4.5341 -0.4414
v  3.4057 3.0303 -0.4669
v  3.4057 4.5341 -0.4669
v  3.3951 3.0303 -0.4924
v  3.3951 4.5341 -0.4924
v  3.3442 3.0303 -0.1924
v  3.3442 4.5341 -0.1924
v  3.3696 4.5341 -0.2029
v  3.3696 3.0303 -0.2029
v  3.3336 3.0303 -0.1669
v  3.3336 4.5341 -0.1669
v  3.3442 3.0303 -0.1414
v  3.3442 4.5341 -0.1414
v  3.3696 3.0303 -0.1309
v  3.3696 4.5341 -0.1309
v  3.3951 3.0303 -0.1414
v  3.3951 4.5341 -0.1414
v  3.4057 3.0303 -0.1669
v  3.4057 4.5341 -0.1669
v  3.3951 3.0303 -0.1924
v  3.3951 4.5341 -0.1924
v  3.3442 3.0303 0.1076
v  3.3442 4.5341 0.1076
v  3.3696 4.5341 0.0971
v  3.3696 3.0303 0.0971
v  3.3336 3.0303 0.1331
v  3.3336 4.5341 0.1331
v  3.3442 3.0303 0.1586
v  3.3442 4.5341 0.1586
v  3.3696 3.0303 0.1691
v  3.3696 4.5341 0.1691
v  3.3951 3.0303 0.1586
v  3.3951 4.5341 0.1586
v  3.4057 3.0303 0.1331
v  3.4057 4.5341 0.1331
v  3.3951 3.0303 0.1076
v  3.3951 4.5341 0.1076
v  3.3442 3.0303 0.4076
v  3.3442 4.5341 0.4076
v  3.3696 4.5341 0.3971
v  3.3696 3.0303 0.3971
v  3.3336 3.0303 0.4331
v  3.3336 4.5341 0.4331
v  3.3442 3.0303 0.4586
v  3.3442 4.5341 0.4586
v  3.3696 3.0303 0.4691
v  3.3696 4.5341 0.4691
v  3.3951 3.0303 0.4586
v  3.3951 4.5341 0.4586
v  3.4057 3.0303 0.4331
v  3.4057 4.5341 0.4331
v  3.3951 3.0303 0.4076
v  3.3951 4.5341 0.4076
v  3.3442 3.0303 -0.7890
v  3.3442 4.5341 -0.7890
v  3.3696 4.5341 -0.7995
v  3.3696 3.0303 -0.7995
v  3.3336 3.0303 -0.7635
v  3.3336 4.5341 -0.7635
v  3.3442 3.0303 -0.7380
v  3.3442 4.5341 -0.7380
v  3.3696 3.0303 -0.7275
v  3.3696 4.5341 -0.7275
v  3.3951 3.0303 -0.7380
v  3.3951 4.5341 -0.7380
v  3.4057 3.0303 -0.7635
v  3.4057 4.5341 -0.7635
v  3.3951 3.0303 -0.7890
v  3.3951 4.5341 -0.7890
v  3.3380 0.0302 0.7738
v  3.4013 0.0302 0.7738
v  3.4013 4.5341 0.7738
v  3.3380 4.5341 0.7738
v  3.4013 0.0302 0.7006
v  3.4013 4.5341 0.7006
v  3.3380 0.0302 -1.0595
v  3.3380 4.5341 -1.0595
v  3.4013 4.5341 -1.0595
v  3.4013 0.0302 -1.0595
v  3.3380 0.0302 -0.9864
v  3.3380 4.5341 -0.9864
v  3.3380 0.0302 0.7006
v  3.3380 4.5341 0.7006
v  3.4013 0.0302 -0.9864
v  3.4013 4.5341 -0.9864
v  3.3259 0.0297 3.7000
v  3.3259 0.0297 0.7246
v  3.4108 0.0297 0.7246
v  3.4108 0.0297 3.7000
v  3.3103 0.0414 3.7000
v  3.3103 0.1603 3.7000
v  3.3103 0.1603 0.7246
v  3.3103 0.0414 0.7246
v  3.3259 0.1720 3.7000
v  3.4108 0.1720 3.7000
v  3.4108 0.1720 0.7246
v  3.3259 0.1720 0.7246
v  3.4264 0.1603 3.7000
v  3.4264 0.0414 3.7000
v  3.4264 0.0414 0.7246
v  3.4264 0.1603 0.7246
v  3.3259 0.0297 -3.7079
v  3.3259 0.0297 -1.0026
v  3.3103 0.0414 -1.0026
v  3.3103 0.0414 -3.7079
v  3.3103 0.1603 -3.7079
v  3.3103 0.1603 -1.0026
v  3.3259 0.1720 -1.0026
v  3.3259 0.1720 -3.7079
v  3.4108 0.1720 -3.7079
v  3.4108 0.1720 -1.0026
v  3.4264 0.1603 -1.0026
v  3.4264 0.1603 -3.7079
v  3.4264 0.0414 -3.7079
v  3.4264 0.0414 -1.0026
v  3.4108 0.0297 -1.0026
v  3.4108 0.0297 -3.7079
v  3.4051 0.0531 -0.9902
v  3.3316 0.0531 -0.9902
v  3.3316 0.1486 -0.9902
v  3.4051 0.1486 -0.9902
v  3.3316 0.0531 0.7035
v  3.4051 0.0531 0.7035
v  3.3316 0.1486 0.7035
v  3.4051 0.1486 0.7035
v  3.3259 4.0969 3.7000
v  3.3259 4.0969 -3.7079
v  3.4108 4.0969 -3.7079
v  3.4108 4.0969 3.7000
v  3.3103 4.1086 3.7000
v  3.3103 4.2276 3.7000
v  3.3103 4.2276 -3.7079
v  3.3103 4.1086 -3.7079
v  3.3259 4.2393 3.7000
v  3.4108 4.2393 3.7000
v  3.4108 4.2393 -3.7079
v  3.3259 4.2393 -3.7079
v  3.4264 4.2276 3.7000
v  3.4264 4.1086 3.7000
v  3.4264 4.1086 -3.7079
v  3.4264 4.2276 -3.7079
v  3.3259 1.2542 3.7000
v  3.3259 1.2542 0.7154
v  3.4108 1.2542 0.7154
v  3.4108 1.2542 3.7000
v  3.3103 1.2659 3.7000
v  3.3103 1.3188 3.7000
v  3.3103 1.3188 0.7154
v  3.3103 1.2659 0.7154
v  3.3259 1.3305 3.7000
v  3.4108 1.3305 3.7000
v  3.4108 1.3305 0.7154
v  3.3259 1.3305 0.7154
v  3.4264 1.3188 3.7000
v  3.4264 1.2659 3.7000
v  3.4264 1.2659 0.7154
v  3.4264 1.3188 0.7154
v  3.3259 1.2542 -3.7079
v  3.3259 1.2542 -1.0014
v  3.3103 1.2659 -1.0014
v  3.3103 1.2659 -3.7079
v  3.3103 1.3188 -3.7079
v  3.3103 1.3188 -1.0014
v  3.3259 1.3305 -1.0014
v  3.3259 1.3305 -3.7079
v  3.4108 1.3305 -3.7079
v  3.4108 1.3305 -1.0014
v  3.4264 1.3188 -1.0014
v  3.4264 1.3188 -3.7079
v  3.4264 1.2659 -3.7079
v  3.4264 1.2659 -1.0014
v  3.4108 1.2542 -1.0014
v  3.4108 1.2542 -3.7079
v  3.3259 1.5295 3.7000
v  3.3259 1.5295 0.7167
v  3.4108 1.5295 0.7167
v  3.4108 1.5295 3.7000
v  3.3103 1.5412 3.7000
v  3.3103 1.5942 3.7000
v  3.3103 1.5942 0.7167
v  3.3103 1.5412 0.7167
v  3.3259 1.6058 3.7000
v  3.4108 1.6058 3.7000
v  3.4108 1.6058 0.7167
v  3.3259 1.6058 0.7167
v  3.4264 1.5942 3.7000
v  3.4264 1.5412 3.7000
v  3.4264 1.5412 0.7167
v  3.4264 1.5942 0.7167
v  3.3259 1.5295 -3.7079
v  3.3259 1.5295 -1.0039
v  3.3103 1.5412 -1.0039
v  3.3103 1.5412 -3.7079
v  3.3103 1.5942 -3.7079
v  3.3103 1.5942 -1.0039
v  3.3259 1.6058 -1.0039
v  3.3259 1.6058 -3.7079
v  3.4108 1.6058 -3.7079
v  3.4108 1.6058 -1.0039
v  3.4264 1.5942 -1.0039
v  3.4264 1.5942 -3.7079
v  3.4264 1.5412 -3.7079
v  3.4264 1.5412 -1.0039
v  3.4108 1.5295 -1.0039
v  3.4108 1.5295 -3.7079
v  3.4034 1.5452 -0.9918
v  3.3334 1.5452 -0.9918
v  3.3334 1.5902 -0.9918
v  3.4034 1.5902 -0.9918
v  3.3334 1.2698 -0.9894
v  3.3334 1.3149 -0.9894
v  3.4034 1.3149 -0.9894
v  3.4034 1.2698 -0.9894
v  3.3334 1.5452 0.7070
v  3.4034 1.5452 0.7070
v  3.3334 1.5902 0.7070
v  3.4034 1.5902 0.7070
v  3.3334 1.2698 0.7057
v  3.4034 1.2698 0.7057
v  3.3334 1.3149 0.7057
v  3.4034 1.3149 0.7057
v  3.3696 0.0302 2.3620
v  3.3442 0.0302 2.3725
v  3.3442 4.5341 2.3725
v  3.3696 4.5341 2.3620
v  3.3336 0.0302 2.3980
v  3.3336 4.5341 2.3980
v  3.3442 0.0302 2.4235
v  3.3442 4.5341 2.4235
v  3.3696 0.0302 2.4340
v  3.3696 4.5341 2.4340
v  3.3951 0.0302 2.4235
v  3.3951 4.5341 2.4235
v  3.4057 0.0302 2.3980
v  3.4057 4.5341 2.3980
v  3.3951 0.0302 2.3725
v  3.3951 4.5341 2.3725
v  3.3696 0.0302 2.6620
v  3.3442 0.0302 2.6725
v  3.3442 4.5341 2.6725
v  3.3696 4.5341 2.6620
v  3.3336 0.0302 2.6980
v  3.3336 4.5341 2.6980
v  3.3442 0.0302 2.7235
v  3.3442 4.5341 2.7235
v  3.3696 0.0302 2.7340
v  3.3696 4.5341 2.7340
v  3.3951 0.0302 2.7235
v  3.3951 4.5341 2.7235
v  3.4057 0.0302 2.6980
v  3.4057 4.5341 2.6980
v  3.3951 0.0302 2.6725
v  3.3951 4.5341 2.6725
v  3.3696 0.0302 2.9620
v  3.3442 0.0302 2.9725
v  3.3442 4.5341 2.9725
v  3.3696 4.5341 2.9620
v  3.3336 0.0302 2.9980
v  3.3336 4.5341 2.9980
v  3.3442 0.0302 3.0235
v  3.3442 4.5341 3.0235
v  3.3696 0.0302 3.0340
v  3.3696 4.5341 3.0340
v  3.3951 0.0302 3.0235
v  3.3951 4.5341 3.0235
v  3.4057 0.0302 2.9980
v  3.4057 4.5341 2.9980
v  3.3951 0.0302 2.9725
v  3.3951 4.5341 2.9725
v  3.3696 0.0302 3.2620
v  3.3442 0.0302 3.2725
v  3.3442 4.5341 3.2725
v  3.3696 4.5341 3.2620
v  3.3336 0.0302 3.2980
v  3.3336 4.5341 3.2980
v  3.3442 0.0302 3.3235
v  3.3442 4.5341 3.3235
v  3.3696 0.0302 3.3340
v  3.3696 4.5341 3.3340
v  3.3951 0.0302 3.3235
v  3.3951 4.5341 3.3235
v  3.4057 0.0302 3.2980
v  3.4057 4.5341 3.2980
v  3.3951 0.0302 3.2725
v  3.3951 4.5341 3.2725
v  3.3696 0.0302 3.5620
v  3.3442 0.0302 3.5725
v  3.3442 4.5341 3.5725
v  3.3696 4.5341 3.5620
v  3.3336 0.0302 3.5980
v  3.3336 4.5341 3.5980
v  3.3442 0.0302 3.6235
v  3.3442 4.5341 3.6235
v  3.3696 0.0302 3.6340
v  3.3696 4.5341 3.6340
v  3.3951 0.0302 3.6235
v  3.3951 4.5341 3.6235
v  3.4057 0.0302 3.5980
v  3.4057 4.5341 3.5980
v  3.3951 0.0302 3.5725
v  3.3951 4.5341 3.5725
v  -11.7556 2.6359 -1.5858
v  -11.7556 2.7747 -1.5858
v  -11.5324 2.7747 -1.5858
v  -11.5324 2.9134 -1.5858
v  -11.3091 2.9134 -1.5858
v  -11.3091 3.0521 -1.5858
v  -11.0859 3.0521 -1.5858
v  -11.0859 3.1909 -1.5858
v  -10.8627 3.1909 -1.5858
v  -10.8627 3.3296 -1.5858
v  -10.6395 3.3296 -1.5858
v  -10.6395 3.4683 -1.5858
v  -10.4163 3.4683 -1.5858
v  -10.4163 3.6070 -1.5858
v  -10.1930 3.6070 -1.5858
v  -10.1930 3.7458 -1.5858
v  -9.9698 3.7458 -1.5858
v  -9.9698 3.8845 -1.5858
v  -9.7466 3.8845 -1.5858
v  -9.7466 4.0232 -1.5858
v  -9.5234 4.0232 -1.5858
v  -9.5234 4.1620 -1.5858
v  -9.3001 4.1620 -1.5858
v  -9.3001 4.3007 -1.5858
v  -9.0769 4.3007 -1.5858
v  -9.0769 4.4394 -1.5858
v  -8.8537 4.4394 -1.5858
v  -8.8537 4.5782 -1.5858
v  -8.6305 4.5782 -1.5858
v  -8.6305 4.7169 -1.5858
v  -8.4073 4.7169 -1.5858
v  -8.4073 4.8556 -1.5858
v  -8.1840 4.8556 -1.5858
v  -8.1840 4.7169 -1.5858
v  -11.7556 2.4972 -1.5858
v  -11.9788 2.3585 -1.5858
v  -11.9788 2.6359 -1.5858
v  -11.9788 2.3585 0.1860
v  -11.7556 2.4972 0.1860
v  -8.1840 4.7169 0.1860
v  -8.1840 4.8556 0.1860
v  -8.4073 4.8556 0.1860
v  -8.4073 4.7169 0.1860
v  -8.6305 4.7169 0.1860
v  -8.6305 4.5782 0.1860
v  -8.8537 4.5782 0.1860
v  -8.8537 4.4394 0.1860
v  -9.0769 4.4394 0.1860
v  -9.0769 4.3007 0.1860
v  -9.3001 4.3007 0.1860
v  -9.3001 4.1620 0.1860
v  -9.5234 4.1620 0.1860
v  -9.5234 4.0232 0.1860
v  -9.7466 4.0232 0.1860
v  -9.7466 3.8845 0.1860
v  -9.9698 3.8845 0.1860
v  -9.9698 3.7458 0.1860
v  -10.1930 3.7458 0.1860
v  -10.1930 3.6070 0.1860
v  -10.4163 3.6070 0.1860
v  -10.4163 3.4683 0.1860
v  -10.6395 3.4683 0.1860
v  -10.6395 3.3296 0.1860
v  -10.8627 3.3296 0.1860
v  -10.8627 3.1909 0.1860
v  -11.0859 3.1909 0.1860
v  -11.0859 3.0521 0.1860
v  -11.3091 3.0521 0.1860
v  -11.3091 2.9134 0.1860
v  -11.5324 2.9134 0.1860
v  -11.5324 2.7747 0.1860
v  -11.7556 2.7747 0.1860
v  -11.7556 2.6359 0.1860
v  -11.9788 2.6359 0.1860
v  -8.4073 0.1387 1.9577
v  -8.4073 0.2775 1.9577
v  -8.6305 0.2775 1.9577
v  -8.6305 0.4162 1.9577
v  -8.8537 0.4162 1.9577
v  -8.8537 0.5549 1.9577
v  -9.0769 0.5549 1.9577
v  -9.0769 0.6937 1.9577
v  -9.3001 0.6937 1.9577
v  -9.3001 0.8324 1.9577
v  -9.5234 0.8324 1.9577
v  -9.5234 0.9711 1.9577
v  -9.7466 0.9711 1.9577
v  -9.7466 1.1099 1.9577
v  -9.9698 1.1099 1.9577
v  -9.9698 1.2486 1.9577
v  -10.1930 1.2486 1.9577
v  -10.1930 1.3873 1.9577
v  -10.4163 1.3873 1.9577
v  -10.4163 1.5261 1.9577
v  -10.6395 1.5261 1.9577
v  -10.6395 1.6648 1.9577
v  -10.8627 1.6648 1.9577
v  -10.8627 1.8035 1.9577
v  -11.0859 1.8035 1.9577
v  -11.0859 1.9423 1.9577
v  -11.3091 1.9423 1.9577
v  -11.3091 2.0810 1.9577
v  -11.5324 2.0810 1.9577
v  -11.5324 2.2197 1.9577
v  -11.7556 2.2197 1.9577
v  -11.7556 2.3585 1.9577
v  -11.9788 2.3585 1.9577
v  -11.9788 2.2197 1.9577
v  -8.4073 0.0000 1.9577
v  -8.1840 0.0000 1.9577
v  -8.1840 0.1387 1.9577
v  -8.1840 0.0000 0.1860
v  -8.4073 0.0000 0.1860
v  -11.9788 2.2197 0.1860
v  -11.7556 2.3585 0.1860
v  -11.7556 2.2197 0.1860
v  -11.5324 2.2197 0.1860
v  -11.5324 2.0810 0.1860
v  -11.3091 2.0810 0.1860
v  -11.3091 1.9423 0.1860
v  -11.0859 1.9423 0.1860
v  -11.0859 1.8035 0.1860
v  -10.8627 1.8035 0.1860
v  -10.8627 1.6648 0.1860
v  -10.6395 1.6648 0.1860
v  -10.6395 1.5261 0.1860
v  -10.4163 1.5261 0.1860
v  -10.4163 1.3873 0.1860
v  -10.1930 1.3873 0.1860
v  -10.1930 1.2486 0.1860
v  -9.9698 1.2486 0.1860
v  -9.9698 1.1099 0.1860
v  -9.7466 1.1099 0.1860
v  -9.7466 0.9711 0.1860
v  -9.5234 0.9711 0.1860
v  -9.5234 0.8324 0.1860
v  -9.3001 0.8324 0.1860
v  -9.3001 0.6937 0.1860
v  -9.0769 0.6937 0.1860
v  -9.0769 0.5549 0.1860
v  -8.8537 0.5549 0.1860
v  -8.8537 0.4162 0.1860
v  -8.6305 0.4162 0.1860
v  -8.6305 0.2775 0.1860
v  -8.4073 0.2775 0.1860
v  -8.4073 0.1387 0.1860
v  -8.1840 0.1387 0.1860
v  -11.9788 2.4972 1.9577
v  -11.9788 2.4972 -1.5858
v  -13.9878 2.4972 -1.5858
v  -13.9878 2.4972 1.9577
v  -13.9878 2.3585 1.9577
v  -13.9878 2.3585 -1.5858
v  -11.9359 3.3057 0.0920
v  -8.3705 5.5371 0.0920
v  -8.3647 5.5282 0.0662
v  -11.9301 3.2969 0.0662
v  -8.3508 5.5069 0.0555
v  -11.9162 3.2755 0.0555
v  -8.3369 5.4855 0.0662
v  -11.9023 3.2542 0.0662
v  -8.3311 5.4767 0.0920
v  -11.8965 3.2453 0.0920
v  -8.3369 5.4855 0.1179
v  -11.9023 3.2542 0.1179
v  -8.3508 5.5069 0.1286
v  -11.9162 3.2755 0.1286
v  -8.3647 5.5282 0.1179
v  -11.9301 3.2969 0.1179
v  -11.9698 3.2720 0.0927
v  -11.9628 3.2889 0.1078
v  -11.9612 3.2474 0.0864
v  -11.9420 3.2294 0.0927
v  -11.9235 3.2285 0.1078
v  -11.9164 3.2454 0.1230
v  -11.9250 3.2700 0.1293
v  -11.9442 3.2880 0.1230
v  -11.9930 3.2575 0.1403
v  -11.9770 3.2800 0.1403
v  -11.9881 3.2305 0.1403
v  -11.9652 3.2148 0.1403
v  -11.9376 3.2196 0.1403
v  -11.9216 3.2421 0.1403
v  -11.9265 3.2691 0.1403
v  -11.9494 3.2848 0.1403
v  -11.9930 3.2576 0.1782
v  -11.9769 3.2801 0.1782
v  -11.9882 3.2306 0.1782
v  -11.9653 3.2148 0.1782
v  -11.9377 3.2196 0.1782
v  -11.9216 3.2420 0.1782
v  -11.9264 3.2690 0.1782
v  -11.9494 3.2848 0.1782
v  -11.8966 3.2546 0.2643
v  -11.9023 3.2458 0.2902
v  -8.2449 0.9846 0.2902
v  -8.2392 0.9935 0.2643
v  -11.9161 3.2243 0.3009
v  -8.2587 0.9632 0.3009
v  -11.9299 3.2029 0.2902
v  -8.2725 0.9418 0.2902
v  -11.9356 3.1940 0.2643
v  -8.2782 0.9329 0.2643
v  -11.9299 3.2029 0.2384
v  -8.2725 0.9418 0.2384
v  -11.9161 3.2243 0.2277
v  -8.2587 0.9632 0.2277
v  -11.9023 3.2458 0.2384
v  -8.2449 0.9846 0.2384
v  -11.9236 3.2713 0.2485
v  -11.9421 3.2704 0.2637
v  -11.9612 3.2522 0.2700
v  -11.9697 3.2275 0.2637
v  -11.9626 3.2107 0.2485
v  -11.9440 3.2117 0.2333
v  -11.9249 3.2298 0.2270
v  -11.9165 3.2545 0.2333
v  -11.9492 3.2848 0.2161
v  -11.9768 3.2801 0.2161
v  -11.9930 3.2577 0.2161
v  -11.9882 3.2307 0.2161
v  -11.9654 3.2149 0.2161
v  -11.9378 3.2195 0.2161
v  -11.9216 3.2419 0.2161
v  -11.9264 3.2689 0.2161
v  -8.3353 5.5591 0.0920
v  -8.3295 5.5502 0.0662
v  -8.3156 5.5289 0.0555
v  -8.3017 5.5075 0.0662
v  -8.2959 5.4987 0.0920
v  -8.3017 5.5075 0.1179
v  -8.3156 5.5289 0.1286
v  -8.3295 5.5502 0.1179
v  -8.2939 5.5821 0.0920
v  -8.2931 5.5718 0.0662
v  -8.2905 5.5445 0.0555
v  -8.2880 5.5153 0.0662
v  -8.2869 5.5043 0.0920
v  -8.2880 5.5153 0.1179
v  -8.2905 5.5445 0.1286
v  -8.2931 5.5718 0.1179
v  -8.2031 5.5028 0.0920
v  -8.1994 4.8447 0.0920
v  -8.2101 4.8447 0.0662
v  -8.2133 5.5026 0.0662
v  -8.2360 4.8447 0.0555
v  -8.2379 5.5019 0.0555
v  -8.2619 4.8447 0.0662
v  -8.2625 5.5012 0.0662
v  -8.2726 4.8447 0.0920
v  -8.2727 5.5009 0.0920
v  -8.2619 4.8447 0.1179
v  -8.2625 5.5012 0.1179
v  -8.2360 4.8447 0.1286
v  -8.2379 5.5019 0.1286
v  -8.2101 4.8447 0.1179
v  -8.2133 5.5026 0.1179
v  -8.2561 5.5856 0.0920
v  -8.2124 5.5557 0.0920
v  -8.2196 5.5497 0.0662
v  -8.2602 5.5739 0.0662
v  -8.2427 5.5326 0.0555
v  -8.2674 5.5514 0.0555
v  -8.2651 5.5148 0.0662
v  -8.2743 5.5230 0.0662
v  -8.2729 5.5076 0.0920
v  -8.2779 5.5099 0.0920
v  -8.2651 5.5148 0.1179
v  -8.2743 5.5230 0.1179
v  -8.2427 5.5326 0.1286
v  -8.2674 5.5514 0.1286
v  -8.2196 5.5497 0.1179
v  -8.2602 5.5739 0.1179
v  -8.2202 0.9529 0.2902
v  -8.2112 0.9582 0.2643
v  -8.2412 0.9408 0.3009
v  -8.2640 0.9274 0.2902
v  -8.2715 0.9229 0.2643
v  -8.2640 0.9274 0.2384
v  -8.2412 0.9408 0.2277
v  -8.2202 0.9529 0.2384
v  -8.2144 0.9088 0.2902
v  -8.2130 0.1200 0.2902
v  -8.2034 0.1200 0.2643
v  -8.2050 0.9088 0.2643
v  -8.2371 0.9088 0.3009
v  -8.2360 0.1200 0.3009
v  -8.2597 0.9088 0.2902
v  -8.2590 0.1199 0.2902
v  -8.2690 0.9088 0.2643
v  -8.2686 0.1199 0.2643
v  -8.2597 0.9088 0.2384
v  -8.2590 0.1199 0.2384
v  -8.2371 0.9088 0.2277
v  -8.2360 0.1200 0.2277
v  -8.2144 0.9088 0.2384
v  -8.2130 0.1200 0.2384
v  -11.9365 3.2578 0.2028
v  -11.9351 2.3428 0.2028
v  -11.9256 2.3428 0.1803
v  -11.9271 3.2578 0.1803
v  -11.9591 3.2578 0.2122
v  -11.9581 2.3428 0.2122
v  -11.9818 3.2578 0.2028
v  -11.9811 2.3428 0.2028
v  -11.9911 3.2578 0.1803
v  -11.9907 2.3428 0.1803
v  -11.9818 3.2578 0.1578
v  -11.9811 2.3428 0.1578
v  -11.9591 3.2578 0.1484
v  -11.9581 2.3428 0.1484
v  -11.9365 3.2578 0.1578
v  -11.9351 2.3428 0.1578
v  -11.9255 2.3311 0.1803
v  -11.9351 2.3311 0.2028
v  -11.9581 2.3208 0.1803
v  -11.9581 2.3311 0.2122
v  -11.9811 2.3310 0.2028
v  -11.9907 2.3310 0.1803
v  -11.9811 2.3310 0.1578
v  -11.9581 2.3311 0.1484
v  -11.9351 2.3311 0.1578
v  -7.0982 2.9897 -1.6184
v  -14.0700 2.9897 -1.6184
v  -14.0700 2.9897 -1.7032
v  -7.0982 2.9897 -1.7032
v  -7.0982 3.0014 -1.6028
v  -7.0982 3.1204 -1.6028
v  -14.0700 3.1204 -1.6028
v  -14.0700 3.0014 -1.6028
v  -7.0982 3.1320 -1.6184
v  -7.0982 3.1320 -1.7032
v  -14.0700 3.1320 -1.7032
v  -14.0700 3.1320 -1.6184
v  -7.0982 3.1204 -1.7189
v  -7.0982 3.0014 -1.7189
v  -14.0700 3.0014 -1.7189
v  -14.0700 3.1204 -1.7189
v  -13.9876 0.0302 -1.6621
v  -13.9770 0.0302 -1.6366
v  -13.9770 4.5221 -1.6366
v  -13.9876 4.5221 -1.6621
v  -13.9516 0.0302 -1.6261
v  -13.9516 4.5221 -1.6261
v  -13.9261 0.0302 -1.6366
v  -13.9261 4.5221 -1.6366
v  -13.9155 0.0302 -1.6621
v  -13.9155 4.5221 -1.6621
v  -13.9261 0.0302 -1.6876
v  -13.9261 4.5221 -1.6876
v  -13.9516 0.0302 -1.6981
v  -13.9516 4.5221 -1.6981
v  -13.9770 0.0302 -1.6876
v  -13.9770 4.5221 -1.6876
v  -13.6876 0.0302 -1.6621
v  -13.6770 0.0302 -1.6366
v  -13.6770 4.5221 -1.6366
v  -13.6876 4.5221 -1.6621
v  -13.6516 0.0302 -1.6261
v  -13.6516 4.5221 -1.6261
v  -13.6261 0.0302 -1.6366
v  -13.6261 4.5221 -1.6366
v  -13.6155 0.0302 -1.6621
v  -13.6155 4.5221 -1.6621
v  -13.6261 0.0302 -1.6876
v  -13.6261 4.5221 -1.6876
v  -13.6516 0.0302 -1.6981
v  -13.6516 4.5221 -1.6981
v  -13.6770 0.0302 -1.6876
v  -13.6770 4.5221 -1.6876
v  -13.3876 0.0302 -1.6621
v  -13.3770 0.0302 -1.6366
v  -13.3770 4.5221 -1.6366
v  -13.3876 4.5221 -1.6621
v  -13.3516 0.0302 -1.6261
v  -13.3516 4.5221 -1.6261
v  -13.3261 0.0302 -1.6366
v  -13.3261 4.5221 -1.6366
v  -13.3155 0.0302 -1.6621
v  -13.3155 4.5221 -1.6621
v  -13.3261 0.0302 -1.6876
v  -13.3261 4.5221 -1.6876
v  -13.3516 0.0302 -1.6981
v  -13.3516 4.5221 -1.6981
v  -13.3770 0.0302 -1.6876
v  -13.3770 4.5221 -1.6876
v  -13.0876 0.0302 -1.6621
v  -13.0770 0.0302 -1.6366
v  -13.0770 4.5221 -1.6366
v  -13.0876 4.5221 -1.6621
v  -13.0516 0.0302 -1.6261
v  -13.0516 4.5221 -1.6261
v  -13.0261 0.0302 -1.6366
v  -13.0261 4.5221 -1.6366
v  -13.0155 0.0302 -1.6621
v  -13.0155 4.5221 -1.6621
v  -13.0261 0.0302 -1.6876
v  -13.0261 4.5221 -1.6876
v  -13.0516 0.0302 -1.6981
v  -13.0516 4.5221 -1.6981
v  -13.0770 0.0302 -1.6876
v  -13.0770 4.5221 -1.6876
v  -12.7876 0.0302 -1.6621
v  -12.7770 0.0302 -1.6366
v  -12.7770 4.5221 -1.6366
v  -12.7876 4.5221 -1.6621
v  -12.7516 0.0302 -1.6261
v  -12.7516 4.5221 -1.6261
v  -12.7261 0.0302 -1.6366
v  -12.7261 4.5221 -1.6366
v  -12.7155 0.0302 -1.6621
v  -12.7155 4.5221 -1.6621
v  -12.7261 0.0302 -1.6876
v  -12.7261 4.5221 -1.6876
v  -12.7516 0.0302 -1.6981
v  -12.7516 4.5221 -1.6981
v  -12.7770 0.0302 -1.6876
v  -12.7770 4.5221 -1.6876
v  -12.4876 0.0302 -1.6621
v  -12.4770 0.0302 -1.6366
v  -12.4770 4.5221 -1.6366
v  -12.4876 4.5221 -1.6621
v  -12.4516 0.0302 -1.6261
v  -12.4516 4.5221 -1.6261
v  -12.4261 0.0302 -1.6366
v  -12.4261 4.5221 -1.6366
v  -12.4155 0.0302 -1.6621
v  -12.4155 4.5221 -1.6621
v  -12.4261 0.0302 -1.6876
v  -12.4261 4.5221 -1.6876
v  -12.4516 0.0302 -1.6981
v  -12.4516 4.5221 -1.6981
v  -12.4770 0.0302 -1.6876
v  -12.4770 4.5221 -1.6876
v  -12.1876 0.0302 -1.6621
v  -12.1770 0.0302 -1.6366
v  -12.1770 4.5221 -1.6366
v  -12.1876 4.5221 -1.6621
v  -12.1516 0.0302 -1.6261
v  -12.1516 4.5221 -1.6261
v  -12.1261 0.0302 -1.6366
v  -12.1261 4.5221 -1.6366
v  -12.1155 0.0302 -1.6621
v  -12.1155 4.5221 -1.6621
v  -12.1261 0.0302 -1.6876
v  -12.1261 4.5221 -1.6876
v  -12.1516 0.0302 -1.6981
v  -12.1516 4.5221 -1.6981
v  -12.1770 0.0302 -1.6876
v  -12.1770 4.5221 -1.6876
v  -11.8876 0.0302 -1.6621
v  -11.8770 0.0302 -1.6366
v  -11.8770 4.5221 -1.6366
v  -11.8876 4.5221 -1.6621
v  -11.8516 0.0302 -1.6261
v  -11.8516 4.5221 -1.6261
v  -11.8261 0.0302 -1.6366
v  -11.8261 4.5221 -1.6366
v  -11.8155 0.0302 -1.6621
v  -11.8155 4.5221 -1.6621
v  -11.8261 0.0302 -1.6876
v  -11.8261 4.5221 -1.6876
v  -11.8516 0.0302 -1.6981
v  -11.8516 4.5221 -1.6981
v  -11.8770 0.0302 -1.6876
v  -11.8770 4.5221 -1.6876
v  -11.5876 0.0302 -1.6621
v  -11.5770 0.0302 -1.6366
v  -11.5770 4.5221 -1.6366
v  -11.5876 4.5221 -1.6621
v  -11.5516 0.0302 -1.6261
v  -11.5516 4.5221 -1.6261
v  -11.5261 0.0302 -1.6366
v  -11.5261 4.5221 -1.6366
v  -11.5155 0.0302 -1.6621
v  -11.5155 4.5221 -1.6621
v  -11.5261 0.0302 -1.6876
v  -11.5261 4.5221 -1.6876
v  -11.5516 0.0302 -1.6981
v  -11.5516 4.5221 -1.6981
v  -11.5770 0.0302 -1.6876
v  -11.5770 4.5221 -1.6876
v  -11.2876 0.0302 -1.6621
v  -11.2770 0.0302 -1.6366
v  -11.2770 4.5221 -1.6366
v  -11.2876 4.5221 -1.6621
v  -11.2516 0.0302 -1.6261
v  -11.2516 4.5221 -1.6261
v  -11.2261 0.0302 -1.6366
v  -11.2261 4.5221 -1.6366
v  -11.2155 0.0302 -1.6621
v  -11.2155 4.5221 -1.6621
v  -11.2261 0.0302 -1.6876
v  -11.2261 4.5221 -1.6876
v  -11.2516 0.0302 -1.6981
v  -11.2516 4.5221 -1.6981
v  -11.2770 0.0302 -1.6876
v  -11.2770 4.5221 -1.6876
v  -14.0700 0.0297 -1.6184
v  -7.0490 0.0297 -1.6184
v  -7.0490 0.0414 -1.6028
v  -14.0700 0.0414 -1.6028
v  -14.0700 0.1603 -1.6028
v  -7.0490 0.1603 -1.6028
v  -7.0490 0.1720 -1.6184
v  -14.0700 0.1720 -1.6184
v  -14.0700 0.1720 -1.7032
v  -7.0490 0.1720 -1.7032
v  -7.0490 0.1603 -1.7189
v  -14.0700 0.1603 -1.7189
v  -14.0700 0.0414 -1.7189
v  -7.0490 0.0414 -1.7189
v  -7.0490 0.0297 -1.7032
v  -14.0700 0.0297 -1.7032
v  -7.0365 0.0531 -1.6976
v  -7.0365 0.0531 -1.6241
v  -7.0365 0.1486 -1.6241
v  -7.0365 0.1486 -1.6976
v  -14.0700 1.2542 -1.6184
v  -7.0927 1.2542 -1.6184
v  -7.0927 1.2659 -1.6028
v  -14.0700 1.2659 -1.6028
v  -14.0700 1.3188 -1.6028
v  -7.0927 1.3188 -1.6028
v  -7.0927 1.3305 -1.6184
v  -14.0700 1.3305 -1.6184
v  -14.0700 1.3305 -1.7032
v  -7.0927 1.3305 -1.7032
v  -7.0927 1.3188 -1.7189
v  -14.0700 1.3188 -1.7189
v  -14.0700 1.2659 -1.7189
v  -7.0927 1.2659 -1.7189
v  -7.0927 1.2542 -1.7032
v  -14.0700 1.2542 -1.7032
v  -14.0700 1.5295 -1.6184
v  -7.0952 1.5295 -1.6184
v  -7.0952 1.5412 -1.6028
v  -14.0700 1.5412 -1.6028
v  -14.0700 1.5942 -1.6028
v  -7.0952 1.5942 -1.6028
v  -7.0952 1.6058 -1.6184
v  -14.0700 1.6058 -1.6184
v  -14.0700 1.6058 -1.7032
v  -7.0952 1.6058 -1.7032
v  -7.0952 1.5942 -1.7189
v  -14.0700 1.5942 -1.7189
v  -14.0700 1.5412 -1.7189
v  -7.0952 1.5412 -1.7189
v  -7.0952 1.5295 -1.7032
v  -14.0700 1.5295 -1.7032
v  -7.0832 1.5452 -1.6958
v  -7.0832 1.5452 -1.6258
v  -7.0832 1.5902 -1.6258
v  -7.0832 1.5902 -1.6958
v  -7.0807 1.2698 -1.6258
v  -7.0807 1.3149 -1.6258
v  -7.0807 1.3149 -1.6958
v  -7.0807 1.2698 -1.6958
v  -11.0293 0.0302 -1.6621
v  -11.0187 0.0302 -1.6366
v  -11.0187 4.5221 -1.6366
v  -11.0293 4.5221 -1.6621
v  -10.9932 0.0302 -1.6261
v  -10.9932 4.5221 -1.6261
v  -10.9678 0.0302 -1.6366
v  -10.9678 4.5221 -1.6366
v  -10.9572 0.0302 -1.6621
v  -10.9572 4.5221 -1.6621
v  -10.9678 0.0302 -1.6876
v  -10.9678 4.5221 -1.6876
v  -10.9932 0.0302 -1.6981
v  -10.9932 4.5221 -1.6981
v  -11.0187 0.0302 -1.6876
v  -11.0187 4.5221 -1.6876
v  -10.7293 0.0302 -1.6621
v  -10.7187 0.0302 -1.6366
v  -10.7187 4.5221 -1.6366
v  -10.7293 4.5221 -1.6621
v  -10.6932 0.0302 -1.6261
v  -10.6932 4.5221 -1.6261
v  -10.6678 0.0302 -1.6366
v  -10.6678 4.5221 -1.6366
v  -10.6572 0.0302 -1.6621
v  -10.6572 4.5221 -1.6621
v  -10.6678 0.0302 -1.6876
v  -10.6678 4.5221 -1.6876
v  -10.6932 0.0302 -1.6981
v  -10.6932 4.5221 -1.6981
v  -10.7187 0.0302 -1.6876
v  -10.7187 4.5221 -1.6876
v  -10.4293 0.0302 -1.6621
v  -10.4187 0.0302 -1.6366
v  -10.4187 4.5221 -1.6366
v  -10.4293 4.5221 -1.6621
v  -10.3932 0.0302 -1.6261
v  -10.3932 4.5221 -1.6261
v  -10.3678 0.0302 -1.6366
v  -10.3678 4.5221 -1.6366
v  -10.3572 0.0302 -1.6621
v  -10.3572 4.5221 -1.6621
v  -10.3678 0.0302 -1.6876
v  -10.3678 4.5221 -1.6876
v  -10.3932 0.0302 -1.6981
v  -10.3932 4.5221 -1.6981
v  -10.4187 0.0302 -1.6876
v  -10.4187 4.5221 -1.6876
v  -10.1293 0.0302 -1.6621
v  -10.1187 0.0302 -1.6366
v  -10.1187 4.5221 -1.6366
v  -10.1293 4.5221 -1.6621
v  -10.0932 0.0302 -1.6261
v  -10.0932 4.5221 -1.6261
v  -10.0678 0.0302 -1.6366
v  -10.0678 4.5221 -1.6366
v  -10.0572 0.0302 -1.6621
v  -10.0572 4.5221 -1.6621
v  -10.0678 0.0302 -1.6876
v  -10.0678 4.5221 -1.6876
v  -10.0932 0.0302 -1.6981
v  -10.0932 4.5221 -1.6981
v  -10.1187 0.0302 -1.6876
v  -10.1187 4.5221 -1.6876
v  -9.8293 0.0302 -1.6621
v  -9.8187 0.0302 -1.6366
v  -9.8187 4.5221 -1.6366
v  -9.8293 4.5221 -1.6621
v  -9.7932 0.0302 -1.6261
v  -9.7932 4.5221 -1.6261
v  -9.7678 0.0302 -1.6366
v  -9.7678 4.5221 -1.6366
v  -9.7572 0.0302 -1.6621
v  -9.7572 4.5221 -1.6621
v  -9.7678 0.0302 -1.6876
v  -9.7678 4.5221 -1.6876
v  -9.7932 0.0302 -1.6981
v  -9.7932 4.5221 -1.6981
v  -9.8187 0.0302 -1.6876
v  -9.8187 4.5221 -1.6876
v  -9.5293 0.0302 -1.6621
v  -9.5187 0.0302 -1.6366
v  -9.5187 4.5221 -1.6366
v  -9.5293 4.5221 -1.6621
v  -9.4932 0.0302 -1.6261
v  -9.4932 4.5221 -1.6261
v  -9.4678 0.0302 -1.6366
v  -9.4678 4.5221 -1.6366
v  -9.4572 0.0302 -1.6621
v  -9.4572 4.5221 -1.6621
v  -9.4678 0.0302 -1.6876
v  -9.4678 4.5221 -1.6876
v  -9.4932 0.0302 -1.6981
v  -9.4932 4.5221 -1.6981
v  -9.5187 0.0302 -1.6876
v  -9.5187 4.5221 -1.6876
v  -9.2262 0.0302 -1.6621
v  -9.2156 0.0302 -1.6366
v  -9.2156 4.5221 -1.6366
v  -9.2262 4.5221 -1.6621
v  -9.1901 0.0302 -1.6261
v  -9.1901 4.5221 -1.6261
v  -9.1647 0.0302 -1.6366
v  -9.1647 4.5221 -1.6366
v  -9.1541 0.0302 -1.6621
v  -9.1541 4.5221 -1.6621
v  -9.1647 0.0302 -1.6876
v  -9.1647 4.5221 -1.6876
v  -9.1901 0.0302 -1.6981
v  -9.1901 4.5221 -1.6981
v  -9.2156 0.0302 -1.6876
v  -9.2156 4.5221 -1.6876
v  -8.9262 0.0302 -1.6621
v  -8.9156 0.0302 -1.6366
v  -8.9156 4.5221 -1.6366
v  -8.9262 4.5221 -1.6621
v  -8.8901 0.0302 -1.6261
v  -8.8901 4.5221 -1.6261
v  -8.8647 0.0302 -1.6366
v  -8.8647 4.5221 -1.6366
v  -8.8541 0.0302 -1.6621
v  -8.8541 4.5221 -1.6621
v  -8.8647 0.0302 -1.6876
v  -8.8647 4.5221 -1.6876
v  -8.8901 0.0302 -1.6981
v  -8.8901 4.5221 -1.6981
v  -8.9156 0.0302 -1.6876
v  -8.9156 4.5221 -1.6876
v  -8.6678 0.0302 -1.6621
v  -8.6573 0.0302 -1.6366
v  -8.6573 4.5221 -1.6366
v  -8.6678 4.5221 -1.6621
v  -8.6318 0.0302 -1.6261
v  -8.6318 4.5221 -1.6261
v  -8.6063 0.0302 -1.6366
v  -8.6063 4.5221 -1.6366
v  -8.5958 0.0302 -1.6621
v  -8.5958 4.5221 -1.6621
v  -8.6063 0.0302 -1.6876
v  -8.6063 4.5221 -1.6876
v  -8.6318 0.0302 -1.6981
v  -8.6318 4.5221 -1.6981
v  -8.6573 0.0302 -1.6876
v  -8.6573 4.5221 -1.6876
v  -8.3678 0.0302 -1.6621
v  -8.3573 0.0302 -1.6366
v  -8.3573 4.5221 -1.6366
v  -8.3678 4.5221 -1.6621
v  -8.3318 0.0302 -1.6261
v  -8.3318 4.5221 -1.6261
v  -8.3063 0.0302 -1.6366
v  -8.3063 4.5221 -1.6366
v  -8.2958 0.0302 -1.6621
v  -8.2958 4.5221 -1.6621
v  -8.3063 0.0302 -1.6876
v  -8.3063 4.5221 -1.6876
v  -8.3318 0.0302 -1.6981
v  -8.3318 4.5221 -1.6981
v  -8.3573 0.0302 -1.6876
v  -8.3573 4.5221 -1.6876
v  -8.0678 0.0302 -1.6621
v  -8.0573 0.0302 -1.6366
v  -8.0573 4.5221 -1.6366
v  -8.0678 4.5221 -1.6621
v  -8.0318 0.0302 -1.6261
v  -8.0318 4.5221 -1.6261
v  -8.0063 0.0302 -1.6366
v  -8.0063 4.5221 -1.6366
v  -7.9958 0.0302 -1.6621
v  -7.9958 4.5221 -1.6621
v  -8.0063 0.0302 -1.6876
v  -8.0063 4.5221 -1.6876
v  -8.0318 0.0302 -1.6981
v  -8.0318 4.5221 -1.6981
v  -8.0573 0.0302 -1.6876
v  -8.0573 4.5221 -1.6876
v  -7.7678 0.0302 -1.6621
v  -7.7573 0.0302 -1.6366
v  -7.7573 4.5221 -1.6366
v  -7.7678 4.5221 -1.6621
v  -7.7318 0.0302 -1.6261
v  -7.7318 4.5221 -1.6261
v  -7.7063 0.0302 -1.6366
v  -7.7063 4.5221 -1.6366
v  -7.6958 0.0302 -1.6621
v  -7.6958 4.5221 -1.6621
v  -7.7063 0.0302 -1.6876
v  -7.7063 4.5221 -1.6876
v  -7.7318 0.0302 -1.6981
v  -7.7318 4.5221 -1.6981
v  -7.7573 0.0302 -1.6876
v  -7.7573 4.5221 -1.6876
v  -7.4678 0.0302 -1.6621
v  -7.4573 0.0302 -1.6366
v  -7.4573 4.5221 -1.6366
v  -7.4678 4.5221 -1.6621
v  -7.4318 0.0302 -1.6261
v  -7.4318 4.5221 -1.6261
v  -7.4063 0.0302 -1.6366
v  -7.4063 4.5221 -1.6366
v  -7.3958 0.0302 -1.6621
v  -7.3958 4.5221 -1.6621
v  -7.4063 0.0302 -1.6876
v  -7.4063 4.5221 -1.6876
v  -7.4318 0.0302 -1.6981
v  -7.4318 4.5221 -1.6981
v  -7.4573 0.0302 -1.6876
v  -7.4573 4.5221 -1.6876
v  -7.0803 3.0077 -1.7017
v  -7.0803 3.0077 -1.6199
v  -7.0803 3.1141 -1.6199
v  -7.0803 3.1141 -1.7017
v  -14.0890 3.0168 -1.6270
v  -14.0890 3.0168 -1.6947
v  -14.0890 3.1049 -1.6270
v  -14.0890 3.1049 -1.6947
v  -14.0890 0.0568 -1.6270
v  -14.0890 0.1449 -1.6270
v  -14.0890 0.1449 -1.6947
v  -14.0890 0.0568 -1.6947
v  -14.0890 1.2706 -1.6270
v  -14.0890 1.3141 -1.6270
v  -14.0890 1.3141 -1.6947
v  -14.0890 1.2706 -1.6947
v  -14.0890 1.5459 -1.6270
v  -14.0890 1.5895 -1.6270
v  -14.0890 1.5895 -1.6947
v  -14.0890 1.5459 -1.6947
v  -7.0982 2.9897 2.0470
v  -14.0700 2.9897 2.0471
v  -14.0700 2.9897 1.9622
v  -7.0982 2.9897 1.9622
v  -7.0982 3.0014 2.0627
v  -7.0982 3.1204 2.0627
v  -14.0700 3.1204 2.0627
v  -14.0700 3.0014 2.0627
v  -7.0982 3.1320 2.0470
v  -7.0982 3.1320 1.9622
v  -14.0700 3.1320 1.9622
v  -14.0700 3.1320 2.0471
v  -7.0982 3.1204 1.9466
v  -7.0982 3.0014 1.9466
v  -14.0700 3.0014 1.9466
v  -14.0700 3.1204 1.9466
v  -13.9876 0.0302 2.0033
v  -13.9770 0.0302 2.0288
v  -13.9770 4.5221 2.0288
v  -13.9876 4.5221 2.0033
v  -13.9516 0.0302 2.0394
v  -13.9516 4.5221 2.0394
v  -13.9261 0.0302 2.0288
v  -13.9261 4.5221 2.0288
v  -13.9155 0.0302 2.0033
v  -13.9155 4.5221 2.0033
v  -13.9261 0.0302 1.9779
v  -13.9261 4.5221 1.9779
v  -13.9516 0.0302 1.9673
v  -13.9516 4.5221 1.9673
v  -13.9770 0.0302 1.9779
v  -13.9770 4.5221 1.9779
v  -13.6876 0.0302 2.0033
v  -13.6770 0.0302 2.0288
v  -13.6770 4.5221 2.0288
v  -13.6876 4.5221 2.0033
v  -13.6516 0.0302 2.0394
v  -13.6516 4.5221 2.0394
v  -13.6261 0.0302 2.0288
v  -13.6261 4.5221 2.0288
v  -13.6155 0.0302 2.0033
v  -13.6155 4.5221 2.0033
v  -13.6261 0.0302 1.9779
v  -13.6261 4.5221 1.9779
v  -13.6516 0.0302 1.9673
v  -13.6516 4.5221 1.9673
v  -13.6770 0.0302 1.9779
v  -13.6770 4.5221 1.9779
v  -13.3876 0.0302 2.0033
v  -13.3770 0.0302 2.0288
v  -13.3770 4.5221 2.0288
v  -13.3876 4.5221 2.0033
v  -13.3516 0.0302 2.0394
v  -13.3516 4.5221 2.0394
v  -13.3261 0.0302 2.0288
v  -13.3261 4.5221 2.0288
v  -13.3155 0.0302 2.0033
v  -13.3155 4.5221 2.0033
v  -13.3261 0.0302 1.9779
v  -13.3261 4.5221 1.9779
v  -13.3516 0.0302 1.9673
v  -13.3516 4.5221 1.9673
v  -13.3770 0.0302 1.9779
v  -13.3770 4.5221 1.9779
v  -13.0876 0.0302 2.0033
v  -13.0770 0.0302 2.0288
v  -13.0770 4.5221 2.0288
v  -13.0876 4.5221 2.0033
v  -13.0516 0.0302 2.0394
v  -13.0516 4.5221 2.0394
v  -13.0261 0.0302 2.0288
v  -13.0261 4.5221 2.0288
v  -13.0155 0.0302 2.0033
v  -13.0155 4.5221 2.0033
v  -13.0261 0.0302 1.9779
v  -13.0261 4.5221 1.9779
v  -13.0516 0.0302 1.9673
v  -13.0516 4.5221 1.9673
v  -13.0770 0.0302 1.9779
v  -13.0770 4.5221 1.9779
v  -12.7876 0.0302 2.0033
v  -12.7770 0.0302 2.0288
v  -12.7770 4.5221 2.0288
v  -12.7876 4.5221 2.0033
v  -12.7516 0.0302 2.0394
v  -12.7516 4.5221 2.0394
v  -12.7261 0.0302 2.0288
v  -12.7261 4.5221 2.0288
v  -12.7155 0.0302 2.0033
v  -12.7155 4.5221 2.0033
v  -12.7261 0.0302 1.9779
v  -12.7261 4.5221 1.9779
v  -12.7516 0.0302 1.9673
v  -12.7516 4.5221 1.9673
v  -12.7770 0.0302 1.9779
v  -12.7770 4.5221 1.9779
v  -12.4876 0.0302 2.0033
v  -12.4770 0.0302 2.0288
v  -12.4770 4.5221 2.0288
v  -12.4876 4.5221 2.0033
v  -12.4516 0.0302 2.0394
v  -12.4516 4.5221 2.0394
v  -12.4261 0.0302 2.0288
v  -12.4261 4.5221 2.0288
v  -12.4155 0.0302 2.0033
v  -12.4155 4.5221 2.0033
v  -12.4261 0.0302 1.9779
v  -12.4261 4.5221 1.9779
v  -12.4516 0.0302 1.9673
v  -12.4516 4.5221 1.9673
v  -12.4770 0.0302 1.9779
v  -12.4770 4.5221 1.9779
v  -12.1876 0.0302 2.0033
v  -12.1770 0.0302 2.0288
v  -12.1770 4.5221 2.0288
v  -12.1876 4.5221 2.0033
v  -12.1516 0.0302 2.0394
v  -12.1516 4.5221 2.0394
v  -12.1261 0.0302 2.0288
v  -12.1261 4.5221 2.0288
v  -12.1155 0.0302 2.0033
v  -12.1155 4.5221 2.0033
v  -12.1261 0.0302 1.9779
v  -12.1261 4.5221 1.9779
v  -12.1516 0.0302 1.9673
v  -12.1516 4.5221 1.9673
v  -12.1770 0.0302 1.9779
v  -12.1770 4.5221 1.9779
v  -11.8876 0.0302 2.0033
v  -11.8770 0.0302 2.0288
v  -11.8770 4.5221 2.0288
v  -11.8876 4.5221 2.0033
v  -11.8516 0.0302 2.0394
v  -11.8516 4.5221 2.0394
v  -11.8261 0.0302 2.0288
v  -11.8261 4.5221 2.0288
v  -11.8155 0.0302 2.0033
v  -11.8155 4.5221 2.0033
v  -11.8261 0.0302 1.9779
v  -11.8261 4.5221 1.9779
v  -11.8516 0.0302 1.9673
v  -11.8516 4.5221 1.9673
v  -11.8770 0.0302 1.9779
v  -11.8770 4.5221 1.9779
v  -11.5876 0.0302 2.0033
v  -11.5770 0.0302 2.0288
v  -11.5770 4.5221 2.0288
v  -11.5876 4.5221 2.0033
v  -11.5516 0.0302 2.0394
v  -11.5516 4.5221 2.0394
v  -11.5261 0.0302 2.0288
v  -11.5261 4.5221 2.0288
v  -11.5155 0.0302 2.0033
v  -11.5155 4.5221 2.0033
v  -11.5261 0.0302 1.9779
v  -11.5261 4.5221 1.9779
v  -11.5516 0.0302 1.9673
v  -11.5516 4.5221 1.9673
v  -11.5770 0.0302 1.9779
v  -11.5770 4.5221 1.9779
v  -11.2876 0.0302 2.0033
v  -11.2770 0.0302 2.0288
v  -11.2770 4.5221 2.0288
v  -11.2876 4.5221 2.0033
v  -11.2516 0.0302 2.0394
v  -11.2516 4.5221 2.0394
v  -11.2261 0.0302 2.0288
v  -11.2261 4.5221 2.0288
v  -11.2155 0.0302 2.0033
v  -11.2155 4.5221 2.0033
v  -11.2261 0.0302 1.9779
v  -11.2261 4.5221 1.9779
v  -11.2516 0.0302 1.9673
v  -11.2516 4.5221 1.9673
v  -11.2770 0.0302 1.9779
v  -11.2770 4.5221 1.9779
v  -14.0700 0.0297 2.0471
v  -7.0585 0.0297 2.0470
v  -7.0585 0.0414 2.0627
v  -14.0700 0.0414 2.0627
v  -14.0700 0.1603 2.0627
v  -7.0585 0.1603 2.0627
v  -7.0585 0.1720 2.0470
v  -14.0700 0.1720 2.0471
v  -14.0700 0.1720 1.9622
v  -7.0585 0.1720 1.9622
v  -7.0585 0.1603 1.9466
v  -14.0700 0.1603 1.9466
v  -14.0700 0.0414 1.9466
v  -7.0585 0.0414 1.9466
v  -7.0585 0.0297 1.9622
v  -14.0700 0.0297 1.9622
v  -7.0461 0.0531 1.9679
v  -7.0461 0.0531 2.0414
v  -7.0461 0.1486 2.0414
v  -7.0461 0.1486 1.9679
v  -7.0982 4.0969 2.0470
v  -14.0700 4.0969 2.0471
v  -14.0700 4.0969 1.9622
v  -7.0982 4.0969 1.9622
v  -7.0982 4.1086 2.0627
v  -7.0982 4.2276 2.0627
v  -14.0700 4.2276 2.0627
v  -14.0700 4.1086 2.0627
v  -7.0982 4.2393 2.0470
v  -7.0982 4.2393 1.9622
v  -14.0700 4.2393 1.9622
v  -14.0700 4.2393 2.0471
v  -7.0982 4.2276 1.9466
v  -7.0982 4.1086 1.9466
v  -14.0700 4.1086 1.9466
v  -14.0700 4.2276 1.9466
v  -14.0700 1.2542 2.0471
v  -7.0927 1.2542 2.0470
v  -7.0927 1.2659 2.0627
v  -14.0700 1.2659 2.0627
v  -14.0700 1.3188 2.0627
v  -7.0927 1.3188 2.0627
v  -7.0927 1.3305 2.0470
v  -14.0700 1.3305 2.0471
v  -14.0700 1.3305 1.9622
v  -7.0927 1.3305 1.9622
v  -7.0927 1.3188 1.9466
v  -14.0700 1.3188 1.9466
v  -14.0700 1.2659 1.9466
v  -7.0927 1.2659 1.9466
v  -7.0927 1.2542 1.9622
v  -14.0700 1.2542 1.9622
v  -14.0700 1.5295 2.0471
v  -7.0952 1.5295 2.0470
v  -7.0952 1.5412 2.0627
v  -14.0700 1.5412 2.0627
v  -14.0700 1.5942 2.0627
v  -7.0952 1.5942 2.0627
v  -7.0952 1.6058 2.0470
v  -14.0700 1.6058 2.0471
v  -14.0700 1.6058 1.9622
v  -7.0952 1.6058 1.9622
v  -7.0952 1.5942 1.9466
v  -14.0700 1.5942 1.9466
v  -14.0700 1.5412 1.9466
v  -7.0952 1.5412 1.9466
v  -7.0952 1.5295 1.9622
v  -14.0700 1.5295 1.9622
v  -7.0831 1.5452 1.9696
v  -7.0831 1.5452 2.0396
v  -7.0831 1.5902 2.0396
v  -7.0831 1.5902 1.9696
v  -7.0807 1.2698 2.0396
v  -7.0807 1.3149 2.0396
v  -7.0807 1.3149 1.9696
v  -7.0807 1.2698 1.9696
v  -11.0293 0.0302 2.0033
v  -11.0187 0.0302 2.0288
v  -11.0187 4.5221 2.0288
v  -11.0293 4.5221 2.0033
v  -10.9932 0.0302 2.0394
v  -10.9932 4.5221 2.0394
v  -10.9678 0.0302 2.0288
v  -10.9678 4.5221 2.0288
v  -10.9572 0.0302 2.0033
v  -10.9572 4.5221 2.0033
v  -10.9678 0.0302 1.9779
v  -10.9678 4.5221 1.9779
v  -10.9932 0.0302 1.9673
v  -10.9932 4.5221 1.9673
v  -11.0187 0.0302 1.9779
v  -11.0187 4.5221 1.9779
v  -10.7293 0.0302 2.0033
v  -10.7187 0.0302 2.0288
v  -10.7187 4.5221 2.0288
v  -10.7293 4.5221 2.0033
v  -10.6932 0.0302 2.0394
v  -10.6932 4.5221 2.0394
v  -10.6678 0.0302 2.0288
v  -10.6678 4.5221 2.0288
v  -10.6572 0.0302 2.0033
v  -10.6572 4.5221 2.0033
v  -10.6678 0.0302 1.9779
v  -10.6678 4.5221 1.9779
v  -10.6932 0.0302 1.9673
v  -10.6932 4.5221 1.9673
v  -10.7187 0.0302 1.9779
v  -10.7187 4.5221 1.9779
v  -10.4293 0.0302 2.0033
v  -10.4187 0.0302 2.0288
v  -10.4187 4.5221 2.0288
v  -10.4293 4.5221 2.0033
v  -10.3932 0.0302 2.0394
v  -10.3932 4.5221 2.0394
v  -10.3678 0.0302 2.0288
v  -10.3678 4.5221 2.0288
v  -10.3572 0.0302 2.0033
v  -10.3572 4.5221 2.0033
v  -10.3678 0.0302 1.9779
v  -10.3678 4.5221 1.9779
v  -10.3932 0.0302 1.9673
v  -10.3932 4.5221 1.9673
v  -10.4187 0.0302 1.9779
v  -10.4187 4.5221 1.9779
v  -10.1293 0.0302 2.0033
v  -10.1187 0.0302 2.0288
v  -10.1187 4.5221 2.0288
v  -10.1293 4.5221 2.0033
v  -10.0932 0.0302 2.0394
v  -10.0932 4.5221 2.0394
v  -10.0678 0.0302 2.0288
v  -10.0678 4.5221 2.0288
v  -10.0572 0.0302 2.0033
v  -10.0572 4.5221 2.0033
v  -10.0678 0.0302 1.9779
v  -10.0678 4.5221 1.9779
v  -10.0932 0.0302 1.9673
v  -10.0932 4.5221 1.9673
v  -10.1187 0.0302 1.9779
v  -10.1187 4.5221 1.9779
v  -9.8293 0.0302 2.0033
v  -9.8187 0.0302 2.0288
v  -9.8187 4.5221 2.0288
v  -9.8293 4.5221 2.0033
v  -9.7932 0.0302 2.0394
v  -9.7932 4.5221 2.0394
v  -9.7678 0.0302 2.0288
v  -9.7678 4.5221 2.0288
v  -9.7572 0.0302 2.0033
v  -9.7572 4.5221 2.0033
v  -9.7678 0.0302 1.9779
v  -9.7678 4.5221 1.9779
v  -9.7932 0.0302 1.9673
v  -9.7932 4.5221 1.9673
v  -9.8187 0.0302 1.9779
v  -9.8187 4.5221 1.9779
v  -9.5293 0.0302 2.0033
v  -9.5187 0.0302 2.0288
v  -9.5187 4.5221 2.0288
v  -9.5293 4.5221 2.0033
v  -9.4932 0.0302 2.0394
v  -9.4932 4.5221 2.0394
v  -9.4678 0.0302 2.0288
v  -9.4678 4.5221 2.0288
v  -9.4572 0.0302 2.0033
v  -9.4572 4.5221 2.0033
v  -9.4678 0.0302 1.9779
v  -9.4678 4.5221 1.9779
v  -9.4932 0.0302 1.9673
v  -9.4932 4.5221 1.9673
v  -9.5187 0.0302 1.9779
v  -9.5187 4.5221 1.9779
v  -9.2262 0.0302 2.0033
v  -9.2156 0.0302 2.0288
v  -9.2156 4.5221 2.0288
v  -9.2262 4.5221 2.0033
v  -9.1901 0.0302 2.0394
v  -9.1901 4.5221 2.0394
v  -9.1647 0.0302 2.0288
v  -9.1647 4.5221 2.0288
v  -9.1541 0.0302 2.0033
v  -9.1541 4.5221 2.0033
v  -9.1647 0.0302 1.9779
v  -9.1647 4.5221 1.9779
v  -9.1901 0.0302 1.9673
v  -9.1901 4.5221 1.9673
v  -9.2156 0.0302 1.9779
v  -9.2156 4.5221 1.9779
v  -8.9262 0.0302 2.0033
v  -8.9156 0.0302 2.0288
v  -8.9156 4.5221 2.0288
v  -8.9262 4.5221 2.0033
v  -8.8901 0.0302 2.0394
v  -8.8901 4.5221 2.0394
v  -8.8647 0.0302 2.0288
v  -8.8647 4.5221 2.0288
v  -8.8541 0.0302 2.0033
v  -8.8541 4.5221 2.0033
v  -8.8647 0.0302 1.9779
v  -8.8647 4.5221 1.9779
v  -8.8901 0.0302 1.9673
v  -8.8901 4.5221 1.9673
v  -8.9156 0.0302 1.9779
v  -8.9156 4.5221 1.9779
v  -8.6678 0.0302 2.0033
v  -8.6573 0.0302 2.0288
v  -8.6573 4.5221 2.0288
v  -8.6678 4.5221 2.0033
v  -8.6318 0.0302 2.0394
v  -8.6318 4.5221 2.0394
v  -8.6063 0.0302 2.0288
v  -8.6063 4.5221 2.0288
v  -8.5958 0.0302 2.0033
v  -8.5958 4.5221 2.0033
v  -8.6063 0.0302 1.9779
v  -8.6063 4.5221 1.9779
v  -8.6318 0.0302 1.9673
v  -8.6318 4.5221 1.9673
v  -8.6573 0.0302 1.9779
v  -8.6573 4.5221 1.9779
v  -8.3678 0.0302 2.0033
v  -8.3573 0.0302 2.0288
v  -8.3573 4.5221 2.0288
v  -8.3678 4.5221 2.0033
v  -8.3318 0.0302 2.0394
v  -8.3318 4.5221 2.0394
v  -8.3063 0.0302 2.0288
v  -8.3063 4.5221 2.0288
v  -8.2958 0.0302 2.0033
v  -8.2958 4.5221 2.0033
v  -8.3063 0.0302 1.9779
v  -8.3063 4.5221 1.9779
v  -8.3318 0.0302 1.9673
v  -8.3318 4.5221 1.9673
v  -8.3573 0.0302 1.9779
v  -8.3573 4.5221 1.9779
v  -8.0678 0.0302 2.0033
v  -8.0573 0.0302 2.0288
v  -8.0573 4.5221 2.0288
v  -8.0678 4.5221 2.0033
v  -8.0318 0.0302 2.0394
v  -8.0318 4.5221 2.0394
v  -8.0063 0.0302 2.0288
v  -8.0063 4.5221 2.0288
v  -7.9958 0.0302 2.0033
v  -7.9958 4.5221 2.0033
v  -8.0063 0.0302 1.9779
v  -8.0063 4.5221 1.9779
v  -8.0318 0.0302 1.9673
v  -8.0318 4.5221 1.9673
v  -8.0573 0.0302 1.9779
v  -8.0573 4.5221 1.9779
v  -7.7678 0.0302 2.0033
v  -7.7573 0.0302 2.0288
v  -7.7573 4.5221 2.0288
v  -7.7678 4.5221 2.0033
v  -7.7318 0.0302 2.0394
v  -7.7318 4.5221 2.0394
v  -7.7063 0.0302 2.0288
v  -7.7063 4.5221 2.0288
v  -7.6958 0.0302 2.0033
v  -7.6958 4.5221 2.0033
v  -7.7063 0.0302 1.9779
v  -7.7063 4.5221 1.9779
v  -7.7318 0.0302 1.9673
v  -7.7318 4.5221 1.9673
v  -7.7573 0.0302 1.9779
v  -7.7573 4.5221 1.9779
v  -7.4678 0.0302 2.0033
v  -7.4573 0.0302 2.0288
v  -7.4573 4.5221 2.0288
v  -7.4678 4.5221 2.0033
v  -7.4318 0.0302 2.0394
v  -7.4318 4.5221 2.0394
v  -7.4063 0.0302 2.0288
v  -7.4063 4.5221 2.0288
v  -7.3958 0.0302 2.0033
v  -7.3958 4.5221 2.0033
v  -7.4063 0.0302 1.9779
v  -7.4063 4.5221 1.9779
v  -7.4318 0.0302 1.9673
v  -7.4318 4.5221 1.9673
v  -7.4573 0.0302 1.9779
v  -7.4573 4.5221 1.9779
v  -7.1678 0.0302 2.0033
v  -7.1573 0.0302 2.0288
v  -7.1573 4.5221 2.0288
v  -7.1678 4.5221 2.0033
v  -7.1318 0.0302 2.0394
v  -7.1318 4.5221 2.0394
v  -7.1063 0.0302 2.0288
v  -7.1063 4.5221 2.0288
v  -7.0958 0.0302 2.0033
v  -7.0958 4.5221 2.0033
v  -7.1063 0.0302 1.9779
v  -7.1063 4.5221 1.9779
v  -7.1318 0.0302 1.9673
v  -7.1318 4.5221 1.9673
v  -7.1573 0.0302 1.9779
v  -7.1573 4.5221 1.9779
v  -7.0803 3.0077 1.9637
v  -7.0803 3.0077 2.0455
v  -7.0803 3.1141 2.0455
v  -7.0803 3.1141 1.9637
v  -7.0803 4.1149 1.9637
v  -7.0803 4.1149 2.0455
v  -7.0803 4.2213 2.0455
v  -7.0803 4.2213 1.9637
v  -14.0890 3.0168 2.0385
v  -14.0890 3.0168 1.9708
v  -14.0890 3.1049 2.0385
v  -14.0890 3.1049 1.9708
v  -14.0890 0.0568 2.0385
v  -14.0890 0.1449 2.0385
v  -14.0890 0.1449 1.9708
v  -14.0890 0.0568 1.9708
v  -14.0890 4.1241 2.0385
v  -14.0890 4.1241 1.9708
v  -14.0890 4.2121 2.0385
v  -14.0890 4.2121 1.9708
v  -14.0890 1.2706 2.0385
v  -14.0890 1.3141 2.0385
v  -14.0890 1.3141 1.9708
v  -14.0890 1.2706 1.9708
v  -14.0890 1.5459 2.0385
v  -14.0890 1.5895 2.0385
v  -14.0890 1.5895 1.9708
v  -14.0890 1.5459 1.9708
v  -14.1196 2.9897 2.0349
v  -14.1196 2.9897 -1.7167
v  -14.0347 2.9897 -1.7167
v  -14.0347 2.9897 2.0349
v  -14.1352 3.0014 2.0349
v  -14.1352 3.1204 2.0349
v  -14.1352 3.1204 -1.7167
v  -14.1352 3.0014 -1.7167
v  -14.1196 3.1320 2.0349
v  -14.0347 3.1320 2.0349
v  -14.0347 3.1320 -1.7167
v  -14.1196 3.1320 -1.7167
v  -14.0191 3.1204 2.0349
v  -14.0191 3.0014 2.0349
v  -14.0191 3.0014 -1.7167
v  -14.0191 3.1204 -1.7167
v  -14.0759 0.0302 -1.6158
v  -14.1014 0.0302 -1.6052
v  -14.1014 4.5221 -1.6052
v  -14.0759 4.5221 -1.6158
v  -14.1119 0.0302 -1.5797
v  -14.1119 4.5221 -1.5797
v  -14.1014 0.0302 -1.5542
v  -14.1014 4.5221 -1.5542
v  -14.0759 0.0302 -1.5437
v  -14.0759 4.5221 -1.5437
v  -14.0504 0.0302 -1.5542
v  -14.0504 4.5221 -1.5542
v  -14.0399 0.0302 -1.5797
v  -14.0399 4.5221 -1.5797
v  -14.0504 0.0302 -1.6052
v  -14.0504 4.5221 -1.6052
v  -14.0759 0.0302 -1.4525
v  -14.1014 0.0302 -1.4419
v  -14.1014 4.5221 -1.4419
v  -14.0759 4.5221 -1.4525
v  -14.1119 0.0302 -1.4165
v  -14.1119 4.5221 -1.4165
v  -14.1014 0.0302 -1.3910
v  -14.1014 4.5221 -1.3910
v  -14.0759 0.0302 -1.3804
v  -14.0759 4.5221 -1.3804
v  -14.0504 0.0302 -1.3910
v  -14.0504 4.5221 -1.3910
v  -14.0399 0.0302 -1.4165
v  -14.0399 4.5221 -1.4165
v  -14.0504 0.0302 -1.4419
v  -14.0504 4.5221 -1.4419
v  -14.0759 0.0302 -1.1525
v  -14.1014 0.0302 -1.1419
v  -14.1014 4.5221 -1.1419
v  -14.0759 4.5221 -1.1525
v  -14.1119 0.0302 -1.1165
v  -14.1119 4.5221 -1.1165
v  -14.1014 0.0302 -1.0910
v  -14.1014 4.5221 -1.0910
v  -14.0759 0.0302 -1.0804
v  -14.0759 4.5221 -1.0804
v  -14.0504 0.0302 -1.0910
v  -14.0504 4.5221 -1.0910
v  -14.0399 0.0302 -1.1165
v  -14.0399 4.5221 -1.1165
v  -14.0504 0.0302 -1.1419
v  -14.0504 4.5221 -1.1419
v  -14.0759 0.0302 -0.8525
v  -14.1014 0.0302 -0.8419
v  -14.1014 4.5221 -0.8419
v  -14.0759 4.5221 -0.8525
v  -14.1119 0.0302 -0.8165
v  -14.1119 4.5221 -0.8165
v  -14.1014 0.0302 -0.7910
v  -14.1014 4.5221 -0.7910
v  -14.0759 0.0302 -0.7804
v  -14.0759 4.5221 -0.7804
v  -14.0504 0.0302 -0.7910
v  -14.0504 4.5221 -0.7910
v  -14.0399 0.0302 -0.8165
v  -14.0399 4.5221 -0.8165
v  -14.0504 0.0302 -0.8419
v  -14.0504 4.5221 -0.8419
v  -14.0759 0.0302 -0.5525
v  -14.1014 0.0302 -0.5419
v  -14.1014 4.5221 -0.5419
v  -14.0759 4.5221 -0.5525
v  -14.1119 0.0302 -0.5165
v  -14.1119 4.5221 -0.5165
v  -14.1014 0.0302 -0.4910
v  -14.1014 4.5221 -0.4910
v  -14.0759 0.0302 -0.4804
v  -14.0759 4.5221 -0.4804
v  -14.0504 0.0302 -0.4910
v  -14.0504 4.5221 -0.4910
v  -14.0399 0.0302 -0.5165
v  -14.0399 4.5221 -0.5165
v  -14.0504 0.0302 -0.5419
v  -14.0504 4.5221 -0.5419
v  -14.0759 0.0302 -0.2525
v  -14.1014 0.0302 -0.2419
v  -14.1014 4.5221 -0.2419
v  -14.0759 4.5221 -0.2525
v  -14.1119 0.0302 -0.2165
v  -14.1119 4.5221 -0.2165
v  -14.1014 0.0302 -0.1910
v  -14.1014 4.5221 -0.1910
v  -14.0759 0.0302 -0.1804
v  -14.0759 4.5221 -0.1804
v  -14.0504 0.0302 -0.1910
v  -14.0504 4.5221 -0.1910
v  -14.0399 0.0302 -0.2165
v  -14.0399 4.5221 -0.2165
v  -14.0504 0.0302 -0.2419
v  -14.0504 4.5221 -0.2419
v  -14.1196 0.0297 -1.7177
v  -14.1196 0.0297 2.0746
v  -14.1352 0.0414 2.0746
v  -14.1352 0.0414 -1.7177
v  -14.1352 0.1603 -1.7177
v  -14.1352 0.1603 2.0746
v  -14.1196 0.1720 2.0746
v  -14.1196 0.1720 -1.7177
v  -14.0347 0.1720 -1.7177
v  -14.0347 0.1720 2.0746
v  -14.0191 0.1603 2.0746
v  -14.0191 0.1603 -1.7177
v  -14.0191 0.0414 -1.7177
v  -14.0191 0.0414 2.0746
v  -14.0347 0.0297 2.0746
v  -14.0347 0.0297 -1.7177
v  -14.0404 0.0531 2.0870
v  -14.1139 0.0531 2.0870
v  -14.1139 0.1486 2.0870
v  -14.0404 0.1486 2.0870
v  -14.1196 4.0969 2.0349
v  -14.1196 4.0969 -1.7211
v  -14.0347 4.0969 -1.7211
v  -14.0347 4.0969 2.0349
v  -14.1352 4.1086 2.0349
v  -14.1352 4.2276 2.0349
v  -14.1352 4.2276 -1.7211
v  -14.1352 4.1086 -1.7211
v  -14.1196 4.2393 2.0349
v  -14.0347 4.2393 2.0349
v  -14.0347 4.2393 -1.7211
v  -14.1196 4.2393 -1.7211
v  -14.0191 4.2276 2.0349
v  -14.0191 4.1086 2.0349
v  -14.0191 4.1086 -1.7211
v  -14.0191 4.2276 -1.7211
v  -14.1196 1.2542 -1.7059
v  -14.1196 1.2542 2.0404
v  -14.1352 1.2659 2.0404
v  -14.1352 1.2659 -1.7059
v  -14.1352 1.3188 -1.7059
v  -14.1352 1.3188 2.0404
v  -14.1196 1.3305 2.0404
v  -14.1196 1.3305 -1.7059
v  -14.0347 1.3305 -1.7059
v  -14.0347 1.3305 2.0404
v  -14.0191 1.3188 2.0404
v  -14.0191 1.3188 -1.7059
v  -14.0191 1.2659 -1.7059
v  -14.0191 1.2659 2.0404
v  -14.0347 1.2542 2.0404
v  -14.0347 1.2542 -1.7059
v  -14.1196 1.5295 -1.7059
v  -14.1196 1.5295 2.0378
v  -14.1352 1.5412 2.0378
v  -14.1352 1.5412 -1.7059
v  -14.1352 1.5942 -1.7059
v  -14.1352 1.5942 2.0378
v  -14.1196 1.6058 2.0378
v  -14.1196 1.6058 -1.7059
v  -14.0347 1.6058 -1.7059
v  -14.0347 1.6058 2.0378
v  -14.0191 1.5942 2.0378
v  -14.0191 1.5942 -1.7059
v  -14.0191 1.5412 -1.7059
v  -14.0191 1.5412 2.0378
v  -14.0347 1.5295 2.0378
v  -14.0347 1.5295 -1.7059
v  -14.0422 1.5452 2.0499
v  -14.1122 1.5452 2.0499
v  -14.1122 1.5902 2.0499
v  -14.0422 1.5902 2.0499
v  -14.1122 1.2698 2.0524
v  -14.1122 1.3149 2.0524
v  -14.0422 1.3149 2.0524
v  -14.0422 1.2698 2.0524
v  -14.0759 0.0302 0.0058
v  -14.1014 0.0302 0.0164
v  -14.1014 4.5221 0.0164
v  -14.0759 4.5221 0.0058
v  -14.1119 0.0302 0.0419
v  -14.1119 4.5221 0.0419
v  -14.1014 0.0302 0.0674
v  -14.1014 4.5221 0.0674
v  -14.0759 0.0302 0.0779
v  -14.0759 4.5221 0.0779
v  -14.0504 0.0302 0.0674
v  -14.0504 4.5221 0.0674
v  -14.0399 0.0302 0.0419
v  -14.0399 4.5221 0.0419
v  -14.0504 0.0302 0.0164
v  -14.0504 4.5221 0.0164
v  -14.0759 0.0302 0.3058
v  -14.1014 0.0302 0.3164
v  -14.1014 4.5221 0.3164
v  -14.0759 4.5221 0.3058
v  -14.1119 0.0302 0.3419
v  -14.1119 4.5221 0.3419
v  -14.1014 0.0302 0.3674
v  -14.1014 4.5221 0.3674
v  -14.0759 0.0302 0.3779
v  -14.0759 4.5221 0.3779
v  -14.0504 0.0302 0.3674
v  -14.0504 4.5221 0.3674
v  -14.0399 0.0302 0.3419
v  -14.0399 4.5221 0.3419
v  -14.0504 0.0302 0.3164
v  -14.0504 4.5221 0.3164
v  -14.0759 0.0302 0.6058
v  -14.1014 0.0302 0.6164
v  -14.1014 4.5221 0.6164
v  -14.0759 4.5221 0.6058
v  -14.1119 0.0302 0.6419
v  -14.1119 4.5221 0.6419
v  -14.1014 0.0302 0.6674
v  -14.1014 4.5221 0.6674
v  -14.0759 0.0302 0.6779
v  -14.0759 4.5221 0.6779
v  -14.0504 0.0302 0.6674
v  -14.0504 4.5221 0.6674
v  -14.0399 0.0302 0.6419
v  -14.0399 4.5221 0.6419
v  -14.0504 0.0302 0.6164
v  -14.0504 4.5221 0.6164
v  -14.0759 0.0302 0.9058
v  -14.1014 0.0302 0.9164
v  -14.1014 4.5221 0.9164
v  -14.0759 4.5221 0.9058
v  -14.1119 0.0302 0.9419
v  -14.1119 4.5221 0.9419
v  -14.1014 0.0302 0.9674
v  -14.1014 4.5221 0.9674
v  -14.0759 0.0302 0.9779
v  -14.0759 4.5221 0.9779
v  -14.0504 0.0302 0.9674
v  -14.0504 4.5221 0.9674
v  -14.0399 0.0302 0.9419
v  -14.0399 4.5221 0.9419
v  -14.0504 0.0302 0.9164
v  -14.0504 4.5221 0.9164
v  -14.0759 0.0302 1.2058
v  -14.1014 0.0302 1.2164
v  -14.1014 4.5221 1.2164
v  -14.0759 4.5221 1.2058
v  -14.1119 0.0302 1.2419
v  -14.1119 4.5221 1.2419
v  -14.1014 0.0302 1.2674
v  -14.1014 4.5221 1.2674
v  -14.0759 0.0302 1.2779
v  -14.0759 4.5221 1.2779
v  -14.0504 0.0302 1.2674
v  -14.0504 4.5221 1.2674
v  -14.0399 0.0302 1.2419
v  -14.0399 4.5221 1.2419
v  -14.0504 0.0302 1.2164
v  -14.0504 4.5221 1.2164
v  -14.0759 0.0302 1.5058
v  -14.1014 0.0302 1.5164
v  -14.1014 4.5221 1.5164
v  -14.0759 4.5221 1.5058
v  -14.1119 0.0302 1.5419
v  -14.1119 4.5221 1.5419
v  -14.1014 0.0302 1.5674
v  -14.1014 4.5221 1.5674
v  -14.0759 0.0302 1.5779
v  -14.0759 4.5221 1.5779
v  -14.0504 0.0302 1.5674
v  -14.0504 4.5221 1.5674
v  -14.0399 0.0302 1.5419
v  -14.0399 4.5221 1.5419
v  -14.0504 0.0302 1.5164
v  -14.0504 4.5221 1.5164
v  -14.0759 0.0302 1.8072
v  -14.1014 0.0302 1.8178
v  -14.1014 4.5221 1.8178
v  -14.0759 4.5221 1.8072
v  -14.1119 0.0302 1.8433
v  -14.1119 4.5221 1.8433
v  -14.1014 0.0302 1.8688
v  -14.1014 4.5221 1.8688
v  -14.0759 0.0302 1.8793
v  -14.0759 4.5221 1.8793
v  -14.0504 0.0302 1.8688
v  -14.0504 4.5221 1.8688
v  -14.0399 0.0302 1.8433
v  -14.0399 4.5221 1.8433
v  -14.0504 0.0302 1.8178
v  -14.0504 4.5221 1.8178
v  -14.0379 3.0099 2.0517
v  -14.1164 3.0099 2.0517
v  -14.1164 3.1119 2.0517
v  -14.0379 3.1119 2.0517
v  -14.0379 4.1171 2.0517
v  -14.1164 4.1171 2.0517
v  -14.1164 4.2191 2.0517
v  -14.0379 4.2191 2.0517
v  -14.1115 3.0163 -1.7333
v  -14.0429 3.0163 -1.7333
v  -14.1115 3.1055 -1.7333
v  -14.0429 3.1055 -1.7333
v  -14.1115 0.0563 -1.7343
v  -14.1115 0.1455 -1.7343
v  -14.0429 0.1455 -1.7343
v  -14.0429 0.0563 -1.7343
v  -14.1115 4.1235 -1.7377
v  -14.0429 4.1235 -1.7377
v  -14.1115 4.2127 -1.7377
v  -14.0429 4.2127 -1.7377
v  -14.1115 1.2703 -1.7225
v  -14.1115 1.3144 -1.7225
v  -14.0429 1.3144 -1.7225
v  -14.0429 1.2703 -1.7225
v  -14.1115 1.5456 -1.7225
v  -14.1115 1.5898 -1.7225
v  -14.0429 1.5898 -1.7225
v  -14.0429 1.5456 -1.7225
v  -7.1491 2.9897 2.0383
v  -7.1491 2.9897 -1.7154
v  -7.0642 2.9897 -1.7154
v  -7.0642 2.9897 2.0383
v  -7.1647 3.0014 2.0383
v  -7.1647 3.1204 2.0383
v  -7.1647 3.1204 -1.7154
v  -7.1647 3.0014 -1.7154
v  -7.1491 3.1320 2.0383
v  -7.0642 3.1320 2.0383
v  -7.0642 3.1320 -1.7154
v  -7.1491 3.1320 -1.7154
v  -7.0486 3.1204 2.0383
v  -7.0486 3.0014 2.0383
v  -7.0486 3.0014 -1.7154
v  -7.0486 3.1204 -1.7154
v  -7.1054 0.0302 -0.5525
v  -7.1309 0.0302 -0.5419
v  -7.1309 4.5221 -0.5419
v  -7.1054 4.5221 -0.5525
v  -7.1414 0.0302 -0.5165
v  -7.1414 4.5221 -0.5165
v  -7.1309 0.0302 -0.4910
v  -7.1309 4.5221 -0.4910
v  -7.1054 0.0302 -0.4804
v  -7.1054 4.5221 -0.4804
v  -7.0799 0.0302 -0.4910
v  -7.0799 4.5221 -0.4910
v  -7.0693 0.0302 -0.5165
v  -7.0693 4.5221 -0.5165
v  -7.0799 0.0302 -0.5419
v  -7.0799 4.5221 -0.5419
v  -7.1054 0.0302 -0.2525
v  -7.1309 0.0302 -0.2419
v  -7.1309 4.5221 -0.2419
v  -7.1054 4.5221 -0.2525
v  -7.1414 0.0302 -0.2165
v  -7.1414 4.5221 -0.2165
v  -7.1309 0.0302 -0.1910
v  -7.1309 4.5221 -0.1910
v  -7.1054 0.0302 -0.1804
v  -7.1054 4.5221 -0.1804
v  -7.0799 0.0302 -0.1910
v  -7.0799 4.5221 -0.1910
v  -7.0693 0.0302 -0.2165
v  -7.0693 4.5221 -0.2165
v  -7.0799 0.0302 -0.2419
v  -7.0799 4.5221 -0.2419
v  -7.1054 0.0302 1.8475
v  -7.1309 0.0302 1.8581
v  -7.1309 4.5221 1.8581
v  -7.1054 4.5221 1.8475
v  -7.1414 0.0302 1.8835
v  -7.1414 4.5221 1.8835
v  -7.1309 0.0302 1.9090
v  -7.1309 4.5221 1.9090
v  -7.1054 0.0302 1.9196
v  -7.1054 4.5221 1.9196
v  -7.0799 0.0302 1.9090
v  -7.0799 4.5221 1.9090
v  -7.0693 0.0302 1.8835
v  -7.0693 4.5221 1.8835
v  -7.0799 0.0302 1.8581
v  -7.0799 4.5221 1.8581
v  -7.1309 3.0303 0.4733
v  -7.1309 4.5221 0.4733
v  -7.1054 4.5221 0.4627
v  -7.1054 3.0303 0.4627
v  -7.1414 3.0303 0.4988
v  -7.1414 4.5221 0.4988
v  -7.1309 3.0303 0.5243
v  -7.1309 4.5221 0.5243
v  -7.1054 3.0303 0.5348
v  -7.1054 4.5221 0.5348
v  -7.0799 3.0303 0.5243
v  -7.0799 4.5221 0.5243
v  -7.0693 3.0303 0.4988
v  -7.0693 4.5221 0.4988
v  -7.0799 3.0303 0.4733
v  -7.0799 4.5221 0.4733
v  -7.1309 3.0303 0.7733
v  -7.1309 4.5221 0.7733
v  -7.1054 4.5221 0.7627
v  -7.1054 3.0303 0.7627
v  -7.1414 3.0303 0.7988
v  -7.1414 4.5221 0.7988
v  -7.1309 3.0303 0.8243
v  -7.1309 4.5221 0.8243
v  -7.1054 3.0303 0.8348
v  -7.1054 4.5221 0.8348
v  -7.0799 3.0303 0.8243
v  -7.0799 4.5221 0.8243
v  -7.0693 3.0303 0.7988
v  -7.0693 4.5221 0.7988
v  -7.0799 3.0303 0.7733
v  -7.0799 4.5221 0.7733
v  -7.1309 3.0303 1.0733
v  -7.1309 4.5221 1.0733
v  -7.1054 4.5221 1.0627
v  -7.1054 3.0303 1.0627
v  -7.1414 3.0303 1.0988
v  -7.1414 4.5221 1.0988
v  -7.1309 3.0303 1.1243
v  -7.1309 4.5221 1.1243
v  -7.1054 3.0303 1.1348
v  -7.1054 4.5221 1.1348
v  -7.0799 3.0303 1.1243
v  -7.0799 4.5221 1.1243
v  -7.0693 3.0303 1.0988
v  -7.0693 4.5221 1.0988
v  -7.0799 3.0303 1.0733
v  -7.0799 4.5221 1.0733
v  -7.1309 3.0303 1.3733
v  -7.1309 4.5221 1.3733
v  -7.1054 4.5221 1.3627
v  -7.1054 3.0303 1.3627
v  -7.1414 3.0303 1.3988
v  -7.1414 4.5221 1.3988
v  -7.1309 3.0303 1.4243
v  -7.1309 4.5221 1.4243
v  -7.1054 3.0303 1.4348
v  -7.1054 4.5221 1.4348
v  -7.0799 3.0303 1.4243
v  -7.0799 4.5221 1.4243
v  -7.0693 3.0303 1.3988
v  -7.0693 4.5221 1.3988
v  -7.0799 3.0303 1.3733
v  -7.0799 4.5221 1.3733
v  -7.1309 3.0303 0.1767
v  -7.1309 4.5221 0.1767
v  -7.1054 4.5221 0.1661
v  -7.1054 3.0303 0.1661
v  -7.1414 3.0303 0.2022
v  -7.1414 4.5221 0.2022
v  -7.1309 3.0303 0.2276
v  -7.1309 4.5221 0.2276
v  -7.1054 3.0303 0.2382
v  -7.1054 4.5221 0.2382
v  -7.0799 3.0303 0.2276
v  -7.0799 4.5221 0.2276
v  -7.0693 3.0303 0.2022
v  -7.0693 4.5221 0.2022
v  -7.0799 3.0303 0.1767
v  -7.0799 4.5221 0.1767
v  -7.1370 0.0302 1.7394
v  -7.0737 0.0302 1.7394
v  -7.0737 4.5221 1.7394
v  -7.1370 4.5221 1.7394
v  -7.0737 0.0302 1.6663
v  -7.0737 4.5221 1.6663
v  -7.1370 0.0302 -0.0939
v  -7.1370 4.5221 -0.0939
v  -7.0737 4.5221 -0.0939
v  -7.0737 0.0302 -0.0939
v  -7.1370 0.0302 -0.0207
v  -7.1370 4.5221 -0.0207
v  -7.1370 0.0302 1.6663
v  -7.1370 4.5221 1.6663
v  -7.0737 0.0302 -0.0207
v  -7.0737 4.5221 -0.0207
v  -7.1491 0.0297 2.0383
v  -7.1491 0.0297 1.6903
v  -7.0642 0.0297 1.6903
v  -7.0642 0.0297 2.0383
v  -7.1647 0.0414 2.0383
v  -7.1647 0.1603 2.0383
v  -7.1647 0.1603 1.6903
v  -7.1647 0.0414 1.6903
v  -7.1491 0.1720 2.0383
v  -7.0642 0.1720 2.0383
v  -7.0642 0.1720 1.6903
v  -7.1491 0.1720 1.6903
v  -7.0486 0.1603 2.0383
v  -7.0486 0.0414 2.0383
v  -7.0486 0.0414 1.6903
v  -7.0486 0.1603 1.6903
v  -7.1491 0.0297 -1.7164
v  -7.1491 0.0297 -0.0369
v  -7.1647 0.0414 -0.0369
v  -7.1647 0.0414 -1.7164
v  -7.1647 0.1603 -1.7164
v  -7.1647 0.1603 -0.0369
v  -7.1491 0.1720 -0.0369
v  -7.1491 0.1720 -1.7164
v  -7.0642 0.1720 -1.7164
v  -7.0642 0.1720 -0.0369
v  -7.0486 0.1603 -0.0369
v  -7.0486 0.1603 -1.7164
v  -7.0486 0.0414 -1.7164
v  -7.0486 0.0414 -0.0369
v  -7.0642 0.0297 -0.0369
v  -7.0642 0.0297 -1.7164
v  -7.0699 0.0531 -0.0245
v  -7.1434 0.0531 -0.0245
v  -7.1434 0.1486 -0.0245
v  -7.0699 0.1486 -0.0245
v  -7.1434 0.0531 1.6692
v  -7.0699 0.0531 1.6692
v  -7.1434 0.1486 1.6692
v  -7.0699 0.1486 1.6692
v  -7.1491 1.2542 2.0383
v  -7.1491 1.2542 1.6810
v  -7.0642 1.2542 1.6810
v  -7.0642 1.2542 2.0383
v  -7.1647 1.2659 2.0383
v  -7.1647 1.3188 2.0383
v  -7.1647 1.3188 1.6810
v  -7.1647 1.2659 1.6810
v  -7.1491 1.3305 2.0383
v  -7.0642 1.3305 2.0383
v  -7.0642 1.3305 1.6810
v  -7.1491 1.3305 1.6810
v  -7.0486 1.3188 2.0383
v  -7.0486 1.2659 2.0383
v  -7.0486 1.2659 1.6810
v  -7.0486 1.3188 1.6810
v  -7.1491 1.2542 -1.7154
v  -7.1491 1.2542 -0.0357
v  -7.1647 1.2659 -0.0357
v  -7.1647 1.2659 -1.7154
v  -7.1647 1.3188 -1.7154
v  -7.1647 1.3188 -0.0357
v  -7.1491 1.3305 -0.0357
v  -7.1491 1.3305 -1.7154
v  -7.0642 1.3305 -1.7154
v  -7.0642 1.3305 -0.0357
v  -7.0486 1.3188 -0.0357
v  -7.0486 1.3188 -1.7154
v  -7.0486 1.2659 -1.7154
v  -7.0486 1.2659 -0.0357
v  -7.0642 1.2542 -0.0357
v  -7.0642 1.2542 -1.7154
v  -7.1491 1.5295 2.0383
v  -7.1491 1.5295 1.6824
v  -7.0642 1.5295 1.6824
v  -7.0642 1.5295 2.0383
v  -7.1647 1.5412 2.0383
v  -7.1647 1.5942 2.0383
v  -7.1647 1.5942 1.6824
v  -7.1647 1.5412 1.6824
v  -7.1491 1.6058 2.0383
v  -7.0642 1.6058 2.0383
v  -7.0642 1.6058 1.6824
v  -7.1491 1.6058 1.6824
v  -7.0486 1.5942 2.0383
v  -7.0486 1.5412 2.0383
v  -7.0486 1.5412 1.6824
v  -7.0486 1.5942 1.6824
v  -7.1491 1.5295 -1.7154
v  -7.1491 1.5295 -0.0383
v  -7.1647 1.5412 -0.0383
v  -7.1647 1.5412 -1.7154
v  -7.1647 1.5942 -1.7154
v  -7.1647 1.5942 -0.0383
v  -7.1491 1.6058 -0.0383
v  -7.1491 1.6058 -1.7154
v  -7.0642 1.6058 -1.7154
v  -7.0642 1.6058 -0.0383
v  -7.0486 1.5942 -0.0383
v  -7.0486 1.5942 -1.7154
v  -7.0486 1.5412 -1.7154
v  -7.0486 1.5412 -0.0383
v  -7.0642 1.5295 -0.0383
v  -7.0642 1.5295 -1.7154
v  -7.0717 1.5452 -0.0262
v  -7.1417 1.5452 -0.0262
v  -7.1417 1.5902 -0.0262
v  -7.0717 1.5902 -0.0262
v  -7.1417 1.2698 -0.0237
v  -7.1417 1.3149 -0.0237
v  -7.0717 1.3149 -0.0237
v  -7.0717 1.2698 -0.0237
v  -7.1417 1.5452 1.6727
v  -7.0717 1.5452 1.6727
v  -7.1417 1.5902 1.6727
v  -7.0717 1.5902 1.6727
v  -7.1417 1.2698 1.6713
v  -7.0717 1.2698 1.6713
v  -7.1417 1.3149 1.6713
v  -7.0717 1.3149 1.6713
v  -7.1424 3.0144 -1.7298
v  -7.0709 3.0144 -1.7298
v  -7.1424 3.1073 -1.7298
v  -7.0709 3.1073 -1.7298
v  -7.1424 0.0544 -1.7308
v  -7.1424 0.1473 -1.7308
v  -7.0709 0.1473 -1.7308
v  -7.0709 0.0544 -1.7308
v  -7.1424 1.2694 -1.7298
v  -7.1424 1.3153 -1.7298
v  -7.0709 1.3153 -1.7298
v  -7.0709 1.2694 -1.7298
v  -7.1424 1.5447 -1.7298
v  -7.1424 1.5907 -1.7298
v  -7.0709 1.5907 -1.7298
v  -7.0709 1.5447 -1.7298
v  -7.0686 3.0114 2.0570
v  -7.1447 3.0114 2.0570
v  -7.1447 3.1104 2.0570
v  -7.0686 3.1104 2.0570
v  -7.0686 0.0513 2.0570
v  -7.1447 0.0513 2.0570
v  -7.1447 0.1504 2.0570
v  -7.0686 0.1504 2.0570
v  -7.0686 1.2679 2.0570
v  -7.1447 1.2679 2.0570
v  -7.1447 1.3169 2.0570
v  -7.0686 1.3169 2.0570
v  -7.0686 1.5432 2.0570
v  -7.1447 1.5432 2.0570
v  -7.1447 1.5922 2.0570
v  -7.0686 1.5922 2.0570
v  -8.0507 7.8985 -1.6184
v  -14.0700 7.8985 -1.6184
v  -14.0700 7.8985 -1.7032
v  -8.0507 7.8985 -1.7032
v  -8.0507 7.9102 -1.6028
v  -8.0507 8.0292 -1.6028
v  -14.0700 8.0292 -1.6028
v  -14.0700 7.9102 -1.6028
v  -8.0507 8.0409 -1.6184
v  -8.0507 8.0409 -1.7032
v  -14.0700 8.0409 -1.7032
v  -14.0700 8.0409 -1.6184
v  -8.0507 8.0292 -1.7189
v  -8.0507 7.9102 -1.7189
v  -14.0700 7.9102 -1.7189
v  -14.0700 8.0292 -1.7189
v  -13.9876 4.9390 -1.6621
v  -13.9770 4.9390 -1.6366
v  -13.9770 9.4492 -1.6366
v  -13.9876 9.4492 -1.6621
v  -13.9516 4.9390 -1.6261
v  -13.9516 9.4492 -1.6261
v  -13.9261 4.9390 -1.6366
v  -13.9261 9.4492 -1.6366
v  -13.9155 4.9390 -1.6621
v  -13.9155 9.4492 -1.6621
v  -13.9261 4.9390 -1.6876
v  -13.9261 9.4492 -1.6876
v  -13.9516 4.9390 -1.6981
v  -13.9516 9.4492 -1.6981
v  -13.9770 4.9390 -1.6876
v  -13.9770 9.4492 -1.6876
v  -13.6876 4.9390 -1.6621
v  -13.6770 4.9390 -1.6366
v  -13.6770 9.4492 -1.6366
v  -13.6876 9.4492 -1.6621
v  -13.6516 4.9390 -1.6261
v  -13.6516 9.4492 -1.6261
v  -13.6261 4.9390 -1.6366
v  -13.6261 9.4492 -1.6366
v  -13.6155 4.9390 -1.6621
v  -13.6155 9.4492 -1.6621
v  -13.6261 4.9390 -1.6876
v  -13.6261 9.4492 -1.6876
v  -13.6516 4.9390 -1.6981
v  -13.6516 9.4492 -1.6981
v  -13.6770 4.9390 -1.6876
v  -13.6770 9.4492 -1.6876
v  -13.3876 4.9390 -1.6621
v  -13.3770 4.9390 -1.6366
v  -13.3770 9.4492 -1.6366
v  -13.3876 9.4492 -1.6621
v  -13.3516 4.9390 -1.6261
v  -13.3516 9.4492 -1.6261
v  -13.3261 4.9390 -1.6366
v  -13.3261 9.4492 -1.6366
v  -13.3155 4.9390 -1.6621
v  -13.3155 9.4492 -1.6621
v  -13.3261 4.9390 -1.6876
v  -13.3261 9.4492 -1.6876
v  -13.3516 4.9390 -1.6981
v  -13.3516 9.4492 -1.6981
v  -13.3770 4.9390 -1.6876
v  -13.3770 9.4492 -1.6876
v  -13.0876 4.9390 -1.6621
v  -13.0770 4.9390 -1.6366
v  -13.0770 9.4492 -1.6366
v  -13.0876 9.4492 -1.6621
v  -13.0516 4.9390 -1.6261
v  -13.0516 9.4492 -1.6261
v  -13.0261 4.9390 -1.6366
v  -13.0261 9.4492 -1.6366
v  -13.0155 4.9390 -1.6621
v  -13.0155 9.4492 -1.6621
v  -13.0261 4.9390 -1.6876
v  -13.0261 9.4492 -1.6876
v  -13.0516 4.9390 -1.6981
v  -13.0516 9.4492 -1.6981
v  -13.0770 4.9390 -1.6876
v  -13.0770 9.4492 -1.6876
v  -12.7876 4.9390 -1.6621
v  -12.7770 4.9390 -1.6366
v  -12.7770 9.4492 -1.6366
v  -12.7876 9.4492 -1.6621
v  -12.7516 4.9390 -1.6261
v  -12.7516 9.4492 -1.6261
v  -12.7261 4.9390 -1.6366
v  -12.7261 9.4492 -1.6366
v  -12.7155 4.9390 -1.6621
v  -12.7155 9.4492 -1.6621
v  -12.7261 4.9390 -1.6876
v  -12.7261 9.4492 -1.6876
v  -12.7516 4.9390 -1.6981
v  -12.7516 9.4492 -1.6981
v  -12.7770 4.9390 -1.6876
v  -12.7770 9.4492 -1.6876
v  -12.4876 4.9390 -1.6621
v  -12.4770 4.9390 -1.6366
v  -12.4770 9.4492 -1.6366
v  -12.4876 9.4492 -1.6621
v  -12.4516 4.9390 -1.6261
v  -12.4516 9.4492 -1.6261
v  -12.4261 4.9390 -1.6366
v  -12.4261 9.4492 -1.6366
v  -12.4155 4.9390 -1.6621
v  -12.4155 9.4492 -1.6621
v  -12.4261 4.9390 -1.6876
v  -12.4261 9.4492 -1.6876
v  -12.4516 4.9390 -1.6981
v  -12.4516 9.4492 -1.6981
v  -12.4770 4.9390 -1.6876
v  -12.4770 9.4492 -1.6876
v  -12.1876 4.9390 -1.6621
v  -12.1770 4.9390 -1.6366
v  -12.1770 9.4492 -1.6366
v  -12.1876 9.4492 -1.6621
v  -12.1516 4.9390 -1.6261
v  -12.1516 9.4492 -1.6261
v  -12.1261 4.9390 -1.6366
v  -12.1261 9.4492 -1.6366
v  -12.1155 4.9390 -1.6621
v  -12.1155 9.4492 -1.6621
v  -12.1261 4.9390 -1.6876
v  -12.1261 9.4492 -1.6876
v  -12.1516 4.9390 -1.6981
v  -12.1516 9.4492 -1.6981
v  -12.1770 4.9390 -1.6876
v  -12.1770 9.4492 -1.6876
v  -11.8876 4.9390 -1.6621
v  -11.8770 4.9390 -1.6366
v  -11.8770 9.4492 -1.6366
v  -11.8876 9.4492 -1.6621
v  -11.8516 4.9390 -1.6261
v  -11.8516 9.4492 -1.6261
v  -11.8261 4.9390 -1.6366
v  -11.8261 9.4492 -1.6366
v  -11.8155 4.9390 -1.6621
v  -11.8155 9.4492 -1.6621
v  -11.8261 4.9390 -1.6876
v  -11.8261 9.4492 -1.6876
v  -11.8516 4.9390 -1.6981
v  -11.8516 9.4492 -1.6981
v  -11.8770 4.9390 -1.6876
v  -11.8770 9.4492 -1.6876
v  -11.5876 4.9390 -1.6621
v  -11.5770 4.9390 -1.6366
v  -11.5770 9.4492 -1.6366
v  -11.5876 9.4492 -1.6621
v  -11.5516 4.9390 -1.6261
v  -11.5516 9.4492 -1.6261
v  -11.5261 4.9390 -1.6366
v  -11.5261 9.4492 -1.6366
v  -11.5155 4.9390 -1.6621
v  -11.5155 9.4492 -1.6621
v  -11.5261 4.9390 -1.6876
v  -11.5261 9.4492 -1.6876
v  -11.5516 4.9390 -1.6981
v  -11.5516 9.4492 -1.6981
v  -11.5770 4.9390 -1.6876
v  -11.5770 9.4492 -1.6876
v  -11.2876 4.9390 -1.6621
v  -11.2770 4.9390 -1.6366
v  -11.2770 9.4492 -1.6366
v  -11.2876 9.4492 -1.6621
v  -11.2516 4.9390 -1.6261
v  -11.2516 9.4492 -1.6261
v  -11.2261 4.9390 -1.6366
v  -11.2261 9.4492 -1.6366
v  -11.2155 4.9390 -1.6621
v  -11.2155 9.4492 -1.6621
v  -11.2261 4.9390 -1.6876
v  -11.2261 9.4492 -1.6876
v  -11.2516 4.9390 -1.6981
v  -11.2516 9.4492 -1.6981
v  -11.2770 4.9390 -1.6876
v  -11.2770 9.4492 -1.6876
v  -14.0700 4.9385 -1.6184
v  -8.0526 4.9385 -1.6184
v  -8.0526 4.9502 -1.6028
v  -14.0700 4.9502 -1.6028
v  -14.0700 5.0692 -1.6028
v  -8.0526 5.0692 -1.6028
v  -8.0526 5.0808 -1.6184
v  -14.0700 5.0808 -1.6184
v  -14.0700 5.0808 -1.7032
v  -8.0526 5.0808 -1.7032
v  -8.0526 5.0692 -1.7189
v  -14.0700 5.0692 -1.7189
v  -14.0700 4.9502 -1.7189
v  -8.0526 4.9502 -1.7189
v  -8.0526 4.9385 -1.7032
v  -14.0700 4.9385 -1.7032
v  -8.0402 4.9619 -1.6976
v  -8.0402 4.9619 -1.6241
v  -8.0402 5.0574 -1.6241
v  -8.0402 5.0574 -1.6976
v  -8.0507 9.0058 -1.6184
v  -14.0700 9.0058 -1.6184
v  -14.0700 9.0058 -1.7032
v  -8.0507 9.0058 -1.7032
v  -8.0507 9.0174 -1.6028
v  -8.0507 9.1364 -1.6028
v  -14.0700 9.1364 -1.6028
v  -14.0700 9.0174 -1.6028
v  -8.0507 9.1481 -1.6184
v  -8.0507 9.1481 -1.7032
v  -14.0700 9.1481 -1.7032
v  -14.0700 9.1481 -1.6184
v  -8.0507 9.1364 -1.7189
v  -8.0507 9.0174 -1.7189
v  -14.0700 9.0174 -1.7189
v  -14.0700 9.1364 -1.7189
v  -14.0700 6.1630 -1.6184
v  -8.0452 6.1630 -1.6184
v  -8.0452 6.1747 -1.6028
v  -14.0700 6.1747 -1.6028
v  -14.0700 6.2277 -1.6028
v  -8.0452 6.2277 -1.6028
v  -8.0452 6.2393 -1.6184
v  -14.0700 6.2393 -1.6184
v  -14.0700 6.2393 -1.7032
v  -8.0452 6.2393 -1.7032
v  -8.0452 6.2277 -1.7189
v  -14.0700 6.2277 -1.7189
v  -14.0700 6.1747 -1.7189
v  -8.0452 6.1747 -1.7189
v  -8.0452 6.1630 -1.7032
v  -14.0700 6.1630 -1.7032
v  -14.0700 6.4384 -1.6184
v  -8.0477 6.4384 -1.6184
v  -8.0477 6.4500 -1.6028
v  -14.0700 6.4500 -1.6028
v  -14.0700 6.5030 -1.6028
v  -8.0477 6.5030 -1.6028
v  -8.0477 6.5147 -1.6184
v  -14.0700 6.5147 -1.6184
v  -14.0700 6.5147 -1.7032
v  -8.0477 6.5147 -1.7032
v  -8.0477 6.5030 -1.7189
v  -14.0700 6.5030 -1.7189
v  -14.0700 6.4500 -1.7189
v  -8.0477 6.4500 -1.7189
v  -8.0477 6.4384 -1.7032
v  -14.0700 6.4384 -1.7032
v  -8.0357 6.4540 -1.6958
v  -8.0357 6.4540 -1.6258
v  -8.0357 6.4990 -1.6258
v  -8.0357 6.4990 -1.6958
v  -8.0332 6.1787 -1.6258
v  -8.0332 6.2237 -1.6258
v  -8.0332 6.2237 -1.6958
v  -8.0332 6.1787 -1.6958
v  -11.0293 4.9390 -1.6621
v  -11.0187 4.9390 -1.6366
v  -11.0187 9.4492 -1.6366
v  -11.0293 9.4492 -1.6621
v  -10.9932 4.9390 -1.6261
v  -10.9932 9.4492 -1.6261
v  -10.9678 4.9390 -1.6366
v  -10.9678 9.4492 -1.6366
v  -10.9572 4.9390 -1.6621
v  -10.9572 9.4492 -1.6621
v  -10.9678 4.9390 -1.6876
v  -10.9678 9.4492 -1.6876
v  -10.9932 4.9390 -1.6981
v  -10.9932 9.4492 -1.6981
v  -11.0187 4.9390 -1.6876
v  -11.0187 9.4492 -1.6876
v  -10.7293 4.9390 -1.6621
v  -10.7187 4.9390 -1.6366
v  -10.7187 9.4492 -1.6366
v  -10.7293 9.4492 -1.6621
v  -10.6932 4.9390 -1.6261
v  -10.6932 9.4492 -1.6261
v  -10.6678 4.9390 -1.6366
v  -10.6678 9.4492 -1.6366
v  -10.6572 4.9390 -1.6621
v  -10.6572 9.4492 -1.6621
v  -10.6678 4.9390 -1.6876
v  -10.6678 9.4492 -1.6876
v  -10.6932 4.9390 -1.6981
v  -10.6932 9.4492 -1.6981
v  -10.7187 4.9390 -1.6876
v  -10.7187 9.4492 -1.6876
v  -10.4293 4.9390 -1.6621
v  -10.4187 4.9390 -1.6366
v  -10.4187 9.4492 -1.6366
v  -10.4293 9.4492 -1.6621
v  -10.3932 4.9390 -1.6261
v  -10.3932 9.4492 -1.6261
v  -10.3678 4.9390 -1.6366
v  -10.3678 9.4492 -1.6366
v  -10.3572 4.9390 -1.6621
v  -10.3572 9.4492 -1.6621
v  -10.3678 4.9390 -1.6876
v  -10.3678 9.4492 -1.6876
v  -10.3932 4.9390 -1.6981
v  -10.3932 9.4492 -1.6981
v  -10.4187 4.9390 -1.6876
v  -10.4187 9.4492 -1.6876
v  -10.1293 4.9390 -1.6621
v  -10.1187 4.9390 -1.6366
v  -10.1187 9.4492 -1.6366
v  -10.1293 9.4492 -1.6621
v  -10.0932 4.9390 -1.6261
v  -10.0932 9.4492 -1.6261
v  -10.0678 4.9390 -1.6366
v  -10.0678 9.4492 -1.6366
v  -10.0572 4.9390 -1.6621
v  -10.0572 9.4492 -1.6621
v  -10.0678 4.9390 -1.6876
v  -10.0678 9.4492 -1.6876
v  -10.0932 4.9390 -1.6981
v  -10.0932 9.4492 -1.6981
v  -10.1187 4.9390 -1.6876
v  -10.1187 9.4492 -1.6876
v  -9.8293 4.9390 -1.6621
v  -9.8187 4.9390 -1.6366
v  -9.8187 9.4492 -1.6366
v  -9.8293 9.4492 -1.6621
v  -9.7932 4.9390 -1.6261
v  -9.7932 9.4492 -1.6261
v  -9.7678 4.9390 -1.6366
v  -9.7678 9.4492 -1.6366
v  -9.7572 4.9390 -1.6621
v  -9.7572 9.4492 -1.6621
v  -9.7678 4.9390 -1.6876
v  -9.7678 9.4492 -1.6876
v  -9.7932 4.9390 -1.6981
v  -9.7932 9.4492 -1.6981
v  -9.8187 4.9390 -1.6876
v  -9.8187 9.4492 -1.6876
v  -9.5293 4.9390 -1.6621
v  -9.5187 4.9390 -1.6366
v  -9.5187 9.4492 -1.6366
v  -9.5293 9.4492 -1.6621
v  -9.4932 4.9390 -1.6261
v  -9.4932 9.4492 -1.6261
v  -9.4678 4.9390 -1.6366
v  -9.4678 9.4492 -1.6366
v  -9.4572 4.9390 -1.6621
v  -9.4572 9.4492 -1.6621
v  -9.4678 4.9390 -1.6876
v  -9.4678 9.4492 -1.6876
v  -9.4932 4.9390 -1.6981
v  -9.4932 9.4492 -1.6981
v  -9.5187 4.9390 -1.6876
v  -9.5187 9.4492 -1.6876
v  -9.2262 4.9390 -1.6621
v  -9.2156 4.9390 -1.6366
v  -9.2156 9.4492 -1.6366
v  -9.2262 9.4492 -1.6621
v  -9.1901 4.9390 -1.6261
v  -9.1901 9.4492 -1.6261
v  -9.1647 4.9390 -1.6366
v  -9.1647 9.4492 -1.6366
v  -9.1541 4.9390 -1.6621
v  -9.1541 9.4492 -1.6621
v  -9.1647 4.9390 -1.6876
v  -9.1647 9.4492 -1.6876
v  -9.1901 4.9390 -1.6981
v  -9.1901 9.4492 -1.6981
v  -9.2156 4.9390 -1.6876
v  -9.2156 9.4492 -1.6876
v  -8.9262 4.9390 -1.6621
v  -8.9156 4.9390 -1.6366
v  -8.9156 9.4492 -1.6366
v  -8.9262 9.4492 -1.6621
v  -8.8901 4.9390 -1.6261
v  -8.8901 9.4492 -1.6261
v  -8.8647 4.9390 -1.6366
v  -8.8647 9.4492 -1.6366
v  -8.8541 4.9390 -1.6621
v  -8.8541 9.4492 -1.6621
v  -8.8647 4.9390 -1.6876
v  -8.8647 9.4492 -1.6876
v  -8.8901 4.9390 -1.6981
v  -8.8901 9.4492 -1.6981
v  -8.9156 4.9390 -1.6876
v  -8.9156 9.4492 -1.6876
v  -8.6678 4.9390 -1.6621
v  -8.6573 4.9390 -1.6366
v  -8.6573 9.4492 -1.6366
v  -8.6678 9.4492 -1.6621
v  -8.6318 4.9390 -1.6261
v  -8.6318 9.4492 -1.6261
v  -8.6063 4.9390 -1.6366
v  -8.6063 9.4492 -1.6366
v  -8.5958 4.9390 -1.6621
v  -8.5958 9.4492 -1.6621
v  -8.6063 4.9390 -1.6876
v  -8.6063 9.4492 -1.6876
v  -8.6318 4.9390 -1.6981
v  -8.6318 9.4492 -1.6981
v  -8.6573 4.9390 -1.6876
v  -8.6573 9.4492 -1.6876
v  -8.3678 4.9390 -1.6621
v  -8.3573 4.9390 -1.6366
v  -8.3573 9.4492 -1.6366
v  -8.3678 9.4492 -1.6621
v  -8.3318 4.9390 -1.6261
v  -8.3318 9.4492 -1.6261
v  -8.3063 4.9390 -1.6366
v  -8.3063 9.4492 -1.6366
v  -8.2958 4.9390 -1.6621
v  -8.2958 9.4492 -1.6621
v  -8.3063 4.9390 -1.6876
v  -8.3063 9.4492 -1.6876
v  -8.3318 4.9390 -1.6981
v  -8.3318 9.4492 -1.6981
v  -8.3573 4.9390 -1.6876
v  -8.3573 9.4492 -1.6876
v  -8.0329 7.9165 -1.7017
v  -8.0329 7.9165 -1.6199
v  -8.0329 8.0229 -1.6199
v  -8.0329 8.0229 -1.7017
v  -8.0329 9.0237 -1.7017
v  -8.0329 9.0237 -1.6199
v  -8.0329 9.1301 -1.6199
v  -8.0329 9.1301 -1.7017
v  -14.0890 7.9257 -1.6270
v  -14.0890 7.9257 -1.6947
v  -14.0890 8.0137 -1.6270
v  -14.0890 8.0137 -1.6947
v  -14.0890 4.9657 -1.6270
v  -14.0890 5.0537 -1.6270
v  -14.0890 5.0537 -1.6947
v  -14.0890 4.9657 -1.6947
v  -14.0890 9.0329 -1.6270
v  -14.0890 9.0329 -1.6947
v  -14.0890 9.1209 -1.6270
v  -14.0890 9.1209 -1.6947
v  -14.0890 6.1794 -1.6270
v  -14.0890 6.2230 -1.6270
v  -14.0890 6.2230 -1.6947
v  -14.0890 6.1794 -1.6947
v  -14.0890 6.4547 -1.6270
v  -14.0890 6.4983 -1.6270
v  -14.0890 6.4983 -1.6947
v  -14.0890 6.4547 -1.6947
v  -8.0572 7.8985 2.0470
v  -14.0700 7.8985 2.0471
v  -14.0700 7.8985 1.9622
v  -8.0572 7.8985 1.9622
v  -8.0572 7.9102 2.0627
v  -8.0572 8.0292 2.0627
v  -14.0700 8.0292 2.0627
v  -14.0700 7.9102 2.0627
v  -8.0572 8.0409 2.0470
v  -8.0572 8.0409 1.9622
v  -14.0700 8.0409 1.9622
v  -14.0700 8.0409 2.0471
v  -8.0572 8.0292 1.9466
v  -8.0572 7.9102 1.9466
v  -14.0700 7.9102 1.9466
v  -14.0700 8.0292 1.9466
v  -13.9876 4.9390 2.0033
v  -13.9770 4.9390 2.0288
v  -13.9770 9.4492 2.0288
v  -13.9876 9.4492 2.0033
v  -13.9516 4.9390 2.0394
v  -13.9516 9.4492 2.0394
v  -13.9261 4.9390 2.0288
v  -13.9261 9.4492 2.0288
v  -13.9155 4.9390 2.0033
v  -13.9155 9.4492 2.0033
v  -13.9261 4.9390 1.9779
v  -13.9261 9.4492 1.9779
v  -13.9516 4.9390 1.9673
v  -13.9516 9.4492 1.9673
v  -13.9770 4.9390 1.9779
v  -13.9770 9.4492 1.9779
v  -13.6876 4.9390 2.0033
v  -13.6770 4.9390 2.0288
v  -13.6770 9.4492 2.0288
v  -13.6876 9.4492 2.0033
v  -13.6516 4.9390 2.0394
v  -13.6516 9.4492 2.0394
v  -13.6261 4.9390 2.0288
v  -13.6261 9.4492 2.0288
v  -13.6155 4.9390 2.0033
v  -13.6155 9.4492 2.0033
v  -13.6261 4.9390 1.9779
v  -13.6261 9.4492 1.9779
v  -13.6516 4.9390 1.9673
v  -13.6516 9.4492 1.9673
v  -13.6770 4.9390 1.9779
v  -13.6770 9.4492 1.9779
v  -13.3876 4.9390 2.0033
v  -13.3770 4.9390 2.0288
v  -13.3770 9.4492 2.0288
v  -13.3876 9.4492 2.0033
v  -13.3516 4.9390 2.0394
v  -13.3516 9.4492 2.0394
v  -13.3261 4.9390 2.0288
v  -13.3261 9.4492 2.0288
v  -13.3155 4.9390 2.0033
v  -13.3155 9.4492 2.0033
v  -13.3261 4.9390 1.9779
v  -13.3261 9.4492 1.9779
v  -13.3516 4.9390 1.9673
v  -13.3516 9.4492 1.9673
v  -13.3770 4.9390 1.9779
v  -13.3770 9.4492 1.9779
v  -13.0876 4.9390 2.0033
v  -13.0770 4.9390 2.0288
v  -13.0770 9.4492 2.0288
v  -13.0876 9.4492 2.0033
v  -13.0516 4.9390 2.0394
v  -13.0516 9.4492 2.0394
v  -13.0261 4.9390 2.0288
v  -13.0261 9.4492 2.0288
v  -13.0155 4.9390 2.0033
v  -13.0155 9.4492 2.0033
v  -13.0261 4.9390 1.9779
v  -13.0261 9.4492 1.9779
v  -13.0516 4.9390 1.9673
v  -13.0516 9.4492 1.9673
v  -13.0770 4.9390 1.9779
v  -13.0770 9.4492 1.9779
v  -12.7876 4.9390 2.0033
v  -12.7770 4.9390 2.0288
v  -12.7770 9.4492 2.0288
v  -12.7876 9.4492 2.0033
v  -12.7516 4.9390 2.0394
v  -12.7516 9.4492 2.0394
v  -12.7261 4.9390 2.0288
v  -12.7261 9.4492 2.0288
v  -12.7155 4.9390 2.0033
v  -12.7155 9.4492 2.0033
v  -12.7261 4.9390 1.9779
v  -12.7261 9.4492 1.9779
v  -12.7516 4.9390 1.9673
v  -12.7516 9.4492 1.9673
v  -12.7770 4.9390 1.9779
v  -12.7770 9.4492 1.9779
v  -12.4876 4.9390 2.0033
v  -12.4770 4.9390 2.0288
v  -12.4770 9.4492 2.0288
v  -12.4876 9.4492 2.0033
v  -12.4516 4.9390 2.0394
v  -12.4516 9.4492 2.0394
v  -12.4261 4.9390 2.0288
v  -12.4261 9.4492 2.0288
v  -12.4155 4.9390 2.0033
v  -12.4155 9.4492 2.0033
v  -12.4261 4.9390 1.9779
v  -12.4261 9.4492 1.9779
v  -12.4516 4.9390 1.9673
v  -12.4516 9.4492 1.9673
v  -12.4770 4.9390 1.9779
v  -12.4770 9.4492 1.9779
v  -12.1876 4.9390 2.0033
v  -12.1770 4.9390 2.0288
v  -12.1770 9.4492 2.0288
v  -12.1876 9.4492 2.0033
v  -12.1516 4.9390 2.0394
v  -12.1516 9.4492 2.0394
v  -12.1261 4.9390 2.0288
v  -12.1261 9.4492 2.0288
v  -12.1155 4.9390 2.0033
v  -12.1155 9.4492 2.0033
v  -12.1261 4.9390 1.9779
v  -12.1261 9.4492 1.9779
v  -12.1516 4.9390 1.9673
v  -12.1516 9.4492 1.9673
v  -12.1770 4.9390 1.9779
v  -12.1770 9.4492 1.9779
v  -11.8876 4.9390 2.0033
v  -11.8770 4.9390 2.0288
v  -11.8770 9.4492 2.0288
v  -11.8876 9.4492 2.0033
v  -11.8516 4.9390 2.0394
v  -11.8516 9.4492 2.0394
v  -11.8261 4.9390 2.0288
v  -11.8261 9.4492 2.0288
v  -11.8155 4.9390 2.0033
v  -11.8155 9.4492 2.0033
v  -11.8261 4.9390 1.9779
v  -11.8261 9.4492 1.9779
v  -11.8516 4.9390 1.9673
v  -11.8516 9.4492 1.9673
v  -11.8770 4.9390 1.9779
v  -11.8770 9.4492 1.9779
v  -11.5876 4.9390 2.0033
v  -11.5770 4.9390 2.0288
v  -11.5770 9.4492 2.0288
v  -11.5876 9.4492 2.0033
v  -11.5516 4.9390 2.0394
v  -11.5516 9.4492 2.0394
v  -11.5261 4.9390 2.0288
v  -11.5261 9.4492 2.0288
v  -11.5155 4.9390 2.0033
v  -11.5155 9.4492 2.0033
v  -11.5261 4.9390 1.9779
v  -11.5261 9.4492 1.9779
v  -11.5516 4.9390 1.9673
v  -11.5516 9.4492 1.9673
v  -11.5770 4.9390 1.9779
v  -11.5770 9.4492 1.9779
v  -11.2876 4.9390 2.0033
v  -11.2770 4.9390 2.0288
v  -11.2770 9.4492 2.0288
v  -11.2876 9.4492 2.0033
v  -11.2516 4.9390 2.0394
v  -11.2516 9.4492 2.0394
v  -11.2261 4.9390 2.0288
v  -11.2261 9.4492 2.0288
v  -11.2155 4.9390 2.0033
v  -11.2155 9.4492 2.0033
v  -11.2261 4.9390 1.9779
v  -11.2261 9.4492 1.9779
v  -11.2516 4.9390 1.9673
v  -11.2516 9.4492 1.9673
v  -11.2770 4.9390 1.9779
v  -11.2770 9.4492 1.9779
v  -14.0700 4.9385 2.0471
v  -8.0491 4.9385 2.0470
v  -8.0491 4.9502 2.0627
v  -14.0700 4.9502 2.0627
v  -14.0700 5.0692 2.0627
v  -8.0491 5.0692 2.0627
v  -8.0491 5.0808 2.0470
v  -14.0700 5.0808 2.0471
v  -14.0700 5.0808 1.9622
v  -8.0491 5.0808 1.9622
v  -8.0491 5.0692 1.9466
v  -14.0700 5.0692 1.9466
v  -14.0700 4.9502 1.9466
v  -8.0491 4.9502 1.9466
v  -8.0491 4.9385 1.9622
v  -14.0700 4.9385 1.9622
v  -8.0367 4.9619 1.9679
v  -8.0367 4.9619 2.0414
v  -8.0367 5.0574 2.0414
v  -8.0367 5.0574 1.9679
v  -8.0572 9.0058 2.0470
v  -14.0700 9.0058 2.0471
v  -14.0700 9.0058 1.9622
v  -8.0572 9.0058 1.9622
v  -8.0572 9.0174 2.0627
v  -8.0572 9.1364 2.0627
v  -14.0700 9.1364 2.0627
v  -14.0700 9.0174 2.0627
v  -8.0572 9.1481 2.0470
v  -8.0572 9.1481 1.9622
v  -14.0700 9.1481 1.9622
v  -14.0700 9.1481 2.0471
v  -8.0572 9.1364 1.9466
v  -8.0572 9.0174 1.9466
v  -14.0700 9.0174 1.9466
v  -14.0700 9.1364 1.9466
v  -14.0700 6.1630 2.0471
v  -8.0517 6.1630 2.0470
v  -8.0517 6.1747 2.0627
v  -14.0700 6.1747 2.0627
v  -14.0700 6.2277 2.0627
v  -8.0517 6.2277 2.0627
v  -8.0517 6.2393 2.0470
v  -14.0700 6.2393 2.0471
v  -14.0700 6.2393 1.9622
v  -8.0517 6.2393 1.9622
v  -8.0517 6.2277 1.9466
v  -14.0700 6.2277 1.9466
v  -14.0700 6.1747 1.9466
v  -8.0517 6.1747 1.9466
v  -8.0517 6.1630 1.9622
v  -14.0700 6.1630 1.9622
v  -14.0700 6.4384 2.0471
v  -8.0542 6.4384 2.0470
v  -8.0542 6.4500 2.0627
v  -14.0700 6.4500 2.0627
v  -14.0700 6.5030 2.0627
v  -8.0542 6.5030 2.0627
v  -8.0542 6.5147 2.0470
v  -14.0700 6.5147 2.0471
v  -14.0700 6.5147 1.9622
v  -8.0542 6.5147 1.9622
v  -8.0542 6.5030 1.9466
v  -14.0700 6.5030 1.9466
v  -14.0700 6.4500 1.9466
v  -8.0542 6.4500 1.9466
v  -8.0542 6.4384 1.9622
v  -14.0700 6.4384 1.9622
v  -8.0421 6.4540 1.9696
v  -8.0421 6.4540 2.0396
v  -8.0421 6.4990 2.0396
v  -8.0421 6.4990 1.9696
v  -8.0397 6.1787 2.0396
v  -8.0397 6.2237 2.0396
v  -8.0397 6.2237 1.9696
v  -8.0397 6.1787 1.9696
v  -11.0293 4.9390 2.0033
v  -11.0187 4.9390 2.0288
v  -11.0187 9.4492 2.0288
v  -11.0293 9.4492 2.0033
v  -10.9932 4.9390 2.0394
v  -10.9932 9.4492 2.0394
v  -10.9678 4.9390 2.0288
v  -10.9678 9.4492 2.0288
v  -10.9572 4.9390 2.0033
v  -10.9572 9.4492 2.0033
v  -10.9678 4.9390 1.9779
v  -10.9678 9.4492 1.9779
v  -10.9932 4.9390 1.9673
v  -10.9932 9.4492 1.9673
v  -11.0187 4.9390 1.9779
v  -11.0187 9.4492 1.9779
v  -10.7293 4.9390 2.0033
v  -10.7187 4.9390 2.0288
v  -10.7187 9.4492 2.0288
v  -10.7293 9.4492 2.0033
v  -10.6932 4.9390 2.0394
v  -10.6932 9.4492 2.0394
v  -10.6678 4.9390 2.0288
v  -10.6678 9.4492 2.0288
v  -10.6572 4.9390 2.0033
v  -10.6572 9.4492 2.0033
v  -10.6678 4.9390 1.9779
v  -10.6678 9.4492 1.9779
v  -10.6932 4.9390 1.9673
v  -10.6932 9.4492 1.9673
v  -10.7187 4.9390 1.9779
v  -10.7187 9.4492 1.9779
v  -10.4293 4.9390 2.0033
v  -10.4187 4.9390 2.0288
v  -10.4187 9.4492 2.0288
v  -10.4293 9.4492 2.0033
v  -10.3932 4.9390 2.0394
v  -10.3932 9.4492 2.0394
v  -10.3678 4.9390 2.0288
v  -10.3678 9.4492 2.0288
v  -10.3572 4.9390 2.0033
v  -10.3572 9.4492 2.0033
v  -10.3678 4.9390 1.9779
v  -10.3678 9.4492 1.9779
v  -10.3932 4.9390 1.9673
v  -10.3932 9.4492 1.9673
v  -10.4187 4.9390 1.9779
v  -10.4187 9.4492 1.9779
v  -10.1293 4.9390 2.0033
v  -10.1187 4.9390 2.0288
v  -10.1187 9.4492 2.0288
v  -10.1293 9.4492 2.0033
v  -10.0932 4.9390 2.0394
v  -10.0932 9.4492 2.0394
v  -10.0678 4.9390 2.0288
v  -10.0678 9.4492 2.0288
v  -10.0572 4.9390 2.0033
v  -10.0572 9.4492 2.0033
v  -10.0678 4.9390 1.9779
v  -10.0678 9.4492 1.9779
v  -10.0932 4.9390 1.9673
v  -10.0932 9.4492 1.9673
v  -10.1187 4.9390 1.9779
v  -10.1187 9.4492 1.9779
v  -9.8293 4.9390 2.0033
v  -9.8187 4.9390 2.0288
v  -9.8187 9.4492 2.0288
v  -9.8293 9.4492 2.0033
v  -9.7932 4.9390 2.0394
v  -9.7932 9.4492 2.0394
v  -9.7678 4.9390 2.0288
v  -9.7678 9.4492 2.0288
v  -9.7572 4.9390 2.0033
v  -9.7572 9.4492 2.0033
v  -9.7678 4.9390 1.9779
v  -9.7678 9.4492 1.9779
v  -9.7932 4.9390 1.9673
v  -9.7932 9.4492 1.9673
v  -9.8187 4.9390 1.9779
v  -9.8187 9.4492 1.9779
v  -9.5293 4.9390 2.0033
v  -9.5187 4.9390 2.0288
v  -9.5187 9.4492 2.0288
v  -9.5293 9.4492 2.0033
v  -9.4932 4.9390 2.0394
v  -9.4932 9.4492 2.0394
v  -9.4678 4.9390 2.0288
v  -9.4678 9.4492 2.0288
v  -9.4572 4.9390 2.0033
v  -9.4572 9.4492 2.0033
v  -9.4678 4.9390 1.9779
v  -9.4678 9.4492 1.9779
v  -9.4932 4.9390 1.9673
v  -9.4932 9.4492 1.9673
v  -9.5187 4.9390 1.9779
v  -9.5187 9.4492 1.9779
v  -9.2262 4.9390 2.0033
v  -9.2156 4.9390 2.0288
v  -9.2156 9.4492 2.0288
v  -9.2262 9.4492 2.0033
v  -9.1901 4.9390 2.0394
v  -9.1901 9.4492 2.0394
v  -9.1647 4.9390 2.0288
v  -9.1647 9.4492 2.0288
v  -9.1541 4.9390 2.0033
v  -9.1541 9.4492 2.0033
v  -9.1647 4.9390 1.9779
v  -9.1647 9.4492 1.9779
v  -9.1901 4.9390 1.9673
v  -9.1901 9.4492 1.9673
v  -9.2156 4.9390 1.9779
v  -9.2156 9.4492 1.9779
v  -8.9262 4.9390 2.0033
v  -8.9156 4.9390 2.0288
v  -8.9156 9.4492 2.0288
v  -8.9262 9.4492 2.0033
v  -8.8901 4.9390 2.0394
v  -8.8901 9.4492 2.0394
v  -8.8647 4.9390 2.0288
v  -8.8647 9.4492 2.0288
v  -8.8541 4.9390 2.0033
v  -8.8541 9.4492 2.0033
v  -8.8647 4.9390 1.9779
v  -8.8647 9.4492 1.9779
v  -8.8901 4.9390 1.9673
v  -8.8901 9.4492 1.9673
v  -8.9156 4.9390 1.9779
v  -8.9156 9.4492 1.9779
v  -8.6678 4.9390 2.0033
v  -8.6573 4.9390 2.0288
v  -8.6573 9.4492 2.0288
v  -8.6678 9.4492 2.0033
v  -8.6318 4.9390 2.0394
v  -8.6318 9.4492 2.0394
v  -8.6063 4.9390 2.0288
v  -8.6063 9.4492 2.0288
v  -8.5958 4.9390 2.0033
v  -8.5958 9.4492 2.0033
v  -8.6063 4.9390 1.9779
v  -8.6063 9.4492 1.9779
v  -8.6318 4.9390 1.9673
v  -8.6318 9.4492 1.9673
v  -8.6573 4.9390 1.9779
v  -8.6573 9.4492 1.9779
v  -8.3678 4.9390 2.0033
v  -8.3573 4.9390 2.0288
v  -8.3573 9.4492 2.0288
v  -8.3678 9.4492 2.0033
v  -8.3318 4.9390 2.0394
v  -8.3318 9.4492 2.0394
v  -8.3063 4.9390 2.0288
v  -8.3063 9.4492 2.0288
v  -8.2958 4.9390 2.0033
v  -8.2958 9.4492 2.0033
v  -8.3063 4.9390 1.9779
v  -8.3063 9.4492 1.9779
v  -8.3318 4.9390 1.9673
v  -8.3318 9.4492 1.9673
v  -8.3573 4.9390 1.9779
v  -8.3573 9.4492 1.9779
v  -8.0393 7.9165 1.9637
v  -8.0393 7.9165 2.0455
v  -8.0393 8.0229 2.0455
v  -8.0393 8.0229 1.9637
v  -8.0393 9.0237 1.9637
v  -8.0393 9.0237 2.0455
v  -8.0393 9.1301 2.0455
v  -8.0393 9.1301 1.9637
v  -14.0890 7.9257 2.0385
v  -14.0890 7.9257 1.9708
v  -14.0890 8.0137 2.0385
v  -14.0890 8.0137 1.9708
v  -14.0890 4.9657 2.0385
v  -14.0890 5.0537 2.0385
v  -14.0890 5.0537 1.9708
v  -14.0890 4.9657 1.9708
v  -14.0890 9.0329 2.0385
v  -14.0890 9.0329 1.9708
v  -14.0890 9.1209 2.0385
v  -14.0890 9.1209 1.9708
v  -14.0890 6.1794 2.0385
v  -14.0890 6.2230 2.0385
v  -14.0890 6.2230 1.9708
v  -14.0890 6.1794 1.9708
v  -14.0890 6.4547 2.0385
v  -14.0890 6.4983 2.0385
v  -14.0890 6.4983 1.9708
v  -14.0890 6.4547 1.9708
v  -14.1196 7.8985 2.0349
v  -14.1196 7.8985 -1.7059
v  -14.0347 7.8985 -1.7059
v  -14.0347 7.8985 2.0349
v  -14.1352 7.9102 2.0349
v  -14.1352 8.0292 2.0349
v  -14.1352 8.0292 -1.7059
v  -14.1352 7.9102 -1.7059
v  -14.1196 8.0409 2.0349
v  -14.0347 8.0409 2.0349
v  -14.0347 8.0409 -1.7059
v  -14.1196 8.0409 -1.7059
v  -14.0191 8.0292 2.0349
v  -14.0191 7.9102 2.0349
v  -14.0191 7.9102 -1.7059
v  -14.0191 8.0292 -1.7059
v  -14.0759 4.9390 -1.6158
v  -14.1014 4.9390 -1.6052
v  -14.1014 9.4492 -1.6052
v  -14.0759 9.4492 -1.6158
v  -14.1119 4.9390 -1.5797
v  -14.1119 9.4492 -1.5797
v  -14.1014 4.9390 -1.5542
v  -14.1014 9.4492 -1.5542
v  -14.0759 4.9390 -1.5437
v  -14.0759 9.4492 -1.5437
v  -14.0504 4.9390 -1.5542
v  -14.0504 9.4492 -1.5542
v  -14.0399 4.9390 -1.5797
v  -14.0399 9.4492 -1.5797
v  -14.0504 4.9390 -1.6052
v  -14.0504 9.4492 -1.6052
v  -14.0759 4.9390 -1.4525
v  -14.1014 4.9390 -1.4419
v  -14.1014 9.4492 -1.4419
v  -14.0759 9.4492 -1.4525
v  -14.1119 4.9390 -1.4165
v  -14.1119 9.4492 -1.4165
v  -14.1014 4.9390 -1.3910
v  -14.1014 9.4492 -1.3910
v  -14.0759 4.9390 -1.3804
v  -14.0759 9.4492 -1.3804
v  -14.0504 4.9390 -1.3910
v  -14.0504 9.4492 -1.3910
v  -14.0399 4.9390 -1.4165
v  -14.0399 9.4492 -1.4165
v  -14.0504 4.9390 -1.4419
v  -14.0504 9.4492 -1.4419
v  -14.0759 4.9390 -1.1525
v  -14.1014 4.9390 -1.1419
v  -14.1014 9.4492 -1.1419
v  -14.0759 9.4492 -1.1525
v  -14.1119 4.9390 -1.1165
v  -14.1119 9.4492 -1.1165
v  -14.1014 4.9390 -1.0910
v  -14.1014 9.4492 -1.0910
v  -14.0759 4.9390 -1.0804
v  -14.0759 9.4492 -1.0804
v  -14.0504 4.9390 -1.0910
v  -14.0504 9.4492 -1.0910
v  -14.0399 4.9390 -1.1165
v  -14.0399 9.4492 -1.1165
v  -14.0504 4.9390 -1.1419
v  -14.0504 9.4492 -1.1419
v  -14.0759 4.9390 -0.8525
v  -14.1014 4.9390 -0.8419
v  -14.1014 9.4492 -0.8419
v  -14.0759 9.4492 -0.8525
v  -14.1119 4.9390 -0.8165
v  -14.1119 9.4492 -0.8165
v  -14.1014 4.9390 -0.7910
v  -14.1014 9.4492 -0.7910
v  -14.0759 4.9390 -0.7804
v  -14.0759 9.4492 -0.7804
v  -14.0504 4.9390 -0.7910
v  -14.0504 9.4492 -0.7910
v  -14.0399 4.9390 -0.8165
v  -14.0399 9.4492 -0.8165
v  -14.0504 4.9390 -0.8419
v  -14.0504 9.4492 -0.8419
v  -14.0759 4.9390 -0.5525
v  -14.1014 4.9390 -0.5419
v  -14.1014 9.4492 -0.5419
v  -14.0759 9.4492 -0.5525
v  -14.1119 4.9390 -0.5165
v  -14.1119 9.4492 -0.5165
v  -14.1014 4.9390 -0.4910
v  -14.1014 9.4492 -0.4910
v  -14.0759 4.9390 -0.4804
v  -14.0759 9.4492 -0.4804
v  -14.0504 4.9390 -0.4910
v  -14.0504 9.4492 -0.4910
v  -14.0399 4.9390 -0.5165
v  -14.0399 9.4492 -0.5165
v  -14.0504 4.9390 -0.5419
v  -14.0504 9.4492 -0.5419
v  -14.0759 4.9390 -0.2525
v  -14.1014 4.9390 -0.2419
v  -14.1014 9.4492 -0.2419
v  -14.0759 9.4492 -0.2525
v  -14.1119 4.9390 -0.2165
v  -14.1119 9.4492 -0.2165
v  -14.1014 4.9390 -0.1910
v  -14.1014 9.4492 -0.1910
v  -14.0759 4.9390 -0.1804
v  -14.0759 9.4492 -0.1804
v  -14.0504 4.9390 -0.1910
v  -14.0504 9.4492 -0.1910
v  -14.0399 4.9390 -0.2165
v  -14.0399 9.4492 -0.2165
v  -14.0504 4.9390 -0.2419
v  -14.0504 9.4492 -0.2419
v  -14.1196 4.9385 -1.7059
v  -14.1196 4.9385 2.0746
v  -14.1352 4.9502 2.0746
v  -14.1352 4.9502 -1.7059
v  -14.1352 5.0692 -1.7059
v  -14.1352 5.0692 2.0746
v  -14.1196 5.0808 2.0746
v  -14.1196 5.0808 -1.7059
v  -14.0347 5.0808 -1.7059
v  -14.0347 5.0808 2.0746
v  -14.0191 5.0692 2.0746
v  -14.0191 5.0692 -1.7059
v  -14.0191 4.9502 -1.7059
v  -14.0191 4.9502 2.0746
v  -14.0347 4.9385 2.0746
v  -14.0347 4.9385 -1.7059
v  -14.0404 4.9619 2.0870
v  -14.1139 4.9619 2.0870
v  -14.1139 5.0574 2.0870
v  -14.0404 5.0574 2.0870
v  -14.1196 9.0058 2.0349
v  -14.1196 9.0058 -1.7059
v  -14.0347 9.0058 -1.7059
v  -14.0347 9.0058 2.0349
v  -14.1352 9.0174 2.0349
v  -14.1352 9.1364 2.0349
v  -14.1352 9.1364 -1.7059
v  -14.1352 9.0174 -1.7059
v  -14.1196 9.1481 2.0349
v  -14.0347 9.1481 2.0349
v  -14.0347 9.1481 -1.7059
v  -14.1196 9.1481 -1.7059
v  -14.0191 9.1364 2.0349
v  -14.0191 9.0174 2.0349
v  -14.0191 9.0174 -1.7059
v  -14.0191 9.1364 -1.7059
v  -14.1196 6.1630 -1.7059
v  -14.1196 6.1630 2.0404
v  -14.1352 6.1747 2.0404
v  -14.1352 6.1747 -1.7059
v  -14.1352 6.2277 -1.7059
v  -14.1352 6.2277 2.0404
v  -14.1196 6.2393 2.0404
v  -14.1196 6.2393 -1.7059
v  -14.0347 6.2393 -1.7059
v  -14.0347 6.2393 2.0404
v  -14.0191 6.2277 2.0404
v  -14.0191 6.2277 -1.7059
v  -14.0191 6.1747 -1.7059
v  -14.0191 6.1747 2.0404
v  -14.0347 6.1630 2.0404
v  -14.0347 6.1630 -1.7059
v  -14.1196 6.4384 -1.7059
v  -14.1196 6.4384 2.0378
v  -14.1352 6.4500 2.0378
v  -14.1352 6.4500 -1.7059
v  -14.1352 6.5030 -1.7059
v  -14.1352 6.5030 2.0378
v  -14.1196 6.5147 2.0378
v  -14.1196 6.5147 -1.7059
v  -14.0347 6.5147 -1.7059
v  -14.0347 6.5147 2.0378
v  -14.0191 6.5030 2.0378
v  -14.0191 6.5030 -1.7059
v  -14.0191 6.4500 -1.7059
v  -14.0191 6.4500 2.0378
v  -14.0347 6.4384 2.0378
v  -14.0347 6.4384 -1.7059
v  -14.0422 6.4540 2.0499
v  -14.1122 6.4540 2.0499
v  -14.1122 6.4990 2.0499
v  -14.0422 6.4990 2.0499
v  -14.1122 6.1787 2.0524
v  -14.1122 6.2237 2.0524
v  -14.0422 6.2237 2.0524
v  -14.0422 6.1787 2.0524
v  -14.0759 4.9390 0.0058
v  -14.1014 4.9390 0.0164
v  -14.1014 9.4492 0.0164
v  -14.0759 9.4492 0.0058
v  -14.1119 4.9390 0.0419
v  -14.1119 9.4492 0.0419
v  -14.1014 4.9390 0.0674
v  -14.1014 9.4492 0.0674
v  -14.0759 4.9390 0.0779
v  -14.0759 9.4492 0.0779
v  -14.0504 4.9390 0.0674
v  -14.0504 9.4492 0.0674
v  -14.0399 4.9390 0.0419
v  -14.0399 9.4492 0.0419
v  -14.0504 4.9390 0.0164
v  -14.0504 9.4492 0.0164
v  -14.0759 4.9390 0.3058
v  -14.1014 4.9390 0.3164
v  -14.1014 9.4492 0.3164
v  -14.0759 9.4492 0.3058
v  -14.1119 4.9390 0.3419
v  -14.1119 9.4492 0.3419
v  -14.1014 4.9390 0.3674
v  -14.1014 9.4492 0.3674
v  -14.0759 4.9390 0.3779
v  -14.0759 9.4492 0.3779
v  -14.0504 4.9390 0.3674
v  -14.0504 9.4492 0.3674
v  -14.0399 4.9390 0.3419
v  -14.0399 9.4492 0.3419
v  -14.0504 4.9390 0.3164
v  -14.0504 9.4492 0.3164
v  -14.0759 4.9390 0.6058
v  -14.1014 4.9390 0.6164
v  -14.1014 9.4492 0.6164
v  -14.0759 9.4492 0.6058
v  -14.1119 4.9390 0.6419
v  -14.1119 9.4492 0.6419
v  -14.1014 4.9390 0.6674
v  -14.1014 9.4492 0.6674
v  -14.0759 4.9390 0.6779
v  -14.0759 9.4492 0.6779
v  -14.0504 4.9390 0.6674
v  -14.0504 9.4492 0.6674
v  -14.0399 4.9390 0.6419
v  -14.0399 9.4492 0.6419
v  -14.0504 4.9390 0.6164
v  -14.0504 9.4492 0.6164
v  -14.0759 4.9390 0.9058
v  -14.1014 4.9390 0.9164
v  -14.1014 9.4492 0.9164
v  -14.0759 9.4492 0.9058
v  -14.1119 4.9390 0.9419
v  -14.1119 9.4492 0.9419
v  -14.1014 4.9390 0.9674
v  -14.1014 9.4492 0.9674
v  -14.0759 4.9390 0.9779
v  -14.0759 9.4492 0.9779
v  -14.0504 4.9390 0.9674
v  -14.0504 9.4492 0.9674
v  -14.0399 4.9390 0.9419
v  -14.0399 9.4492 0.9419
v  -14.0504 4.9390 0.9164
v  -14.0504 9.4492 0.9164
v  -14.0759 4.9390 1.2058
v  -14.1014 4.9390 1.2164
v  -14.1014 9.4492 1.2164
v  -14.0759 9.4492 1.2058
v  -14.1119 4.9390 1.2419
v  -14.1119 9.4492 1.2419
v  -14.1014 4.9390 1.2674
v  -14.1014 9.4492 1.2674
v  -14.0759 4.9390 1.2779
v  -14.0759 9.4492 1.2779
v  -14.0504 4.9390 1.2674
v  -14.0504 9.4492 1.2674
v  -14.0399 4.9390 1.2419
v  -14.0399 9.4492 1.2419
v  -14.0504 4.9390 1.2164
v  -14.0504 9.4492 1.2164
v  -14.0759 4.9390 1.5058
v  -14.1014 4.9390 1.5164
v  -14.1014 9.4492 1.5164
v  -14.0759 9.4492 1.5058
v  -14.1119 4.9390 1.5419
v  -14.1119 9.4492 1.5419
v  -14.1014 4.9390 1.5674
v  -14.1014 9.4492 1.5674
v  -14.0759 4.9390 1.5779
v  -14.0759 9.4492 1.5779
v  -14.0504 4.9390 1.5674
v  -14.0504 9.4492 1.5674
v  -14.0399 4.9390 1.5419
v  -14.0399 9.4492 1.5419
v  -14.0504 4.9390 1.5164
v  -14.0504 9.4492 1.5164
v  -14.0759 4.9390 1.8072
v  -14.1014 4.9390 1.8178
v  -14.1014 9.4492 1.8178
v  -14.0759 9.4492 1.8072
v  -14.1119 4.9390 1.8433
v  -14.1119 9.4492 1.8433
v  -14.1014 4.9390 1.8688
v  -14.1014 9.4492 1.8688
v  -14.0759 4.9390 1.8793
v  -14.0759 9.4492 1.8793
v  -14.0504 4.9390 1.8688
v  -14.0504 9.4492 1.8688
v  -14.0399 4.9390 1.8433
v  -14.0399 9.4492 1.8433
v  -14.0504 4.9390 1.8178
v  -14.0504 9.4492 1.8178
v  -14.0379 7.9187 2.0517
v  -14.1164 7.9187 2.0517
v  -14.1164 8.0207 2.0517
v  -14.0379 8.0207 2.0517
v  -14.0379 9.0259 2.0517
v  -14.1164 9.0259 2.0517
v  -14.1164 9.1279 2.0517
v  -14.0379 9.1279 2.0517
v  -14.1115 7.9251 -1.7225
v  -14.0429 7.9251 -1.7225
v  -14.1115 8.0143 -1.7225
v  -14.0429 8.0143 -1.7225
v  -14.1115 4.9651 -1.7225
v  -14.1115 5.0543 -1.7225
v  -14.0429 5.0543 -1.7225
v  -14.0429 4.9651 -1.7225
v  -14.1115 9.0323 -1.7225
v  -14.0429 9.0323 -1.7225
v  -14.1115 9.1215 -1.7225
v  -14.0429 9.1215 -1.7225
v  -14.1115 6.1791 -1.7225
v  -14.1115 6.2233 -1.7225
v  -14.0429 6.2233 -1.7225
v  -14.0429 6.1791 -1.7225
v  -14.1115 6.4544 -1.7225
v  -14.1115 6.4986 -1.7225
v  -14.0429 6.4986 -1.7225
v  -14.0429 6.4544 -1.7225
v  -7.1054 0.0302 -1.4525
v  -7.1309 0.0302 -1.4419
v  -7.1309 4.5221 -1.4419
v  -7.1054 4.5221 -1.4525
v  -7.1414 0.0302 -1.4165
v  -7.1414 4.5221 -1.4165
v  -7.1309 0.0302 -1.3910
v  -7.1309 4.5221 -1.3910
v  -7.1054 0.0302 -1.3804
v  -7.1054 4.5221 -1.3804
v  -7.0799 0.0302 -1.3910
v  -7.0799 4.5221 -1.3910
v  -7.0693 0.0302 -1.4165
v  -7.0693 4.5221 -1.4165
v  -7.0799 0.0302 -1.4419
v  -7.0799 4.5221 -1.4419
v  -7.1054 0.0302 -1.1525
v  -7.1309 0.0302 -1.1419
v  -7.1309 4.5221 -1.1419
v  -7.1054 4.5221 -1.1525
v  -7.1414 0.0302 -1.1165
v  -7.1414 4.5221 -1.1165
v  -7.1309 0.0302 -1.0910
v  -7.1309 4.5221 -1.0910
v  -7.1054 0.0302 -1.0804
v  -7.1054 4.5221 -1.0804
v  -7.0799 0.0302 -1.0910
v  -7.0799 4.5221 -1.0910
v  -7.0693 0.0302 -1.1165
v  -7.0693 4.5221 -1.1165
v  -7.0799 0.0302 -1.1419
v  -7.0799 4.5221 -1.1419
v  -7.1054 0.0302 -0.8525
v  -7.1309 0.0302 -0.8419
v  -7.1309 4.5221 -0.8419
v  -7.1054 4.5221 -0.8525
v  -7.1414 0.0302 -0.8165
v  -7.1414 4.5221 -0.8165
v  -7.1309 0.0302 -0.7910
v  -7.1309 4.5221 -0.7910
v  -7.1054 0.0302 -0.7804
v  -7.1054 4.5221 -0.7804
v  -7.0799 0.0302 -0.7910
v  -7.0799 4.5221 -0.7910
v  -7.0693 0.0302 -0.8165
v  -7.0693 4.5221 -0.8165
v  -7.0799 0.0302 -0.8419
v  -7.0799 4.5221 -0.8419
v  -7.1420 0.0302 -1.6621
v  -7.1314 0.0302 -1.6366
v  -7.1314 4.5221 -1.6366
v  -7.1420 4.5221 -1.6621
v  -7.1059 0.0302 -1.6261
v  -7.1059 4.5221 -1.6261
v  -7.0805 0.0302 -1.6366
v  -7.0805 4.5221 -1.6366
v  -7.0699 0.0302 -1.6621
v  -7.0699 4.5221 -1.6621
v  -7.0805 0.0302 -1.6876
v  -7.0805 4.5221 -1.6876
v  -7.1059 0.0302 -1.6981
v  -7.1059 4.5221 -1.6981
v  -7.1314 0.0302 -1.6876
v  -7.1314 4.5221 -1.6876
v  -7.0982 4.0969 -1.6193
v  -14.0700 4.0969 -1.6193
v  -14.0700 4.0969 -1.7041
v  -7.0982 4.0969 -1.7041
v  -7.0982 4.1086 -1.6036
v  -7.0982 4.2276 -1.6036
v  -14.0700 4.2276 -1.6036
v  -14.0700 4.1086 -1.6036
v  -7.0982 4.2393 -1.6193
v  -7.0982 4.2393 -1.7041
v  -14.0700 4.2393 -1.7041
v  -14.0700 4.2393 -1.6193
v  -7.0982 4.2276 -1.7197
v  -7.0982 4.1086 -1.7197
v  -14.0700 4.1086 -1.7197
v  -14.0700 4.2276 -1.7197
v  -7.0803 4.1149 -1.7026
v  -7.0803 4.1149 -1.6208
v  -7.0803 4.2213 -1.6208
v  -7.0803 4.2213 -1.7026
v  -14.0890 4.1241 -1.6278
v  -14.0890 4.1241 -1.6955
v  -14.0890 4.2121 -1.6278
v  -14.0890 4.2121 -1.6955
v  -7.1479 4.0969 2.0593
v  -7.1479 4.0969 -1.7157
v  -7.0631 4.0969 -1.7157
v  -7.0631 4.0969 2.0593
v  -7.1635 4.1086 2.0593
v  -7.1635 4.2276 2.0593
v  -7.1635 4.2276 -1.7157
v  -7.1635 4.1086 -1.7157
v  -7.1479 4.2393 2.0593
v  -7.0631 4.2393 2.0593
v  -7.0631 4.2393 -1.7157
v  -7.1479 4.2393 -1.7157
v  -7.0474 4.2276 2.0593
v  -7.0474 4.1086 2.0593
v  -7.0474 4.1086 -1.7157
v  -7.0474 4.2276 -1.7157
v  -7.0663 4.1171 2.0761
v  -7.1447 4.1171 2.0761
v  -7.1447 4.2191 2.0761
v  -7.0663 4.2191 2.0761
v  -7.1398 4.1235 -1.7323
v  -7.0712 4.1235 -1.7323
v  -7.1398 4.2127 -1.7323
v  -7.0712 4.2127 -1.7323
v  -8.1515 7.8985 -1.7022
v  -8.0667 7.8985 -1.7022
v  -8.0667 7.8985 2.0515
v  -8.1515 7.8985 2.0515
v  -8.1671 7.9102 -1.7022
v  -8.1671 7.9102 2.0515
v  -8.1671 8.0292 2.0515
v  -8.1671 8.0292 -1.7022
v  -8.1515 8.0409 -1.7022
v  -8.1515 8.0409 2.0515
v  -8.0667 8.0409 2.0515
v  -8.0667 8.0409 -1.7022
v  -8.0511 8.0292 -1.7022
v  -8.0511 8.0292 2.0515
v  -8.0511 7.9102 2.0515
v  -8.0511 7.9102 -1.7022
v  -8.1078 4.9390 1.7886
v  -8.1078 9.4492 1.7886
v  -8.1333 9.4492 1.7780
v  -8.1333 4.9390 1.7780
v  -8.1439 9.4492 1.7526
v  -8.1439 4.9390 1.7526
v  -8.1333 9.4492 1.7271
v  -8.1333 4.9390 1.7271
v  -8.1078 9.4492 1.7165
v  -8.1078 4.9390 1.7165
v  -8.0823 9.4492 1.7271
v  -8.0823 4.9390 1.7271
v  -8.0718 9.4492 1.7526
v  -8.0718 4.9390 1.7526
v  -8.0823 9.4492 1.7780
v  -8.0823 4.9390 1.7780
v  -8.1078 4.9390 1.4886
v  -8.1078 9.4492 1.4886
v  -8.1333 9.4492 1.4780
v  -8.1333 4.9390 1.4780
v  -8.1439 9.4492 1.4526
v  -8.1439 4.9390 1.4526
v  -8.1333 9.4492 1.4271
v  -8.1333 4.9390 1.4271
v  -8.1078 9.4492 1.4165
v  -8.1078 4.9390 1.4165
v  -8.0823 9.4492 1.4271
v  -8.0823 4.9390 1.4271
v  -8.0718 9.4492 1.4526
v  -8.0718 4.9390 1.4526
v  -8.0823 9.4492 1.4780
v  -8.0823 4.9390 1.4780
v  -8.1078 4.9390 1.1886
v  -8.1078 9.4492 1.1886
v  -8.1333 9.4492 1.1780
v  -8.1333 4.9390 1.1780
v  -8.1439 9.4492 1.1526
v  -8.1439 4.9390 1.1526
v  -8.1333 9.4492 1.1271
v  -8.1333 4.9390 1.1271
v  -8.1078 9.4492 1.1165
v  -8.1078 4.9390 1.1165
v  -8.0823 9.4492 1.1271
v  -8.0823 4.9390 1.1271
v  -8.0718 9.4492 1.1526
v  -8.0718 4.9390 1.1526
v  -8.0823 9.4492 1.1780
v  -8.0823 4.9390 1.1780
v  -8.1078 4.9390 0.8886
v  -8.1078 9.4492 0.8886
v  -8.1333 9.4492 0.8780
v  -8.1333 4.9390 0.8780
v  -8.1439 9.4492 0.8526
v  -8.1439 4.9390 0.8526
v  -8.1333 9.4492 0.8271
v  -8.1333 4.9390 0.8271
v  -8.1078 9.4492 0.8165
v  -8.1078 4.9390 0.8165
v  -8.0823 9.4492 0.8271
v  -8.0823 4.9390 0.8271
v  -8.0718 9.4492 0.8526
v  -8.0718 4.9390 0.8526
v  -8.0823 9.4492 0.8780
v  -8.0823 4.9390 0.8780
v  -8.1078 4.9390 0.5886
v  -8.1078 9.4492 0.5886
v  -8.1333 9.4492 0.5780
v  -8.1333 4.9390 0.5780
v  -8.1439 9.4492 0.5526
v  -8.1439 4.9390 0.5526
v  -8.1333 9.4492 0.5271
v  -8.1333 4.9390 0.5271
v  -8.1078 9.4492 0.5165
v  -8.1078 4.9390 0.5165
v  -8.0823 9.4492 0.5271
v  -8.0823 4.9390 0.5271
v  -8.0718 9.4492 0.5526
v  -8.0718 4.9390 0.5526
v  -8.0823 9.4492 0.5780
v  -8.0823 4.9390 0.5780
v  -8.1078 4.9390 -1.6064
v  -8.1078 9.4492 -1.6064
v  -8.1333 9.4492 -1.6169
v  -8.1333 4.9390 -1.6169
v  -8.1439 9.4492 -1.6424
v  -8.1439 4.9390 -1.6424
v  -8.1333 9.4492 -1.6679
v  -8.1333 4.9390 -1.6679
v  -8.1078 9.4492 -1.6784
v  -8.1078 4.9390 -1.6784
v  -8.0823 9.4492 -1.6679
v  -8.0823 4.9390 -1.6679
v  -8.0718 9.4492 -1.6424
v  -8.0718 4.9390 -1.6424
v  -8.0823 9.4492 -1.6169
v  -8.0823 4.9390 -1.6169
v  -8.1333 7.9391 -0.1372
v  -8.1078 7.9391 -0.1266
v  -8.1078 9.4492 -0.1266
v  -8.1333 9.4492 -0.1372
v  -8.1439 7.9391 -0.1627
v  -8.1439 9.4492 -0.1627
v  -8.1333 7.9391 -0.1882
v  -8.1333 9.4492 -0.1882
v  -8.1078 7.9391 -0.1987
v  -8.1078 9.4492 -0.1987
v  -8.0823 7.9391 -0.1882
v  -8.0823 9.4492 -0.1882
v  -8.0718 7.9391 -0.1627
v  -8.0718 9.4492 -0.1627
v  -8.0823 7.9391 -0.1372
v  -8.0823 9.4492 -0.1372
v  -8.1333 7.9391 -0.4372
v  -8.1078 7.9391 -0.4266
v  -8.1078 9.4492 -0.4266
v  -8.1333 9.4492 -0.4372
v  -8.1439 7.9391 -0.4627
v  -8.1439 9.4492 -0.4627
v  -8.1333 7.9391 -0.4881
v  -8.1333 9.4492 -0.4881
v  -8.1078 7.9391 -0.4987
v  -8.1078 9.4492 -0.4987
v  -8.0823 7.9391 -0.4881
v  -8.0823 9.4492 -0.4881
v  -8.0718 7.9391 -0.4627
v  -8.0718 9.4492 -0.4627
v  -8.0823 7.9391 -0.4372
v  -8.0823 9.4492 -0.4372
v  -8.1333 7.9391 -0.7372
v  -8.1078 7.9391 -0.7266
v  -8.1078 9.4492 -0.7266
v  -8.1333 9.4492 -0.7372
v  -8.1439 7.9391 -0.7627
v  -8.1439 9.4492 -0.7627
v  -8.1333 7.9391 -0.7882
v  -8.1333 9.4492 -0.7882
v  -8.1078 7.9391 -0.7987
v  -8.1078 9.4492 -0.7987
v  -8.0823 7.9391 -0.7882
v  -8.0823 9.4492 -0.7882
v  -8.0718 7.9391 -0.7627
v  -8.0718 9.4492 -0.7627
v  -8.0823 7.9391 -0.7372
v  -8.0823 9.4492 -0.7372
v  -8.1333 7.9391 -1.0372
v  -8.1078 7.9391 -1.0266
v  -8.1078 9.4492 -1.0266
v  -8.1333 9.4492 -1.0372
v  -8.1439 7.9391 -1.0627
v  -8.1439 9.4492 -1.0627
v  -8.1333 7.9391 -1.0882
v  -8.1333 9.4492 -1.0882
v  -8.1078 7.9391 -1.0987
v  -8.1078 9.4492 -1.0987
v  -8.0823 7.9391 -1.0882
v  -8.0823 9.4492 -1.0882
v  -8.0718 7.9391 -1.0627
v  -8.0718 9.4492 -1.0627
v  -8.0823 7.9391 -1.0372
v  -8.0823 9.4492 -1.0372
v  -8.1333 7.9391 0.1594
v  -8.1078 7.9391 0.1700
v  -8.1078 9.4492 0.1700
v  -8.1333 9.4492 0.1594
v  -8.1439 7.9391 0.1339
v  -8.1439 9.4492 0.1339
v  -8.1333 7.9391 0.1085
v  -8.1333 9.4492 0.1085
v  -8.1078 7.9391 0.0979
v  -8.1078 9.4492 0.0979
v  -8.0823 7.9391 0.1085
v  -8.0823 9.4492 0.1085
v  -8.0718 7.9391 0.1339
v  -8.0718 9.4492 0.1339
v  -8.0823 7.9391 0.1594
v  -8.0823 9.4492 0.1594
v  -8.1395 4.9390 -1.4033
v  -8.1395 9.4492 -1.4033
v  -8.0762 9.4492 -1.4033
v  -8.0762 4.9390 -1.4033
v  -8.0762 9.4492 -1.3302
v  -8.0762 4.9390 -1.3302
v  -8.1395 4.9390 0.4300
v  -8.0762 4.9390 0.4300
v  -8.0762 9.4492 0.4300
v  -8.1395 9.4492 0.4300
v  -8.1395 9.4492 0.3568
v  -8.1395 4.9390 0.3568
v  -8.1395 4.9390 -1.3302
v  -8.1395 9.4492 -1.3302
v  -8.0762 4.9390 0.3568
v  -8.0762 9.4492 0.3568
v  -8.1515 4.9385 -1.7022
v  -8.0667 4.9385 -1.7022
v  -8.0667 4.9385 -1.3542
v  -8.1515 4.9385 -1.3542
v  -8.1671 4.9502 -1.7022
v  -8.1671 4.9502 -1.3542
v  -8.1671 5.0692 -1.3542
v  -8.1671 5.0692 -1.7022
v  -8.1515 5.0808 -1.7022
v  -8.1515 5.0808 -1.3542
v  -8.0667 5.0808 -1.3542
v  -8.0667 5.0808 -1.7022
v  -8.0511 5.0692 -1.7022
v  -8.0511 5.0692 -1.3542
v  -8.0511 4.9502 -1.3542
v  -8.0511 4.9502 -1.7022
v  -8.1515 4.9385 2.0515
v  -8.1671 4.9502 2.0515
v  -8.1671 4.9502 0.3730
v  -8.1515 4.9385 0.3730
v  -8.1671 5.0692 2.0515
v  -8.1515 5.0808 2.0515
v  -8.1515 5.0808 0.3730
v  -8.1671 5.0692 0.3730
v  -8.0667 5.0808 2.0515
v  -8.0511 5.0692 2.0515
v  -8.0511 5.0692 0.3730
v  -8.0667 5.0808 0.3730
v  -8.0511 4.9502 2.0515
v  -8.0667 4.9385 2.0515
v  -8.0667 4.9385 0.3730
v  -8.0511 4.9502 0.3730
v  -8.1458 4.9619 0.3606
v  -8.0724 4.9619 0.3606
v  -8.1458 5.0574 0.3606
v  -8.0724 5.0574 0.3606
v  -8.0724 4.9619 -1.3331
v  -8.1458 4.9619 -1.3331
v  -8.1458 5.0574 -1.3331
v  -8.0724 5.0574 -1.3331
v  -8.1515 9.0058 -1.7022
v  -8.0667 9.0058 -1.7022
v  -8.0667 9.0058 2.0515
v  -8.1515 9.0058 2.0515
v  -8.1671 9.0174 -1.7022
v  -8.1671 9.0174 2.0515
v  -8.1671 9.1364 2.0515
v  -8.1671 9.1364 -1.7022
v  -8.1515 9.1481 -1.7022
v  -8.1515 9.1481 2.0515
v  -8.0667 9.1481 2.0515
v  -8.0667 9.1481 -1.7022
v  -8.0511 9.1364 -1.7022
v  -8.0511 9.1364 2.0515
v  -8.0511 9.0174 2.0515
v  -8.0511 9.0174 -1.7022
v  -8.1515 6.1630 -1.7022
v  -8.0667 6.1630 -1.7022
v  -8.0667 6.1630 -1.3449
v  -8.1515 6.1630 -1.3449
v  -8.1671 6.1747 -1.7022
v  -8.1671 6.1747 -1.3449
v  -8.1671 6.2277 -1.3449
v  -8.1671 6.2277 -1.7022
v  -8.1515 6.2393 -1.7022
v  -8.1515 6.2393 -1.3449
v  -8.0667 6.2393 -1.3449
v  -8.0667 6.2393 -1.7022
v  -8.0511 6.2277 -1.7022
v  -8.0511 6.2277 -1.3449
v  -8.0511 6.1747 -1.3449
v  -8.0511 6.1747 -1.7022
v  -8.1515 6.1630 2.0515
v  -8.1671 6.1747 2.0515
v  -8.1671 6.1747 0.3719
v  -8.1515 6.1630 0.3719
v  -8.1671 6.2277 2.0515
v  -8.1515 6.2393 2.0515
v  -8.1515 6.2393 0.3719
v  -8.1671 6.2277 0.3719
v  -8.0667 6.2393 2.0515
v  -8.0511 6.2277 2.0515
v  -8.0511 6.2277 0.3719
v  -8.0667 6.2393 0.3719
v  -8.0511 6.1747 2.0515
v  -8.0667 6.1630 2.0515
v  -8.0667 6.1630 0.3719
v  -8.0511 6.1747 0.3719
v  -8.1515 6.4384 -1.7022
v  -8.0667 6.4384 -1.7022
v  -8.0667 6.4384 -1.3463
v  -8.1515 6.4384 -1.3463
v  -8.1671 6.4500 -1.7022
v  -8.1671 6.4500 -1.3463
v  -8.1671 6.5030 -1.3463
v  -8.1671 6.5030 -1.7022
v  -8.1515 6.5147 -1.7022
v  -8.1515 6.5147 -1.3463
v  -8.0667 6.5147 -1.3463
v  -8.0667 6.5147 -1.7022
v  -8.0511 6.5030 -1.7022
v  -8.0511 6.5030 -1.3463
v  -8.0511 6.4500 -1.3463
v  -8.0511 6.4500 -1.7022
v  -8.1515 6.4384 2.0515
v  -8.1671 6.4500 2.0515
v  -8.1671 6.4500 0.3744
v  -8.1515 6.4384 0.3744
v  -8.1671 6.5030 2.0515
v  -8.1515 6.5147 2.0515
v  -8.1515 6.5147 0.3744
v  -8.1671 6.5030 0.3744
v  -8.0667 6.5147 2.0515
v  -8.0511 6.5030 2.0515
v  -8.0511 6.5030 0.3744
v  -8.0667 6.5147 0.3744
v  -8.0511 6.4500 2.0515
v  -8.0667 6.4384 2.0515
v  -8.0667 6.4384 0.3744
v  -8.0511 6.4500 0.3744
v  -8.1441 6.4540 0.3623
v  -8.0741 6.4540 0.3623
v  -8.1441 6.4990 0.3623
v  -8.0741 6.4990 0.3623
v  -8.1441 6.1787 0.3598
v  -8.1441 6.2237 0.3598
v  -8.0741 6.2237 0.3598
v  -8.0741 6.1787 0.3598
v  -8.0741 6.4540 -1.3366
v  -8.1441 6.4540 -1.3366
v  -8.1441 6.4990 -1.3366
v  -8.0741 6.4990 -1.3366
v  -8.0741 6.1787 -1.3352
v  -8.1441 6.1787 -1.3352
v  -8.1441 6.2237 -1.3352
v  -8.0741 6.2237 -1.3352
v  -8.0734 7.9232 2.0659
v  -8.1448 7.9232 2.0659
v  -8.1448 8.0161 2.0659
v  -8.0734 8.0161 2.0659
v  -8.1448 4.9632 2.0659
v  -8.1448 5.0561 2.0659
v  -8.0734 5.0561 2.0659
v  -8.0734 4.9632 2.0659
v  -8.0734 9.0305 2.0659
v  -8.1448 9.0305 2.0659
v  -8.1448 9.1234 2.0659
v  -8.0734 9.1234 2.0659
v  -8.1448 6.1782 2.0659
v  -8.1448 6.2242 2.0659
v  -8.0734 6.2242 2.0659
v  -8.0734 6.1782 2.0659
v  -8.1448 6.4535 2.0659
v  -8.1448 6.4995 2.0659
v  -8.0734 6.4995 2.0659
v  -8.0734 6.4535 2.0659
v  -8.1472 7.9202 -1.7209
v  -8.0710 7.9202 -1.7209
v  -8.1472 8.0192 -1.7209
v  -8.0710 8.0192 -1.7209
v  -8.1472 4.9602 -1.7209
v  -8.0710 4.9602 -1.7209
v  -8.1472 5.0592 -1.7209
v  -8.0710 5.0592 -1.7209
v  -8.1472 9.0274 -1.7209
v  -8.0710 9.0274 -1.7209
v  -8.1472 9.1264 -1.7209
v  -8.0710 9.1264 -1.7209
v  -8.1472 6.1767 -1.7209
v  -8.0710 6.1767 -1.7209
v  -8.1472 6.2257 -1.7209
v  -8.0710 6.2257 -1.7209
v  -8.1472 6.4520 -1.7209
v  -8.0710 6.4520 -1.7209
v  -8.1472 6.5010 -1.7209
v  -8.0710 6.5010 -1.7209
v  -8.1703 4.9390 2.0033
v  -8.1597 4.9390 2.0288
v  -8.1597 9.4492 2.0288
v  -8.1703 9.4492 2.0033
v  -8.1342 4.9390 2.0394
v  -8.1342 9.4492 2.0394
v  -8.1088 4.9390 2.0288
v  -8.1088 9.4492 2.0288
v  -8.0982 4.9390 2.0033
v  -8.0982 9.4492 2.0033
v  -8.1088 4.9390 1.9779
v  -8.1088 9.4492 1.9779
v  -8.1342 4.9390 1.9673
v  -8.1342 9.4492 1.9673
v  -8.1597 4.9390 1.9779
v  -8.1597 9.4492 1.9779
# 13565 vertices

vn 0.0000 -0.7071 -0.7071
vn 0.7280 -0.4848 -0.4848
vn 0.5092 0.0000 -0.8607
vn 0.0000 0.0000 -1.0000
vn -0.0000 -0.7071 0.7071
vn 0.3015 0.3015 0.9045
vn 0.5093 0.0000 0.8606
vn 0.7282 -0.4847 0.4847
vn 0.0000 -1.0000 -0.0000
vn 0.5092 -0.8607 -0.0000
vn -0.5093 0.0000 -0.8606
vn -0.7282 -0.4847 -0.4847
vn -0.7280 -0.4848 0.4848
vn -0.5092 0.0000 0.8607
vn -0.3015 0.3015 0.9045
vn -0.5093 -0.8606 -0.0000
vn -0.4703 0.6240 -0.6240
vn -0.5092 0.8606 0.0000
vn 0.5093 0.8606 -0.0000
vn 0.4700 0.6241 -0.6242
vn 0.3015 -0.3015 0.9045
vn 0.5095 0.0000 0.8605
vn 0.7495 -0.2790 0.6003
vn -0.7493 -0.2792 0.6005
vn -0.5091 0.0000 0.8607
vn -0.7071 0.7071 -0.0000
vn 0.7071 0.7071 -0.0000
vn 0.5093 -0.8606 -0.0000
vn -0.5093 -0.8606 0.0000
vn -0.5092 -0.8606 0.0000
vn -0.0000 1.0000 0.0000
vn -0.5093 0.8606 0.0000
vn -0.5093 0.8606 -0.0000
vn -0.5774 0.5773 0.5773
vn -0.7071 -0.7071 -0.0000
vn -0.5774 -0.5773 0.5773
vn 0.0000 0.7071 -0.7071
vn 0.5773 -0.5774 0.5774
vn 0.5773 0.5774 0.5774
vn 0.4703 -0.6241 0.6239
vn -0.4701 -0.6241 0.6241
vn -0.0000 0.7071 0.7071
vn -0.7280 0.4848 0.4848
vn -0.3015 -0.3015 0.9045
vn 0.7282 0.4847 0.4847
vn -0.7282 0.4847 -0.4847
vn 0.5864 -0.5248 0.6170
vn 0.5775 0.5774 0.5772
vn -0.5773 0.5774 0.5774
vn -0.5863 -0.5247 0.6172
vn 0.7071 -0.7071 -0.0000
vn 0.0000 -0.9489 -0.3155
vn 0.0000 -0.9489 0.3155
vn 0.0000 -0.4479 -0.8941
vn -0.0000 0.4479 -0.8941
vn -0.0000 0.4480 -0.8941
vn -0.0000 0.9489 -0.3155
vn -0.0000 0.9489 0.3155
vn -0.0000 0.4479 0.8941
vn 0.0000 -0.4479 0.8941
vn -0.0000 0.4480 0.8941
vn 1.0000 0.0000 -0.0000
vn 0.7071 0.0000 -0.7071
vn -0.0000 0.0000 -1.0000
vn -0.7071 0.0000 -0.7071
vn -1.0000 0.0000 -0.0000
vn -0.7071 0.0000 0.7071
vn -0.0000 0.0000 1.0000
vn 0.7071 0.0000 0.7071
vn 0.0000 0.0000 1.0000
vn -1.0000 0.0000 -0.0001
vn 0.3844 -0.8771 -0.2880
vn 0.3844 -0.8771 0.2880
vn 0.0000 0.4479 -0.8941
vn 0.3763 0.4168 -0.8275
vn 0.3763 -0.4168 -0.8275
vn 0.3844 0.8771 0.2880
vn 0.3844 0.8771 -0.2880
vn 0.3763 -0.4168 0.8275
vn 0.3762 0.4168 0.8275
vn -0.4783 -0.8343 -0.2743
vn -0.4649 -0.3981 -0.7909
vn -0.4648 0.3981 -0.7909
vn -0.4782 0.8343 -0.2743
vn 0.0000 0.9489 -0.3155
vn 0.0000 0.9489 0.3155
vn -0.4783 0.8343 0.2743
vn -0.4648 0.3981 0.7909
vn 0.0000 0.4479 0.8941
vn -0.4648 -0.3981 0.7909
vn -0.4782 -0.8343 0.2743
vn -0.0000 -0.9489 0.3155
vn -0.9575 -0.1946 0.2130
vn -0.9575 -0.1946 -0.2130
vn -0.9575 0.1946 -0.2130
vn -0.9575 0.1946 0.2130
vn 0.9045 -0.2908 -0.3119
vn 0.9045 -0.2908 0.3119
vn 0.9045 0.2908 -0.3119
vn 0.9045 0.2908 0.3119
vn 0.4648 -0.8388 -0.2836
vn 0.4648 -0.8388 0.2836
vn 0.4889 0.3803 -0.7851
vn 0.4889 -0.3802 -0.7851
vn 0.4648 0.8388 0.2836
vn 0.4648 0.8388 -0.2836
vn 0.4889 -0.3802 0.7851
vn 0.4889 0.3803 0.7851
vn -0.4279 -0.8561 -0.2897
vn -0.4598 -0.3858 -0.7998
vn -0.4598 0.3858 -0.7998
vn -0.4279 0.8561 -0.2898
vn -0.4279 0.8561 0.2898
vn -0.4598 0.3858 0.7998
vn -0.4598 -0.3858 0.7998
vn -0.4279 -0.8561 0.2897
vn 0.4643 -0.8390 -0.2837
vn 0.4643 -0.8390 0.2837
vn 0.0000 -0.4480 -0.8941
vn 0.4885 0.3803 -0.7853
vn 0.4885 -0.3803 -0.7853
vn 0.4643 0.8390 0.2837
vn 0.4643 0.8390 -0.2837
vn 0.0000 -0.4480 0.8941
vn 0.4885 -0.3803 0.7853
vn 0.4885 0.3803 0.7853
vn -0.4271 -0.8565 -0.2899
vn -0.4592 -0.3859 -0.8001
vn -0.4591 0.3860 -0.8001
vn -0.4270 0.8565 -0.2899
vn -0.4270 0.8565 0.2899
vn -0.4591 0.3860 0.8001
vn -0.4592 -0.3859 0.8001
vn -0.4271 -0.8565 0.2899
vn -0.9411 -0.2776 0.1929
vn -0.9411 -0.2776 -0.1929
vn -0.9411 0.2776 -0.1929
vn -0.9411 0.2776 0.1929
vn -0.9415 -0.2768 -0.1921
vn -0.9415 0.2768 -0.1921
vn -0.9415 0.2768 0.1921
vn -0.9415 -0.2768 0.1921
vn 0.9583 -0.2367 -0.1599
vn 0.9583 -0.2367 0.1599
vn 0.9583 0.2367 -0.1599
vn 0.9583 0.2367 0.1599
vn 0.9585 -0.2362 -0.1594
vn 0.9585 -0.2362 0.1594
vn 0.9585 0.2362 -0.1594
vn 0.9585 0.2362 0.1594
vn -0.5774 -0.5774 -0.5773
vn -0.5774 -0.5774 0.5774
vn -0.7071 -0.7071 0.0000
vn -1.0000 0.0000 0.0000
vn -0.5774 0.5774 -0.5773
vn -0.7071 0.7071 0.0000
vn -0.5092 -0.8606 -0.0000
vn -0.5092 -0.8607 0.0000
vn -0.5774 0.5774 0.5774
vn 0.5773 -0.5773 -0.5774
vn 0.5774 -0.5774 0.5774
vn 0.5774 0.5774 -0.5774
vn 0.7071 0.7071 0.0000
vn 0.5773 0.5773 0.5774
vn 0.5092 0.8607 -0.0000
vn 0.7280 0.4848 -0.4848
vn -0.5095 0.0000 -0.8605
vn 0.5090 0.0000 -0.8607
vn 0.4700 -0.6241 -0.6242
vn -0.4703 -0.6240 -0.6240
vn 0.5093 0.8606 0.0000
vn -0.6506 0.7544 0.0871
vn 0.6507 0.7544 0.0870
vn 0.5090 0.0000 -0.8608
vn -0.5092 -0.8607 -0.0000
vn 0.0000 1.0000 -0.0000
vn -0.7282 0.4846 -0.4846
vn -0.0000 0.4478 -0.8941
vn -0.0000 0.4478 0.8941
vn 0.3762 -0.4168 -0.8275
vn 0.3762 -0.4168 0.8275
vn 0.3763 0.4168 0.8275
vn -0.4782 -0.8343 -0.2743
vn -0.4648 -0.3981 -0.7909
vn -0.4782 0.8343 0.2743
vn 0.0000 -0.4478 -0.8941
vn 0.0000 -0.4478 0.8941
vn 0.4889 0.3802 -0.7851
vn 0.4889 0.3802 0.7851
vn -0.4279 -0.8561 -0.2898
vn 0.0000 0.4478 -0.8941
vn 0.0000 0.4478 0.8941
vn -0.4279 -0.8561 0.2898
vn -0.4592 0.3859 -0.8001
vn -0.4271 0.8565 -0.2899
vn -0.4271 0.8565 0.2899
vn -0.4592 0.3859 0.8001
vn -0.9415 0.2768 -0.1922
vn -0.9415 0.2768 0.1922
vn 0.9583 -0.2368 -0.1599
vn 0.9583 -0.2368 0.1599
vn 0.9583 0.2368 -0.1599
vn 0.9583 0.2368 0.1599
vn 0.0000 -0.7071 0.7071
vn 0.5091 0.0000 0.8607
vn 0.7280 -0.4848 0.4848
vn -0.0000 -0.7071 -0.7071
vn 0.7282 -0.4847 -0.4847
vn 0.5093 0.0000 -0.8606
vn 0.3015 0.3015 -0.9045
vn 0.5092 -0.8607 0.0000
vn 0.0000 -1.0000 0.0000
vn -0.7282 -0.4847 0.4847
vn -0.5093 0.0000 0.8606
vn -0.3015 0.3015 -0.9045
vn -0.5092 0.0000 -0.8607
vn -0.7280 -0.4848 -0.4848
vn -0.4703 0.6240 0.6240
vn 0.4700 0.6241 0.6242
vn -0.5092 0.8606 -0.0000
vn 0.3015 -0.3015 -0.9045
vn 0.5094 0.0000 -0.8605
vn -0.5091 0.0000 -0.8607
vn -0.7493 -0.2792 -0.6005
vn 0.7495 -0.2790 -0.6003
vn 0.5093 -0.8606 0.0000
vn -0.0000 1.0000 -0.0000
vn -0.5774 0.5773 -0.5773
vn -0.5774 -0.5773 -0.5773
vn 0.0000 0.7071 0.7071
vn 0.5773 0.5774 -0.5774
vn 0.5773 -0.5774 -0.5774
vn -0.4701 -0.6241 -0.6241
vn 0.4703 -0.6241 -0.6239
vn -0.7280 0.4848 -0.4848
vn -0.0000 0.7071 -0.7071
vn -0.3015 -0.3015 -0.9045
vn 0.7282 0.4847 -0.4847
vn -0.7282 0.4847 0.4847
vn 0.5864 -0.5248 -0.6170
vn -0.5863 -0.5247 -0.6172
vn -0.5773 0.5774 -0.5774
vn 0.5775 0.5774 -0.5772
vn 0.7071 -0.7071 0.0000
vn 1.0000 0.0000 0.0000
vn -1.0000 0.0000 0.0001
vn 0.3762 0.4168 -0.8275
vn -0.4649 -0.3981 0.7909
vn -0.4783 -0.8343 0.2743
vn -0.4783 0.8343 -0.2743
vn -0.0000 -0.9489 -0.3155
vn 0.5092 0.0000 0.8607
vn -0.5774 -0.5774 0.5773
vn -0.5774 -0.5774 -0.5774
vn -0.5774 0.5774 0.5773
vn 0.5095 0.0000 -0.8605
vn -0.5774 0.5774 -0.5774
vn 0.5773 -0.5773 0.5774
vn 0.5774 -0.5774 -0.5774
vn 0.5774 0.5774 0.5774
vn 0.5773 0.5773 -0.5774
vn 0.5092 0.8607 0.0000
vn 0.7280 0.4848 0.4848
vn -0.5095 0.0000 0.8605
vn -0.4703 -0.6240 0.6240
vn 0.4700 -0.6241 0.6242
vn 0.5090 0.0000 0.8608
vn -0.6506 0.7544 -0.0871
vn 0.6507 0.7544 -0.0870
vn -0.7282 0.4846 0.4846
vn -0.3015 0.9045 0.3015
vn 0.5774 0.5773 -0.5773
vn -0.3015 -0.9045 0.3015
vn 0.3015 -0.9045 0.3015
vn 0.3015 0.9045 0.3015
vn 0.5774 -0.5773 -0.5773
vn -0.3015 0.9045 -0.3015
vn 0.5774 0.5773 0.5773
vn -0.3015 -0.9045 -0.3015
vn 0.3015 -0.9045 -0.3015
vn 0.3015 0.9045 -0.3015
vn 0.5774 -0.5773 0.5773
vn -0.0000 -1.0000 0.0000
vn -0.5773 0.5774 -0.5773
vn -0.5773 -0.5774 -0.5774
vn -0.5773 -0.5774 0.5774
vn -0.5753 0.5790 -0.5777
vn -0.3021 0.9050 -0.2995
vn -0.3044 0.9042 0.2996
vn -0.5753 0.5790 0.5777
vn -0.7052 -0.7090 0.0000
vn -0.5755 -0.5788 0.5777
vn -0.5755 -0.5788 -0.5777
vn -0.7085 0.0002 0.7057
vn -0.9059 -0.3019 0.2970
vn -0.9063 -0.3009 -0.2968
vn -0.7083 0.0002 -0.7059
vn -0.0000 -1.0000 -0.0000
vn 0.2958 -0.9049 0.3059
vn 0.2983 0.9055 0.3018
vn -0.2601 -0.9656 -0.0000
vn 0.3005 0.9047 -0.3020
vn 0.2948 -0.9053 -0.3059
vn -0.2601 0.9656 -0.0000
vn 0.0000 -0.0000 1.0000
vn 0.5774 -0.5773 -0.5774
vn -0.5774 -0.5773 -0.5774
vn 0.5773 -0.5774 -0.5773
vn 0.5774 0.5773 -0.5774
vn 0.4472 0.8944 -0.0000
vn -0.9045 -0.3015 -0.3015
vn -0.9045 0.3015 -0.3015
vn -0.9045 -0.3015 0.3015
vn -0.9045 0.3015 0.3015
vn 0.9045 0.3015 -0.3015
vn 0.9045 -0.3015 -0.3015
vn 0.9045 -0.3015 0.3015
vn 0.9045 0.3015 0.3015
vn -0.4472 -0.8944 -0.0000
vn -0.4472 0.8944 -0.0000
vn 0.7071 0.0001 -0.7071
vn -1.0000 0.0001 0.0000
vn -0.3155 -0.9489 -0.0000
vn 0.3155 -0.9489 -0.0000
vn -0.8941 -0.4479 -0.0000
vn -0.8941 0.4479 0.0000
vn -0.8941 0.4480 0.0000
vn -0.3155 0.9489 0.0000
vn 0.3155 0.9489 0.0000
vn 0.8941 0.4479 0.0000
vn 0.8941 -0.4479 -0.0000
vn 0.8941 0.4480 0.0000
vn -0.0001 0.0000 1.0000
vn -0.0001 0.0000 -1.0000
vn -0.2880 -0.8771 -0.3844
vn 0.2880 -0.8771 -0.3844
vn -0.8941 0.4479 -0.0000
vn -0.8275 0.4168 -0.3763
vn -0.8275 -0.4168 -0.3763
vn 0.2880 0.8771 -0.3844
vn -0.2880 0.8771 -0.3844
vn 0.8275 -0.4168 -0.3763
vn 0.8275 0.4168 -0.3762
vn -0.2743 -0.8343 0.4783
vn -0.7909 -0.3981 0.4649
vn -0.7909 0.3981 0.4648
vn -0.2743 0.8343 0.4782
vn -0.3155 0.9489 -0.0000
vn 0.3155 0.9489 -0.0000
vn 0.2743 0.8343 0.4783
vn 0.7909 0.3981 0.4648
vn 0.8941 0.4479 -0.0000
vn 0.7909 -0.3981 0.4648
vn 0.2743 -0.8343 0.4782
vn 0.3155 -0.9489 0.0000
vn 0.2130 -0.1946 0.9575
vn -0.2130 -0.1946 0.9575
vn -0.2130 0.1946 0.9575
vn 0.2130 0.1946 0.9575
vn -0.3119 -0.2908 -0.9045
vn 0.3119 -0.2908 -0.9045
vn -0.3119 0.2908 -0.9045
vn 0.3119 0.2908 -0.9045
vn -0.2836 -0.8388 -0.4648
vn 0.2836 -0.8388 -0.4648
vn -0.7851 0.3803 -0.4889
vn -0.7851 -0.3802 -0.4889
vn 0.2836 0.8388 -0.4648
vn -0.2836 0.8388 -0.4648
vn 0.7851 -0.3802 -0.4889
vn 0.7851 0.3803 -0.4889
vn -0.2897 -0.8561 0.4279
vn -0.7998 -0.3858 0.4598
vn -0.7998 0.3858 0.4598
vn -0.2898 0.8561 0.4279
vn 0.2898 0.8561 0.4279
vn 0.7998 0.3858 0.4598
vn 0.7998 -0.3858 0.4598
vn 0.2897 -0.8561 0.4279
vn -0.2837 -0.8390 -0.4643
vn 0.2837 -0.8390 -0.4643
vn -0.8941 -0.4480 -0.0000
vn -0.7853 0.3803 -0.4885
vn -0.7853 -0.3803 -0.4885
vn 0.2837 0.8390 -0.4643
vn -0.2837 0.8390 -0.4643
vn 0.8941 -0.4480 -0.0000
vn 0.7853 -0.3803 -0.4885
vn 0.7853 0.3803 -0.4885
vn -0.2899 -0.8565 0.4271
vn -0.8001 -0.3859 0.4592
vn -0.8001 0.3860 0.4591
vn -0.2899 0.8565 0.4270
vn 0.2899 0.8565 0.4270
vn 0.8001 0.3860 0.4591
vn 0.8001 -0.3859 0.4592
vn 0.2899 -0.8565 0.4271
vn 0.1929 -0.2776 0.9411
vn -0.1929 -0.2776 0.9411
vn -0.1929 0.2776 0.9411
vn 0.1929 0.2776 0.9411
vn -0.1921 -0.2768 0.9415
vn -0.1921 0.2768 0.9415
vn 0.1921 0.2768 0.9415
vn 0.1921 -0.2768 0.9415
vn -0.1599 -0.2367 -0.9583
vn 0.1599 -0.2367 -0.9583
vn -0.1599 0.2367 -0.9583
vn 0.1599 0.2367 -0.9583
vn -0.1594 -0.2362 -0.9585
vn 0.1594 -0.2362 -0.9585
vn -0.1594 0.2362 -0.9585
vn 0.1594 0.2362 -0.9585
vn -0.5773 0.5774 0.5773
vn 0.6910 -0.3841 -0.6124
vn 0.3732 -0.6005 -0.7071
vn -0.4046 -0.7279 -0.5536
vn -0.4046 -0.7279 0.5536
vn 0.3037 -0.4886 0.8180
vn 0.6910 -0.3841 0.6124
vn 0.5773 0.5774 -0.5773
vn 0.5773 0.5774 0.5773
vn -0.6910 -0.3841 0.6124
vn -0.2085 -0.7306 0.6502
vn -0.2085 -0.7305 -0.6503
vn -0.6910 -0.3841 -0.6124
vn -0.5533 0.8311 -0.0553
vn -0.5305 0.8477 0.0000
vn -0.3770 0.6025 -0.7035
vn -0.5203 0.4659 -0.7157
vn 0.0000 -0.0000 -1.0000
vn -0.2065 -0.1333 -0.9693
vn 0.3771 -0.6025 -0.7034
vn 0.1968 -0.6729 -0.7131
vn 0.5305 -0.8477 0.0000
vn 0.5062 -0.8607 -0.0540
vn 0.3771 -0.6025 0.7035
vn 0.4716 -0.5608 0.6805
vn 0.0288 0.0186 0.9994
vn -0.3770 0.6025 0.7035
vn -0.2985 0.6712 0.6785
vn -0.7986 0.2394 -0.5521
vn -0.5823 0.8104 -0.0648
vn -0.5920 -0.3835 -0.7089
vn -0.1212 -0.8281 -0.5473
vn 0.4778 -0.8763 -0.0616
vn 0.7881 -0.3530 0.5043
vn 0.5617 0.3666 0.7417
vn 0.0173 0.8677 0.4968
vn -0.9639 0.1798 -0.1961
vn -0.5797 0.8143 -0.0304
vn -0.8133 -0.5264 -0.2479
vn -0.2417 -0.9508 -0.1937
vn 0.4840 -0.8746 -0.0291
vn 0.9615 -0.2481 0.1185
vn 0.8363 0.5425 0.0791
vn 0.1794 0.9769 0.1161
vn -0.9755 0.2202 0.0000
vn -0.5311 0.8473 0.0000
vn -0.8403 -0.5421 0.0000
vn -0.2142 -0.9768 -0.0000
vn 0.5311 -0.8473 0.0000
vn 0.9755 -0.2202 -0.0000
vn 0.8403 0.5421 -0.0000
vn 0.2142 0.9768 -0.0000
vn 0.5015 0.8634 0.0540
vn 0.1931 0.6740 0.7131
vn 0.4906 0.5455 0.6795
vn 0.6602 0.7511 -0.0000
vn -0.2072 0.1321 0.9693
vn 0.0352 0.0286 0.9990
vn -0.5177 -0.4688 0.7157
vn -0.4930 -0.4787 0.7265
vn -0.5487 -0.8342 0.0553
vn -0.7002 -0.7140 -0.0000
vn -0.2949 -0.6729 -0.6784
vn -0.4930 -0.4787 -0.7265
vn 0.0289 -0.0185 -0.9994
vn 0.0352 0.0286 -0.9990
vn 0.4685 0.5634 -0.6805
vn 0.4906 0.5455 -0.6795
vn 0.4888 0.8719 0.0295
vn -0.1152 0.8405 0.5295
vn -0.5943 0.4021 0.6965
vn -0.8163 -0.2097 0.5382
vn -0.6505 -0.7588 0.0325
vn -0.1542 -0.7965 -0.5846
vn 0.3711 -0.3553 -0.8580
vn 0.7502 0.3228 -0.5770
vn 0.1458 0.9751 0.1671
vn -0.5411 0.8022 0.2523
vn -0.9441 0.2146 0.2504
vn -0.8475 -0.5112 0.1432
vn -0.2313 -0.9715 -0.0515
vn 0.5798 -0.8123 -0.0633
vn 0.9832 -0.1288 0.1295
vn 0.7862 0.6130 0.0784
vn -0.5085 0.8611 0.0000
vn -0.3702 0.6086 -0.7018
vn -0.0001 0.0002 -1.0000
vn 0.3617 -0.6088 -0.7061
vn 0.5299 -0.8481 0.0000
vn 0.3617 -0.6087 0.7061
vn -0.0001 0.0002 1.0000
vn -0.3702 0.6086 0.7018
vn -0.2862 0.9582 0.0000
vn -0.2197 0.7036 -0.6758
vn -0.0289 0.0378 -0.9989
vn 0.3489 -0.6191 -0.7035
vn 0.5293 -0.8485 0.0000
vn 0.3489 -0.6191 0.7035
vn -0.0289 0.0378 0.9989
vn -0.2197 0.7036 0.6758
vn 0.9960 0.0891 0.0000
vn 1.0000 0.0055 0.0000
vn 0.7077 0.0034 -0.7065
vn 0.7252 0.0500 -0.6867
vn 0.0007 0.0000 -1.0000
vn 0.0193 0.0026 -0.9998
vn -0.7070 -0.0007 -0.7072
vn -0.7053 -0.0678 -0.7057
vn -1.0000 -0.0001 0.0000
vn -0.9998 -0.0185 0.0000
vn -0.7070 -0.0007 0.7072
vn -0.7052 -0.0678 0.7057
vn 0.0007 0.0000 1.0000
vn 0.0193 0.0026 0.9998
vn 0.7077 0.0034 0.7065
vn 0.7252 0.0500 0.6867
vn 0.2575 0.9663 0.0000
vn 0.8353 0.5498 0.0000
vn 0.6392 0.4144 -0.6478
vn 0.1688 0.7112 -0.6825
vn 0.0781 0.0342 -0.9964
vn 0.0098 0.1519 -0.9883
vn -0.5696 -0.3209 -0.7567
vn -0.0453 -0.5686 -0.8214
vn -0.8440 -0.5363 0.0000
vn 0.1217 -0.9926 0.0000
vn -0.5696 -0.3209 0.7567
vn -0.0453 -0.5686 0.8214
vn 0.0781 0.0342 0.9964
vn 0.0098 0.1519 0.9883
vn 0.6392 0.4144 0.6478
vn 0.1688 0.7112 0.6825
vn 0.6917 0.2870 0.6627
vn 0.9189 0.3945 -0.0000
vn 0.0802 0.0234 0.9965
vn -0.6595 -0.2630 0.7042
vn -0.9300 -0.3675 -0.0000
vn -0.6595 -0.2630 -0.7042
vn 0.0802 0.0234 -0.9965
vn 0.6917 0.2870 -0.6627
vn 0.7452 0.0491 0.6650
vn 0.7355 0.0013 0.6775
vn 1.0000 0.0020 -0.0000
vn 0.9980 0.0625 -0.0000
vn 0.0171 0.0022 0.9999
vn 0.0001 0.0000 1.0000
vn -0.7239 -0.0833 0.6849
vn -0.7355 -0.0006 0.6775
vn -0.9961 -0.0878 -0.0000
vn -1.0000 -0.0006 -0.0000
vn -0.7239 -0.0833 -0.6849
vn -0.7355 -0.0006 -0.6775
vn 0.0171 0.0022 -0.9999
vn 0.0001 0.0000 -1.0000
vn 0.7452 0.0491 -0.6650
vn 0.7355 0.0013 -0.6775
vn 0.7057 0.0011 0.7085
vn 0.7018 0.0011 0.7124
vn 1.0000 0.0017 -0.0000
vn -0.0004 -0.0000 1.0000
vn -0.0000 -0.0000 1.0000
vn -0.7064 -0.0005 0.7078
vn -0.7018 -0.0005 0.7124
vn -1.0000 -0.0005 0.0000
vn -0.7064 -0.0005 -0.7079
vn -0.7018 -0.0005 -0.7124
vn -0.0004 -0.0000 -1.0000
vn -0.0001 -0.0000 -1.0000
vn 0.7057 0.0011 -0.7085
vn 0.7018 0.0011 -0.7124
vn 0.8489 -0.5286 0.0000
vn 0.5962 -0.5289 0.6039
vn 0.0011 -1.0000 0.0000
vn 0.0006 -0.5295 0.8483
vn -0.5951 -0.5302 0.6040
vn -0.8477 -0.5305 -0.0000
vn -0.5951 -0.5302 -0.6040
vn 0.0006 -0.5296 -0.8483
vn 0.5962 -0.5289 -0.6039
vn 0.3556 -0.8900 0.2853
vn -0.4356 -0.8544 0.2835
vn -0.4356 -0.8544 -0.2835
vn 0.3556 -0.8900 -0.2853
vn 0.3523 -0.4137 0.8395
vn 0.3523 0.4137 0.8395
vn -0.4235 0.4104 0.8076
vn -0.4236 -0.4104 0.8076
vn 0.3556 0.8900 0.2853
vn 0.3556 0.8900 -0.2853
vn -0.4356 0.8544 -0.2834
vn -0.4356 0.8544 0.2834
vn 0.3523 0.4137 -0.8395
vn 0.3523 -0.4137 -0.8395
vn -0.4236 -0.4104 -0.8076
vn -0.4235 0.4104 -0.8076
vn 1.0000 0.0000 0.0001
vn -0.4356 -0.8544 0.2834
vn 0.4783 -0.8343 0.2743
vn 0.4649 -0.3981 0.7909
vn -0.4236 0.4104 0.8076
vn 0.4648 0.3981 0.7909
vn 0.4782 0.8343 0.2743
vn -0.4356 0.8544 0.2835
vn -0.4356 0.8544 -0.2835
vn 0.4783 0.8343 -0.2743
vn 0.4648 0.3981 -0.7909
vn -0.4236 0.4104 -0.8076
vn 0.4648 -0.3981 -0.7909
vn 0.4782 -0.8343 -0.2743
vn -0.4356 -0.8544 -0.2834
vn 0.9575 -0.1946 -0.2130
vn 0.9575 -0.1946 0.2130
vn 0.9575 0.1946 0.2130
vn 0.9575 0.1946 -0.2130
vn -0.3497 -0.8869 0.3020
vn 0.4279 -0.8561 0.2897
vn 0.4598 -0.3858 0.7998
vn -0.3928 -0.3989 0.8286
vn -0.3928 0.3990 0.8286
vn 0.4598 0.3858 0.7998
vn 0.4279 0.8561 0.2898
vn -0.3497 0.8869 0.3020
vn -0.3497 0.8869 -0.3020
vn 0.4279 0.8561 -0.2898
vn 0.4598 0.3858 -0.7998
vn -0.3928 0.3990 -0.8286
vn -0.3928 -0.3989 -0.8286
vn 0.4598 -0.3858 -0.7998
vn 0.4279 -0.8561 -0.2897
vn -0.3497 -0.8869 -0.3020
vn 0.4271 -0.8565 0.2899
vn 0.4592 -0.3859 0.8001
vn 0.4591 0.3860 0.8001
vn 0.4270 0.8565 0.2899
vn -0.3497 0.8868 0.3020
vn -0.3497 0.8868 -0.3020
vn 0.4270 0.8565 -0.2899
vn 0.4591 0.3860 -0.8001
vn 0.4592 -0.3859 -0.8001
vn 0.4271 -0.8565 -0.2899
vn 0.9411 -0.2776 -0.1929
vn 0.9411 -0.2776 0.1929
vn 0.9411 0.2776 0.1929
vn 0.9411 0.2776 -0.1929
vn 0.9415 -0.2768 0.1921
vn 0.9415 0.2768 0.1921
vn 0.9415 0.2768 -0.1921
vn 0.9415 -0.2768 -0.1921
vn -0.7071 -0.0000 -0.7071
vn 0.8879 -0.3211 -0.3295
vn 0.8879 -0.3211 0.3295
vn 0.8879 0.3211 0.3295
vn 0.8879 0.3211 -0.3295
vn -0.9340 -0.2391 0.2655
vn -0.9340 -0.2391 -0.2655
vn -0.9340 0.2391 0.2655
vn -0.9340 0.2391 -0.2655
vn -0.8973 -0.3546 0.2629
vn -0.8973 0.3546 0.2629
vn -0.8973 0.3546 -0.2629
vn -0.8973 -0.3546 -0.2629
vn -0.4235 -0.4104 -0.8076
vn -1.0000 -0.0000 0.0000
vn -0.7071 -0.0000 0.7071
vn 0.7072 0.0000 -0.7071
vn -0.0000 -0.0000 -1.0000
vn 0.7071 -0.0000 0.7071
vn 1.0000 -0.0000 0.0000
vn 0.7071 -0.0000 -0.7071
vn 0.4648 -0.3981 0.7909
vn 0.4782 0.8343 -0.2744
vn 0.4649 0.3981 -0.7909
vn -0.4235 -0.4104 0.8076
vn 0.4598 -0.3859 0.7998
vn -0.3928 -0.3990 -0.8286
vn 0.4278 -0.8561 -0.2898
vn 0.4591 -0.3860 0.8001
vn 0.4270 -0.8565 -0.2899
vn -0.7072 -0.0000 0.7071
vn 0.7072 0.0000 0.7071
vn -0.7072 -0.0000 -0.7071
vn -0.2835 -0.8742 0.3943
vn -0.2801 -0.8453 -0.4551
vn 0.2801 -0.8453 -0.4551
vn 0.2835 -0.8742 0.3943
vn -0.8253 -0.4110 0.3873
vn -0.8253 0.4110 0.3873
vn -0.7999 0.4058 -0.4421
vn -0.7999 -0.4058 -0.4422
vn -0.2835 0.8742 0.3943
vn 0.2835 0.8742 0.3943
vn 0.2800 0.8453 -0.4551
vn -0.2801 0.8453 -0.4551
vn 0.8253 0.4110 0.3873
vn 0.8253 -0.4110 0.3873
vn 0.7999 -0.4058 -0.4421
vn 0.7999 0.4058 -0.4421
vn -1.0000 -0.0000 -0.0001
vn 1.0000 0.0000 -0.0001
vn -1.0000 -0.0000 -0.0000
vn -1.0000 -0.0000 0.0001
vn -0.7909 -0.3981 0.4648
vn -0.7999 0.4058 -0.4422
vn 0.2800 0.8452 -0.4551
vn 0.2744 0.8343 0.4782
vn 0.7909 0.3981 0.4649
vn 0.2800 -0.8452 -0.4551
vn -0.7999 -0.4058 -0.4421
vn 0.2801 0.8453 -0.4551
vn -0.2986 -0.8785 -0.3729
vn -0.7998 -0.3859 0.4598
vn -0.8204 -0.3949 -0.4136
vn -0.8204 0.3949 -0.4135
vn -0.2986 0.8785 -0.3729
vn 0.2986 0.8785 -0.3729
vn 0.8204 0.3949 -0.4135
vn 0.8204 -0.3950 -0.4135
vn 0.2898 -0.8561 0.4278
vn 0.2986 -0.8785 -0.3730
vn -0.8001 -0.3860 0.4591
vn -0.8204 0.3949 -0.4136
vn 0.8204 0.3949 -0.4136
vn 0.2899 -0.8565 0.4270
vn -0.7071 -0.0000 0.7072
vn -0.0001 -0.0000 1.0000
vn 0.7071 0.0000 0.7072
vn 0.2967 -0.2826 0.9122
vn -0.2967 -0.2826 0.9122
vn -0.2967 0.2826 0.9122
vn 0.2967 0.2826 0.9122
vn -0.2435 -0.2188 -0.9449
vn 0.2435 -0.2188 -0.9449
vn -0.2435 0.2188 -0.9449
vn 0.2435 0.2188 -0.9449
vn -0.2415 -0.3326 -0.9116
vn -0.2415 0.3327 -0.9116
vn 0.2415 0.3327 -0.9116
vn 0.2415 -0.3326 -0.9116
vn -0.2415 0.3326 -0.9116
vn 0.2415 0.3326 -0.9116
vn -0.2856 -0.8752 0.3904
vn -0.2774 -0.8408 -0.4649
vn 0.2774 -0.8408 -0.4649
vn 0.2856 -0.8752 0.3904
vn -0.8260 -0.4137 0.3828
vn -0.8260 0.4137 0.3828
vn -0.7963 0.4023 -0.4518
vn -0.7963 -0.4022 -0.4519
vn -0.2856 0.8752 0.3904
vn 0.2856 0.8752 0.3904
vn 0.2774 0.8408 -0.4649
vn -0.2774 0.8408 -0.4649
vn 0.8260 0.4137 0.3828
vn 0.8260 -0.4137 0.3828
vn 0.7963 -0.4022 -0.4518
vn 0.7963 0.4023 -0.4518
vn -0.7963 0.4022 -0.4519
vn 0.7963 0.4022 -0.4518
vn -0.3001 -0.9044 0.3034
vn 0.3001 -0.9044 0.3034
vn -0.8452 -0.4008 0.3535
vn -0.8452 0.4008 0.3535
vn -0.3002 0.9044 0.3033
vn 0.3002 0.9044 0.3033
vn 0.8452 0.4008 0.3535
vn 0.8452 -0.4008 0.3535
vn -0.2949 -0.8742 -0.3857
vn -0.8159 -0.3914 -0.4256
vn -0.8159 0.3915 -0.4255
vn -0.2948 0.8742 -0.3857
vn 0.2948 0.8742 -0.3857
vn 0.8159 0.3915 -0.4255
vn 0.8159 -0.3915 -0.4255
vn 0.2948 -0.8742 -0.3857
vn -0.8452 -0.4009 0.3535
vn -0.8452 0.4009 0.3535
vn -0.3001 0.9044 0.3033
vn 0.3001 0.9044 0.3033
vn 0.8452 0.4009 0.3535
vn 0.8452 -0.4009 0.3535
vn -0.2300 -0.2086 -0.9506
vn 0.2300 -0.2086 -0.9506
vn -0.2300 0.2086 -0.9506
vn 0.2300 0.2086 -0.9506
vn -0.2300 -0.3189 -0.9195
vn -0.2300 0.3189 -0.9195
vn 0.2300 0.3189 -0.9195
vn 0.2300 -0.3189 -0.9195
vn 0.3031 -0.2855 0.9092
vn -0.3031 -0.2855 0.9092
vn -0.3031 0.2855 0.9092
vn 0.3031 0.2855 0.9092
vn 0.3050 -0.3909 0.8684
vn -0.3050 -0.3909 0.8684
vn -0.3050 0.3909 0.8684
vn 0.3050 0.3909 0.8684
vn 0.0001 -0.0000 1.0000
vn 0.0001 -0.0000 -1.0000
vn 0.4782 -0.8343 0.2743
vn 0.4782 0.8343 -0.2743
vn -0.3497 -0.8868 0.3020
vn 0.4279 -0.8561 0.2898
vn -0.3928 -0.3990 0.8286
vn -0.3928 0.3989 0.8286
vn -0.3928 0.3989 -0.8286
vn 0.4279 -0.8561 -0.2898
vn -0.3497 -0.8868 -0.3020
vn 0.4592 0.3859 0.8001
vn 0.4271 0.8565 0.2899
vn 0.4271 0.8565 -0.2899
vn 0.4592 0.3859 -0.8001
vn 0.9415 0.2768 0.1922
vn 0.9415 0.2768 -0.1922
vn 1.0000 -0.0000 0.0001
vn 0.3556 -0.8900 -0.2854
vn 0.3556 0.8900 -0.2854
vn -0.7072 0.0000 0.7071
vn 0.7072 -0.0000 0.7071
vn 0.7072 -0.0000 -0.7071
vn -0.7072 0.0000 -0.7071
vn 0.4649 0.3981 0.7909
vn 0.4783 0.8343 0.2743
vn -0.3497 0.8868 0.3021
vn -0.3497 -0.8868 0.3021
vn 0.4591 0.3859 -0.8001
vn 0.4591 -0.3859 -0.8001
vn 0.9415 -0.2768 0.1922
vn -0.8253 0.4109 0.3873
vn 1.0000 -0.0000 -0.0000
vn -0.2743 -0.8343 0.4782
vn 0.2743 0.8343 0.4782
vn -0.2898 -0.8561 0.4279
vn -0.7998 0.3859 0.4598
vn 0.2986 0.8785 -0.3730
vn 0.2898 0.8561 0.4278
vn 0.8204 0.3950 -0.4135
vn 0.8204 -0.3949 -0.4136
vn 0.2898 -0.8561 0.4279
vn 0.2986 -0.8785 -0.3729
vn -0.2899 0.8565 0.4271
vn 0.8001 0.3859 0.4592
vn 0.8204 -0.3949 -0.4135
vn -0.1922 0.2768 0.9415
vn 0.1922 0.2768 0.9415
vn -0.7071 -0.0000 -0.7072
vn 0.7071 0.0000 -0.7072
vn -0.2856 -0.8752 -0.3904
vn 0.2856 -0.8752 -0.3904
vn 0.2774 -0.8408 0.4649
vn -0.2774 -0.8408 0.4649
vn -0.8260 -0.4137 -0.3828
vn -0.7963 -0.4022 0.4519
vn -0.7963 0.4022 0.4519
vn -0.8260 0.4137 -0.3828
vn -0.2856 0.8752 -0.3904
vn -0.2774 0.8408 0.4649
vn 0.2774 0.8408 0.4649
vn 0.2856 0.8752 -0.3904
vn 0.8260 0.4138 -0.3828
vn 0.7963 0.4022 0.4519
vn 0.7963 -0.4022 0.4519
vn 0.8260 -0.4137 -0.3828
vn 0.2880 -0.8771 0.3844
vn -0.2880 -0.8771 0.3844
vn -0.8275 -0.4168 0.3762
vn -0.8275 0.4168 0.3763
vn -0.2880 0.8771 0.3844
vn 0.2880 0.8771 0.3844
vn 0.8260 0.4137 -0.3828
vn 0.8275 0.4168 0.3763
vn 0.8275 -0.4168 0.3762
vn -0.7909 -0.3981 -0.4648
vn -0.2743 -0.8343 -0.4782
vn -0.2743 0.8343 -0.4782
vn -0.7909 0.3981 -0.4648
vn 0.7909 0.3981 -0.4648
vn 0.2743 0.8343 -0.4782
vn 0.2743 -0.8343 -0.4782
vn 0.7909 -0.3981 -0.4648
vn -0.2130 -0.1946 -0.9575
vn 0.2130 -0.1946 -0.9575
vn -0.2130 0.1946 -0.9575
vn 0.2130 0.1946 -0.9575
vn 0.3119 -0.2908 0.9045
vn -0.3119 -0.2908 0.9045
vn -0.3119 0.2908 0.9045
vn 0.3119 0.2908 0.9045
vn 0.8260 -0.4138 -0.3828
vn -0.3001 -0.9044 -0.3033
vn 0.3001 -0.9044 -0.3033
vn 0.2836 -0.8388 0.4648
vn -0.2836 -0.8388 0.4648
vn -0.8452 -0.4009 -0.3535
vn -0.7851 -0.3802 0.4889
vn -0.7851 0.3802 0.4889
vn -0.8452 0.4009 -0.3535
vn -0.3001 0.9044 -0.3033
vn -0.2836 0.8388 0.4648
vn 0.2836 0.8388 0.4648
vn 0.3001 0.9044 -0.3033
vn 0.8452 0.4009 -0.3535
vn 0.7851 0.3802 0.4889
vn 0.7851 -0.3802 0.4889
vn 0.8452 -0.4009 -0.3535
vn -0.2948 -0.8742 0.3857
vn -0.8159 -0.3915 0.4255
vn -0.7998 -0.3858 -0.4598
vn -0.2898 -0.8561 -0.4279
vn -0.8159 0.3914 0.4256
vn -0.2948 0.8742 0.3858
vn -0.2898 0.8561 -0.4279
vn -0.7998 0.3858 -0.4598
vn 0.2948 0.8742 0.3858
vn 0.8159 0.3914 0.4256
vn 0.7998 0.3858 -0.4598
vn 0.2898 0.8561 -0.4279
vn 0.8159 -0.3915 0.4255
vn 0.2948 -0.8742 0.3857
vn 0.2898 -0.8561 -0.4279
vn 0.7998 -0.3858 -0.4598
vn 0.2837 -0.8390 0.4643
vn -0.2837 -0.8390 0.4643
vn -0.7853 -0.3803 0.4885
vn -0.7853 0.3803 0.4885
vn -0.2837 0.8390 0.4643
vn 0.2837 0.8390 0.4643
vn 0.7853 0.3803 0.4885
vn 0.7853 -0.3803 0.4885
vn -0.8159 -0.3914 0.4256
vn -0.8001 -0.3859 -0.4592
vn -0.2899 -0.8565 -0.4271
vn -0.2948 0.8742 0.3857
vn -0.2899 0.8565 -0.4271
vn -0.8001 0.3859 -0.4592
vn 0.2948 0.8742 0.3857
vn 0.8001 0.3859 -0.4592
vn 0.2899 0.8565 -0.4271
vn 0.8159 -0.3914 0.4256
vn 0.2899 -0.8565 -0.4271
vn 0.8001 -0.3859 -0.4592
vn -0.1929 -0.2776 -0.9411
vn 0.1929 -0.2776 -0.9411
vn -0.1929 0.2776 -0.9411
vn 0.1929 0.2776 -0.9411
vn -0.1921 -0.2768 -0.9415
vn -0.1922 0.2768 -0.9415
vn 0.1922 0.2768 -0.9415
vn 0.1921 -0.2768 -0.9415
vn 0.1599 -0.2368 0.9583
vn -0.1599 -0.2368 0.9583
vn -0.1599 0.2368 0.9583
vn 0.1599 0.2368 0.9583
vn 0.1594 -0.2362 0.9585
vn -0.1594 -0.2362 0.9585
vn -0.1594 0.2362 0.9585
vn 0.1594 0.2362 0.9585
vn 0.2300 -0.2086 0.9506
vn -0.2300 -0.2086 0.9506
vn -0.2300 0.2086 0.9506
vn 0.2300 0.2086 0.9506
vn -0.2300 -0.3189 0.9195
vn -0.2300 0.3189 0.9195
vn 0.2300 0.3189 0.9195
vn 0.2300 -0.3189 0.9195
vn -0.3031 -0.2855 -0.9092
vn 0.3031 -0.2855 -0.9092
vn -0.3031 0.2855 -0.9092
vn 0.3031 0.2855 -0.9092
vn -0.3050 -0.3909 -0.8684
vn 0.3050 -0.3909 -0.8684
vn -0.3050 0.3909 -0.8684
vn 0.3050 0.3909 -0.8684
vn -0.3050 0.3910 -0.8684
vn 0.3050 0.3910 -0.8684
# 987 vertex normals

vt 1.0000 0.0000 0.0000
vt 0.5000 0.0000 0.0000
vt 0.5000 0.5000 0.0000
vt 1.0000 0.5000 0.0000
vt 0.0000 0.0000 0.0000
vt 0.0000 0.5000 0.0000
vt 0.0000 0.7500 0.0000
vt 0.5000 0.7500 0.0000
vt 1.0000 0.7500 0.0000
vt 0.5000 1.0000 0.0000
vt 0.2500 0.7500 0.0000
vt 0.2500 0.5000 0.0000
vt 1.0000 1.0000 0.0000
vt 0.0000 1.0000 0.0000
vt 0.2500 1.0000 0.0000
vt 0.8414 0.0000 1.0000
vt 0.8414 1.0000 1.0000
vt 0.6586 1.0000 1.0000
vt 0.6586 0.0000 1.0000
vt -0.1045 0.0000 1.0000
vt 0.1045 0.0000 1.0000
vt 0.1045 1.0000 1.0000
vt -0.1045 1.0000 1.0000
vt 0.1586 0.0000 1.0000
vt 0.3414 0.0000 1.0000
vt 0.3414 1.0000 1.0000
vt 0.1586 1.0000 1.0000
vt 0.3955 0.0000 1.0000
vt 0.6045 0.0000 1.0000
vt 0.6045 1.0000 1.0000
vt 0.3955 1.0000 1.0000
vt 0.8750 0.0000 1.0000
vt 0.8750 1.0000 1.0000
vt 0.7500 0.0000 1.0000
vt 0.7500 1.0000 1.0000
vt -0.1250 0.0000 1.0000
vt 0.0000 0.0000 1.0000
vt 0.0000 1.0000 1.0000
vt -0.1250 1.0000 1.0000
vt 0.1250 0.0000 1.0000
vt 0.1250 1.0000 1.0000
vt 0.2500 0.0000 1.0000
vt 0.2500 1.0000 1.0000
vt 0.3750 0.0000 1.0000
vt 0.3750 1.0000 1.0000
vt 0.5000 0.0000 1.0000
vt 0.5000 1.0000 1.0000
vt 0.6250 0.0000 1.0000
vt 0.6250 1.0000 1.0000
vt 0.8750 0.5265 1.0000
vt 0.7500 0.5265 1.0000
vt 0.0000 0.5265 1.0000
vt -0.1250 0.5265 1.0000
vt 0.1250 0.5265 1.0000
vt 0.2500 0.5265 1.0000
vt 0.3750 0.5265 1.0000
vt 0.5000 0.5265 1.0000
vt 0.6250 0.5265 1.0000
vt 0.4714 0.0000 1.0000
vt 0.4714 1.0000 1.0000
vt -0.0286 0.0000 1.0000
vt -0.0286 1.0000 1.0000
vt 0.0286 0.0000 1.0000
vt 0.0286 1.0000 1.0000
vt 0.5286 0.0000 1.0000
vt 0.5286 1.0000 1.0000
vt 0.8414 0.2527 1.0000
vt 0.6586 0.2527 1.0000
vt 0.1045 0.2527 1.0000
vt -0.1045 0.2527 1.0000
vt 0.3414 0.2527 1.0000
vt 0.1586 0.2527 1.0000
vt 0.6045 0.2527 1.0000
vt 0.3955 0.2527 1.0000
vt 0.8414 0.5226 1.0000
vt 0.8750 0.5226 1.0000
vt 0.1045 0.5226 1.0000
vt 0.1586 0.5226 1.0000
vt 0.3414 0.5226 1.0000
vt 0.3955 0.5226 1.0000
vt 0.6045 0.5226 1.0000
vt 0.6586 0.5226 1.0000
vt -0.1045 0.5226 1.0000
vt 0.8750 0.2527 1.0000
vt 0.6316 0.5226 1.0000
vt 0.8582 0.5226 1.0000
vt 0.1316 0.5226 1.0000
vt 0.3684 0.5226 1.0000
vt 0.8582 0.2527 1.0000
vt 0.6316 0.2527 1.0000
vt 0.1316 0.2527 1.0000
vt 0.3684 0.2527 1.0000
vt 0.8414 0.2482 1.0000
vt 0.6586 0.2482 1.0000
vt 0.1045 0.2482 1.0000
vt -0.1045 0.2482 1.0000
vt 0.3414 0.2482 1.0000
vt 0.1586 0.2482 1.0000
vt 0.6045 0.2482 1.0000
vt 0.3955 0.2482 1.0000
vt 0.8414 0.5275 1.0000
vt 0.8750 0.5275 1.0000
vt 0.1045 0.5275 1.0000
vt 0.1586 0.5275 1.0000
vt 0.3414 0.5275 1.0000
vt 0.3955 0.5275 1.0000
vt 0.6045 0.5275 1.0000
vt 0.6586 0.5275 1.0000
vt 0.8414 0.2478 1.0000
vt 0.6586 0.2478 1.0000
vt 0.1045 0.2478 1.0000
vt -0.1045 0.2478 1.0000
vt 0.3414 0.2478 1.0000
vt 0.1586 0.2478 1.0000
vt 0.6045 0.2478 1.0000
vt 0.3955 0.2478 1.0000
vt 0.8414 0.5282 1.0000
vt 0.8750 0.5282 1.0000
vt 0.1045 0.5282 1.0000
vt 0.1586 0.5282 1.0000
vt 0.3414 0.5282 1.0000
vt 0.3955 0.5282 1.0000
vt 0.6045 0.5282 1.0000
vt 0.6586 0.5282 1.0000
vt -0.1045 0.5282 1.0000
vt -0.1045 0.5275 1.0000
vt 0.8750 0.2478 1.0000
vt 0.8750 0.2482 1.0000
vt 0.6316 0.5282 1.0000
vt 0.8582 0.5282 1.0000
vt 0.1316 0.5282 1.0000
vt 0.3684 0.5282 1.0000
vt 0.8582 0.5275 1.0000
vt 0.1316 0.5275 1.0000
vt 0.3684 0.5275 1.0000
vt 0.6316 0.5275 1.0000
vt 0.8582 0.2478 1.0000
vt 0.6316 0.2478 1.0000
vt 0.1316 0.2478 1.0000
vt 0.3684 0.2478 1.0000
vt 0.8582 0.2482 1.0000
vt 0.6316 0.2482 1.0000
vt 0.1316 0.2482 1.0000
vt 0.3684 0.2482 1.0000
vt 0.7500 1.0000 0.0000
vt 0.7500 0.7500 0.0000
vt 0.7500 0.0000 0.0000
vt 0.7500 0.5000 0.0000
vt 0.4167 0.7500 0.0000
vt 0.2083 0.7500 0.0000
vt 0.6203 0.7500 0.0000
vt 0.9981 0.7500 0.0000
vt 1.0000 0.5243 0.0000
vt 1.0000 0.7743 0.0000
vt 1.0000 0.7256 0.0000
vt 1.0000 0.7253 0.0000
vt 0.5494 0.7253 0.0000
vt 0.5489 0.7255 0.0000
vt 1.0000 0.7255 0.0000
vt 0.5489 0.7256 0.0000
vt 0.1042 0.7500 0.0000
vt 0.0521 0.7500 0.0000
vt 0.0035 0.7500 0.0000
vt 0.0009 0.7500 0.0000
vt 0.0781 0.7500 0.0000
vt 0.0987 0.7253 0.0000
vt 0.0978 0.7255 0.0000
vt 0.0965 0.7259 0.0000
vt 10.0000 9.4444 5.0000
vt 10.0000 9.4444 5.2632
vt 10.0000 8.8889 5.2632
vt 10.0000 8.8889 5.5263
vt 10.0000 8.3333 5.5263
vt 10.0000 8.3333 5.7895
vt 10.0000 7.7778 5.7895
vt 10.0000 7.7778 6.0526
vt 10.0000 7.2222 6.0526
vt 10.0000 7.2222 6.3158
vt 10.0000 6.6667 6.3158
vt 10.0000 6.6667 6.5789
vt 10.0000 6.1111 6.5789
vt 10.0000 6.1111 6.8421
vt 10.0000 5.5556 6.8421
vt 10.0000 5.5556 7.1053
vt 10.0000 5.0000 7.1053
vt 10.0000 5.0000 7.3684
vt 10.0000 4.4444 7.3684
vt 10.0000 4.4444 7.6316
vt 10.0000 3.8889 7.6316
vt 10.0000 3.8889 7.8947
vt 10.0000 3.3333 7.8947
vt 10.0000 3.3333 8.1579
vt 10.0000 2.7778 8.1579
vt 10.0000 2.7778 8.4211
vt 10.0000 2.2222 8.4211
vt 10.0000 2.2222 8.6842
vt 10.0000 1.6667 8.6842
vt 10.0000 1.6667 8.9474
vt 10.0000 1.1111 8.9474
vt 10.0000 1.1111 9.2105
vt 10.0000 0.5556 9.2105
vt 10.0000 0.5556 8.9474
vt 10.0000 9.4444 4.7368
vt 10.0000 10.0000 4.4737
vt 10.0000 10.0000 5.0000
vt 5.0000 10.0000 4.4737
vt 5.0000 9.4444 4.7368
vt 5.0000 0.5556 8.9474
vt 5.0000 0.5556 9.2105
vt 5.0000 1.1111 9.2105
vt 5.0000 1.1111 8.9474
vt 5.0000 1.6667 8.9474
vt 5.0000 1.6667 8.6842
vt 5.0000 2.2222 8.6842
vt 5.0000 2.2222 8.4211
vt 5.0000 2.7778 8.4211
vt 5.0000 2.7778 8.1579
vt 5.0000 3.3333 8.1579
vt 5.0000 3.3333 7.8947
vt 5.0000 3.8889 7.8947
vt 5.0000 3.8889 7.6316
vt 5.0000 4.4444 7.6316
vt 5.0000 4.4444 7.3684
vt 5.0000 5.0000 7.3684
vt 5.0000 5.0000 7.1053
vt 5.0000 5.5556 7.1053
vt 5.0000 5.5556 6.8421
vt 5.0000 6.1111 6.8421
vt 5.0000 6.1111 6.5789
vt 5.0000 6.6667 6.5789
vt 5.0000 6.6667 6.3158
vt 5.0000 7.2222 6.3158
vt 5.0000 7.2222 6.0526
vt 5.0000 7.7778 6.0526
vt 5.0000 7.7778 5.7895
vt 5.0000 8.3333 5.7895
vt 5.0000 8.3333 5.5263
vt 5.0000 8.8889 5.5263
vt 5.0000 8.8889 5.2632
vt 5.0000 9.4444 5.2632
vt 5.0000 9.4444 5.0000
vt 5.0000 10.0000 5.0000
vt 0.0000 1.1111 0.2632
vt 0.0000 1.1111 0.5263
vt 0.0000 1.6667 0.5263
vt 0.0000 1.6667 0.7895
vt 0.0000 2.2222 0.7895
vt 0.0000 2.2222 1.0526
vt 0.0000 2.7778 1.0526
vt 0.0000 2.7778 1.3158
vt 0.0000 3.3333 1.3158
vt 0.0000 3.3333 1.5789
vt 0.0000 3.8889 1.5789
vt 0.0000 3.8889 1.8421
vt 0.0000 4.4444 1.8421
vt 0.0000 4.4444 2.1053
vt 0.0000 5.0000 2.1053
vt 0.0000 5.0000 2.3684
vt 0.0000 5.5556 2.3684
vt 0.0000 5.5556 2.6316
vt 0.0000 6.1111 2.6316
vt 0.0000 6.1111 2.8947
vt 0.0000 6.6667 2.8947
vt 0.0000 6.6667 3.1579
vt 0.0000 7.2222 3.1579
vt 0.0000 7.2222 3.4211
vt 0.0000 7.7778 3.4211
vt 0.0000 7.7778 3.6842
vt 0.0000 8.3333 3.6842
vt 0.0000 8.3333 3.9474
vt 0.0000 8.8889 3.9474
vt 0.0000 8.8889 4.2105
vt 0.0000 9.4444 4.2105
vt 0.0000 9.4444 4.4737
vt 0.0000 10.0000 4.4737
vt 0.0000 10.0000 4.2105
vt 0.0000 1.1111 0.0000
vt 0.0000 0.5556 -0.0000
vt 0.0000 0.5556 0.2632
vt 5.0000 0.5556 -0.0000
vt 5.0000 1.1111 0.0000
vt 5.0000 10.0000 4.2105
vt 5.0000 9.4444 4.4737
vt 5.0000 9.4444 4.2105
vt 5.0000 8.8889 4.2105
vt 5.0000 8.8889 3.9474
vt 5.0000 8.3333 3.9474
vt 5.0000 8.3333 3.6842
vt 5.0000 7.7778 3.6842
vt 5.0000 7.7778 3.4211
vt 5.0000 7.2222 3.4211
vt 5.0000 7.2222 3.1579
vt 5.0000 6.6667 3.1579
vt 5.0000 6.6667 2.8947
vt 5.0000 6.1111 2.8947
vt 5.0000 6.1111 2.6316
vt 5.0000 5.5556 2.6316
vt 5.0000 5.5556 2.3684
vt 5.0000 5.0000 2.3684
vt 5.0000 5.0000 2.1053
vt 5.0000 4.4444 2.1053
vt 5.0000 4.4444 1.8421
vt 5.0000 3.8889 1.8421
vt 5.0000 3.8889 1.5789
vt 5.0000 3.3333 1.5789
vt 5.0000 3.3333 1.3158
vt 5.0000 2.7778 1.3158
vt 5.0000 2.7778 1.0526
vt 5.0000 2.2222 1.0526
vt 5.0000 2.2222 0.7895
vt 5.0000 1.6667 0.7895
vt 5.0000 1.6667 0.5263
vt 5.0000 1.1111 0.5263
vt 5.0000 1.1111 0.2632
vt 5.0000 0.5556 0.2632
vt 0.0000 10.0000 4.7368
vt 10.0000 10.0000 4.7368
vt 10.0000 15.0000 4.7368
vt 0.0000 15.0000 4.7368
vt 0.0000 15.0000 4.4737
vt 10.0000 15.0000 4.4737
vt 0.7500 0.9587 1.0000
vt 0.8750 0.9587 1.0000
vt -0.1250 0.9587 1.0000
vt 0.0000 0.9587 1.0000
vt 0.1250 0.9587 1.0000
vt 0.2500 0.9587 1.0000
vt 0.3750 0.9587 1.0000
vt 0.5000 0.9587 1.0000
vt 0.6250 0.9587 1.0000
vt 0.8750 0.9798 1.0000
vt 0.7500 0.9798 1.0000
vt 0.0000 0.9798 1.0000
vt -0.1250 0.9798 1.0000
vt 0.1250 0.9798 1.0000
vt 0.2500 0.9798 1.0000
vt 0.3750 0.9798 1.0000
vt 0.5000 0.9798 1.0000
vt 0.6250 0.9798 1.0000
vt 0.7500 0.9737 1.0000
vt 0.8750 0.9737 1.0000
vt -0.1250 0.9737 1.0000
vt 0.0000 0.9737 1.0000
vt 0.1250 0.9737 1.0000
vt 0.2500 0.9737 1.0000
vt 0.3750 0.9737 1.0000
vt 0.5000 0.9737 1.0000
vt 0.6250 0.9737 1.0000
vt 0.7500 0.9800 1.0000
vt 0.8750 0.9800 1.0000
vt -0.1250 0.9800 1.0000
vt 0.0000 0.9800 1.0000
vt 0.1250 0.9800 1.0000
vt 0.2500 0.9800 1.0000
vt 0.3750 0.9800 1.0000
vt 0.5000 0.9800 1.0000
vt 0.6250 0.9800 1.0000
vt 0.7500 0.9992 1.0000
vt 0.8750 0.9992 1.0000
vt -0.1250 0.9992 1.0000
vt 0.0000 0.9992 1.0000
vt 0.1250 0.9992 1.0000
vt 0.2500 0.9992 1.0000
vt 0.3750 0.9992 1.0000
vt 0.5000 0.9992 1.0000
vt 0.6250 0.9992 1.0000
vt 0.7500 0.9864 1.0000
vt 0.7500 0.9928 1.0000
vt 0.8750 0.9928 1.0000
vt 0.8750 0.9864 1.0000
vt -0.1250 0.9864 1.0000
vt -0.1250 0.9928 1.0000
vt 0.0000 0.9928 1.0000
vt 0.0000 0.9864 1.0000
vt 0.1250 0.9928 1.0000
vt 0.1250 0.9864 1.0000
vt 0.2500 0.9928 1.0000
vt 0.2500 0.9864 1.0000
vt 0.3750 0.9928 1.0000
vt 0.3750 0.9864 1.0000
vt 0.5000 0.9928 1.0000
vt 0.5000 0.9864 1.0000
vt 0.6250 0.9928 1.0000
vt 0.6250 0.9864 1.0000
vt 0.8750 0.9895 1.0000
vt 0.7500 0.9895 1.0000
vt 0.0000 0.9895 1.0000
vt -0.1250 0.9895 1.0000
vt 0.1250 0.9895 1.0000
vt 0.2500 0.9895 1.0000
vt 0.3750 0.9895 1.0000
vt 0.5000 0.9895 1.0000
vt 0.6250 0.9895 1.0000
vt 0.8750 0.9991 1.0000
vt 0.7500 0.9991 1.0000
vt 0.0000 0.9991 1.0000
vt -0.1250 0.9991 1.0000
vt 0.1250 0.9991 1.0000
vt 0.2500 0.9991 1.0000
vt 0.3750 0.9991 1.0000
vt 0.5000 0.9991 1.0000
vt 0.6250 0.9991 1.0000
vt 0.6316 0.0000 1.0000
vt 0.8582 0.0000 1.0000
vt 0.1316 0.0000 1.0000
vt 0.3684 0.0000 1.0000
vt 0.8582 1.0000 1.0000
vt 0.6316 1.0000 1.0000
vt 0.1316 1.0000 1.0000
vt 0.3684 1.0000 1.0000
# 410 texture coords

o Jail_Map
g Jail_Map
usemtl Material__65
s 2
f 1/1/1 2/2/2 3/3/3 4/4/4 
s 4
f 5/5/5 6/6/6 7/3/7 8/2/8 
s 8
f 1/5/1 9/6/9 10/3/10 2/2/2 
s 2
f 11/1/1 12/4/4 13/3/11 14/2/12 
s 4
f 15/5/5 16/2/13 17/3/14 18/6/15 
s 8
f 11/5/1 14/2/12 19/3/16 20/6/9 
s 32
f 21/2/17 22/3/18 23/3/19 24/2/20 
s 4
f 6/6/6 25/7/21 26/8/7 7/3/7 
s 2
f 12/4/4 27/9/4 28/8/11 13/3/11 
s 4
f 29/3/22 30/8/23 31/8/24 32/3/25 
s 16
f 11/5/1 20/6/9 9/6/9 1/5/1 
s 1
f 15/5/5 18/6/15 6/6/6 5/5/5 
s 16
f 18/10/15 33/8/26 34/8/27 6/10/6 
s 8
f 9/6/9 35/7/9 36/8/10 10/3/10 
f 37/3/28 38/8/28 39/8/29 40/3/30 
s 32
f 41/4/31 42/9/31 43/8/32 44/3/33 
s 64
f 45/3/34 33/8/26 46/11/35 47/12/36 
s 16
f 20/6/9 48/7/9 35/7/9 9/6/9 
s 4
f 49/13/37 27/9/4 50/9/4 51/13/37 
f 45/3/34 47/12/36 52/12/38 53/3/39 
s off
f 11/1/1 1/1/1 4/4/4 12/4/4 
s 16
f 33/8/26 45/3/34 53/3/39 34/8/27 
s 8
f 35/7/9 5/14/5 8/10/8 36/8/10 
f 38/8/28 54/10/40 55/10/41 39/8/29 
s 32
f 42/9/31 56/13/42 57/10/43 43/8/32 
s 64
f 33/8/26 18/10/15 58/15/44 46/11/35 
s 16
f 48/7/9 15/14/5 5/14/5 35/7/9 
s 4
f 25/7/21 59/14/42 60/10/45 26/8/7 
s 2
f 27/9/4 49/13/37 61/10/46 28/8/11 
s 4
f 62/8/47 63/10/48 64/10/49 65/8/50 
s 64
f 66/11/51 34/8/27 53/3/39 52/12/38 
s 4
f 27/9/4 12/4/4 4/4/4 50/9/4 
s 64
f 25/15/21 6/10/6 34/8/27 66/11/51 
s 2
f 47/12/36 46/11/35 66/11/51 52/12/38 
s off
f 67/4/31 68/9/31 42/7/31 41/4/31 
f 49/1/37 51/13/37 67/4/31 41/4/31 
f 56/14/42 42/9/31 68/9/31 59/13/42 
f 59/13/42 25/7/21 58/7/44 56/14/42 
f 46/11/35 58/7/44 25/7/21 66/11/51 
s 1
f 69/16/52 70/17/52 71/18/53 72/19/53 
f 73/20/54 74/21/55 75/22/56 76/23/54 
f 77/24/57 78/25/58 79/26/58 80/27/57 
f 81/28/59 82/29/60 83/30/60 84/31/61 
s 2
f 70/17/52 69/16/52 73/32/54 76/33/54 
f 75/22/56 74/21/55 77/24/57 80/27/57 
f 79/26/58 78/25/58 81/28/59 84/31/61 
f 83/30/60 82/29/60 72/19/53 71/18/53 
s 8
f 85/34/62 86/32/63 87/33/63 88/35/62 
f 86/36/63 89/37/64 90/38/64 87/39/63 
f 89/37/64 91/40/65 92/41/65 90/38/64 
f 91/40/65 93/42/66 94/43/66 92/41/65 
f 93/42/66 95/44/67 96/45/67 94/43/66 
f 95/44/67 97/46/68 98/47/68 96/45/67 
f 97/46/68 99/48/69 100/49/69 98/47/68 
f 99/48/69 85/34/62 88/35/62 100/49/69 
f 101/34/62 102/32/63 103/33/63 104/35/62 
f 102/36/63 105/37/4 106/38/4 103/39/63 
f 105/37/4 107/40/65 108/41/65 106/38/4 
f 107/40/65 109/42/66 110/43/66 108/41/65 
f 109/42/66 111/44/67 112/45/67 110/43/66 
f 111/44/67 113/46/70 114/47/70 112/45/67 
f 113/46/70 115/48/69 116/49/69 114/47/70 
f 115/48/69 101/34/62 104/35/62 116/49/69 
f 117/34/62 118/32/63 119/33/63 120/35/62 
f 118/36/63 121/37/4 122/38/4 119/39/63 
f 121/37/4 123/40/65 124/41/65 122/38/4 
f 123/40/65 125/42/71 126/43/71 124/41/65 
f 125/42/71 127/44/67 128/45/67 126/43/71 
f 127/44/67 129/46/70 130/47/70 128/45/67 
f 129/46/70 131/48/69 132/49/69 130/47/70 
f 131/48/69 117/34/62 120/35/62 132/49/69 
f 133/34/62 134/32/63 135/33/63 136/35/62 
f 134/36/63 137/37/4 138/38/4 135/39/63 
f 137/37/4 139/40/65 140/41/65 138/38/4 
f 139/40/65 141/42/66 142/43/66 140/41/65 
f 141/42/66 143/44/67 144/45/67 142/43/66 
f 143/44/67 145/46/70 146/47/70 144/45/67 
f 145/46/70 147/48/69 148/49/69 146/47/70 
f 147/48/69 133/34/62 136/35/62 148/49/69 
f 149/34/62 150/32/63 151/33/63 152/35/62 
f 150/36/63 153/37/4 154/38/4 151/39/63 
f 153/37/4 155/40/65 156/41/65 154/38/4 
f 155/40/65 157/42/71 158/43/71 156/41/65 
f 157/42/71 159/44/67 160/45/67 158/43/71 
f 159/44/67 161/46/70 162/47/70 160/45/67 
f 161/46/70 163/48/69 164/49/69 162/47/70 
f 163/48/69 149/34/62 152/35/62 164/49/69 
f 165/34/62 166/32/63 167/33/63 168/35/62 
f 166/36/63 169/37/4 170/38/4 167/39/63 
f 169/37/4 171/40/65 172/41/65 170/38/4 
f 171/40/65 173/42/66 174/43/66 172/41/65 
f 173/42/66 175/44/67 176/45/67 174/43/66 
f 175/44/67 177/46/70 178/47/70 176/45/67 
f 177/46/70 179/48/69 180/49/69 178/47/70 
f 179/48/69 165/34/62 168/35/62 180/49/69 
f 181/34/62 182/32/63 183/33/63 184/35/62 
f 182/36/63 185/37/4 186/38/4 183/39/63 
f 185/37/4 187/40/65 188/41/65 186/38/4 
f 187/40/65 189/42/66 190/43/66 188/41/65 
f 189/42/66 191/44/67 192/45/67 190/43/66 
f 191/44/67 193/46/70 194/47/70 192/45/67 
f 193/46/70 195/48/69 196/49/69 194/47/70 
f 195/48/69 181/34/62 184/35/62 196/49/69 
f 197/34/62 198/32/63 199/33/63 200/35/62 
f 198/36/63 201/37/64 202/38/64 199/39/63 
f 201/37/64 203/40/65 204/41/65 202/38/64 
f 203/40/65 205/42/66 206/43/66 204/41/65 
f 205/42/66 207/44/67 208/45/67 206/43/66 
f 207/44/67 209/46/68 210/47/68 208/45/67 
f 209/46/68 211/48/69 212/49/69 210/47/68 
f 211/48/69 197/34/62 200/35/62 212/49/69 
f 213/34/62 214/32/63 215/33/63 216/35/62 
f 214/36/63 217/37/4 218/38/4 215/39/63 
f 217/37/4 219/40/65 220/41/65 218/38/4 
f 219/40/65 221/42/66 222/43/66 220/41/65 
f 221/42/66 223/44/67 224/45/67 222/43/66 
f 223/44/67 225/46/70 226/47/70 224/45/67 
f 225/46/70 227/48/69 228/49/69 226/47/70 
f 227/48/69 213/34/62 216/35/62 228/49/69 
f 229/34/62 230/32/63 231/33/63 232/35/62 
f 230/36/63 233/37/4 234/38/4 231/39/63 
f 233/37/4 235/40/65 236/41/65 234/38/4 
f 235/40/65 237/42/66 238/43/66 236/41/65 
f 237/42/66 239/44/67 240/45/67 238/43/66 
f 239/44/67 241/46/70 242/47/70 240/45/67 
f 241/46/70 243/48/69 244/49/69 242/47/70 
f 243/48/69 229/34/62 232/35/62 244/49/69 
f 245/34/62 246/32/63 247/33/63 248/35/62 
f 246/36/63 249/37/4 250/38/4 247/39/63 
f 249/37/4 251/40/65 252/41/65 250/38/4 
f 251/40/65 253/42/66 254/43/66 252/41/65 
f 253/42/66 255/44/67 256/45/67 254/43/66 
f 255/44/67 257/46/70 258/47/70 256/45/67 
f 257/46/70 259/48/69 260/49/69 258/47/70 
f 259/48/69 245/34/62 248/35/62 260/49/69 
f 261/34/62 262/32/63 263/33/63 264/35/62 
f 262/36/63 265/37/64 266/38/64 263/39/63 
f 265/37/64 267/40/65 268/41/65 266/38/64 
f 267/40/65 269/42/66 270/43/66 268/41/65 
f 269/42/66 271/44/67 272/45/67 270/43/66 
f 271/44/67 273/46/68 274/47/68 272/45/67 
f 273/46/68 275/48/69 276/49/69 274/47/68 
f 275/48/69 261/34/62 264/35/62 276/49/69 
f 277/34/62 278/32/63 279/33/63 280/35/62 
f 278/36/63 281/37/4 282/38/4 279/39/63 
f 281/37/4 283/40/65 284/41/65 282/38/4 
f 283/40/65 285/42/66 286/43/66 284/41/65 
f 285/42/66 287/44/67 288/45/67 286/43/66 
f 287/44/67 289/46/70 290/47/70 288/45/67 
f 289/46/70 291/48/69 292/49/69 290/47/70 
f 291/48/69 277/34/62 280/35/62 292/49/69 
f 293/34/62 294/32/63 295/33/63 296/35/62 
f 294/36/63 297/37/64 298/38/64 295/39/63 
f 297/37/64 299/40/65 300/41/65 298/38/64 
f 299/40/65 301/42/66 302/43/66 300/41/65 
f 301/42/66 303/44/67 304/45/67 302/43/66 
f 303/44/67 305/46/68 306/47/68 304/45/67 
f 305/46/68 307/48/69 308/49/69 306/47/68 
f 307/48/69 293/34/62 296/35/62 308/49/69 
f 309/34/62 310/32/63 311/33/63 312/35/62 
f 310/36/63 313/37/4 314/38/4 311/39/63 
f 313/37/4 315/40/65 316/41/65 314/38/4 
f 315/40/65 317/42/66 318/43/66 316/41/65 
f 317/42/66 319/44/67 320/45/67 318/43/66 
f 319/44/67 321/46/70 322/47/70 320/45/67 
f 321/46/70 323/48/69 324/49/69 322/47/70 
f 323/48/69 309/34/62 312/35/62 324/49/69 
s 1
f 325/50/63 326/33/63 327/35/62 328/51/62 
s 2
f 329/52/4 330/38/4 326/39/63 325/53/63 
s 1
f 331/54/65 332/41/65 330/38/4 329/52/4 
s 2
f 333/55/66 334/43/66 332/41/65 331/54/65 
s 1
f 335/56/67 336/45/67 334/43/66 333/55/66 
s 2
f 337/57/70 338/47/70 336/45/67 335/56/67 
s 1
f 339/58/69 340/49/69 338/47/70 337/57/70 
s 2
f 328/51/62 327/35/62 340/49/69 339/58/69 
s 1
f 341/50/63 342/33/63 343/35/62 344/51/62 
s 2
f 345/52/64 346/38/64 342/39/63 341/53/63 
s 1
f 347/54/65 348/41/65 346/38/64 345/52/64 
s 2
f 349/55/66 350/43/66 348/41/65 347/54/65 
s 1
f 351/56/67 352/45/67 350/43/66 349/55/66 
s 2
f 353/57/68 354/47/68 352/45/67 351/56/67 
s 1
f 355/58/69 356/49/69 354/47/68 353/57/68 
s 2
f 344/51/62 343/35/62 356/49/69 355/58/69 
s 1
f 357/50/63 358/33/63 359/35/62 360/51/62 
s 2
f 361/52/4 362/38/4 358/39/63 357/53/63 
s 1
f 363/54/65 364/41/65 362/38/4 361/52/4 
s 2
f 365/55/66 366/43/66 364/41/65 363/54/65 
s 1
f 367/56/67 368/45/67 366/43/66 365/55/66 
s 2
f 369/57/70 370/47/70 368/45/67 367/56/67 
s 1
f 371/58/69 372/49/69 370/47/70 369/57/70 
s 2
f 360/51/62 359/35/62 372/49/69 371/58/69 
s 1
f 373/50/63 374/33/63 375/35/62 376/51/62 
s 2
f 377/52/64 378/38/64 374/39/63 373/53/63 
s 1
f 379/54/65 380/41/65 378/38/64 377/52/64 
s 2
f 381/55/66 382/43/66 380/41/65 379/54/65 
s 1
f 383/56/67 384/45/67 382/43/66 381/55/66 
s 2
f 385/57/68 386/47/68 384/45/67 383/56/67 
s 1
f 387/58/69 388/49/69 386/47/68 385/57/68 
s 2
f 376/51/62 375/35/62 388/49/69 387/58/69 
s 1
f 389/50/63 390/33/63 391/35/62 392/51/62 
s 2
f 393/52/4 394/38/4 390/39/63 389/53/63 
s 1
f 395/54/65 396/41/65 394/38/4 393/52/4 
s 2
f 397/55/66 398/43/66 396/41/65 395/54/65 
s 1
f 399/56/67 400/45/67 398/43/66 397/55/66 
s 2
f 401/57/70 402/47/70 400/45/67 399/56/67 
s 1
f 403/58/69 404/49/69 402/47/70 401/57/70 
s 2
f 392/51/62 391/35/62 404/49/69 403/58/69 
s 1
f 405/40/65 406/44/67 407/45/67 408/41/65 
s 2
f 406/44/67 409/59/69 410/60/69 407/45/67 
s 1
f 411/32/63 412/33/63 413/49/69 414/48/69 
s 2
f 411/36/63 415/61/65 416/62/65 412/39/63 
f 417/63/63 405/40/65 408/41/65 418/64/63 
f 419/65/67 414/48/69 413/49/69 420/66/67 
s off
f 419/65/67 420/66/67 416/62/65 415/61/65 
f 417/63/63 418/64/63 410/60/69 409/59/69 
s 1
f 421/16/52 422/67/72 423/68/73 424/19/53 
f 425/20/54 426/21/74 427/69/75 428/70/76 
f 429/24/57 430/25/58 431/71/77 432/72/78 
f 433/28/59 434/29/60 435/73/79 436/74/80 
s 2
f 437/17/52 438/75/81 439/76/82 440/33/54 
f 441/22/74 442/77/83 443/78/84 444/27/85 
f 445/26/86 446/79/87 447/80/88 448/31/89 
f 449/30/60 450/81/90 451/82/91 452/18/92 
s 1
f 438/75/81 437/17/52 452/18/92 451/82/91 
f 442/77/83 441/22/74 440/23/54 439/83/82 
f 446/79/87 445/26/86 444/27/85 443/78/84 
f 450/81/90 449/30/60 448/31/89 447/80/88 
s 2
f 422/67/72 421/16/52 425/32/54 428/84/76 
f 427/69/75 426/21/74 429/24/57 432/72/78 
f 431/71/77 430/25/58 433/28/59 436/74/80 
f 435/73/79 434/29/60 424/19/53 423/68/73 
s off
f 438/75/81 451/82/91 453/85/93 454/86/94 
f 442/77/83 439/83/82 454/83/94 455/87/95 
f 446/79/87 443/78/84 455/87/95 456/88/96 
f 450/81/90 447/80/88 456/88/96 453/85/93 
f 439/76/82 438/75/81 454/86/94 
f 443/78/84 442/77/83 455/87/95 
f 447/80/88 446/79/87 456/88/96 
f 451/82/91 450/81/90 453/85/93 
f 423/68/73 422/67/72 457/89/97 458/90/98 
f 428/70/76 427/69/75 459/91/99 457/70/97 
f 432/72/78 431/71/77 460/92/100 459/91/99 
f 436/74/80 435/73/79 458/90/98 460/92/100 
f 422/67/72 428/84/76 457/89/97 
f 427/69/75 432/72/78 459/91/99 
f 431/71/77 436/74/80 460/92/100 
f 435/73/79 423/68/73 458/90/98 
s 4
f 453/85/93 456/88/96 455/87/95 454/83/94 
s 16
f 457/89/97 459/91/99 460/92/100 458/90/98 
s 1
f 461/16/52 462/17/52 463/18/53 464/19/53 
f 465/20/54 466/21/55 467/22/55 468/23/54 
f 469/24/85 470/25/86 471/26/86 472/27/85 
f 473/28/59 474/29/60 475/30/60 476/31/59 
s 2
f 462/17/52 461/16/52 465/32/54 468/33/54 
f 467/22/55 466/21/55 469/24/85 472/27/85 
f 471/26/86 470/25/86 473/28/59 476/31/59 
f 475/30/60 474/29/60 464/19/53 463/18/53 
s 1
f 477/16/52 478/93/101 479/94/102 480/19/53 
f 481/20/54 482/21/55 483/95/103 484/96/104 
f 485/24/57 486/25/58 487/97/105 488/98/106 
f 489/28/59 490/29/60 491/99/107 492/100/108 
s 2
f 493/17/52 494/101/109 495/102/110 496/33/54 
f 497/22/74 498/103/111 499/104/112 500/27/85 
f 501/26/86 502/105/113 503/106/114 504/31/89 
f 505/30/60 506/107/115 507/108/116 508/18/53 
s 1
f 509/16/52 510/109/117 511/110/118 512/19/53 
f 513/20/119 514/21/74 515/111/120 516/112/121 
f 517/24/85 518/25/86 519/113/122 520/114/123 
f 521/28/89 522/29/124 523/115/125 524/116/126 
s 2
f 525/17/52 526/117/127 527/118/128 528/33/54 
f 529/22/74 530/119/129 531/120/130 532/27/85 
f 533/26/86 534/121/131 535/122/132 536/31/89 
f 537/30/60 538/123/133 539/124/134 540/18/53 
s 1
f 526/117/127 525/17/52 540/18/53 539/124/134 
f 530/119/129 529/22/74 528/23/54 527/125/128 
f 534/121/131 533/26/86 532/27/85 531/120/130 
f 538/123/133 537/30/60 536/31/89 535/122/132 
f 494/101/109 493/17/52 508/18/53 507/108/116 
f 498/103/111 497/22/74 496/23/54 495/126/110 
f 502/105/113 501/26/86 500/27/85 499/104/112 
f 506/107/115 505/30/60 504/31/89 503/106/114 
s 2
f 510/109/117 509/16/52 513/32/119 516/127/121 
f 515/111/120 514/21/74 517/24/85 520/114/123 
f 519/113/122 518/25/86 521/28/89 524/116/126 
f 523/115/125 522/29/124 512/19/53 511/110/118 
f 478/93/101 477/16/52 481/32/54 484/128/104 
f 483/95/103 482/21/55 485/24/57 488/98/106 
f 487/97/105 486/25/58 489/28/59 492/100/108 
f 491/99/107 490/29/60 480/19/53 479/94/102 
s off
f 526/117/127 539/124/134 541/129/135 542/130/136 
f 530/119/129 527/125/128 542/125/136 543/131/137 
f 534/121/131 531/120/130 543/131/137 544/132/138 
f 538/123/133 535/122/132 544/132/138 541/129/135 
f 527/118/128 526/117/127 542/130/136 
f 531/120/130 530/119/129 543/131/137 
f 535/122/132 534/121/131 544/132/138 
f 539/124/134 538/123/133 541/129/135 
f 495/102/110 494/101/109 545/133/139 
f 499/104/112 498/103/111 546/134/140 
f 503/106/114 502/105/113 547/135/141 
f 507/108/116 506/107/115 548/136/142 
f 494/101/109 507/108/116 548/136/142 545/133/139 
f 498/103/111 495/126/110 545/126/139 546/134/140 
f 502/105/113 499/104/112 546/134/140 547/135/141 
f 506/107/115 503/106/114 547/135/141 548/136/142 
f 511/110/118 510/109/117 549/137/143 550/138/144 
f 516/112/121 515/111/120 551/139/145 549/112/143 
f 520/114/123 519/113/122 552/140/146 551/139/145 
f 524/116/126 523/115/125 550/138/144 552/140/146 
f 510/109/117 516/127/121 549/137/143 
f 515/111/120 520/114/123 551/139/145 
f 519/113/122 524/116/126 552/140/146 
f 523/115/125 511/110/118 550/138/144 
f 479/94/102 478/93/101 553/141/147 554/142/148 
f 484/96/104 483/95/103 555/143/149 553/96/147 
f 488/98/106 487/97/105 556/144/150 555/143/149 
f 492/100/108 491/99/107 554/142/148 556/144/150 
f 478/93/101 484/128/104 553/141/147 
f 483/95/103 488/98/106 555/143/149 
f 487/97/105 492/100/108 556/144/150 
f 491/99/107 479/94/102 554/142/148 
s 32
f 541/129/135 544/132/138 543/131/137 542/125/136 
f 548/136/142 547/135/141 546/134/140 545/126/139 
f 549/137/143 551/139/145 552/140/146 550/138/144 
f 553/141/147 555/143/149 556/144/150 554/142/148 
s 2
f 557/1/1 558/2/2 559/3/3 560/4/4 
s 4
f 561/5/5 562/6/6 563/3/7 564/2/8 
s 8
f 557/5/1 565/6/9 566/3/28 558/2/2 
s 2
f 567/1/1 568/4/4 569/3/11 570/2/12 
s 4
f 571/5/5 572/2/13 573/3/14 574/6/15 
s 8
f 567/5/1 570/2/12 575/3/16 576/6/9 
s 32
f 577/2/17 578/3/18 579/3/19 580/2/20 
s 4
f 562/6/6 581/7/21 582/8/7 563/3/7 
s 2
f 568/4/4 583/9/4 584/8/11 569/3/11 
s 4
f 585/3/22 586/8/23 587/8/24 588/3/25 
s 16
f 567/5/1 576/6/9 565/6/9 557/5/1 
s 1
f 571/5/5 574/6/15 562/6/6 561/5/5 
s 16
f 574/10/15 589/8/26 590/8/27 562/10/6 
s 8
f 565/6/9 591/7/9 592/8/28 566/3/28 
f 593/3/28 594/8/10 595/8/29 596/3/30 
s 32
f 597/4/31 598/9/31 599/8/32 600/3/33 
s 64
f 601/3/34 589/8/26 602/11/35 603/12/36 
s 16
f 576/6/9 604/7/9 591/7/9 565/6/9 
s 4
f 605/13/37 583/9/4 606/9/4 607/13/37 
f 601/3/34 603/12/36 608/12/38 609/3/39 
s off
f 567/1/1 557/1/1 560/4/4 568/4/4 
s 16
f 589/8/26 601/3/34 609/3/39 590/8/27 
s 8
f 591/7/9 561/14/5 564/10/8 592/8/28 
f 594/8/10 610/10/40 611/10/41 595/8/29 
s 32
f 598/9/31 612/13/42 613/10/43 599/8/32 
s 64
f 589/8/26 574/10/15 614/15/44 602/11/35 
s 16
f 604/7/9 571/14/5 561/14/5 591/7/9 
s 4
f 581/7/21 615/14/42 616/10/45 582/8/7 
s 2
f 583/9/4 605/13/37 617/10/46 584/8/11 
s 4
f 618/8/47 619/10/48 620/10/49 621/8/50 
s 64
f 622/11/51 590/8/27 609/3/39 608/12/38 
s 4
f 583/9/4 568/4/4 560/4/4 606/9/4 
s 64
f 581/15/21 562/10/6 590/8/27 622/11/51 
s 2
f 603/12/36 602/11/35 622/11/51 608/12/38 
s off
f 623/4/31 624/9/31 598/7/31 597/4/31 
f 605/1/37 607/13/37 623/4/31 597/4/31 
f 612/14/42 598/9/31 624/9/31 615/13/42 
f 615/13/42 581/7/21 614/7/44 612/14/42 
f 602/11/35 614/7/44 581/7/21 622/11/51 
s 1
f 625/16/52 626/17/52 627/18/53 628/19/53 
f 629/20/54 630/21/55 631/22/56 632/23/54 
f 633/24/57 634/25/58 635/26/58 636/27/57 
f 637/28/59 638/29/60 639/30/60 640/31/61 
s 2
f 626/17/52 625/16/52 629/32/54 632/33/54 
f 631/22/56 630/21/55 633/24/57 636/27/57 
f 635/26/58 634/25/58 637/28/59 640/31/61 
f 639/30/60 638/29/60 628/19/53 627/18/53 
s 8
f 641/34/62 642/32/63 643/33/63 644/35/62 
f 642/36/63 645/37/64 646/38/64 643/39/63 
f 645/37/64 647/40/65 648/41/65 646/38/64 
f 647/40/65 649/42/66 650/43/66 648/41/65 
f 649/42/66 651/44/67 652/45/67 650/43/66 
f 651/44/67 653/46/68 654/47/68 652/45/67 
f 653/46/68 655/48/69 656/49/69 654/47/68 
f 655/48/69 641/34/62 644/35/62 656/49/69 
f 657/34/62 658/32/63 659/33/63 660/35/62 
f 658/36/63 661/37/4 662/38/4 659/39/63 
f 661/37/4 663/40/65 664/41/65 662/38/4 
f 663/40/65 665/42/66 666/43/66 664/41/65 
f 665/42/66 667/44/67 668/45/67 666/43/66 
f 667/44/67 669/46/70 670/47/70 668/45/67 
f 669/46/70 671/48/69 672/49/69 670/47/70 
f 671/48/69 657/34/62 660/35/62 672/49/69 
f 673/34/62 674/32/63 675/33/63 676/35/62 
f 674/36/63 677/37/4 678/38/4 675/39/63 
f 677/37/4 679/40/65 680/41/65 678/38/4 
f 679/40/65 681/42/71 682/43/71 680/41/65 
f 681/42/71 683/44/67 684/45/67 682/43/71 
f 683/44/67 685/46/70 686/47/70 684/45/67 
f 685/46/70 687/48/69 688/49/69 686/47/70 
f 687/48/69 673/34/62 676/35/62 688/49/69 
f 689/34/62 690/32/63 691/33/63 692/35/62 
f 690/36/63 693/37/4 694/38/4 691/39/63 
f 693/37/4 695/40/65 696/41/65 694/38/4 
f 695/40/65 697/42/66 698/43/66 696/41/65 
f 697/42/66 699/44/67 700/45/67 698/43/66 
f 699/44/67 701/46/70 702/47/70 700/45/67 
f 701/46/70 703/48/69 704/49/69 702/47/70 
f 703/48/69 689/34/62 692/35/62 704/49/69 
f 705/34/62 706/32/63 707/33/63 708/35/62 
f 706/36/63 709/37/4 710/38/4 707/39/63 
f 709/37/4 711/40/65 712/41/65 710/38/4 
f 711/40/65 713/42/71 714/43/71 712/41/65 
f 713/42/71 715/44/67 716/45/67 714/43/71 
f 715/44/67 717/46/70 718/47/70 716/45/67 
f 717/46/70 719/48/69 720/49/69 718/47/70 
f 719/48/69 705/34/62 708/35/62 720/49/69 
f 721/34/62 722/32/63 723/33/63 724/35/62 
f 722/36/63 725/37/4 726/38/4 723/39/63 
f 725/37/4 727/40/65 728/41/65 726/38/4 
f 727/40/65 729/42/66 730/43/66 728/41/65 
f 729/42/66 731/44/67 732/45/67 730/43/66 
f 731/44/67 733/46/70 734/47/70 732/45/67 
f 733/46/70 735/48/69 736/49/69 734/47/70 
f 735/48/69 721/34/62 724/35/62 736/49/69 
f 737/34/62 738/32/63 739/33/63 740/35/62 
f 738/36/63 741/37/4 742/38/4 739/39/63 
f 741/37/4 743/40/65 744/41/65 742/38/4 
f 743/40/65 745/42/66 746/43/66 744/41/65 
f 745/42/66 747/44/67 748/45/67 746/43/66 
f 747/44/67 749/46/70 750/47/70 748/45/67 
f 749/46/70 751/48/69 752/49/69 750/47/70 
f 751/48/69 737/34/62 740/35/62 752/49/69 
f 753/34/62 754/32/63 755/33/63 756/35/62 
f 754/36/63 757/37/64 758/38/64 755/39/63 
f 757/37/64 759/40/65 760/41/65 758/38/64 
f 759/40/65 761/42/66 762/43/66 760/41/65 
f 761/42/66 763/44/67 764/45/67 762/43/66 
f 763/44/67 765/46/68 766/47/68 764/45/67 
f 765/46/68 767/48/69 768/49/69 766/47/68 
f 767/48/69 753/34/62 756/35/62 768/49/69 
f 769/34/62 770/32/63 771/33/63 772/35/62 
f 770/36/63 773/37/4 774/38/4 771/39/63 
f 773/37/4 775/40/65 776/41/65 774/38/4 
f 775/40/65 777/42/66 778/43/66 776/41/65 
f 777/42/66 779/44/67 780/45/67 778/43/66 
f 779/44/67 781/46/70 782/47/70 780/45/67 
f 781/46/70 783/48/69 784/49/69 782/47/70 
f 783/48/69 769/34/62 772/35/62 784/49/69 
f 785/34/62 786/32/63 787/33/63 788/35/62 
f 786/36/63 789/37/4 790/38/4 787/39/63 
f 789/37/4 791/40/65 792/41/65 790/38/4 
f 791/40/65 793/42/66 794/43/66 792/41/65 
f 793/42/66 795/44/67 796/45/67 794/43/66 
f 795/44/67 797/46/70 798/47/70 796/45/67 
f 797/46/70 799/48/69 800/49/69 798/47/70 
f 799/48/69 785/34/62 788/35/62 800/49/69 
f 801/34/62 802/32/63 803/33/63 804/35/62 
f 802/36/63 805/37/4 806/38/4 803/39/63 
f 805/37/4 807/40/65 808/41/65 806/38/4 
f 807/40/65 809/42/66 810/43/66 808/41/65 
f 809/42/66 811/44/67 812/45/67 810/43/66 
f 811/44/67 813/46/70 814/47/70 812/45/67 
f 813/46/70 815/48/69 816/49/69 814/47/70 
f 815/48/69 801/34/62 804/35/62 816/49/69 
f 817/34/62 818/32/63 819/33/63 820/35/62 
f 818/36/63 821/37/64 822/38/64 819/39/63 
f 821/37/64 823/40/65 824/41/65 822/38/64 
f 823/40/65 825/42/66 826/43/66 824/41/65 
f 825/42/66 827/44/67 828/45/67 826/43/66 
f 827/44/67 829/46/68 830/47/68 828/45/67 
f 829/46/68 831/48/69 832/49/69 830/47/68 
f 831/48/69 817/34/62 820/35/62 832/49/69 
f 833/34/62 834/32/63 835/33/63 836/35/62 
f 834/36/63 837/37/4 838/38/4 835/39/63 
f 837/37/4 839/40/65 840/41/65 838/38/4 
f 839/40/65 841/42/66 842/43/66 840/41/65 
f 841/42/66 843/44/67 844/45/67 842/43/66 
f 843/44/67 845/46/70 846/47/70 844/45/67 
f 845/46/70 847/48/69 848/49/69 846/47/70 
f 847/48/69 833/34/62 836/35/62 848/49/69 
f 849/34/62 850/32/63 851/33/63 852/35/62 
f 850/36/63 853/37/64 854/38/64 851/39/63 
f 853/37/64 855/40/65 856/41/65 854/38/64 
f 855/40/65 857/42/66 858/43/66 856/41/65 
f 857/42/66 859/44/67 860/45/67 858/43/66 
f 859/44/67 861/46/68 862/47/68 860/45/67 
f 861/46/68 863/48/69 864/49/69 862/47/68 
f 863/48/69 849/34/62 852/35/62 864/49/69 
f 865/34/62 866/32/63 867/33/63 868/35/62 
f 866/36/63 869/37/4 870/38/4 867/39/63 
f 869/37/4 871/40/65 872/41/65 870/38/4 
f 871/40/65 873/42/66 874/43/66 872/41/65 
f 873/42/66 875/44/67 876/45/67 874/43/66 
f 875/44/67 877/46/70 878/47/70 876/45/67 
f 877/46/70 879/48/69 880/49/69 878/47/70 
f 879/48/69 865/34/62 868/35/62 880/49/69 
s 1
f 881/50/63 882/33/63 883/35/62 884/51/62 
s 2
f 885/52/4 886/38/4 882/39/63 881/53/63 
s 1
f 887/54/65 888/41/65 886/38/4 885/52/4 
s 2
f 889/55/66 890/43/66 888/41/65 887/54/65 
s 1
f 891/56/67 892/45/67 890/43/66 889/55/66 
s 2
f 893/57/70 894/47/70 892/45/67 891/56/67 
s 1
f 895/58/69 896/49/69 894/47/70 893/57/70 
s 2
f 884/51/62 883/35/62 896/49/69 895/58/69 
s 1
f 897/50/63 898/33/63 899/35/62 900/51/62 
s 2
f 901/52/64 902/38/64 898/39/63 897/53/63 
s 1
f 903/54/65 904/41/65 902/38/64 901/52/64 
s 2
f 905/55/66 906/43/66 904/41/65 903/54/65 
s 1
f 907/56/67 908/45/67 906/43/66 905/55/66 
s 2
f 909/57/68 910/47/68 908/45/67 907/56/67 
s 1
f 911/58/69 912/49/69 910/47/68 909/57/68 
s 2
f 900/51/62 899/35/62 912/49/69 911/58/69 
s 1
f 913/50/63 914/33/63 915/35/62 916/51/62 
s 2
f 917/52/4 918/38/4 914/39/63 913/53/63 
s 1
f 919/54/65 920/41/65 918/38/4 917/52/4 
s 2
f 921/55/66 922/43/66 920/41/65 919/54/65 
s 1
f 923/56/67 924/45/67 922/43/66 921/55/66 
s 2
f 925/57/70 926/47/70 924/45/67 923/56/67 
s 1
f 927/58/69 928/49/69 926/47/70 925/57/70 
s 2
f 916/51/62 915/35/62 928/49/69 927/58/69 
s 1
f 929/50/63 930/33/63 931/35/62 932/51/62 
s 2
f 933/52/64 934/38/64 930/39/63 929/53/63 
s 1
f 935/54/65 936/41/65 934/38/64 933/52/64 
s 2
f 937/55/66 938/43/66 936/41/65 935/54/65 
s 1
f 939/56/67 940/45/67 938/43/66 937/55/66 
s 2
f 941/57/68 942/47/68 940/45/67 939/56/67 
s 1
f 943/58/69 944/49/69 942/47/68 941/57/68 
s 2
f 932/51/62 931/35/62 944/49/69 943/58/69 
s 1
f 945/50/63 946/33/63 947/35/62 948/51/62 
s 2
f 949/52/4 950/38/4 946/39/63 945/53/63 
s 1
f 951/54/65 952/41/65 950/38/4 949/52/4 
s 2
f 953/55/66 954/43/66 952/41/65 951/54/65 
s 1
f 955/56/67 956/45/67 954/43/66 953/55/66 
s 2
f 957/57/70 958/47/70 956/45/67 955/56/67 
s 1
f 959/58/69 960/49/69 958/47/70 957/57/70 
s 2
f 948/51/62 947/35/62 960/49/69 959/58/69 
s 1
f 961/40/65 962/44/67 963/45/67 964/41/65 
s 2
f 962/44/67 965/59/69 966/60/69 963/45/67 
s 1
f 967/32/63 968/33/63 969/49/69 970/48/69 
s 2
f 967/36/63 971/61/65 972/62/65 968/39/63 
f 973/63/63 961/40/65 964/41/65 974/64/63 
f 975/65/67 970/48/69 969/49/69 976/66/67 
s off
f 975/65/67 976/66/67 972/62/65 971/61/65 
f 973/63/63 974/64/63 966/60/69 965/59/69 
s 1
f 977/16/52 978/67/72 979/68/73 980/19/53 
f 981/20/54 982/21/74 983/69/75 984/70/76 
f 985/24/57 986/25/58 987/71/77 988/72/78 
f 989/28/59 990/29/60 991/73/79 992/74/80 
s 2
f 993/17/52 994/75/81 995/76/82 996/33/54 
f 997/22/74 998/77/83 999/78/84 1000/27/85 
f 1001/26/86 1002/79/87 1003/80/88 1004/31/89 
f 1005/30/60 1006/81/90 1007/82/91 1008/18/92 
s 1
f 994/75/81 993/17/52 1008/18/92 1007/82/91 
f 998/77/83 997/22/74 996/23/54 995/83/82 
f 1002/79/87 1001/26/86 1000/27/85 999/78/84 
f 1006/81/90 1005/30/60 1004/31/89 1003/80/88 
s 2
f 978/67/72 977/16/52 981/32/54 984/84/76 
f 983/69/75 982/21/74 985/24/57 988/72/78 
f 987/71/77 986/25/58 989/28/59 992/74/80 
f 991/73/79 990/29/60 980/19/53 979/68/73 
s off
f 994/75/81 1007/82/91 1009/85/93 1010/86/94 
f 998/77/83 995/83/82 1010/83/94 1011/87/95 
f 1002/79/87 999/78/84 1011/87/95 1012/88/96 
f 1006/81/90 1003/80/88 1012/88/96 1009/85/93 
f 995/76/82 994/75/81 1010/86/94 
f 999/78/84 998/77/83 1011/87/95 
f 1003/80/88 1002/79/87 1012/88/96 
f 1007/82/91 1006/81/90 1009/85/93 
f 979/68/73 978/67/72 1013/89/97 1014/90/98 
f 984/70/76 983/69/75 1015/91/99 1013/70/97 
f 988/72/78 987/71/77 1016/92/100 1015/91/99 
f 992/74/80 991/73/79 1014/90/98 1016/92/100 
f 978/67/72 984/84/76 1013/89/97 
f 983/69/75 988/72/78 1015/91/99 
f 987/71/77 992/74/80 1016/92/100 
f 991/73/79 979/68/73 1014/90/98 
s 4
f 1009/85/93 1012/88/96 1011/87/95 1010/83/94 
s 16
f 1013/89/97 1015/91/99 1016/92/100 1014/90/98 
s 1
f 1017/16/52 1018/17/52 1019/18/53 1020/19/53 
f 1021/20/54 1022/21/55 1023/22/55 1024/23/54 
f 1025/24/85 1026/25/86 1027/26/86 1028/27/85 
f 1029/28/59 1030/29/60 1031/30/60 1032/31/59 
s 2
f 1018/17/52 1017/16/52 1021/32/54 1024/33/54 
f 1023/22/55 1022/21/55 1025/24/85 1028/27/85 
f 1027/26/86 1026/25/86 1029/28/59 1032/31/59 
f 1031/30/60 1030/29/60 1020/19/53 1019/18/53 
s 1
f 1033/16/52 1034/93/101 1035/94/102 1036/19/53 
f 1037/20/54 1038/21/55 1039/95/103 1040/96/104 
f 1041/24/57 1042/25/58 1043/97/105 1044/98/106 
f 1045/28/59 1046/29/60 1047/99/107 1048/100/108 
s 2
f 1049/17/52 1050/101/109 1051/102/110 1052/33/54 
f 1053/22/74 1054/103/111 1055/104/112 1056/27/85 
f 1057/26/86 1058/105/113 1059/106/114 1060/31/89 
f 1061/30/60 1062/107/115 1063/108/116 1064/18/53 
s 1
f 1065/16/52 1066/109/117 1067/110/118 1068/19/53 
f 1069/20/119 1070/21/74 1071/111/120 1072/112/121 
f 1073/24/85 1074/25/86 1075/113/122 1076/114/123 
f 1077/28/89 1078/29/124 1079/115/125 1080/116/126 
s 2
f 1081/17/52 1082/117/127 1083/118/128 1084/33/54 
f 1085/22/74 1086/119/129 1087/120/130 1088/27/85 
f 1089/26/86 1090/121/131 1091/122/132 1092/31/89 
f 1093/30/60 1094/123/133 1095/124/134 1096/18/53 
s 1
f 1082/117/127 1081/17/52 1096/18/53 1095/124/134 
f 1086/119/129 1085/22/74 1084/23/54 1083/125/128 
f 1090/121/131 1089/26/86 1088/27/85 1087/120/130 
f 1094/123/133 1093/30/60 1092/31/89 1091/122/132 
f 1050/101/109 1049/17/52 1064/18/53 1063/108/116 
f 1054/103/111 1053/22/74 1052/23/54 1051/126/110 
f 1058/105/113 1057/26/86 1056/27/85 1055/104/112 
f 1062/107/115 1061/30/60 1060/31/89 1059/106/114 
s 2
f 1066/109/117 1065/16/52 1069/32/119 1072/127/121 
f 1071/111/120 1070/21/74 1073/24/85 1076/114/123 
f 1075/113/122 1074/25/86 1077/28/89 1080/116/126 
f 1079/115/125 1078/29/124 1068/19/53 1067/110/118 
f 1034/93/101 1033/16/52 1037/32/54 1040/128/104 
f 1039/95/103 1038/21/55 1041/24/57 1044/98/106 
f 1043/97/105 1042/25/58 1045/28/59 1048/100/108 
f 1047/99/107 1046/29/60 1036/19/53 1035/94/102 
s off
f 1082/117/127 1095/124/134 1097/129/135 1098/130/136 
f 1086/119/129 1083/125/128 1098/125/136 1099/131/137 
f 1090/121/131 1087/120/130 1099/131/137 1100/132/138 
f 1094/123/133 1091/122/132 1100/132/138 1097/129/135 
f 1083/118/128 1082/117/127 1098/130/136 
f 1087/120/130 1086/119/129 1099/131/137 
f 1091/122/132 1090/121/131 1100/132/138 
f 1095/124/134 1094/123/133 1097/129/135 
f 1051/102/110 1050/101/109 1101/133/139 
f 1055/104/112 1054/103/111 1102/134/140 
f 1059/106/114 1058/105/113 1103/135/141 
f 1063/108/116 1062/107/115 1104/136/142 
f 1050/101/109 1063/108/116 1104/136/142 1101/133/139 
f 1054/103/111 1051/126/110 1101/126/139 1102/134/140 
f 1058/105/113 1055/104/112 1102/134/140 1103/135/141 
f 1062/107/115 1059/106/114 1103/135/141 1104/136/142 
f 1067/110/118 1066/109/117 1105/137/143 1106/138/144 
f 1072/112/121 1071/111/120 1107/139/145 1105/112/143 
f 1076/114/123 1075/113/122 1108/140/146 1107/139/145 
f 1080/116/126 1079/115/125 1106/138/144 1108/140/146 
f 1066/109/117 1072/127/121 1105/137/143 
f 1071/111/120 1076/114/123 1107/139/145 
f 1075/113/122 1080/116/126 1108/140/146 
f 1079/115/125 1067/110/118 1106/138/144 
f 1035/94/102 1034/93/101 1109/141/147 1110/142/148 
f 1040/96/104 1039/95/103 1111/143/149 1109/96/147 
f 1044/98/106 1043/97/105 1112/144/150 1111/143/149 
f 1048/100/108 1047/99/107 1110/142/148 1112/144/150 
f 1034/93/101 1040/128/104 1109/141/147 
f 1039/95/103 1044/98/106 1111/143/149 
f 1043/97/105 1048/100/108 1112/144/150 
f 1047/99/107 1035/94/102 1110/142/148 
s 32
f 1097/129/135 1100/132/138 1099/131/137 1098/125/136 
f 1104/136/142 1103/135/141 1102/134/140 1101/126/139 
f 1105/137/143 1107/139/145 1108/140/146 1106/138/144 
f 1109/141/147 1111/143/149 1112/144/150 1110/142/148 
s 2
f 1113/1/1 1114/5/151 1115/6/65 1116/4/4 
s 4
f 1117/5/5 1118/6/6 1119/4/67 1120/1/152 
s 8
f 1113/5/1 1121/6/9 1122/4/153 1114/1/151 
s 16
f 1114/5/151 1122/6/153 1123/3/154 1115/2/65 
s 32
f 1124/5/155 1125/6/156 1126/4/31 1127/1/37 
s 2
f 1128/1/1 1129/4/4 1130/3/11 1131/2/12 
s 4
f 1132/5/5 1133/2/13 1134/3/14 1135/6/15 
s 8
f 1128/5/1 1131/2/12 1136/3/157 1137/6/9 
s 32
f 1138/2/17 1139/3/18 1140/3/19 1141/2/20 
s 2
f 1115/6/65 1142/7/65 1143/9/4 1116/4/4 
s 4
f 1118/6/6 1144/7/21 1145/9/67 1119/4/67 
s 16
f 1119/10/67 1145/145/67 1146/146/66 1147/8/66 
s 2
f 1129/4/4 1148/9/4 1149/8/11 1130/3/11 
s 4
f 1150/3/22 1151/8/23 1152/8/24 1153/3/25 
s 16
f 1128/5/1 1137/6/9 1121/6/9 1113/5/1 
s 1
f 1132/5/5 1135/6/15 1118/6/6 1117/5/5 
s 16
f 1135/10/15 1154/8/26 1155/8/27 1118/10/6 
s 8
f 1121/6/9 1156/7/9 1157/9/35 1122/4/153 
s 16
f 1122/6/153 1157/7/35 1147/8/66 1123/3/154 
s 32
f 1125/6/156 1158/7/156 1159/9/31 1126/4/31 
s 8
f 1160/3/28 1161/8/28 1162/8/30 1163/3/158 
s 32
f 1164/4/31 1165/9/31 1166/8/18 1167/3/33 
s 64
f 1168/3/34 1154/8/26 1169/11/35 1170/12/36 
s 16
f 1125/4/156 1124/1/155 1142/147/65 1171/148/154 
f 1137/6/9 1172/7/9 1156/7/9 1121/6/9 
s 4
f 1173/13/37 1148/9/4 1143/9/4 1127/13/37 
f 1168/3/34 1170/12/36 1174/12/38 1175/3/39 
s off
f 1128/1/1 1113/1/1 1116/4/4 1129/4/4 
s 16
f 1158/9/156 1125/4/156 1171/148/154 1146/146/66 
f 1154/8/26 1168/3/34 1175/3/39 1155/8/27 
s 8
f 1156/7/9 1117/14/5 1120/13/152 1157/9/35 
s 16
f 1157/7/35 1120/14/152 1119/10/67 1147/8/66 
s 32
f 1158/7/156 1176/14/159 1177/13/42 1159/9/31 
s 8
f 1161/8/28 1178/10/40 1179/10/41 1162/8/30 
s 32
f 1165/9/31 1180/13/42 1181/10/43 1166/8/18 
s 64
f 1154/8/26 1135/10/15 1182/15/44 1169/11/35 
s 16
f 1172/7/9 1132/14/5 1117/14/5 1156/7/9 
s 2
f 1142/7/65 1124/14/155 1127/13/37 1143/9/4 
s 4
f 1144/7/21 1177/14/42 1176/13/159 1145/9/67 
s 16
f 1145/145/67 1176/13/159 1158/9/156 1146/146/66 
s 2
f 1148/9/4 1173/13/37 1183/10/46 1149/8/11 
s 4
f 1184/8/47 1185/10/48 1186/10/49 1187/8/50 
s 64
f 1188/11/51 1155/8/27 1175/3/39 1174/12/38 
s 16
f 1142/147/65 1115/2/65 1123/3/154 1171/148/154 
s 4
f 1148/9/4 1129/4/4 1116/4/4 1143/9/4 
s 16
f 1171/148/154 1123/3/154 1147/8/66 1146/146/66 
s 64
f 1144/15/21 1118/10/6 1155/8/27 1188/11/51 
s 2
f 1170/12/36 1169/11/35 1188/11/51 1174/12/38 
s off
f 1126/4/31 1159/9/31 1165/7/31 1164/4/31 
f 1173/1/37 1127/13/37 1126/4/31 1164/4/31 
f 1180/14/42 1165/9/31 1159/9/31 1177/13/42 
f 1177/13/42 1144/7/21 1182/7/44 1180/14/42 
f 1169/11/35 1182/7/44 1144/7/21 1188/11/51 
s 1
f 1189/16/52 1190/17/52 1191/18/53 1192/19/53 
f 1193/20/54 1194/21/55 1195/22/56 1196/23/54 
f 1197/24/57 1198/25/58 1199/26/58 1200/27/57 
f 1201/28/59 1202/29/60 1203/30/60 1204/31/61 
s 2
f 1190/17/52 1189/16/52 1193/32/54 1196/33/54 
f 1195/22/56 1194/21/55 1197/24/57 1200/27/57 
f 1199/26/58 1198/25/58 1201/28/59 1204/31/61 
f 1203/30/60 1202/29/60 1192/19/53 1191/18/53 
s 8
f 1205/34/62 1206/32/63 1207/33/63 1208/35/62 
f 1206/36/63 1209/37/64 1210/38/64 1207/39/63 
f 1209/37/64 1211/40/65 1212/41/65 1210/38/64 
f 1211/40/65 1213/42/66 1214/43/66 1212/41/65 
f 1213/42/66 1215/44/67 1216/45/67 1214/43/66 
f 1215/44/67 1217/46/68 1218/47/68 1216/45/67 
f 1217/46/68 1219/48/69 1220/49/69 1218/47/68 
f 1219/48/69 1205/34/62 1208/35/62 1220/49/69 
f 1221/34/62 1222/32/63 1223/33/63 1224/35/62 
f 1222/36/63 1225/37/4 1226/38/4 1223/39/63 
f 1225/37/4 1227/40/65 1228/41/65 1226/38/4 
f 1227/40/65 1229/42/66 1230/43/66 1228/41/65 
f 1229/42/66 1231/44/67 1232/45/67 1230/43/66 
f 1231/44/67 1233/46/70 1234/47/70 1232/45/67 
f 1233/46/70 1235/48/69 1236/49/69 1234/47/70 
f 1235/48/69 1221/34/62 1224/35/62 1236/49/69 
f 1237/34/62 1238/32/63 1239/33/63 1240/35/62 
f 1238/36/63 1241/37/4 1242/38/4 1239/39/63 
f 1241/37/4 1243/40/65 1244/41/65 1242/38/4 
f 1243/40/65 1245/42/71 1246/43/71 1244/41/65 
f 1245/42/71 1247/44/67 1248/45/67 1246/43/71 
f 1247/44/67 1249/46/70 1250/47/70 1248/45/67 
f 1249/46/70 1251/48/69 1252/49/69 1250/47/70 
f 1251/48/69 1237/34/62 1240/35/62 1252/49/69 
f 1253/34/62 1254/32/63 1255/33/63 1256/35/62 
f 1254/36/63 1257/37/4 1258/38/4 1255/39/63 
f 1257/37/4 1259/40/65 1260/41/65 1258/38/4 
f 1259/40/65 1261/42/66 1262/43/66 1260/41/65 
f 1261/42/66 1263/44/67 1264/45/67 1262/43/66 
f 1263/44/67 1265/46/70 1266/47/70 1264/45/67 
f 1265/46/70 1267/48/69 1268/49/69 1266/47/70 
f 1267/48/69 1253/34/62 1256/35/62 1268/49/69 
f 1269/34/62 1270/32/63 1271/33/63 1272/35/62 
f 1270/36/63 1273/37/4 1274/38/4 1271/39/63 
f 1273/37/4 1275/40/65 1276/41/65 1274/38/4 
f 1275/40/65 1277/42/71 1278/43/71 1276/41/65 
f 1277/42/71 1279/44/67 1280/45/67 1278/43/71 
f 1279/44/67 1281/46/70 1282/47/70 1280/45/67 
f 1281/46/70 1283/48/69 1284/49/69 1282/47/70 
f 1283/48/69 1269/34/62 1272/35/62 1284/49/69 
f 1285/34/62 1286/32/63 1287/33/63 1288/35/62 
f 1286/36/63 1289/37/4 1290/38/4 1287/39/63 
f 1289/37/4 1291/40/65 1292/41/65 1290/38/4 
f 1291/40/65 1293/42/66 1294/43/66 1292/41/65 
f 1293/42/66 1295/44/67 1296/45/67 1294/43/66 
f 1295/44/67 1297/46/70 1298/47/70 1296/45/67 
f 1297/46/70 1299/48/69 1300/49/69 1298/47/70 
f 1299/48/69 1285/34/62 1288/35/62 1300/49/69 
f 1301/34/62 1302/32/63 1303/33/63 1304/35/62 
f 1302/36/63 1305/37/4 1306/38/4 1303/39/63 
f 1305/37/4 1307/40/65 1308/41/65 1306/38/4 
f 1307/40/65 1309/42/66 1310/43/66 1308/41/65 
f 1309/42/66 1311/44/67 1312/45/67 1310/43/66 
f 1311/44/67 1313/46/70 1314/47/70 1312/45/67 
f 1313/46/70 1315/48/69 1316/49/69 1314/47/70 
f 1315/48/69 1301/34/62 1304/35/62 1316/49/69 
f 1317/34/62 1318/32/63 1319/33/63 1320/35/62 
f 1318/36/63 1321/37/64 1322/38/64 1319/39/63 
f 1321/37/64 1323/40/65 1324/41/65 1322/38/64 
f 1323/40/65 1325/42/66 1326/43/66 1324/41/65 
f 1325/42/66 1327/44/67 1328/45/67 1326/43/66 
f 1327/44/67 1329/46/68 1330/47/68 1328/45/67 
f 1329/46/68 1331/48/69 1332/49/69 1330/47/68 
f 1331/48/69 1317/34/62 1320/35/62 1332/49/69 
f 1333/34/62 1334/32/63 1335/33/63 1336/35/62 
f 1334/36/63 1337/37/4 1338/38/4 1335/39/63 
f 1337/37/4 1339/40/65 1340/41/65 1338/38/4 
f 1339/40/65 1341/42/66 1342/43/66 1340/41/65 
f 1341/42/66 1343/44/67 1344/45/67 1342/43/66 
f 1343/44/67 1345/46/70 1346/47/70 1344/45/67 
f 1345/46/70 1347/48/69 1348/49/69 1346/47/70 
f 1347/48/69 1333/34/62 1336/35/62 1348/49/69 
f 1349/34/62 1350/32/63 1351/33/63 1352/35/62 
f 1350/36/63 1353/37/4 1354/38/4 1351/39/63 
f 1353/37/4 1355/40/65 1356/41/65 1354/38/4 
f 1355/40/65 1357/42/66 1358/43/66 1356/41/65 
f 1357/42/66 1359/44/67 1360/45/67 1358/43/66 
f 1359/44/67 1361/46/70 1362/47/70 1360/45/67 
f 1361/46/70 1363/48/69 1364/49/69 1362/47/70 
f 1363/48/69 1349/34/62 1352/35/62 1364/49/69 
f 1365/34/62 1366/32/63 1367/33/63 1368/35/62 
f 1366/36/63 1369/37/4 1370/38/4 1367/39/63 
f 1369/37/4 1371/40/65 1372/41/65 1370/38/4 
f 1371/40/65 1373/42/66 1374/43/66 1372/41/65 
f 1373/42/66 1375/44/67 1376/45/67 1374/43/66 
f 1375/44/67 1377/46/70 1378/47/70 1376/45/67 
f 1377/46/70 1379/48/69 1380/49/69 1378/47/70 
f 1379/48/69 1365/34/62 1368/35/62 1380/49/69 
f 1381/34/62 1382/32/63 1383/33/63 1384/35/62 
f 1382/36/63 1385/37/64 1386/38/64 1383/39/63 
f 1385/37/64 1387/40/65 1388/41/65 1386/38/64 
f 1387/40/65 1389/42/66 1390/43/66 1388/41/65 
f 1389/42/66 1391/44/67 1392/45/67 1390/43/66 
f 1391/44/67 1393/46/68 1394/47/68 1392/45/67 
f 1393/46/68 1395/48/69 1396/49/69 1394/47/68 
f 1395/48/69 1381/34/62 1384/35/62 1396/49/69 
f 1397/34/62 1398/32/63 1399/33/63 1400/35/62 
f 1398/36/63 1401/37/4 1402/38/4 1399/39/63 
f 1401/37/4 1403/40/65 1404/41/65 1402/38/4 
f 1403/40/65 1405/42/66 1406/43/66 1404/41/65 
f 1405/42/66 1407/44/67 1408/45/67 1406/43/66 
f 1407/44/67 1409/46/70 1410/47/70 1408/45/67 
f 1409/46/70 1411/48/69 1412/49/69 1410/47/70 
f 1411/48/69 1397/34/62 1400/35/62 1412/49/69 
f 1413/34/62 1414/32/63 1415/33/63 1416/35/62 
f 1414/36/63 1417/37/64 1418/38/64 1415/39/63 
f 1417/37/64 1419/40/65 1420/41/65 1418/38/64 
f 1419/40/65 1421/42/66 1422/43/66 1420/41/65 
f 1421/42/66 1423/44/67 1424/45/67 1422/43/66 
f 1423/44/67 1425/46/68 1426/47/68 1424/45/67 
f 1425/46/68 1427/48/69 1428/49/69 1426/47/68 
f 1427/48/69 1413/34/62 1416/35/62 1428/49/69 
f 1429/34/62 1430/32/63 1431/33/63 1432/35/62 
f 1430/36/63 1433/37/4 1434/38/4 1431/39/63 
f 1433/37/4 1435/40/65 1436/41/65 1434/38/4 
f 1435/40/65 1437/42/66 1438/43/66 1436/41/65 
f 1437/42/66 1439/44/67 1440/45/67 1438/43/66 
f 1439/44/67 1441/46/70 1442/47/70 1440/45/67 
f 1441/46/70 1443/48/69 1444/49/69 1442/47/70 
f 1443/48/69 1429/34/62 1432/35/62 1444/49/69 
s 1
f 1445/50/63 1446/33/63 1447/35/62 1448/51/62 
s 2
f 1449/52/4 1450/38/4 1446/39/63 1445/53/63 
s 1
f 1451/54/65 1452/41/65 1450/38/4 1449/52/4 
s 2
f 1453/55/66 1454/43/66 1452/41/65 1451/54/65 
s 1
f 1455/56/67 1456/45/67 1454/43/66 1453/55/66 
s 2
f 1457/57/70 1458/47/70 1456/45/67 1455/56/67 
s 1
f 1459/58/69 1460/49/69 1458/47/70 1457/57/70 
s 2
f 1448/51/62 1447/35/62 1460/49/69 1459/58/69 
s 1
f 1461/50/63 1462/33/63 1463/35/62 1464/51/62 
s 2
f 1465/52/64 1466/38/64 1462/39/63 1461/53/63 
s 1
f 1467/54/65 1468/41/65 1466/38/64 1465/52/64 
s 2
f 1469/55/66 1470/43/66 1468/41/65 1467/54/65 
s 1
f 1471/56/67 1472/45/67 1470/43/66 1469/55/66 
s 2
f 1473/57/68 1474/47/68 1472/45/67 1471/56/67 
s 1
f 1475/58/69 1476/49/69 1474/47/68 1473/57/68 
s 2
f 1464/51/62 1463/35/62 1476/49/69 1475/58/69 
s 1
f 1477/50/63 1478/33/63 1479/35/62 1480/51/62 
s 2
f 1481/52/4 1482/38/4 1478/39/63 1477/53/63 
s 1
f 1483/54/65 1484/41/65 1482/38/4 1481/52/4 
s 2
f 1485/55/66 1486/43/66 1484/41/65 1483/54/65 
s 1
f 1487/56/67 1488/45/67 1486/43/66 1485/55/66 
s 2
f 1489/57/70 1490/47/70 1488/45/67 1487/56/67 
s 1
f 1491/58/69 1492/49/69 1490/47/70 1489/57/70 
s 2
f 1480/51/62 1479/35/62 1492/49/69 1491/58/69 
s 1
f 1493/50/63 1494/33/63 1495/35/62 1496/51/62 
s 2
f 1497/52/64 1498/38/64 1494/39/63 1493/53/63 
s 1
f 1499/54/65 1500/41/65 1498/38/64 1497/52/64 
s 2
f 1501/55/66 1502/43/66 1500/41/65 1499/54/65 
s 1
f 1503/56/67 1504/45/67 1502/43/66 1501/55/66 
s 2
f 1505/57/68 1506/47/68 1504/45/67 1503/56/67 
s 1
f 1507/58/69 1508/49/69 1506/47/68 1505/57/68 
s 2
f 1496/51/62 1495/35/62 1508/49/69 1507/58/69 
s 1
f 1509/50/63 1510/33/63 1511/35/62 1512/51/62 
s 2
f 1513/52/4 1514/38/4 1510/39/63 1509/53/63 
s 1
f 1515/54/65 1516/41/65 1514/38/4 1513/52/4 
s 2
f 1517/55/66 1518/43/66 1516/41/65 1515/54/65 
s 1
f 1519/56/67 1520/45/67 1518/43/66 1517/55/66 
s 2
f 1521/57/70 1522/47/70 1520/45/67 1519/56/67 
s 1
f 1523/58/69 1524/49/69 1522/47/70 1521/57/70 
s 2
f 1512/51/62 1511/35/62 1524/49/69 1523/58/69 
s 1
f 1525/40/65 1526/44/67 1527/45/67 1528/41/65 
s 2
f 1526/44/67 1529/59/69 1530/60/69 1527/45/67 
s 1
f 1531/32/63 1532/33/63 1533/49/69 1534/48/69 
s 2
f 1531/36/63 1535/61/65 1536/62/65 1532/39/63 
f 1537/63/63 1525/40/65 1528/41/65 1538/64/63 
f 1539/65/67 1534/48/69 1533/49/69 1540/66/67 
s off
f 1539/65/67 1540/66/67 1536/62/65 1535/61/65 
f 1537/63/63 1538/64/63 1530/60/69 1529/59/69 
s 1
f 1541/16/52 1542/67/72 1543/68/73 1544/19/53 
f 1545/20/54 1546/21/74 1547/69/75 1548/70/76 
f 1549/24/57 1550/25/58 1551/71/77 1552/72/78 
f 1553/28/59 1554/29/60 1555/73/79 1556/74/80 
s 2
f 1557/17/52 1558/75/81 1559/76/82 1560/33/54 
f 1561/22/74 1562/77/83 1563/78/84 1564/27/85 
f 1565/26/86 1566/79/87 1567/80/88 1568/31/89 
f 1569/30/60 1570/81/90 1571/82/91 1572/18/92 
s 1
f 1558/75/81 1557/17/52 1572/18/92 1571/82/91 
f 1562/77/83 1561/22/74 1560/23/54 1559/83/82 
f 1566/79/87 1565/26/86 1564/27/85 1563/78/84 
f 1570/81/90 1569/30/60 1568/31/89 1567/80/88 
s 2
f 1542/67/72 1541/16/52 1545/32/54 1548/84/76 
f 1547/69/75 1546/21/74 1549/24/57 1552/72/78 
f 1551/71/77 1550/25/58 1553/28/59 1556/74/80 
f 1555/73/79 1554/29/60 1544/19/53 1543/68/73 
s off
f 1558/75/81 1571/82/91 1573/85/93 1574/86/94 
f 1562/77/83 1559/83/82 1574/83/94 1575/87/95 
f 1566/79/87 1563/78/84 1575/87/95 1576/88/96 
f 1570/81/90 1567/80/88 1576/88/96 1573/85/93 
f 1559/76/82 1558/75/81 1574/86/94 
f 1563/78/84 1562/77/83 1575/87/95 
f 1567/80/88 1566/79/87 1576/88/96 
f 1571/82/91 1570/81/90 1573/85/93 
f 1543/68/73 1542/67/72 1577/89/97 1578/90/98 
f 1548/70/76 1547/69/75 1579/91/99 1577/70/97 
f 1552/72/78 1551/71/77 1580/92/100 1579/91/99 
f 1556/74/80 1555/73/79 1578/90/98 1580/92/100 
f 1542/67/72 1548/84/76 1577/89/97 
f 1547/69/75 1552/72/78 1579/91/99 
f 1551/71/77 1556/74/80 1580/92/100 
f 1555/73/79 1543/68/73 1578/90/98 
s 4
f 1573/85/93 1576/88/96 1575/87/95 1574/83/94 
s 16
f 1577/89/97 1579/91/99 1580/92/100 1578/90/98 
s 1
f 1581/16/52 1582/17/52 1583/18/53 1584/19/53 
f 1585/20/54 1586/21/55 1587/22/55 1588/23/54 
f 1589/24/85 1590/25/86 1591/26/86 1592/27/85 
f 1593/28/59 1594/29/60 1595/30/60 1596/31/59 
s 2
f 1582/17/52 1581/16/52 1585/32/54 1588/33/54 
f 1587/22/55 1586/21/55 1589/24/85 1592/27/85 
f 1591/26/86 1590/25/86 1593/28/59 1596/31/59 
f 1595/30/60 1594/29/60 1584/19/53 1583/18/53 
s 1
f 1597/16/52 1598/93/101 1599/94/102 1600/19/53 
f 1601/20/54 1602/21/55 1603/95/103 1604/96/104 
f 1605/24/57 1606/25/58 1607/97/105 1608/98/106 
f 1609/28/59 1610/29/60 1611/99/107 1612/100/108 
s 2
f 1613/17/52 1614/101/109 1615/102/110 1616/33/54 
f 1617/22/74 1618/103/111 1619/104/112 1620/27/85 
f 1621/26/86 1622/105/113 1623/106/114 1624/31/89 
f 1625/30/60 1626/107/115 1627/108/116 1628/18/53 
s 1
f 1629/16/52 1630/109/117 1631/110/118 1632/19/53 
f 1633/20/119 1634/21/74 1635/111/120 1636/112/121 
f 1637/24/85 1638/25/86 1639/113/122 1640/114/123 
f 1641/28/89 1642/29/124 1643/115/125 1644/116/126 
s 2
f 1645/17/52 1646/117/127 1647/118/128 1648/33/54 
f 1649/22/74 1650/119/129 1651/120/130 1652/27/85 
f 1653/26/86 1654/121/131 1655/122/132 1656/31/89 
f 1657/30/60 1658/123/133 1659/124/134 1660/18/53 
s 1
f 1646/117/127 1645/17/52 1660/18/53 1659/124/134 
f 1650/119/129 1649/22/74 1648/23/54 1647/125/128 
f 1654/121/131 1653/26/86 1652/27/85 1651/120/130 
f 1658/123/133 1657/30/60 1656/31/89 1655/122/132 
f 1614/101/109 1613/17/52 1628/18/53 1627/108/116 
f 1618/103/111 1617/22/74 1616/23/54 1615/126/110 
f 1622/105/113 1621/26/86 1620/27/85 1619/104/112 
f 1626/107/115 1625/30/60 1624/31/89 1623/106/114 
s 2
f 1630/109/117 1629/16/52 1633/32/119 1636/127/121 
f 1635/111/120 1634/21/74 1637/24/85 1640/114/123 
f 1639/113/122 1638/25/86 1641/28/89 1644/116/126 
f 1643/115/125 1642/29/124 1632/19/53 1631/110/118 
f 1598/93/101 1597/16/52 1601/32/54 1604/128/104 
f 1603/95/103 1602/21/55 1605/24/57 1608/98/106 
f 1607/97/105 1606/25/58 1609/28/59 1612/100/108 
f 1611/99/107 1610/29/60 1600/19/53 1599/94/102 
s off
f 1646/117/127 1659/124/134 1661/129/135 1662/130/136 
f 1650/119/129 1647/125/128 1662/125/136 1663/131/137 
f 1654/121/131 1651/120/130 1663/131/137 1664/132/138 
f 1658/123/133 1655/122/132 1664/132/138 1661/129/135 
f 1647/118/128 1646/117/127 1662/130/136 
f 1651/120/130 1650/119/129 1663/131/137 
f 1655/122/132 1654/121/131 1664/132/138 
f 1659/124/134 1658/123/133 1661/129/135 
f 1615/102/110 1614/101/109 1665/133/139 
f 1619/104/112 1618/103/111 1666/134/140 
f 1623/106/114 1622/105/113 1667/135/141 
f 1627/108/116 1626/107/115 1668/136/142 
f 1614/101/109 1627/108/116 1668/136/142 1665/133/139 
f 1618/103/111 1615/126/110 1665/126/139 1666/134/140 
f 1622/105/113 1619/104/112 1666/134/140 1667/135/141 
f 1626/107/115 1623/106/114 1667/135/141 1668/136/142 
f 1631/110/118 1630/109/117 1669/137/143 1670/138/144 
f 1636/112/121 1635/111/120 1671/139/145 1669/112/143 
f 1640/114/123 1639/113/122 1672/140/146 1671/139/145 
f 1644/116/126 1643/115/125 1670/138/144 1672/140/146 
f 1630/109/117 1636/127/121 1669/137/143 
f 1635/111/120 1640/114/123 1671/139/145 
f 1639/113/122 1644/116/126 1672/140/146 
f 1643/115/125 1631/110/118 1670/138/144 
f 1599/94/102 1598/93/101 1673/141/147 1674/142/148 
f 1604/96/104 1603/95/103 1675/143/149 1673/96/147 
f 1608/98/106 1607/97/105 1676/144/150 1675/143/149 
f 1612/100/108 1611/99/107 1674/142/148 1676/144/150 
f 1598/93/101 1604/128/104 1673/141/147 
f 1603/95/103 1608/98/106 1675/143/149 
f 1607/97/105 1612/100/108 1676/144/150 
f 1611/99/107 1599/94/102 1674/142/148 
s 32
f 1661/129/135 1664/132/138 1663/131/137 1662/125/136 
f 1668/136/142 1667/135/141 1666/134/140 1665/126/139 
f 1669/137/143 1671/139/145 1672/140/146 1670/138/144 
f 1673/141/147 1675/143/149 1676/144/150 1674/142/148 
s 2
f 1677/1/1 1678/2/2 1679/3/3 1680/4/4 
s 4
f 1681/5/5 1682/6/6 1683/3/7 1684/2/8 
s 8
f 1677/5/1 1685/6/9 1686/3/28 1678/2/2 
s 2
f 1687/1/1 1688/4/4 1689/6/63 1690/5/160 
s 4
f 1691/5/5 1692/1/161 1693/4/69 1694/6/15 
s 8
f 1687/5/1 1690/1/160 1695/4/51 1696/6/9 
s 16
f 1690/5/160 1689/2/63 1697/3/62 1695/6/51 
s 32
f 1698/5/162 1699/1/37 1700/4/31 1701/6/27 
s 4
f 1682/6/6 1702/7/21 1703/8/7 1683/3/7 
s 2
f 1688/4/4 1704/9/4 1705/7/63 1689/6/63 
s 4
f 1693/4/69 1706/9/69 1707/7/44 1694/6/15 
s 16
f 1689/2/63 1705/147/63 1708/148/62 1697/3/62 
f 1687/5/1 1696/6/9 1685/6/9 1677/5/1 
s 1
f 1691/5/5 1694/6/15 1682/6/6 1681/5/5 
s 16
f 1694/10/15 1709/8/26 1710/8/27 1682/10/6 
s 8
f 1685/6/9 1711/7/9 1712/8/28 1686/3/28 
f 1695/4/51 1713/9/51 1714/7/9 1696/6/9 
s 16
f 1697/3/62 1715/8/62 1713/7/51 1695/6/51 
s 32
f 1700/4/31 1716/9/31 1717/7/163 1701/6/27 
s 64
f 1718/3/34 1709/8/26 1719/11/35 1720/12/36 
s 16
f 1701/4/27 1717/9/163 1721/146/62 1708/148/62 
f 1696/6/9 1714/7/9 1711/7/9 1685/6/9 
s 4
f 1699/13/37 1704/9/4 1722/9/4 1723/13/37 
f 1718/3/34 1720/12/36 1724/12/38 1725/3/39 
s off
f 1687/1/1 1677/1/1 1680/4/4 1688/4/4 
s 16
f 1709/8/26 1718/3/34 1725/3/39 1710/8/27 
s 8
f 1711/7/9 1681/14/5 1684/10/8 1712/8/28 
f 1713/9/51 1692/13/161 1691/14/5 1714/7/9 
s 16
f 1715/8/62 1693/10/69 1692/14/161 1713/7/51 
s 32
f 1716/9/31 1726/13/42 1727/14/164 1717/7/163 
s 64
f 1709/8/26 1694/10/15 1707/15/44 1719/11/35 
s 16
f 1717/9/163 1727/13/164 1706/145/69 1721/146/62 
f 1714/7/9 1691/14/5 1681/14/5 1711/7/9 
s 4
f 1702/7/21 1728/14/42 1729/10/45 1703/8/7 
s 2
f 1704/9/4 1699/13/37 1698/14/162 1705/7/63 
s 4
f 1706/9/69 1727/13/164 1726/14/42 1707/7/44 
s 16
f 1705/147/63 1698/1/162 1701/4/27 1708/148/62 
s 64
f 1730/11/51 1710/8/27 1725/3/39 1724/12/38 
s 16
f 1721/146/62 1715/8/62 1697/3/62 1708/148/62 
s 4
f 1704/9/4 1688/4/4 1680/4/4 1722/9/4 
s 64
f 1702/15/21 1682/10/6 1710/8/27 1730/11/51 
s 16
f 1706/145/69 1693/10/69 1715/8/62 1721/146/62 
s 2
f 1720/12/36 1719/11/35 1730/11/51 1724/12/38 
s off
f 1731/4/31 1732/9/31 1716/7/31 1700/4/31 
f 1699/1/37 1723/13/37 1731/4/31 1700/4/31 
f 1726/14/42 1716/9/31 1732/9/31 1728/13/42 
f 1728/13/42 1702/7/21 1707/7/44 1726/14/42 
f 1719/11/35 1707/7/44 1702/7/21 1730/11/51 
s 1
f 1733/16/52 1734/17/52 1735/18/53 1736/19/53 
f 1737/20/54 1738/21/55 1739/22/56 1740/23/54 
f 1741/24/57 1742/25/58 1743/26/58 1744/27/57 
f 1745/28/59 1746/29/60 1747/30/60 1748/31/61 
s 2
f 1734/17/52 1733/16/52 1737/32/54 1740/33/54 
f 1739/22/56 1738/21/55 1741/24/57 1744/27/57 
f 1743/26/58 1742/25/58 1745/28/59 1748/31/61 
f 1747/30/60 1746/29/60 1736/19/53 1735/18/53 
s 8
f 1749/34/62 1750/32/63 1751/33/63 1752/35/62 
f 1750/36/63 1753/37/64 1754/38/64 1751/39/63 
f 1753/37/64 1755/40/65 1756/41/65 1754/38/64 
f 1755/40/65 1757/42/66 1758/43/66 1756/41/65 
f 1757/42/66 1759/44/67 1760/45/67 1758/43/66 
f 1759/44/67 1761/46/68 1762/47/68 1760/45/67 
f 1761/46/68 1763/48/69 1764/49/69 1762/47/68 
f 1763/48/69 1749/34/62 1752/35/62 1764/49/69 
f 1765/34/62 1766/32/63 1767/33/63 1768/35/62 
f 1766/36/63 1769/37/4 1770/38/4 1767/39/63 
f 1769/37/4 1771/40/65 1772/41/65 1770/38/4 
f 1771/40/65 1773/42/66 1774/43/66 1772/41/65 
f 1773/42/66 1775/44/67 1776/45/67 1774/43/66 
f 1775/44/67 1777/46/70 1778/47/70 1776/45/67 
f 1777/46/70 1779/48/69 1780/49/69 1778/47/70 
f 1779/48/69 1765/34/62 1768/35/62 1780/49/69 
f 1781/34/62 1782/32/63 1783/33/63 1784/35/62 
f 1782/36/63 1785/37/4 1786/38/4 1783/39/63 
f 1785/37/4 1787/40/65 1788/41/65 1786/38/4 
f 1787/40/65 1789/42/71 1790/43/71 1788/41/65 
f 1789/42/71 1791/44/67 1792/45/67 1790/43/71 
f 1791/44/67 1793/46/70 1794/47/70 1792/45/67 
f 1793/46/70 1795/48/69 1796/49/69 1794/47/70 
f 1795/48/69 1781/34/62 1784/35/62 1796/49/69 
f 1797/34/62 1798/32/63 1799/33/63 1800/35/62 
f 1798/36/63 1801/37/4 1802/38/4 1799/39/63 
f 1801/37/4 1803/40/65 1804/41/65 1802/38/4 
f 1803/40/65 1805/42/66 1806/43/66 1804/41/65 
f 1805/42/66 1807/44/67 1808/45/67 1806/43/66 
f 1807/44/67 1809/46/70 1810/47/70 1808/45/67 
f 1809/46/70 1811/48/69 1812/49/69 1810/47/70 
f 1811/48/69 1797/34/62 1800/35/62 1812/49/69 
f 1813/34/62 1814/32/63 1815/33/63 1816/35/62 
f 1814/36/63 1817/37/4 1818/38/4 1815/39/63 
f 1817/37/4 1819/40/65 1820/41/65 1818/38/4 
f 1819/40/65 1821/42/71 1822/43/71 1820/41/65 
f 1821/42/71 1823/44/67 1824/45/67 1822/43/71 
f 1823/44/67 1825/46/70 1826/47/70 1824/45/67 
f 1825/46/70 1827/48/69 1828/49/69 1826/47/70 
f 1827/48/69 1813/34/62 1816/35/62 1828/49/69 
f 1829/34/62 1830/32/63 1831/33/63 1832/35/62 
f 1830/36/63 1833/37/4 1834/38/4 1831/39/63 
f 1833/37/4 1835/40/65 1836/41/65 1834/38/4 
f 1835/40/65 1837/42/66 1838/43/66 1836/41/65 
f 1837/42/66 1839/44/67 1840/45/67 1838/43/66 
f 1839/44/67 1841/46/70 1842/47/70 1840/45/67 
f 1841/46/70 1843/48/69 1844/49/69 1842/47/70 
f 1843/48/69 1829/34/62 1832/35/62 1844/49/69 
f 1845/34/62 1846/32/63 1847/33/63 1848/35/62 
f 1846/36/63 1849/37/4 1850/38/4 1847/39/63 
f 1849/37/4 1851/40/65 1852/41/65 1850/38/4 
f 1851/40/65 1853/42/66 1854/43/66 1852/41/65 
f 1853/42/66 1855/44/67 1856/45/67 1854/43/66 
f 1855/44/67 1857/46/70 1858/47/70 1856/45/67 
f 1857/46/70 1859/48/69 1860/49/69 1858/47/70 
f 1859/48/69 1845/34/62 1848/35/62 1860/49/69 
f 1861/34/62 1862/32/63 1863/33/63 1864/35/62 
f 1862/36/63 1865/37/64 1866/38/64 1863/39/63 
f 1865/37/64 1867/40/65 1868/41/65 1866/38/64 
f 1867/40/65 1869/42/66 1870/43/66 1868/41/65 
f 1869/42/66 1871/44/67 1872/45/67 1870/43/66 
f 1871/44/67 1873/46/68 1874/47/68 1872/45/67 
f 1873/46/68 1875/48/69 1876/49/69 1874/47/68 
f 1875/48/69 1861/34/62 1864/35/62 1876/49/69 
f 1877/34/62 1878/32/63 1879/33/63 1880/35/62 
f 1878/36/63 1881/37/4 1882/38/4 1879/39/63 
f 1881/37/4 1883/40/65 1884/41/65 1882/38/4 
f 1883/40/65 1885/42/66 1886/43/66 1884/41/65 
f 1885/42/66 1887/44/67 1888/45/67 1886/43/66 
f 1887/44/67 1889/46/70 1890/47/70 1888/45/67 
f 1889/46/70 1891/48/69 1892/49/69 1890/47/70 
f 1891/48/69 1877/34/62 1880/35/62 1892/49/69 
f 1893/34/62 1894/32/63 1895/33/63 1896/35/62 
f 1894/36/63 1897/37/4 1898/38/4 1895/39/63 
f 1897/37/4 1899/40/65 1900/41/65 1898/38/4 
f 1899/40/65 1901/42/66 1902/43/66 1900/41/65 
f 1901/42/66 1903/44/67 1904/45/67 1902/43/66 
f 1903/44/67 1905/46/70 1906/47/70 1904/45/67 
f 1905/46/70 1907/48/69 1908/49/69 1906/47/70 
f 1907/48/69 1893/34/62 1896/35/62 1908/49/69 
f 1909/34/62 1910/32/63 1911/33/63 1912/35/62 
f 1910/36/63 1913/37/4 1914/38/4 1911/39/63 
f 1913/37/4 1915/40/65 1916/41/65 1914/38/4 
f 1915/40/65 1917/42/66 1918/43/66 1916/41/65 
f 1917/42/66 1919/44/67 1920/45/67 1918/43/66 
f 1919/44/67 1921/46/70 1922/47/70 1920/45/67 
f 1921/46/70 1923/48/69 1924/49/69 1922/47/70 
f 1923/48/69 1909/34/62 1912/35/62 1924/49/69 
f 1925/34/62 1926/32/63 1927/33/63 1928/35/62 
f 1926/36/63 1929/37/64 1930/38/64 1927/39/63 
f 1929/37/64 1931/40/65 1932/41/65 1930/38/64 
f 1931/40/65 1933/42/66 1934/43/66 1932/41/65 
f 1933/42/66 1935/44/67 1936/45/67 1934/43/66 
f 1935/44/67 1937/46/68 1938/47/68 1936/45/67 
f 1937/46/68 1939/48/69 1940/49/69 1938/47/68 
f 1939/48/69 1925/34/62 1928/35/62 1940/49/69 
f 1941/34/62 1942/32/63 1943/33/63 1944/35/62 
f 1942/36/63 1945/37/4 1946/38/4 1943/39/63 
f 1945/37/4 1947/40/65 1948/41/65 1946/38/4 
f 1947/40/65 1949/42/66 1950/43/66 1948/41/65 
f 1949/42/66 1951/44/67 1952/45/67 1950/43/66 
f 1951/44/67 1953/46/70 1954/47/70 1952/45/67 
f 1953/46/70 1955/48/69 1956/49/69 1954/47/70 
f 1955/48/69 1941/34/62 1944/35/62 1956/49/69 
f 1957/34/62 1958/32/63 1959/33/63 1960/35/62 
f 1958/36/63 1961/37/64 1962/38/64 1959/39/63 
f 1961/37/64 1963/40/65 1964/41/65 1962/38/64 
f 1963/40/65 1965/42/66 1966/43/66 1964/41/65 
f 1965/42/66 1967/44/67 1968/45/67 1966/43/66 
f 1967/44/67 1969/46/68 1970/47/68 1968/45/67 
f 1969/46/68 1971/48/69 1972/49/69 1970/47/68 
f 1971/48/69 1957/34/62 1960/35/62 1972/49/69 
f 1973/34/62 1974/32/63 1975/33/63 1976/35/62 
f 1974/36/63 1977/37/4 1978/38/4 1975/39/63 
f 1977/37/4 1979/40/65 1980/41/65 1978/38/4 
f 1979/40/65 1981/42/66 1982/43/66 1980/41/65 
f 1981/42/66 1983/44/67 1984/45/67 1982/43/66 
f 1983/44/67 1985/46/70 1986/47/70 1984/45/67 
f 1985/46/70 1987/48/69 1988/49/69 1986/47/70 
f 1987/48/69 1973/34/62 1976/35/62 1988/49/69 
s 1
f 1989/50/63 1990/33/63 1991/35/62 1992/51/62 
s 2
f 1993/52/4 1994/38/4 1990/39/63 1989/53/63 
s 1
f 1995/54/65 1996/41/65 1994/38/4 1993/52/4 
s 2
f 1997/55/66 1998/43/66 1996/41/65 1995/54/65 
s 1
f 1999/56/67 2000/45/67 1998/43/66 1997/55/66 
s 2
f 2001/57/70 2002/47/70 2000/45/67 1999/56/67 
s 1
f 2003/58/69 2004/49/69 2002/47/70 2001/57/70 
s 2
f 1992/51/62 1991/35/62 2004/49/69 2003/58/69 
s 1
f 2005/50/63 2006/33/63 2007/35/62 2008/51/62 
s 2
f 2009/52/64 2010/38/64 2006/39/63 2005/53/63 
s 1
f 2011/54/65 2012/41/65 2010/38/64 2009/52/64 
s 2
f 2013/55/66 2014/43/66 2012/41/65 2011/54/65 
s 1
f 2015/56/67 2016/45/67 2014/43/66 2013/55/66 
s 2
f 2017/57/68 2018/47/68 2016/45/67 2015/56/67 
s 1
f 2019/58/69 2020/49/69 2018/47/68 2017/57/68 
s 2
f 2008/51/62 2007/35/62 2020/49/69 2019/58/69 
s 1
f 2021/50/63 2022/33/63 2023/35/62 2024/51/62 
s 2
f 2025/52/4 2026/38/4 2022/39/63 2021/53/63 
s 1
f 2027/54/65 2028/41/65 2026/38/4 2025/52/4 
s 2
f 2029/55/66 2030/43/66 2028/41/65 2027/54/65 
s 1
f 2031/56/67 2032/45/67 2030/43/66 2029/55/66 
s 2
f 2033/57/70 2034/47/70 2032/45/67 2031/56/67 
s 1
f 2035/58/69 2036/49/69 2034/47/70 2033/57/70 
s 2
f 2024/51/62 2023/35/62 2036/49/69 2035/58/69 
s 1
f 2037/50/63 2038/33/63 2039/35/62 2040/51/62 
s 2
f 2041/52/64 2042/38/64 2038/39/63 2037/53/63 
s 1
f 2043/54/65 2044/41/65 2042/38/64 2041/52/64 
s 2
f 2045/55/66 2046/43/66 2044/41/65 2043/54/65 
s 1
f 2047/56/67 2048/45/67 2046/43/66 2045/55/66 
s 2
f 2049/57/68 2050/47/68 2048/45/67 2047/56/67 
s 1
f 2051/58/69 2052/49/69 2050/47/68 2049/57/68 
s 2
f 2040/51/62 2039/35/62 2052/49/69 2051/58/69 
s 1
f 2053/50/63 2054/33/63 2055/35/62 2056/51/62 
s 2
f 2057/52/4 2058/38/4 2054/39/63 2053/53/63 
s 1
f 2059/54/65 2060/41/65 2058/38/4 2057/52/4 
s 2
f 2061/55/66 2062/43/66 2060/41/65 2059/54/65 
s 1
f 2063/56/67 2064/45/67 2062/43/66 2061/55/66 
s 2
f 2065/57/70 2066/47/70 2064/45/67 2063/56/67 
s 1
f 2067/58/69 2068/49/69 2066/47/70 2065/57/70 
s 2
f 2056/51/62 2055/35/62 2068/49/69 2067/58/69 
s 1
f 2069/40/65 2070/44/67 2071/45/67 2072/41/65 
s 2
f 2070/44/67 2073/59/69 2074/60/69 2071/45/67 
s 1
f 2075/32/63 2076/33/63 2077/49/69 2078/48/69 
s 2
f 2075/36/63 2079/61/65 2080/62/65 2076/39/63 
f 2081/63/63 2069/40/65 2072/41/65 2082/64/63 
f 2083/65/67 2078/48/69 2077/49/69 2084/66/67 
s off
f 2083/65/67 2084/66/67 2080/62/65 2079/61/65 
f 2081/63/63 2082/64/63 2074/60/69 2073/59/69 
s 1
f 2085/16/52 2086/67/72 2087/68/73 2088/19/53 
f 2089/20/54 2090/21/74 2091/69/75 2092/70/76 
f 2093/24/57 2094/25/58 2095/71/77 2096/72/78 
f 2097/28/59 2098/29/60 2099/73/79 2100/74/80 
s 2
f 2101/17/52 2102/75/81 2103/76/82 2104/33/54 
f 2105/22/74 2106/77/83 2107/78/84 2108/27/85 
f 2109/26/86 2110/79/87 2111/80/88 2112/31/89 
f 2113/30/60 2114/81/90 2115/82/91 2116/18/92 
s 1
f 2102/75/81 2101/17/52 2116/18/92 2115/82/91 
f 2106/77/83 2105/22/74 2104/23/54 2103/83/82 
f 2110/79/87 2109/26/86 2108/27/85 2107/78/84 
f 2114/81/90 2113/30/60 2112/31/89 2111/80/88 
s 2
f 2086/67/72 2085/16/52 2089/32/54 2092/84/76 
f 2091/69/75 2090/21/74 2093/24/57 2096/72/78 
f 2095/71/77 2094/25/58 2097/28/59 2100/74/80 
f 2099/73/79 2098/29/60 2088/19/53 2087/68/73 
s off
f 2102/75/81 2115/82/91 2117/85/93 2118/86/94 
f 2106/77/83 2103/83/82 2118/83/94 2119/87/95 
f 2110/79/87 2107/78/84 2119/87/95 2120/88/96 
f 2114/81/90 2111/80/88 2120/88/96 2117/85/93 
f 2103/76/82 2102/75/81 2118/86/94 
f 2107/78/84 2106/77/83 2119/87/95 
f 2111/80/88 2110/79/87 2120/88/96 
f 2115/82/91 2114/81/90 2117/85/93 
f 2087/68/73 2086/67/72 2121/89/97 2122/90/98 
f 2092/70/76 2091/69/75 2123/91/99 2121/70/97 
f 2096/72/78 2095/71/77 2124/92/100 2123/91/99 
f 2100/74/80 2099/73/79 2122/90/98 2124/92/100 
f 2086/67/72 2092/84/76 2121/89/97 
f 2091/69/75 2096/72/78 2123/91/99 
f 2095/71/77 2100/74/80 2124/92/100 
f 2099/73/79 2087/68/73 2122/90/98 
s 4
f 2117/85/93 2120/88/96 2119/87/95 2118/83/94 
s 16
f 2121/89/97 2123/91/99 2124/92/100 2122/90/98 
s 1
f 2125/16/52 2126/17/52 2127/18/53 2128/19/53 
f 2129/20/54 2130/21/55 2131/22/55 2132/23/54 
f 2133/24/85 2134/25/86 2135/26/86 2136/27/85 
f 2137/28/59 2138/29/60 2139/30/60 2140/31/59 
s 2
f 2126/17/52 2125/16/52 2129/32/54 2132/33/54 
f 2131/22/55 2130/21/55 2133/24/85 2136/27/85 
f 2135/26/86 2134/25/86 2137/28/59 2140/31/59 
f 2139/30/60 2138/29/60 2128/19/53 2127/18/53 
s 1
f 2141/16/52 2142/93/101 2143/94/102 2144/19/53 
f 2145/20/54 2146/21/55 2147/95/103 2148/96/104 
f 2149/24/57 2150/25/58 2151/97/105 2152/98/106 
f 2153/28/59 2154/29/60 2155/99/107 2156/100/108 
s 2
f 2157/17/52 2158/101/109 2159/102/110 2160/33/54 
f 2161/22/74 2162/103/111 2163/104/112 2164/27/85 
f 2165/26/86 2166/105/113 2167/106/114 2168/31/89 
f 2169/30/60 2170/107/115 2171/108/116 2172/18/53 
s 1
f 2173/16/52 2174/109/117 2175/110/118 2176/19/53 
f 2177/20/119 2178/21/74 2179/111/120 2180/112/121 
f 2181/24/85 2182/25/86 2183/113/122 2184/114/123 
f 2185/28/89 2186/29/124 2187/115/125 2188/116/126 
s 2
f 2189/17/52 2190/117/127 2191/118/128 2192/33/54 
f 2193/22/74 2194/119/129 2195/120/130 2196/27/85 
f 2197/26/86 2198/121/131 2199/122/132 2200/31/89 
f 2201/30/60 2202/123/133 2203/124/134 2204/18/53 
s 1
f 2190/117/127 2189/17/52 2204/18/53 2203/124/134 
f 2194/119/129 2193/22/74 2192/23/54 2191/125/128 
f 2198/121/131 2197/26/86 2196/27/85 2195/120/130 
f 2202/123/133 2201/30/60 2200/31/89 2199/122/132 
f 2158/101/109 2157/17/52 2172/18/53 2171/108/116 
f 2162/103/111 2161/22/74 2160/23/54 2159/126/110 
f 2166/105/113 2165/26/86 2164/27/85 2163/104/112 
f 2170/107/115 2169/30/60 2168/31/89 2167/106/114 
s 2
f 2174/109/117 2173/16/52 2177/32/119 2180/127/121 
f 2179/111/120 2178/21/74 2181/24/85 2184/114/123 
f 2183/113/122 2182/25/86 2185/28/89 2188/116/126 
f 2187/115/125 2186/29/124 2176/19/53 2175/110/118 
f 2142/93/101 2141/16/52 2145/32/54 2148/128/104 
f 2147/95/103 2146/21/55 2149/24/57 2152/98/106 
f 2151/97/105 2150/25/58 2153/28/59 2156/100/108 
f 2155/99/107 2154/29/60 2144/19/53 2143/94/102 
s off
f 2190/117/127 2203/124/134 2205/129/135 2206/130/136 
f 2194/119/129 2191/125/128 2206/125/136 2207/131/137 
f 2198/121/131 2195/120/130 2207/131/137 2208/132/138 
f 2202/123/133 2199/122/132 2208/132/138 2205/129/135 
f 2191/118/128 2190/117/127 2206/130/136 
f 2195/120/130 2194/119/129 2207/131/137 
f 2199/122/132 2198/121/131 2208/132/138 
f 2203/124/134 2202/123/133 2205/129/135 
f 2159/102/110 2158/101/109 2209/133/139 
f 2163/104/112 2162/103/111 2210/134/140 
f 2167/106/114 2166/105/113 2211/135/141 
f 2171/108/116 2170/107/115 2212/136/142 
f 2158/101/109 2171/108/116 2212/136/142 2209/133/139 
f 2162/103/111 2159/126/110 2209/126/139 2210/134/140 
f 2166/105/113 2163/104/112 2210/134/140 2211/135/141 
f 2170/107/115 2167/106/114 2211/135/141 2212/136/142 
f 2175/110/118 2174/109/117 2213/137/143 2214/138/144 
f 2180/112/121 2179/111/120 2215/139/145 2213/112/143 
f 2184/114/123 2183/113/122 2216/140/146 2215/139/145 
f 2188/116/126 2187/115/125 2214/138/144 2216/140/146 
f 2174/109/117 2180/127/121 2213/137/143 
f 2179/111/120 2184/114/123 2215/139/145 
f 2183/113/122 2188/116/126 2216/140/146 
f 2187/115/125 2175/110/118 2214/138/144 
f 2143/94/102 2142/93/101 2217/141/147 2218/142/148 
f 2148/96/104 2147/95/103 2219/143/149 2217/96/147 
f 2152/98/106 2151/97/105 2220/144/150 2219/143/149 
f 2156/100/108 2155/99/107 2218/142/148 2220/144/150 
f 2142/93/101 2148/128/104 2217/141/147 
f 2147/95/103 2152/98/106 2219/143/149 
f 2151/97/105 2156/100/108 2220/144/150 
f 2155/99/107 2143/94/102 2218/142/148 
s 32
f 2205/129/135 2208/132/138 2207/131/137 2206/125/136 
f 2212/136/142 2211/135/141 2210/134/140 2209/126/139 
f 2213/137/143 2215/139/145 2216/140/146 2214/138/144 
f 2217/141/147 2219/143/149 2220/144/150 2218/142/148 
f 2221/3/165 67/4/31 51/1/37 2222/2/166 
s 2
f 2223/3/167 2224/3/168 2225/2/169 2226/2/170 
s 4
f 55/2/41 54/2/40 29/3/22 32/3/25 
s 8
f 2226/2/170 2225/2/169 37/3/28 40/3/30 
s 32
f 61/2/46 49/1/37 41/4/31 44/3/33 
s 2
f 2227/8/3 50/9/4 4/4/4 3/3/3 
f 2228/8/167 2229/8/168 2224/3/168 2223/3/167 
s 4
f 2230/8/14 58/7/44 18/6/15 17/3/14 
s 32
f 2231/8/171 68/9/31 67/4/31 2221/3/165 
s 8
f 2232/8/16 48/7/9 20/6/9 19/3/16 
s 32
f 2233/8/32 2234/8/19 23/3/19 22/3/18 
f 60/10/45 59/13/42 68/9/31 2231/8/171 
s 8
f 16/10/13 15/14/5 48/7/9 2232/8/16 
s 32
f 2235/10/172 2236/10/173 2234/8/19 2233/8/32 
s 2
f 2222/10/166 51/13/37 50/9/4 2227/8/3 
f 21/10/17 24/10/20 2229/8/168 2228/8/167 
s 4
f 57/10/43 56/14/42 58/7/44 2230/8/14 
s 32
f 2237/3/19 623/4/31 607/1/37 2238/2/166 
s 2
f 2239/3/167 2240/3/168 2241/2/169 2242/2/170 
s 4
f 611/2/41 610/2/40 585/3/22 588/3/25 
s 8
f 2242/2/170 2241/2/169 593/3/28 596/3/30 
s 32
f 617/2/46 605/1/37 597/4/31 600/3/33 
s 2
f 2243/8/3 606/9/4 560/4/4 559/3/3 
f 2244/8/167 2245/8/168 2240/3/168 2239/3/167 
s 4
f 2246/8/14 614/7/44 574/6/15 573/3/14 
s 32
f 2247/8/171 624/9/31 623/4/31 2237/3/19 
s 8
f 2248/8/16 604/7/9 576/6/9 575/3/16 
s 32
f 2249/8/32 2250/8/19 579/3/19 578/3/18 
f 616/10/45 615/13/42 624/9/31 2247/8/171 
s 8
f 572/10/13 571/14/5 604/7/9 2248/8/16 
s 32
f 2251/10/172 2252/10/173 2250/8/19 2249/8/32 
s 2
f 2238/10/166 607/13/37 606/9/4 2243/8/3 
f 577/10/17 580/10/20 2245/8/168 2244/8/167 
s 4
f 613/10/43 612/14/42 614/7/44 2246/8/14 
s 2
f 2253/3/167 2254/3/174 2255/2/169 2256/2/170 
s 4
f 1179/2/41 1178/2/40 1150/3/22 1153/3/25 
s 8
f 2256/2/170 2255/2/169 1160/3/28 1163/3/158 
s 32
f 1183/2/46 1173/1/37 1164/4/31 1167/3/33 
s 2
f 2257/8/167 2258/8/174 2254/3/174 2253/3/167 
s 4
f 2259/8/14 1182/7/44 1135/6/15 1134/3/14 
s 8
f 2260/8/175 1172/7/9 1137/6/9 1136/3/157 
s 32
f 2261/8/32 2262/8/19 1140/3/19 1139/3/18 
s 8
f 1133/10/13 1132/14/5 1172/7/9 2260/8/175 
s 32
f 2263/10/172 2264/10/173 2262/8/19 2261/8/32 
s 2
f 1138/10/17 1141/10/20 2258/8/174 2257/8/167 
s 4
f 1181/10/43 1180/14/42 1182/7/44 2259/8/14 
s 32
f 2265/3/19 1731/4/31 1723/1/37 2266/2/166 
s 2
f 2267/8/3 1722/9/4 1680/4/4 1679/3/3 
s 32
f 2268/8/171 1732/9/31 1731/4/31 2265/3/19 
f 1729/10/45 1728/13/42 1732/9/31 2268/8/171 
s 2
f 2266/10/166 1723/13/37 1722/9/4 2267/8/3 
s off
f 14/2/12 13/3/11 2223/3/167 2226/2/170 
f 13/3/11 28/8/11 2228/8/167 2223/3/167 
f 28/8/11 61/10/46 21/10/17 2228/8/167 
f 61/2/46 44/3/33 22/3/18 21/2/17 
f 44/3/33 43/8/32 2233/8/32 22/3/18 
f 43/8/32 57/10/43 2235/10/172 2233/8/32 
f 57/10/43 2230/8/14 31/8/24 2235/10/172 
f 2230/8/14 17/3/14 32/3/25 31/8/24 
f 17/3/14 16/2/13 55/2/41 32/3/25 
f 16/10/13 2232/8/16 39/8/29 55/10/41 
f 2232/8/16 19/3/16 40/3/30 39/8/29 
f 19/3/16 14/2/12 2226/2/170 40/3/30 
f 1679/3/3 1678/2/2 2225/2/169 2224/3/168 
f 1678/2/2 1686/3/28 37/3/28 2225/2/169 
f 1686/3/28 1712/8/28 38/8/28 37/3/28 
f 1712/8/28 1684/10/8 54/10/40 38/8/28 
f 1684/2/8 1683/3/7 29/3/22 54/2/40 
f 1683/3/7 1703/8/7 30/8/23 29/3/22 
f 1703/8/7 1729/10/45 2236/10/173 30/8/23 
f 1729/10/45 2268/8/171 2234/8/19 2236/10/173 
f 2268/8/171 2265/3/19 23/3/19 2234/8/19 
f 2265/3/19 2266/2/166 24/2/20 23/3/19 
f 2266/10/166 2267/8/3 2229/8/168 24/10/20 
f 2267/8/3 1679/3/3 2224/3/168 2229/8/168 
f 3/3/3 2/2/2 2241/2/169 2240/3/168 
f 2/2/2 10/3/10 593/3/28 2241/2/169 
f 10/3/10 36/8/10 594/8/10 593/3/28 
f 36/8/10 8/10/8 610/10/40 594/8/10 
f 8/2/8 7/3/7 585/3/22 610/2/40 
f 7/3/7 26/8/7 586/8/23 585/3/22 
f 26/8/7 60/10/45 2252/10/173 586/8/23 
f 60/10/45 2231/8/171 2250/8/19 2252/10/173 
f 2231/8/171 2221/3/165 579/3/19 2250/8/19 
f 2221/3/165 2222/2/166 580/2/20 579/3/19 
f 2222/10/166 2227/8/3 2245/8/168 580/10/20 
f 2227/8/3 3/3/3 2240/3/168 2245/8/168 
f 570/2/12 569/3/11 2239/3/167 2242/2/170 
f 569/3/11 584/8/11 2244/8/167 2239/3/167 
f 584/8/11 617/10/46 577/10/17 2244/8/167 
f 617/2/46 600/3/33 578/3/18 577/2/17 
f 600/3/33 599/8/32 2249/8/32 578/3/18 
f 599/8/32 613/10/43 2251/10/172 2249/8/32 
f 613/10/43 2246/8/14 587/8/24 2251/10/172 
f 2246/8/14 573/3/14 588/3/25 587/8/24 
f 573/3/14 572/2/13 611/2/41 588/3/25 
f 572/10/13 2248/8/16 595/8/29 611/10/41 
f 2248/8/16 575/3/16 596/3/30 595/8/29 
f 575/3/16 570/2/12 2242/2/170 596/3/30 
f 559/3/3 558/2/2 2255/2/169 2254/3/174 
f 558/2/2 566/3/28 1160/3/28 2255/2/169 
f 566/3/28 592/8/28 1161/8/28 1160/3/28 
f 592/8/28 564/10/8 1178/10/40 1161/8/28 
f 564/2/8 563/3/7 1150/3/22 1178/2/40 
f 563/3/7 582/8/7 1151/8/23 1150/3/22 
f 582/8/7 616/10/45 2264/10/173 1151/8/23 
f 616/10/45 2247/8/171 2262/8/19 2264/10/173 
f 2247/8/171 2237/3/19 1140/3/19 2262/8/19 
f 2237/3/19 2238/2/166 1141/2/20 1140/3/19 
f 2238/10/166 2243/8/3 2258/8/174 1141/10/20 
f 2243/8/3 559/3/3 2254/3/174 2258/8/174 
f 1131/2/12 1130/3/11 2253/3/167 2256/2/170 
f 1130/3/11 1149/8/11 2257/8/167 2253/3/167 
f 1149/8/11 1183/10/46 1138/10/17 2257/8/167 
f 1183/2/46 1167/3/33 1139/3/18 1138/2/17 
f 1167/3/33 1166/8/18 2261/8/32 1139/3/18 
f 1166/8/18 1181/10/43 2263/10/172 2261/8/32 
f 1181/10/43 2259/8/14 1152/8/24 2263/10/172 
f 2259/8/14 1134/3/14 1153/3/25 1152/8/24 
f 1134/3/14 1133/2/13 1179/2/41 1153/3/25 
f 1133/10/13 2260/8/175 1162/8/30 1179/10/41 
f 2260/8/175 1136/3/157 1163/3/158 1162/8/30 
f 1136/3/157 1131/2/12 2256/2/170 1163/3/158 
s 32
f 2236/10/173 2235/10/172 64/10/49 63/10/48 
s off
f 2235/10/172 31/8/24 65/8/50 64/10/49 
f 31/8/24 30/8/23 62/8/47 65/8/50 
f 30/8/23 2236/10/173 63/10/48 62/8/47 
s 32
f 2252/10/173 2251/10/172 620/10/49 619/10/48 
s off
f 2251/10/172 587/8/24 621/8/50 620/10/49 
f 587/8/24 586/8/23 618/8/47 621/8/50 
f 586/8/23 2252/10/173 619/10/48 618/8/47 
s 32
f 2264/10/173 2263/10/172 1186/10/49 1185/10/48 
s off
f 2263/10/172 1152/8/24 1187/8/50 1186/10/49 
f 1152/8/24 1151/8/23 1184/8/47 1187/8/50 
f 1151/8/23 2264/10/173 1185/10/48 1184/8/47 
s 2
f 2269/1/1 2270/2/2 2271/3/3 2272/4/4 
s 4
f 2273/5/5 2274/6/6 2275/3/7 2276/2/8 
s 8
f 2269/5/1 2277/6/9 2278/3/10 2270/2/2 
s 2
f 2279/1/1 2280/4/4 2281/3/11 2282/2/12 
s 4
f 2283/5/5 2284/2/13 2285/3/14 2286/6/15 
s 8
f 2279/5/1 2282/2/12 2287/3/16 2288/6/9 
s 32
f 2289/2/17 2290/3/18 2291/3/19 2292/2/20 
s 4
f 2274/6/6 2293/7/21 2294/8/7 2275/3/7 
s 2
f 2280/4/4 2295/9/4 2296/8/11 2281/3/11 
s 4
f 2297/3/22 2298/8/23 2299/8/24 2300/3/25 
s 16
f 2279/5/1 2288/6/9 2277/6/9 2269/5/1 
s 1
f 2283/5/5 2286/6/15 2274/6/6 2273/5/5 
s 16
f 2286/10/15 2301/8/26 2302/8/27 2274/10/6 
s 8
f 2277/6/9 2303/7/9 2304/8/10 2278/3/10 
f 2305/3/28 2306/8/28 2307/8/29 2308/3/30 
s 32
f 2309/4/176 2310/9/31 2311/8/32 2312/3/33 
s 64
f 2313/3/34 2301/8/26 2314/11/35 2315/12/36 
s 16
f 2288/6/9 2316/7/9 2303/7/9 2277/6/9 
s 4
f 2317/13/37 2295/9/4 2318/9/4 2319/13/37 
f 2313/3/34 2315/12/36 2320/12/38 2321/3/39 
s off
f 2279/1/1 2269/1/1 2272/4/4 2280/4/4 
s 16
f 2301/8/26 2313/3/34 2321/3/39 2302/8/27 
s 8
f 2303/7/9 2273/14/5 2276/10/8 2304/8/10 
f 2306/8/28 2322/10/40 2323/10/41 2307/8/29 
s 32
f 2310/9/31 2324/13/42 2325/10/43 2311/8/32 
s 64
f 2301/8/26 2286/10/15 2326/15/44 2314/11/35 
s 16
f 2316/7/9 2283/14/5 2273/14/5 2303/7/9 
s 4
f 2293/7/21 2327/14/42 2328/10/45 2294/8/7 
s 2
f 2295/9/4 2317/13/37 2329/10/177 2296/8/11 
s 4
f 2330/8/47 2331/10/48 2332/10/49 2333/8/50 
s 64
f 2334/11/51 2302/8/27 2321/3/39 2320/12/38 
s 4
f 2295/9/4 2280/4/4 2272/4/4 2318/9/4 
s 64
f 2293/15/21 2274/10/6 2302/8/27 2334/11/51 
s 2
f 2315/12/36 2314/11/35 2334/11/51 2320/12/38 
s off
f 2335/4/176 2336/9/31 2310/7/31 2309/4/176 
f 2317/1/37 2319/13/37 2335/4/176 2309/4/176 
f 2324/14/42 2310/9/31 2336/9/31 2327/13/42 
f 2327/13/42 2293/7/21 2326/7/44 2324/14/42 
f 2314/11/35 2326/7/44 2293/7/21 2334/11/51 
s 1
f 2337/16/52 2338/17/52 2339/18/53 2340/19/53 
f 2341/20/54 2342/21/178 2343/22/55 2344/23/54 
f 2345/24/85 2346/25/86 2347/26/86 2348/27/85 
f 2349/28/179 2350/29/60 2351/30/60 2352/31/59 
s 2
f 2338/17/52 2337/16/52 2341/32/54 2344/33/54 
f 2343/22/55 2342/21/178 2345/24/85 2348/27/85 
f 2347/26/86 2346/25/86 2349/28/179 2352/31/59 
f 2351/30/60 2350/29/60 2340/19/53 2339/18/53 
s 8
f 2353/34/62 2354/32/63 2355/33/63 2356/35/62 
f 2354/36/63 2357/37/64 2358/38/64 2355/39/63 
f 2357/37/64 2359/40/65 2360/41/65 2358/38/64 
f 2359/40/65 2361/42/66 2362/43/66 2360/41/65 
f 2361/42/66 2363/44/67 2364/45/67 2362/43/66 
f 2363/44/67 2365/46/68 2366/47/68 2364/45/67 
f 2365/46/68 2367/48/69 2368/49/69 2366/47/68 
f 2367/48/69 2353/34/62 2356/35/62 2368/49/69 
f 2369/34/62 2370/32/63 2371/33/63 2372/35/62 
f 2370/36/63 2373/37/4 2374/38/4 2371/39/63 
f 2373/37/4 2375/40/65 2376/41/65 2374/38/4 
f 2375/40/65 2377/42/66 2378/43/66 2376/41/65 
f 2377/42/66 2379/44/67 2380/45/67 2378/43/66 
f 2379/44/67 2381/46/70 2382/47/70 2380/45/67 
f 2381/46/70 2383/48/69 2384/49/69 2382/47/70 
f 2383/48/69 2369/34/62 2372/35/62 2384/49/69 
f 2385/34/62 2386/32/63 2387/33/63 2388/35/62 
f 2386/36/63 2389/37/4 2390/38/4 2387/39/63 
f 2389/37/4 2391/40/65 2392/41/65 2390/38/4 
f 2391/40/65 2393/42/71 2394/43/71 2392/41/65 
f 2393/42/71 2395/44/67 2396/45/67 2394/43/71 
f 2395/44/67 2397/46/70 2398/47/70 2396/45/67 
f 2397/46/70 2399/48/69 2400/49/69 2398/47/70 
f 2399/48/69 2385/34/62 2388/35/62 2400/49/69 
f 2401/34/62 2402/32/63 2403/33/63 2404/35/62 
f 2402/36/63 2405/37/4 2406/38/4 2403/39/63 
f 2405/37/4 2407/40/65 2408/41/65 2406/38/4 
f 2407/40/65 2409/42/66 2410/43/66 2408/41/65 
f 2409/42/66 2411/44/67 2412/45/67 2410/43/66 
f 2411/44/67 2413/46/70 2414/47/70 2412/45/67 
f 2413/46/70 2415/48/69 2416/49/69 2414/47/70 
f 2415/48/69 2401/34/62 2404/35/62 2416/49/69 
f 2417/34/62 2418/32/63 2419/33/63 2420/35/62 
f 2418/36/63 2421/37/4 2422/38/4 2419/39/63 
f 2421/37/4 2423/40/65 2424/41/65 2422/38/4 
f 2423/40/65 2425/42/71 2426/43/71 2424/41/65 
f 2425/42/71 2427/44/67 2428/45/67 2426/43/71 
f 2427/44/67 2429/46/70 2430/47/70 2428/45/67 
f 2429/46/70 2431/48/69 2432/49/69 2430/47/70 
f 2431/48/69 2417/34/62 2420/35/62 2432/49/69 
f 2433/34/62 2434/32/63 2435/33/63 2436/35/62 
f 2434/36/63 2437/37/4 2438/38/4 2435/39/63 
f 2437/37/4 2439/40/65 2440/41/65 2438/38/4 
f 2439/40/65 2441/42/66 2442/43/66 2440/41/65 
f 2441/42/66 2443/44/67 2444/45/67 2442/43/66 
f 2443/44/67 2445/46/70 2446/47/70 2444/45/67 
f 2445/46/70 2447/48/69 2448/49/69 2446/47/70 
f 2447/48/69 2433/34/62 2436/35/62 2448/49/69 
f 2449/34/62 2450/32/63 2451/33/63 2452/35/62 
f 2450/36/63 2453/37/4 2454/38/4 2451/39/63 
f 2453/37/4 2455/40/65 2456/41/65 2454/38/4 
f 2455/40/65 2457/42/66 2458/43/66 2456/41/65 
f 2457/42/66 2459/44/67 2460/45/67 2458/43/66 
f 2459/44/67 2461/46/70 2462/47/70 2460/45/67 
f 2461/46/70 2463/48/69 2464/49/69 2462/47/70 
f 2463/48/69 2449/34/62 2452/35/62 2464/49/69 
f 2465/34/62 2466/32/63 2467/33/63 2468/35/62 
f 2466/36/63 2469/37/64 2470/38/64 2467/39/63 
f 2469/37/64 2471/40/65 2472/41/65 2470/38/64 
f 2471/40/65 2473/42/66 2474/43/66 2472/41/65 
f 2473/42/66 2475/44/67 2476/45/67 2474/43/66 
f 2475/44/67 2477/46/68 2478/47/68 2476/45/67 
f 2477/46/68 2479/48/69 2480/49/69 2478/47/68 
f 2479/48/69 2465/34/62 2468/35/62 2480/49/69 
f 2481/34/62 2482/32/63 2483/33/63 2484/35/62 
f 2482/36/63 2485/37/4 2486/38/4 2483/39/63 
f 2485/37/4 2487/40/65 2488/41/65 2486/38/4 
f 2487/40/65 2489/42/66 2490/43/66 2488/41/65 
f 2489/42/66 2491/44/67 2492/45/67 2490/43/66 
f 2491/44/67 2493/46/70 2494/47/70 2492/45/67 
f 2493/46/70 2495/48/69 2496/49/69 2494/47/70 
f 2495/48/69 2481/34/62 2484/35/62 2496/49/69 
f 2497/34/62 2498/32/63 2499/33/63 2500/35/62 
f 2498/36/63 2501/37/4 2502/38/4 2499/39/63 
f 2501/37/4 2503/40/65 2504/41/65 2502/38/4 
f 2503/40/65 2505/42/66 2506/43/66 2504/41/65 
f 2505/42/66 2507/44/67 2508/45/67 2506/43/66 
f 2507/44/67 2509/46/70 2510/47/70 2508/45/67 
f 2509/46/70 2511/48/69 2512/49/69 2510/47/70 
f 2511/48/69 2497/34/62 2500/35/62 2512/49/69 
f 2513/34/62 2514/32/63 2515/33/63 2516/35/62 
f 2514/36/63 2517/37/4 2518/38/4 2515/39/63 
f 2517/37/4 2519/40/65 2520/41/65 2518/38/4 
f 2519/40/65 2521/42/66 2522/43/66 2520/41/65 
f 2521/42/66 2523/44/67 2524/45/67 2522/43/66 
f 2523/44/67 2525/46/70 2526/47/70 2524/45/67 
f 2525/46/70 2527/48/69 2528/49/69 2526/47/70 
f 2527/48/69 2513/34/62 2516/35/62 2528/49/69 
f 2529/34/62 2530/32/63 2531/33/63 2532/35/62 
f 2530/36/63 2533/37/64 2534/38/64 2531/39/63 
f 2533/37/64 2535/40/65 2536/41/65 2534/38/64 
f 2535/40/65 2537/42/66 2538/43/66 2536/41/65 
f 2537/42/66 2539/44/67 2540/45/67 2538/43/66 
f 2539/44/67 2541/46/68 2542/47/68 2540/45/67 
f 2541/46/68 2543/48/69 2544/49/69 2542/47/68 
f 2543/48/69 2529/34/62 2532/35/62 2544/49/69 
f 2545/34/62 2546/32/63 2547/33/63 2548/35/62 
f 2546/36/63 2549/37/4 2550/38/4 2547/39/63 
f 2549/37/4 2551/40/65 2552/41/65 2550/38/4 
f 2551/40/65 2553/42/66 2554/43/66 2552/41/65 
f 2553/42/66 2555/44/67 2556/45/67 2554/43/66 
f 2555/44/67 2557/46/70 2558/47/70 2556/45/67 
f 2557/46/70 2559/48/69 2560/49/69 2558/47/70 
f 2559/48/69 2545/34/62 2548/35/62 2560/49/69 
f 2561/34/62 2562/32/63 2563/33/63 2564/35/62 
f 2562/36/63 2565/37/64 2566/38/64 2563/39/63 
f 2565/37/64 2567/40/65 2568/41/65 2566/38/64 
f 2567/40/65 2569/42/66 2570/43/66 2568/41/65 
f 2569/42/66 2571/44/67 2572/45/67 2570/43/66 
f 2571/44/67 2573/46/68 2574/47/68 2572/45/67 
f 2573/46/68 2575/48/69 2576/49/69 2574/47/68 
f 2575/48/69 2561/34/62 2564/35/62 2576/49/69 
f 2577/34/62 2578/32/63 2579/33/63 2580/35/62 
f 2578/36/63 2581/37/4 2582/38/4 2579/39/63 
f 2581/37/4 2583/40/65 2584/41/65 2582/38/4 
f 2583/40/65 2585/42/66 2586/43/66 2584/41/65 
f 2585/42/66 2587/44/67 2588/45/67 2586/43/66 
f 2587/44/67 2589/46/70 2590/47/70 2588/45/67 
f 2589/46/70 2591/48/69 2592/49/69 2590/47/70 
f 2591/48/69 2577/34/62 2580/35/62 2592/49/69 
s 1
f 2593/50/63 2594/33/63 2595/35/62 2596/51/62 
s 2
f 2597/52/4 2598/38/4 2594/39/63 2593/53/63 
s 1
f 2599/54/65 2600/41/65 2598/38/4 2597/52/4 
s 2
f 2601/55/66 2602/43/66 2600/41/65 2599/54/65 
s 1
f 2603/56/67 2604/45/67 2602/43/66 2601/55/66 
s 2
f 2605/57/70 2606/47/70 2604/45/67 2603/56/67 
s 1
f 2607/58/69 2608/49/69 2606/47/70 2605/57/70 
s 2
f 2596/51/62 2595/35/62 2608/49/69 2607/58/69 
s 1
f 2609/50/63 2610/33/63 2611/35/62 2612/51/62 
s 2
f 2613/52/64 2614/38/64 2610/39/63 2609/53/63 
s 1
f 2615/54/65 2616/41/65 2614/38/64 2613/52/64 
s 2
f 2617/55/66 2618/43/66 2616/41/65 2615/54/65 
s 1
f 2619/56/67 2620/45/67 2618/43/66 2617/55/66 
s 2
f 2621/57/68 2622/47/68 2620/45/67 2619/56/67 
s 1
f 2623/58/69 2624/49/69 2622/47/68 2621/57/68 
s 2
f 2612/51/62 2611/35/62 2624/49/69 2623/58/69 
s 1
f 2625/50/63 2626/33/63 2627/35/62 2628/51/62 
s 2
f 2629/52/4 2630/38/4 2626/39/63 2625/53/63 
s 1
f 2631/54/65 2632/41/65 2630/38/4 2629/52/4 
s 2
f 2633/55/66 2634/43/66 2632/41/65 2631/54/65 
s 1
f 2635/56/67 2636/45/67 2634/43/66 2633/55/66 
s 2
f 2637/57/70 2638/47/70 2636/45/67 2635/56/67 
s 1
f 2639/58/69 2640/49/69 2638/47/70 2637/57/70 
s 2
f 2628/51/62 2627/35/62 2640/49/69 2639/58/69 
s 1
f 2641/50/63 2642/33/63 2643/35/62 2644/51/62 
s 2
f 2645/52/64 2646/38/64 2642/39/63 2641/53/63 
s 1
f 2647/54/65 2648/41/65 2646/38/64 2645/52/64 
s 2
f 2649/55/66 2650/43/66 2648/41/65 2647/54/65 
s 1
f 2651/56/67 2652/45/67 2650/43/66 2649/55/66 
s 2
f 2653/57/68 2654/47/68 2652/45/67 2651/56/67 
s 1
f 2655/58/69 2656/49/69 2654/47/68 2653/57/68 
s 2
f 2644/51/62 2643/35/62 2656/49/69 2655/58/69 
s 1
f 2657/50/63 2658/33/63 2659/35/62 2660/51/62 
s 2
f 2661/52/4 2662/38/4 2658/39/63 2657/53/63 
s 1
f 2663/54/65 2664/41/65 2662/38/4 2661/52/4 
s 2
f 2665/55/66 2666/43/66 2664/41/65 2663/54/65 
s 1
f 2667/56/67 2668/45/67 2666/43/66 2665/55/66 
s 2
f 2669/57/70 2670/47/70 2668/45/67 2667/56/67 
s 1
f 2671/58/69 2672/49/69 2670/47/70 2669/57/70 
s 2
f 2660/51/62 2659/35/62 2672/49/69 2671/58/69 
s 1
f 2673/40/65 2674/44/67 2675/45/67 2676/41/65 
s 2
f 2674/44/67 2677/59/69 2678/60/69 2675/45/67 
s 1
f 2679/32/63 2680/33/63 2681/49/69 2682/48/69 
s 2
f 2679/36/63 2683/61/65 2684/62/65 2680/39/63 
f 2685/63/63 2673/40/65 2676/41/65 2686/64/63 
f 2687/65/67 2682/48/69 2681/49/69 2688/66/67 
s off
f 2687/65/67 2688/66/67 2684/62/65 2683/61/65 
f 2685/63/63 2686/64/63 2678/60/69 2677/59/69 
s 1
f 2689/16/52 2690/67/72 2691/68/73 2692/19/53 
f 2693/20/54 2694/21/74 2695/69/75 2696/70/180 
f 2697/24/57 2698/25/58 2699/71/77 2700/72/78 
f 2701/28/89 2702/29/60 2703/73/181 2704/74/182 
s 2
f 2705/17/52 2706/75/183 2707/76/184 2708/33/54 
f 2709/22/74 2710/77/83 2711/78/84 2712/27/85 
f 2713/26/86 2714/79/185 2715/80/88 2716/31/89 
f 2717/30/60 2718/81/90 2719/82/91 2720/18/92 
s 1
f 2706/75/183 2705/17/52 2720/18/92 2719/82/91 
f 2710/77/83 2709/22/74 2708/23/54 2707/83/184 
f 2714/79/185 2713/26/86 2712/27/85 2711/78/84 
f 2718/81/90 2717/30/60 2716/31/89 2715/80/88 
s 2
f 2690/67/72 2689/16/52 2693/32/54 2696/84/180 
f 2695/69/75 2694/21/74 2697/24/57 2700/72/78 
f 2699/71/77 2698/25/58 2701/28/89 2704/74/182 
f 2703/73/181 2702/29/60 2692/19/53 2691/68/73 
s off
f 2706/75/183 2719/82/91 2721/85/93 2722/86/94 
f 2710/77/83 2707/83/184 2722/83/94 2723/87/95 
f 2714/79/185 2711/78/84 2723/87/95 2724/88/96 
f 2718/81/90 2715/80/88 2724/88/96 2721/85/93 
f 2707/76/184 2706/75/183 2722/86/94 
f 2711/78/84 2710/77/83 2723/87/95 
f 2715/80/88 2714/79/185 2724/88/96 
f 2719/82/91 2718/81/90 2721/85/93 
f 2691/68/73 2690/67/72 2725/89/97 2726/90/98 
f 2696/70/180 2695/69/75 2727/91/99 2725/70/97 
f 2700/72/78 2699/71/77 2728/92/100 2727/91/99 
f 2704/74/182 2703/73/181 2726/90/98 2728/92/100 
f 2690/67/72 2696/84/180 2725/89/97 
f 2695/69/75 2700/72/78 2727/91/99 
f 2699/71/77 2704/74/182 2728/92/100 
f 2703/73/181 2691/68/73 2726/90/98 
s 4
f 2721/85/93 2724/88/96 2723/87/95 2722/83/94 
s 16
f 2725/89/97 2727/91/99 2728/92/100 2726/90/98 
s 1
f 2729/16/52 2730/17/52 2731/18/53 2732/19/53 
f 2733/20/186 2734/21/178 2735/22/55 2736/23/54 
f 2737/24/85 2738/25/86 2739/26/86 2740/27/85 
f 2741/28/179 2742/29/187 2743/30/60 2744/31/59 
s 2
f 2730/17/52 2729/16/52 2733/32/186 2736/33/54 
f 2735/22/55 2734/21/178 2737/24/85 2740/27/85 
f 2739/26/86 2738/25/86 2741/28/179 2744/31/59 
f 2743/30/60 2742/29/187 2732/19/53 2731/18/53 
s 1
f 2745/16/52 2746/93/101 2747/94/102 2748/19/53 
f 2749/20/54 2750/21/74 2751/95/188 2752/96/104 
f 2753/24/85 2754/25/86 2755/97/105 2756/98/106 
f 2757/28/89 2758/29/60 2759/99/107 2760/100/189 
s 2
f 2761/17/52 2762/101/190 2763/102/110 2764/33/54 
f 2765/22/191 2766/103/111 2767/104/112 2768/27/85 
f 2769/26/86 2770/105/113 2771/106/114 2772/31/192 
f 2773/30/60 2774/107/115 2775/108/193 2776/18/53 
s 1
f 2777/16/52 2778/109/117 2779/110/118 2780/19/53 
f 2781/20/54 2782/21/74 2783/111/120 2784/112/121 
f 2785/24/85 2786/25/86 2787/113/122 2788/114/123 
f 2789/28/89 2790/29/60 2791/115/125 2792/116/126 
s 2
f 2793/17/52 2794/117/127 2795/118/128 2796/33/186 
f 2797/22/191 2798/119/194 2799/120/195 2800/27/85 
f 2801/26/86 2802/121/196 2803/122/197 2804/31/192 
f 2805/30/187 2806/123/133 2807/124/134 2808/18/53 
s 1
f 2794/117/127 2793/17/52 2808/18/53 2807/124/134 
f 2798/119/194 2797/22/191 2796/23/186 2795/125/128 
f 2802/121/196 2801/26/86 2800/27/85 2799/120/195 
f 2806/123/133 2805/30/187 2804/31/192 2803/122/197 
f 2762/101/190 2761/17/52 2776/18/53 2775/108/193 
f 2766/103/111 2765/22/191 2764/23/54 2763/126/110 
f 2770/105/113 2769/26/86 2768/27/85 2767/104/112 
f 2774/107/115 2773/30/60 2772/31/192 2771/106/114 
s 2
f 2778/109/117 2777/16/52 2781/32/54 2784/127/121 
f 2783/111/120 2782/21/74 2785/24/85 2788/114/123 
f 2787/113/122 2786/25/86 2789/28/89 2792/116/126 
f 2791/115/125 2790/29/60 2780/19/53 2779/110/118 
f 2746/93/101 2745/16/52 2749/32/54 2752/128/104 
f 2751/95/188 2750/21/74 2753/24/85 2756/98/106 
f 2755/97/105 2754/25/86 2757/28/89 2760/100/189 
f 2759/99/107 2758/29/60 2748/19/53 2747/94/102 
s off
f 2794/117/127 2807/124/134 2809/129/135 2810/130/136 
f 2798/119/194 2795/125/128 2810/125/136 2811/131/137 
f 2802/121/196 2799/120/195 2811/131/137 2812/132/138 
f 2806/123/133 2803/122/197 2812/132/138 2809/129/135 
f 2795/118/128 2794/117/127 2810/130/136 
f 2799/120/195 2798/119/194 2811/131/137 
f 2803/122/197 2802/121/196 2812/132/138 
f 2807/124/134 2806/123/133 2809/129/135 
f 2763/102/110 2762/101/190 2813/133/139 
f 2767/104/112 2766/103/111 2814/134/198 
f 2771/106/114 2770/105/113 2815/135/199 
f 2775/108/193 2774/107/115 2816/136/142 
f 2762/101/190 2775/108/193 2816/136/142 2813/133/139 
f 2766/103/111 2763/126/110 2813/126/139 2814/134/198 
f 2770/105/113 2767/104/112 2814/134/198 2815/135/199 
f 2774/107/115 2771/106/114 2815/135/199 2816/136/142 
f 2779/110/118 2778/109/117 2817/137/200 2818/138/201 
f 2784/112/121 2783/111/120 2819/139/202 2817/112/200 
f 2788/114/123 2787/113/122 2820/140/203 2819/139/202 
f 2792/116/126 2791/115/125 2818/138/201 2820/140/203 
f 2778/109/117 2784/127/121 2817/137/200 
f 2783/111/120 2788/114/123 2819/139/202 
f 2787/113/122 2792/116/126 2820/140/203 
f 2791/115/125 2779/110/118 2818/138/201 
f 2747/94/102 2746/93/101 2821/141/147 2822/142/148 
f 2752/96/104 2751/95/188 2823/143/149 2821/96/147 
f 2756/98/106 2755/97/105 2824/144/150 2823/143/149 
f 2760/100/189 2759/99/107 2822/142/148 2824/144/150 
f 2746/93/101 2752/128/104 2821/141/147 
f 2751/95/188 2756/98/106 2823/143/149 
f 2755/97/105 2760/100/189 2824/144/150 
f 2759/99/107 2747/94/102 2822/142/148 
s 32
f 2809/129/135 2812/132/138 2811/131/137 2810/125/136 
f 2816/136/142 2815/135/199 2814/134/198 2813/126/139 
f 2817/137/200 2819/139/202 2820/140/203 2818/138/201 
f 2821/141/147 2823/143/149 2824/144/150 2822/142/148 
s 2
f 2825/1/1 2826/2/2 2827/3/3 2828/4/4 
s 4
f 2829/5/5 2830/6/6 2831/3/7 2832/2/8 
s 8
f 2825/5/1 2833/6/9 2834/3/28 2826/2/2 
s 2
f 2835/1/1 2836/4/4 2837/3/11 2838/2/12 
s 4
f 2839/5/5 2840/2/13 2841/3/14 2842/6/15 
s 8
f 2835/5/1 2838/2/12 2843/3/16 2844/6/9 
s 32
f 2845/2/17 2846/3/18 2847/3/19 2848/2/20 
s 4
f 2830/6/6 2849/7/21 2850/8/7 2831/3/7 
s 2
f 2836/4/4 2851/9/4 2852/8/11 2837/3/11 
s 4
f 2853/3/22 2854/8/23 2855/8/24 2856/3/25 
s 16
f 2835/5/1 2844/6/9 2833/6/9 2825/5/1 
s 1
f 2839/5/5 2842/6/15 2830/6/6 2829/5/5 
s 16
f 2842/10/15 2857/8/26 2858/8/27 2830/10/6 
s 8
f 2833/6/9 2859/7/9 2860/8/28 2834/3/28 
f 2861/3/28 2862/8/10 2863/8/29 2864/3/30 
s 32
f 2865/4/176 2866/9/31 2867/8/32 2868/3/33 
s 64
f 2869/3/34 2857/8/26 2870/11/35 2871/12/36 
s 16
f 2844/6/9 2872/7/9 2859/7/9 2833/6/9 
s 4
f 2873/13/37 2851/9/4 2874/9/4 2875/13/37 
f 2869/3/34 2871/12/36 2876/12/38 2877/3/39 
s off
f 2835/1/1 2825/1/1 2828/4/4 2836/4/4 
s 16
f 2857/8/26 2869/3/34 2877/3/39 2858/8/27 
s 8
f 2859/7/9 2829/14/5 2832/10/8 2860/8/28 
f 2862/8/10 2878/10/40 2879/10/41 2863/8/29 
s 32
f 2866/9/31 2880/13/42 2881/10/43 2867/8/32 
s 64
f 2857/8/26 2842/10/15 2882/15/44 2870/11/35 
s 16
f 2872/7/9 2839/14/5 2829/14/5 2859/7/9 
s 4
f 2849/7/21 2883/14/42 2884/10/45 2850/8/7 
s 2
f 2851/9/4 2873/13/37 2885/10/46 2852/8/11 
s 4
f 2886/8/47 2887/10/48 2888/10/49 2889/8/50 
s 64
f 2890/11/51 2858/8/27 2877/3/39 2876/12/38 
s 4
f 2851/9/4 2836/4/4 2828/4/4 2874/9/4 
s 64
f 2849/15/21 2830/10/6 2858/8/27 2890/11/51 
s 2
f 2871/12/36 2870/11/35 2890/11/51 2876/12/38 
s off
f 2891/4/176 2892/9/31 2866/7/31 2865/4/176 
f 2873/1/37 2875/13/37 2891/4/176 2865/4/176 
f 2880/14/42 2866/9/31 2892/9/31 2883/13/42 
f 2883/13/42 2849/7/21 2882/7/44 2880/14/42 
f 2870/11/35 2882/7/44 2849/7/21 2890/11/51 
s 1
f 2893/16/52 2894/17/52 2895/18/53 2896/19/53 
f 2897/20/54 2898/21/178 2899/22/55 2900/23/54 
f 2901/24/85 2902/25/86 2903/26/86 2904/27/85 
f 2905/28/179 2906/29/60 2907/30/60 2908/31/59 
s 2
f 2894/17/52 2893/16/52 2897/32/54 2900/33/54 
f 2899/22/55 2898/21/178 2901/24/85 2904/27/85 
f 2903/26/86 2902/25/86 2905/28/179 2908/31/59 
f 2907/30/60 2906/29/60 2896/19/53 2895/18/53 
s 8
f 2909/34/62 2910/32/63 2911/33/63 2912/35/62 
f 2910/36/63 2913/37/64 2914/38/64 2911/39/63 
f 2913/37/64 2915/40/65 2916/41/65 2914/38/64 
f 2915/40/65 2917/42/66 2918/43/66 2916/41/65 
f 2917/42/66 2919/44/67 2920/45/67 2918/43/66 
f 2919/44/67 2921/46/68 2922/47/68 2920/45/67 
f 2921/46/68 2923/48/69 2924/49/69 2922/47/68 
f 2923/48/69 2909/34/62 2912/35/62 2924/49/69 
f 2925/34/62 2926/32/63 2927/33/63 2928/35/62 
f 2926/36/63 2929/37/4 2930/38/4 2927/39/63 
f 2929/37/4 2931/40/65 2932/41/65 2930/38/4 
f 2931/40/65 2933/42/66 2934/43/66 2932/41/65 
f 2933/42/66 2935/44/67 2936/45/67 2934/43/66 
f 2935/44/67 2937/46/70 2938/47/70 2936/45/67 
f 2937/46/70 2939/48/69 2940/49/69 2938/47/70 
f 2939/48/69 2925/34/62 2928/35/62 2940/49/69 
f 2941/34/62 2942/32/63 2943/33/63 2944/35/62 
f 2942/36/63 2945/37/4 2946/38/4 2943/39/63 
f 2945/37/4 2947/40/65 2948/41/65 2946/38/4 
f 2947/40/65 2949/42/71 2950/43/71 2948/41/65 
f 2949/42/71 2951/44/67 2952/45/67 2950/43/71 
f 2951/44/67 2953/46/70 2954/47/70 2952/45/67 
f 2953/46/70 2955/48/69 2956/49/69 2954/47/70 
f 2955/48/69 2941/34/62 2944/35/62 2956/49/69 
f 2957/34/62 2958/32/63 2959/33/63 2960/35/62 
f 2958/36/63 2961/37/4 2962/38/4 2959/39/63 
f 2961/37/4 2963/40/65 2964/41/65 2962/38/4 
f 2963/40/65 2965/42/66 2966/43/66 2964/41/65 
f 2965/42/66 2967/44/67 2968/45/67 2966/43/66 
f 2967/44/67 2969/46/70 2970/47/70 2968/45/67 
f 2969/46/70 2971/48/69 2972/49/69 2970/47/70 
f 2971/48/69 2957/34/62 2960/35/62 2972/49/69 
f 2973/34/62 2974/32/63 2975/33/63 2976/35/62 
f 2974/36/63 2977/37/4 2978/38/4 2975/39/63 
f 2977/37/4 2979/40/65 2980/41/65 2978/38/4 
f 2979/40/65 2981/42/71 2982/43/71 2980/41/65 
f 2981/42/71 2983/44/67 2984/45/67 2982/43/71 
f 2983/44/67 2985/46/70 2986/47/70 2984/45/67 
f 2985/46/70 2987/48/69 2988/49/69 2986/47/70 
f 2987/48/69 2973/34/62 2976/35/62 2988/49/69 
f 2989/34/62 2990/32/63 2991/33/63 2992/35/62 
f 2990/36/63 2993/37/4 2994/38/4 2991/39/63 
f 2993/37/4 2995/40/65 2996/41/65 2994/38/4 
f 2995/40/65 2997/42/66 2998/43/66 2996/41/65 
f 2997/42/66 2999/44/67 3000/45/67 2998/43/66 
f 2999/44/67 3001/46/70 3002/47/70 3000/45/67 
f 3001/46/70 3003/48/69 3004/49/69 3002/47/70 
f 3003/48/69 2989/34/62 2992/35/62 3004/49/69 
f 3005/34/62 3006/32/63 3007/33/63 3008/35/62 
f 3006/36/63 3009/37/4 3010/38/4 3007/39/63 
f 3009/37/4 3011/40/65 3012/41/65 3010/38/4 
f 3011/40/65 3013/42/66 3014/43/66 3012/41/65 
f 3013/42/66 3015/44/67 3016/45/67 3014/43/66 
f 3015/44/67 3017/46/70 3018/47/70 3016/45/67 
f 3017/46/70 3019/48/69 3020/49/69 3018/47/70 
f 3019/48/69 3005/34/62 3008/35/62 3020/49/69 
f 3021/34/62 3022/32/63 3023/33/63 3024/35/62 
f 3022/36/63 3025/37/64 3026/38/64 3023/39/63 
f 3025/37/64 3027/40/65 3028/41/65 3026/38/64 
f 3027/40/65 3029/42/66 3030/43/66 3028/41/65 
f 3029/42/66 3031/44/67 3032/45/67 3030/43/66 
f 3031/44/67 3033/46/68 3034/47/68 3032/45/67 
f 3033/46/68 3035/48/69 3036/49/69 3034/47/68 
f 3035/48/69 3021/34/62 3024/35/62 3036/49/69 
f 3037/34/62 3038/32/63 3039/33/63 3040/35/62 
f 3038/36/63 3041/37/4 3042/38/4 3039/39/63 
f 3041/37/4 3043/40/65 3044/41/65 3042/38/4 
f 3043/40/65 3045/42/66 3046/43/66 3044/41/65 
f 3045/42/66 3047/44/67 3048/45/67 3046/43/66 
f 3047/44/67 3049/46/70 3050/47/70 3048/45/67 
f 3049/46/70 3051/48/69 3052/49/69 3050/47/70 
f 3051/48/69 3037/34/62 3040/35/62 3052/49/69 
f 3053/34/62 3054/32/63 3055/33/63 3056/35/62 
f 3054/36/63 3057/37/4 3058/38/4 3055/39/63 
f 3057/37/4 3059/40/65 3060/41/65 3058/38/4 
f 3059/40/65 3061/42/66 3062/43/66 3060/41/65 
f 3061/42/66 3063/44/67 3064/45/67 3062/43/66 
f 3063/44/67 3065/46/70 3066/47/70 3064/45/67 
f 3065/46/70 3067/48/69 3068/49/69 3066/47/70 
f 3067/48/69 3053/34/62 3056/35/62 3068/49/69 
f 3069/34/62 3070/32/63 3071/33/63 3072/35/62 
f 3070/36/63 3073/37/4 3074/38/4 3071/39/63 
f 3073/37/4 3075/40/65 3076/41/65 3074/38/4 
f 3075/40/65 3077/42/66 3078/43/66 3076/41/65 
f 3077/42/66 3079/44/67 3080/45/67 3078/43/66 
f 3079/44/67 3081/46/70 3082/47/70 3080/45/67 
f 3081/46/70 3083/48/69 3084/49/69 3082/47/70 
f 3083/48/69 3069/34/62 3072/35/62 3084/49/69 
f 3085/34/62 3086/32/63 3087/33/63 3088/35/62 
f 3086/36/63 3089/37/64 3090/38/64 3087/39/63 
f 3089/37/64 3091/40/65 3092/41/65 3090/38/64 
f 3091/40/65 3093/42/66 3094/43/66 3092/41/65 
f 3093/42/66 3095/44/67 3096/45/67 3094/43/66 
f 3095/44/67 3097/46/68 3098/47/68 3096/45/67 
f 3097/46/68 3099/48/69 3100/49/69 3098/47/68 
f 3099/48/69 3085/34/62 3088/35/62 3100/49/69 
f 3101/34/62 3102/32/63 3103/33/63 3104/35/62 
f 3102/36/63 3105/37/4 3106/38/4 3103/39/63 
f 3105/37/4 3107/40/65 3108/41/65 3106/38/4 
f 3107/40/65 3109/42/66 3110/43/66 3108/41/65 
f 3109/42/66 3111/44/67 3112/45/67 3110/43/66 
f 3111/44/67 3113/46/70 3114/47/70 3112/45/67 
f 3113/46/70 3115/48/69 3116/49/69 3114/47/70 
f 3115/48/69 3101/34/62 3104/35/62 3116/49/69 
f 3117/34/62 3118/32/63 3119/33/63 3120/35/62 
f 3118/36/63 3121/37/64 3122/38/64 3119/39/63 
f 3121/37/64 3123/40/65 3124/41/65 3122/38/64 
f 3123/40/65 3125/42/66 3126/43/66 3124/41/65 
f 3125/42/66 3127/44/67 3128/45/67 3126/43/66 
f 3127/44/67 3129/46/68 3130/47/68 3128/45/67 
f 3129/46/68 3131/48/69 3132/49/69 3130/47/68 
f 3131/48/69 3117/34/62 3120/35/62 3132/49/69 
f 3133/34/62 3134/32/63 3135/33/63 3136/35/62 
f 3134/36/63 3137/37/4 3138/38/4 3135/39/63 
f 3137/37/4 3139/40/65 3140/41/65 3138/38/4 
f 3139/40/65 3141/42/66 3142/43/66 3140/41/65 
f 3141/42/66 3143/44/67 3144/45/67 3142/43/66 
f 3143/44/67 3145/46/70 3146/47/70 3144/45/67 
f 3145/46/70 3147/48/69 3148/49/69 3146/47/70 
f 3147/48/69 3133/34/62 3136/35/62 3148/49/69 
s 1
f 3149/50/63 3150/33/63 3151/35/62 3152/51/62 
s 2
f 3153/52/4 3154/38/4 3150/39/63 3149/53/63 
s 1
f 3155/54/65 3156/41/65 3154/38/4 3153/52/4 
s 2
f 3157/55/66 3158/43/66 3156/41/65 3155/54/65 
s 1
f 3159/56/67 3160/45/67 3158/43/66 3157/55/66 
s 2
f 3161/57/70 3162/47/70 3160/45/67 3159/56/67 
s 1
f 3163/58/69 3164/49/69 3162/47/70 3161/57/70 
s 2
f 3152/51/62 3151/35/62 3164/49/69 3163/58/69 
s 1
f 3165/50/63 3166/33/63 3167/35/62 3168/51/62 
s 2
f 3169/52/64 3170/38/64 3166/39/63 3165/53/63 
s 1
f 3171/54/65 3172/41/65 3170/38/64 3169/52/64 
s 2
f 3173/55/66 3174/43/66 3172/41/65 3171/54/65 
s 1
f 3175/56/67 3176/45/67 3174/43/66 3173/55/66 
s 2
f 3177/57/68 3178/47/68 3176/45/67 3175/56/67 
s 1
f 3179/58/69 3180/49/69 3178/47/68 3177/57/68 
s 2
f 3168/51/62 3167/35/62 3180/49/69 3179/58/69 
s 1
f 3181/50/63 3182/33/63 3183/35/62 3184/51/62 
s 2
f 3185/52/4 3186/38/4 3182/39/63 3181/53/63 
s 1
f 3187/54/65 3188/41/65 3186/38/4 3185/52/4 
s 2
f 3189/55/66 3190/43/66 3188/41/65 3187/54/65 
s 1
f 3191/56/67 3192/45/67 3190/43/66 3189/55/66 
s 2
f 3193/57/70 3194/47/70 3192/45/67 3191/56/67 
s 1
f 3195/58/69 3196/49/69 3194/47/70 3193/57/70 
s 2
f 3184/51/62 3183/35/62 3196/49/69 3195/58/69 
s 1
f 3197/50/63 3198/33/63 3199/35/62 3200/51/62 
s 2
f 3201/52/64 3202/38/64 3198/39/63 3197/53/63 
s 1
f 3203/54/65 3204/41/65 3202/38/64 3201/52/64 
s 2
f 3205/55/66 3206/43/66 3204/41/65 3203/54/65 
s 1
f 3207/56/67 3208/45/67 3206/43/66 3205/55/66 
s 2
f 3209/57/68 3210/47/68 3208/45/67 3207/56/67 
s 1
f 3211/58/69 3212/49/69 3210/47/68 3209/57/68 
s 2
f 3200/51/62 3199/35/62 3212/49/69 3211/58/69 
s 1
f 3213/50/63 3214/33/63 3215/35/62 3216/51/62 
s 2
f 3217/52/4 3218/38/4 3214/39/63 3213/53/63 
s 1
f 3219/54/65 3220/41/65 3218/38/4 3217/52/4 
s 2
f 3221/55/66 3222/43/66 3220/41/65 3219/54/65 
s 1
f 3223/56/67 3224/45/67 3222/43/66 3221/55/66 
s 2
f 3225/57/70 3226/47/70 3224/45/67 3223/56/67 
s 1
f 3227/58/69 3228/49/69 3226/47/70 3225/57/70 
s 2
f 3216/51/62 3215/35/62 3228/49/69 3227/58/69 
s 1
f 3229/40/65 3230/44/67 3231/45/67 3232/41/65 
s 2
f 3230/44/67 3233/59/69 3234/60/69 3231/45/67 
s 1
f 3235/32/63 3236/33/63 3237/49/69 3238/48/69 
s 2
f 3235/36/63 3239/61/65 3240/62/65 3236/39/63 
f 3241/63/63 3229/40/65 3232/41/65 3242/64/63 
f 3243/65/67 3238/48/69 3237/49/69 3244/66/67 
s off
f 3243/65/67 3244/66/67 3240/62/65 3239/61/65 
f 3241/63/63 3242/64/63 3234/60/69 3233/59/69 
s 1
f 3245/16/52 3246/67/72 3247/68/73 3248/19/53 
f 3249/20/54 3250/21/74 3251/69/75 3252/70/180 
f 3253/24/57 3254/25/58 3255/71/77 3256/72/78 
f 3257/28/89 3258/29/60 3259/73/181 3260/74/182 
s 2
f 3261/17/52 3262/75/183 3263/76/184 3264/33/54 
f 3265/22/74 3266/77/83 3267/78/84 3268/27/85 
f 3269/26/86 3270/79/185 3271/80/88 3272/31/89 
f 3273/30/60 3274/81/90 3275/82/91 3276/18/92 
s 1
f 3262/75/183 3261/17/52 3276/18/92 3275/82/91 
f 3266/77/83 3265/22/74 3264/23/54 3263/83/184 
f 3270/79/185 3269/26/86 3268/27/85 3267/78/84 
f 3274/81/90 3273/30/60 3272/31/89 3271/80/88 
s 2
f 3246/67/72 3245/16/52 3249/32/54 3252/84/180 
f 3251/69/75 3250/21/74 3253/24/57 3256/72/78 
f 3255/71/77 3254/25/58 3257/28/89 3260/74/182 
f 3259/73/181 3258/29/60 3248/19/53 3247/68/73 
s off
f 3262/75/183 3275/82/91 3277/85/93 3278/86/94 
f 3266/77/83 3263/83/184 3278/83/94 3279/87/95 
f 3270/79/185 3267/78/84 3279/87/95 3280/88/96 
f 3274/81/90 3271/80/88 3280/88/96 3277/85/93 
f 3263/76/184 3262/75/183 3278/86/94 
f 3267/78/84 3266/77/83 3279/87/95 
f 3271/80/88 3270/79/185 3280/88/96 
f 3275/82/91 3274/81/90 3277/85/93 
f 3247/68/73 3246/67/72 3281/89/97 3282/90/98 
f 3252/70/180 3251/69/75 3283/91/99 3281/70/97 
f 3256/72/78 3255/71/77 3284/92/100 3283/91/99 
f 3260/74/182 3259/73/181 3282/90/98 3284/92/100 
f 3246/67/72 3252/84/180 3281/89/97 
f 3251/69/75 3256/72/78 3283/91/99 
f 3255/71/77 3260/74/182 3284/92/100 
f 3259/73/181 3247/68/73 3282/90/98 
s 4
f 3277/85/93 3280/88/96 3279/87/95 3278/83/94 
s 16
f 3281/89/97 3283/91/99 3284/92/100 3282/90/98 
s 1
f 3285/16/52 3286/17/52 3287/18/53 3288/19/53 
f 3289/20/186 3290/21/178 3291/22/55 3292/23/54 
f 3293/24/85 3294/25/86 3295/26/86 3296/27/85 
f 3297/28/179 3298/29/187 3299/30/60 3300/31/59 
s 2
f 3286/17/52 3285/16/52 3289/32/186 3292/33/54 
f 3291/22/55 3290/21/178 3293/24/85 3296/27/85 
f 3295/26/86 3294/25/86 3297/28/179 3300/31/59 
f 3299/30/60 3298/29/187 3288/19/53 3287/18/53 
s 1
f 3301/16/52 3302/93/101 3303/94/102 3304/19/53 
f 3305/20/54 3306/21/74 3307/95/188 3308/96/104 
f 3309/24/85 3310/25/86 3311/97/105 3312/98/106 
f 3313/28/89 3314/29/60 3315/99/107 3316/100/189 
s 2
f 3317/17/52 3318/101/190 3319/102/110 3320/33/54 
f 3321/22/191 3322/103/111 3323/104/112 3324/27/85 
f 3325/26/86 3326/105/113 3327/106/114 3328/31/192 
f 3329/30/60 3330/107/115 3331/108/193 3332/18/53 
s 1
f 3333/16/52 3334/109/117 3335/110/118 3336/19/53 
f 3337/20/54 3338/21/74 3339/111/120 3340/112/121 
f 3341/24/85 3342/25/86 3343/113/122 3344/114/123 
f 3345/28/89 3346/29/60 3347/115/125 3348/116/126 
s 2
f 3349/17/52 3350/117/127 3351/118/128 3352/33/186 
f 3353/22/191 3354/119/194 3355/120/195 3356/27/85 
f 3357/26/86 3358/121/196 3359/122/197 3360/31/192 
f 3361/30/187 3362/123/133 3363/124/134 3364/18/53 
s 1
f 3350/117/127 3349/17/52 3364/18/53 3363/124/134 
f 3354/119/194 3353/22/191 3352/23/186 3351/125/128 
f 3358/121/196 3357/26/86 3356/27/85 3355/120/195 
f 3362/123/133 3361/30/187 3360/31/192 3359/122/197 
f 3318/101/190 3317/17/52 3332/18/53 3331/108/193 
f 3322/103/111 3321/22/191 3320/23/54 3319/126/110 
f 3326/105/113 3325/26/86 3324/27/85 3323/104/112 
f 3330/107/115 3329/30/60 3328/31/192 3327/106/114 
s 2
f 3334/109/117 3333/16/52 3337/32/54 3340/127/121 
f 3339/111/120 3338/21/74 3341/24/85 3344/114/123 
f 3343/113/122 3342/25/86 3345/28/89 3348/116/126 
f 3347/115/125 3346/29/60 3336/19/53 3335/110/118 
f 3302/93/101 3301/16/52 3305/32/54 3308/128/104 
f 3307/95/188 3306/21/74 3309/24/85 3312/98/106 
f 3311/97/105 3310/25/86 3313/28/89 3316/100/189 
f 3315/99/107 3314/29/60 3304/19/53 3303/94/102 
s off
f 3350/117/127 3363/124/134 3365/129/135 3366/130/136 
f 3354/119/194 3351/125/128 3366/125/136 3367/131/137 
f 3358/121/196 3355/120/195 3367/131/137 3368/132/138 
f 3362/123/133 3359/122/197 3368/132/138 3365/129/135 
f 3351/118/128 3350/117/127 3366/130/136 
f 3355/120/195 3354/119/194 3367/131/137 
f 3359/122/197 3358/121/196 3368/132/138 
f 3363/124/134 3362/123/133 3365/129/135 
f 3319/102/110 3318/101/190 3369/133/139 
f 3323/104/112 3322/103/111 3370/134/198 
f 3327/106/114 3326/105/113 3371/135/199 
f 3331/108/193 3330/107/115 3372/136/142 
f 3318/101/190 3331/108/193 3372/136/142 3369/133/139 
f 3322/103/111 3319/126/110 3369/126/139 3370/134/198 
f 3326/105/113 3323/104/112 3370/134/198 3371/135/199 
f 3330/107/115 3327/106/114 3371/135/199 3372/136/142 
f 3335/110/118 3334/109/117 3373/137/200 3374/138/201 
f 3340/112/121 3339/111/120 3375/139/202 3373/112/200 
f 3344/114/123 3343/113/122 3376/140/203 3375/139/202 
f 3348/116/126 3347/115/125 3374/138/201 3376/140/203 
f 3334/109/117 3340/127/121 3373/137/200 
f 3339/111/120 3344/114/123 3375/139/202 
f 3343/113/122 3348/116/126 3376/140/203 
f 3347/115/125 3335/110/118 3374/138/201 
f 3303/94/102 3302/93/101 3377/141/147 3378/142/148 
f 3308/96/104 3307/95/188 3379/143/149 3377/96/147 
f 3312/98/106 3311/97/105 3380/144/150 3379/143/149 
f 3316/100/189 3315/99/107 3378/142/148 3380/144/150 
f 3302/93/101 3308/128/104 3377/141/147 
f 3307/95/188 3312/98/106 3379/143/149 
f 3311/97/105 3316/100/189 3380/144/150 
f 3315/99/107 3303/94/102 3378/142/148 
s 32
f 3365/129/135 3368/132/138 3367/131/137 3366/125/136 
f 3372/136/142 3371/135/199 3370/134/198 3369/126/139 
f 3373/137/200 3375/139/202 3376/140/203 3374/138/201 
f 3377/141/147 3379/143/149 3380/144/150 3378/142/148 
s 2
f 3381/1/1 3382/5/151 3383/6/65 3384/4/4 
s 4
f 3385/5/5 3386/6/6 3387/4/67 3388/1/152 
s 8
f 3381/5/1 3389/6/9 3390/4/153 3382/1/151 
s 16
f 3382/5/151 3390/6/153 3391/3/154 3383/2/65 
s 32
f 3392/5/155 3393/6/156 3394/4/176 3395/1/37 
s 2
f 3396/1/1 3397/4/4 3398/3/11 3399/2/12 
s 4
f 3400/5/5 3401/2/13 3402/3/14 3403/6/15 
s 8
f 3396/5/1 3399/2/12 3404/3/157 3405/6/9 
s 32
f 3406/2/17 3407/3/18 3408/3/19 3409/2/20 
s 2
f 3383/6/65 3410/7/65 3411/9/4 3384/4/4 
s 4
f 3386/6/6 3412/7/21 3413/9/67 3387/4/67 
s 16
f 3387/10/67 3413/145/67 3414/146/66 3415/8/66 
s 2
f 3397/4/4 3416/9/4 3417/8/11 3398/3/11 
s 4
f 3418/3/22 3419/8/23 3420/8/24 3421/3/25 
s 16
f 3396/5/1 3405/6/9 3389/6/9 3381/5/1 
s 1
f 3400/5/5 3403/6/15 3386/6/6 3385/5/5 
s 16
f 3403/10/15 3422/8/26 3423/8/27 3386/10/6 
s 8
f 3389/6/9 3424/7/9 3425/9/35 3390/4/153 
s 16
f 3390/6/153 3425/7/35 3415/8/66 3391/3/154 
s 32
f 3393/6/156 3426/7/156 3427/9/31 3394/4/176 
s 8
f 3428/3/28 3429/8/28 3430/8/30 3431/3/158 
s 32
f 3432/4/176 3433/9/31 3434/8/18 3435/3/33 
s 64
f 3436/3/34 3422/8/26 3437/11/35 3438/12/36 
s 16
f 3393/4/156 3392/1/155 3410/147/65 3439/148/154 
f 3405/6/9 3440/7/9 3424/7/9 3389/6/9 
s 4
f 3441/13/37 3416/9/4 3411/9/4 3395/13/37 
f 3436/3/34 3438/12/36 3442/12/38 3443/3/39 
s off
f 3396/1/1 3381/1/1 3384/4/4 3397/4/4 
s 16
f 3426/9/156 3393/4/156 3439/148/154 3414/146/66 
f 3422/8/26 3436/3/34 3443/3/39 3423/8/27 
s 8
f 3424/7/9 3385/14/5 3388/13/152 3425/9/35 
s 16
f 3425/7/35 3388/14/152 3387/10/67 3415/8/66 
s 32
f 3426/7/156 3444/14/159 3445/13/42 3427/9/31 
s 8
f 3429/8/28 3446/10/40 3447/10/41 3430/8/30 
s 32
f 3433/9/31 3448/13/42 3449/10/43 3434/8/18 
s 64
f 3422/8/26 3403/10/15 3450/15/44 3437/11/35 
s 16
f 3440/7/9 3400/14/5 3385/14/5 3424/7/9 
s 2
f 3410/7/65 3392/14/155 3395/13/37 3411/9/4 
s 4
f 3412/7/21 3445/14/42 3444/13/159 3413/9/67 
s 16
f 3413/145/67 3444/13/159 3426/9/156 3414/146/66 
s 2
f 3416/9/4 3441/13/37 3451/10/177 3417/8/11 
s 4
f 3452/8/47 3453/10/48 3454/10/49 3455/8/50 
s 64
f 3456/11/51 3423/8/27 3443/3/39 3442/12/38 
s 16
f 3410/147/65 3383/2/65 3391/3/154 3439/148/154 
s 4
f 3416/9/4 3397/4/4 3384/4/4 3411/9/4 
s 16
f 3439/148/154 3391/3/154 3415/8/66 3414/146/66 
s 64
f 3412/15/21 3386/10/6 3423/8/27 3456/11/51 
s 2
f 3438/12/36 3437/11/35 3456/11/51 3442/12/38 
s off
f 3394/4/176 3427/9/31 3433/7/31 3432/4/176 
f 3441/1/37 3395/13/37 3394/4/176 3432/4/176 
f 3448/14/42 3433/9/31 3427/9/31 3445/13/42 
f 3445/13/42 3412/7/21 3450/7/44 3448/14/42 
f 3437/11/35 3450/7/44 3412/7/21 3456/11/51 
s 1
f 3457/16/52 3458/17/52 3459/18/53 3460/19/53 
f 3461/20/54 3462/21/178 3463/22/55 3464/23/54 
f 3465/24/85 3466/25/86 3467/26/86 3468/27/85 
f 3469/28/179 3470/29/60 3471/30/60 3472/31/59 
s 2
f 3458/17/52 3457/16/52 3461/32/54 3464/33/54 
f 3463/22/55 3462/21/178 3465/24/85 3468/27/85 
f 3467/26/86 3466/25/86 3469/28/179 3472/31/59 
f 3471/30/60 3470/29/60 3460/19/53 3459/18/53 
s 8
f 3473/34/62 3474/32/63 3475/33/63 3476/35/62 
f 3474/36/63 3477/37/64 3478/38/64 3475/39/63 
f 3477/37/64 3479/40/65 3480/41/65 3478/38/64 
f 3479/40/65 3481/42/66 3482/43/66 3480/41/65 
f 3481/42/66 3483/44/67 3484/45/67 3482/43/66 
f 3483/44/67 3485/46/68 3486/47/68 3484/45/67 
f 3485/46/68 3487/48/69 3488/49/69 3486/47/68 
f 3487/48/69 3473/34/62 3476/35/62 3488/49/69 
f 3489/34/62 3490/32/63 3491/33/63 3492/35/62 
f 3490/36/63 3493/37/4 3494/38/4 3491/39/63 
f 3493/37/4 3495/40/65 3496/41/65 3494/38/4 
f 3495/40/65 3497/42/66 3498/43/66 3496/41/65 
f 3497/42/66 3499/44/67 3500/45/67 3498/43/66 
f 3499/44/67 3501/46/70 3502/47/70 3500/45/67 
f 3501/46/70 3503/48/69 3504/49/69 3502/47/70 
f 3503/48/69 3489/34/62 3492/35/62 3504/49/69 
f 3505/34/62 3506/32/63 3507/33/63 3508/35/62 
f 3506/36/63 3509/37/4 3510/38/4 3507/39/63 
f 3509/37/4 3511/40/65 3512/41/65 3510/38/4 
f 3511/40/65 3513/42/71 3514/43/71 3512/41/65 
f 3513/42/71 3515/44/67 3516/45/67 3514/43/71 
f 3515/44/67 3517/46/70 3518/47/70 3516/45/67 
f 3517/46/70 3519/48/69 3520/49/69 3518/47/70 
f 3519/48/69 3505/34/62 3508/35/62 3520/49/69 
f 3521/34/62 3522/32/63 3523/33/63 3524/35/62 
f 3522/36/63 3525/37/4 3526/38/4 3523/39/63 
f 3525/37/4 3527/40/65 3528/41/65 3526/38/4 
f 3527/40/65 3529/42/66 3530/43/66 3528/41/65 
f 3529/42/66 3531/44/67 3532/45/67 3530/43/66 
f 3531/44/67 3533/46/70 3534/47/70 3532/45/67 
f 3533/46/70 3535/48/69 3536/49/69 3534/47/70 
f 3535/48/69 3521/34/62 3524/35/62 3536/49/69 
f 3537/34/62 3538/32/63 3539/33/63 3540/35/62 
f 3538/36/63 3541/37/4 3542/38/4 3539/39/63 
f 3541/37/4 3543/40/65 3544/41/65 3542/38/4 
f 3543/40/65 3545/42/71 3546/43/71 3544/41/65 
f 3545/42/71 3547/44/67 3548/45/67 3546/43/71 
f 3547/44/67 3549/46/70 3550/47/70 3548/45/67 
f 3549/46/70 3551/48/69 3552/49/69 3550/47/70 
f 3551/48/69 3537/34/62 3540/35/62 3552/49/69 
f 3553/34/62 3554/32/63 3555/33/63 3556/35/62 
f 3554/36/63 3557/37/4 3558/38/4 3555/39/63 
f 3557/37/4 3559/40/65 3560/41/65 3558/38/4 
f 3559/40/65 3561/42/66 3562/43/66 3560/41/65 
f 3561/42/66 3563/44/67 3564/45/67 3562/43/66 
f 3563/44/67 3565/46/70 3566/47/70 3564/45/67 
f 3565/46/70 3567/48/69 3568/49/69 3566/47/70 
f 3567/48/69 3553/34/62 3556/35/62 3568/49/69 
f 3569/34/62 3570/32/63 3571/33/63 3572/35/62 
f 3570/36/63 3573/37/4 3574/38/4 3571/39/63 
f 3573/37/4 3575/40/65 3576/41/65 3574/38/4 
f 3575/40/65 3577/42/66 3578/43/66 3576/41/65 
f 3577/42/66 3579/44/67 3580/45/67 3578/43/66 
f 3579/44/67 3581/46/70 3582/47/70 3580/45/67 
f 3581/46/70 3583/48/69 3584/49/69 3582/47/70 
f 3583/48/69 3569/34/62 3572/35/62 3584/49/69 
f 3585/34/62 3586/32/63 3587/33/63 3588/35/62 
f 3586/36/63 3589/37/64 3590/38/64 3587/39/63 
f 3589/37/64 3591/40/65 3592/41/65 3590/38/64 
f 3591/40/65 3593/42/66 3594/43/66 3592/41/65 
f 3593/42/66 3595/44/67 3596/45/67 3594/43/66 
f 3595/44/67 3597/46/68 3598/47/68 3596/45/67 
f 3597/46/68 3599/48/69 3600/49/69 3598/47/68 
f 3599/48/69 3585/34/62 3588/35/62 3600/49/69 
f 3601/34/62 3602/32/63 3603/33/63 3604/35/62 
f 3602/36/63 3605/37/4 3606/38/4 3603/39/63 
f 3605/37/4 3607/40/65 3608/41/65 3606/38/4 
f 3607/40/65 3609/42/66 3610/43/66 3608/41/65 
f 3609/42/66 3611/44/67 3612/45/67 3610/43/66 
f 3611/44/67 3613/46/70 3614/47/70 3612/45/67 
f 3613/46/70 3615/48/69 3616/49/69 3614/47/70 
f 3615/48/69 3601/34/62 3604/35/62 3616/49/69 
f 3617/34/62 3618/32/63 3619/33/63 3620/35/62 
f 3618/36/63 3621/37/4 3622/38/4 3619/39/63 
f 3621/37/4 3623/40/65 3624/41/65 3622/38/4 
f 3623/40/65 3625/42/66 3626/43/66 3624/41/65 
f 3625/42/66 3627/44/67 3628/45/67 3626/43/66 
f 3627/44/67 3629/46/70 3630/47/70 3628/45/67 
f 3629/46/70 3631/48/69 3632/49/69 3630/47/70 
f 3631/48/69 3617/34/62 3620/35/62 3632/49/69 
f 3633/34/62 3634/32/63 3635/33/63 3636/35/62 
f 3634/36/63 3637/37/4 3638/38/4 3635/39/63 
f 3637/37/4 3639/40/65 3640/41/65 3638/38/4 
f 3639/40/65 3641/42/66 3642/43/66 3640/41/65 
f 3641/42/66 3643/44/67 3644/45/67 3642/43/66 
f 3643/44/67 3645/46/70 3646/47/70 3644/45/67 
f 3645/46/70 3647/48/69 3648/49/69 3646/47/70 
f 3647/48/69 3633/34/62 3636/35/62 3648/49/69 
f 3649/34/62 3650/32/63 3651/33/63 3652/35/62 
f 3650/36/63 3653/37/64 3654/38/64 3651/39/63 
f 3653/37/64 3655/40/65 3656/41/65 3654/38/64 
f 3655/40/65 3657/42/66 3658/43/66 3656/41/65 
f 3657/42/66 3659/44/67 3660/45/67 3658/43/66 
f 3659/44/67 3661/46/68 3662/47/68 3660/45/67 
f 3661/46/68 3663/48/69 3664/49/69 3662/47/68 
f 3663/48/69 3649/34/62 3652/35/62 3664/49/69 
f 3665/34/62 3666/32/63 3667/33/63 3668/35/62 
f 3666/36/63 3669/37/4 3670/38/4 3667/39/63 
f 3669/37/4 3671/40/65 3672/41/65 3670/38/4 
f 3671/40/65 3673/42/66 3674/43/66 3672/41/65 
f 3673/42/66 3675/44/67 3676/45/67 3674/43/66 
f 3675/44/67 3677/46/70 3678/47/70 3676/45/67 
f 3677/46/70 3679/48/69 3680/49/69 3678/47/70 
f 3679/48/69 3665/34/62 3668/35/62 3680/49/69 
f 3681/34/62 3682/32/63 3683/33/63 3684/35/62 
f 3682/36/63 3685/37/64 3686/38/64 3683/39/63 
f 3685/37/64 3687/40/65 3688/41/65 3686/38/64 
f 3687/40/65 3689/42/66 3690/43/66 3688/41/65 
f 3689/42/66 3691/44/67 3692/45/67 3690/43/66 
f 3691/44/67 3693/46/68 3694/47/68 3692/45/67 
f 3693/46/68 3695/48/69 3696/49/69 3694/47/68 
f 3695/48/69 3681/34/62 3684/35/62 3696/49/69 
f 3697/34/62 3698/32/63 3699/33/63 3700/35/62 
f 3698/36/63 3701/37/4 3702/38/4 3699/39/63 
f 3701/37/4 3703/40/65 3704/41/65 3702/38/4 
f 3703/40/65 3705/42/66 3706/43/66 3704/41/65 
f 3705/42/66 3707/44/67 3708/45/67 3706/43/66 
f 3707/44/67 3709/46/70 3710/47/70 3708/45/67 
f 3709/46/70 3711/48/69 3712/49/69 3710/47/70 
f 3711/48/69 3697/34/62 3700/35/62 3712/49/69 
s 1
f 3713/50/63 3714/33/63 3715/35/62 3716/51/62 
s 2
f 3717/52/4 3718/38/4 3714/39/63 3713/53/63 
s 1
f 3719/54/65 3720/41/65 3718/38/4 3717/52/4 
s 2
f 3721/55/66 3722/43/66 3720/41/65 3719/54/65 
s 1
f 3723/56/67 3724/45/67 3722/43/66 3721/55/66 
s 2
f 3725/57/70 3726/47/70 3724/45/67 3723/56/67 
s 1
f 3727/58/69 3728/49/69 3726/47/70 3725/57/70 
s 2
f 3716/51/62 3715/35/62 3728/49/69 3727/58/69 
s 1
f 3729/50/63 3730/33/63 3731/35/62 3732/51/62 
s 2
f 3733/52/64 3734/38/64 3730/39/63 3729/53/63 
s 1
f 3735/54/65 3736/41/65 3734/38/64 3733/52/64 
s 2
f 3737/55/66 3738/43/66 3736/41/65 3735/54/65 
s 1
f 3739/56/67 3740/45/67 3738/43/66 3737/55/66 
s 2
f 3741/57/68 3742/47/68 3740/45/67 3739/56/67 
s 1
f 3743/58/69 3744/49/69 3742/47/68 3741/57/68 
s 2
f 3732/51/62 3731/35/62 3744/49/69 3743/58/69 
s 1
f 3745/50/63 3746/33/63 3747/35/62 3748/51/62 
s 2
f 3749/52/4 3750/38/4 3746/39/63 3745/53/63 
s 1
f 3751/54/65 3752/41/65 3750/38/4 3749/52/4 
s 2
f 3753/55/66 3754/43/66 3752/41/65 3751/54/65 
s 1
f 3755/56/67 3756/45/67 3754/43/66 3753/55/66 
s 2
f 3757/57/70 3758/47/70 3756/45/67 3755/56/67 
s 1
f 3759/58/69 3760/49/69 3758/47/70 3757/57/70 
s 2
f 3748/51/62 3747/35/62 3760/49/69 3759/58/69 
s 1
f 3761/50/63 3762/33/63 3763/35/62 3764/51/62 
s 2
f 3765/52/64 3766/38/64 3762/39/63 3761/53/63 
s 1
f 3767/54/65 3768/41/65 3766/38/64 3765/52/64 
s 2
f 3769/55/66 3770/43/66 3768/41/65 3767/54/65 
s 1
f 3771/56/67 3772/45/67 3770/43/66 3769/55/66 
s 2
f 3773/57/68 3774/47/68 3772/45/67 3771/56/67 
s 1
f 3775/58/69 3776/49/69 3774/47/68 3773/57/68 
s 2
f 3764/51/62 3763/35/62 3776/49/69 3775/58/69 
s 1
f 3777/50/63 3778/33/63 3779/35/62 3780/51/62 
s 2
f 3781/52/4 3782/38/4 3778/39/63 3777/53/63 
s 1
f 3783/54/65 3784/41/65 3782/38/4 3781/52/4 
s 2
f 3785/55/66 3786/43/66 3784/41/65 3783/54/65 
s 1
f 3787/56/67 3788/45/67 3786/43/66 3785/55/66 
s 2
f 3789/57/70 3790/47/70 3788/45/67 3787/56/67 
s 1
f 3791/58/69 3792/49/69 3790/47/70 3789/57/70 
s 2
f 3780/51/62 3779/35/62 3792/49/69 3791/58/69 
s 1
f 3793/40/65 3794/44/67 3795/45/67 3796/41/65 
s 2
f 3794/44/67 3797/59/69 3798/60/69 3795/45/67 
s 1
f 3799/32/63 3800/33/63 3801/49/69 3802/48/69 
s 2
f 3799/36/63 3803/61/65 3804/62/65 3800/39/63 
f 3805/63/63 3793/40/65 3796/41/65 3806/64/63 
f 3807/65/67 3802/48/69 3801/49/69 3808/66/67 
s off
f 3807/65/67 3808/66/67 3804/62/65 3803/61/65 
f 3805/63/63 3806/64/63 3798/60/69 3797/59/69 
s 1
f 3809/16/52 3810/67/72 3811/68/73 3812/19/53 
f 3813/20/54 3814/21/74 3815/69/75 3816/70/180 
f 3817/24/57 3818/25/58 3819/71/77 3820/72/78 
f 3821/28/89 3822/29/60 3823/73/181 3824/74/182 
s 2
f 3825/17/52 3826/75/183 3827/76/184 3828/33/54 
f 3829/22/74 3830/77/83 3831/78/84 3832/27/85 
f 3833/26/86 3834/79/185 3835/80/88 3836/31/89 
f 3837/30/60 3838/81/90 3839/82/91 3840/18/92 
s 1
f 3826/75/183 3825/17/52 3840/18/92 3839/82/91 
f 3830/77/83 3829/22/74 3828/23/54 3827/83/184 
f 3834/79/185 3833/26/86 3832/27/85 3831/78/84 
f 3838/81/90 3837/30/60 3836/31/89 3835/80/88 
s 2
f 3810/67/72 3809/16/52 3813/32/54 3816/84/180 
f 3815/69/75 3814/21/74 3817/24/57 3820/72/78 
f 3819/71/77 3818/25/58 3821/28/89 3824/74/182 
f 3823/73/181 3822/29/60 3812/19/53 3811/68/73 
s off
f 3826/75/183 3839/82/91 3841/85/93 3842/86/94 
f 3830/77/83 3827/83/184 3842/83/94 3843/87/95 
f 3834/79/185 3831/78/84 3843/87/95 3844/88/96 
f 3838/81/90 3835/80/88 3844/88/96 3841/85/93 
f 3827/76/184 3826/75/183 3842/86/94 
f 3831/78/84 3830/77/83 3843/87/95 
f 3835/80/88 3834/79/185 3844/88/96 
f 3839/82/91 3838/81/90 3841/85/93 
f 3811/68/73 3810/67/72 3845/89/97 3846/90/98 
f 3816/70/180 3815/69/75 3847/91/99 3845/70/97 
f 3820/72/78 3819/71/77 3848/92/100 3847/91/99 
f 3824/74/182 3823/73/181 3846/90/98 3848/92/100 
f 3810/67/72 3816/84/180 3845/89/97 
f 3815/69/75 3820/72/78 3847/91/99 
f 3819/71/77 3824/74/182 3848/92/100 
f 3823/73/181 3811/68/73 3846/90/98 
s 4
f 3841/85/93 3844/88/96 3843/87/95 3842/83/94 
s 16
f 3845/89/97 3847/91/99 3848/92/100 3846/90/98 
s 1
f 3849/16/52 3850/17/52 3851/18/53 3852/19/53 
f 3853/20/186 3854/21/178 3855/22/55 3856/23/54 
f 3857/24/85 3858/25/86 3859/26/86 3860/27/85 
f 3861/28/179 3862/29/187 3863/30/60 3864/31/59 
s 2
f 3850/17/52 3849/16/52 3853/32/186 3856/33/54 
f 3855/22/55 3854/21/178 3857/24/85 3860/27/85 
f 3859/26/86 3858/25/86 3861/28/179 3864/31/59 
f 3863/30/60 3862/29/187 3852/19/53 3851/18/53 
s 1
f 3865/16/52 3866/93/101 3867/94/102 3868/19/53 
f 3869/20/54 3870/21/74 3871/95/188 3872/96/104 
f 3873/24/85 3874/25/86 3875/97/105 3876/98/106 
f 3877/28/89 3878/29/60 3879/99/107 3880/100/189 
s 2
f 3881/17/52 3882/101/190 3883/102/110 3884/33/54 
f 3885/22/191 3886/103/111 3887/104/112 3888/27/85 
f 3889/26/86 3890/105/113 3891/106/114 3892/31/192 
f 3893/30/60 3894/107/115 3895/108/193 3896/18/53 
s 1
f 3897/16/52 3898/109/117 3899/110/118 3900/19/53 
f 3901/20/54 3902/21/74 3903/111/120 3904/112/121 
f 3905/24/85 3906/25/86 3907/113/122 3908/114/123 
f 3909/28/89 3910/29/60 3911/115/125 3912/116/126 
s 2
f 3913/17/52 3914/117/127 3915/118/128 3916/33/186 
f 3917/22/191 3918/119/194 3919/120/195 3920/27/85 
f 3921/26/86 3922/121/196 3923/122/197 3924/31/192 
f 3925/30/187 3926/123/133 3927/124/134 3928/18/53 
s 1
f 3914/117/127 3913/17/52 3928/18/53 3927/124/134 
f 3918/119/194 3917/22/191 3916/23/186 3915/125/128 
f 3922/121/196 3921/26/86 3920/27/85 3919/120/195 
f 3926/123/133 3925/30/187 3924/31/192 3923/122/197 
f 3882/101/190 3881/17/52 3896/18/53 3895/108/193 
f 3886/103/111 3885/22/191 3884/23/54 3883/126/110 
f 3890/105/113 3889/26/86 3888/27/85 3887/104/112 
f 3894/107/115 3893/30/60 3892/31/192 3891/106/114 
s 2
f 3898/109/117 3897/16/52 3901/32/54 3904/127/121 
f 3903/111/120 3902/21/74 3905/24/85 3908/114/123 
f 3907/113/122 3906/25/86 3909/28/89 3912/116/126 
f 3911/115/125 3910/29/60 3900/19/53 3899/110/118 
f 3866/93/101 3865/16/52 3869/32/54 3872/128/104 
f 3871/95/188 3870/21/74 3873/24/85 3876/98/106 
f 3875/97/105 3874/25/86 3877/28/89 3880/100/189 
f 3879/99/107 3878/29/60 3868/19/53 3867/94/102 
s off
f 3914/117/127 3927/124/134 3929/129/135 3930/130/136 
f 3918/119/194 3915/125/128 3930/125/136 3931/131/137 
f 3922/121/196 3919/120/195 3931/131/137 3932/132/138 
f 3926/123/133 3923/122/197 3932/132/138 3929/129/135 
f 3915/118/128 3914/117/127 3930/130/136 
f 3919/120/195 3918/119/194 3931/131/137 
f 3923/122/197 3922/121/196 3932/132/138 
f 3927/124/134 3926/123/133 3929/129/135 
f 3883/102/110 3882/101/190 3933/133/139 
f 3887/104/112 3886/103/111 3934/134/198 
f 3891/106/114 3890/105/113 3935/135/199 
f 3895/108/193 3894/107/115 3936/136/142 
f 3882/101/190 3895/108/193 3936/136/142 3933/133/139 
f 3886/103/111 3883/126/110 3933/126/139 3934/134/198 
f 3890/105/113 3887/104/112 3934/134/198 3935/135/199 
f 3894/107/115 3891/106/114 3935/135/199 3936/136/142 
f 3899/110/118 3898/109/117 3937/137/200 3938/138/201 
f 3904/112/121 3903/111/120 3939/139/202 3937/112/200 
f 3908/114/123 3907/113/122 3940/140/203 3939/139/202 
f 3912/116/126 3911/115/125 3938/138/201 3940/140/203 
f 3898/109/117 3904/127/121 3937/137/200 
f 3903/111/120 3908/114/123 3939/139/202 
f 3907/113/122 3912/116/126 3940/140/203 
f 3911/115/125 3899/110/118 3938/138/201 
f 3867/94/102 3866/93/101 3941/141/147 3942/142/148 
f 3872/96/104 3871/95/188 3943/143/149 3941/96/147 
f 3876/98/106 3875/97/105 3944/144/150 3943/143/149 
f 3880/100/189 3879/99/107 3942/142/148 3944/144/150 
f 3866/93/101 3872/128/104 3941/141/147 
f 3871/95/188 3876/98/106 3943/143/149 
f 3875/97/105 3880/100/189 3944/144/150 
f 3879/99/107 3867/94/102 3942/142/148 
s 32
f 3929/129/135 3932/132/138 3931/131/137 3930/125/136 
f 3936/136/142 3935/135/199 3934/134/198 3933/126/139 
f 3937/137/200 3939/139/202 3940/140/203 3938/138/201 
f 3941/141/147 3943/143/149 3944/144/150 3942/142/148 
s 2
f 3945/1/1 3946/2/2 3947/3/3 3948/4/4 
s 4
f 3949/5/5 3950/6/6 3951/3/7 3952/2/8 
s 8
f 3945/5/1 3953/6/9 3954/3/28 3946/2/2 
s 2
f 3955/1/1 3956/4/4 3957/6/63 3958/5/160 
s 4
f 3959/5/5 3960/1/161 3961/4/69 3962/6/15 
s 8
f 3955/5/1 3958/1/160 3963/4/51 3964/6/9 
s 16
f 3958/5/160 3957/2/63 3965/3/62 3963/6/51 
s 32
f 3966/5/162 3967/1/37 3968/4/176 3969/6/27 
s 4
f 3950/6/6 3970/7/21 3971/8/7 3951/3/7 
s 2
f 3956/4/4 3972/9/4 3973/7/63 3957/6/63 
s 4
f 3961/4/69 3974/9/69 3975/7/44 3962/6/15 
s 16
f 3957/2/63 3973/147/63 3976/148/62 3965/3/62 
f 3955/5/1 3964/6/9 3953/6/9 3945/5/1 
s 1
f 3959/5/5 3962/6/15 3950/6/6 3949/5/5 
s 16
f 3962/10/15 3977/8/26 3978/8/27 3950/10/6 
s 8
f 3953/6/9 3979/7/9 3980/8/28 3954/3/28 
f 3963/4/51 3981/9/51 3982/7/9 3964/6/9 
s 16
f 3965/3/62 3983/8/62 3981/7/51 3963/6/51 
s 32
f 3968/4/176 3984/9/31 3985/7/163 3969/6/27 
s 64
f 3986/3/34 3977/8/26 3987/11/35 3988/12/36 
s 16
f 3969/4/27 3985/9/163 3989/146/62 3976/148/62 
f 3964/6/9 3982/7/9 3979/7/9 3953/6/9 
s 4
f 3967/13/37 3972/9/4 3990/9/4 3991/13/37 
f 3986/3/34 3988/12/36 3992/12/38 3993/3/39 
s off
f 3955/1/1 3945/1/1 3948/4/4 3956/4/4 
s 16
f 3977/8/26 3986/3/34 3993/3/39 3978/8/27 
s 8
f 3979/7/9 3949/14/5 3952/10/8 3980/8/28 
f 3981/9/51 3960/13/161 3959/14/5 3982/7/9 
s 16
f 3983/8/62 3961/10/69 3960/14/161 3981/7/51 
s 32
f 3984/9/31 3994/13/42 3995/14/164 3985/7/163 
s 64
f 3977/8/26 3962/10/15 3975/15/44 3987/11/35 
s 16
f 3985/9/163 3995/13/164 3974/145/69 3989/146/62 
f 3982/7/9 3959/14/5 3949/14/5 3979/7/9 
s 4
f 3970/7/21 3996/14/42 3997/10/45 3971/8/7 
s 2
f 3972/9/4 3967/13/37 3966/14/162 3973/7/63 
s 4
f 3974/9/69 3995/13/164 3994/14/42 3975/7/44 
s 16
f 3973/147/63 3966/1/162 3969/4/27 3976/148/62 
s 64
f 3998/11/51 3978/8/27 3993/3/39 3992/12/38 
s 16
f 3989/146/62 3983/8/62 3965/3/62 3976/148/62 
s 4
f 3972/9/4 3956/4/4 3948/4/4 3990/9/4 
s 64
f 3970/15/21 3950/10/6 3978/8/27 3998/11/51 
s 16
f 3974/145/69 3961/10/69 3983/8/62 3989/146/62 
s 2
f 3988/12/36 3987/11/35 3998/11/51 3992/12/38 
s off
f 3999/4/176 4000/9/31 3984/7/31 3968/4/176 
f 3967/1/37 3991/13/37 3999/4/176 3968/4/176 
f 3994/14/42 3984/9/31 4000/9/31 3996/13/42 
f 3996/13/42 3970/7/21 3975/7/44 3994/14/42 
f 3987/11/35 3975/7/44 3970/7/21 3998/11/51 
s 1
f 4001/16/52 4002/17/52 4003/18/53 4004/19/53 
f 4005/20/54 4006/21/178 4007/22/55 4008/23/54 
f 4009/24/85 4010/25/86 4011/26/86 4012/27/85 
f 4013/28/179 4014/29/60 4015/30/60 4016/31/59 
s 2
f 4002/17/52 4001/16/52 4005/32/54 4008/33/54 
f 4007/22/55 4006/21/178 4009/24/85 4012/27/85 
f 4011/26/86 4010/25/86 4013/28/179 4016/31/59 
f 4015/30/60 4014/29/60 4004/19/53 4003/18/53 
s 8
f 4017/34/62 4018/32/63 4019/33/63 4020/35/62 
f 4018/36/63 4021/37/64 4022/38/64 4019/39/63 
f 4021/37/64 4023/40/65 4024/41/65 4022/38/64 
f 4023/40/65 4025/42/66 4026/43/66 4024/41/65 
f 4025/42/66 4027/44/67 4028/45/67 4026/43/66 
f 4027/44/67 4029/46/68 4030/47/68 4028/45/67 
f 4029/46/68 4031/48/69 4032/49/69 4030/47/68 
f 4031/48/69 4017/34/62 4020/35/62 4032/49/69 
f 4033/34/62 4034/32/63 4035/33/63 4036/35/62 
f 4034/36/63 4037/37/4 4038/38/4 4035/39/63 
f 4037/37/4 4039/40/65 4040/41/65 4038/38/4 
f 4039/40/65 4041/42/66 4042/43/66 4040/41/65 
f 4041/42/66 4043/44/67 4044/45/67 4042/43/66 
f 4043/44/67 4045/46/70 4046/47/70 4044/45/67 
f 4045/46/70 4047/48/69 4048/49/69 4046/47/70 
f 4047/48/69 4033/34/62 4036/35/62 4048/49/69 
f 4049/34/62 4050/32/63 4051/33/63 4052/35/62 
f 4050/36/63 4053/37/4 4054/38/4 4051/39/63 
f 4053/37/4 4055/40/65 4056/41/65 4054/38/4 
f 4055/40/65 4057/42/71 4058/43/71 4056/41/65 
f 4057/42/71 4059/44/67 4060/45/67 4058/43/71 
f 4059/44/67 4061/46/70 4062/47/70 4060/45/67 
f 4061/46/70 4063/48/69 4064/49/69 4062/47/70 
f 4063/48/69 4049/34/62 4052/35/62 4064/49/69 
f 4065/34/62 4066/32/63 4067/33/63 4068/35/62 
f 4066/36/63 4069/37/4 4070/38/4 4067/39/63 
f 4069/37/4 4071/40/65 4072/41/65 4070/38/4 
f 4071/40/65 4073/42/66 4074/43/66 4072/41/65 
f 4073/42/66 4075/44/67 4076/45/67 4074/43/66 
f 4075/44/67 4077/46/70 4078/47/70 4076/45/67 
f 4077/46/70 4079/48/69 4080/49/69 4078/47/70 
f 4079/48/69 4065/34/62 4068/35/62 4080/49/69 
f 4081/34/62 4082/32/63 4083/33/63 4084/35/62 
f 4082/36/63 4085/37/4 4086/38/4 4083/39/63 
f 4085/37/4 4087/40/65 4088/41/65 4086/38/4 
f 4087/40/65 4089/42/71 4090/43/71 4088/41/65 
f 4089/42/71 4091/44/67 4092/45/67 4090/43/71 
f 4091/44/67 4093/46/70 4094/47/70 4092/45/67 
f 4093/46/70 4095/48/69 4096/49/69 4094/47/70 
f 4095/48/69 4081/34/62 4084/35/62 4096/49/69 
f 4097/34/62 4098/32/63 4099/33/63 4100/35/62 
f 4098/36/63 4101/37/4 4102/38/4 4099/39/63 
f 4101/37/4 4103/40/65 4104/41/65 4102/38/4 
f 4103/40/65 4105/42/66 4106/43/66 4104/41/65 
f 4105/42/66 4107/44/67 4108/45/67 4106/43/66 
f 4107/44/67 4109/46/70 4110/47/70 4108/45/67 
f 4109/46/70 4111/48/69 4112/49/69 4110/47/70 
f 4111/48/69 4097/34/62 4100/35/62 4112/49/69 
f 4113/34/62 4114/32/63 4115/33/63 4116/35/62 
f 4114/36/63 4117/37/4 4118/38/4 4115/39/63 
f 4117/37/4 4119/40/65 4120/41/65 4118/38/4 
f 4119/40/65 4121/42/66 4122/43/66 4120/41/65 
f 4121/42/66 4123/44/67 4124/45/67 4122/43/66 
f 4123/44/67 4125/46/70 4126/47/70 4124/45/67 
f 4125/46/70 4127/48/69 4128/49/69 4126/47/70 
f 4127/48/69 4113/34/62 4116/35/62 4128/49/69 
f 4129/34/62 4130/32/63 4131/33/63 4132/35/62 
f 4130/36/63 4133/37/64 4134/38/64 4131/39/63 
f 4133/37/64 4135/40/65 4136/41/65 4134/38/64 
f 4135/40/65 4137/42/66 4138/43/66 4136/41/65 
f 4137/42/66 4139/44/67 4140/45/67 4138/43/66 
f 4139/44/67 4141/46/68 4142/47/68 4140/45/67 
f 4141/46/68 4143/48/69 4144/49/69 4142/47/68 
f 4143/48/69 4129/34/62 4132/35/62 4144/49/69 
f 4145/34/62 4146/32/63 4147/33/63 4148/35/62 
f 4146/36/63 4149/37/4 4150/38/4 4147/39/63 
f 4149/37/4 4151/40/65 4152/41/65 4150/38/4 
f 4151/40/65 4153/42/66 4154/43/66 4152/41/65 
f 4153/42/66 4155/44/67 4156/45/67 4154/43/66 
f 4155/44/67 4157/46/70 4158/47/70 4156/45/67 
f 4157/46/70 4159/48/69 4160/49/69 4158/47/70 
f 4159/48/69 4145/34/62 4148/35/62 4160/49/69 
f 4161/34/62 4162/32/63 4163/33/63 4164/35/62 
f 4162/36/63 4165/37/4 4166/38/4 4163/39/63 
f 4165/37/4 4167/40/65 4168/41/65 4166/38/4 
f 4167/40/65 4169/42/66 4170/43/66 4168/41/65 
f 4169/42/66 4171/44/67 4172/45/67 4170/43/66 
f 4171/44/67 4173/46/70 4174/47/70 4172/45/67 
f 4173/46/70 4175/48/69 4176/49/69 4174/47/70 
f 4175/48/69 4161/34/62 4164/35/62 4176/49/69 
f 4177/34/62 4178/32/63 4179/33/63 4180/35/62 
f 4178/36/63 4181/37/4 4182/38/4 4179/39/63 
f 4181/37/4 4183/40/65 4184/41/65 4182/38/4 
f 4183/40/65 4185/42/66 4186/43/66 4184/41/65 
f 4185/42/66 4187/44/67 4188/45/67 4186/43/66 
f 4187/44/67 4189/46/70 4190/47/70 4188/45/67 
f 4189/46/70 4191/48/69 4192/49/69 4190/47/70 
f 4191/48/69 4177/34/62 4180/35/62 4192/49/69 
f 4193/34/62 4194/32/63 4195/33/63 4196/35/62 
f 4194/36/63 4197/37/64 4198/38/64 4195/39/63 
f 4197/37/64 4199/40/65 4200/41/65 4198/38/64 
f 4199/40/65 4201/42/66 4202/43/66 4200/41/65 
f 4201/42/66 4203/44/67 4204/45/67 4202/43/66 
f 4203/44/67 4205/46/68 4206/47/68 4204/45/67 
f 4205/46/68 4207/48/69 4208/49/69 4206/47/68 
f 4207/48/69 4193/34/62 4196/35/62 4208/49/69 
f 4209/34/62 4210/32/63 4211/33/63 4212/35/62 
f 4210/36/63 4213/37/4 4214/38/4 4211/39/63 
f 4213/37/4 4215/40/65 4216/41/65 4214/38/4 
f 4215/40/65 4217/42/66 4218/43/66 4216/41/65 
f 4217/42/66 4219/44/67 4220/45/67 4218/43/66 
f 4219/44/67 4221/46/70 4222/47/70 4220/45/67 
f 4221/46/70 4223/48/69 4224/49/69 4222/47/70 
f 4223/48/69 4209/34/62 4212/35/62 4224/49/69 
f 4225/34/62 4226/32/63 4227/33/63 4228/35/62 
f 4226/36/63 4229/37/64 4230/38/64 4227/39/63 
f 4229/37/64 4231/40/65 4232/41/65 4230/38/64 
f 4231/40/65 4233/42/66 4234/43/66 4232/41/65 
f 4233/42/66 4235/44/67 4236/45/67 4234/43/66 
f 4235/44/67 4237/46/68 4238/47/68 4236/45/67 
f 4237/46/68 4239/48/69 4240/49/69 4238/47/68 
f 4239/48/69 4225/34/62 4228/35/62 4240/49/69 
f 4241/34/62 4242/32/63 4243/33/63 4244/35/62 
f 4242/36/63 4245/37/4 4246/38/4 4243/39/63 
f 4245/37/4 4247/40/65 4248/41/65 4246/38/4 
f 4247/40/65 4249/42/66 4250/43/66 4248/41/65 
f 4249/42/66 4251/44/67 4252/45/67 4250/43/66 
f 4251/44/67 4253/46/70 4254/47/70 4252/45/67 
f 4253/46/70 4255/48/69 4256/49/69 4254/47/70 
f 4255/48/69 4241/34/62 4244/35/62 4256/49/69 
s 1
f 4257/50/63 4258/33/63 4259/35/62 4260/51/62 
s 2
f 4261/52/4 4262/38/4 4258/39/63 4257/53/63 
s 1
f 4263/54/65 4264/41/65 4262/38/4 4261/52/4 
s 2
f 4265/55/66 4266/43/66 4264/41/65 4263/54/65 
s 1
f 4267/56/67 4268/45/67 4266/43/66 4265/55/66 
s 2
f 4269/57/70 4270/47/70 4268/45/67 4267/56/67 
s 1
f 4271/58/69 4272/49/69 4270/47/70 4269/57/70 
s 2
f 4260/51/62 4259/35/62 4272/49/69 4271/58/69 
s 1
f 4273/50/63 4274/33/63 4275/35/62 4276/51/62 
s 2
f 4277/52/64 4278/38/64 4274/39/63 4273/53/63 
s 1
f 4279/54/65 4280/41/65 4278/38/64 4277/52/64 
s 2
f 4281/55/66 4282/43/66 4280/41/65 4279/54/65 
s 1
f 4283/56/67 4284/45/67 4282/43/66 4281/55/66 
s 2
f 4285/57/68 4286/47/68 4284/45/67 4283/56/67 
s 1
f 4287/58/69 4288/49/69 4286/47/68 4285/57/68 
s 2
f 4276/51/62 4275/35/62 4288/49/69 4287/58/69 
s 1
f 4289/50/63 4290/33/63 4291/35/62 4292/51/62 
s 2
f 4293/52/4 4294/38/4 4290/39/63 4289/53/63 
s 1
f 4295/54/65 4296/41/65 4294/38/4 4293/52/4 
s 2
f 4297/55/66 4298/43/66 4296/41/65 4295/54/65 
s 1
f 4299/56/67 4300/45/67 4298/43/66 4297/55/66 
s 2
f 4301/57/70 4302/47/70 4300/45/67 4299/56/67 
s 1
f 4303/58/69 4304/49/69 4302/47/70 4301/57/70 
s 2
f 4292/51/62 4291/35/62 4304/49/69 4303/58/69 
s 1
f 4305/50/63 4306/33/63 4307/35/62 4308/51/62 
s 2
f 4309/52/64 4310/38/64 4306/39/63 4305/53/63 
s 1
f 4311/54/65 4312/41/65 4310/38/64 4309/52/64 
s 2
f 4313/55/66 4314/43/66 4312/41/65 4311/54/65 
s 1
f 4315/56/67 4316/45/67 4314/43/66 4313/55/66 
s 2
f 4317/57/68 4318/47/68 4316/45/67 4315/56/67 
s 1
f 4319/58/69 4320/49/69 4318/47/68 4317/57/68 
s 2
f 4308/51/62 4307/35/62 4320/49/69 4319/58/69 
s 1
f 4321/50/63 4322/33/63 4323/35/62 4324/51/62 
s 2
f 4325/52/4 4326/38/4 4322/39/63 4321/53/63 
s 1
f 4327/54/65 4328/41/65 4326/38/4 4325/52/4 
s 2
f 4329/55/66 4330/43/66 4328/41/65 4327/54/65 
s 1
f 4331/56/67 4332/45/67 4330/43/66 4329/55/66 
s 2
f 4333/57/70 4334/47/70 4332/45/67 4331/56/67 
s 1
f 4335/58/69 4336/49/69 4334/47/70 4333/57/70 
s 2
f 4324/51/62 4323/35/62 4336/49/69 4335/58/69 
s 1
f 4337/40/65 4338/44/67 4339/45/67 4340/41/65 
s 2
f 4338/44/67 4341/59/69 4342/60/69 4339/45/67 
s 1
f 4343/32/63 4344/33/63 4345/49/69 4346/48/69 
s 2
f 4343/36/63 4347/61/65 4348/62/65 4344/39/63 
f 4349/63/63 4337/40/65 4340/41/65 4350/64/63 
f 4351/65/67 4346/48/69 4345/49/69 4352/66/67 
s off
f 4351/65/67 4352/66/67 4348/62/65 4347/61/65 
f 4349/63/63 4350/64/63 4342/60/69 4341/59/69 
s 1
f 4353/16/52 4354/67/72 4355/68/73 4356/19/53 
f 4357/20/54 4358/21/74 4359/69/75 4360/70/180 
f 4361/24/57 4362/25/58 4363/71/77 4364/72/78 
f 4365/28/89 4366/29/60 4367/73/181 4368/74/182 
s 2
f 4369/17/52 4370/75/183 4371/76/184 4372/33/54 
f 4373/22/74 4374/77/83 4375/78/84 4376/27/85 
f 4377/26/86 4378/79/185 4379/80/88 4380/31/89 
f 4381/30/60 4382/81/90 4383/82/91 4384/18/92 
s 1
f 4370/75/183 4369/17/52 4384/18/92 4383/82/91 
f 4374/77/83 4373/22/74 4372/23/54 4371/83/184 
f 4378/79/185 4377/26/86 4376/27/85 4375/78/84 
f 4382/81/90 4381/30/60 4380/31/89 4379/80/88 
s 2
f 4354/67/72 4353/16/52 4357/32/54 4360/84/180 
f 4359/69/75 4358/21/74 4361/24/57 4364/72/78 
f 4363/71/77 4362/25/58 4365/28/89 4368/74/182 
f 4367/73/181 4366/29/60 4356/19/53 4355/68/73 
s off
f 4370/75/183 4383/82/91 4385/85/93 4386/86/94 
f 4374/77/83 4371/83/184 4386/83/94 4387/87/95 
f 4378/79/185 4375/78/84 4387/87/95 4388/88/96 
f 4382/81/90 4379/80/88 4388/88/96 4385/85/93 
f 4371/76/184 4370/75/183 4386/86/94 
f 4375/78/84 4374/77/83 4387/87/95 
f 4379/80/88 4378/79/185 4388/88/96 
f 4383/82/91 4382/81/90 4385/85/93 
f 4355/68/73 4354/67/72 4389/89/97 4390/90/98 
f 4360/70/180 4359/69/75 4391/91/99 4389/70/97 
f 4364/72/78 4363/71/77 4392/92/100 4391/91/99 
f 4368/74/182 4367/73/181 4390/90/98 4392/92/100 
f 4354/67/72 4360/84/180 4389/89/97 
f 4359/69/75 4364/72/78 4391/91/99 
f 4363/71/77 4368/74/182 4392/92/100 
f 4367/73/181 4355/68/73 4390/90/98 
s 4
f 4385/85/93 4388/88/96 4387/87/95 4386/83/94 
s 16
f 4389/89/97 4391/91/99 4392/92/100 4390/90/98 
s 1
f 4393/16/52 4394/17/52 4395/18/53 4396/19/53 
f 4397/20/186 4398/21/178 4399/22/55 4400/23/54 
f 4401/24/85 4402/25/86 4403/26/86 4404/27/85 
f 4405/28/179 4406/29/187 4407/30/60 4408/31/59 
s 2
f 4394/17/52 4393/16/52 4397/32/186 4400/33/54 
f 4399/22/55 4398/21/178 4401/24/85 4404/27/85 
f 4403/26/86 4402/25/86 4405/28/179 4408/31/59 
f 4407/30/60 4406/29/187 4396/19/53 4395/18/53 
s 1
f 4409/16/52 4410/93/101 4411/94/102 4412/19/53 
f 4413/20/54 4414/21/74 4415/95/188 4416/96/104 
f 4417/24/85 4418/25/86 4419/97/105 4420/98/106 
f 4421/28/89 4422/29/60 4423/99/107 4424/100/189 
s 2
f 4425/17/52 4426/101/190 4427/102/110 4428/33/54 
f 4429/22/191 4430/103/111 4431/104/112 4432/27/85 
f 4433/26/86 4434/105/113 4435/106/114 4436/31/192 
f 4437/30/60 4438/107/115 4439/108/193 4440/18/53 
s 1
f 4441/16/52 4442/109/117 4443/110/118 4444/19/53 
f 4445/20/54 4446/21/74 4447/111/120 4448/112/121 
f 4449/24/85 4450/25/86 4451/113/122 4452/114/123 
f 4453/28/89 4454/29/60 4455/115/125 4456/116/126 
s 2
f 4457/17/52 4458/117/127 4459/118/128 4460/33/186 
f 4461/22/191 4462/119/194 4463/120/195 4464/27/85 
f 4465/26/86 4466/121/196 4467/122/197 4468/31/192 
f 4469/30/187 4470/123/133 4471/124/134 4472/18/53 
s 1
f 4458/117/127 4457/17/52 4472/18/53 4471/124/134 
f 4462/119/194 4461/22/191 4460/23/186 4459/125/128 
f 4466/121/196 4465/26/86 4464/27/85 4463/120/195 
f 4470/123/133 4469/30/187 4468/31/192 4467/122/197 
f 4426/101/190 4425/17/52 4440/18/53 4439/108/193 
f 4430/103/111 4429/22/191 4428/23/54 4427/126/110 
f 4434/105/113 4433/26/86 4432/27/85 4431/104/112 
f 4438/107/115 4437/30/60 4436/31/192 4435/106/114 
s 2
f 4442/109/117 4441/16/52 4445/32/54 4448/127/121 
f 4447/111/120 4446/21/74 4449/24/85 4452/114/123 
f 4451/113/122 4450/25/86 4453/28/89 4456/116/126 
f 4455/115/125 4454/29/60 4444/19/53 4443/110/118 
f 4410/93/101 4409/16/52 4413/32/54 4416/128/104 
f 4415/95/188 4414/21/74 4417/24/85 4420/98/106 
f 4419/97/105 4418/25/86 4421/28/89 4424/100/189 
f 4423/99/107 4422/29/60 4412/19/53 4411/94/102 
s off
f 4458/117/127 4471/124/134 4473/129/135 4474/130/136 
f 4462/119/194 4459/125/128 4474/125/136 4475/131/137 
f 4466/121/196 4463/120/195 4475/131/137 4476/132/138 
f 4470/123/133 4467/122/197 4476/132/138 4473/129/135 
f 4459/118/128 4458/117/127 4474/130/136 
f 4463/120/195 4462/119/194 4475/131/137 
f 4467/122/197 4466/121/196 4476/132/138 
f 4471/124/134 4470/123/133 4473/129/135 
f 4427/102/110 4426/101/190 4477/133/139 
f 4431/104/112 4430/103/111 4478/134/198 
f 4435/106/114 4434/105/113 4479/135/199 
f 4439/108/193 4438/107/115 4480/136/142 
f 4426/101/190 4439/108/193 4480/136/142 4477/133/139 
f 4430/103/111 4427/126/110 4477/126/139 4478/134/198 
f 4434/105/113 4431/104/112 4478/134/198 4479/135/199 
f 4438/107/115 4435/106/114 4479/135/199 4480/136/142 
f 4443/110/118 4442/109/117 4481/137/200 4482/138/201 
f 4448/112/121 4447/111/120 4483/139/202 4481/112/200 
f 4452/114/123 4451/113/122 4484/140/203 4483/139/202 
f 4456/116/126 4455/115/125 4482/138/201 4484/140/203 
f 4442/109/117 4448/127/121 4481/137/200 
f 4447/111/120 4452/114/123 4483/139/202 
f 4451/113/122 4456/116/126 4484/140/203 
f 4455/115/125 4443/110/118 4482/138/201 
f 4411/94/102 4410/93/101 4485/141/147 4486/142/148 
f 4416/96/104 4415/95/188 4487/143/149 4485/96/147 
f 4420/98/106 4419/97/105 4488/144/150 4487/143/149 
f 4424/100/189 4423/99/107 4486/142/148 4488/144/150 
f 4410/93/101 4416/128/104 4485/141/147 
f 4415/95/188 4420/98/106 4487/143/149 
f 4419/97/105 4424/100/189 4488/144/150 
f 4423/99/107 4411/94/102 4486/142/148 
s 32
f 4473/129/135 4476/132/138 4475/131/137 4474/125/136 
f 4480/136/142 4479/135/199 4478/134/198 4477/126/139 
f 4481/137/200 4483/139/202 4484/140/203 4482/138/201 
f 4485/141/147 4487/143/149 4488/144/150 4486/142/148 
f 4489/3/165 2335/4/176 2319/1/37 4490/2/166 
s 2
f 4491/3/167 4492/3/168 4493/2/169 4494/2/170 
s 4
f 2323/2/41 2322/2/40 2297/3/22 2300/3/25 
s 8
f 4494/2/170 4493/2/169 2305/3/28 2308/3/30 
s 32
f 2329/2/177 2317/1/37 2309/4/176 2312/3/33 
s 2
f 4495/8/3 2318/9/4 2272/4/4 2271/3/3 
f 4496/8/167 4497/8/168 4492/3/168 4491/3/167 
s 4
f 4498/8/14 2326/7/44 2286/6/15 2285/3/14 
s 32
f 4499/8/171 2336/9/31 2335/4/176 4489/3/165 
s 8
f 4500/8/16 2316/7/9 2288/6/9 2287/3/16 
s 32
f 4501/8/32 4502/8/19 2291/3/19 2290/3/18 
f 2328/10/45 2327/13/42 2336/9/31 4499/8/171 
s 8
f 2284/10/13 2283/14/5 2316/7/9 4500/8/16 
s 32
f 4503/10/172 4504/10/173 4502/8/19 4501/8/32 
s 2
f 4490/10/166 2319/13/37 2318/9/4 4495/8/3 
f 2289/10/17 2292/10/20 4497/8/168 4496/8/167 
s 4
f 2325/10/43 2324/14/42 2326/7/44 4498/8/14 
s 32
f 4505/3/19 2891/4/176 2875/1/37 4506/2/166 
s 2
f 4507/3/167 4508/3/168 4509/2/169 4510/2/170 
s 4
f 2879/2/41 2878/2/40 2853/3/22 2856/3/25 
s 8
f 4510/2/170 4509/2/169 2861/3/28 2864/3/30 
s 32
f 2885/2/46 2873/1/37 2865/4/176 2868/3/33 
s 2
f 4511/8/3 2874/9/4 2828/4/4 2827/3/3 
f 4512/8/167 4513/8/168 4508/3/168 4507/3/167 
s 4
f 4514/8/14 2882/7/44 2842/6/15 2841/3/14 
s 32
f 4515/8/171 2892/9/31 2891/4/176 4505/3/19 
s 8
f 4516/8/16 2872/7/9 2844/6/9 2843/3/16 
s 32
f 4517/8/32 4518/8/19 2847/3/19 2846/3/18 
f 2884/10/45 2883/13/42 2892/9/31 4515/8/171 
s 8
f 2840/10/13 2839/14/5 2872/7/9 4516/8/16 
s 32
f 4519/10/172 4520/10/173 4518/8/19 4517/8/32 
s 2
f 4506/10/166 2875/13/37 2874/9/4 4511/8/3 
f 2845/10/17 2848/10/20 4513/8/168 4512/8/167 
s 4
f 2881/10/43 2880/14/42 2882/7/44 4514/8/14 
s 2
f 4521/3/167 4522/3/174 4523/2/169 4524/2/170 
s 4
f 3447/2/41 3446/2/40 3418/3/22 3421/3/25 
s 8
f 4524/2/170 4523/2/169 3428/3/28 3431/3/158 
s 32
f 3451/2/177 3441/1/37 3432/4/176 3435/3/33 
s 2
f 4525/8/167 4526/8/174 4522/3/174 4521/3/167 
s 4
f 4527/8/14 3450/7/44 3403/6/15 3402/3/14 
s 8
f 4528/8/175 3440/7/9 3405/6/9 3404/3/157 
s 32
f 4529/8/32 4530/8/19 3408/3/19 3407/3/18 
s 8
f 3401/10/13 3400/14/5 3440/7/9 4528/8/175 
s 32
f 4531/10/172 4532/10/173 4530/8/19 4529/8/32 
s 2
f 3406/10/17 3409/10/20 4526/8/174 4525/8/167 
s 4
f 3449/10/43 3448/14/42 3450/7/44 4527/8/14 
s 32
f 4533/3/19 3999/4/176 3991/1/37 4534/2/166 
s 2
f 4535/8/3 3990/9/4 3948/4/4 3947/3/3 
s 32
f 4536/8/171 4000/9/31 3999/4/176 4533/3/19 
f 3997/10/45 3996/13/42 4000/9/31 4536/8/171 
s 2
f 4534/10/166 3991/13/37 3990/9/4 4535/8/3 
s off
f 2282/2/12 2281/3/11 4491/3/167 4494/2/170 
f 2281/3/11 2296/8/11 4496/8/167 4491/3/167 
f 2296/8/11 2329/10/177 2289/10/17 4496/8/167 
f 2329/2/177 2312/3/33 2290/3/18 2289/2/17 
f 2312/3/33 2311/8/32 4501/8/32 2290/3/18 
f 2311/8/32 2325/10/43 4503/10/172 4501/8/32 
f 2325/10/43 4498/8/14 2299/8/24 4503/10/172 
f 4498/8/14 2285/3/14 2300/3/25 2299/8/24 
f 2285/3/14 2284/2/13 2323/2/41 2300/3/25 
f 2284/10/13 4500/8/16 2307/8/29 2323/10/41 
f 4500/8/16 2287/3/16 2308/3/30 2307/8/29 
f 2287/3/16 2282/2/12 4494/2/170 2308/3/30 
f 3947/3/3 3946/2/2 4493/2/169 4492/3/168 
f 3946/2/2 3954/3/28 2305/3/28 4493/2/169 
f 3954/3/28 3980/8/28 2306/8/28 2305/3/28 
f 3980/8/28 3952/10/8 2322/10/40 2306/8/28 
f 3952/2/8 3951/3/7 2297/3/22 2322/2/40 
f 3951/3/7 3971/8/7 2298/8/23 2297/3/22 
f 3971/8/7 3997/10/45 4504/10/173 2298/8/23 
f 3997/10/45 4536/8/171 4502/8/19 4504/10/173 
f 4536/8/171 4533/3/19 2291/3/19 4502/8/19 
f 4533/3/19 4534/2/166 2292/2/20 2291/3/19 
f 4534/10/166 4535/8/3 4497/8/168 2292/10/20 
f 4535/8/3 3947/3/3 4492/3/168 4497/8/168 
f 2271/3/3 2270/2/2 4509/2/169 4508/3/168 
f 2270/2/2 2278/3/10 2861/3/28 4509/2/169 
f 2278/3/10 2304/8/10 2862/8/10 2861/3/28 
f 2304/8/10 2276/10/8 2878/10/40 2862/8/10 
f 2276/2/8 2275/3/7 2853/3/22 2878/2/40 
f 2275/3/7 2294/8/7 2854/8/23 2853/3/22 
f 2294/8/7 2328/10/45 4520/10/173 2854/8/23 
f 2328/10/45 4499/8/171 4518/8/19 4520/10/173 
f 4499/8/171 4489/3/165 2847/3/19 4518/8/19 
f 4489/3/165 4490/2/166 2848/2/20 2847/3/19 
f 4490/10/166 4495/8/3 4513/8/168 2848/10/20 
f 4495/8/3 2271/3/3 4508/3/168 4513/8/168 
f 2838/2/12 2837/3/11 4507/3/167 4510/2/170 
f 2837/3/11 2852/8/11 4512/8/167 4507/3/167 
f 2852/8/11 2885/10/46 2845/10/17 4512/8/167 
f 2885/2/46 2868/3/33 2846/3/18 2845/2/17 
f 2868/3/33 2867/8/32 4517/8/32 2846/3/18 
f 2867/8/32 2881/10/43 4519/10/172 4517/8/32 
f 2881/10/43 4514/8/14 2855/8/24 4519/10/172 
f 4514/8/14 2841/3/14 2856/3/25 2855/8/24 
f 2841/3/14 2840/2/13 2879/2/41 2856/3/25 
f 2840/10/13 4516/8/16 2863/8/29 2879/10/41 
f 4516/8/16 2843/3/16 2864/3/30 2863/8/29 
f 2843/3/16 2838/2/12 4510/2/170 2864/3/30 
f 2827/3/3 2826/2/2 4523/2/169 4522/3/174 
f 2826/2/2 2834/3/28 3428/3/28 4523/2/169 
f 2834/3/28 2860/8/28 3429/8/28 3428/3/28 
f 2860/8/28 2832/10/8 3446/10/40 3429/8/28 
f 2832/2/8 2831/3/7 3418/3/22 3446/2/40 
f 2831/3/7 2850/8/7 3419/8/23 3418/3/22 
f 2850/8/7 2884/10/45 4532/10/173 3419/8/23 
f 2884/10/45 4515/8/171 4530/8/19 4532/10/173 
f 4515/8/171 4505/3/19 3408/3/19 4530/8/19 
f 4505/3/19 4506/2/166 3409/2/20 3408/3/19 
f 4506/10/166 4511/8/3 4526/8/174 3409/10/20 
f 4511/8/3 2827/3/3 4522/3/174 4526/8/174 
f 3399/2/12 3398/3/11 4521/3/167 4524/2/170 
f 3398/3/11 3417/8/11 4525/8/167 4521/3/167 
f 3417/8/11 3451/10/177 3406/10/17 4525/8/167 
f 3451/2/177 3435/3/33 3407/3/18 3406/2/17 
f 3435/3/33 3434/8/18 4529/8/32 3407/3/18 
f 3434/8/18 3449/10/43 4531/10/172 4529/8/32 
f 3449/10/43 4527/8/14 3420/8/24 4531/10/172 
f 4527/8/14 3402/3/14 3421/3/25 3420/8/24 
f 3402/3/14 3401/2/13 3447/2/41 3421/3/25 
f 3401/10/13 4528/8/175 3430/8/30 3447/10/41 
f 4528/8/175 3404/3/157 3431/3/158 3430/8/30 
f 3404/3/157 3399/2/12 4524/2/170 3431/3/158 
s 32
f 4504/10/173 4503/10/172 2332/10/49 2331/10/48 
s off
f 4503/10/172 2299/8/24 2333/8/50 2332/10/49 
f 2299/8/24 2298/8/23 2330/8/47 2333/8/50 
f 2298/8/23 4504/10/173 2331/10/48 2330/8/47 
s 32
f 4520/10/173 4519/10/172 2888/10/49 2887/10/48 
s off
f 4519/10/172 2855/8/24 2889/8/50 2888/10/49 
f 2855/8/24 2854/8/23 2886/8/47 2889/8/50 
f 2854/8/23 4520/10/173 2887/10/48 2886/8/47 
s 32
f 4532/10/173 4531/10/172 3454/10/49 3453/10/48 
s off
f 4531/10/172 3420/8/24 3455/8/50 3454/10/49 
f 3420/8/24 3419/8/23 3452/8/47 3455/8/50 
f 3419/8/23 4532/10/173 3453/10/48 3452/8/47 
s 2
f 4537/1/204 4538/4/70 4539/3/205 4540/2/206 
s 4
f 4541/5/207 4542/2/208 4543/3/209 4544/6/210 
s 8
f 4537/5/204 4540/2/206 4545/3/211 4546/6/212 
s 2
f 4547/1/204 4548/2/213 4549/3/214 4550/4/70 
s 4
f 4551/5/207 4552/6/215 4553/3/216 4554/2/217 
s 8
f 4547/5/204 4555/6/212 4556/3/29 4548/2/213 
s 32
f 4557/2/218 4558/2/219 4559/3/171 4560/3/220 
s 4
f 4544/6/210 4543/3/209 4561/8/209 4562/7/221 
s 2
f 4550/4/70 4549/3/214 4563/8/214 4564/9/70 
s 4
f 4565/3/222 4566/3/223 4567/8/224 4568/8/225 
s 16
f 4547/5/204 4537/5/204 4546/6/212 4555/6/212 
s 1
f 4551/5/207 4541/5/207 4544/6/210 4552/6/215 
s 16
f 4552/10/215 4544/10/210 4569/8/27 4570/8/26 
s 8
f 4546/6/212 4545/3/211 4571/8/10 4572/7/9 
f 4573/3/226 4574/3/157 4575/8/16 4576/8/226 
s 32
f 4577/4/227 4578/3/33 4579/8/33 4580/9/227 
s 64
f 4581/3/228 4582/12/229 4583/11/153 4570/8/26 
s 16
f 4555/6/212 4546/6/212 4572/7/9 4584/7/9 
s 4
f 4585/13/230 4586/13/230 4587/9/70 4564/9/70 
f 4581/3/228 4588/3/231 4589/12/232 4582/12/229 
s off
f 4547/1/204 4550/4/70 4538/4/70 4537/1/204 
s 16
f 4570/8/26 4569/8/27 4588/3/231 4581/3/228 
s 8
f 4572/7/9 4571/8/10 4542/10/208 4541/14/207 
f 4576/8/226 4575/8/16 4590/10/233 4591/10/234 
s 32
f 4580/9/227 4579/8/33 4592/10/235 4593/13/236 
s 64
f 4570/8/26 4583/11/153 4594/15/237 4552/10/215 
s 16
f 4584/7/9 4572/7/9 4541/14/207 4551/14/207 
s 4
f 4562/7/221 4561/8/209 4595/10/238 4596/14/236 
s 2
f 4564/9/70 4563/8/214 4597/10/239 4585/13/230 
s 4
f 4598/8/240 4599/8/241 4600/10/242 4601/10/243 
s 64
f 4602/11/244 4589/12/232 4588/3/231 4569/8/27 
s 4
f 4564/9/70 4587/9/70 4538/4/70 4550/4/70 
s 64
f 4562/15/221 4602/11/244 4569/8/27 4544/10/210 
s 2
f 4582/12/229 4589/12/232 4602/11/244 4583/11/153 
s off
f 4603/4/227 4577/4/227 4580/7/227 4604/9/227 
f 4585/1/230 4577/4/227 4603/4/227 4586/13/230 
f 4593/14/236 4596/13/236 4604/9/227 4580/9/227 
f 4596/13/236 4593/14/236 4594/7/237 4562/7/221 
f 4583/11/153 4602/11/244 4562/7/221 4594/7/237 
s 1
f 4605/16/53 4606/19/52 4607/18/52 4608/17/53 
f 4609/20/60 4610/23/60 4611/22/61 4612/21/59 
f 4613/24/58 4614/27/58 4615/26/57 4616/25/57 
f 4617/28/55 4618/31/56 4619/30/54 4620/29/54 
s 2
f 4608/17/53 4610/33/60 4609/32/60 4605/16/53 
f 4611/22/61 4614/27/58 4613/24/58 4612/21/59 
f 4615/26/57 4618/31/56 4617/28/55 4616/25/57 
f 4619/30/54 4607/18/52 4606/19/52 4620/29/54 
s 8
f 4621/34/245 4622/35/245 4623/33/69 4624/32/69 
f 4624/36/69 4623/39/69 4625/38/68 4626/37/68 
f 4626/37/68 4625/38/68 4627/41/67 4628/40/67 
f 4628/40/67 4627/41/67 4629/43/154 4630/42/154 
f 4630/42/154 4629/43/154 4631/45/65 4632/44/65 
f 4632/44/65 4631/45/65 4633/47/64 4634/46/64 
f 4634/46/64 4633/47/64 4635/49/63 4636/48/63 
f 4636/48/63 4635/49/63 4622/35/245 4621/34/245 
f 4637/34/245 4638/35/245 4639/33/69 4640/32/69 
f 4640/36/69 4639/39/69 4641/38/70 4642/37/70 
f 4642/37/70 4641/38/70 4643/41/67 4644/40/67 
f 4644/40/67 4643/41/67 4645/43/154 4646/42/154 
f 4646/42/154 4645/43/154 4647/45/65 4648/44/65 
f 4648/44/65 4647/45/65 4649/47/4 4650/46/4 
f 4650/46/4 4649/47/4 4651/49/63 4652/48/63 
f 4652/48/63 4651/49/63 4638/35/245 4637/34/245 
f 4653/34/245 4654/35/245 4655/33/69 4656/32/69 
f 4656/36/69 4655/39/69 4657/38/70 4658/37/70 
f 4658/37/70 4657/38/70 4659/41/67 4660/40/67 
f 4660/40/67 4659/41/67 4661/43/246 4662/42/246 
f 4662/42/246 4661/43/246 4663/45/65 4664/44/65 
f 4664/44/65 4663/45/65 4665/47/4 4666/46/4 
f 4666/46/4 4665/47/4 4667/49/63 4668/48/63 
f 4668/48/63 4667/49/63 4654/35/245 4653/34/245 
f 4669/34/245 4670/35/245 4671/33/69 4672/32/69 
f 4672/36/69 4671/39/69 4673/38/70 4674/37/70 
f 4674/37/70 4673/38/70 4675/41/67 4676/40/67 
f 4676/40/67 4675/41/67 4677/43/154 4678/42/154 
f 4678/42/154 4677/43/154 4679/45/65 4680/44/65 
f 4680/44/65 4679/45/65 4681/47/4 4682/46/4 
f 4682/46/4 4681/47/4 4683/49/63 4684/48/63 
f 4684/48/63 4683/49/63 4670/35/245 4669/34/245 
f 4685/34/245 4686/35/245 4687/33/69 4688/32/69 
f 4688/36/69 4687/39/69 4689/38/70 4690/37/70 
f 4690/37/70 4689/38/70 4691/41/67 4692/40/67 
f 4692/40/67 4691/41/67 4693/43/246 4694/42/246 
f 4694/42/246 4693/43/246 4695/45/65 4696/44/65 
f 4696/44/65 4695/45/65 4697/47/4 4698/46/4 
f 4698/46/4 4697/47/4 4699/49/63 4700/48/63 
f 4700/48/63 4699/49/63 4686/35/245 4685/34/245 
f 4701/34/245 4702/35/245 4703/33/69 4704/32/69 
f 4704/36/69 4703/39/69 4705/38/70 4706/37/70 
f 4706/37/70 4705/38/70 4707/41/67 4708/40/67 
f 4708/40/67 4707/41/67 4709/43/154 4710/42/154 
f 4710/42/154 4709/43/154 4711/45/65 4712/44/65 
f 4712/44/65 4711/45/65 4713/47/4 4714/46/4 
f 4714/46/4 4713/47/4 4715/49/63 4716/48/63 
f 4716/48/63 4715/49/63 4702/35/245 4701/34/245 
f 4717/34/245 4718/35/245 4719/33/69 4720/32/69 
f 4720/36/69 4719/39/69 4721/38/70 4722/37/70 
f 4722/37/70 4721/38/70 4723/41/67 4724/40/67 
f 4724/40/67 4723/41/67 4725/43/154 4726/42/154 
f 4726/42/154 4725/43/154 4727/45/65 4728/44/65 
f 4728/44/65 4727/45/65 4729/47/4 4730/46/4 
f 4730/46/4 4729/47/4 4731/49/63 4732/48/63 
f 4732/48/63 4731/49/63 4718/35/245 4717/34/245 
f 4733/34/245 4734/35/245 4735/33/69 4736/32/69 
f 4736/36/69 4735/39/69 4737/38/68 4738/37/68 
f 4738/37/68 4737/38/68 4739/41/67 4740/40/67 
f 4740/40/67 4739/41/67 4741/43/154 4742/42/154 
f 4742/42/154 4741/43/154 4743/45/65 4744/44/65 
f 4744/44/65 4743/45/65 4745/47/64 4746/46/64 
f 4746/46/64 4745/47/64 4747/49/63 4748/48/63 
f 4748/48/63 4747/49/63 4734/35/245 4733/34/245 
f 4749/34/245 4750/35/245 4751/33/69 4752/32/69 
f 4752/36/69 4751/39/69 4753/38/70 4754/37/70 
f 4754/37/70 4753/38/70 4755/41/67 4756/40/67 
f 4756/40/67 4755/41/67 4757/43/154 4758/42/154 
f 4758/42/154 4757/43/154 4759/45/65 4760/44/65 
f 4760/44/65 4759/45/65 4761/47/4 4762/46/4 
f 4762/46/4 4761/47/4 4763/49/63 4764/48/63 
f 4764/48/63 4763/49/63 4750/35/245 4749/34/245 
f 4765/34/245 4766/35/245 4767/33/69 4768/32/69 
f 4768/36/69 4767/39/69 4769/38/70 4770/37/70 
f 4770/37/70 4769/38/70 4771/41/67 4772/40/67 
f 4772/40/67 4771/41/67 4773/43/154 4774/42/154 
f 4774/42/154 4773/43/154 4775/45/65 4776/44/65 
f 4776/44/65 4775/45/65 4777/47/4 4778/46/4 
f 4778/46/4 4777/47/4 4779/49/63 4780/48/63 
f 4780/48/63 4779/49/63 4766/35/245 4765/34/245 
f 4781/34/245 4782/35/245 4783/33/69 4784/32/69 
f 4784/36/69 4783/39/69 4785/38/70 4786/37/70 
f 4786/37/70 4785/38/70 4787/41/67 4788/40/67 
f 4788/40/67 4787/41/67 4789/43/154 4790/42/154 
f 4790/42/154 4789/43/154 4791/45/65 4792/44/65 
f 4792/44/65 4791/45/65 4793/47/4 4794/46/4 
f 4794/46/4 4793/47/4 4795/49/63 4796/48/63 
f 4796/48/63 4795/49/63 4782/35/245 4781/34/245 
f 4797/34/245 4798/35/245 4799/33/69 4800/32/69 
f 4800/36/69 4799/39/69 4801/38/68 4802/37/68 
f 4802/37/68 4801/38/68 4803/41/67 4804/40/67 
f 4804/40/67 4803/41/67 4805/43/154 4806/42/154 
f 4806/42/154 4805/43/154 4807/45/65 4808/44/65 
f 4808/44/65 4807/45/65 4809/47/64 4810/46/64 
f 4810/46/64 4809/47/64 4811/49/63 4812/48/63 
f 4812/48/63 4811/49/63 4798/35/245 4797/34/245 
f 4813/34/245 4814/35/245 4815/33/69 4816/32/69 
f 4816/36/69 4815/39/69 4817/38/70 4818/37/70 
f 4818/37/70 4817/38/70 4819/41/67 4820/40/67 
f 4820/40/67 4819/41/67 4821/43/154 4822/42/154 
f 4822/42/154 4821/43/154 4823/45/65 4824/44/65 
f 4824/44/65 4823/45/65 4825/47/4 4826/46/4 
f 4826/46/4 4825/47/4 4827/49/63 4828/48/63 
f 4828/48/63 4827/49/63 4814/35/245 4813/34/245 
f 4829/34/245 4830/35/245 4831/33/69 4832/32/69 
f 4832/36/69 4831/39/69 4833/38/68 4834/37/68 
f 4834/37/68 4833/38/68 4835/41/67 4836/40/67 
f 4836/40/67 4835/41/67 4837/43/154 4838/42/154 
f 4838/42/154 4837/43/154 4839/45/65 4840/44/65 
f 4840/44/65 4839/45/65 4841/47/64 4842/46/64 
f 4842/46/64 4841/47/64 4843/49/63 4844/48/63 
f 4844/48/63 4843/49/63 4830/35/245 4829/34/245 
f 4845/34/245 4846/35/245 4847/33/69 4848/32/69 
f 4848/36/69 4847/39/69 4849/38/70 4850/37/70 
f 4850/37/70 4849/38/70 4851/41/67 4852/40/67 
f 4852/40/67 4851/41/67 4853/43/154 4854/42/154 
f 4854/42/154 4853/43/154 4855/45/65 4856/44/65 
f 4856/44/65 4855/45/65 4857/47/4 4858/46/4 
f 4858/46/4 4857/47/4 4859/49/63 4860/48/63 
f 4860/48/63 4859/49/63 4846/35/245 4845/34/245 
s 1
f 4861/50/69 4862/51/245 4863/35/245 4864/33/69 
s 2
f 4865/52/70 4861/53/69 4864/39/69 4866/38/70 
s 1
f 4867/54/67 4865/52/70 4866/38/70 4868/41/67 
s 2
f 4869/55/154 4867/54/67 4868/41/67 4870/43/154 
s 1
f 4871/56/65 4869/55/154 4870/43/154 4872/45/65 
s 2
f 4873/57/4 4871/56/65 4872/45/65 4874/47/4 
s 1
f 4875/58/63 4873/57/4 4874/47/4 4876/49/63 
s 2
f 4862/51/245 4875/58/63 4876/49/63 4863/35/245 
s 1
f 4877/50/69 4878/51/245 4879/35/245 4880/33/69 
s 2
f 4881/52/68 4877/53/69 4880/39/69 4882/38/68 
s 1
f 4883/54/67 4881/52/68 4882/38/68 4884/41/67 
s 2
f 4885/55/154 4883/54/67 4884/41/67 4886/43/154 
s 1
f 4887/56/65 4885/55/154 4886/43/154 4888/45/65 
s 2
f 4889/57/64 4887/56/65 4888/45/65 4890/47/64 
s 1
f 4891/58/63 4889/57/64 4890/47/64 4892/49/63 
s 2
f 4878/51/245 4891/58/63 4892/49/63 4879/35/245 
s 1
f 4893/50/69 4894/51/245 4895/35/245 4896/33/69 
s 2
f 4897/52/70 4893/53/69 4896/39/69 4898/38/70 
s 1
f 4899/54/67 4897/52/70 4898/38/70 4900/41/67 
s 2
f 4901/55/154 4899/54/67 4900/41/67 4902/43/154 
s 1
f 4903/56/65 4901/55/154 4902/43/154 4904/45/65 
s 2
f 4905/57/4 4903/56/65 4904/45/65 4906/47/4 
s 1
f 4907/58/63 4905/57/4 4906/47/4 4908/49/63 
s 2
f 4894/51/245 4907/58/63 4908/49/63 4895/35/245 
s 1
f 4909/50/69 4910/51/245 4911/35/245 4912/33/69 
s 2
f 4913/52/68 4909/53/69 4912/39/69 4914/38/68 
s 1
f 4915/54/67 4913/52/68 4914/38/68 4916/41/67 
s 2
f 4917/55/154 4915/54/67 4916/41/67 4918/43/154 
s 1
f 4919/56/65 4917/55/154 4918/43/154 4920/45/65 
s 2
f 4921/57/64 4919/56/65 4920/45/65 4922/47/64 
s 1
f 4923/58/63 4921/57/64 4922/47/64 4924/49/63 
s 2
f 4910/51/245 4923/58/63 4924/49/63 4911/35/245 
s 1
f 4925/50/69 4926/51/245 4927/35/245 4928/33/69 
s 2
f 4929/52/70 4925/53/69 4928/39/69 4930/38/70 
s 1
f 4931/54/67 4929/52/70 4930/38/70 4932/41/67 
s 2
f 4933/55/154 4931/54/67 4932/41/67 4934/43/154 
s 1
f 4935/56/65 4933/55/154 4934/43/154 4936/45/65 
s 2
f 4937/57/4 4935/56/65 4936/45/65 4938/47/4 
s 1
f 4939/58/63 4937/57/4 4938/47/4 4940/49/63 
s 2
f 4926/51/245 4939/58/63 4940/49/63 4927/35/245 
s 1
f 4941/40/67 4942/41/67 4943/45/65 4944/44/65 
s 2
f 4944/44/65 4943/45/65 4945/60/63 4946/59/63 
s 1
f 4947/32/69 4948/48/63 4949/49/63 4950/33/69 
s 2
f 4947/36/69 4950/39/69 4951/62/67 4952/61/67 
f 4953/63/69 4954/64/69 4942/41/67 4941/40/67 
f 4955/65/65 4956/66/65 4949/49/63 4948/48/63 
s off
f 4955/65/65 4952/61/67 4951/62/67 4956/66/65 
f 4953/63/69 4946/59/63 4945/60/63 4954/64/69 
s 1
f 4957/16/53 4958/19/52 4959/68/72 4960/67/73 
f 4961/20/60 4962/70/79 4963/69/182 4964/21/89 
f 4965/24/58 4966/72/77 4967/71/78 4968/25/57 
f 4969/28/55 4970/74/247 4971/73/76 4972/29/54 
s 2
f 4973/17/53 4974/33/60 4975/76/248 4976/75/249 
f 4977/22/89 4978/27/86 4979/78/185 4980/77/88 
f 4981/26/85 4982/31/74 4983/80/83 4984/79/250 
f 4985/30/54 4986/18/251 4987/82/183 4988/81/184 
s 1
f 4976/75/249 4987/82/183 4986/18/251 4973/17/53 
f 4980/77/88 4975/83/248 4974/23/60 4977/22/89 
f 4984/79/250 4979/78/185 4978/27/86 4981/26/85 
f 4988/81/184 4983/80/83 4982/31/74 4985/30/54 
s 2
f 4960/67/73 4962/84/79 4961/32/60 4957/16/53 
f 4963/69/182 4966/72/77 4965/24/58 4964/21/89 
f 4967/71/78 4970/74/247 4969/28/55 4968/25/57 
f 4971/73/76 4959/68/72 4958/19/52 4972/29/54 
s off
f 4976/75/249 4989/86/93 4990/85/94 4987/82/183 
f 4980/77/88 4991/87/96 4989/83/93 4975/83/248 
f 4984/79/250 4992/88/95 4991/87/96 4979/78/185 
f 4988/81/184 4990/85/94 4992/88/95 4983/80/83 
f 4975/76/248 4989/86/93 4976/75/249 
f 4979/78/185 4991/87/96 4980/77/88 
f 4983/80/83 4992/88/95 4984/79/250 
f 4987/82/183 4990/85/94 4988/81/184 
f 4959/68/72 4993/90/97 4994/89/98 4960/67/73 
f 4962/70/79 4994/70/98 4995/91/100 4963/69/182 
f 4966/72/77 4995/91/100 4996/92/99 4967/71/78 
f 4970/74/247 4996/92/99 4993/90/97 4971/73/76 
f 4960/67/73 4994/89/98 4962/84/79 
f 4963/69/182 4995/91/100 4966/72/77 
f 4967/71/78 4996/92/99 4970/74/247 
f 4971/73/76 4993/90/97 4959/68/72 
s 4
f 4990/85/94 4989/83/93 4991/87/96 4992/88/95 
s 16
f 4994/89/98 4993/90/97 4996/92/99 4995/91/100 
s 1
f 4997/16/53 4998/19/52 4999/18/52 5000/17/53 
f 5001/20/60 5002/23/60 5003/22/59 5004/21/59 
f 5005/24/86 5006/27/86 5007/26/85 5008/25/85 
f 5009/28/55 5010/31/55 5011/30/54 5012/29/54 
s 2
f 5000/17/53 5002/33/60 5001/32/60 4997/16/53 
f 5003/22/59 5006/27/86 5005/24/86 5004/21/59 
f 5007/26/85 5010/31/55 5009/28/55 5008/25/85 
f 5011/30/54 4999/18/52 4998/19/52 5012/29/54 
s 1
f 5013/16/53 5014/19/52 5015/94/101 5016/93/102 
f 5017/20/60 5018/96/107 5019/95/108 5020/21/59 
f 5021/24/58 5022/98/105 5023/97/106 5024/25/57 
f 5025/28/55 5026/100/103 5027/99/104 5028/29/54 
s 2
f 5029/17/53 5030/33/60 5031/102/115 5032/101/116 
f 5033/22/89 5034/27/86 5035/104/113 5036/103/114 
f 5037/26/85 5038/31/74 5039/106/111 5040/105/112 
f 5041/30/54 5042/18/52 5043/108/109 5044/107/110 
s 1
f 5045/16/53 5046/19/52 5047/110/117 5048/109/118 
f 5049/20/124 5050/112/125 5051/111/126 5052/21/89 
f 5053/24/86 5054/114/122 5055/113/123 5056/25/85 
f 5057/28/74 5058/116/120 5059/115/121 5060/29/119 
s 2
f 5061/17/53 5062/33/60 5063/118/133 5064/117/134 
f 5065/22/89 5066/27/86 5067/120/131 5068/119/132 
f 5069/26/85 5070/31/74 5071/122/129 5072/121/130 
f 5073/30/54 5074/18/52 5075/124/127 5076/123/128 
s 1
f 5064/117/134 5075/124/127 5074/18/52 5061/17/53 
f 5068/119/132 5063/125/133 5062/23/60 5065/22/89 
f 5072/121/130 5067/120/131 5066/27/86 5069/26/85 
f 5076/123/128 5071/122/129 5070/31/74 5073/30/54 
f 5032/101/116 5043/108/109 5042/18/52 5029/17/53 
f 5036/103/114 5031/126/115 5030/23/60 5033/22/89 
f 5040/105/112 5035/104/113 5034/27/86 5037/26/85 
f 5044/107/110 5039/106/111 5038/31/74 5041/30/54 
s 2
f 5048/109/118 5050/127/125 5049/32/124 5045/16/53 
f 5051/111/126 5054/114/122 5053/24/86 5052/21/89 
f 5055/113/123 5058/116/120 5057/28/74 5056/25/85 
f 5059/115/121 5047/110/117 5046/19/52 5060/29/119 
f 5016/93/102 5018/128/107 5017/32/60 5013/16/53 
f 5019/95/108 5022/98/105 5021/24/58 5020/21/59 
f 5023/97/106 5026/100/103 5025/28/55 5024/25/57 
f 5027/99/104 5015/94/101 5014/19/52 5028/29/54 
s off
f 5064/117/134 5077/130/135 5078/129/136 5075/124/127 
f 5068/119/132 5079/131/138 5077/125/135 5063/125/133 
f 5072/121/130 5080/132/137 5079/131/138 5067/120/131 
f 5076/123/128 5078/129/136 5080/132/137 5071/122/129 
f 5063/118/133 5077/130/135 5064/117/134 
f 5067/120/131 5079/131/138 5068/119/132 
f 5071/122/129 5080/132/137 5072/121/130 
f 5075/124/127 5078/129/136 5076/123/128 
f 5031/102/115 5081/133/142 5032/101/116 
f 5035/104/113 5082/134/141 5036/103/114 
f 5039/106/111 5083/135/140 5040/105/112 
f 5043/108/109 5084/136/139 5044/107/110 
f 5032/101/116 5081/133/142 5084/136/139 5043/108/109 
f 5036/103/114 5082/134/141 5081/126/142 5031/126/115 
f 5040/105/112 5083/135/140 5082/134/141 5035/104/113 
f 5044/107/110 5084/136/139 5083/135/140 5039/106/111 
f 5047/110/117 5085/138/143 5086/137/144 5048/109/118 
f 5050/112/125 5086/112/144 5087/139/146 5051/111/126 
f 5054/114/122 5087/139/146 5088/140/145 5055/113/123 
f 5058/116/120 5088/140/145 5085/138/143 5059/115/121 
f 5048/109/118 5086/137/144 5050/127/125 
f 5051/111/126 5087/139/146 5054/114/122 
f 5055/113/123 5088/140/145 5058/116/120 
f 5059/115/121 5085/138/143 5047/110/117 
f 5015/94/101 5089/142/147 5090/141/148 5016/93/102 
f 5018/96/107 5090/96/148 5091/143/150 5019/95/108 
f 5022/98/105 5091/143/150 5092/144/149 5023/97/106 
f 5026/100/103 5092/144/149 5089/142/147 5027/99/104 
f 5016/93/102 5090/141/148 5018/128/107 
f 5019/95/108 5091/143/150 5022/98/105 
f 5023/97/106 5092/144/149 5026/100/103 
f 5027/99/104 5089/142/147 5015/94/101 
s 32
f 5078/129/136 5077/125/135 5079/131/138 5080/132/137 
f 5084/136/139 5081/126/142 5082/134/141 5083/135/140 
f 5086/137/144 5085/138/143 5088/140/145 5087/139/146 
f 5090/141/148 5089/142/147 5092/144/149 5091/143/150 
s 2
f 5093/1/204 5094/4/70 5095/3/252 5096/2/206 
s 4
f 5097/5/207 5098/2/208 5099/3/209 5100/6/210 
s 8
f 5093/5/204 5096/2/206 5101/3/226 5102/6/212 
s 2
f 5103/1/204 5104/2/213 5105/3/214 5106/4/70 
s 4
f 5107/5/207 5108/6/215 5109/3/216 5110/2/217 
s 8
f 5103/5/204 5111/6/212 5112/3/29 5104/2/213 
s 32
f 5113/2/218 5114/2/219 5115/3/171 5116/3/220 
s 4
f 5100/6/210 5099/3/209 5117/8/209 5118/7/221 
s 2
f 5106/4/70 5105/3/214 5119/8/214 5120/9/70 
s 4
f 5121/3/222 5122/3/223 5123/8/224 5124/8/225 
s 16
f 5103/5/204 5093/5/204 5102/6/212 5111/6/212 
s 1
f 5107/5/207 5097/5/207 5100/6/210 5108/6/215 
s 16
f 5108/10/215 5100/10/210 5125/8/27 5126/8/26 
s 8
f 5102/6/212 5101/3/226 5127/8/28 5128/7/9 
f 5129/3/226 5130/3/157 5131/8/16 5132/8/211 
s 32
f 5133/4/227 5134/3/33 5135/8/33 5136/9/227 
s 64
f 5137/3/228 5138/12/229 5139/11/153 5126/8/26 
s 16
f 5111/6/212 5102/6/212 5128/7/9 5140/7/9 
s 4
f 5141/13/230 5142/13/230 5143/9/70 5120/9/70 
f 5137/3/228 5144/3/231 5145/12/232 5138/12/229 
s off
f 5103/1/204 5106/4/70 5094/4/70 5093/1/204 
s 16
f 5126/8/26 5125/8/27 5144/3/231 5137/3/228 
s 8
f 5128/7/9 5127/8/28 5098/10/208 5097/14/207 
f 5132/8/211 5131/8/16 5146/10/233 5147/10/234 
s 32
f 5136/9/227 5135/8/33 5148/10/235 5149/13/236 
s 64
f 5126/8/26 5139/11/153 5150/15/237 5108/10/215 
s 16
f 5140/7/9 5128/7/9 5097/14/207 5107/14/207 
s 4
f 5118/7/221 5117/8/209 5151/10/238 5152/14/236 
s 2
f 5120/9/70 5119/8/214 5153/10/239 5141/13/230 
s 4
f 5154/8/240 5155/8/241 5156/10/242 5157/10/243 
s 64
f 5158/11/244 5145/12/232 5144/3/231 5125/8/27 
s 4
f 5120/9/70 5143/9/70 5094/4/70 5106/4/70 
s 64
f 5118/15/221 5158/11/244 5125/8/27 5100/10/210 
s 2
f 5138/12/229 5145/12/232 5158/11/244 5139/11/153 
s off
f 5159/4/227 5133/4/227 5136/7/227 5160/9/227 
f 5141/1/230 5133/4/227 5159/4/227 5142/13/230 
f 5149/14/236 5152/13/236 5160/9/227 5136/9/227 
f 5152/13/236 5149/14/236 5150/7/237 5118/7/221 
f 5139/11/153 5158/11/244 5118/7/221 5150/7/237 
s 1
f 5161/16/53 5162/19/52 5163/18/52 5164/17/53 
f 5165/20/60 5166/23/60 5167/22/61 5168/21/59 
f 5169/24/58 5170/27/58 5171/26/57 5172/25/57 
f 5173/28/55 5174/31/56 5175/30/54 5176/29/54 
s 2
f 5164/17/53 5166/33/60 5165/32/60 5161/16/53 
f 5167/22/61 5170/27/58 5169/24/58 5168/21/59 
f 5171/26/57 5174/31/56 5173/28/55 5172/25/57 
f 5175/30/54 5163/18/52 5162/19/52 5176/29/54 
s 8
f 5177/34/245 5178/35/245 5179/33/69 5180/32/69 
f 5180/36/69 5179/39/69 5181/38/68 5182/37/68 
f 5182/37/68 5181/38/68 5183/41/67 5184/40/67 
f 5184/40/67 5183/41/67 5185/43/154 5186/42/154 
f 5186/42/154 5185/43/154 5187/45/65 5188/44/65 
f 5188/44/65 5187/45/65 5189/47/64 5190/46/64 
f 5190/46/64 5189/47/64 5191/49/63 5192/48/63 
f 5192/48/63 5191/49/63 5178/35/245 5177/34/245 
f 5193/34/245 5194/35/245 5195/33/69 5196/32/69 
f 5196/36/69 5195/39/69 5197/38/70 5198/37/70 
f 5198/37/70 5197/38/70 5199/41/67 5200/40/67 
f 5200/40/67 5199/41/67 5201/43/154 5202/42/154 
f 5202/42/154 5201/43/154 5203/45/65 5204/44/65 
f 5204/44/65 5203/45/65 5205/47/4 5206/46/4 
f 5206/46/4 5205/47/4 5207/49/63 5208/48/63 
f 5208/48/63 5207/49/63 5194/35/245 5193/34/245 
f 5209/34/245 5210/35/245 5211/33/69 5212/32/69 
f 5212/36/69 5211/39/69 5213/38/70 5214/37/70 
f 5214/37/70 5213/38/70 5215/41/67 5216/40/67 
f 5216/40/67 5215/41/67 5217/43/246 5218/42/246 
f 5218/42/246 5217/43/246 5219/45/65 5220/44/65 
f 5220/44/65 5219/45/65 5221/47/4 5222/46/4 
f 5222/46/4 5221/47/4 5223/49/63 5224/48/63 
f 5224/48/63 5223/49/63 5210/35/245 5209/34/245 
f 5225/34/245 5226/35/245 5227/33/69 5228/32/69 
f 5228/36/69 5227/39/69 5229/38/70 5230/37/70 
f 5230/37/70 5229/38/70 5231/41/67 5232/40/67 
f 5232/40/67 5231/41/67 5233/43/154 5234/42/154 
f 5234/42/154 5233/43/154 5235/45/65 5236/44/65 
f 5236/44/65 5235/45/65 5237/47/4 5238/46/4 
f 5238/46/4 5237/47/4 5239/49/63 5240/48/63 
f 5240/48/63 5239/49/63 5226/35/245 5225/34/245 
f 5241/34/245 5242/35/245 5243/33/69 5244/32/69 
f 5244/36/69 5243/39/69 5245/38/70 5246/37/70 
f 5246/37/70 5245/38/70 5247/41/67 5248/40/67 
f 5248/40/67 5247/41/67 5249/43/246 5250/42/246 
f 5250/42/246 5249/43/246 5251/45/65 5252/44/65 
f 5252/44/65 5251/45/65 5253/47/4 5254/46/4 
f 5254/46/4 5253/47/4 5255/49/63 5256/48/63 
f 5256/48/63 5255/49/63 5242/35/245 5241/34/245 
f 5257/34/245 5258/35/245 5259/33/69 5260/32/69 
f 5260/36/69 5259/39/69 5261/38/70 5262/37/70 
f 5262/37/70 5261/38/70 5263/41/67 5264/40/67 
f 5264/40/67 5263/41/67 5265/43/154 5266/42/154 
f 5266/42/154 5265/43/154 5267/45/65 5268/44/65 
f 5268/44/65 5267/45/65 5269/47/4 5270/46/4 
f 5270/46/4 5269/47/4 5271/49/63 5272/48/63 
f 5272/48/63 5271/49/63 5258/35/245 5257/34/245 
f 5273/34/245 5274/35/245 5275/33/69 5276/32/69 
f 5276/36/69 5275/39/69 5277/38/70 5278/37/70 
f 5278/37/70 5277/38/70 5279/41/67 5280/40/67 
f 5280/40/67 5279/41/67 5281/43/154 5282/42/154 
f 5282/42/154 5281/43/154 5283/45/65 5284/44/65 
f 5284/44/65 5283/45/65 5285/47/4 5286/46/4 
f 5286/46/4 5285/47/4 5287/49/63 5288/48/63 
f 5288/48/63 5287/49/63 5274/35/245 5273/34/245 
f 5289/34/245 5290/35/245 5291/33/69 5292/32/69 
f 5292/36/69 5291/39/69 5293/38/68 5294/37/68 
f 5294/37/68 5293/38/68 5295/41/67 5296/40/67 
f 5296/40/67 5295/41/67 5297/43/154 5298/42/154 
f 5298/42/154 5297/43/154 5299/45/65 5300/44/65 
f 5300/44/65 5299/45/65 5301/47/64 5302/46/64 
f 5302/46/64 5301/47/64 5303/49/63 5304/48/63 
f 5304/48/63 5303/49/63 5290/35/245 5289/34/245 
f 5305/34/245 5306/35/245 5307/33/69 5308/32/69 
f 5308/36/69 5307/39/69 5309/38/70 5310/37/70 
f 5310/37/70 5309/38/70 5311/41/67 5312/40/67 
f 5312/40/67 5311/41/67 5313/43/154 5314/42/154 
f 5314/42/154 5313/43/154 5315/45/65 5316/44/65 
f 5316/44/65 5315/45/65 5317/47/4 5318/46/4 
f 5318/46/4 5317/47/4 5319/49/63 5320/48/63 
f 5320/48/63 5319/49/63 5306/35/245 5305/34/245 
f 5321/34/245 5322/35/245 5323/33/69 5324/32/69 
f 5324/36/69 5323/39/69 5325/38/70 5326/37/70 
f 5326/37/70 5325/38/70 5327/41/67 5328/40/67 
f 5328/40/67 5327/41/67 5329/43/154 5330/42/154 
f 5330/42/154 5329/43/154 5331/45/65 5332/44/65 
f 5332/44/65 5331/45/65 5333/47/4 5334/46/4 
f 5334/46/4 5333/47/4 5335/49/63 5336/48/63 
f 5336/48/63 5335/49/63 5322/35/245 5321/34/245 
f 5337/34/245 5338/35/245 5339/33/69 5340/32/69 
f 5340/36/69 5339/39/69 5341/38/70 5342/37/70 
f 5342/37/70 5341/38/70 5343/41/67 5344/40/67 
f 5344/40/67 5343/41/67 5345/43/154 5346/42/154 
f 5346/42/154 5345/43/154 5347/45/65 5348/44/65 
f 5348/44/65 5347/45/65 5349/47/4 5350/46/4 
f 5350/46/4 5349/47/4 5351/49/63 5352/48/63 
f 5352/48/63 5351/49/63 5338/35/245 5337/34/245 
f 5353/34/245 5354/35/245 5355/33/69 5356/32/69 
f 5356/36/69 5355/39/69 5357/38/68 5358/37/68 
f 5358/37/68 5357/38/68 5359/41/67 5360/40/67 
f 5360/40/67 5359/41/67 5361/43/154 5362/42/154 
f 5362/42/154 5361/43/154 5363/45/65 5364/44/65 
f 5364/44/65 5363/45/65 5365/47/64 5366/46/64 
f 5366/46/64 5365/47/64 5367/49/63 5368/48/63 
f 5368/48/63 5367/49/63 5354/35/245 5353/34/245 
f 5369/34/245 5370/35/245 5371/33/69 5372/32/69 
f 5372/36/69 5371/39/69 5373/38/70 5374/37/70 
f 5374/37/70 5373/38/70 5375/41/67 5376/40/67 
f 5376/40/67 5375/41/67 5377/43/154 5378/42/154 
f 5378/42/154 5377/43/154 5379/45/65 5380/44/65 
f 5380/44/65 5379/45/65 5381/47/4 5382/46/4 
f 5382/46/4 5381/47/4 5383/49/63 5384/48/63 
f 5384/48/63 5383/49/63 5370/35/245 5369/34/245 
f 5385/34/245 5386/35/245 5387/33/69 5388/32/69 
f 5388/36/69 5387/39/69 5389/38/68 5390/37/68 
f 5390/37/68 5389/38/68 5391/41/67 5392/40/67 
f 5392/40/67 5391/41/67 5393/43/154 5394/42/154 
f 5394/42/154 5393/43/154 5395/45/65 5396/44/65 
f 5396/44/65 5395/45/65 5397/47/64 5398/46/64 
f 5398/46/64 5397/47/64 5399/49/63 5400/48/63 
f 5400/48/63 5399/49/63 5386/35/245 5385/34/245 
f 5401/34/245 5402/35/245 5403/33/69 5404/32/69 
f 5404/36/69 5403/39/69 5405/38/70 5406/37/70 
f 5406/37/70 5405/38/70 5407/41/67 5408/40/67 
f 5408/40/67 5407/41/67 5409/43/154 5410/42/154 
f 5410/42/154 5409/43/154 5411/45/65 5412/44/65 
f 5412/44/65 5411/45/65 5413/47/4 5414/46/4 
f 5414/46/4 5413/47/4 5415/49/63 5416/48/63 
f 5416/48/63 5415/49/63 5402/35/245 5401/34/245 
s 1
f 5417/50/69 5418/51/245 5419/35/245 5420/33/69 
s 2
f 5421/52/70 5417/53/69 5420/39/69 5422/38/70 
s 1
f 5423/54/67 5421/52/70 5422/38/70 5424/41/67 
s 2
f 5425/55/154 5423/54/67 5424/41/67 5426/43/154 
s 1
f 5427/56/65 5425/55/154 5426/43/154 5428/45/65 
s 2
f 5429/57/4 5427/56/65 5428/45/65 5430/47/4 
s 1
f 5431/58/63 5429/57/4 5430/47/4 5432/49/63 
s 2
f 5418/51/245 5431/58/63 5432/49/63 5419/35/245 
s 1
f 5433/50/69 5434/51/245 5435/35/245 5436/33/69 
s 2
f 5437/52/68 5433/53/69 5436/39/69 5438/38/68 
s 1
f 5439/54/67 5437/52/68 5438/38/68 5440/41/67 
s 2
f 5441/55/154 5439/54/67 5440/41/67 5442/43/154 
s 1
f 5443/56/65 5441/55/154 5442/43/154 5444/45/65 
s 2
f 5445/57/64 5443/56/65 5444/45/65 5446/47/64 
s 1
f 5447/58/63 5445/57/64 5446/47/64 5448/49/63 
s 2
f 5434/51/245 5447/58/63 5448/49/63 5435/35/245 
s 1
f 5449/50/69 5450/51/245 5451/35/245 5452/33/69 
s 2
f 5453/52/70 5449/53/69 5452/39/69 5454/38/70 
s 1
f 5455/54/67 5453/52/70 5454/38/70 5456/41/67 
s 2
f 5457/55/154 5455/54/67 5456/41/67 5458/43/154 
s 1
f 5459/56/65 5457/55/154 5458/43/154 5460/45/65 
s 2
f 5461/57/4 5459/56/65 5460/45/65 5462/47/4 
s 1
f 5463/58/63 5461/57/4 5462/47/4 5464/49/63 
s 2
f 5450/51/245 5463/58/63 5464/49/63 5451/35/245 
s 1
f 5465/50/69 5466/51/245 5467/35/245 5468/33/69 
s 2
f 5469/52/68 5465/53/69 5468/39/69 5470/38/68 
s 1
f 5471/54/67 5469/52/68 5470/38/68 5472/41/67 
s 2
f 5473/55/154 5471/54/67 5472/41/67 5474/43/154 
s 1
f 5475/56/65 5473/55/154 5474/43/154 5476/45/65 
s 2
f 5477/57/64 5475/56/65 5476/45/65 5478/47/64 
s 1
f 5479/58/63 5477/57/64 5478/47/64 5480/49/63 
s 2
f 5466/51/245 5479/58/63 5480/49/63 5467/35/245 
s 1
f 5481/50/69 5482/51/245 5483/35/245 5484/33/69 
s 2
f 5485/52/70 5481/53/69 5484/39/69 5486/38/70 
s 1
f 5487/54/67 5485/52/70 5486/38/70 5488/41/67 
s 2
f 5489/55/154 5487/54/67 5488/41/67 5490/43/154 
s 1
f 5491/56/65 5489/55/154 5490/43/154 5492/45/65 
s 2
f 5493/57/4 5491/56/65 5492/45/65 5494/47/4 
s 1
f 5495/58/63 5493/57/4 5494/47/4 5496/49/63 
s 2
f 5482/51/245 5495/58/63 5496/49/63 5483/35/245 
s 1
f 5497/40/67 5498/41/67 5499/45/65 5500/44/65 
s 2
f 5500/44/65 5499/45/65 5501/60/63 5502/59/63 
s 1
f 5503/32/69 5504/48/63 5505/49/63 5506/33/69 
s 2
f 5503/36/69 5506/39/69 5507/62/67 5508/61/67 
f 5509/63/69 5510/64/69 5498/41/67 5497/40/67 
f 5511/65/65 5512/66/65 5505/49/63 5504/48/63 
s off
f 5511/65/65 5508/61/67 5507/62/67 5512/66/65 
f 5509/63/69 5502/59/63 5501/60/63 5510/64/69 
s 1
f 5513/16/53 5514/19/52 5515/68/72 5516/67/73 
f 5517/20/60 5518/70/79 5519/69/182 5520/21/89 
f 5521/24/58 5522/72/77 5523/71/78 5524/25/57 
f 5525/28/55 5526/74/247 5527/73/76 5528/29/54 
s 2
f 5529/17/53 5530/33/60 5531/76/248 5532/75/249 
f 5533/22/89 5534/27/86 5535/78/185 5536/77/88 
f 5537/26/85 5538/31/74 5539/80/83 5540/79/250 
f 5541/30/54 5542/18/251 5543/82/183 5544/81/184 
s 1
f 5532/75/249 5543/82/183 5542/18/251 5529/17/53 
f 5536/77/88 5531/83/248 5530/23/60 5533/22/89 
f 5540/79/250 5535/78/185 5534/27/86 5537/26/85 
f 5544/81/184 5539/80/83 5538/31/74 5541/30/54 
s 2
f 5516/67/73 5518/84/79 5517/32/60 5513/16/53 
f 5519/69/182 5522/72/77 5521/24/58 5520/21/89 
f 5523/71/78 5526/74/247 5525/28/55 5524/25/57 
f 5527/73/76 5515/68/72 5514/19/52 5528/29/54 
s off
f 5532/75/249 5545/86/93 5546/85/94 5543/82/183 
f 5536/77/88 5547/87/96 5545/83/93 5531/83/248 
f 5540/79/250 5548/88/95 5547/87/96 5535/78/185 
f 5544/81/184 5546/85/94 5548/88/95 5539/80/83 
f 5531/76/248 5545/86/93 5532/75/249 
f 5535/78/185 5547/87/96 5536/77/88 
f 5539/80/83 5548/88/95 5540/79/250 
f 5543/82/183 5546/85/94 5544/81/184 
f 5515/68/72 5549/90/97 5550/89/98 5516/67/73 
f 5518/70/79 5550/70/98 5551/91/100 5519/69/182 
f 5522/72/77 5551/91/100 5552/92/99 5523/71/78 
f 5526/74/247 5552/92/99 5549/90/97 5527/73/76 
f 5516/67/73 5550/89/98 5518/84/79 
f 5519/69/182 5551/91/100 5522/72/77 
f 5523/71/78 5552/92/99 5526/74/247 
f 5527/73/76 5549/90/97 5515/68/72 
s 4
f 5546/85/94 5545/83/93 5547/87/96 5548/88/95 
s 16
f 5550/89/98 5549/90/97 5552/92/99 5551/91/100 
s 1
f 5553/16/53 5554/19/52 5555/18/52 5556/17/53 
f 5557/20/60 5558/23/60 5559/22/59 5560/21/59 
f 5561/24/86 5562/27/86 5563/26/85 5564/25/85 
f 5565/28/55 5566/31/55 5567/30/54 5568/29/54 
s 2
f 5556/17/53 5558/33/60 5557/32/60 5553/16/53 
f 5559/22/59 5562/27/86 5561/24/86 5560/21/59 
f 5563/26/85 5566/31/55 5565/28/55 5564/25/85 
f 5567/30/54 5555/18/52 5554/19/52 5568/29/54 
s 1
f 5569/16/53 5570/19/52 5571/94/101 5572/93/102 
f 5573/20/60 5574/96/107 5575/95/108 5576/21/59 
f 5577/24/58 5578/98/105 5579/97/106 5580/25/57 
f 5581/28/55 5582/100/103 5583/99/104 5584/29/54 
s 2
f 5585/17/53 5586/33/60 5587/102/115 5588/101/116 
f 5589/22/89 5590/27/86 5591/104/113 5592/103/114 
f 5593/26/85 5594/31/74 5595/106/111 5596/105/112 
f 5597/30/54 5598/18/52 5599/108/109 5600/107/110 
s 1
f 5601/16/53 5602/19/52 5603/110/117 5604/109/118 
f 5605/20/124 5606/112/125 5607/111/126 5608/21/89 
f 5609/24/86 5610/114/122 5611/113/123 5612/25/85 
f 5613/28/74 5614/116/120 5615/115/121 5616/29/119 
s 2
f 5617/17/53 5618/33/60 5619/118/133 5620/117/134 
f 5621/22/89 5622/27/86 5623/120/131 5624/119/132 
f 5625/26/85 5626/31/74 5627/122/129 5628/121/130 
f 5629/30/54 5630/18/52 5631/124/127 5632/123/128 
s 1
f 5620/117/134 5631/124/127 5630/18/52 5617/17/53 
f 5624/119/132 5619/125/133 5618/23/60 5621/22/89 
f 5628/121/130 5623/120/131 5622/27/86 5625/26/85 
f 5632/123/128 5627/122/129 5626/31/74 5629/30/54 
f 5588/101/116 5599/108/109 5598/18/52 5585/17/53 
f 5592/103/114 5587/126/115 5586/23/60 5589/22/89 
f 5596/105/112 5591/104/113 5590/27/86 5593/26/85 
f 5600/107/110 5595/106/111 5594/31/74 5597/30/54 
s 2
f 5604/109/118 5606/127/125 5605/32/124 5601/16/53 
f 5607/111/126 5610/114/122 5609/24/86 5608/21/89 
f 5611/113/123 5614/116/120 5613/28/74 5612/25/85 
f 5615/115/121 5603/110/117 5602/19/52 5616/29/119 
f 5572/93/102 5574/128/107 5573/32/60 5569/16/53 
f 5575/95/108 5578/98/105 5577/24/58 5576/21/59 
f 5579/97/106 5582/100/103 5581/28/55 5580/25/57 
f 5583/99/104 5571/94/101 5570/19/52 5584/29/54 
s off
f 5620/117/134 5633/130/135 5634/129/136 5631/124/127 
f 5624/119/132 5635/131/138 5633/125/135 5619/125/133 
f 5628/121/130 5636/132/137 5635/131/138 5623/120/131 
f 5632/123/128 5634/129/136 5636/132/137 5627/122/129 
f 5619/118/133 5633/130/135 5620/117/134 
f 5623/120/131 5635/131/138 5624/119/132 
f 5627/122/129 5636/132/137 5628/121/130 
f 5631/124/127 5634/129/136 5632/123/128 
f 5587/102/115 5637/133/142 5588/101/116 
f 5591/104/113 5638/134/141 5592/103/114 
f 5595/106/111 5639/135/140 5596/105/112 
f 5599/108/109 5640/136/139 5600/107/110 
f 5588/101/116 5637/133/142 5640/136/139 5599/108/109 
f 5592/103/114 5638/134/141 5637/126/142 5587/126/115 
f 5596/105/112 5639/135/140 5638/134/141 5591/104/113 
f 5600/107/110 5640/136/139 5639/135/140 5595/106/111 
f 5603/110/117 5641/138/143 5642/137/144 5604/109/118 
f 5606/112/125 5642/112/144 5643/139/146 5607/111/126 
f 5610/114/122 5643/139/146 5644/140/145 5611/113/123 
f 5614/116/120 5644/140/145 5641/138/143 5615/115/121 
f 5604/109/118 5642/137/144 5606/127/125 
f 5607/111/126 5643/139/146 5610/114/122 
f 5611/113/123 5644/140/145 5614/116/120 
f 5615/115/121 5641/138/143 5603/110/117 
f 5571/94/101 5645/142/147 5646/141/148 5572/93/102 
f 5574/96/107 5646/96/148 5647/143/150 5575/95/108 
f 5578/98/105 5647/143/150 5648/144/149 5579/97/106 
f 5582/100/103 5648/144/149 5645/142/147 5583/99/104 
f 5572/93/102 5646/141/148 5574/128/107 
f 5575/95/108 5647/143/150 5578/98/105 
f 5579/97/106 5648/144/149 5582/100/103 
f 5583/99/104 5645/142/147 5571/94/101 
s 32
f 5634/129/136 5633/125/135 5635/131/138 5636/132/137 
f 5640/136/139 5637/126/142 5638/134/141 5639/135/140 
f 5642/137/144 5641/138/143 5644/140/145 5643/139/146 
f 5646/141/148 5645/142/147 5648/144/149 5647/143/150 
s 2
f 5649/1/204 5650/4/70 5651/6/67 5652/5/253 
s 4
f 5653/5/207 5654/1/254 5655/4/65 5656/6/210 
s 8
f 5649/5/204 5652/1/253 5657/4/35 5658/6/212 
s 16
f 5652/5/253 5651/2/67 5659/3/66 5657/6/35 
s 32
f 5660/5/255 5661/1/230 5662/4/227 5663/6/26 
s 2
f 5664/1/204 5665/2/213 5666/3/214 5667/4/70 
s 4
f 5668/5/207 5669/6/215 5670/3/223 5671/2/217 
s 8
f 5664/5/204 5672/6/212 5673/3/30 5665/2/213 
s 32
f 5674/2/218 5675/2/219 5676/3/171 5677/3/220 
s 2
f 5651/6/67 5650/4/70 5678/9/70 5679/7/67 
s 4
f 5656/6/210 5655/4/65 5680/9/65 5681/7/221 
s 16
f 5655/10/65 5682/8/66 5683/146/66 5680/145/65 
s 2
f 5667/4/70 5666/3/214 5684/8/214 5685/9/70 
s 4
f 5686/3/256 5687/3/223 5688/8/224 5689/8/225 
s 16
f 5664/5/204 5649/5/204 5658/6/212 5672/6/212 
s 1
f 5668/5/207 5653/5/207 5656/6/210 5669/6/215 
s 16
f 5669/10/215 5656/10/210 5690/8/27 5691/8/26 
s 8
f 5658/6/212 5657/4/35 5692/9/35 5693/7/9 
s 16
f 5657/6/35 5659/3/66 5682/8/66 5692/7/35 
s 32
f 5663/6/26 5662/4/227 5694/9/227 5695/7/26 
s 8
f 5696/3/226 5697/3/175 5698/8/157 5699/8/226 
s 32
f 5700/4/227 5701/3/33 5702/8/220 5703/9/227 
s 64
f 5704/3/228 5705/12/229 5706/11/153 5691/8/26 
s 16
f 5663/4/26 5707/148/66 5679/147/67 5660/1/255 
f 5672/6/212 5658/6/212 5693/7/9 5708/7/9 
s 4
f 5709/13/230 5661/13/230 5678/9/70 5685/9/70 
f 5704/3/228 5710/3/231 5711/12/232 5705/12/229 
s off
f 5664/1/204 5667/4/70 5650/4/70 5649/1/204 
s 16
f 5695/9/26 5683/146/66 5707/148/66 5663/4/26 
f 5691/8/26 5690/8/27 5710/3/231 5704/3/228 
s 8
f 5693/7/9 5692/9/35 5654/13/254 5653/14/207 
s 16
f 5692/7/35 5682/8/66 5655/10/65 5654/14/254 
s 32
f 5695/7/26 5694/9/227 5712/13/236 5713/14/257 
s 8
f 5699/8/226 5698/8/157 5714/10/233 5715/10/234 
s 32
f 5703/9/227 5702/8/220 5716/10/235 5717/13/236 
s 64
f 5691/8/26 5706/11/153 5718/15/237 5669/10/215 
s 16
f 5708/7/9 5693/7/9 5653/14/207 5668/14/207 
s 2
f 5679/7/67 5678/9/70 5661/13/230 5660/14/255 
s 4
f 5681/7/221 5680/9/65 5713/13/257 5712/14/236 
s 16
f 5680/145/65 5683/146/66 5695/9/26 5713/13/257 
s 2
f 5685/9/70 5684/8/214 5719/10/239 5709/13/230 
s 4
f 5720/8/240 5721/8/241 5722/10/242 5723/10/243 
s 64
f 5724/11/244 5711/12/232 5710/3/231 5690/8/27 
s 16
f 5679/147/67 5707/148/66 5659/3/66 5651/2/67 
s 4
f 5685/9/70 5678/9/70 5650/4/70 5667/4/70 
s 16
f 5707/148/66 5683/146/66 5682/8/66 5659/3/66 
s 64
f 5681/15/221 5724/11/244 5690/8/27 5656/10/210 
s 2
f 5705/12/229 5711/12/232 5724/11/244 5706/11/153 
s off
f 5662/4/227 5700/4/227 5703/7/227 5694/9/227 
f 5709/1/230 5700/4/227 5662/4/227 5661/13/230 
f 5717/14/236 5712/13/236 5694/9/227 5703/9/227 
f 5712/13/236 5717/14/236 5718/7/237 5681/7/221 
f 5706/11/153 5724/11/244 5681/7/221 5718/7/237 
s 1
f 5725/16/53 5726/19/52 5727/18/52 5728/17/53 
f 5729/20/60 5730/23/60 5731/22/61 5732/21/59 
f 5733/24/58 5734/27/58 5735/26/57 5736/25/57 
f 5737/28/55 5738/31/56 5739/30/54 5740/29/54 
s 2
f 5728/17/53 5730/33/60 5729/32/60 5725/16/53 
f 5731/22/61 5734/27/58 5733/24/58 5732/21/59 
f 5735/26/57 5738/31/56 5737/28/55 5736/25/57 
f 5739/30/54 5727/18/52 5726/19/52 5740/29/54 
s 8
f 5741/34/245 5742/35/245 5743/33/69 5744/32/69 
f 5744/36/69 5743/39/69 5745/38/68 5746/37/68 
f 5746/37/68 5745/38/68 5747/41/67 5748/40/67 
f 5748/40/67 5747/41/67 5749/43/154 5750/42/154 
f 5750/42/154 5749/43/154 5751/45/65 5752/44/65 
f 5752/44/65 5751/45/65 5753/47/64 5754/46/64 
f 5754/46/64 5753/47/64 5755/49/63 5756/48/63 
f 5756/48/63 5755/49/63 5742/35/245 5741/34/245 
f 5757/34/245 5758/35/245 5759/33/69 5760/32/69 
f 5760/36/69 5759/39/69 5761/38/70 5762/37/70 
f 5762/37/70 5761/38/70 5763/41/67 5764/40/67 
f 5764/40/67 5763/41/67 5765/43/154 5766/42/154 
f 5766/42/154 5765/43/154 5767/45/65 5768/44/65 
f 5768/44/65 5767/45/65 5769/47/4 5770/46/4 
f 5770/46/4 5769/47/4 5771/49/63 5772/48/63 
f 5772/48/63 5771/49/63 5758/35/245 5757/34/245 
f 5773/34/245 5774/35/245 5775/33/69 5776/32/69 
f 5776/36/69 5775/39/69 5777/38/70 5778/37/70 
f 5778/37/70 5777/38/70 5779/41/67 5780/40/67 
f 5780/40/67 5779/41/67 5781/43/246 5782/42/246 
f 5782/42/246 5781/43/246 5783/45/65 5784/44/65 
f 5784/44/65 5783/45/65 5785/47/4 5786/46/4 
f 5786/46/4 5785/47/4 5787/49/63 5788/48/63 
f 5788/48/63 5787/49/63 5774/35/245 5773/34/245 
f 5789/34/245 5790/35/245 5791/33/69 5792/32/69 
f 5792/36/69 5791/39/69 5793/38/70 5794/37/70 
f 5794/37/70 5793/38/70 5795/41/67 5796/40/67 
f 5796/40/67 5795/41/67 5797/43/154 5798/42/154 
f 5798/42/154 5797/43/154 5799/45/65 5800/44/65 
f 5800/44/65 5799/45/65 5801/47/4 5802/46/4 
f 5802/46/4 5801/47/4 5803/49/63 5804/48/63 
f 5804/48/63 5803/49/63 5790/35/245 5789/34/245 
f 5805/34/245 5806/35/245 5807/33/69 5808/32/69 
f 5808/36/69 5807/39/69 5809/38/70 5810/37/70 
f 5810/37/70 5809/38/70 5811/41/67 5812/40/67 
f 5812/40/67 5811/41/67 5813/43/246 5814/42/246 
f 5814/42/246 5813/43/246 5815/45/65 5816/44/65 
f 5816/44/65 5815/45/65 5817/47/4 5818/46/4 
f 5818/46/4 5817/47/4 5819/49/63 5820/48/63 
f 5820/48/63 5819/49/63 5806/35/245 5805/34/245 
f 5821/34/245 5822/35/245 5823/33/69 5824/32/69 
f 5824/36/69 5823/39/69 5825/38/70 5826/37/70 
f 5826/37/70 5825/38/70 5827/41/67 5828/40/67 
f 5828/40/67 5827/41/67 5829/43/154 5830/42/154 
f 5830/42/154 5829/43/154 5831/45/65 5832/44/65 
f 5832/44/65 5831/45/65 5833/47/4 5834/46/4 
f 5834/46/4 5833/47/4 5835/49/63 5836/48/63 
f 5836/48/63 5835/49/63 5822/35/245 5821/34/245 
f 5837/34/245 5838/35/245 5839/33/69 5840/32/69 
f 5840/36/69 5839/39/69 5841/38/70 5842/37/70 
f 5842/37/70 5841/38/70 5843/41/67 5844/40/67 
f 5844/40/67 5843/41/67 5845/43/154 5846/42/154 
f 5846/42/154 5845/43/154 5847/45/65 5848/44/65 
f 5848/44/65 5847/45/65 5849/47/4 5850/46/4 
f 5850/46/4 5849/47/4 5851/49/63 5852/48/63 
f 5852/48/63 5851/49/63 5838/35/245 5837/34/245 
f 5853/34/245 5854/35/245 5855/33/69 5856/32/69 
f 5856/36/69 5855/39/69 5857/38/68 5858/37/68 
f 5858/37/68 5857/38/68 5859/41/67 5860/40/67 
f 5860/40/67 5859/41/67 5861/43/154 5862/42/154 
f 5862/42/154 5861/43/154 5863/45/65 5864/44/65 
f 5864/44/65 5863/45/65 5865/47/64 5866/46/64 
f 5866/46/64 5865/47/64 5867/49/63 5868/48/63 
f 5868/48/63 5867/49/63 5854/35/245 5853/34/245 
f 5869/34/245 5870/35/245 5871/33/69 5872/32/69 
f 5872/36/69 5871/39/69 5873/38/70 5874/37/70 
f 5874/37/70 5873/38/70 5875/41/67 5876/40/67 
f 5876/40/67 5875/41/67 5877/43/154 5878/42/154 
f 5878/42/154 5877/43/154 5879/45/65 5880/44/65 
f 5880/44/65 5879/45/65 5881/47/4 5882/46/4 
f 5882/46/4 5881/47/4 5883/49/63 5884/48/63 
f 5884/48/63 5883/49/63 5870/35/245 5869/34/245 
f 5885/34/245 5886/35/245 5887/33/69 5888/32/69 
f 5888/36/69 5887/39/69 5889/38/70 5890/37/70 
f 5890/37/70 5889/38/70 5891/41/67 5892/40/67 
f 5892/40/67 5891/41/67 5893/43/154 5894/42/154 
f 5894/42/154 5893/43/154 5895/45/65 5896/44/65 
f 5896/44/65 5895/45/65 5897/47/4 5898/46/4 
f 5898/46/4 5897/47/4 5899/49/63 5900/48/63 
f 5900/48/63 5899/49/63 5886/35/245 5885/34/245 
f 5901/34/245 5902/35/245 5903/33/69 5904/32/69 
f 5904/36/69 5903/39/69 5905/38/70 5906/37/70 
f 5906/37/70 5905/38/70 5907/41/67 5908/40/67 
f 5908/40/67 5907/41/67 5909/43/154 5910/42/154 
f 5910/42/154 5909/43/154 5911/45/65 5912/44/65 
f 5912/44/65 5911/45/65 5913/47/4 5914/46/4 
f 5914/46/4 5913/47/4 5915/49/63 5916/48/63 
f 5916/48/63 5915/49/63 5902/35/245 5901/34/245 
f 5917/34/245 5918/35/245 5919/33/69 5920/32/69 
f 5920/36/69 5919/39/69 5921/38/68 5922/37/68 
f 5922/37/68 5921/38/68 5923/41/67 5924/40/67 
f 5924/40/67 5923/41/67 5925/43/154 5926/42/154 
f 5926/42/154 5925/43/154 5927/45/65 5928/44/65 
f 5928/44/65 5927/45/65 5929/47/64 5930/46/64 
f 5930/46/64 5929/47/64 5931/49/63 5932/48/63 
f 5932/48/63 5931/49/63 5918/35/245 5917/34/245 
f 5933/34/245 5934/35/245 5935/33/69 5936/32/69 
f 5936/36/69 5935/39/69 5937/38/70 5938/37/70 
f 5938/37/70 5937/38/70 5939/41/67 5940/40/67 
f 5940/40/67 5939/41/67 5941/43/154 5942/42/154 
f 5942/42/154 5941/43/154 5943/45/65 5944/44/65 
f 5944/44/65 5943/45/65 5945/47/4 5946/46/4 
f 5946/46/4 5945/47/4 5947/49/63 5948/48/63 
f 5948/48/63 5947/49/63 5934/35/245 5933/34/245 
f 5949/34/245 5950/35/245 5951/33/69 5952/32/69 
f 5952/36/69 5951/39/69 5953/38/68 5954/37/68 
f 5954/37/68 5953/38/68 5955/41/67 5956/40/67 
f 5956/40/67 5955/41/67 5957/43/154 5958/42/154 
f 5958/42/154 5957/43/154 5959/45/65 5960/44/65 
f 5960/44/65 5959/45/65 5961/47/64 5962/46/64 
f 5962/46/64 5961/47/64 5963/49/63 5964/48/63 
f 5964/48/63 5963/49/63 5950/35/245 5949/34/245 
f 5965/34/245 5966/35/245 5967/33/69 5968/32/69 
f 5968/36/69 5967/39/69 5969/38/70 5970/37/70 
f 5970/37/70 5969/38/70 5971/41/67 5972/40/67 
f 5972/40/67 5971/41/67 5973/43/154 5974/42/154 
f 5974/42/154 5973/43/154 5975/45/65 5976/44/65 
f 5976/44/65 5975/45/65 5977/47/4 5978/46/4 
f 5978/46/4 5977/47/4 5979/49/63 5980/48/63 
f 5980/48/63 5979/49/63 5966/35/245 5965/34/245 
s 1
f 5981/50/69 5982/51/245 5983/35/245 5984/33/69 
s 2
f 5985/52/70 5981/53/69 5984/39/69 5986/38/70 
s 1
f 5987/54/67 5985/52/70 5986/38/70 5988/41/67 
s 2
f 5989/55/154 5987/54/67 5988/41/67 5990/43/154 
s 1
f 5991/56/65 5989/55/154 5990/43/154 5992/45/65 
s 2
f 5993/57/4 5991/56/65 5992/45/65 5994/47/4 
s 1
f 5995/58/63 5993/57/4 5994/47/4 5996/49/63 
s 2
f 5982/51/245 5995/58/63 5996/49/63 5983/35/245 
s 1
f 5997/50/69 5998/51/245 5999/35/245 6000/33/69 
s 2
f 6001/52/68 5997/53/69 6000/39/69 6002/38/68 
s 1
f 6003/54/67 6001/52/68 6002/38/68 6004/41/67 
s 2
f 6005/55/154 6003/54/67 6004/41/67 6006/43/154 
s 1
f 6007/56/65 6005/55/154 6006/43/154 6008/45/65 
s 2
f 6009/57/64 6007/56/65 6008/45/65 6010/47/64 
s 1
f 6011/58/63 6009/57/64 6010/47/64 6012/49/63 
s 2
f 5998/51/245 6011/58/63 6012/49/63 5999/35/245 
s 1
f 6013/50/69 6014/51/245 6015/35/245 6016/33/69 
s 2
f 6017/52/70 6013/53/69 6016/39/69 6018/38/70 
s 1
f 6019/54/67 6017/52/70 6018/38/70 6020/41/67 
s 2
f 6021/55/154 6019/54/67 6020/41/67 6022/43/154 
s 1
f 6023/56/65 6021/55/154 6022/43/154 6024/45/65 
s 2
f 6025/57/4 6023/56/65 6024/45/65 6026/47/4 
s 1
f 6027/58/63 6025/57/4 6026/47/4 6028/49/63 
s 2
f 6014/51/245 6027/58/63 6028/49/63 6015/35/245 
s 1
f 6029/50/69 6030/51/245 6031/35/245 6032/33/69 
s 2
f 6033/52/68 6029/53/69 6032/39/69 6034/38/68 
s 1
f 6035/54/67 6033/52/68 6034/38/68 6036/41/67 
s 2
f 6037/55/154 6035/54/67 6036/41/67 6038/43/154 
s 1
f 6039/56/65 6037/55/154 6038/43/154 6040/45/65 
s 2
f 6041/57/64 6039/56/65 6040/45/65 6042/47/64 
s 1
f 6043/58/63 6041/57/64 6042/47/64 6044/49/63 
s 2
f 6030/51/245 6043/58/63 6044/49/63 6031/35/245 
s 1
f 6045/50/69 6046/51/245 6047/35/245 6048/33/69 
s 2
f 6049/52/70 6045/53/69 6048/39/69 6050/38/70 
s 1
f 6051/54/67 6049/52/70 6050/38/70 6052/41/67 
s 2
f 6053/55/154 6051/54/67 6052/41/67 6054/43/154 
s 1
f 6055/56/65 6053/55/154 6054/43/154 6056/45/65 
s 2
f 6057/57/4 6055/56/65 6056/45/65 6058/47/4 
s 1
f 6059/58/63 6057/57/4 6058/47/4 6060/49/63 
s 2
f 6046/51/245 6059/58/63 6060/49/63 6047/35/245 
s 1
f 6061/40/67 6062/41/67 6063/45/65 6064/44/65 
s 2
f 6064/44/65 6063/45/65 6065/60/63 6066/59/63 
s 1
f 6067/32/69 6068/48/63 6069/49/63 6070/33/69 
s 2
f 6067/36/69 6070/39/69 6071/62/67 6072/61/67 
f 6073/63/69 6074/64/69 6062/41/67 6061/40/67 
f 6075/65/65 6076/66/65 6069/49/63 6068/48/63 
s off
f 6075/65/65 6072/61/67 6071/62/67 6076/66/65 
f 6073/63/69 6066/59/63 6065/60/63 6074/64/69 
s 1
f 6077/16/53 6078/19/52 6079/68/72 6080/67/73 
f 6081/20/60 6082/70/79 6083/69/182 6084/21/89 
f 6085/24/58 6086/72/77 6087/71/78 6088/25/57 
f 6089/28/55 6090/74/247 6091/73/76 6092/29/54 
s 2
f 6093/17/53 6094/33/60 6095/76/248 6096/75/249 
f 6097/22/89 6098/27/86 6099/78/185 6100/77/88 
f 6101/26/85 6102/31/74 6103/80/83 6104/79/250 
f 6105/30/54 6106/18/251 6107/82/183 6108/81/184 
s 1
f 6096/75/249 6107/82/183 6106/18/251 6093/17/53 
f 6100/77/88 6095/83/248 6094/23/60 6097/22/89 
f 6104/79/250 6099/78/185 6098/27/86 6101/26/85 
f 6108/81/184 6103/80/83 6102/31/74 6105/30/54 
s 2
f 6080/67/73 6082/84/79 6081/32/60 6077/16/53 
f 6083/69/182 6086/72/77 6085/24/58 6084/21/89 
f 6087/71/78 6090/74/247 6089/28/55 6088/25/57 
f 6091/73/76 6079/68/72 6078/19/52 6092/29/54 
s off
f 6096/75/249 6109/86/93 6110/85/94 6107/82/183 
f 6100/77/88 6111/87/96 6109/83/93 6095/83/248 
f 6104/79/250 6112/88/95 6111/87/96 6099/78/185 
f 6108/81/184 6110/85/94 6112/88/95 6103/80/83 
f 6095/76/248 6109/86/93 6096/75/249 
f 6099/78/185 6111/87/96 6100/77/88 
f 6103/80/83 6112/88/95 6104/79/250 
f 6107/82/183 6110/85/94 6108/81/184 
f 6079/68/72 6113/90/97 6114/89/98 6080/67/73 
f 6082/70/79 6114/70/98 6115/91/100 6083/69/182 
f 6086/72/77 6115/91/100 6116/92/99 6087/71/78 
f 6090/74/247 6116/92/99 6113/90/97 6091/73/76 
f 6080/67/73 6114/89/98 6082/84/79 
f 6083/69/182 6115/91/100 6086/72/77 
f 6087/71/78 6116/92/99 6090/74/247 
f 6091/73/76 6113/90/97 6079/68/72 
s 4
f 6110/85/94 6109/83/93 6111/87/96 6112/88/95 
s 16
f 6114/89/98 6113/90/97 6116/92/99 6115/91/100 
s 1
f 6117/16/53 6118/19/52 6119/18/52 6120/17/53 
f 6121/20/60 6122/23/60 6123/22/59 6124/21/59 
f 6125/24/86 6126/27/86 6127/26/85 6128/25/85 
f 6129/28/55 6130/31/55 6131/30/54 6132/29/54 
s 2
f 6120/17/53 6122/33/60 6121/32/60 6117/16/53 
f 6123/22/59 6126/27/86 6125/24/86 6124/21/59 
f 6127/26/85 6130/31/55 6129/28/55 6128/25/85 
f 6131/30/54 6119/18/52 6118/19/52 6132/29/54 
s 1
f 6133/16/53 6134/19/52 6135/94/101 6136/93/102 
f 6137/20/60 6138/96/107 6139/95/108 6140/21/59 
f 6141/24/58 6142/98/105 6143/97/106 6144/25/57 
f 6145/28/55 6146/100/103 6147/99/104 6148/29/54 
s 2
f 6149/17/53 6150/33/60 6151/102/115 6152/101/116 
f 6153/22/89 6154/27/86 6155/104/113 6156/103/114 
f 6157/26/85 6158/31/74 6159/106/111 6160/105/112 
f 6161/30/54 6162/18/52 6163/108/109 6164/107/110 
s 1
f 6165/16/53 6166/19/52 6167/110/117 6168/109/118 
f 6169/20/124 6170/112/125 6171/111/126 6172/21/89 
f 6173/24/86 6174/114/122 6175/113/123 6176/25/85 
f 6177/28/74 6178/116/120 6179/115/121 6180/29/119 
s 2
f 6181/17/53 6182/33/60 6183/118/133 6184/117/134 
f 6185/22/89 6186/27/86 6187/120/131 6188/119/132 
f 6189/26/85 6190/31/74 6191/122/129 6192/121/130 
f 6193/30/54 6194/18/52 6195/124/127 6196/123/128 
s 1
f 6184/117/134 6195/124/127 6194/18/52 6181/17/53 
f 6188/119/132 6183/125/133 6182/23/60 6185/22/89 
f 6192/121/130 6187/120/131 6186/27/86 6189/26/85 
f 6196/123/128 6191/122/129 6190/31/74 6193/30/54 
f 6152/101/116 6163/108/109 6162/18/52 6149/17/53 
f 6156/103/114 6151/126/115 6150/23/60 6153/22/89 
f 6160/105/112 6155/104/113 6154/27/86 6157/26/85 
f 6164/107/110 6159/106/111 6158/31/74 6161/30/54 
s 2
f 6168/109/118 6170/127/125 6169/32/124 6165/16/53 
f 6171/111/126 6174/114/122 6173/24/86 6172/21/89 
f 6175/113/123 6178/116/120 6177/28/74 6176/25/85 
f 6179/115/121 6167/110/117 6166/19/52 6180/29/119 
f 6136/93/102 6138/128/107 6137/32/60 6133/16/53 
f 6139/95/108 6142/98/105 6141/24/58 6140/21/59 
f 6143/97/106 6146/100/103 6145/28/55 6144/25/57 
f 6147/99/104 6135/94/101 6134/19/52 6148/29/54 
s off
f 6184/117/134 6197/130/135 6198/129/136 6195/124/127 
f 6188/119/132 6199/131/138 6197/125/135 6183/125/133 
f 6192/121/130 6200/132/137 6199/131/138 6187/120/131 
f 6196/123/128 6198/129/136 6200/132/137 6191/122/129 
f 6183/118/133 6197/130/135 6184/117/134 
f 6187/120/131 6199/131/138 6188/119/132 
f 6191/122/129 6200/132/137 6192/121/130 
f 6195/124/127 6198/129/136 6196/123/128 
f 6151/102/115 6201/133/142 6152/101/116 
f 6155/104/113 6202/134/141 6156/103/114 
f 6159/106/111 6203/135/140 6160/105/112 
f 6163/108/109 6204/136/139 6164/107/110 
f 6152/101/116 6201/133/142 6204/136/139 6163/108/109 
f 6156/103/114 6202/134/141 6201/126/142 6151/126/115 
f 6160/105/112 6203/135/140 6202/134/141 6155/104/113 
f 6164/107/110 6204/136/139 6203/135/140 6159/106/111 
f 6167/110/117 6205/138/143 6206/137/144 6168/109/118 
f 6170/112/125 6206/112/144 6207/139/146 6171/111/126 
f 6174/114/122 6207/139/146 6208/140/145 6175/113/123 
f 6178/116/120 6208/140/145 6205/138/143 6179/115/121 
f 6168/109/118 6206/137/144 6170/127/125 
f 6171/111/126 6207/139/146 6174/114/122 
f 6175/113/123 6208/140/145 6178/116/120 
f 6179/115/121 6205/138/143 6167/110/117 
f 6135/94/101 6209/142/147 6210/141/148 6136/93/102 
f 6138/96/107 6210/96/148 6211/143/150 6139/95/108 
f 6142/98/105 6211/143/150 6212/144/149 6143/97/106 
f 6146/100/103 6212/144/149 6209/142/147 6147/99/104 
f 6136/93/102 6210/141/148 6138/128/107 
f 6139/95/108 6211/143/150 6142/98/105 
f 6143/97/106 6212/144/149 6146/100/103 
f 6147/99/104 6209/142/147 6135/94/101 
s 32
f 6198/129/136 6197/125/135 6199/131/138 6200/132/137 
f 6204/136/139 6201/126/142 6202/134/141 6203/135/140 
f 6206/137/144 6205/138/143 6208/140/145 6207/139/146 
f 6210/141/148 6209/142/147 6212/144/149 6211/143/150 
s 2
f 6213/1/204 6214/4/70 6215/3/205 6216/2/206 
s 4
f 6217/5/207 6218/2/208 6219/3/209 6220/6/210 
s 8
f 6213/5/204 6216/2/206 6221/3/226 6222/6/212 
s 2
f 6223/1/204 6224/5/258 6225/6/69 6226/4/70 
s 4
f 6227/5/207 6228/6/215 6229/4/63 6230/1/259 
s 8
f 6223/5/204 6231/6/212 6232/4/244 6224/1/258 
s 16
f 6224/5/258 6232/6/244 6233/3/62 6225/2/69 
s 32
f 6234/5/260 6235/6/27 6236/4/227 6237/1/230 
s 4
f 6220/6/210 6219/3/209 6238/8/209 6239/7/221 
s 2
f 6226/4/70 6225/6/69 6240/7/69 6241/9/70 
s 4
f 6229/4/63 6228/6/215 6242/7/237 6243/9/63 
s 16
f 6225/2/69 6233/3/62 6244/148/62 6240/147/69 
f 6223/5/204 6213/5/204 6222/6/212 6231/6/212 
s 1
f 6227/5/207 6217/5/207 6220/6/210 6228/6/215 
s 16
f 6228/10/215 6220/10/210 6245/8/27 6246/8/26 
s 8
f 6222/6/212 6221/3/226 6247/8/28 6248/7/9 
f 6232/4/244 6231/6/212 6249/7/9 6250/9/51 
s 16
f 6233/3/62 6232/6/244 6250/7/51 6251/8/62 
s 32
f 6236/4/227 6235/6/27 6252/7/27 6253/9/227 
s 64
f 6254/3/228 6255/12/229 6256/11/153 6246/8/26 
s 16
f 6235/4/27 6244/148/62 6257/146/62 6252/9/27 
f 6231/6/212 6222/6/212 6248/7/9 6249/7/9 
s 4
f 6237/13/230 6258/13/230 6259/9/70 6241/9/70 
f 6254/3/228 6260/3/231 6261/12/232 6255/12/229 
s off
f 6223/1/204 6226/4/70 6214/4/70 6213/1/204 
s 16
f 6246/8/26 6245/8/27 6260/3/231 6254/3/228 
s 8
f 6248/7/9 6247/8/28 6218/10/208 6217/14/207 
f 6250/9/51 6249/7/9 6227/14/207 6230/13/259 
s 16
f 6251/8/62 6250/7/51 6230/14/259 6229/10/63 
s 32
f 6253/9/227 6252/7/27 6262/14/261 6263/13/236 
s 64
f 6246/8/26 6256/11/153 6242/15/237 6228/10/215 
s 16
f 6252/9/27 6257/146/62 6243/145/63 6262/13/261 
f 6249/7/9 6248/7/9 6217/14/207 6227/14/207 
s 4
f 6239/7/221 6238/8/209 6264/10/238 6265/14/236 
s 2
f 6241/9/70 6240/7/69 6234/14/260 6237/13/230 
s 4
f 6243/9/63 6242/7/237 6263/14/236 6262/13/261 
s 16
f 6240/147/69 6244/148/62 6235/4/27 6234/1/260 
s 64
f 6266/11/244 6261/12/232 6260/3/231 6245/8/27 
s 16
f 6257/146/62 6244/148/62 6233/3/62 6251/8/62 
s 4
f 6241/9/70 6259/9/70 6214/4/70 6226/4/70 
s 64
f 6239/15/221 6266/11/244 6245/8/27 6220/10/210 
s 16
f 6243/145/63 6257/146/62 6251/8/62 6229/10/63 
s 2
f 6255/12/229 6261/12/232 6266/11/244 6256/11/153 
s off
f 6267/4/227 6236/4/227 6253/7/227 6268/9/227 
f 6237/1/230 6236/4/227 6267/4/227 6258/13/230 
f 6263/14/236 6265/13/236 6268/9/227 6253/9/227 
f 6265/13/236 6263/14/236 6242/7/237 6239/7/221 
f 6256/11/153 6266/11/244 6239/7/221 6242/7/237 
s 1
f 6269/16/53 6270/19/52 6271/18/52 6272/17/53 
f 6273/20/60 6274/23/60 6275/22/61 6276/21/59 
f 6277/24/58 6278/27/58 6279/26/57 6280/25/57 
f 6281/28/55 6282/31/56 6283/30/54 6284/29/54 
s 2
f 6272/17/53 6274/33/60 6273/32/60 6269/16/53 
f 6275/22/61 6278/27/58 6277/24/58 6276/21/59 
f 6279/26/57 6282/31/56 6281/28/55 6280/25/57 
f 6283/30/54 6271/18/52 6270/19/52 6284/29/54 
s 8
f 6285/34/245 6286/35/245 6287/33/69 6288/32/69 
f 6288/36/69 6287/39/69 6289/38/68 6290/37/68 
f 6290/37/68 6289/38/68 6291/41/67 6292/40/67 
f 6292/40/67 6291/41/67 6293/43/154 6294/42/154 
f 6294/42/154 6293/43/154 6295/45/65 6296/44/65 
f 6296/44/65 6295/45/65 6297/47/64 6298/46/64 
f 6298/46/64 6297/47/64 6299/49/63 6300/48/63 
f 6300/48/63 6299/49/63 6286/35/245 6285/34/245 
f 6301/34/245 6302/35/245 6303/33/69 6304/32/69 
f 6304/36/69 6303/39/69 6305/38/70 6306/37/70 
f 6306/37/70 6305/38/70 6307/41/67 6308/40/67 
f 6308/40/67 6307/41/67 6309/43/154 6310/42/154 
f 6310/42/154 6309/43/154 6311/45/65 6312/44/65 
f 6312/44/65 6311/45/65 6313/47/4 6314/46/4 
f 6314/46/4 6313/47/4 6315/49/63 6316/48/63 
f 6316/48/63 6315/49/63 6302/35/245 6301/34/245 
f 6317/34/245 6318/35/245 6319/33/69 6320/32/69 
f 6320/36/69 6319/39/69 6321/38/70 6322/37/70 
f 6322/37/70 6321/38/70 6323/41/67 6324/40/67 
f 6324/40/67 6323/41/67 6325/43/246 6326/42/246 
f 6326/42/246 6325/43/246 6327/45/65 6328/44/65 
f 6328/44/65 6327/45/65 6329/47/4 6330/46/4 
f 6330/46/4 6329/47/4 6331/49/63 6332/48/63 
f 6332/48/63 6331/49/63 6318/35/245 6317/34/245 
f 6333/34/245 6334/35/245 6335/33/69 6336/32/69 
f 6336/36/69 6335/39/69 6337/38/70 6338/37/70 
f 6338/37/70 6337/38/70 6339/41/67 6340/40/67 
f 6340/40/67 6339/41/67 6341/43/154 6342/42/154 
f 6342/42/154 6341/43/154 6343/45/65 6344/44/65 
f 6344/44/65 6343/45/65 6345/47/4 6346/46/4 
f 6346/46/4 6345/47/4 6347/49/63 6348/48/63 
f 6348/48/63 6347/49/63 6334/35/245 6333/34/245 
f 6349/34/245 6350/35/245 6351/33/69 6352/32/69 
f 6352/36/69 6351/39/69 6353/38/70 6354/37/70 
f 6354/37/70 6353/38/70 6355/41/67 6356/40/67 
f 6356/40/67 6355/41/67 6357/43/246 6358/42/246 
f 6358/42/246 6357/43/246 6359/45/65 6360/44/65 
f 6360/44/65 6359/45/65 6361/47/4 6362/46/4 
f 6362/46/4 6361/47/4 6363/49/63 6364/48/63 
f 6364/48/63 6363/49/63 6350/35/245 6349/34/245 
f 6365/34/245 6366/35/245 6367/33/69 6368/32/69 
f 6368/36/69 6367/39/69 6369/38/70 6370/37/70 
f 6370/37/70 6369/38/70 6371/41/67 6372/40/67 
f 6372/40/67 6371/41/67 6373/43/154 6374/42/154 
f 6374/42/154 6373/43/154 6375/45/65 6376/44/65 
f 6376/44/65 6375/45/65 6377/47/4 6378/46/4 
f 6378/46/4 6377/47/4 6379/49/63 6380/48/63 
f 6380/48/63 6379/49/63 6366/35/245 6365/34/245 
f 6381/34/245 6382/35/245 6383/33/69 6384/32/69 
f 6384/36/69 6383/39/69 6385/38/70 6386/37/70 
f 6386/37/70 6385/38/70 6387/41/67 6388/40/67 
f 6388/40/67 6387/41/67 6389/43/154 6390/42/154 
f 6390/42/154 6389/43/154 6391/45/65 6392/44/65 
f 6392/44/65 6391/45/65 6393/47/4 6394/46/4 
f 6394/46/4 6393/47/4 6395/49/63 6396/48/63 
f 6396/48/63 6395/49/63 6382/35/245 6381/34/245 
f 6397/34/245 6398/35/245 6399/33/69 6400/32/69 
f 6400/36/69 6399/39/69 6401/38/68 6402/37/68 
f 6402/37/68 6401/38/68 6403/41/67 6404/40/67 
f 6404/40/67 6403/41/67 6405/43/154 6406/42/154 
f 6406/42/154 6405/43/154 6407/45/65 6408/44/65 
f 6408/44/65 6407/45/65 6409/47/64 6410/46/64 
f 6410/46/64 6409/47/64 6411/49/63 6412/48/63 
f 6412/48/63 6411/49/63 6398/35/245 6397/34/245 
f 6413/34/245 6414/35/245 6415/33/69 6416/32/69 
f 6416/36/69 6415/39/69 6417/38/70 6418/37/70 
f 6418/37/70 6417/38/70 6419/41/67 6420/40/67 
f 6420/40/67 6419/41/67 6421/43/154 6422/42/154 
f 6422/42/154 6421/43/154 6423/45/65 6424/44/65 
f 6424/44/65 6423/45/65 6425/47/4 6426/46/4 
f 6426/46/4 6425/47/4 6427/49/63 6428/48/63 
f 6428/48/63 6427/49/63 6414/35/245 6413/34/245 
f 6429/34/245 6430/35/245 6431/33/69 6432/32/69 
f 6432/36/69 6431/39/69 6433/38/70 6434/37/70 
f 6434/37/70 6433/38/70 6435/41/67 6436/40/67 
f 6436/40/67 6435/41/67 6437/43/154 6438/42/154 
f 6438/42/154 6437/43/154 6439/45/65 6440/44/65 
f 6440/44/65 6439/45/65 6441/47/4 6442/46/4 
f 6442/46/4 6441/47/4 6443/49/63 6444/48/63 
f 6444/48/63 6443/49/63 6430/35/245 6429/34/245 
f 6445/34/245 6446/35/245 6447/33/69 6448/32/69 
f 6448/36/69 6447/39/69 6449/38/70 6450/37/70 
f 6450/37/70 6449/38/70 6451/41/67 6452/40/67 
f 6452/40/67 6451/41/67 6453/43/154 6454/42/154 
f 6454/42/154 6453/43/154 6455/45/65 6456/44/65 
f 6456/44/65 6455/45/65 6457/47/4 6458/46/4 
f 6458/46/4 6457/47/4 6459/49/63 6460/48/63 
f 6460/48/63 6459/49/63 6446/35/245 6445/34/245 
f 6461/34/245 6462/35/245 6463/33/69 6464/32/69 
f 6464/36/69 6463/39/69 6465/38/68 6466/37/68 
f 6466/37/68 6465/38/68 6467/41/67 6468/40/67 
f 6468/40/67 6467/41/67 6469/43/154 6470/42/154 
f 6470/42/154 6469/43/154 6471/45/65 6472/44/65 
f 6472/44/65 6471/45/65 6473/47/64 6474/46/64 
f 6474/46/64 6473/47/64 6475/49/63 6476/48/63 
f 6476/48/63 6475/49/63 6462/35/245 6461/34/245 
f 6477/34/245 6478/35/245 6479/33/69 6480/32/69 
f 6480/36/69 6479/39/69 6481/38/70 6482/37/70 
f 6482/37/70 6481/38/70 6483/41/67 6484/40/67 
f 6484/40/67 6483/41/67 6485/43/154 6486/42/154 
f 6486/42/154 6485/43/154 6487/45/65 6488/44/65 
f 6488/44/65 6487/45/65 6489/47/4 6490/46/4 
f 6490/46/4 6489/47/4 6491/49/63 6492/48/63 
f 6492/48/63 6491/49/63 6478/35/245 6477/34/245 
f 6493/34/245 6494/35/245 6495/33/69 6496/32/69 
f 6496/36/69 6495/39/69 6497/38/68 6498/37/68 
f 6498/37/68 6497/38/68 6499/41/67 6500/40/67 
f 6500/40/67 6499/41/67 6501/43/154 6502/42/154 
f 6502/42/154 6501/43/154 6503/45/65 6504/44/65 
f 6504/44/65 6503/45/65 6505/47/64 6506/46/64 
f 6506/46/64 6505/47/64 6507/49/63 6508/48/63 
f 6508/48/63 6507/49/63 6494/35/245 6493/34/245 
f 6509/34/245 6510/35/245 6511/33/69 6512/32/69 
f 6512/36/69 6511/39/69 6513/38/70 6514/37/70 
f 6514/37/70 6513/38/70 6515/41/67 6516/40/67 
f 6516/40/67 6515/41/67 6517/43/154 6518/42/154 
f 6518/42/154 6517/43/154 6519/45/65 6520/44/65 
f 6520/44/65 6519/45/65 6521/47/4 6522/46/4 
f 6522/46/4 6521/47/4 6523/49/63 6524/48/63 
f 6524/48/63 6523/49/63 6510/35/245 6509/34/245 
s 1
f 6525/50/69 6526/51/245 6527/35/245 6528/33/69 
s 2
f 6529/52/70 6525/53/69 6528/39/69 6530/38/70 
s 1
f 6531/54/67 6529/52/70 6530/38/70 6532/41/67 
s 2
f 6533/55/154 6531/54/67 6532/41/67 6534/43/154 
s 1
f 6535/56/65 6533/55/154 6534/43/154 6536/45/65 
s 2
f 6537/57/4 6535/56/65 6536/45/65 6538/47/4 
s 1
f 6539/58/63 6537/57/4 6538/47/4 6540/49/63 
s 2
f 6526/51/245 6539/58/63 6540/49/63 6527/35/245 
s 1
f 6541/50/69 6542/51/245 6543/35/245 6544/33/69 
s 2
f 6545/52/68 6541/53/69 6544/39/69 6546/38/68 
s 1
f 6547/54/67 6545/52/68 6546/38/68 6548/41/67 
s 2
f 6549/55/154 6547/54/67 6548/41/67 6550/43/154 
s 1
f 6551/56/65 6549/55/154 6550/43/154 6552/45/65 
s 2
f 6553/57/64 6551/56/65 6552/45/65 6554/47/64 
s 1
f 6555/58/63 6553/57/64 6554/47/64 6556/49/63 
s 2
f 6542/51/245 6555/58/63 6556/49/63 6543/35/245 
s 1
f 6557/50/69 6558/51/245 6559/35/245 6560/33/69 
s 2
f 6561/52/70 6557/53/69 6560/39/69 6562/38/70 
s 1
f 6563/54/67 6561/52/70 6562/38/70 6564/41/67 
s 2
f 6565/55/154 6563/54/67 6564/41/67 6566/43/154 
s 1
f 6567/56/65 6565/55/154 6566/43/154 6568/45/65 
s 2
f 6569/57/4 6567/56/65 6568/45/65 6570/47/4 
s 1
f 6571/58/63 6569/57/4 6570/47/4 6572/49/63 
s 2
f 6558/51/245 6571/58/63 6572/49/63 6559/35/245 
s 1
f 6573/50/69 6574/51/245 6575/35/245 6576/33/69 
s 2
f 6577/52/68 6573/53/69 6576/39/69 6578/38/68 
s 1
f 6579/54/67 6577/52/68 6578/38/68 6580/41/67 
s 2
f 6581/55/154 6579/54/67 6580/41/67 6582/43/154 
s 1
f 6583/56/65 6581/55/154 6582/43/154 6584/45/65 
s 2
f 6585/57/64 6583/56/65 6584/45/65 6586/47/64 
s 1
f 6587/58/63 6585/57/64 6586/47/64 6588/49/63 
s 2
f 6574/51/245 6587/58/63 6588/49/63 6575/35/245 
s 1
f 6589/50/69 6590/51/245 6591/35/245 6592/33/69 
s 2
f 6593/52/70 6589/53/69 6592/39/69 6594/38/70 
s 1
f 6595/54/67 6593/52/70 6594/38/70 6596/41/67 
s 2
f 6597/55/154 6595/54/67 6596/41/67 6598/43/154 
s 1
f 6599/56/65 6597/55/154 6598/43/154 6600/45/65 
s 2
f 6601/57/4 6599/56/65 6600/45/65 6602/47/4 
s 1
f 6603/58/63 6601/57/4 6602/47/4 6604/49/63 
s 2
f 6590/51/245 6603/58/63 6604/49/63 6591/35/245 
s 1
f 6605/40/67 6606/41/67 6607/45/65 6608/44/65 
s 2
f 6608/44/65 6607/45/65 6609/60/63 6610/59/63 
s 1
f 6611/32/69 6612/48/63 6613/49/63 6614/33/69 
s 2
f 6611/36/69 6614/39/69 6615/62/67 6616/61/67 
f 6617/63/69 6618/64/69 6606/41/67 6605/40/67 
f 6619/65/65 6620/66/65 6613/49/63 6612/48/63 
s off
f 6619/65/65 6616/61/67 6615/62/67 6620/66/65 
f 6617/63/69 6610/59/63 6609/60/63 6618/64/69 
s 1
f 6621/16/53 6622/19/52 6623/68/72 6624/67/73 
f 6625/20/60 6626/70/79 6627/69/182 6628/21/89 
f 6629/24/58 6630/72/77 6631/71/78 6632/25/57 
f 6633/28/55 6634/74/247 6635/73/76 6636/29/54 
s 2
f 6637/17/53 6638/33/60 6639/76/248 6640/75/249 
f 6641/22/89 6642/27/86 6643/78/185 6644/77/88 
f 6645/26/85 6646/31/74 6647/80/83 6648/79/250 
f 6649/30/54 6650/18/251 6651/82/183 6652/81/184 
s 1
f 6640/75/249 6651/82/183 6650/18/251 6637/17/53 
f 6644/77/88 6639/83/248 6638/23/60 6641/22/89 
f 6648/79/250 6643/78/185 6642/27/86 6645/26/85 
f 6652/81/184 6647/80/83 6646/31/74 6649/30/54 
s 2
f 6624/67/73 6626/84/79 6625/32/60 6621/16/53 
f 6627/69/182 6630/72/77 6629/24/58 6628/21/89 
f 6631/71/78 6634/74/247 6633/28/55 6632/25/57 
f 6635/73/76 6623/68/72 6622/19/52 6636/29/54 
s off
f 6640/75/249 6653/86/93 6654/85/94 6651/82/183 
f 6644/77/88 6655/87/96 6653/83/93 6639/83/248 
f 6648/79/250 6656/88/95 6655/87/96 6643/78/185 
f 6652/81/184 6654/85/94 6656/88/95 6647/80/83 
f 6639/76/248 6653/86/93 6640/75/249 
f 6643/78/185 6655/87/96 6644/77/88 
f 6647/80/83 6656/88/95 6648/79/250 
f 6651/82/183 6654/85/94 6652/81/184 
f 6623/68/72 6657/90/97 6658/89/98 6624/67/73 
f 6626/70/79 6658/70/98 6659/91/100 6627/69/182 
f 6630/72/77 6659/91/100 6660/92/99 6631/71/78 
f 6634/74/247 6660/92/99 6657/90/97 6635/73/76 
f 6624/67/73 6658/89/98 6626/84/79 
f 6627/69/182 6659/91/100 6630/72/77 
f 6631/71/78 6660/92/99 6634/74/247 
f 6635/73/76 6657/90/97 6623/68/72 
s 4
f 6654/85/94 6653/83/93 6655/87/96 6656/88/95 
s 16
f 6658/89/98 6657/90/97 6660/92/99 6659/91/100 
s 1
f 6661/16/53 6662/19/52 6663/18/52 6664/17/53 
f 6665/20/60 6666/23/60 6667/22/59 6668/21/59 
f 6669/24/86 6670/27/86 6671/26/85 6672/25/85 
f 6673/28/55 6674/31/55 6675/30/54 6676/29/54 
s 2
f 6664/17/53 6666/33/60 6665/32/60 6661/16/53 
f 6667/22/59 6670/27/86 6669/24/86 6668/21/59 
f 6671/26/85 6674/31/55 6673/28/55 6672/25/85 
f 6675/30/54 6663/18/52 6662/19/52 6676/29/54 
s 1
f 6677/16/53 6678/19/52 6679/94/101 6680/93/102 
f 6681/20/60 6682/96/107 6683/95/108 6684/21/59 
f 6685/24/58 6686/98/105 6687/97/106 6688/25/57 
f 6689/28/55 6690/100/103 6691/99/104 6692/29/54 
s 2
f 6693/17/53 6694/33/60 6695/102/115 6696/101/116 
f 6697/22/89 6698/27/86 6699/104/113 6700/103/114 
f 6701/26/85 6702/31/74 6703/106/111 6704/105/112 
f 6705/30/54 6706/18/52 6707/108/109 6708/107/110 
s 1
f 6709/16/53 6710/19/52 6711/110/117 6712/109/118 
f 6713/20/124 6714/112/125 6715/111/126 6716/21/89 
f 6717/24/86 6718/114/122 6719/113/123 6720/25/85 
f 6721/28/74 6722/116/120 6723/115/121 6724/29/119 
s 2
f 6725/17/53 6726/33/60 6727/118/133 6728/117/134 
f 6729/22/89 6730/27/86 6731/120/131 6732/119/132 
f 6733/26/85 6734/31/74 6735/122/129 6736/121/130 
f 6737/30/54 6738/18/52 6739/124/127 6740/123/128 
s 1
f 6728/117/134 6739/124/127 6738/18/52 6725/17/53 
f 6732/119/132 6727/125/133 6726/23/60 6729/22/89 
f 6736/121/130 6731/120/131 6730/27/86 6733/26/85 
f 6740/123/128 6735/122/129 6734/31/74 6737/30/54 
f 6696/101/116 6707/108/109 6706/18/52 6693/17/53 
f 6700/103/114 6695/126/115 6694/23/60 6697/22/89 
f 6704/105/112 6699/104/113 6698/27/86 6701/26/85 
f 6708/107/110 6703/106/111 6702/31/74 6705/30/54 
s 2
f 6712/109/118 6714/127/125 6713/32/124 6709/16/53 
f 6715/111/126 6718/114/122 6717/24/86 6716/21/89 
f 6719/113/123 6722/116/120 6721/28/74 6720/25/85 
f 6723/115/121 6711/110/117 6710/19/52 6724/29/119 
f 6680/93/102 6682/128/107 6681/32/60 6677/16/53 
f 6683/95/108 6686/98/105 6685/24/58 6684/21/59 
f 6687/97/106 6690/100/103 6689/28/55 6688/25/57 
f 6691/99/104 6679/94/101 6678/19/52 6692/29/54 
s off
f 6728/117/134 6741/130/135 6742/129/136 6739/124/127 
f 6732/119/132 6743/131/138 6741/125/135 6727/125/133 
f 6736/121/130 6744/132/137 6743/131/138 6731/120/131 
f 6740/123/128 6742/129/136 6744/132/137 6735/122/129 
f 6727/118/133 6741/130/135 6728/117/134 
f 6731/120/131 6743/131/138 6732/119/132 
f 6735/122/129 6744/132/137 6736/121/130 
f 6739/124/127 6742/129/136 6740/123/128 
f 6695/102/115 6745/133/142 6696/101/116 
f 6699/104/113 6746/134/141 6700/103/114 
f 6703/106/111 6747/135/140 6704/105/112 
f 6707/108/109 6748/136/139 6708/107/110 
f 6696/101/116 6745/133/142 6748/136/139 6707/108/109 
f 6700/103/114 6746/134/141 6745/126/142 6695/126/115 
f 6704/105/112 6747/135/140 6746/134/141 6699/104/113 
f 6708/107/110 6748/136/139 6747/135/140 6703/106/111 
f 6711/110/117 6749/138/143 6750/137/144 6712/109/118 
f 6714/112/125 6750/112/144 6751/139/146 6715/111/126 
f 6718/114/122 6751/139/146 6752/140/145 6719/113/123 
f 6722/116/120 6752/140/145 6749/138/143 6723/115/121 
f 6712/109/118 6750/137/144 6714/127/125 
f 6715/111/126 6751/139/146 6718/114/122 
f 6719/113/123 6752/140/145 6722/116/120 
f 6723/115/121 6749/138/143 6711/110/117 
f 6679/94/101 6753/142/147 6754/141/148 6680/93/102 
f 6682/96/107 6754/96/148 6755/143/150 6683/95/108 
f 6686/98/105 6755/143/150 6756/144/149 6687/97/106 
f 6690/100/103 6756/144/149 6753/142/147 6691/99/104 
f 6680/93/102 6754/141/148 6682/128/107 
f 6683/95/108 6755/143/150 6686/98/105 
f 6687/97/106 6756/144/149 6690/100/103 
f 6691/99/104 6753/142/147 6679/94/101 
s 32
f 6742/129/136 6741/125/135 6743/131/138 6744/132/137 
f 6748/136/139 6745/126/142 6746/134/141 6747/135/140 
f 6750/137/144 6749/138/143 6752/140/145 6751/139/146 
f 6754/141/148 6753/142/147 6756/144/149 6755/143/150 
f 6757/3/262 6758/2/263 4586/1/230 4603/4/227 
s 2
f 6759/3/264 6760/2/265 6761/2/266 6762/3/267 
s 4
f 4590/2/233 4566/3/223 4565/3/222 4591/2/234 
s 8
f 6760/2/265 4574/3/157 4573/3/226 6761/2/266 
s 32
f 4597/2/239 4578/3/33 4577/4/227 4585/1/230 
s 2
f 6763/8/205 4539/3/205 4538/4/70 4587/9/70 
f 6764/8/264 6759/3/264 6762/3/267 6765/8/267 
s 4
f 6766/8/216 4553/3/216 4552/6/215 4594/7/237 
s 32
f 6767/8/19 6757/3/262 4603/4/227 4604/9/227 
s 8
f 6768/8/16 4556/3/29 4555/6/212 4584/7/9 
s 32
f 6769/8/33 4560/3/220 4559/3/171 6770/8/171 
f 4595/10/238 6767/8/19 4604/9/227 4596/13/236 
s 8
f 4554/10/217 6768/8/16 4584/7/9 4551/14/207 
s 32
f 6771/10/268 6769/8/33 6770/8/171 6772/10/269 
s 2
f 6758/10/263 6763/8/205 4587/9/70 4586/13/230 
f 4557/10/218 6764/8/264 6765/8/267 4558/10/219 
s 4
f 4592/10/235 6766/8/216 4594/7/237 4593/14/236 
s 32
f 6773/3/171 6774/2/263 5142/1/230 5159/4/227 
s 2
f 6775/3/264 6776/2/265 6777/2/266 6778/3/267 
s 4
f 5146/2/233 5122/3/223 5121/3/222 5147/2/234 
s 8
f 6776/2/265 5130/3/157 5129/3/226 6777/2/266 
s 32
f 5153/2/239 5134/3/33 5133/4/227 5141/1/230 
s 2
f 6779/8/252 5095/3/252 5094/4/70 5143/9/70 
f 6780/8/264 6775/3/264 6778/3/267 6781/8/267 
s 4
f 6782/8/216 5109/3/216 5108/6/215 5150/7/237 
s 32
f 6783/8/19 6773/3/171 5159/4/227 5160/9/227 
s 8
f 6784/8/16 5112/3/29 5111/6/212 5140/7/9 
s 32
f 6785/8/33 5116/3/220 5115/3/171 6786/8/171 
f 5151/10/238 6783/8/19 5160/9/227 5152/13/236 
s 8
f 5110/10/217 6784/8/16 5140/7/9 5107/14/207 
s 32
f 6787/10/268 6785/8/33 6786/8/171 6788/10/269 
s 2
f 6774/10/263 6779/8/252 5143/9/70 5142/13/230 
f 5113/10/218 6780/8/264 6781/8/267 5114/10/219 
s 4
f 5148/10/235 6782/8/216 5150/7/237 5149/14/236 
s 2
f 6789/3/264 6790/2/265 6791/2/266 6792/3/267 
s 4
f 5714/2/233 5687/3/223 5686/3/256 5715/2/234 
s 8
f 6790/2/265 5697/3/175 5696/3/226 6791/2/266 
s 32
f 5719/2/239 5701/3/33 5700/4/227 5709/1/230 
s 2
f 6793/8/264 6789/3/264 6792/3/267 6794/8/267 
s 4
f 6795/8/216 5670/3/223 5669/6/215 5718/7/237 
s 8
f 6796/8/175 5673/3/30 5672/6/212 5708/7/9 
s 32
f 6797/8/33 5677/3/220 5676/3/171 6798/8/171 
s 8
f 5671/10/217 6796/8/175 5708/7/9 5668/14/207 
s 32
f 6799/10/268 6797/8/33 6798/8/171 6800/10/269 
s 2
f 5674/10/218 6793/8/264 6794/8/267 5675/10/219 
s 4
f 5716/10/235 6795/8/216 5718/7/237 5717/14/236 
s 32
f 6801/3/171 6802/2/263 6258/1/230 6267/4/227 
s 2
f 6803/8/205 6215/3/205 6214/4/70 6259/9/70 
s 32
f 6804/8/19 6801/3/171 6267/4/227 6268/9/227 
f 6264/10/238 6804/8/19 6268/9/227 6265/13/236 
s 2
f 6802/10/263 6803/8/205 6259/9/70 6258/13/230 
s off
f 4548/2/213 6760/2/265 6759/3/264 4549/3/214 
f 4549/3/214 6759/3/264 6764/8/264 4563/8/214 
f 4563/8/214 6764/8/264 4557/10/218 4597/10/239 
f 4597/2/239 4557/2/218 4560/3/220 4578/3/33 
f 4578/3/33 4560/3/220 6769/8/33 4579/8/33 
f 4579/8/33 6769/8/33 6771/10/268 4592/10/235 
f 4592/10/235 6771/10/268 4567/8/224 6766/8/216 
f 6766/8/216 4567/8/224 4566/3/223 4553/3/216 
f 4553/3/216 4566/3/223 4590/2/233 4554/2/217 
f 4554/10/217 4590/10/233 4575/8/16 6768/8/16 
f 6768/8/16 4575/8/16 4574/3/157 4556/3/29 
f 4556/3/29 4574/3/157 6760/2/265 4548/2/213 
f 6215/3/205 6762/3/267 6761/2/266 6216/2/206 
f 6216/2/206 6761/2/266 4573/3/226 6221/3/226 
f 6221/3/226 4573/3/226 4576/8/226 6247/8/28 
f 6247/8/28 4576/8/226 4591/10/234 6218/10/208 
f 6218/2/208 4591/2/234 4565/3/222 6219/3/209 
f 6219/3/209 4565/3/222 4568/8/225 6238/8/209 
f 6238/8/209 4568/8/225 6772/10/269 6264/10/238 
f 6264/10/238 6772/10/269 6770/8/171 6804/8/19 
f 6804/8/19 6770/8/171 4559/3/171 6801/3/171 
f 6801/3/171 4559/3/171 4558/2/219 6802/2/263 
f 6802/10/263 4558/10/219 6765/8/267 6803/8/205 
f 6803/8/205 6765/8/267 6762/3/267 6215/3/205 
f 4539/3/205 6778/3/267 6777/2/266 4540/2/206 
f 4540/2/206 6777/2/266 5129/3/226 4545/3/211 
f 4545/3/211 5129/3/226 5132/8/211 4571/8/10 
f 4571/8/10 5132/8/211 5147/10/234 4542/10/208 
f 4542/2/208 5147/2/234 5121/3/222 4543/3/209 
f 4543/3/209 5121/3/222 5124/8/225 4561/8/209 
f 4561/8/209 5124/8/225 6788/10/269 4595/10/238 
f 4595/10/238 6788/10/269 6786/8/171 6767/8/19 
f 6767/8/19 6786/8/171 5115/3/171 6757/3/262 
f 6757/3/262 5115/3/171 5114/2/219 6758/2/263 
f 6758/10/263 5114/10/219 6781/8/267 6763/8/205 
f 6763/8/205 6781/8/267 6778/3/267 4539/3/205 
f 5104/2/213 6776/2/265 6775/3/264 5105/3/214 
f 5105/3/214 6775/3/264 6780/8/264 5119/8/214 
f 5119/8/214 6780/8/264 5113/10/218 5153/10/239 
f 5153/2/239 5113/2/218 5116/3/220 5134/3/33 
f 5134/3/33 5116/3/220 6785/8/33 5135/8/33 
f 5135/8/33 6785/8/33 6787/10/268 5148/10/235 
f 5148/10/235 6787/10/268 5123/8/224 6782/8/216 
f 6782/8/216 5123/8/224 5122/3/223 5109/3/216 
f 5109/3/216 5122/3/223 5146/2/233 5110/2/217 
f 5110/10/217 5146/10/233 5131/8/16 6784/8/16 
f 6784/8/16 5131/8/16 5130/3/157 5112/3/29 
f 5112/3/29 5130/3/157 6776/2/265 5104/2/213 
f 5095/3/252 6792/3/267 6791/2/266 5096/2/206 
f 5096/2/206 6791/2/266 5696/3/226 5101/3/226 
f 5101/3/226 5696/3/226 5699/8/226 5127/8/28 
f 5127/8/28 5699/8/226 5715/10/234 5098/10/208 
f 5098/2/208 5715/2/234 5686/3/256 5099/3/209 
f 5099/3/209 5686/3/256 5689/8/225 5117/8/209 
f 5117/8/209 5689/8/225 6800/10/269 5151/10/238 
f 5151/10/238 6800/10/269 6798/8/171 6783/8/19 
f 6783/8/19 6798/8/171 5676/3/171 6773/3/171 
f 6773/3/171 5676/3/171 5675/2/219 6774/2/263 
f 6774/10/263 5675/10/219 6794/8/267 6779/8/252 
f 6779/8/252 6794/8/267 6792/3/267 5095/3/252 
f 5665/2/213 6790/2/265 6789/3/264 5666/3/214 
f 5666/3/214 6789/3/264 6793/8/264 5684/8/214 
f 5684/8/214 6793/8/264 5674/10/218 5719/10/239 
f 5719/2/239 5674/2/218 5677/3/220 5701/3/33 
f 5701/3/33 5677/3/220 6797/8/33 5702/8/220 
f 5702/8/220 6797/8/33 6799/10/268 5716/10/235 
f 5716/10/235 6799/10/268 5688/8/224 6795/8/216 
f 6795/8/216 5688/8/224 5687/3/223 5670/3/223 
f 5670/3/223 5687/3/223 5714/2/233 5671/2/217 
f 5671/10/217 5714/10/233 5698/8/157 6796/8/175 
f 6796/8/175 5698/8/157 5697/3/175 5673/3/30 
f 5673/3/30 5697/3/175 6790/2/265 5665/2/213 
s 32
f 6772/10/269 4601/10/243 4600/10/242 6771/10/268 
s off
f 6771/10/268 4600/10/242 4599/8/241 4567/8/224 
f 4567/8/224 4599/8/241 4598/8/240 4568/8/225 
f 4568/8/225 4598/8/240 4601/10/243 6772/10/269 
s 32
f 6788/10/269 5157/10/243 5156/10/242 6787/10/268 
s off
f 6787/10/268 5156/10/242 5155/8/241 5123/8/224 
f 5123/8/224 5155/8/241 5154/8/240 5124/8/225 
f 5124/8/225 5154/8/240 5157/10/243 6788/10/269 
s 32
f 6800/10/269 5723/10/243 5722/10/242 6799/10/268 
s off
f 6799/10/268 5722/10/242 5721/8/241 5688/8/224 
f 5688/8/224 5721/8/241 5720/8/240 5689/8/225 
f 5689/8/225 5720/8/240 5723/10/243 6800/10/269 
s 2
f 6805/1/204 6806/4/70 6807/3/205 6808/2/206 
s 4
f 6809/5/207 6810/2/208 6811/3/209 6812/6/210 
s 8
f 6805/5/204 6808/2/206 6813/3/211 6814/6/212 
s 2
f 6815/1/204 6816/2/213 6817/3/214 6818/4/70 
s 4
f 6819/5/207 6820/6/215 6821/3/216 6822/2/217 
s 8
f 6815/5/204 6823/6/212 6824/3/29 6816/2/213 
s 32
f 6825/2/218 6826/2/219 6827/3/171 6828/3/220 
s 4
f 6812/6/210 6811/3/209 6829/8/209 6830/7/221 
s 2
f 6818/4/70 6817/3/214 6831/8/214 6832/9/70 
s 4
f 6833/3/222 6834/3/223 6835/8/224 6836/8/225 
s 16
f 6815/5/204 6805/5/204 6814/6/212 6823/6/212 
s 1
f 6819/5/207 6809/5/207 6812/6/210 6820/6/215 
s 16
f 6820/10/215 6812/10/210 6837/8/27 6838/8/26 
s 8
f 6814/6/212 6813/3/211 6839/8/10 6840/7/9 
f 6841/3/226 6842/3/157 6843/8/16 6844/8/226 
s 32
f 6845/4/176 6846/3/33 6847/8/33 6848/9/227 
s 64
f 6849/3/228 6850/12/229 6851/11/153 6838/8/26 
s 16
f 6823/6/212 6814/6/212 6840/7/9 6852/7/9 
s 4
f 6853/13/230 6854/13/230 6855/9/70 6832/9/70 
f 6849/3/228 6856/3/231 6857/12/232 6850/12/229 
s off
f 6815/1/204 6818/4/70 6806/4/70 6805/1/204 
s 16
f 6838/8/26 6837/8/27 6856/3/231 6849/3/228 
s 8
f 6840/7/9 6839/8/10 6810/10/208 6809/14/207 
f 6844/8/226 6843/8/16 6858/10/233 6859/10/234 
s 32
f 6848/9/227 6847/8/33 6860/10/235 6861/13/236 
s 64
f 6838/8/26 6851/11/153 6862/15/237 6820/10/215 
s 16
f 6852/7/9 6840/7/9 6809/14/207 6819/14/207 
s 4
f 6830/7/221 6829/8/209 6863/10/238 6864/14/236 
s 2
f 6832/9/70 6831/8/214 6865/10/270 6853/13/230 
s 4
f 6866/8/240 6867/8/241 6868/10/242 6869/10/243 
s 64
f 6870/11/51 6857/12/232 6856/3/231 6837/8/27 
s 4
f 6832/9/70 6855/9/70 6806/4/70 6818/4/70 
s 64
f 6830/15/221 6870/11/51 6837/8/27 6812/10/210 
s 2
f 6850/12/229 6857/12/232 6870/11/51 6851/11/153 
s off
f 6871/4/176 6845/4/176 6848/7/227 6872/9/227 
f 6853/1/230 6845/4/176 6871/4/176 6854/13/230 
f 6861/14/236 6864/13/236 6872/9/227 6848/9/227 
f 6864/13/236 6861/14/236 6862/7/237 6830/7/221 
f 6851/11/153 6870/11/51 6830/7/221 6862/7/237 
s 1
f 6873/16/53 6874/19/52 6875/18/52 6876/17/53 
f 6877/20/60 6878/23/60 6879/22/59 6880/21/179 
f 6881/24/86 6882/27/86 6883/26/85 6884/25/85 
f 6885/28/178 6886/31/55 6887/30/54 6888/29/54 
s 2
f 6876/17/53 6878/33/60 6877/32/60 6873/16/53 
f 6879/22/59 6882/27/86 6881/24/86 6880/21/179 
f 6883/26/85 6886/31/55 6885/28/178 6884/25/85 
f 6887/30/54 6875/18/52 6874/19/52 6888/29/54 
s 8
f 6889/34/245 6890/35/245 6891/33/69 6892/32/69 
f 6892/36/69 6891/39/69 6893/38/68 6894/37/68 
f 6894/37/68 6893/38/68 6895/41/67 6896/40/67 
f 6896/40/67 6895/41/67 6897/43/154 6898/42/154 
f 6898/42/154 6897/43/154 6899/45/65 6900/44/65 
f 6900/44/65 6899/45/65 6901/47/64 6902/46/64 
f 6902/46/64 6901/47/64 6903/49/63 6904/48/63 
f 6904/48/63 6903/49/63 6890/35/245 6889/34/245 
f 6905/34/245 6906/35/245 6907/33/69 6908/32/69 
f 6908/36/69 6907/39/69 6909/38/70 6910/37/70 
f 6910/37/70 6909/38/70 6911/41/67 6912/40/67 
f 6912/40/67 6911/41/67 6913/43/154 6914/42/154 
f 6914/42/154 6913/43/154 6915/45/65 6916/44/65 
f 6916/44/65 6915/45/65 6917/47/4 6918/46/4 
f 6918/46/4 6917/47/4 6919/49/63 6920/48/63 
f 6920/48/63 6919/49/63 6906/35/245 6905/34/245 
f 6921/34/245 6922/35/245 6923/33/69 6924/32/69 
f 6924/36/69 6923/39/69 6925/38/70 6926/37/70 
f 6926/37/70 6925/38/70 6927/41/67 6928/40/67 
f 6928/40/67 6927/41/67 6929/43/246 6930/42/246 
f 6930/42/246 6929/43/246 6931/45/65 6932/44/65 
f 6932/44/65 6931/45/65 6933/47/4 6934/46/4 
f 6934/46/4 6933/47/4 6935/49/63 6936/48/63 
f 6936/48/63 6935/49/63 6922/35/245 6921/34/245 
f 6937/34/245 6938/35/245 6939/33/69 6940/32/69 
f 6940/36/69 6939/39/69 6941/38/70 6942/37/70 
f 6942/37/70 6941/38/70 6943/41/67 6944/40/67 
f 6944/40/67 6943/41/67 6945/43/154 6946/42/154 
f 6946/42/154 6945/43/154 6947/45/65 6948/44/65 
f 6948/44/65 6947/45/65 6949/47/4 6950/46/4 
f 6950/46/4 6949/47/4 6951/49/63 6952/48/63 
f 6952/48/63 6951/49/63 6938/35/245 6937/34/245 
f 6953/34/245 6954/35/245 6955/33/69 6956/32/69 
f 6956/36/69 6955/39/69 6957/38/70 6958/37/70 
f 6958/37/70 6957/38/70 6959/41/67 6960/40/67 
f 6960/40/67 6959/41/67 6961/43/246 6962/42/246 
f 6962/42/246 6961/43/246 6963/45/65 6964/44/65 
f 6964/44/65 6963/45/65 6965/47/4 6966/46/4 
f 6966/46/4 6965/47/4 6967/49/63 6968/48/63 
f 6968/48/63 6967/49/63 6954/35/245 6953/34/245 
f 6969/34/245 6970/35/245 6971/33/69 6972/32/69 
f 6972/36/69 6971/39/69 6973/38/70 6974/37/70 
f 6974/37/70 6973/38/70 6975/41/67 6976/40/67 
f 6976/40/67 6975/41/67 6977/43/154 6978/42/154 
f 6978/42/154 6977/43/154 6979/45/65 6980/44/65 
f 6980/44/65 6979/45/65 6981/47/4 6982/46/4 
f 6982/46/4 6981/47/4 6983/49/63 6984/48/63 
f 6984/48/63 6983/49/63 6970/35/245 6969/34/245 
f 6985/34/245 6986/35/245 6987/33/69 6988/32/69 
f 6988/36/69 6987/39/69 6989/38/70 6990/37/70 
f 6990/37/70 6989/38/70 6991/41/67 6992/40/67 
f 6992/40/67 6991/41/67 6993/43/154 6994/42/154 
f 6994/42/154 6993/43/154 6995/45/65 6996/44/65 
f 6996/44/65 6995/45/65 6997/47/4 6998/46/4 
f 6998/46/4 6997/47/4 6999/49/63 7000/48/63 
f 7000/48/63 6999/49/63 6986/35/245 6985/34/245 
f 7001/34/245 7002/35/245 7003/33/69 7004/32/69 
f 7004/36/69 7003/39/69 7005/38/68 7006/37/68 
f 7006/37/68 7005/38/68 7007/41/67 7008/40/67 
f 7008/40/67 7007/41/67 7009/43/154 7010/42/154 
f 7010/42/154 7009/43/154 7011/45/65 7012/44/65 
f 7012/44/65 7011/45/65 7013/47/64 7014/46/64 
f 7014/46/64 7013/47/64 7015/49/63 7016/48/63 
f 7016/48/63 7015/49/63 7002/35/245 7001/34/245 
f 7017/34/245 7018/35/245 7019/33/69 7020/32/69 
f 7020/36/69 7019/39/69 7021/38/70 7022/37/70 
f 7022/37/70 7021/38/70 7023/41/67 7024/40/67 
f 7024/40/67 7023/41/67 7025/43/154 7026/42/154 
f 7026/42/154 7025/43/154 7027/45/65 7028/44/65 
f 7028/44/65 7027/45/65 7029/47/4 7030/46/4 
f 7030/46/4 7029/47/4 7031/49/63 7032/48/63 
f 7032/48/63 7031/49/63 7018/35/245 7017/34/245 
f 7033/34/245 7034/35/245 7035/33/69 7036/32/69 
f 7036/36/69 7035/39/69 7037/38/70 7038/37/70 
f 7038/37/70 7037/38/70 7039/41/67 7040/40/67 
f 7040/40/67 7039/41/67 7041/43/154 7042/42/154 
f 7042/42/154 7041/43/154 7043/45/65 7044/44/65 
f 7044/44/65 7043/45/65 7045/47/4 7046/46/4 
f 7046/46/4 7045/47/4 7047/49/63 7048/48/63 
f 7048/48/63 7047/49/63 7034/35/245 7033/34/245 
f 7049/34/245 7050/35/245 7051/33/69 7052/32/69 
f 7052/36/69 7051/39/69 7053/38/70 7054/37/70 
f 7054/37/70 7053/38/70 7055/41/67 7056/40/67 
f 7056/40/67 7055/41/67 7057/43/154 7058/42/154 
f 7058/42/154 7057/43/154 7059/45/65 7060/44/65 
f 7060/44/65 7059/45/65 7061/47/4 7062/46/4 
f 7062/46/4 7061/47/4 7063/49/63 7064/48/63 
f 7064/48/63 7063/49/63 7050/35/245 7049/34/245 
f 7065/34/245 7066/35/245 7067/33/69 7068/32/69 
f 7068/36/69 7067/39/69 7069/38/68 7070/37/68 
f 7070/37/68 7069/38/68 7071/41/67 7072/40/67 
f 7072/40/67 7071/41/67 7073/43/154 7074/42/154 
f 7074/42/154 7073/43/154 7075/45/65 7076/44/65 
f 7076/44/65 7075/45/65 7077/47/64 7078/46/64 
f 7078/46/64 7077/47/64 7079/49/63 7080/48/63 
f 7080/48/63 7079/49/63 7066/35/245 7065/34/245 
f 7081/34/245 7082/35/245 7083/33/69 7084/32/69 
f 7084/36/69 7083/39/69 7085/38/70 7086/37/70 
f 7086/37/70 7085/38/70 7087/41/67 7088/40/67 
f 7088/40/67 7087/41/67 7089/43/154 7090/42/154 
f 7090/42/154 7089/43/154 7091/45/65 7092/44/65 
f 7092/44/65 7091/45/65 7093/47/4 7094/46/4 
f 7094/46/4 7093/47/4 7095/49/63 7096/48/63 
f 7096/48/63 7095/49/63 7082/35/245 7081/34/245 
f 7097/34/245 7098/35/245 7099/33/69 7100/32/69 
f 7100/36/69 7099/39/69 7101/38/68 7102/37/68 
f 7102/37/68 7101/38/68 7103/41/67 7104/40/67 
f 7104/40/67 7103/41/67 7105/43/154 7106/42/154 
f 7106/42/154 7105/43/154 7107/45/65 7108/44/65 
f 7108/44/65 7107/45/65 7109/47/64 7110/46/64 
f 7110/46/64 7109/47/64 7111/49/63 7112/48/63 
f 7112/48/63 7111/49/63 7098/35/245 7097/34/245 
f 7113/34/245 7114/35/245 7115/33/69 7116/32/69 
f 7116/36/69 7115/39/69 7117/38/70 7118/37/70 
f 7118/37/70 7117/38/70 7119/41/67 7120/40/67 
f 7120/40/67 7119/41/67 7121/43/154 7122/42/154 
f 7122/42/154 7121/43/154 7123/45/65 7124/44/65 
f 7124/44/65 7123/45/65 7125/47/4 7126/46/4 
f 7126/46/4 7125/47/4 7127/49/63 7128/48/63 
f 7128/48/63 7127/49/63 7114/35/245 7113/34/245 
s 1
f 7129/50/69 7130/51/245 7131/35/245 7132/33/69 
s 2
f 7133/52/70 7129/53/69 7132/39/69 7134/38/70 
s 1
f 7135/54/67 7133/52/70 7134/38/70 7136/41/67 
s 2
f 7137/55/154 7135/54/67 7136/41/67 7138/43/154 
s 1
f 7139/56/65 7137/55/154 7138/43/154 7140/45/65 
s 2
f 7141/57/4 7139/56/65 7140/45/65 7142/47/4 
s 1
f 7143/58/63 7141/57/4 7142/47/4 7144/49/63 
s 2
f 7130/51/245 7143/58/63 7144/49/63 7131/35/245 
s 1
f 7145/50/69 7146/51/245 7147/35/245 7148/33/69 
s 2
f 7149/52/68 7145/53/69 7148/39/69 7150/38/68 
s 1
f 7151/54/67 7149/52/68 7150/38/68 7152/41/67 
s 2
f 7153/55/154 7151/54/67 7152/41/67 7154/43/154 
s 1
f 7155/56/65 7153/55/154 7154/43/154 7156/45/65 
s 2
f 7157/57/64 7155/56/65 7156/45/65 7158/47/64 
s 1
f 7159/58/63 7157/57/64 7158/47/64 7160/49/63 
s 2
f 7146/51/245 7159/58/63 7160/49/63 7147/35/245 
s 1
f 7161/50/69 7162/51/245 7163/35/245 7164/33/69 
s 2
f 7165/52/70 7161/53/69 7164/39/69 7166/38/70 
s 1
f 7167/54/67 7165/52/70 7166/38/70 7168/41/67 
s 2
f 7169/55/154 7167/54/67 7168/41/67 7170/43/154 
s 1
f 7171/56/65 7169/55/154 7170/43/154 7172/45/65 
s 2
f 7173/57/4 7171/56/65 7172/45/65 7174/47/4 
s 1
f 7175/58/63 7173/57/4 7174/47/4 7176/49/63 
s 2
f 7162/51/245 7175/58/63 7176/49/63 7163/35/245 
s 1
f 7177/50/69 7178/51/245 7179/35/245 7180/33/69 
s 2
f 7181/52/68 7177/53/69 7180/39/69 7182/38/68 
s 1
f 7183/54/67 7181/52/68 7182/38/68 7184/41/67 
s 2
f 7185/55/154 7183/54/67 7184/41/67 7186/43/154 
s 1
f 7187/56/65 7185/55/154 7186/43/154 7188/45/65 
s 2
f 7189/57/64 7187/56/65 7188/45/65 7190/47/64 
s 1
f 7191/58/63 7189/57/64 7190/47/64 7192/49/63 
s 2
f 7178/51/245 7191/58/63 7192/49/63 7179/35/245 
s 1
f 7193/50/69 7194/51/245 7195/35/245 7196/33/69 
s 2
f 7197/52/70 7193/53/69 7196/39/69 7198/38/70 
s 1
f 7199/54/67 7197/52/70 7198/38/70 7200/41/67 
s 2
f 7201/55/154 7199/54/67 7200/41/67 7202/43/154 
s 1
f 7203/56/65 7201/55/154 7202/43/154 7204/45/65 
s 2
f 7205/57/4 7203/56/65 7204/45/65 7206/47/4 
s 1
f 7207/58/63 7205/57/4 7206/47/4 7208/49/63 
s 2
f 7194/51/245 7207/58/63 7208/49/63 7195/35/245 
s 1
f 7209/40/67 7210/41/67 7211/45/65 7212/44/65 
s 2
f 7212/44/65 7211/45/65 7213/60/63 7214/59/63 
s 1
f 7215/32/69 7216/48/63 7217/49/63 7218/33/69 
s 2
f 7215/36/69 7218/39/69 7219/62/67 7220/61/67 
f 7221/63/69 7222/64/69 7210/41/67 7209/40/67 
f 7223/65/65 7224/66/65 7217/49/63 7216/48/63 
s off
f 7223/65/65 7220/61/67 7219/62/67 7224/66/65 
f 7221/63/69 7214/59/63 7213/60/63 7222/64/69 
s 1
f 7225/16/53 7226/19/52 7227/68/72 7228/67/73 
f 7229/20/60 7230/70/181 7231/69/182 7232/21/89 
f 7233/24/58 7234/72/77 7235/71/78 7236/25/57 
f 7237/28/74 7238/74/75 7239/73/180 7240/29/54 
s 2
f 7241/17/53 7242/33/60 7243/76/90 7244/75/91 
f 7245/22/89 7246/27/86 7247/78/185 7248/77/88 
f 7249/26/85 7250/31/74 7251/80/83 7252/79/84 
f 7253/30/54 7254/18/251 7255/82/183 7256/81/184 
s 1
f 7244/75/91 7255/82/183 7254/18/251 7241/17/53 
f 7248/77/88 7243/83/90 7242/23/60 7245/22/89 
f 7252/79/84 7247/78/185 7246/27/86 7249/26/85 
f 7256/81/184 7251/80/83 7250/31/74 7253/30/54 
s 2
f 7228/67/73 7230/84/181 7229/32/60 7225/16/53 
f 7231/69/182 7234/72/77 7233/24/58 7232/21/89 
f 7235/71/78 7238/74/75 7237/28/74 7236/25/57 
f 7239/73/180 7227/68/72 7226/19/52 7240/29/54 
s off
f 7244/75/91 7257/86/93 7258/85/94 7255/82/183 
f 7248/77/88 7259/87/96 7257/83/93 7243/83/90 
f 7252/79/84 7260/88/95 7259/87/96 7247/78/185 
f 7256/81/184 7258/85/94 7260/88/95 7251/80/83 
f 7243/76/90 7257/86/93 7244/75/91 
f 7247/78/185 7259/87/96 7248/77/88 
f 7251/80/83 7260/88/95 7252/79/84 
f 7255/82/183 7258/85/94 7256/81/184 
f 7227/68/72 7261/90/97 7262/89/98 7228/67/73 
f 7230/70/181 7262/70/98 7263/91/100 7231/69/182 
f 7234/72/77 7263/91/100 7264/92/99 7235/71/78 
f 7238/74/75 7264/92/99 7261/90/97 7239/73/180 
f 7228/67/73 7262/89/98 7230/84/181 
f 7231/69/182 7263/91/100 7234/72/77 
f 7235/71/78 7264/92/99 7238/74/75 
f 7239/73/180 7261/90/97 7227/68/72 
s 4
f 7258/85/94 7257/83/93 7259/87/96 7260/88/95 
s 16
f 7262/89/98 7261/90/97 7264/92/99 7263/91/100 
s 1
f 7265/16/53 7266/19/52 7267/18/52 7268/17/53 
f 7269/20/187 7270/23/60 7271/22/59 7272/21/179 
f 7273/24/86 7274/27/86 7275/26/85 7276/25/85 
f 7277/28/178 7278/31/55 7279/30/54 7280/29/186 
s 2
f 7268/17/53 7270/33/60 7269/32/187 7265/16/53 
f 7271/22/59 7274/27/86 7273/24/86 7272/21/179 
f 7275/26/85 7278/31/55 7277/28/178 7276/25/85 
f 7279/30/54 7267/18/52 7266/19/52 7280/29/186 
s 1
f 7281/16/53 7282/19/52 7283/94/101 7284/93/102 
f 7285/20/60 7286/96/107 7287/95/189 7288/21/89 
f 7289/24/86 7290/98/105 7291/97/106 7292/25/85 
f 7293/28/74 7294/100/188 7295/99/104 7296/29/54 
s 2
f 7297/17/53 7298/33/60 7299/102/115 7300/101/193 
f 7301/22/192 7302/27/86 7303/104/113 7304/103/114 
f 7305/26/85 7306/31/191 7307/106/111 7308/105/112 
f 7309/30/54 7310/18/52 7311/108/190 7312/107/110 
s 1
f 7313/16/53 7314/19/52 7315/110/117 7316/109/118 
f 7317/20/60 7318/112/125 7319/111/126 7320/21/89 
f 7321/24/86 7322/114/122 7323/113/123 7324/25/85 
f 7325/28/74 7326/116/120 7327/115/121 7328/29/54 
s 2
f 7329/17/53 7330/33/187 7331/118/133 7332/117/134 
f 7333/22/192 7334/27/86 7335/120/196 7336/119/197 
f 7337/26/85 7338/31/191 7339/122/194 7340/121/195 
f 7341/30/186 7342/18/52 7343/124/127 7344/123/128 
s 1
f 7332/117/134 7343/124/127 7342/18/52 7329/17/53 
f 7336/119/197 7331/125/133 7330/23/187 7333/22/192 
f 7340/121/195 7335/120/196 7334/27/86 7337/26/85 
f 7344/123/128 7339/122/194 7338/31/191 7341/30/186 
f 7300/101/193 7311/108/190 7310/18/52 7297/17/53 
f 7304/103/114 7299/126/115 7298/23/60 7301/22/192 
f 7308/105/112 7303/104/113 7302/27/86 7305/26/85 
f 7312/107/110 7307/106/111 7306/31/191 7309/30/54 
s 2
f 7316/109/118 7318/127/125 7317/32/60 7313/16/53 
f 7319/111/126 7322/114/122 7321/24/86 7320/21/89 
f 7323/113/123 7326/116/120 7325/28/74 7324/25/85 
f 7327/115/121 7315/110/117 7314/19/52 7328/29/54 
f 7284/93/102 7286/128/107 7285/32/60 7281/16/53 
f 7287/95/189 7290/98/105 7289/24/86 7288/21/89 
f 7291/97/106 7294/100/188 7293/28/74 7292/25/85 
f 7295/99/104 7283/94/101 7282/19/52 7296/29/54 
s off
f 7332/117/134 7345/130/135 7346/129/136 7343/124/127 
f 7336/119/197 7347/131/138 7345/125/135 7331/125/133 
f 7340/121/195 7348/132/137 7347/131/138 7335/120/196 
f 7344/123/128 7346/129/136 7348/132/137 7339/122/194 
f 7331/118/133 7345/130/135 7332/117/134 
f 7335/120/196 7347/131/138 7336/119/197 
f 7339/122/194 7348/132/137 7340/121/195 
f 7343/124/127 7346/129/136 7344/123/128 
f 7299/102/115 7349/133/142 7300/101/193 
f 7303/104/113 7350/134/199 7304/103/114 
f 7307/106/111 7351/135/198 7308/105/112 
f 7311/108/190 7352/136/139 7312/107/110 
f 7300/101/193 7349/133/142 7352/136/139 7311/108/190 
f 7304/103/114 7350/134/199 7349/126/142 7299/126/115 
f 7308/105/112 7351/135/198 7350/134/199 7303/104/113 
f 7312/107/110 7352/136/139 7351/135/198 7307/106/111 
f 7315/110/117 7353/138/200 7354/137/201 7316/109/118 
f 7318/112/125 7354/112/201 7355/139/203 7319/111/126 
f 7322/114/122 7355/139/203 7356/140/202 7323/113/123 
f 7326/116/120 7356/140/202 7353/138/200 7327/115/121 
f 7316/109/118 7354/137/201 7318/127/125 
f 7319/111/126 7355/139/203 7322/114/122 
f 7323/113/123 7356/140/202 7326/116/120 
f 7327/115/121 7353/138/200 7315/110/117 
f 7283/94/101 7357/142/147 7358/141/148 7284/93/102 
f 7286/96/107 7358/96/148 7359/143/150 7287/95/189 
f 7290/98/105 7359/143/150 7360/144/149 7291/97/106 
f 7294/100/188 7360/144/149 7357/142/147 7295/99/104 
f 7284/93/102 7358/141/148 7286/128/107 
f 7287/95/189 7359/143/150 7290/98/105 
f 7291/97/106 7360/144/149 7294/100/188 
f 7295/99/104 7357/142/147 7283/94/101 
s 32
f 7346/129/136 7345/125/135 7347/131/138 7348/132/137 
f 7352/136/139 7349/126/142 7350/134/199 7351/135/198 
f 7354/137/201 7353/138/200 7356/140/202 7355/139/203 
f 7358/141/148 7357/142/147 7360/144/149 7359/143/150 
s 2
f 7361/1/204 7362/4/70 7363/3/252 7364/2/206 
s 4
f 7365/5/207 7366/2/208 7367/3/209 7368/6/210 
s 8
f 7361/5/204 7364/2/206 7369/3/226 7370/6/212 
s 2
f 7371/1/204 7372/2/213 7373/3/214 7374/4/70 
s 4
f 7375/5/207 7376/6/215 7377/3/216 7378/2/217 
s 8
f 7371/5/204 7379/6/212 7380/3/29 7372/2/213 
s 32
f 7381/2/218 7382/2/219 7383/3/171 7384/3/220 
s 4
f 7368/6/210 7367/3/209 7385/8/209 7386/7/221 
s 2
f 7374/4/70 7373/3/214 7387/8/214 7388/9/70 
s 4
f 7389/3/222 7390/3/223 7391/8/224 7392/8/225 
s 16
f 7371/5/204 7361/5/204 7370/6/212 7379/6/212 
s 1
f 7375/5/207 7365/5/207 7368/6/210 7376/6/215 
s 16
f 7376/10/215 7368/10/210 7393/8/27 7394/8/26 
s 8
f 7370/6/212 7369/3/226 7395/8/28 7396/7/9 
f 7397/3/226 7398/3/157 7399/8/16 7400/8/211 
s 32
f 7401/4/176 7402/3/33 7403/8/33 7404/9/227 
s 64
f 7405/3/228 7406/12/229 7407/11/153 7394/8/26 
s 16
f 7379/6/212 7370/6/212 7396/7/9 7408/7/9 
s 4
f 7409/13/230 7410/13/230 7411/9/70 7388/9/70 
f 7405/3/228 7412/3/231 7413/12/232 7406/12/229 
s off
f 7371/1/204 7374/4/70 7362/4/70 7361/1/204 
s 16
f 7394/8/26 7393/8/27 7412/3/231 7405/3/228 
s 8
f 7396/7/9 7395/8/28 7366/10/208 7365/14/207 
f 7400/8/211 7399/8/16 7414/10/233 7415/10/234 
s 32
f 7404/9/227 7403/8/33 7416/10/235 7417/13/236 
s 64
f 7394/8/26 7407/11/153 7418/15/237 7376/10/215 
s 16
f 7408/7/9 7396/7/9 7365/14/207 7375/14/207 
s 4
f 7386/7/221 7385/8/209 7419/10/238 7420/14/236 
s 2
f 7388/9/70 7387/8/214 7421/10/239 7409/13/230 
s 4
f 7422/8/240 7423/8/241 7424/10/242 7425/10/243 
s 64
f 7426/11/51 7413/12/232 7412/3/231 7393/8/27 
s 4
f 7388/9/70 7411/9/70 7362/4/70 7374/4/70 
s 64
f 7386/15/221 7426/11/51 7393/8/27 7368/10/210 
s 2
f 7406/12/229 7413/12/232 7426/11/51 7407/11/153 
s off
f 7427/4/176 7401/4/176 7404/7/227 7428/9/227 
f 7409/1/230 7401/4/176 7427/4/176 7410/13/230 
f 7417/14/236 7420/13/236 7428/9/227 7404/9/227 
f 7420/13/236 7417/14/236 7418/7/237 7386/7/221 
f 7407/11/153 7426/11/51 7386/7/221 7418/7/237 
s 1
f 7429/16/53 7430/19/52 7431/18/52 7432/17/53 
f 7433/20/60 7434/23/60 7435/22/59 7436/21/179 
f 7437/24/86 7438/27/86 7439/26/85 7440/25/85 
f 7441/28/178 7442/31/55 7443/30/54 7444/29/54 
s 2
f 7432/17/53 7434/33/60 7433/32/60 7429/16/53 
f 7435/22/59 7438/27/86 7437/24/86 7436/21/179 
f 7439/26/85 7442/31/55 7441/28/178 7440/25/85 
f 7443/30/54 7431/18/52 7430/19/52 7444/29/54 
s 8
f 7445/34/245 7446/35/245 7447/33/69 7448/32/69 
f 7448/36/69 7447/39/69 7449/38/68 7450/37/68 
f 7450/37/68 7449/38/68 7451/41/67 7452/40/67 
f 7452/40/67 7451/41/67 7453/43/154 7454/42/154 
f 7454/42/154 7453/43/154 7455/45/65 7456/44/65 
f 7456/44/65 7455/45/65 7457/47/64 7458/46/64 
f 7458/46/64 7457/47/64 7459/49/63 7460/48/63 
f 7460/48/63 7459/49/63 7446/35/245 7445/34/245 
f 7461/34/245 7462/35/245 7463/33/69 7464/32/69 
f 7464/36/69 7463/39/69 7465/38/70 7466/37/70 
f 7466/37/70 7465/38/70 7467/41/67 7468/40/67 
f 7468/40/67 7467/41/67 7469/43/154 7470/42/154 
f 7470/42/154 7469/43/154 7471/45/65 7472/44/65 
f 7472/44/65 7471/45/65 7473/47/4 7474/46/4 
f 7474/46/4 7473/47/4 7475/49/63 7476/48/63 
f 7476/48/63 7475/49/63 7462/35/245 7461/34/245 
f 7477/34/245 7478/35/245 7479/33/69 7480/32/69 
f 7480/36/69 7479/39/69 7481/38/70 7482/37/70 
f 7482/37/70 7481/38/70 7483/41/67 7484/40/67 
f 7484/40/67 7483/41/67 7485/43/246 7486/42/246 
f 7486/42/246 7485/43/246 7487/45/65 7488/44/65 
f 7488/44/65 7487/45/65 7489/47/4 7490/46/4 
f 7490/46/4 7489/47/4 7491/49/63 7492/48/63 
f 7492/48/63 7491/49/63 7478/35/245 7477/34/245 
f 7493/34/245 7494/35/245 7495/33/69 7496/32/69 
f 7496/36/69 7495/39/69 7497/38/70 7498/37/70 
f 7498/37/70 7497/38/70 7499/41/67 7500/40/67 
f 7500/40/67 7499/41/67 7501/43/154 7502/42/154 
f 7502/42/154 7501/43/154 7503/45/65 7504/44/65 
f 7504/44/65 7503/45/65 7505/47/4 7506/46/4 
f 7506/46/4 7505/47/4 7507/49/63 7508/48/63 
f 7508/48/63 7507/49/63 7494/35/245 7493/34/245 
f 7509/34/245 7510/35/245 7511/33/69 7512/32/69 
f 7512/36/69 7511/39/69 7513/38/70 7514/37/70 
f 7514/37/70 7513/38/70 7515/41/67 7516/40/67 
f 7516/40/67 7515/41/67 7517/43/246 7518/42/246 
f 7518/42/246 7517/43/246 7519/45/65 7520/44/65 
f 7520/44/65 7519/45/65 7521/47/4 7522/46/4 
f 7522/46/4 7521/47/4 7523/49/63 7524/48/63 
f 7524/48/63 7523/49/63 7510/35/245 7509/34/245 
f 7525/34/245 7526/35/245 7527/33/69 7528/32/69 
f 7528/36/69 7527/39/69 7529/38/70 7530/37/70 
f 7530/37/70 7529/38/70 7531/41/67 7532/40/67 
f 7532/40/67 7531/41/67 7533/43/154 7534/42/154 
f 7534/42/154 7533/43/154 7535/45/65 7536/44/65 
f 7536/44/65 7535/45/65 7537/47/4 7538/46/4 
f 7538/46/4 7537/47/4 7539/49/63 7540/48/63 
f 7540/48/63 7539/49/63 7526/35/245 7525/34/245 
f 7541/34/245 7542/35/245 7543/33/69 7544/32/69 
f 7544/36/69 7543/39/69 7545/38/70 7546/37/70 
f 7546/37/70 7545/38/70 7547/41/67 7548/40/67 
f 7548/40/67 7547/41/67 7549/43/154 7550/42/154 
f 7550/42/154 7549/43/154 7551/45/65 7552/44/65 
f 7552/44/65 7551/45/65 7553/47/4 7554/46/4 
f 7554/46/4 7553/47/4 7555/49/63 7556/48/63 
f 7556/48/63 7555/49/63 7542/35/245 7541/34/245 
f 7557/34/245 7558/35/245 7559/33/69 7560/32/69 
f 7560/36/69 7559/39/69 7561/38/68 7562/37/68 
f 7562/37/68 7561/38/68 7563/41/67 7564/40/67 
f 7564/40/67 7563/41/67 7565/43/154 7566/42/154 
f 7566/42/154 7565/43/154 7567/45/65 7568/44/65 
f 7568/44/65 7567/45/65 7569/47/64 7570/46/64 
f 7570/46/64 7569/47/64 7571/49/63 7572/48/63 
f 7572/48/63 7571/49/63 7558/35/245 7557/34/245 
f 7573/34/245 7574/35/245 7575/33/69 7576/32/69 
f 7576/36/69 7575/39/69 7577/38/70 7578/37/70 
f 7578/37/70 7577/38/70 7579/41/67 7580/40/67 
f 7580/40/67 7579/41/67 7581/43/154 7582/42/154 
f 7582/42/154 7581/43/154 7583/45/65 7584/44/65 
f 7584/44/65 7583/45/65 7585/47/4 7586/46/4 
f 7586/46/4 7585/47/4 7587/49/63 7588/48/63 
f 7588/48/63 7587/49/63 7574/35/245 7573/34/245 
f 7589/34/245 7590/35/245 7591/33/69 7592/32/69 
f 7592/36/69 7591/39/69 7593/38/70 7594/37/70 
f 7594/37/70 7593/38/70 7595/41/67 7596/40/67 
f 7596/40/67 7595/41/67 7597/43/154 7598/42/154 
f 7598/42/154 7597/43/154 7599/45/65 7600/44/65 
f 7600/44/65 7599/45/65 7601/47/4 7602/46/4 
f 7602/46/4 7601/47/4 7603/49/63 7604/48/63 
f 7604/48/63 7603/49/63 7590/35/245 7589/34/245 
f 7605/34/245 7606/35/245 7607/33/69 7608/32/69 
f 7608/36/69 7607/39/69 7609/38/70 7610/37/70 
f 7610/37/70 7609/38/70 7611/41/67 7612/40/67 
f 7612/40/67 7611/41/67 7613/43/154 7614/42/154 
f 7614/42/154 7613/43/154 7615/45/65 7616/44/65 
f 7616/44/65 7615/45/65 7617/47/4 7618/46/4 
f 7618/46/4 7617/47/4 7619/49/63 7620/48/63 
f 7620/48/63 7619/49/63 7606/35/245 7605/34/245 
f 7621/34/245 7622/35/245 7623/33/69 7624/32/69 
f 7624/36/69 7623/39/69 7625/38/68 7626/37/68 
f 7626/37/68 7625/38/68 7627/41/67 7628/40/67 
f 7628/40/67 7627/41/67 7629/43/154 7630/42/154 
f 7630/42/154 7629/43/154 7631/45/65 7632/44/65 
f 7632/44/65 7631/45/65 7633/47/64 7634/46/64 
f 7634/46/64 7633/47/64 7635/49/63 7636/48/63 
f 7636/48/63 7635/49/63 7622/35/245 7621/34/245 
f 7637/34/245 7638/35/245 7639/33/69 7640/32/69 
f 7640/36/69 7639/39/69 7641/38/70 7642/37/70 
f 7642/37/70 7641/38/70 7643/41/67 7644/40/67 
f 7644/40/67 7643/41/67 7645/43/154 7646/42/154 
f 7646/42/154 7645/43/154 7647/45/65 7648/44/65 
f 7648/44/65 7647/45/65 7649/47/4 7650/46/4 
f 7650/46/4 7649/47/4 7651/49/63 7652/48/63 
f 7652/48/63 7651/49/63 7638/35/245 7637/34/245 
f 7653/34/245 7654/35/245 7655/33/69 7656/32/69 
f 7656/36/69 7655/39/69 7657/38/68 7658/37/68 
f 7658/37/68 7657/38/68 7659/41/67 7660/40/67 
f 7660/40/67 7659/41/67 7661/43/154 7662/42/154 
f 7662/42/154 7661/43/154 7663/45/65 7664/44/65 
f 7664/44/65 7663/45/65 7665/47/64 7666/46/64 
f 7666/46/64 7665/47/64 7667/49/63 7668/48/63 
f 7668/48/63 7667/49/63 7654/35/245 7653/34/245 
f 7669/34/245 7670/35/245 7671/33/69 7672/32/69 
f 7672/36/69 7671/39/69 7673/38/70 7674/37/70 
f 7674/37/70 7673/38/70 7675/41/67 7676/40/67 
f 7676/40/67 7675/41/67 7677/43/154 7678/42/154 
f 7678/42/154 7677/43/154 7679/45/65 7680/44/65 
f 7680/44/65 7679/45/65 7681/47/4 7682/46/4 
f 7682/46/4 7681/47/4 7683/49/63 7684/48/63 
f 7684/48/63 7683/49/63 7670/35/245 7669/34/245 
s 1
f 7685/50/69 7686/51/245 7687/35/245 7688/33/69 
s 2
f 7689/52/70 7685/53/69 7688/39/69 7690/38/70 
s 1
f 7691/54/67 7689/52/70 7690/38/70 7692/41/67 
s 2
f 7693/55/154 7691/54/67 7692/41/67 7694/43/154 
s 1
f 7695/56/65 7693/55/154 7694/43/154 7696/45/65 
s 2
f 7697/57/4 7695/56/65 7696/45/65 7698/47/4 
s 1
f 7699/58/63 7697/57/4 7698/47/4 7700/49/63 
s 2
f 7686/51/245 7699/58/63 7700/49/63 7687/35/245 
s 1
f 7701/50/69 7702/51/245 7703/35/245 7704/33/69 
s 2
f 7705/52/68 7701/53/69 7704/39/69 7706/38/68 
s 1
f 7707/54/67 7705/52/68 7706/38/68 7708/41/67 
s 2
f 7709/55/154 7707/54/67 7708/41/67 7710/43/154 
s 1
f 7711/56/65 7709/55/154 7710/43/154 7712/45/65 
s 2
f 7713/57/64 7711/56/65 7712/45/65 7714/47/64 
s 1
f 7715/58/63 7713/57/64 7714/47/64 7716/49/63 
s 2
f 7702/51/245 7715/58/63 7716/49/63 7703/35/245 
s 1
f 7717/50/69 7718/51/245 7719/35/245 7720/33/69 
s 2
f 7721/52/70 7717/53/69 7720/39/69 7722/38/70 
s 1
f 7723/54/67 7721/52/70 7722/38/70 7724/41/67 
s 2
f 7725/55/154 7723/54/67 7724/41/67 7726/43/154 
s 1
f 7727/56/65 7725/55/154 7726/43/154 7728/45/65 
s 2
f 7729/57/4 7727/56/65 7728/45/65 7730/47/4 
s 1
f 7731/58/63 7729/57/4 7730/47/4 7732/49/63 
s 2
f 7718/51/245 7731/58/63 7732/49/63 7719/35/245 
s 1
f 7733/50/69 7734/51/245 7735/35/245 7736/33/69 
s 2
f 7737/52/68 7733/53/69 7736/39/69 7738/38/68 
s 1
f 7739/54/67 7737/52/68 7738/38/68 7740/41/67 
s 2
f 7741/55/154 7739/54/67 7740/41/67 7742/43/154 
s 1
f 7743/56/65 7741/55/154 7742/43/154 7744/45/65 
s 2
f 7745/57/64 7743/56/65 7744/45/65 7746/47/64 
s 1
f 7747/58/63 7745/57/64 7746/47/64 7748/49/63 
s 2
f 7734/51/245 7747/58/63 7748/49/63 7735/35/245 
s 1
f 7749/50/69 7750/51/245 7751/35/245 7752/33/69 
s 2
f 7753/52/70 7749/53/69 7752/39/69 7754/38/70 
s 1
f 7755/54/67 7753/52/70 7754/38/70 7756/41/67 
s 2
f 7757/55/154 7755/54/67 7756/41/67 7758/43/154 
s 1
f 7759/56/65 7757/55/154 7758/43/154 7760/45/65 
s 2
f 7761/57/4 7759/56/65 7760/45/65 7762/47/4 
s 1
f 7763/58/63 7761/57/4 7762/47/4 7764/49/63 
s 2
f 7750/51/245 7763/58/63 7764/49/63 7751/35/245 
s 1
f 7765/40/67 7766/41/67 7767/45/65 7768/44/65 
s 2
f 7768/44/65 7767/45/65 7769/60/63 7770/59/63 
s 1
f 7771/32/69 7772/48/63 7773/49/63 7774/33/69 
s 2
f 7771/36/69 7774/39/69 7775/62/67 7776/61/67 
f 7777/63/69 7778/64/69 7766/41/67 7765/40/67 
f 7779/65/65 7780/66/65 7773/49/63 7772/48/63 
s off
f 7779/65/65 7776/61/67 7775/62/67 7780/66/65 
f 7777/63/69 7770/59/63 7769/60/63 7778/64/69 
s 1
f 7781/16/53 7782/19/52 7783/68/72 7784/67/73 
f 7785/20/60 7786/70/181 7787/69/182 7788/21/89 
f 7789/24/58 7790/72/77 7791/71/78 7792/25/57 
f 7793/28/74 7794/74/75 7795/73/180 7796/29/54 
s 2
f 7797/17/53 7798/33/60 7799/76/90 7800/75/91 
f 7801/22/89 7802/27/86 7803/78/185 7804/77/88 
f 7805/26/85 7806/31/74 7807/80/83 7808/79/84 
f 7809/30/54 7810/18/251 7811/82/183 7812/81/184 
s 1
f 7800/75/91 7811/82/183 7810/18/251 7797/17/53 
f 7804/77/88 7799/83/90 7798/23/60 7801/22/89 
f 7808/79/84 7803/78/185 7802/27/86 7805/26/85 
f 7812/81/184 7807/80/83 7806/31/74 7809/30/54 
s 2
f 7784/67/73 7786/84/181 7785/32/60 7781/16/53 
f 7787/69/182 7790/72/77 7789/24/58 7788/21/89 
f 7791/71/78 7794/74/75 7793/28/74 7792/25/57 
f 7795/73/180 7783/68/72 7782/19/52 7796/29/54 
s off
f 7800/75/91 7813/86/93 7814/85/94 7811/82/183 
f 7804/77/88 7815/87/96 7813/83/93 7799/83/90 
f 7808/79/84 7816/88/95 7815/87/96 7803/78/185 
f 7812/81/184 7814/85/94 7816/88/95 7807/80/83 
f 7799/76/90 7813/86/93 7800/75/91 
f 7803/78/185 7815/87/96 7804/77/88 
f 7807/80/83 7816/88/95 7808/79/84 
f 7811/82/183 7814/85/94 7812/81/184 
f 7783/68/72 7817/90/97 7818/89/98 7784/67/73 
f 7786/70/181 7818/70/98 7819/91/100 7787/69/182 
f 7790/72/77 7819/91/100 7820/92/99 7791/71/78 
f 7794/74/75 7820/92/99 7817/90/97 7795/73/180 
f 7784/67/73 7818/89/98 7786/84/181 
f 7787/69/182 7819/91/100 7790/72/77 
f 7791/71/78 7820/92/99 7794/74/75 
f 7795/73/180 7817/90/97 7783/68/72 
s 4
f 7814/85/94 7813/83/93 7815/87/96 7816/88/95 
s 16
f 7818/89/98 7817/90/97 7820/92/99 7819/91/100 
s 1
f 7821/16/53 7822/19/52 7823/18/52 7824/17/53 
f 7825/20/187 7826/23/60 7827/22/59 7828/21/179 
f 7829/24/86 7830/27/86 7831/26/85 7832/25/85 
f 7833/28/178 7834/31/55 7835/30/54 7836/29/186 
s 2
f 7824/17/53 7826/33/60 7825/32/187 7821/16/53 
f 7827/22/59 7830/27/86 7829/24/86 7828/21/179 
f 7831/26/85 7834/31/55 7833/28/178 7832/25/85 
f 7835/30/54 7823/18/52 7822/19/52 7836/29/186 
s 1
f 7837/16/53 7838/19/52 7839/94/101 7840/93/102 
f 7841/20/60 7842/96/107 7843/95/189 7844/21/89 
f 7845/24/86 7846/98/105 7847/97/106 7848/25/85 
f 7849/28/74 7850/100/188 7851/99/104 7852/29/54 
s 2
f 7853/17/53 7854/33/60 7855/102/115 7856/101/193 
f 7857/22/192 7858/27/86 7859/104/113 7860/103/114 
f 7861/26/85 7862/31/191 7863/106/111 7864/105/112 
f 7865/30/54 7866/18/52 7867/108/190 7868/107/110 
s 1
f 7869/16/53 7870/19/52 7871/110/117 7872/109/118 
f 7873/20/60 7874/112/125 7875/111/126 7876/21/89 
f 7877/24/86 7878/114/122 7879/113/123 7880/25/85 
f 7881/28/74 7882/116/120 7883/115/121 7884/29/54 
s 2
f 7885/17/53 7886/33/187 7887/118/133 7888/117/134 
f 7889/22/192 7890/27/86 7891/120/196 7892/119/197 
f 7893/26/85 7894/31/191 7895/122/194 7896/121/195 
f 7897/30/186 7898/18/52 7899/124/127 7900/123/128 
s 1
f 7888/117/134 7899/124/127 7898/18/52 7885/17/53 
f 7892/119/197 7887/125/133 7886/23/187 7889/22/192 
f 7896/121/195 7891/120/196 7890/27/86 7893/26/85 
f 7900/123/128 7895/122/194 7894/31/191 7897/30/186 
f 7856/101/193 7867/108/190 7866/18/52 7853/17/53 
f 7860/103/114 7855/126/115 7854/23/60 7857/22/192 
f 7864/105/112 7859/104/113 7858/27/86 7861/26/85 
f 7868/107/110 7863/106/111 7862/31/191 7865/30/54 
s 2
f 7872/109/118 7874/127/125 7873/32/60 7869/16/53 
f 7875/111/126 7878/114/122 7877/24/86 7876/21/89 
f 7879/113/123 7882/116/120 7881/28/74 7880/25/85 
f 7883/115/121 7871/110/117 7870/19/52 7884/29/54 
f 7840/93/102 7842/128/107 7841/32/60 7837/16/53 
f 7843/95/189 7846/98/105 7845/24/86 7844/21/89 
f 7847/97/106 7850/100/188 7849/28/74 7848/25/85 
f 7851/99/104 7839/94/101 7838/19/52 7852/29/54 
s off
f 7888/117/134 7901/130/135 7902/129/136 7899/124/127 
f 7892/119/197 7903/131/138 7901/125/135 7887/125/133 
f 7896/121/195 7904/132/137 7903/131/138 7891/120/196 
f 7900/123/128 7902/129/136 7904/132/137 7895/122/194 
f 7887/118/133 7901/130/135 7888/117/134 
f 7891/120/196 7903/131/138 7892/119/197 
f 7895/122/194 7904/132/137 7896/121/195 
f 7899/124/127 7902/129/136 7900/123/128 
f 7855/102/115 7905/133/142 7856/101/193 
f 7859/104/113 7906/134/199 7860/103/114 
f 7863/106/111 7907/135/198 7864/105/112 
f 7867/108/190 7908/136/139 7868/107/110 
f 7856/101/193 7905/133/142 7908/136/139 7867/108/190 
f 7860/103/114 7906/134/199 7905/126/142 7855/126/115 
f 7864/105/112 7907/135/198 7906/134/199 7859/104/113 
f 7868/107/110 7908/136/139 7907/135/198 7863/106/111 
f 7871/110/117 7909/138/200 7910/137/201 7872/109/118 
f 7874/112/125 7910/112/201 7911/139/203 7875/111/126 
f 7878/114/122 7911/139/203 7912/140/202 7879/113/123 
f 7882/116/120 7912/140/202 7909/138/200 7883/115/121 
f 7872/109/118 7910/137/201 7874/127/125 
f 7875/111/126 7911/139/203 7878/114/122 
f 7879/113/123 7912/140/202 7882/116/120 
f 7883/115/121 7909/138/200 7871/110/117 
f 7839/94/101 7913/142/147 7914/141/148 7840/93/102 
f 7842/96/107 7914/96/148 7915/143/150 7843/95/189 
f 7846/98/105 7915/143/150 7916/144/149 7847/97/106 
f 7850/100/188 7916/144/149 7913/142/147 7851/99/104 
f 7840/93/102 7914/141/148 7842/128/107 
f 7843/95/189 7915/143/150 7846/98/105 
f 7847/97/106 7916/144/149 7850/100/188 
f 7851/99/104 7913/142/147 7839/94/101 
s 32
f 7902/129/136 7901/125/135 7903/131/138 7904/132/137 
f 7908/136/139 7905/126/142 7906/134/199 7907/135/198 
f 7910/137/201 7909/138/200 7912/140/202 7911/139/203 
f 7914/141/148 7913/142/147 7916/144/149 7915/143/150 
s 2
f 7917/1/204 7918/4/70 7919/6/67 7920/5/253 
s 4
f 7921/5/207 7922/1/254 7923/4/65 7924/6/210 
s 8
f 7917/5/204 7920/1/253 7925/4/35 7926/6/212 
s 16
f 7920/5/253 7919/2/67 7927/3/66 7925/6/35 
s 32
f 7928/5/255 7929/1/230 7930/4/176 7931/6/26 
s 2
f 7932/1/204 7933/2/213 7934/3/214 7935/4/70 
s 4
f 7936/5/207 7937/6/215 7938/3/223 7939/2/217 
s 8
f 7932/5/204 7940/6/212 7941/3/30 7933/2/213 
s 32
f 7942/2/218 7943/2/219 7944/3/171 7945/3/220 
s 2
f 7919/6/67 7918/4/70 7946/9/70 7947/7/67 
s 4
f 7924/6/210 7923/4/65 7948/9/65 7949/7/221 
s 16
f 7923/10/65 7950/8/66 7951/146/66 7948/145/65 
s 2
f 7935/4/70 7934/3/214 7952/8/214 7953/9/70 
s 4
f 7954/3/256 7955/3/223 7956/8/224 7957/8/225 
s 16
f 7932/5/204 7917/5/204 7926/6/212 7940/6/212 
s 1
f 7936/5/207 7921/5/207 7924/6/210 7937/6/215 
s 16
f 7937/10/215 7924/10/210 7958/8/27 7959/8/26 
s 8
f 7926/6/212 7925/4/35 7960/9/35 7961/7/9 
s 16
f 7925/6/35 7927/3/66 7950/8/66 7960/7/35 
s 32
f 7931/6/26 7930/4/176 7962/9/227 7963/7/26 
s 8
f 7964/3/226 7965/3/175 7966/8/157 7967/8/226 
s 32
f 7968/4/176 7969/3/33 7970/8/220 7971/9/227 
s 64
f 7972/3/228 7973/12/229 7974/11/153 7959/8/26 
s 16
f 7931/4/26 7975/148/66 7947/147/67 7928/1/255 
f 7940/6/212 7926/6/212 7961/7/9 7976/7/9 
s 4
f 7977/13/230 7929/13/230 7946/9/70 7953/9/70 
f 7972/3/228 7978/3/231 7979/12/232 7973/12/229 
s off
f 7932/1/204 7935/4/70 7918/4/70 7917/1/204 
s 16
f 7963/9/26 7951/146/66 7975/148/66 7931/4/26 
f 7959/8/26 7958/8/27 7978/3/231 7972/3/228 
s 8
f 7961/7/9 7960/9/35 7922/13/254 7921/14/207 
s 16
f 7960/7/35 7950/8/66 7923/10/65 7922/14/254 
s 32
f 7963/7/26 7962/9/227 7980/13/236 7981/14/257 
s 8
f 7967/8/226 7966/8/157 7982/10/233 7983/10/234 
s 32
f 7971/9/227 7970/8/220 7984/10/235 7985/13/236 
s 64
f 7959/8/26 7974/11/153 7986/15/237 7937/10/215 
s 16
f 7976/7/9 7961/7/9 7921/14/207 7936/14/207 
s 2
f 7947/7/67 7946/9/70 7929/13/230 7928/14/255 
s 4
f 7949/7/221 7948/9/65 7981/13/257 7980/14/236 
s 16
f 7948/145/65 7951/146/66 7963/9/26 7981/13/257 
s 2
f 7953/9/70 7952/8/214 7987/10/270 7977/13/230 
s 4
f 7988/8/240 7989/8/241 7990/10/242 7991/10/243 
s 64
f 7992/11/51 7979/12/232 7978/3/231 7958/8/27 
s 16
f 7947/147/67 7975/148/66 7927/3/66 7919/2/67 
s 4
f 7953/9/70 7946/9/70 7918/4/70 7935/4/70 
s 16
f 7975/148/66 7951/146/66 7950/8/66 7927/3/66 
s 64
f 7949/15/221 7992/11/51 7958/8/27 7924/10/210 
s 2
f 7973/12/229 7979/12/232 7992/11/51 7974/11/153 
s off
f 7930/4/176 7968/4/176 7971/7/227 7962/9/227 
f 7977/1/230 7968/4/176 7930/4/176 7929/13/230 
f 7985/14/236 7980/13/236 7962/9/227 7971/9/227 
f 7980/13/236 7985/14/236 7986/7/237 7949/7/221 
f 7974/11/153 7992/11/51 7949/7/221 7986/7/237 
s 1
f 7993/16/53 7994/19/52 7995/18/52 7996/17/53 
f 7997/20/60 7998/23/60 7999/22/59 8000/21/179 
f 8001/24/86 8002/27/86 8003/26/85 8004/25/85 
f 8005/28/178 8006/31/55 8007/30/54 8008/29/54 
s 2
f 7996/17/53 7998/33/60 7997/32/60 7993/16/53 
f 7999/22/59 8002/27/86 8001/24/86 8000/21/179 
f 8003/26/85 8006/31/55 8005/28/178 8004/25/85 
f 8007/30/54 7995/18/52 7994/19/52 8008/29/54 
s 8
f 8009/34/245 8010/35/245 8011/33/69 8012/32/69 
f 8012/36/69 8011/39/69 8013/38/68 8014/37/68 
f 8014/37/68 8013/38/68 8015/41/67 8016/40/67 
f 8016/40/67 8015/41/67 8017/43/154 8018/42/154 
f 8018/42/154 8017/43/154 8019/45/65 8020/44/65 
f 8020/44/65 8019/45/65 8021/47/64 8022/46/64 
f 8022/46/64 8021/47/64 8023/49/63 8024/48/63 
f 8024/48/63 8023/49/63 8010/35/245 8009/34/245 
f 8025/34/245 8026/35/245 8027/33/69 8028/32/69 
f 8028/36/69 8027/39/69 8029/38/70 8030/37/70 
f 8030/37/70 8029/38/70 8031/41/67 8032/40/67 
f 8032/40/67 8031/41/67 8033/43/154 8034/42/154 
f 8034/42/154 8033/43/154 8035/45/65 8036/44/65 
f 8036/44/65 8035/45/65 8037/47/4 8038/46/4 
f 8038/46/4 8037/47/4 8039/49/63 8040/48/63 
f 8040/48/63 8039/49/63 8026/35/245 8025/34/245 
f 8041/34/245 8042/35/245 8043/33/69 8044/32/69 
f 8044/36/69 8043/39/69 8045/38/70 8046/37/70 
f 8046/37/70 8045/38/70 8047/41/67 8048/40/67 
f 8048/40/67 8047/41/67 8049/43/246 8050/42/246 
f 8050/42/246 8049/43/246 8051/45/65 8052/44/65 
f 8052/44/65 8051/45/65 8053/47/4 8054/46/4 
f 8054/46/4 8053/47/4 8055/49/63 8056/48/63 
f 8056/48/63 8055/49/63 8042/35/245 8041/34/245 
f 8057/34/245 8058/35/245 8059/33/69 8060/32/69 
f 8060/36/69 8059/39/69 8061/38/70 8062/37/70 
f 8062/37/70 8061/38/70 8063/41/67 8064/40/67 
f 8064/40/67 8063/41/67 8065/43/154 8066/42/154 
f 8066/42/154 8065/43/154 8067/45/65 8068/44/65 
f 8068/44/65 8067/45/65 8069/47/4 8070/46/4 
f 8070/46/4 8069/47/4 8071/49/63 8072/48/63 
f 8072/48/63 8071/49/63 8058/35/245 8057/34/245 
f 8073/34/245 8074/35/245 8075/33/69 8076/32/69 
f 8076/36/69 8075/39/69 8077/38/70 8078/37/70 
f 8078/37/70 8077/38/70 8079/41/67 8080/40/67 
f 8080/40/67 8079/41/67 8081/43/246 8082/42/246 
f 8082/42/246 8081/43/246 8083/45/65 8084/44/65 
f 8084/44/65 8083/45/65 8085/47/4 8086/46/4 
f 8086/46/4 8085/47/4 8087/49/63 8088/48/63 
f 8088/48/63 8087/49/63 8074/35/245 8073/34/245 
f 8089/34/245 8090/35/245 8091/33/69 8092/32/69 
f 8092/36/69 8091/39/69 8093/38/70 8094/37/70 
f 8094/37/70 8093/38/70 8095/41/67 8096/40/67 
f 8096/40/67 8095/41/67 8097/43/154 8098/42/154 
f 8098/42/154 8097/43/154 8099/45/65 8100/44/65 
f 8100/44/65 8099/45/65 8101/47/4 8102/46/4 
f 8102/46/4 8101/47/4 8103/49/63 8104/48/63 
f 8104/48/63 8103/49/63 8090/35/245 8089/34/245 
f 8105/34/245 8106/35/245 8107/33/69 8108/32/69 
f 8108/36/69 8107/39/69 8109/38/70 8110/37/70 
f 8110/37/70 8109/38/70 8111/41/67 8112/40/67 
f 8112/40/67 8111/41/67 8113/43/154 8114/42/154 
f 8114/42/154 8113/43/154 8115/45/65 8116/44/65 
f 8116/44/65 8115/45/65 8117/47/4 8118/46/4 
f 8118/46/4 8117/47/4 8119/49/63 8120/48/63 
f 8120/48/63 8119/49/63 8106/35/245 8105/34/245 
f 8121/34/245 8122/35/245 8123/33/69 8124/32/69 
f 8124/36/69 8123/39/69 8125/38/68 8126/37/68 
f 8126/37/68 8125/38/68 8127/41/67 8128/40/67 
f 8128/40/67 8127/41/67 8129/43/154 8130/42/154 
f 8130/42/154 8129/43/154 8131/45/65 8132/44/65 
f 8132/44/65 8131/45/65 8133/47/64 8134/46/64 
f 8134/46/64 8133/47/64 8135/49/63 8136/48/63 
f 8136/48/63 8135/49/63 8122/35/245 8121/34/245 
f 8137/34/245 8138/35/245 8139/33/69 8140/32/69 
f 8140/36/69 8139/39/69 8141/38/70 8142/37/70 
f 8142/37/70 8141/38/70 8143/41/67 8144/40/67 
f 8144/40/67 8143/41/67 8145/43/154 8146/42/154 
f 8146/42/154 8145/43/154 8147/45/65 8148/44/65 
f 8148/44/65 8147/45/65 8149/47/4 8150/46/4 
f 8150/46/4 8149/47/4 8151/49/63 8152/48/63 
f 8152/48/63 8151/49/63 8138/35/245 8137/34/245 
f 8153/34/245 8154/35/245 8155/33/69 8156/32/69 
f 8156/36/69 8155/39/69 8157/38/70 8158/37/70 
f 8158/37/70 8157/38/70 8159/41/67 8160/40/67 
f 8160/40/67 8159/41/67 8161/43/154 8162/42/154 
f 8162/42/154 8161/43/154 8163/45/65 8164/44/65 
f 8164/44/65 8163/45/65 8165/47/4 8166/46/4 
f 8166/46/4 8165/47/4 8167/49/63 8168/48/63 
f 8168/48/63 8167/49/63 8154/35/245 8153/34/245 
f 8169/34/245 8170/35/245 8171/33/69 8172/32/69 
f 8172/36/69 8171/39/69 8173/38/70 8174/37/70 
f 8174/37/70 8173/38/70 8175/41/67 8176/40/67 
f 8176/40/67 8175/41/67 8177/43/154 8178/42/154 
f 8178/42/154 8177/43/154 8179/45/65 8180/44/65 
f 8180/44/65 8179/45/65 8181/47/4 8182/46/4 
f 8182/46/4 8181/47/4 8183/49/63 8184/48/63 
f 8184/48/63 8183/49/63 8170/35/245 8169/34/245 
f 8185/34/245 8186/35/245 8187/33/69 8188/32/69 
f 8188/36/69 8187/39/69 8189/38/68 8190/37/68 
f 8190/37/68 8189/38/68 8191/41/67 8192/40/67 
f 8192/40/67 8191/41/67 8193/43/154 8194/42/154 
f 8194/42/154 8193/43/154 8195/45/65 8196/44/65 
f 8196/44/65 8195/45/65 8197/47/64 8198/46/64 
f 8198/46/64 8197/47/64 8199/49/63 8200/48/63 
f 8200/48/63 8199/49/63 8186/35/245 8185/34/245 
f 8201/34/245 8202/35/245 8203/33/69 8204/32/69 
f 8204/36/69 8203/39/69 8205/38/70 8206/37/70 
f 8206/37/70 8205/38/70 8207/41/67 8208/40/67 
f 8208/40/67 8207/41/67 8209/43/154 8210/42/154 
f 8210/42/154 8209/43/154 8211/45/65 8212/44/65 
f 8212/44/65 8211/45/65 8213/47/4 8214/46/4 
f 8214/46/4 8213/47/4 8215/49/63 8216/48/63 
f 8216/48/63 8215/49/63 8202/35/245 8201/34/245 
f 8217/34/245 8218/35/245 8219/33/69 8220/32/69 
f 8220/36/69 8219/39/69 8221/38/68 8222/37/68 
f 8222/37/68 8221/38/68 8223/41/67 8224/40/67 
f 8224/40/67 8223/41/67 8225/43/154 8226/42/154 
f 8226/42/154 8225/43/154 8227/45/65 8228/44/65 
f 8228/44/65 8227/45/65 8229/47/64 8230/46/64 
f 8230/46/64 8229/47/64 8231/49/63 8232/48/63 
f 8232/48/63 8231/49/63 8218/35/245 8217/34/245 
f 8233/34/245 8234/35/245 8235/33/69 8236/32/69 
f 8236/36/69 8235/39/69 8237/38/70 8238/37/70 
f 8238/37/70 8237/38/70 8239/41/67 8240/40/67 
f 8240/40/67 8239/41/67 8241/43/154 8242/42/154 
f 8242/42/154 8241/43/154 8243/45/65 8244/44/65 
f 8244/44/65 8243/45/65 8245/47/4 8246/46/4 
f 8246/46/4 8245/47/4 8247/49/63 8248/48/63 
f 8248/48/63 8247/49/63 8234/35/245 8233/34/245 
s 1
f 8249/50/69 8250/51/245 8251/35/245 8252/33/69 
s 2
f 8253/52/70 8249/53/69 8252/39/69 8254/38/70 
s 1
f 8255/54/67 8253/52/70 8254/38/70 8256/41/67 
s 2
f 8257/55/154 8255/54/67 8256/41/67 8258/43/154 
s 1
f 8259/56/65 8257/55/154 8258/43/154 8260/45/65 
s 2
f 8261/57/4 8259/56/65 8260/45/65 8262/47/4 
s 1
f 8263/58/63 8261/57/4 8262/47/4 8264/49/63 
s 2
f 8250/51/245 8263/58/63 8264/49/63 8251/35/245 
s 1
f 8265/50/69 8266/51/245 8267/35/245 8268/33/69 
s 2
f 8269/52/68 8265/53/69 8268/39/69 8270/38/68 
s 1
f 8271/54/67 8269/52/68 8270/38/68 8272/41/67 
s 2
f 8273/55/154 8271/54/67 8272/41/67 8274/43/154 
s 1
f 8275/56/65 8273/55/154 8274/43/154 8276/45/65 
s 2
f 8277/57/64 8275/56/65 8276/45/65 8278/47/64 
s 1
f 8279/58/63 8277/57/64 8278/47/64 8280/49/63 
s 2
f 8266/51/245 8279/58/63 8280/49/63 8267/35/245 
s 1
f 8281/50/69 8282/51/245 8283/35/245 8284/33/69 
s 2
f 8285/52/70 8281/53/69 8284/39/69 8286/38/70 
s 1
f 8287/54/67 8285/52/70 8286/38/70 8288/41/67 
s 2
f 8289/55/154 8287/54/67 8288/41/67 8290/43/154 
s 1
f 8291/56/65 8289/55/154 8290/43/154 8292/45/65 
s 2
f 8293/57/4 8291/56/65 8292/45/65 8294/47/4 
s 1
f 8295/58/63 8293/57/4 8294/47/4 8296/49/63 
s 2
f 8282/51/245 8295/58/63 8296/49/63 8283/35/245 
s 1
f 8297/50/69 8298/51/245 8299/35/245 8300/33/69 
s 2
f 8301/52/68 8297/53/69 8300/39/69 8302/38/68 
s 1
f 8303/54/67 8301/52/68 8302/38/68 8304/41/67 
s 2
f 8305/55/154 8303/54/67 8304/41/67 8306/43/154 
s 1
f 8307/56/65 8305/55/154 8306/43/154 8308/45/65 
s 2
f 8309/57/64 8307/56/65 8308/45/65 8310/47/64 
s 1
f 8311/58/63 8309/57/64 8310/47/64 8312/49/63 
s 2
f 8298/51/245 8311/58/63 8312/49/63 8299/35/245 
s 1
f 8313/50/69 8314/51/245 8315/35/245 8316/33/69 
s 2
f 8317/52/70 8313/53/69 8316/39/69 8318/38/70 
s 1
f 8319/54/67 8317/52/70 8318/38/70 8320/41/67 
s 2
f 8321/55/154 8319/54/67 8320/41/67 8322/43/154 
s 1
f 8323/56/65 8321/55/154 8322/43/154 8324/45/65 
s 2
f 8325/57/4 8323/56/65 8324/45/65 8326/47/4 
s 1
f 8327/58/63 8325/57/4 8326/47/4 8328/49/63 
s 2
f 8314/51/245 8327/58/63 8328/49/63 8315/35/245 
s 1
f 8329/40/67 8330/41/67 8331/45/65 8332/44/65 
s 2
f 8332/44/65 8331/45/65 8333/60/63 8334/59/63 
s 1
f 8335/32/69 8336/48/63 8337/49/63 8338/33/69 
s 2
f 8335/36/69 8338/39/69 8339/62/67 8340/61/67 
f 8341/63/69 8342/64/69 8330/41/67 8329/40/67 
f 8343/65/65 8344/66/65 8337/49/63 8336/48/63 
s off
f 8343/65/65 8340/61/67 8339/62/67 8344/66/65 
f 8341/63/69 8334/59/63 8333/60/63 8342/64/69 
s 1
f 8345/16/53 8346/19/52 8347/68/72 8348/67/73 
f 8349/20/60 8350/70/181 8351/69/182 8352/21/89 
f 8353/24/58 8354/72/77 8355/71/78 8356/25/57 
f 8357/28/74 8358/74/75 8359/73/180 8360/29/54 
s 2
f 8361/17/53 8362/33/60 8363/76/90 8364/75/91 
f 8365/22/89 8366/27/86 8367/78/185 8368/77/88 
f 8369/26/85 8370/31/74 8371/80/83 8372/79/84 
f 8373/30/54 8374/18/251 8375/82/183 8376/81/184 
s 1
f 8364/75/91 8375/82/183 8374/18/251 8361/17/53 
f 8368/77/88 8363/83/90 8362/23/60 8365/22/89 
f 8372/79/84 8367/78/185 8366/27/86 8369/26/85 
f 8376/81/184 8371/80/83 8370/31/74 8373/30/54 
s 2
f 8348/67/73 8350/84/181 8349/32/60 8345/16/53 
f 8351/69/182 8354/72/77 8353/24/58 8352/21/89 
f 8355/71/78 8358/74/75 8357/28/74 8356/25/57 
f 8359/73/180 8347/68/72 8346/19/52 8360/29/54 
s off
f 8364/75/91 8377/86/93 8378/85/94 8375/82/183 
f 8368/77/88 8379/87/96 8377/83/93 8363/83/90 
f 8372/79/84 8380/88/95 8379/87/96 8367/78/185 
f 8376/81/184 8378/85/94 8380/88/95 8371/80/83 
f 8363/76/90 8377/86/93 8364/75/91 
f 8367/78/185 8379/87/96 8368/77/88 
f 8371/80/83 8380/88/95 8372/79/84 
f 8375/82/183 8378/85/94 8376/81/184 
f 8347/68/72 8381/90/97 8382/89/98 8348/67/73 
f 8350/70/181 8382/70/98 8383/91/100 8351/69/182 
f 8354/72/77 8383/91/100 8384/92/99 8355/71/78 
f 8358/74/75 8384/92/99 8381/90/97 8359/73/180 
f 8348/67/73 8382/89/98 8350/84/181 
f 8351/69/182 8383/91/100 8354/72/77 
f 8355/71/78 8384/92/99 8358/74/75 
f 8359/73/180 8381/90/97 8347/68/72 
s 4
f 8378/85/94 8377/83/93 8379/87/96 8380/88/95 
s 16
f 8382/89/98 8381/90/97 8384/92/99 8383/91/100 
s 1
f 8385/16/53 8386/19/52 8387/18/52 8388/17/53 
f 8389/20/187 8390/23/60 8391/22/59 8392/21/179 
f 8393/24/86 8394/27/86 8395/26/85 8396/25/85 
f 8397/28/178 8398/31/55 8399/30/54 8400/29/186 
s 2
f 8388/17/53 8390/33/60 8389/32/187 8385/16/53 
f 8391/22/59 8394/27/86 8393/24/86 8392/21/179 
f 8395/26/85 8398/31/55 8397/28/178 8396/25/85 
f 8399/30/54 8387/18/52 8386/19/52 8400/29/186 
s 1
f 8401/16/53 8402/19/52 8403/94/101 8404/93/102 
f 8405/20/60 8406/96/107 8407/95/189 8408/21/89 
f 8409/24/86 8410/98/105 8411/97/106 8412/25/85 
f 8413/28/74 8414/100/188 8415/99/104 8416/29/54 
s 2
f 8417/17/53 8418/33/60 8419/102/115 8420/101/193 
f 8421/22/192 8422/27/86 8423/104/113 8424/103/114 
f 8425/26/85 8426/31/191 8427/106/111 8428/105/112 
f 8429/30/54 8430/18/52 8431/108/190 8432/107/110 
s 1
f 8433/16/53 8434/19/52 8435/110/117 8436/109/118 
f 8437/20/60 8438/112/125 8439/111/126 8440/21/89 
f 8441/24/86 8442/114/122 8443/113/123 8444/25/85 
f 8445/28/74 8446/116/120 8447/115/121 8448/29/54 
s 2
f 8449/17/53 8450/33/187 8451/118/133 8452/117/134 
f 8453/22/192 8454/27/86 8455/120/196 8456/119/197 
f 8457/26/85 8458/31/191 8459/122/194 8460/121/195 
f 8461/30/186 8462/18/52 8463/124/127 8464/123/128 
s 1
f 8452/117/134 8463/124/127 8462/18/52 8449/17/53 
f 8456/119/197 8451/125/133 8450/23/187 8453/22/192 
f 8460/121/195 8455/120/196 8454/27/86 8457/26/85 
f 8464/123/128 8459/122/194 8458/31/191 8461/30/186 
f 8420/101/193 8431/108/190 8430/18/52 8417/17/53 
f 8424/103/114 8419/126/115 8418/23/60 8421/22/192 
f 8428/105/112 8423/104/113 8422/27/86 8425/26/85 
f 8432/107/110 8427/106/111 8426/31/191 8429/30/54 
s 2
f 8436/109/118 8438/127/125 8437/32/60 8433/16/53 
f 8439/111/126 8442/114/122 8441/24/86 8440/21/89 
f 8443/113/123 8446/116/120 8445/28/74 8444/25/85 
f 8447/115/121 8435/110/117 8434/19/52 8448/29/54 
f 8404/93/102 8406/128/107 8405/32/60 8401/16/53 
f 8407/95/189 8410/98/105 8409/24/86 8408/21/89 
f 8411/97/106 8414/100/188 8413/28/74 8412/25/85 
f 8415/99/104 8403/94/101 8402/19/52 8416/29/54 
s off
f 8452/117/134 8465/130/135 8466/129/136 8463/124/127 
f 8456/119/197 8467/131/138 8465/125/135 8451/125/133 
f 8460/121/195 8468/132/137 8467/131/138 8455/120/196 
f 8464/123/128 8466/129/136 8468/132/137 8459/122/194 
f 8451/118/133 8465/130/135 8452/117/134 
f 8455/120/196 8467/131/138 8456/119/197 
f 8459/122/194 8468/132/137 8460/121/195 
f 8463/124/127 8466/129/136 8464/123/128 
f 8419/102/115 8469/133/142 8420/101/193 
f 8423/104/113 8470/134/199 8424/103/114 
f 8427/106/111 8471/135/198 8428/105/112 
f 8431/108/190 8472/136/139 8432/107/110 
f 8420/101/193 8469/133/142 8472/136/139 8431/108/190 
f 8424/103/114 8470/134/199 8469/126/142 8419/126/115 
f 8428/105/112 8471/135/198 8470/134/199 8423/104/113 
f 8432/107/110 8472/136/139 8471/135/198 8427/106/111 
f 8435/110/117 8473/138/200 8474/137/201 8436/109/118 
f 8438/112/125 8474/112/201 8475/139/203 8439/111/126 
f 8442/114/122 8475/139/203 8476/140/202 8443/113/123 
f 8446/116/120 8476/140/202 8473/138/200 8447/115/121 
f 8436/109/118 8474/137/201 8438/127/125 
f 8439/111/126 8475/139/203 8442/114/122 
f 8443/113/123 8476/140/202 8446/116/120 
f 8447/115/121 8473/138/200 8435/110/117 
f 8403/94/101 8477/142/147 8478/141/148 8404/93/102 
f 8406/96/107 8478/96/148 8479/143/150 8407/95/189 
f 8410/98/105 8479/143/150 8480/144/149 8411/97/106 
f 8414/100/188 8480/144/149 8477/142/147 8415/99/104 
f 8404/93/102 8478/141/148 8406/128/107 
f 8407/95/189 8479/143/150 8410/98/105 
f 8411/97/106 8480/144/149 8414/100/188 
f 8415/99/104 8477/142/147 8403/94/101 
s 32
f 8466/129/136 8465/125/135 8467/131/138 8468/132/137 
f 8472/136/139 8469/126/142 8470/134/199 8471/135/198 
f 8474/137/201 8473/138/200 8476/140/202 8475/139/203 
f 8478/141/148 8477/142/147 8480/144/149 8479/143/150 
s 2
f 8481/1/204 8482/4/70 8483/3/205 8484/2/206 
s 4
f 8485/5/207 8486/2/208 8487/3/209 8488/6/210 
s 8
f 8481/5/204 8484/2/206 8489/3/226 8490/6/212 
s 2
f 8491/1/204 8492/5/258 8493/6/69 8494/4/70 
s 4
f 8495/5/207 8496/6/215 8497/4/63 8498/1/259 
s 8
f 8491/5/204 8499/6/212 8500/4/244 8492/1/258 
s 16
f 8492/5/258 8500/6/244 8501/3/62 8493/2/69 
s 32
f 8502/5/260 8503/6/27 8504/4/176 8505/1/230 
s 4
f 8488/6/210 8487/3/209 8506/8/209 8507/7/221 
s 2
f 8494/4/70 8493/6/69 8508/7/69 8509/9/70 
s 4
f 8497/4/63 8496/6/215 8510/7/237 8511/9/63 
s 16
f 8493/2/69 8501/3/62 8512/148/62 8508/147/69 
f 8491/5/204 8481/5/204 8490/6/212 8499/6/212 
s 1
f 8495/5/207 8485/5/207 8488/6/210 8496/6/215 
s 16
f 8496/10/215 8488/10/210 8513/8/27 8514/8/26 
s 8
f 8490/6/212 8489/3/226 8515/8/28 8516/7/9 
f 8500/4/244 8499/6/212 8517/7/9 8518/9/51 
s 16
f 8501/3/62 8500/6/244 8518/7/51 8519/8/62 
s 32
f 8504/4/176 8503/6/27 8520/7/27 8521/9/227 
s 64
f 8522/3/228 8523/12/229 8524/11/153 8514/8/26 
s 16
f 8503/4/27 8512/148/62 8525/146/62 8520/9/27 
f 8499/6/212 8490/6/212 8516/7/9 8517/7/9 
s 4
f 8505/13/230 8526/13/230 8527/9/70 8509/9/70 
f 8522/3/228 8528/3/231 8529/12/232 8523/12/229 
s off
f 8491/1/204 8494/4/70 8482/4/70 8481/1/204 
s 16
f 8514/8/26 8513/8/27 8528/3/231 8522/3/228 
s 8
f 8516/7/9 8515/8/28 8486/10/208 8485/14/207 
f 8518/9/51 8517/7/9 8495/14/207 8498/13/259 
s 16
f 8519/8/62 8518/7/51 8498/14/259 8497/10/63 
s 32
f 8521/9/227 8520/7/27 8530/14/261 8531/13/236 
s 64
f 8514/8/26 8524/11/153 8510/15/237 8496/10/215 
s 16
f 8520/9/27 8525/146/62 8511/145/63 8530/13/261 
f 8517/7/9 8516/7/9 8485/14/207 8495/14/207 
s 4
f 8507/7/221 8506/8/209 8532/10/238 8533/14/236 
s 2
f 8509/9/70 8508/7/69 8502/14/260 8505/13/230 
s 4
f 8511/9/63 8510/7/237 8531/14/236 8530/13/261 
s 16
f 8508/147/69 8512/148/62 8503/4/27 8502/1/260 
s 64
f 8534/11/51 8529/12/232 8528/3/231 8513/8/27 
s 16
f 8525/146/62 8512/148/62 8501/3/62 8519/8/62 
s 4
f 8509/9/70 8527/9/70 8482/4/70 8494/4/70 
s 64
f 8507/15/221 8534/11/51 8513/8/27 8488/10/210 
s 16
f 8511/145/63 8525/146/62 8519/8/62 8497/10/63 
s 2
f 8523/12/229 8529/12/232 8534/11/51 8524/11/153 
s off
f 8535/4/176 8504/4/176 8521/7/227 8536/9/227 
f 8505/1/230 8504/4/176 8535/4/176 8526/13/230 
f 8531/14/236 8533/13/236 8536/9/227 8521/9/227 
f 8533/13/236 8531/14/236 8510/7/237 8507/7/221 
f 8524/11/153 8534/11/51 8507/7/221 8510/7/237 
s 1
f 8537/16/53 8538/19/52 8539/18/52 8540/17/53 
f 8541/20/60 8542/23/60 8543/22/59 8544/21/179 
f 8545/24/86 8546/27/86 8547/26/85 8548/25/85 
f 8549/28/178 8550/31/55 8551/30/54 8552/29/54 
s 2
f 8540/17/53 8542/33/60 8541/32/60 8537/16/53 
f 8543/22/59 8546/27/86 8545/24/86 8544/21/179 
f 8547/26/85 8550/31/55 8549/28/178 8548/25/85 
f 8551/30/54 8539/18/52 8538/19/52 8552/29/54 
s 8
f 8553/34/245 8554/35/245 8555/33/69 8556/32/69 
f 8556/36/69 8555/39/69 8557/38/68 8558/37/68 
f 8558/37/68 8557/38/68 8559/41/67 8560/40/67 
f 8560/40/67 8559/41/67 8561/43/154 8562/42/154 
f 8562/42/154 8561/43/154 8563/45/65 8564/44/65 
f 8564/44/65 8563/45/65 8565/47/64 8566/46/64 
f 8566/46/64 8565/47/64 8567/49/63 8568/48/63 
f 8568/48/63 8567/49/63 8554/35/245 8553/34/245 
f 8569/34/245 8570/35/245 8571/33/69 8572/32/69 
f 8572/36/69 8571/39/69 8573/38/70 8574/37/70 
f 8574/37/70 8573/38/70 8575/41/67 8576/40/67 
f 8576/40/67 8575/41/67 8577/43/154 8578/42/154 
f 8578/42/154 8577/43/154 8579/45/65 8580/44/65 
f 8580/44/65 8579/45/65 8581/47/4 8582/46/4 
f 8582/46/4 8581/47/4 8583/49/63 8584/48/63 
f 8584/48/63 8583/49/63 8570/35/245 8569/34/245 
f 8585/34/245 8586/35/245 8587/33/69 8588/32/69 
f 8588/36/69 8587/39/69 8589/38/70 8590/37/70 
f 8590/37/70 8589/38/70 8591/41/67 8592/40/67 
f 8592/40/67 8591/41/67 8593/43/246 8594/42/246 
f 8594/42/246 8593/43/246 8595/45/65 8596/44/65 
f 8596/44/65 8595/45/65 8597/47/4 8598/46/4 
f 8598/46/4 8597/47/4 8599/49/63 8600/48/63 
f 8600/48/63 8599/49/63 8586/35/245 8585/34/245 
f 8601/34/245 8602/35/245 8603/33/69 8604/32/69 
f 8604/36/69 8603/39/69 8605/38/70 8606/37/70 
f 8606/37/70 8605/38/70 8607/41/67 8608/40/67 
f 8608/40/67 8607/41/67 8609/43/154 8610/42/154 
f 8610/42/154 8609/43/154 8611/45/65 8612/44/65 
f 8612/44/65 8611/45/65 8613/47/4 8614/46/4 
f 8614/46/4 8613/47/4 8615/49/63 8616/48/63 
f 8616/48/63 8615/49/63 8602/35/245 8601/34/245 
f 8617/34/245 8618/35/245 8619/33/69 8620/32/69 
f 8620/36/69 8619/39/69 8621/38/70 8622/37/70 
f 8622/37/70 8621/38/70 8623/41/67 8624/40/67 
f 8624/40/67 8623/41/67 8625/43/246 8626/42/246 
f 8626/42/246 8625/43/246 8627/45/65 8628/44/65 
f 8628/44/65 8627/45/65 8629/47/4 8630/46/4 
f 8630/46/4 8629/47/4 8631/49/63 8632/48/63 
f 8632/48/63 8631/49/63 8618/35/245 8617/34/245 
f 8633/34/245 8634/35/245 8635/33/69 8636/32/69 
f 8636/36/69 8635/39/69 8637/38/70 8638/37/70 
f 8638/37/70 8637/38/70 8639/41/67 8640/40/67 
f 8640/40/67 8639/41/67 8641/43/154 8642/42/154 
f 8642/42/154 8641/43/154 8643/45/65 8644/44/65 
f 8644/44/65 8643/45/65 8645/47/4 8646/46/4 
f 8646/46/4 8645/47/4 8647/49/63 8648/48/63 
f 8648/48/63 8647/49/63 8634/35/245 8633/34/245 
f 8649/34/245 8650/35/245 8651/33/69 8652/32/69 
f 8652/36/69 8651/39/69 8653/38/70 8654/37/70 
f 8654/37/70 8653/38/70 8655/41/67 8656/40/67 
f 8656/40/67 8655/41/67 8657/43/154 8658/42/154 
f 8658/42/154 8657/43/154 8659/45/65 8660/44/65 
f 8660/44/65 8659/45/65 8661/47/4 8662/46/4 
f 8662/46/4 8661/47/4 8663/49/63 8664/48/63 
f 8664/48/63 8663/49/63 8650/35/245 8649/34/245 
f 8665/34/245 8666/35/245 8667/33/69 8668/32/69 
f 8668/36/69 8667/39/69 8669/38/68 8670/37/68 
f 8670/37/68 8669/38/68 8671/41/67 8672/40/67 
f 8672/40/67 8671/41/67 8673/43/154 8674/42/154 
f 8674/42/154 8673/43/154 8675/45/65 8676/44/65 
f 8676/44/65 8675/45/65 8677/47/64 8678/46/64 
f 8678/46/64 8677/47/64 8679/49/63 8680/48/63 
f 8680/48/63 8679/49/63 8666/35/245 8665/34/245 
f 8681/34/245 8682/35/245 8683/33/69 8684/32/69 
f 8684/36/69 8683/39/69 8685/38/70 8686/37/70 
f 8686/37/70 8685/38/70 8687/41/67 8688/40/67 
f 8688/40/67 8687/41/67 8689/43/154 8690/42/154 
f 8690/42/154 8689/43/154 8691/45/65 8692/44/65 
f 8692/44/65 8691/45/65 8693/47/4 8694/46/4 
f 8694/46/4 8693/47/4 8695/49/63 8696/48/63 
f 8696/48/63 8695/49/63 8682/35/245 8681/34/245 
f 8697/34/245 8698/35/245 8699/33/69 8700/32/69 
f 8700/36/69 8699/39/69 8701/38/70 8702/37/70 
f 8702/37/70 8701/38/70 8703/41/67 8704/40/67 
f 8704/40/67 8703/41/67 8705/43/154 8706/42/154 
f 8706/42/154 8705/43/154 8707/45/65 8708/44/65 
f 8708/44/65 8707/45/65 8709/47/4 8710/46/4 
f 8710/46/4 8709/47/4 8711/49/63 8712/48/63 
f 8712/48/63 8711/49/63 8698/35/245 8697/34/245 
f 8713/34/245 8714/35/245 8715/33/69 8716/32/69 
f 8716/36/69 8715/39/69 8717/38/70 8718/37/70 
f 8718/37/70 8717/38/70 8719/41/67 8720/40/67 
f 8720/40/67 8719/41/67 8721/43/154 8722/42/154 
f 8722/42/154 8721/43/154 8723/45/65 8724/44/65 
f 8724/44/65 8723/45/65 8725/47/4 8726/46/4 
f 8726/46/4 8725/47/4 8727/49/63 8728/48/63 
f 8728/48/63 8727/49/63 8714/35/245 8713/34/245 
f 8729/34/245 8730/35/245 8731/33/69 8732/32/69 
f 8732/36/69 8731/39/69 8733/38/68 8734/37/68 
f 8734/37/68 8733/38/68 8735/41/67 8736/40/67 
f 8736/40/67 8735/41/67 8737/43/154 8738/42/154 
f 8738/42/154 8737/43/154 8739/45/65 8740/44/65 
f 8740/44/65 8739/45/65 8741/47/64 8742/46/64 
f 8742/46/64 8741/47/64 8743/49/63 8744/48/63 
f 8744/48/63 8743/49/63 8730/35/245 8729/34/245 
f 8745/34/245 8746/35/245 8747/33/69 8748/32/69 
f 8748/36/69 8747/39/69 8749/38/70 8750/37/70 
f 8750/37/70 8749/38/70 8751/41/67 8752/40/67 
f 8752/40/67 8751/41/67 8753/43/154 8754/42/154 
f 8754/42/154 8753/43/154 8755/45/65 8756/44/65 
f 8756/44/65 8755/45/65 8757/47/4 8758/46/4 
f 8758/46/4 8757/47/4 8759/49/63 8760/48/63 
f 8760/48/63 8759/49/63 8746/35/245 8745/34/245 
f 8761/34/245 8762/35/245 8763/33/69 8764/32/69 
f 8764/36/69 8763/39/69 8765/38/68 8766/37/68 
f 8766/37/68 8765/38/68 8767/41/67 8768/40/67 
f 8768/40/67 8767/41/67 8769/43/154 8770/42/154 
f 8770/42/154 8769/43/154 8771/45/65 8772/44/65 
f 8772/44/65 8771/45/65 8773/47/64 8774/46/64 
f 8774/46/64 8773/47/64 8775/49/63 8776/48/63 
f 8776/48/63 8775/49/63 8762/35/245 8761/34/245 
f 8777/34/245 8778/35/245 8779/33/69 8780/32/69 
f 8780/36/69 8779/39/69 8781/38/70 8782/37/70 
f 8782/37/70 8781/38/70 8783/41/67 8784/40/67 
f 8784/40/67 8783/41/67 8785/43/154 8786/42/154 
f 8786/42/154 8785/43/154 8787/45/65 8788/44/65 
f 8788/44/65 8787/45/65 8789/47/4 8790/46/4 
f 8790/46/4 8789/47/4 8791/49/63 8792/48/63 
f 8792/48/63 8791/49/63 8778/35/245 8777/34/245 
s 1
f 8793/50/69 8794/51/245 8795/35/245 8796/33/69 
s 2
f 8797/52/70 8793/53/69 8796/39/69 8798/38/70 
s 1
f 8799/54/67 8797/52/70 8798/38/70 8800/41/67 
s 2
f 8801/55/154 8799/54/67 8800/41/67 8802/43/154 
s 1
f 8803/56/65 8801/55/154 8802/43/154 8804/45/65 
s 2
f 8805/57/4 8803/56/65 8804/45/65 8806/47/4 
s 1
f 8807/58/63 8805/57/4 8806/47/4 8808/49/63 
s 2
f 8794/51/245 8807/58/63 8808/49/63 8795/35/245 
s 1
f 8809/50/69 8810/51/245 8811/35/245 8812/33/69 
s 2
f 8813/52/68 8809/53/69 8812/39/69 8814/38/68 
s 1
f 8815/54/67 8813/52/68 8814/38/68 8816/41/67 
s 2
f 8817/55/154 8815/54/67 8816/41/67 8818/43/154 
s 1
f 8819/56/65 8817/55/154 8818/43/154 8820/45/65 
s 2
f 8821/57/64 8819/56/65 8820/45/65 8822/47/64 
s 1
f 8823/58/63 8821/57/64 8822/47/64 8824/49/63 
s 2
f 8810/51/245 8823/58/63 8824/49/63 8811/35/245 
s 1
f 8825/50/69 8826/51/245 8827/35/245 8828/33/69 
s 2
f 8829/52/70 8825/53/69 8828/39/69 8830/38/70 
s 1
f 8831/54/67 8829/52/70 8830/38/70 8832/41/67 
s 2
f 8833/55/154 8831/54/67 8832/41/67 8834/43/154 
s 1
f 8835/56/65 8833/55/154 8834/43/154 8836/45/65 
s 2
f 8837/57/4 8835/56/65 8836/45/65 8838/47/4 
s 1
f 8839/58/63 8837/57/4 8838/47/4 8840/49/63 
s 2
f 8826/51/245 8839/58/63 8840/49/63 8827/35/245 
s 1
f 8841/50/69 8842/51/245 8843/35/245 8844/33/69 
s 2
f 8845/52/68 8841/53/69 8844/39/69 8846/38/68 
s 1
f 8847/54/67 8845/52/68 8846/38/68 8848/41/67 
s 2
f 8849/55/154 8847/54/67 8848/41/67 8850/43/154 
s 1
f 8851/56/65 8849/55/154 8850/43/154 8852/45/65 
s 2
f 8853/57/64 8851/56/65 8852/45/65 8854/47/64 
s 1
f 8855/58/63 8853/57/64 8854/47/64 8856/49/63 
s 2
f 8842/51/245 8855/58/63 8856/49/63 8843/35/245 
s 1
f 8857/50/69 8858/51/245 8859/35/245 8860/33/69 
s 2
f 8861/52/70 8857/53/69 8860/39/69 8862/38/70 
s 1
f 8863/54/67 8861/52/70 8862/38/70 8864/41/67 
s 2
f 8865/55/154 8863/54/67 8864/41/67 8866/43/154 
s 1
f 8867/56/65 8865/55/154 8866/43/154 8868/45/65 
s 2
f 8869/57/4 8867/56/65 8868/45/65 8870/47/4 
s 1
f 8871/58/63 8869/57/4 8870/47/4 8872/49/63 
s 2
f 8858/51/245 8871/58/63 8872/49/63 8859/35/245 
s 1
f 8873/40/67 8874/41/67 8875/45/65 8876/44/65 
s 2
f 8876/44/65 8875/45/65 8877/60/63 8878/59/63 
s 1
f 8879/32/69 8880/48/63 8881/49/63 8882/33/69 
s 2
f 8879/36/69 8882/39/69 8883/62/67 8884/61/67 
f 8885/63/69 8886/64/69 8874/41/67 8873/40/67 
f 8887/65/65 8888/66/65 8881/49/63 8880/48/63 
s off
f 8887/65/65 8884/61/67 8883/62/67 8888/66/65 
f 8885/63/69 8878/59/63 8877/60/63 8886/64/69 
s 1
f 8889/16/53 8890/19/52 8891/68/72 8892/67/73 
f 8893/20/60 8894/70/181 8895/69/182 8896/21/89 
f 8897/24/58 8898/72/77 8899/71/78 8900/25/57 
f 8901/28/74 8902/74/75 8903/73/180 8904/29/54 
s 2
f 8905/17/53 8906/33/60 8907/76/90 8908/75/91 
f 8909/22/89 8910/27/86 8911/78/185 8912/77/88 
f 8913/26/85 8914/31/74 8915/80/83 8916/79/84 
f 8917/30/54 8918/18/251 8919/82/183 8920/81/184 
s 1
f 8908/75/91 8919/82/183 8918/18/251 8905/17/53 
f 8912/77/88 8907/83/90 8906/23/60 8909/22/89 
f 8916/79/84 8911/78/185 8910/27/86 8913/26/85 
f 8920/81/184 8915/80/83 8914/31/74 8917/30/54 
s 2
f 8892/67/73 8894/84/181 8893/32/60 8889/16/53 
f 8895/69/182 8898/72/77 8897/24/58 8896/21/89 
f 8899/71/78 8902/74/75 8901/28/74 8900/25/57 
f 8903/73/180 8891/68/72 8890/19/52 8904/29/54 
s off
f 8908/75/91 8921/86/93 8922/85/94 8919/82/183 
f 8912/77/88 8923/87/96 8921/83/93 8907/83/90 
f 8916/79/84 8924/88/95 8923/87/96 8911/78/185 
f 8920/81/184 8922/85/94 8924/88/95 8915/80/83 
f 8907/76/90 8921/86/93 8908/75/91 
f 8911/78/185 8923/87/96 8912/77/88 
f 8915/80/83 8924/88/95 8916/79/84 
f 8919/82/183 8922/85/94 8920/81/184 
f 8891/68/72 8925/90/97 8926/89/98 8892/67/73 
f 8894/70/181 8926/70/98 8927/91/100 8895/69/182 
f 8898/72/77 8927/91/100 8928/92/99 8899/71/78 
f 8902/74/75 8928/92/99 8925/90/97 8903/73/180 
f 8892/67/73 8926/89/98 8894/84/181 
f 8895/69/182 8927/91/100 8898/72/77 
f 8899/71/78 8928/92/99 8902/74/75 
f 8903/73/180 8925/90/97 8891/68/72 
s 4
f 8922/85/94 8921/83/93 8923/87/96 8924/88/95 
s 16
f 8926/89/98 8925/90/97 8928/92/99 8927/91/100 
s 1
f 8929/16/53 8930/19/52 8931/18/52 8932/17/53 
f 8933/20/187 8934/23/60 8935/22/59 8936/21/179 
f 8937/24/86 8938/27/86 8939/26/85 8940/25/85 
f 8941/28/178 8942/31/55 8943/30/54 8944/29/186 
s 2
f 8932/17/53 8934/33/60 8933/32/187 8929/16/53 
f 8935/22/59 8938/27/86 8937/24/86 8936/21/179 
f 8939/26/85 8942/31/55 8941/28/178 8940/25/85 
f 8943/30/54 8931/18/52 8930/19/52 8944/29/186 
s 1
f 8945/16/53 8946/19/52 8947/94/101 8948/93/102 
f 8949/20/60 8950/96/107 8951/95/189 8952/21/89 
f 8953/24/86 8954/98/105 8955/97/106 8956/25/85 
f 8957/28/74 8958/100/188 8959/99/104 8960/29/54 
s 2
f 8961/17/53 8962/33/60 8963/102/115 8964/101/193 
f 8965/22/192 8966/27/86 8967/104/113 8968/103/114 
f 8969/26/85 8970/31/191 8971/106/111 8972/105/112 
f 8973/30/54 8974/18/52 8975/108/190 8976/107/110 
s 1
f 8977/16/53 8978/19/52 8979/110/117 8980/109/118 
f 8981/20/60 8982/112/125 8983/111/126 8984/21/89 
f 8985/24/86 8986/114/122 8987/113/123 8988/25/85 
f 8989/28/74 8990/116/120 8991/115/121 8992/29/54 
s 2
f 8993/17/53 8994/33/187 8995/118/133 8996/117/134 
f 8997/22/192 8998/27/86 8999/120/196 9000/119/197 
f 9001/26/85 9002/31/191 9003/122/194 9004/121/195 
f 9005/30/186 9006/18/52 9007/124/127 9008/123/128 
s 1
f 8996/117/134 9007/124/127 9006/18/52 8993/17/53 
f 9000/119/197 8995/125/133 8994/23/187 8997/22/192 
f 9004/121/195 8999/120/196 8998/27/86 9001/26/85 
f 9008/123/128 9003/122/194 9002/31/191 9005/30/186 
f 8964/101/193 8975/108/190 8974/18/52 8961/17/53 
f 8968/103/114 8963/126/115 8962/23/60 8965/22/192 
f 8972/105/112 8967/104/113 8966/27/86 8969/26/85 
f 8976/107/110 8971/106/111 8970/31/191 8973/30/54 
s 2
f 8980/109/118 8982/127/125 8981/32/60 8977/16/53 
f 8983/111/126 8986/114/122 8985/24/86 8984/21/89 
f 8987/113/123 8990/116/120 8989/28/74 8988/25/85 
f 8991/115/121 8979/110/117 8978/19/52 8992/29/54 
f 8948/93/102 8950/128/107 8949/32/60 8945/16/53 
f 8951/95/189 8954/98/105 8953/24/86 8952/21/89 
f 8955/97/106 8958/100/188 8957/28/74 8956/25/85 
f 8959/99/104 8947/94/101 8946/19/52 8960/29/54 
s off
f 8996/117/134 9009/130/135 9010/129/136 9007/124/127 
f 9000/119/197 9011/131/138 9009/125/135 8995/125/133 
f 9004/121/195 9012/132/137 9011/131/138 8999/120/196 
f 9008/123/128 9010/129/136 9012/132/137 9003/122/194 
f 8995/118/133 9009/130/135 8996/117/134 
f 8999/120/196 9011/131/138 9000/119/197 
f 9003/122/194 9012/132/137 9004/121/195 
f 9007/124/127 9010/129/136 9008/123/128 
f 8963/102/115 9013/133/142 8964/101/193 
f 8967/104/113 9014/134/199 8968/103/114 
f 8971/106/111 9015/135/198 8972/105/112 
f 8975/108/190 9016/136/139 8976/107/110 
f 8964/101/193 9013/133/142 9016/136/139 8975/108/190 
f 8968/103/114 9014/134/199 9013/126/142 8963/126/115 
f 8972/105/112 9015/135/198 9014/134/199 8967/104/113 
f 8976/107/110 9016/136/139 9015/135/198 8971/106/111 
f 8979/110/117 9017/138/200 9018/137/201 8980/109/118 
f 8982/112/125 9018/112/201 9019/139/203 8983/111/126 
f 8986/114/122 9019/139/203 9020/140/202 8987/113/123 
f 8990/116/120 9020/140/202 9017/138/200 8991/115/121 
f 8980/109/118 9018/137/201 8982/127/125 
f 8983/111/126 9019/139/203 8986/114/122 
f 8987/113/123 9020/140/202 8990/116/120 
f 8991/115/121 9017/138/200 8979/110/117 
f 8947/94/101 9021/142/147 9022/141/148 8948/93/102 
f 8950/96/107 9022/96/148 9023/143/150 8951/95/189 
f 8954/98/105 9023/143/150 9024/144/149 8955/97/106 
f 8958/100/188 9024/144/149 9021/142/147 8959/99/104 
f 8948/93/102 9022/141/148 8950/128/107 
f 8951/95/189 9023/143/150 8954/98/105 
f 8955/97/106 9024/144/149 8958/100/188 
f 8959/99/104 9021/142/147 8947/94/101 
s 32
f 9010/129/136 9009/125/135 9011/131/138 9012/132/137 
f 9016/136/139 9013/126/142 9014/134/199 9015/135/198 
f 9018/137/201 9017/138/200 9020/140/202 9019/139/203 
f 9022/141/148 9021/142/147 9024/144/149 9023/143/150 
f 9025/3/262 9026/2/263 6854/1/230 6871/4/176 
s 2
f 9027/3/264 9028/2/265 9029/2/266 9030/3/267 
s 4
f 6858/2/233 6834/3/223 6833/3/222 6859/2/234 
s 8
f 9028/2/265 6842/3/157 6841/3/226 9029/2/266 
s 32
f 6865/2/270 6846/3/33 6845/4/176 6853/1/230 
s 2
f 9031/8/205 6807/3/205 6806/4/70 6855/9/70 
f 9032/8/264 9027/3/264 9030/3/267 9033/8/267 
s 4
f 9034/8/216 6821/3/216 6820/6/215 6862/7/237 
s 32
f 9035/8/19 9025/3/262 6871/4/176 6872/9/227 
s 8
f 9036/8/16 6824/3/29 6823/6/212 6852/7/9 
s 32
f 9037/8/33 6828/3/220 6827/3/171 9038/8/171 
f 6863/10/238 9035/8/19 6872/9/227 6864/13/236 
s 8
f 6822/10/217 9036/8/16 6852/7/9 6819/14/207 
s 32
f 9039/10/268 9037/8/33 9038/8/171 9040/10/269 
s 2
f 9026/10/263 9031/8/205 6855/9/70 6854/13/230 
f 6825/10/218 9032/8/264 9033/8/267 6826/10/219 
s 4
f 6860/10/235 9034/8/216 6862/7/237 6861/14/236 
s 32
f 9041/3/171 9042/2/263 7410/1/230 7427/4/176 
s 2
f 9043/3/264 9044/2/265 9045/2/266 9046/3/267 
s 4
f 7414/2/233 7390/3/223 7389/3/222 7415/2/234 
s 8
f 9044/2/265 7398/3/157 7397/3/226 9045/2/266 
s 32
f 7421/2/239 7402/3/33 7401/4/176 7409/1/230 
s 2
f 9047/8/252 7363/3/252 7362/4/70 7411/9/70 
f 9048/8/264 9043/3/264 9046/3/267 9049/8/267 
s 4
f 9050/8/216 7377/3/216 7376/6/215 7418/7/237 
s 32
f 9051/8/19 9041/3/171 7427/4/176 7428/9/227 
s 8
f 9052/8/16 7380/3/29 7379/6/212 7408/7/9 
s 32
f 9053/8/33 7384/3/220 7383/3/171 9054/8/171 
f 7419/10/238 9051/8/19 7428/9/227 7420/13/236 
s 8
f 7378/10/217 9052/8/16 7408/7/9 7375/14/207 
s 32
f 9055/10/268 9053/8/33 9054/8/171 9056/10/269 
s 2
f 9042/10/263 9047/8/252 7411/9/70 7410/13/230 
f 7381/10/218 9048/8/264 9049/8/267 7382/10/219 
s 4
f 7416/10/235 9050/8/216 7418/7/237 7417/14/236 
s 2
f 9057/3/264 9058/2/265 9059/2/266 9060/3/267 
s 4
f 7982/2/233 7955/3/223 7954/3/256 7983/2/234 
s 8
f 9058/2/265 7965/3/175 7964/3/226 9059/2/266 
s 32
f 7987/2/270 7969/3/33 7968/4/176 7977/1/230 
s 2
f 9061/8/264 9057/3/264 9060/3/267 9062/8/267 
s 4
f 9063/8/216 7938/3/223 7937/6/215 7986/7/237 
s 8
f 9064/8/175 7941/3/30 7940/6/212 7976/7/9 
s 32
f 9065/8/33 7945/3/220 7944/3/171 9066/8/171 
s 8
f 7939/10/217 9064/8/175 7976/7/9 7936/14/207 
s 32
f 9067/10/268 9065/8/33 9066/8/171 9068/10/269 
s 2
f 7942/10/218 9061/8/264 9062/8/267 7943/10/219 
s 4
f 7984/10/235 9063/8/216 7986/7/237 7985/14/236 
s 32
f 9069/3/171 9070/2/263 8526/1/230 8535/4/176 
s 2
f 9071/8/205 8483/3/205 8482/4/70 8527/9/70 
s 32
f 9072/8/19 9069/3/171 8535/4/176 8536/9/227 
f 8532/10/238 9072/8/19 8536/9/227 8533/13/236 
s 2
f 9070/10/263 9071/8/205 8527/9/70 8526/13/230 
s off
f 6816/2/213 9028/2/265 9027/3/264 6817/3/214 
f 6817/3/214 9027/3/264 9032/8/264 6831/8/214 
f 6831/8/214 9032/8/264 6825/10/218 6865/10/270 
f 6865/2/270 6825/2/218 6828/3/220 6846/3/33 
f 6846/3/33 6828/3/220 9037/8/33 6847/8/33 
f 6847/8/33 9037/8/33 9039/10/268 6860/10/235 
f 6860/10/235 9039/10/268 6835/8/224 9034/8/216 
f 9034/8/216 6835/8/224 6834/3/223 6821/3/216 
f 6821/3/216 6834/3/223 6858/2/233 6822/2/217 
f 6822/10/217 6858/10/233 6843/8/16 9036/8/16 
f 9036/8/16 6843/8/16 6842/3/157 6824/3/29 
f 6824/3/29 6842/3/157 9028/2/265 6816/2/213 
f 8483/3/205 9030/3/267 9029/2/266 8484/2/206 
f 8484/2/206 9029/2/266 6841/3/226 8489/3/226 
f 8489/3/226 6841/3/226 6844/8/226 8515/8/28 
f 8515/8/28 6844/8/226 6859/10/234 8486/10/208 
f 8486/2/208 6859/2/234 6833/3/222 8487/3/209 
f 8487/3/209 6833/3/222 6836/8/225 8506/8/209 
f 8506/8/209 6836/8/225 9040/10/269 8532/10/238 
f 8532/10/238 9040/10/269 9038/8/171 9072/8/19 
f 9072/8/19 9038/8/171 6827/3/171 9069/3/171 
f 9069/3/171 6827/3/171 6826/2/219 9070/2/263 
f 9070/10/263 6826/10/219 9033/8/267 9071/8/205 
f 9071/8/205 9033/8/267 9030/3/267 8483/3/205 
f 6807/3/205 9046/3/267 9045/2/266 6808/2/206 
f 6808/2/206 9045/2/266 7397/3/226 6813/3/211 
f 6813/3/211 7397/3/226 7400/8/211 6839/8/10 
f 6839/8/10 7400/8/211 7415/10/234 6810/10/208 
f 6810/2/208 7415/2/234 7389/3/222 6811/3/209 
f 6811/3/209 7389/3/222 7392/8/225 6829/8/209 
f 6829/8/209 7392/8/225 9056/10/269 6863/10/238 
f 6863/10/238 9056/10/269 9054/8/171 9035/8/19 
f 9035/8/19 9054/8/171 7383/3/171 9025/3/262 
f 9025/3/262 7383/3/171 7382/2/219 9026/2/263 
f 9026/10/263 7382/10/219 9049/8/267 9031/8/205 
f 9031/8/205 9049/8/267 9046/3/267 6807/3/205 
f 7372/2/213 9044/2/265 9043/3/264 7373/3/214 
f 7373/3/214 9043/3/264 9048/8/264 7387/8/214 
f 7387/8/214 9048/8/264 7381/10/218 7421/10/239 
f 7421/2/239 7381/2/218 7384/3/220 7402/3/33 
f 7402/3/33 7384/3/220 9053/8/33 7403/8/33 
f 7403/8/33 9053/8/33 9055/10/268 7416/10/235 
f 7416/10/235 9055/10/268 7391/8/224 9050/8/216 
f 9050/8/216 7391/8/224 7390/3/223 7377/3/216 
f 7377/3/216 7390/3/223 7414/2/233 7378/2/217 
f 7378/10/217 7414/10/233 7399/8/16 9052/8/16 
f 9052/8/16 7399/8/16 7398/3/157 7380/3/29 
f 7380/3/29 7398/3/157 9044/2/265 7372/2/213 
f 7363/3/252 9060/3/267 9059/2/266 7364/2/206 
f 7364/2/206 9059/2/266 7964/3/226 7369/3/226 
f 7369/3/226 7964/3/226 7967/8/226 7395/8/28 
f 7395/8/28 7967/8/226 7983/10/234 7366/10/208 
f 7366/2/208 7983/2/234 7954/3/256 7367/3/209 
f 7367/3/209 7954/3/256 7957/8/225 7385/8/209 
f 7385/8/209 7957/8/225 9068/10/269 7419/10/238 
f 7419/10/238 9068/10/269 9066/8/171 9051/8/19 
f 9051/8/19 9066/8/171 7944/3/171 9041/3/171 
f 9041/3/171 7944/3/171 7943/2/219 9042/2/263 
f 9042/10/263 7943/10/219 9062/8/267 9047/8/252 
f 9047/8/252 9062/8/267 9060/3/267 7363/3/252 
f 7933/2/213 9058/2/265 9057/3/264 7934/3/214 
f 7934/3/214 9057/3/264 9061/8/264 7952/8/214 
f 7952/8/214 9061/8/264 7942/10/218 7987/10/270 
f 7987/2/270 7942/2/218 7945/3/220 7969/3/33 
f 7969/3/33 7945/3/220 9065/8/33 7970/8/220 
f 7970/8/220 9065/8/33 9067/10/268 7984/10/235 
f 7984/10/235 9067/10/268 7956/8/224 9063/8/216 
f 9063/8/216 7956/8/224 7955/3/223 7938/3/223 
f 7938/3/223 7955/3/223 7982/2/233 7939/2/217 
f 7939/10/217 7982/10/233 7966/8/157 9064/8/175 
f 9064/8/175 7966/8/157 7965/3/175 7941/3/30 
f 7941/3/30 7965/3/175 9058/2/265 7933/2/213 
s 32
f 9040/10/269 6869/10/243 6868/10/242 9039/10/268 
s off
f 9039/10/268 6868/10/242 6867/8/241 6835/8/224 
f 6835/8/224 6867/8/241 6866/8/240 6836/8/225 
f 6836/8/225 6866/8/240 6869/10/243 9040/10/269 
s 32
f 9056/10/269 7425/10/243 7424/10/242 9055/10/268 
s off
f 9055/10/268 7424/10/242 7423/8/241 7391/8/224 
f 7391/8/224 7423/8/241 7422/8/240 7392/8/225 
f 7392/8/225 7422/8/240 7425/10/243 9056/10/269 
s 32
f 9068/10/269 7991/10/243 7990/10/242 9067/10/268 
s off
f 9067/10/268 7990/10/242 7989/8/241 7956/8/224 
f 7956/8/224 7989/8/241 7988/8/240 7957/8/225 
f 7957/8/225 7988/8/240 7991/10/243 9068/10/269 
f 9073/149/271 9074/150/27 9075/4/272 9076/4/37 
f 9077/149/273 9078/151/274 9079/4/1 9080/4/1 
s 1
f 9073/149/271 9081/151/275 9078/151/274 9077/149/273 
f 9076/4/37 9075/4/272 9082/4/276 9080/4/1 
s off
f 9081/151/275 9073/149/271 9076/4/37 9083/4/37 
s 1
f 9083/4/37 9076/4/37 9080/4/1 9079/4/1 
s off
f 9078/151/274 9084/152/9 9085/4/1 9079/4/1 
f 9077/149/273 9086/150/51 9087/150/51 9088/149/35 
f 9073/149/271 9077/149/273 9088/149/35 9089/149/26 
f 9081/151/275 9090/152/176 9091/152/176 9092/151/27 
f 9078/151/274 9081/151/275 9092/151/27 9093/151/51 
f 9094/149/277 9095/4/230 9096/4/278 9097/150/27 
f 9098/149/279 9099/4/204 9100/4/204 9101/151/280 
s 1
f 9094/149/277 9098/149/279 9101/151/280 9102/151/281 
f 9095/4/230 9099/4/204 9103/4/282 9096/4/278 
s off
f 9102/151/281 9104/4/230 9095/4/230 9094/149/277 
s 1
f 9104/4/230 9100/4/204 9099/4/204 9095/4/230 
s off
f 9101/151/280 9100/4/204 9105/4/204 9106/152/283 
f 9098/149/279 9088/149/35 9087/150/51 9107/150/51 
f 9094/149/277 9089/149/26 9088/149/35 9098/149/279 
f 9102/151/281 9092/151/27 9091/152/176 9108/152/176 
f 9101/151/280 9093/151/51 9092/151/27 9102/151/281 
f 9090/152/176 9081/151/275 9083/4/37 9109/4/37 
s 1
f 9109/4/37 9083/4/37 9079/4/1 9085/4/1 
s off
f 9084/152/9 9078/151/274 9093/151/51 9110/152/212 
f 9111/4/230 9104/4/230 9102/151/281 9108/152/176 
s 1
f 9105/4/204 9100/4/204 9104/4/230 9111/4/230 
s off
f 9110/152/212 9093/151/51 9101/151/280 9106/152/283 
f 9086/150/51 9077/149/273 9080/4/1 9082/4/276 
f 9074/150/27 9073/149/271 9089/149/26 9112/150/27 
f 9103/4/282 9099/4/204 9098/149/279 9107/150/51 
f 9112/150/27 9089/149/26 9094/149/277 9097/150/27 
f 9113/9/26 9090/152/176 9109/4/37 9114/4/284 
s 1
f 9114/4/284 9109/4/37 9085/4/1 9115/4/285 
s off
f 9116/9/35 9084/152/9 9110/152/212 9117/9/153 
f 9118/9/26 9119/4/49 9111/4/230 9108/152/176 
s 1
f 9119/4/49 9120/4/286 9105/4/204 9111/4/230 
s off
f 9121/9/153 9117/9/153 9110/152/212 9106/152/283 
f 9084/152/9 9116/9/35 9115/4/285 9085/4/1 
f 9090/152/176 9113/9/26 9122/9/26 9091/152/176 
f 9105/4/204 9120/4/286 9121/9/153 9106/152/283 
f 9091/152/176 9122/9/26 9118/9/26 9108/152/176 
f 9086/150/51 9082/4/276 9075/4/272 9074/150/27 
f 9087/150/51 9086/150/51 9074/150/27 9112/150/27 
f 9107/150/51 9087/150/51 9112/150/27 9097/150/27 
f 9103/4/282 9107/150/51 9097/150/27 9096/4/278 
f 9121/9/153 9120/4/286 9119/4/49 9118/9/26 
f 9117/9/153 9121/9/153 9118/9/26 9122/9/26 
f 9116/9/35 9117/9/153 9122/9/26 9113/9/26 
f 9115/4/285 9116/9/35 9113/9/26 9114/4/284 
s 2
f 9123/153/231 9124/154/27 9125/155/51 9126/4/160 
s off
f 9124/156/27 9123/4/231 9127/4/287 9128/157/288 
s 2
f 9124/154/27 9129/154/27 9130/155/244 9125/155/51 
f 9129/154/27 9131/153/39 9132/4/258 9130/155/244 
s off
f 9133/158/289 9129/159/27 9124/156/27 9128/157/288 
f 9134/4/290 9131/4/39 9129/159/27 9133/158/289 
f 9135/160/291 9130/155/244 9132/4/258 9136/4/292 
f 9137/4/293 9126/4/160 9125/155/51 9138/160/291 
s 4
f 9135/160/291 9136/4/292 9082/4/294 9139/150/295 
s 32
f 9137/4/293 9138/160/291 9140/150/296 9103/4/297 
s 4
f 9134/4/290 9133/158/289 9139/150/295 9082/4/294 
s 8
f 9128/157/288 9127/4/287 9103/4/297 9140/150/296 
s off
f 9140/150/296 9138/160/291 9135/160/291 9139/150/295 
f 9130/155/244 9135/160/291 9138/160/291 9125/155/51 
f 9141/150/161 9142/161/274 9143/161/298 9144/150/299 
f 9145/150/260 9146/150/300 9147/161/176 9148/161/275 
f 9142/161/274 9149/162/301 9150/162/9 9143/161/298 
f 9151/161/176 9152/162/176 9153/162/176 9147/161/176 
f 9154/161/37 9155/162/37 9152/162/176 9151/161/176 
f 9149/162/301 9156/163/9 9157/163/283 9150/162/9 
f 9152/162/176 9158/163/176 9159/163/176 9153/162/176 
f 9155/162/37 9160/163/37 9161/163/176 9152/162/176 
f 9154/161/37 9162/150/162 9163/150/259 9164/161/1 
f 9155/162/37 9154/161/37 9164/161/1 9165/162/1 
f 9165/162/1 9166/163/207 9160/163/37 9155/162/37 
f 9145/150/260 9148/161/275 9142/161/274 9141/150/161 
f 9142/161/274 9148/161/275 9167/161/39 9168/161/282 
f 9169/7/26 9170/7/26 9171/7/35 9172/7/35 
f 9173/164/9 9172/7/35 9171/7/35 9174/164/298 
f 9175/164/37 9176/7/257 9177/7/26 9178/164/176 
f 9179/164/207 9180/7/254 9176/7/257 9175/164/37 
f 9145/150/260 9141/150/161 9144/150/299 9146/150/300 
f 9163/150/259 9162/150/162 9181/150/302 9182/150/303 
f 9183/161/283 9164/161/1 9163/150/259 9182/150/303 
f 9181/150/302 9162/150/162 9154/161/37 9151/161/176 
f 9184/162/212 9165/162/1 9164/161/1 9183/161/283 
f 9185/164/283 9179/164/207 9166/163/207 9186/163/283 
f 9177/7/26 9176/7/257 9180/7/254 9187/7/153 
f 9187/7/153 9180/7/254 9179/164/207 9185/164/283 
f 9143/161/298 9183/161/283 9182/150/303 9144/150/299 
f 9146/150/300 9181/150/302 9151/161/176 9147/161/176 
f 9150/162/9 9184/162/212 9183/161/283 9143/161/298 
f 9153/162/176 9188/162/304 9148/161/275 9147/161/176 
f 9174/164/298 9185/164/283 9186/163/283 9157/163/283 
f 9189/164/176 9190/164/176 9191/163/176 9192/163/176 
f 9171/7/35 9187/7/153 9185/164/283 9174/164/298 
f 9170/7/26 9169/7/26 9190/164/176 9189/164/176 
f 9140/150/296 9139/150/295 9144/150/299 9182/150/303 
s 2
f 9181/150/302 9146/7/300 9133/4/289 9128/150/288 
s 1
f 9182/161/303 9181/150/302 9128/150/288 9140/150/296 
s off
f 9156/163/9 9173/164/9 9174/164/298 9157/163/283 
f 9161/163/176 9178/164/176 9193/164/176 9158/163/176 
f 9160/163/37 9175/164/37 9178/164/176 9161/163/176 
f 9166/163/207 9179/164/207 9175/164/37 9160/163/37 
f 9166/163/207 9165/162/1 9184/162/212 9186/163/283 
f 9186/163/283 9184/162/212 9150/162/9 9157/163/283 
f 9191/163/176 9188/162/304 9153/162/176 9192/163/176 
s 1
f 9187/7/153 9171/7/35 9194/7/66 9195/7/66 
f 9171/7/35 9170/7/26 9196/7/66 9194/7/66 
f 9177/7/26 9187/7/153 9195/7/66 9197/7/66 
s off
f 9158/163/176 9193/164/176 9198/164/176 9159/163/176 
f 9198/164/176 9189/164/176 9192/163/176 9159/163/176 
f 9152/162/176 9161/163/176 9158/163/176 
f 9159/163/176 9192/163/176 9153/162/176 
s 3
f 9199/162/152 9200/165/204 9201/165/70 9202/162/70 
s 7
f 9200/165/204 9203/165/230 9204/165/70 9201/165/70 
s 3
f 9203/165/230 9205/162/159 9206/162/68 9204/165/70 
f 9205/162/159 9199/162/152 9202/162/70 9206/162/68 
s 7
f 9168/161/282 9167/161/39 9207/161/68 9208/161/70 
f 9167/161/39 9203/165/230 9209/165/70 9207/161/68 
f 9203/165/230 9200/165/204 9210/165/68 9209/165/70 
f 9200/165/204 9168/161/282 9208/161/70 9210/165/68 
s 4
f 9199/162/152 9205/162/159 9211/162/66 9212/162/66 
s off
f 9213/161/260 9214/161/69 9215/161/63 9216/161/162 
f 9217/161/152 9218/161/254 9219/161/259 9220/161/161 
f 9221/161/257 9142/161/159 9222/161/230 9223/161/37 
s 1
f 9142/161/159 9221/161/257 9224/161/65 9225/161/67 
s off
f 9226/161/21 9220/161/161 9219/161/259 9227/161/221 
s 1
f 9224/161/65 9218/161/254 9217/161/152 9225/161/67 
s off
f 9222/161/230 9226/161/21 9228/161/44 9229/161/42 
f 9226/161/21 9227/161/221 9230/161/237 9228/161/44 
f 9227/161/221 9223/161/37 9231/161/37 9230/161/237 
f 9223/161/37 9222/161/230 9229/161/42 9231/161/37 
f 9229/161/42 9228/161/44 9232/161/68 9149/161/42 
f 9233/161/152 9234/161/254 9235/161/1 9236/161/5 
f 9230/161/237 9231/161/37 9237/161/37 9238/161/4 
f 9231/161/37 9229/161/42 9149/161/42 9237/161/37 
f 9228/161/44 9230/161/237 9234/161/254 9233/161/152 
f 9230/161/237 9238/161/4 9235/161/1 9234/161/254 
f 9215/161/63 9214/161/69 9239/161/161 9240/161/259 
f 9232/161/68 9228/161/44 9233/161/152 9236/161/5 
s 2
f 9241/161/70 9242/161/70 9243/161/70 9244/161/70 
f 9245/161/305 9246/161/305 9242/161/70 9241/161/70 
f 9247/161/70 9248/161/70 9246/161/305 9245/161/305 
f 9249/161/70 9250/161/70 9248/161/70 9247/161/70 
f 9251/161/305 9252/161/305 9250/161/70 9249/161/70 
f 9244/161/70 9243/161/70 9252/161/305 9251/161/305 
f 9253/161/4 9254/161/4 9255/161/4 9256/161/4 
f 9257/161/4 9258/161/4 9254/161/4 9253/161/4 
f 9259/161/4 9260/161/4 9258/161/4 9257/161/4 
f 9261/161/4 9262/161/4 9260/161/4 9259/161/4 
f 9263/161/4 9264/161/4 9262/161/4 9261/161/4 
f 9256/161/4 9255/161/4 9264/161/4 9263/161/4 
s off
f 9265/161/6 9266/161/15 9267/161/215 9268/161/210 
f 9269/161/69 9265/161/6 9268/161/210 9270/161/63 
f 9270/161/63 9271/161/221 9272/161/21 9269/161/69 
f 9271/161/221 9273/161/237 9274/161/44 9272/161/21 
f 9273/161/237 9275/161/65 9276/161/67 9274/161/44 
f 9275/161/65 9267/161/215 9266/161/15 9276/161/67 
s 2
f 9242/161/70 9269/161/69 9272/161/21 9243/161/70 
f 9244/161/70 9142/161/159 9225/161/67 9241/161/70 
f 9246/161/305 9265/161/6 9269/161/69 9242/161/70 
f 9241/161/70 9225/161/67 9217/161/152 9245/161/305 
f 9248/161/70 9266/161/15 9265/161/6 9246/161/305 
f 9245/161/305 9217/161/152 9220/161/161 9247/161/70 
f 9250/161/70 9276/161/67 9266/161/15 9248/161/70 
f 9247/161/70 9220/161/161 9226/161/21 9249/161/70 
f 9252/161/305 9274/161/44 9276/161/67 9250/161/70 
f 9249/161/70 9226/161/21 9222/161/230 9251/161/305 
f 9243/161/70 9272/161/21 9274/161/44 9252/161/305 
f 9251/161/305 9222/161/230 9142/161/159 9244/161/70 
f 9254/161/4 9270/161/63 9268/161/210 9255/161/4 
f 9256/161/4 9218/161/254 9224/161/65 9253/161/4 
f 9258/161/4 9271/161/221 9270/161/63 9254/161/4 
f 9253/161/4 9224/161/65 9221/161/257 9257/161/4 
f 9260/161/4 9273/161/237 9271/161/221 9258/161/4 
f 9257/161/4 9221/161/257 9223/161/37 9259/161/4 
f 9262/161/4 9275/161/65 9273/161/237 9260/161/4 
f 9259/161/4 9223/161/37 9227/161/221 9261/161/4 
f 9264/161/4 9267/161/215 9275/161/65 9262/161/4 
f 9261/161/4 9227/161/221 9219/161/259 9263/161/4 
f 9255/161/4 9268/161/210 9267/161/215 9264/161/4 
f 9263/161/4 9219/161/259 9218/161/254 9256/161/4 
f 9277/166/258 9278/7/244 9279/7/163 9280/166/164 
s off
f 9278/7/244 9277/166/258 9281/166/204 9282/7/283 
f 9280/166/164 9279/7/163 9283/7/176 9284/166/230 
f 9277/166/258 9280/166/164 9284/166/230 9281/166/204 
f 9285/167/306 9278/7/244 9282/7/283 9286/167/280 
f 9287/7/35 9288/166/152 9289/166/159 9290/7/26 
f 9291/167/307 9287/7/35 9290/7/26 9292/167/284 
f 9281/166/204 9293/166/204 9294/7/283 9282/7/283 
f 9283/7/176 9295/7/227 9296/166/230 9284/166/230 
f 9284/166/230 9296/166/230 9293/166/204 9281/166/204 
f 9297/167/176 9298/167/277 9295/7/227 9283/7/176 9299/168/227 
f 9282/7/283 9294/7/283 9300/167/279 9286/167/280 
f 9301/167/308 9302/167/307 9303/167/284 9304/167/309 
f 9293/166/204 9288/166/152 9287/7/35 9294/7/283 
f 9295/7/227 9290/7/26 9289/166/159 9296/166/230 
f 9296/166/230 9289/166/159 9288/166/152 9293/166/204 
f 9298/167/277 9292/167/284 9290/7/26 9295/7/227 
f 9294/7/283 9287/7/35 9291/167/307 9300/167/279 
f 9300/167/279 9291/167/307 9292/167/284 9298/167/277 
f 9298/167/277 9297/167/176 9305/167/310 9304/167/309 9303/167/284 
f 9286/167/280 9300/167/279 9302/167/307 9301/167/308 
f 9300/167/279 9298/167/277 9303/167/284 9302/167/307 
f 9306/165/21 9307/162/44 9308/162/260 9309/165/34 
f 9310/165/6 9306/165/21 9309/165/34 9311/165/286 
f 9312/162/15 9310/165/6 9311/165/286 9313/162/161 
f 9307/162/44 9312/162/15 9313/162/161 9308/162/260 
f 9314/161/6 9315/161/21 9316/161/34 9317/161/286 
f 9318/165/15 9314/161/6 9317/161/286 9319/165/282 
f 9320/165/44 9318/165/15 9319/165/282 9321/165/39 
f 9315/161/21 9320/165/44 9321/165/39 9316/161/34 
f 9322/162/311 9323/162/312 9324/162/152 9325/162/159 
f 9326/162/313 9322/162/311 9325/162/159 9327/162/257 
f 9328/162/314 9326/162/313 9327/162/257 9329/162/254 
f 9323/162/312 9328/162/314 9329/162/254 9324/162/152 
f 9330/162/162 9331/162/237 9332/165/221 9333/165/228 
f 9333/165/228 9332/165/221 9334/165/210 9335/165/285 
f 9335/165/285 9334/165/210 9336/162/215 9337/162/259 
f 9337/162/259 9336/162/215 9331/162/237 9330/162/162 
f 9338/161/228 9339/161/221 9340/161/210 9341/161/285 
f 9341/161/285 9340/161/210 9342/165/215 9343/165/276 
f 9343/165/276 9342/165/215 9344/165/237 9345/165/231 
f 9345/165/231 9344/165/237 9339/161/221 9338/161/228 
f 9346/162/161 9347/162/315 9348/162/316 9349/162/260 
f 9349/162/260 9348/162/316 9350/162/317 9351/162/162 
f 9351/162/162 9350/162/317 9352/162/318 9353/162/259 
f 9353/162/259 9352/162/318 9347/162/315 9346/162/161 
s 1
f 9307/162/44 9306/165/21 9332/165/221 9331/162/237 
f 9309/165/34 9308/162/260 9330/162/162 9333/165/228 
s 2
f 9306/165/21 9310/165/6 9334/165/210 9332/165/221 
f 9311/165/286 9309/165/34 9333/165/228 9335/165/285 
s 1
f 9310/165/6 9312/162/15 9336/162/215 9334/165/210 
f 9313/162/161 9311/165/286 9335/165/285 9337/162/259 
s 2
f 9312/162/15 9307/162/44 9331/162/237 9336/162/215 
f 9308/162/260 9313/162/161 9337/162/259 9330/162/162 
s 1
f 9315/161/21 9314/161/6 9340/161/210 9339/161/221 
f 9317/161/286 9316/161/34 9338/161/228 9341/161/285 
s 2
f 9314/161/6 9318/165/15 9342/165/215 9340/161/210 
f 9319/165/282 9317/161/286 9341/161/285 9343/165/276 
s 1
f 9318/165/15 9320/165/44 9344/165/237 9342/165/215 
f 9321/165/39 9319/165/282 9343/165/276 9345/165/231 
s 2
f 9320/165/44 9315/161/21 9339/161/221 9344/165/237 
f 9316/161/34 9321/165/39 9345/165/231 9338/161/228 
s 1
f 9323/162/312 9322/162/311 9348/162/316 9347/162/315 
f 9325/162/159 9324/162/152 9346/162/161 9349/162/260 
s 2
f 9322/162/311 9326/162/313 9350/162/317 9348/162/316 
f 9327/162/257 9325/162/159 9349/162/260 9351/162/162 
s 1
f 9326/162/313 9328/162/314 9352/162/318 9350/162/317 
f 9329/162/254 9327/162/257 9351/162/162 9353/162/259 
s 2
f 9328/162/314 9323/162/312 9347/162/315 9352/162/318 
f 9324/162/152 9329/162/254 9353/162/259 9346/162/161 
s off
f 9200/165/204 9199/162/152 9237/162/319 9149/162/301 9142/161/274 9168/161/282 
f 9203/165/230 9167/161/39 9148/161/275 9188/162/304 9354/162/320 9205/162/159 
f 9198/164/176 9193/164/176 9178/164/176 9177/7/26 9170/7/26 9189/164/176 
s 1
f 9103/4/297 9127/4/287 9123/4/231 9126/4/160 9137/4/293 
f 9082/4/294 9136/4/292 9132/4/258 9131/153/39 9134/4/290 
f 9144/162/299 9139/150/295 9133/4/289 9146/7/300 
f 9196/7/66 9170/7/26 9177/7/26 9197/7/66 
f 9149/161/42 9232/161/68 9214/161/69 9213/161/260 
f 9232/161/68 9236/161/5 9239/161/161 9214/161/69 
s off
f 9236/161/5 9235/161/1 9240/161/259 9239/161/161 
s 1
f 9235/161/1 9238/161/4 9215/161/63 9240/161/259 
f 9238/161/4 9237/161/37 9216/161/162 9215/161/63 
s off
f 9237/161/37 9149/161/42 9213/161/260 9216/161/162 
s 4
f 9355/162/66 9237/162/319 9199/162/152 9212/162/66 9356/162/66 
f 9357/162/66 9355/162/66 9356/162/66 9358/162/66 
f 9354/162/320 9357/162/66 9358/162/66 9211/162/66 9205/162/159 
s 2
f 9359/168/246 9360/168/163 9279/7/163 9278/7/244 9285/167/306 9361/167/321 
s off
f 9360/168/163 9299/168/227 9283/7/176 9279/7/163 
f 9362/167/63 9361/167/321 9285/167/306 9286/167/280 
f 9363/167/322 9362/167/63 9286/167/280 9301/167/308 9304/167/309 9305/167/310 
f 9355/162/66 9357/162/66 9188/162/304 9149/162/301 
s 1
f 9364/16/323 9365/17/323 9366/18/324 9367/19/324 
f 9368/20/325 9369/21/326 9370/22/327 9371/23/325 
f 9372/24/328 9373/25/329 9374/26/329 9375/27/328 
f 9376/28/330 9377/29/331 9378/30/331 9379/31/332 
s 2
f 9365/17/323 9364/16/323 9368/32/325 9371/33/325 
f 9370/22/327 9369/21/326 9372/24/328 9375/27/328 
f 9374/26/329 9373/25/329 9376/28/330 9379/31/332 
f 9378/30/331 9377/29/331 9367/19/324 9366/18/324 
s 8
f 9380/34/64 9381/32/65 9382/33/65 9383/35/64 
f 9381/36/65 9384/37/154 9385/38/154 9382/39/65 
f 9384/37/154 9386/40/67 9387/41/67 9385/38/154 
f 9386/40/67 9388/42/68 9389/43/68 9387/41/67 
f 9388/42/68 9390/44/69 9391/45/69 9389/43/68 
f 9390/44/69 9392/46/245 9393/47/245 9391/45/69 
f 9392/46/245 9394/48/63 9395/49/63 9393/47/245 
f 9394/48/63 9380/34/64 9383/35/64 9395/49/63 
f 9396/34/64 9397/32/65 9398/33/65 9399/35/64 
f 9397/36/65 9400/37/66 9401/38/66 9398/39/65 
f 9400/37/66 9402/40/67 9403/41/67 9401/38/66 
f 9402/40/67 9404/42/333 9405/43/333 9403/41/67 
f 9404/42/333 9406/44/69 9407/45/69 9405/43/333 
f 9406/44/69 9408/46/62 9409/47/62 9407/45/69 
f 9408/46/62 9410/48/63 9411/49/63 9409/47/62 
f 9410/48/63 9396/34/64 9399/35/64 9411/49/63 
f 9412/34/64 9413/32/65 9414/33/65 9415/35/64 
f 9413/36/65 9416/37/66 9417/38/66 9414/39/65 
f 9416/37/66 9418/40/67 9419/41/67 9417/38/66 
f 9418/40/67 9420/42/68 9421/43/68 9419/41/67 
f 9420/42/68 9422/44/69 9423/45/69 9421/43/68 
f 9422/44/69 9424/46/62 9425/47/62 9423/45/69 
f 9424/46/62 9426/48/63 9427/49/63 9425/47/62 
f 9426/48/63 9412/34/64 9415/35/64 9427/49/63 
f 9428/34/64 9429/32/65 9430/33/65 9431/35/64 
f 9429/36/65 9432/37/66 9433/38/66 9430/39/65 
f 9432/37/66 9434/40/67 9435/41/67 9433/38/66 
f 9434/40/67 9436/42/333 9437/43/333 9435/41/67 
f 9436/42/333 9438/44/69 9439/45/69 9437/43/333 
f 9438/44/69 9440/46/62 9441/47/62 9439/45/69 
f 9440/46/62 9442/48/63 9443/49/63 9441/47/62 
f 9442/48/63 9428/34/64 9431/35/64 9443/49/63 
f 9444/34/64 9445/32/65 9446/33/65 9447/35/64 
f 9445/36/65 9448/37/66 9449/38/66 9446/39/65 
f 9448/37/66 9450/40/67 9451/41/67 9449/38/66 
f 9450/40/67 9452/42/68 9453/43/68 9451/41/67 
f 9452/42/68 9454/44/69 9455/45/69 9453/43/68 
f 9454/44/69 9456/46/62 9457/47/62 9455/45/69 
f 9456/46/62 9458/48/63 9459/49/63 9457/47/62 
f 9458/48/63 9444/34/64 9447/35/64 9459/49/63 
f 9460/34/64 9461/32/65 9462/33/65 9463/35/64 
f 9461/36/65 9464/37/66 9465/38/66 9462/39/65 
f 9464/37/66 9466/40/67 9467/41/67 9465/38/66 
f 9466/40/67 9468/42/68 9469/43/68 9467/41/67 
f 9468/42/68 9470/44/69 9471/45/69 9469/43/68 
f 9470/44/69 9472/46/62 9473/47/62 9471/45/69 
f 9472/46/62 9474/48/63 9475/49/63 9473/47/62 
f 9474/48/63 9460/34/64 9463/35/64 9475/49/63 
f 9476/34/64 9477/32/65 9478/33/65 9479/35/64 
f 9477/36/65 9480/37/154 9481/38/154 9478/39/65 
f 9480/37/154 9482/40/67 9483/41/67 9481/38/154 
f 9482/40/67 9484/42/68 9485/43/68 9483/41/67 
f 9484/42/68 9486/44/69 9487/45/69 9485/43/68 
f 9486/44/69 9488/46/245 9489/47/245 9487/45/69 
f 9488/46/245 9490/48/63 9491/49/63 9489/47/245 
f 9490/48/63 9476/34/64 9479/35/64 9491/49/63 
f 9492/34/64 9493/32/65 9494/33/65 9495/35/64 
f 9493/36/65 9496/37/66 9497/38/66 9494/39/65 
f 9496/37/66 9498/40/67 9499/41/67 9497/38/66 
f 9498/40/67 9500/42/68 9501/43/68 9499/41/67 
f 9500/42/68 9502/44/69 9503/45/69 9501/43/68 
f 9502/44/69 9504/46/62 9505/47/62 9503/45/69 
f 9504/46/62 9506/48/63 9507/49/63 9505/47/62 
f 9506/48/63 9492/34/64 9495/35/64 9507/49/63 
f 9508/34/64 9509/32/65 9510/33/65 9511/35/64 
f 9509/36/65 9512/37/66 9513/38/66 9510/39/65 
f 9512/37/66 9514/40/67 9515/41/67 9513/38/66 
f 9514/40/67 9516/42/68 9517/43/68 9515/41/67 
f 9516/42/68 9518/44/69 9519/45/69 9517/43/68 
f 9518/44/69 9520/46/62 9521/47/62 9519/45/69 
f 9520/46/62 9522/48/63 9523/49/63 9521/47/62 
f 9522/48/63 9508/34/64 9511/35/64 9523/49/63 
f 9524/34/64 9525/32/65 9526/33/65 9527/35/64 
f 9525/36/65 9528/37/66 9529/38/66 9526/39/65 
f 9528/37/66 9530/40/67 9531/41/67 9529/38/66 
f 9530/40/67 9532/42/68 9533/43/68 9531/41/67 
f 9532/42/68 9534/44/69 9535/45/69 9533/43/68 
f 9534/44/69 9536/46/62 9537/47/62 9535/45/69 
f 9536/46/62 9538/48/63 9539/49/63 9537/47/62 
f 9538/48/63 9524/34/64 9527/35/64 9539/49/63 
f 9540/34/64 9541/32/65 9542/33/65 9543/35/64 
f 9541/36/65 9544/37/154 9545/38/154 9542/39/65 
f 9544/37/154 9546/40/67 9547/41/67 9545/38/154 
f 9546/40/67 9548/42/68 9549/43/68 9547/41/67 
f 9548/42/68 9550/44/69 9551/45/69 9549/43/68 
f 9550/44/69 9552/46/245 9553/47/245 9551/45/69 
f 9552/46/245 9554/48/63 9555/49/63 9553/47/245 
f 9554/48/63 9540/34/64 9543/35/64 9555/49/63 
f 9556/34/64 9557/32/65 9558/33/65 9559/35/64 
f 9557/36/65 9560/37/66 9561/38/66 9558/39/65 
f 9560/37/66 9562/40/67 9563/41/67 9561/38/66 
f 9562/40/67 9564/42/68 9565/43/68 9563/41/67 
f 9564/42/68 9566/44/69 9567/45/69 9565/43/68 
f 9566/44/69 9568/46/62 9569/47/62 9567/45/69 
f 9568/46/62 9570/48/63 9571/49/63 9569/47/62 
f 9570/48/63 9556/34/64 9559/35/64 9571/49/63 
f 9572/34/64 9573/32/65 9574/33/65 9575/35/64 
f 9573/36/65 9576/37/154 9577/38/154 9574/39/65 
f 9576/37/154 9578/40/67 9579/41/67 9577/38/154 
f 9578/40/67 9580/42/68 9581/43/68 9579/41/67 
f 9580/42/68 9582/44/69 9583/45/69 9581/43/68 
f 9582/44/69 9584/46/245 9585/47/245 9583/45/69 
f 9584/46/245 9586/48/63 9587/49/63 9585/47/245 
f 9586/48/63 9572/34/64 9575/35/64 9587/49/63 
f 9588/34/334 9589/32/65 9590/33/65 9591/35/334 
f 9589/36/65 9592/37/66 9593/38/66 9590/39/65 
f 9592/37/66 9594/40/67 9595/41/67 9593/38/66 
f 9594/40/67 9596/42/68 9597/43/68 9595/41/67 
f 9596/42/68 9598/44/69 9599/45/69 9597/43/68 
f 9598/44/69 9600/46/62 9601/47/62 9599/45/69 
f 9600/46/62 9602/48/63 9603/49/63 9601/47/62 
f 9602/48/63 9588/34/334 9591/35/334 9603/49/63 
s 1
f 9604/50/65 9605/33/65 9606/35/64 9607/51/64 
s 2
f 9608/52/66 9609/38/66 9605/39/65 9604/53/65 
s 1
f 9610/54/67 9611/41/67 9609/38/66 9608/52/66 
s 2
f 9612/55/68 9613/43/68 9611/41/67 9610/54/67 
s 1
f 9614/56/69 9615/45/69 9613/43/68 9612/55/68 
s 2
f 9616/57/62 9617/47/62 9615/45/69 9614/56/69 
s 1
f 9618/58/63 9619/49/63 9617/47/62 9616/57/62 
s 2
f 9607/51/64 9606/35/64 9619/49/63 9618/58/63 
s 1
f 9620/50/65 9621/33/65 9622/35/64 9623/51/64 
s 2
f 9624/52/154 9625/38/154 9621/39/65 9620/53/65 
s 1
f 9626/54/67 9627/41/67 9625/38/154 9624/52/154 
s 2
f 9628/55/68 9629/43/68 9627/41/67 9626/54/67 
s 1
f 9630/56/69 9631/45/69 9629/43/68 9628/55/68 
s 2
f 9632/57/245 9633/47/245 9631/45/69 9630/56/69 
s 1
f 9634/58/63 9635/49/63 9633/47/245 9632/57/245 
s 2
f 9623/51/64 9622/35/64 9635/49/63 9634/58/63 
s 1
f 9636/50/65 9637/33/65 9638/35/64 9639/51/64 
s 2
f 9640/52/66 9641/38/66 9637/39/65 9636/53/65 
s 1
f 9642/54/67 9643/41/67 9641/38/66 9640/52/66 
s 2
f 9644/55/68 9645/43/68 9643/41/67 9642/54/67 
s 1
f 9646/56/69 9647/45/69 9645/43/68 9644/55/68 
s 2
f 9648/57/62 9649/47/62 9647/45/69 9646/56/69 
s 1
f 9650/58/63 9651/49/63 9649/47/62 9648/57/62 
s 2
f 9639/51/64 9638/35/64 9651/49/63 9650/58/63 
s 1
f 9652/50/65 9653/33/65 9654/35/64 9655/51/64 
s 2
f 9656/52/154 9657/38/154 9653/39/65 9652/53/65 
s 1
f 9658/54/67 9659/41/67 9657/38/154 9656/52/154 
s 2
f 9660/55/68 9661/43/68 9659/41/67 9658/54/67 
s 1
f 9662/56/69 9663/45/69 9661/43/68 9660/55/68 
s 2
f 9664/57/245 9665/47/245 9663/45/69 9662/56/69 
s 1
f 9666/58/63 9667/49/63 9665/47/245 9664/57/245 
s 2
f 9655/51/64 9654/35/64 9667/49/63 9666/58/63 
s 1
f 9668/50/65 9669/33/65 9670/35/64 9671/51/64 
s 2
f 9672/52/66 9673/38/66 9669/39/65 9668/53/65 
s 1
f 9674/54/67 9675/41/67 9673/38/66 9672/52/66 
s 2
f 9676/55/68 9677/43/68 9675/41/67 9674/54/67 
s 1
f 9678/56/69 9679/45/69 9677/43/68 9676/55/68 
s 2
f 9680/57/62 9681/47/62 9679/45/69 9678/56/69 
s 1
f 9682/58/63 9683/49/63 9681/47/62 9680/57/62 
s 2
f 9671/51/64 9670/35/64 9683/49/63 9682/58/63 
s 1
f 9684/40/67 9685/44/69 9686/45/69 9687/41/67 
s 2
f 9685/44/69 9688/59/63 9689/60/63 9686/45/69 
s 1
f 9690/32/65 9691/33/65 9692/49/63 9693/48/63 
s 2
f 9690/36/65 9694/61/67 9695/62/67 9691/39/65 
f 9696/63/65 9684/40/67 9687/41/67 9697/64/65 
f 9698/65/69 9693/48/63 9692/49/63 9699/66/69 
s off
f 9698/65/69 9699/66/69 9695/62/67 9694/61/67 
f 9696/63/65 9697/64/65 9689/60/63 9688/59/63 
s 1
f 9700/16/323 9701/67/335 9702/68/336 9703/19/324 
f 9704/20/325 9705/21/337 9706/69/338 9707/70/339 
f 9708/24/328 9709/25/329 9710/71/340 9711/72/341 
f 9712/28/330 9713/29/331 9714/73/342 9715/74/343 
s 2
f 9716/17/323 9717/75/344 9718/76/345 9719/33/325 
f 9720/22/337 9721/77/346 9722/78/347 9723/27/348 
f 9724/26/349 9725/79/350 9726/80/351 9727/31/352 
f 9728/30/331 9729/81/353 9730/82/354 9731/18/355 
s 1
f 9717/75/344 9716/17/323 9731/18/355 9730/82/354 
f 9721/77/346 9720/22/337 9719/23/325 9718/83/345 
f 9725/79/350 9724/26/349 9723/27/348 9722/78/347 
f 9729/81/353 9728/30/331 9727/31/352 9726/80/351 
s 2
f 9701/67/335 9700/16/323 9704/32/325 9707/84/339 
f 9706/69/338 9705/21/337 9708/24/328 9711/72/341 
f 9710/71/340 9709/25/329 9712/28/330 9715/74/343 
f 9714/73/342 9713/29/331 9703/19/324 9702/68/336 
s off
f 9717/75/344 9730/82/354 9732/85/356 9733/86/357 
f 9721/77/346 9718/83/345 9733/83/357 9734/87/358 
f 9725/79/350 9722/78/347 9734/87/358 9735/88/359 
f 9729/81/353 9726/80/351 9735/88/359 9732/85/356 
f 9718/76/345 9717/75/344 9733/86/357 
f 9722/78/347 9721/77/346 9734/87/358 
f 9726/80/351 9725/79/350 9735/88/359 
f 9730/82/354 9729/81/353 9732/85/356 
f 9702/68/336 9701/67/335 9736/89/360 9737/90/361 
f 9707/70/339 9706/69/338 9738/91/362 9736/70/360 
f 9711/72/341 9710/71/340 9739/92/363 9738/91/362 
f 9715/74/343 9714/73/342 9737/90/361 9739/92/363 
f 9701/67/335 9707/84/339 9736/89/360 
f 9706/69/338 9711/72/341 9738/91/362 
f 9710/71/340 9715/74/343 9739/92/363 
f 9714/73/342 9702/68/336 9737/90/361 
s 4
f 9732/85/356 9735/88/359 9734/87/358 9733/83/357 
s 16
f 9736/89/360 9738/91/362 9739/92/363 9737/90/361 
s 1
f 9740/16/323 9741/17/323 9742/18/324 9743/19/324 
f 9744/20/325 9745/21/326 9746/22/326 9747/23/325 
f 9748/24/348 9749/25/349 9750/26/349 9751/27/348 
f 9752/28/330 9753/29/331 9754/30/331 9755/31/330 
s 2
f 9741/17/323 9740/16/323 9744/32/325 9747/33/325 
f 9746/22/326 9745/21/326 9748/24/348 9751/27/348 
f 9750/26/349 9749/25/349 9752/28/330 9755/31/330 
f 9754/30/331 9753/29/331 9743/19/324 9742/18/324 
s 1
f 9756/16/323 9757/93/364 9758/94/365 9759/19/324 
f 9760/20/325 9761/21/326 9762/95/366 9763/96/367 
f 9764/24/328 9765/25/329 9766/97/368 9767/98/369 
f 9768/28/330 9769/29/331 9770/99/370 9771/100/371 
s 2
f 9772/17/323 9773/101/372 9774/102/373 9775/33/325 
f 9776/22/337 9777/103/374 9778/104/375 9779/27/348 
f 9780/26/349 9781/105/376 9782/106/377 9783/31/352 
f 9784/30/331 9785/107/378 9786/108/379 9787/18/324 
s 1
f 9788/16/323 9789/109/380 9790/110/381 9791/19/324 
f 9792/20/382 9793/21/337 9794/111/383 9795/112/384 
f 9796/24/348 9797/25/349 9798/113/385 9799/114/386 
f 9800/28/352 9801/29/387 9802/115/388 9803/116/389 
s 2
f 9804/17/323 9805/117/390 9806/118/391 9807/33/325 
f 9808/22/337 9809/119/392 9810/120/393 9811/27/348 
f 9812/26/349 9813/121/394 9814/122/395 9815/31/352 
f 9816/30/331 9817/123/396 9818/124/397 9819/18/324 
s 1
f 9805/117/390 9804/17/323 9819/18/324 9818/124/397 
f 9809/119/392 9808/22/337 9807/23/325 9806/125/391 
f 9813/121/394 9812/26/349 9811/27/348 9810/120/393 
f 9817/123/396 9816/30/331 9815/31/352 9814/122/395 
f 9773/101/372 9772/17/323 9787/18/324 9786/108/379 
f 9777/103/374 9776/22/337 9775/23/325 9774/126/373 
f 9781/105/376 9780/26/349 9779/27/348 9778/104/375 
f 9785/107/378 9784/30/331 9783/31/352 9782/106/377 
s 2
f 9789/109/380 9788/16/323 9792/32/382 9795/127/384 
f 9794/111/383 9793/21/337 9796/24/348 9799/114/386 
f 9798/113/385 9797/25/349 9800/28/352 9803/116/389 
f 9802/115/388 9801/29/387 9791/19/324 9790/110/381 
f 9757/93/364 9756/16/323 9760/32/325 9763/128/367 
f 9762/95/366 9761/21/326 9764/24/328 9767/98/369 
f 9766/97/368 9765/25/329 9768/28/330 9771/100/371 
f 9770/99/370 9769/29/331 9759/19/324 9758/94/365 
s off
f 9805/117/390 9818/124/397 9820/129/398 9821/130/399 
f 9809/119/392 9806/125/391 9821/125/399 9822/131/400 
f 9813/121/394 9810/120/393 9822/131/400 9823/132/401 
f 9817/123/396 9814/122/395 9823/132/401 9820/129/398 
f 9806/118/391 9805/117/390 9821/130/399 
f 9810/120/393 9809/119/392 9822/131/400 
f 9814/122/395 9813/121/394 9823/132/401 
f 9818/124/397 9817/123/396 9820/129/398 
f 9774/102/373 9773/101/372 9824/133/402 
f 9778/104/375 9777/103/374 9825/134/403 
f 9782/106/377 9781/105/376 9826/135/404 
f 9786/108/379 9785/107/378 9827/136/405 
f 9773/101/372 9786/108/379 9827/136/405 9824/133/402 
f 9777/103/374 9774/126/373 9824/126/402 9825/134/403 
f 9781/105/376 9778/104/375 9825/134/403 9826/135/404 
f 9785/107/378 9782/106/377 9826/135/404 9827/136/405 
f 9790/110/381 9789/109/380 9828/137/406 9829/138/407 
f 9795/112/384 9794/111/383 9830/139/408 9828/112/406 
f 9799/114/386 9798/113/385 9831/140/409 9830/139/408 
f 9803/116/389 9802/115/388 9829/138/407 9831/140/409 
f 9789/109/380 9795/127/384 9828/137/406 
f 9794/111/383 9799/114/386 9830/139/408 
f 9798/113/385 9803/116/389 9831/140/409 
f 9802/115/388 9790/110/381 9829/138/407 
f 9758/94/365 9757/93/364 9832/141/410 9833/142/411 
f 9763/96/367 9762/95/366 9834/143/412 9832/96/410 
f 9767/98/369 9766/97/368 9835/144/413 9834/143/412 
f 9771/100/371 9770/99/370 9833/142/411 9835/144/413 
f 9757/93/364 9763/128/367 9832/141/410 
f 9762/95/366 9767/98/369 9834/143/412 
f 9766/97/368 9771/100/371 9835/144/413 
f 9770/99/370 9758/94/365 9833/142/411 
s 32
f 9820/129/398 9823/132/401 9822/131/400 9821/125/399 
f 9827/136/405 9826/135/404 9825/134/403 9824/126/402 
f 9828/137/406 9830/139/408 9831/140/409 9829/138/407 
f 9832/141/410 9834/143/412 9835/144/413 9833/142/411 
s 8
f 9836/34/64 9837/32/65 9838/33/65 9839/35/64 
f 9837/36/65 9840/37/66 9841/38/66 9838/39/65 
f 9840/37/66 9842/40/67 9843/41/67 9841/38/66 
f 9842/40/67 9844/42/68 9845/43/68 9843/41/67 
f 9844/42/68 9846/44/69 9847/45/69 9845/43/68 
f 9846/44/69 9848/46/62 9849/47/62 9847/45/69 
f 9848/46/62 9850/48/63 9851/49/63 9849/47/62 
f 9850/48/63 9836/34/64 9839/35/64 9851/49/63 
f 9852/34/64 9853/32/65 9854/33/65 9855/35/64 
f 9853/36/65 9856/37/66 9857/38/66 9854/39/65 
f 9856/37/66 9858/40/67 9859/41/67 9857/38/66 
f 9858/40/67 9860/42/333 9861/43/333 9859/41/67 
f 9860/42/333 9862/44/69 9863/45/69 9861/43/333 
f 9862/44/69 9864/46/62 9865/47/62 9863/45/69 
f 9864/46/62 9866/48/63 9867/49/63 9865/47/62 
f 9866/48/63 9852/34/64 9855/35/64 9867/49/63 
f 9868/34/64 9869/32/65 9870/33/65 9871/35/64 
f 9869/36/65 9872/37/66 9873/38/66 9870/39/65 
f 9872/37/66 9874/40/67 9875/41/67 9873/38/66 
f 9874/40/67 9876/42/68 9877/43/68 9875/41/67 
f 9876/42/68 9878/44/69 9879/45/69 9877/43/68 
f 9878/44/69 9880/46/62 9881/47/62 9879/45/69 
f 9880/46/62 9882/48/63 9883/49/63 9881/47/62 
f 9882/48/63 9868/34/64 9871/35/64 9883/49/63 
f 9884/34/64 9885/32/65 9886/33/65 9887/35/64 
f 9885/36/65 9888/37/66 9889/38/66 9886/39/65 
f 9888/37/66 9890/40/67 9891/41/67 9889/38/66 
f 9890/40/67 9892/42/333 9893/43/333 9891/41/67 
f 9892/42/333 9894/44/69 9895/45/69 9893/43/333 
f 9894/44/69 9896/46/62 9897/47/62 9895/45/69 
f 9896/46/62 9898/48/63 9899/49/63 9897/47/62 
f 9898/48/63 9884/34/64 9887/35/64 9899/49/63 
f 9900/34/64 9901/32/65 9902/33/65 9903/35/64 
f 9901/36/65 9904/37/66 9905/38/66 9902/39/65 
f 9904/37/66 9906/40/67 9907/41/67 9905/38/66 
f 9906/40/67 9908/42/68 9909/43/68 9907/41/67 
f 9908/42/68 9910/44/69 9911/45/69 9909/43/68 
f 9910/44/69 9912/46/62 9913/47/62 9911/45/69 
f 9912/46/62 9914/48/63 9915/49/63 9913/47/62 
f 9914/48/63 9900/34/64 9903/35/64 9915/49/63 
s 1
f 9916/169/159 9917/170/257 9918/171/159 9919/172/257 9920/173/159 9921/174/257 9922/175/159 9923/176/257 9924/177/159 9925/178/257 9926/179/159 9927/180/257 9928/181/159 9929/182/257 9930/183/159 9931/184/257 9932/185/49 9933/186/284 9934/187/159 9935/188/242 9936/189/159 9937/190/257 9938/191/159 9939/192/257 9940/193/159 9941/194/257 9942/195/159 9943/196/257 9944/197/414 9945/198/284 9946/199/159 9947/200/257 9948/201/162 9949/202/415 9950/203/416 9951/204/417 9952/205/257 
f 9953/206/418 9954/207/419 9955/208/420 9956/209/260 9957/210/159 9958/211/257 9959/212/414 9960/213/284 9961/214/159 9962/215/257 9963/216/49 9964/217/257 9965/218/159 9966/219/257 9967/220/159 9968/221/257 9969/222/159 9970/223/257 9971/224/414 9972/225/284 9973/226/159 9974/227/257 9975/228/159 9976/229/257 9977/230/159 9978/231/257 9979/232/159 9980/233/257 9981/234/159 9982/235/257 9983/236/159 9984/237/257 9985/238/159 9986/239/257 9987/240/159 9988/241/257 9989/242/159 
s 2
f 9948/201/162 9947/200/257 9957/210/159 9956/209/260 
s 4
f 9947/200/257 9946/199/159 9958/211/257 9957/210/159 
s 2
f 9946/199/159 9945/198/284 9959/212/414 9958/211/257 
s 4
f 9945/198/284 9944/197/414 9960/213/284 9959/212/414 
s 2
f 9944/197/414 9943/196/257 9961/214/159 9960/213/284 
s 4
f 9943/196/257 9942/195/159 9962/215/257 9961/214/159 
s 2
f 9942/195/159 9941/194/257 9963/216/49 9962/215/257 
s 4
f 9941/194/257 9940/193/159 9964/217/257 9963/216/49 
s 2
f 9940/193/159 9939/192/257 9965/218/159 9964/217/257 
s 4
f 9939/192/257 9938/191/159 9966/219/257 9965/218/159 
s 2
f 9938/191/159 9937/190/257 9967/220/159 9966/219/257 
s 4
f 9937/190/257 9936/189/159 9968/221/257 9967/220/159 
s 2
f 9936/189/159 9935/188/242 9969/222/159 9968/221/257 
s 4
f 9935/188/242 9934/187/159 9970/223/257 9969/222/159 
s 2
f 9934/187/159 9933/186/284 9971/224/414 9970/223/257 
s 4
f 9933/186/284 9932/185/49 9972/225/284 9971/224/414 
s 2
f 9932/185/49 9931/184/257 9973/226/159 9972/225/284 
s 4
f 9931/184/257 9930/183/159 9974/227/257 9973/226/159 
s 2
f 9930/183/159 9929/182/257 9975/228/159 9974/227/257 
s 4
f 9929/182/257 9928/181/159 9976/229/257 9975/228/159 
s 2
f 9928/181/159 9927/180/257 9977/230/159 9976/229/257 
s 4
f 9927/180/257 9926/179/159 9978/231/257 9977/230/159 
s 2
f 9926/179/159 9925/178/257 9979/232/159 9978/231/257 
s 4
f 9925/178/257 9924/177/159 9980/233/257 9979/232/159 
s 2
f 9924/177/159 9923/176/257 9981/234/159 9980/233/257 
s 4
f 9923/176/257 9922/175/159 9982/235/257 9981/234/159 
s 2
f 9922/175/159 9921/174/257 9983/236/159 9982/235/257 
s 4
f 9921/174/257 9920/173/159 9984/237/257 9983/236/159 
s 2
f 9920/173/159 9919/172/257 9985/238/159 9984/237/257 
s 4
f 9919/172/257 9918/171/159 9986/239/257 9985/238/159 
s 2
f 9918/171/159 9917/170/257 9987/240/159 9986/239/257 
s 4
f 9917/170/257 9916/169/159 9988/241/257 9987/240/159 
s 2
f 9916/169/159 9952/205/257 9989/242/159 9988/241/257 
s 4
f 9952/205/257 9951/204/417 9953/206/418 9989/242/159 
s 8
f 9951/204/417 9950/203/416 9954/207/419 9953/206/418 
s 2
f 9950/203/416 9949/202/415 9955/208/420 9954/207/419 
s 4
f 9949/202/415 9948/201/162 9956/209/260 9955/208/420 
s 1
f 9990/243/162 9991/244/260 9992/245/162 9993/246/260 9994/247/162 9995/248/260 9996/249/162 9997/250/260 9998/251/162 9999/252/260 10000/253/162 10001/254/39 10002/255/162 10003/256/260 10004/257/162 10005/258/260 10006/259/421 10007/260/422 10008/261/162 10009/262/260 10010/263/162 10011/264/260 10012/265/162 10013/266/260 10014/267/162 10015/268/260 10016/269/162 10017/270/260 10018/271/421 10019/272/422 10020/273/162 10021/274/260 10022/275/159 10023/276/423 10024/277/424 10025/278/161 10026/279/260 
f 10027/280/259 10028/281/425 10029/282/426 9953/206/257 10030/283/162 10031/284/260 10032/285/421 10033/286/422 10034/287/162 10035/288/260 10036/289/162 10037/290/260 10038/291/162 10039/292/260 10040/293/162 10041/294/260 10042/295/162 10043/296/260 10044/297/421 10045/298/422 10046/299/162 10047/300/260 10048/301/162 10049/302/260 10050/303/162 10051/304/260 10052/305/162 10053/306/260 10054/307/162 10055/308/260 10056/309/162 10057/310/260 10058/311/162 10059/312/260 10060/313/162 10061/314/260 10062/315/162 
s 2
f 10022/275/159 10021/274/260 10030/283/162 9953/206/257 
s 4
f 10021/274/260 10020/273/162 10031/284/260 10030/283/162 
s 2
f 10020/273/162 10019/272/422 10032/285/421 10031/284/260 
s 4
f 10019/272/422 10018/271/421 10033/286/422 10032/285/421 
s 2
f 10018/271/421 10017/270/260 10034/287/162 10033/286/422 
s 4
f 10017/270/260 10016/269/162 10035/288/260 10034/287/162 
s 2
f 10016/269/162 10015/268/260 10036/289/162 10035/288/260 
s 4
f 10015/268/260 10014/267/162 10037/290/260 10036/289/162 
s 2
f 10014/267/162 10013/266/260 10038/291/162 10037/290/260 
s 4
f 10013/266/260 10012/265/162 10039/292/260 10038/291/162 
s 2
f 10012/265/162 10011/264/260 10040/293/162 10039/292/260 
s 4
f 10011/264/260 10010/263/162 10041/294/260 10040/293/162 
s 2
f 10010/263/162 10009/262/260 10042/295/162 10041/294/260 
s 4
f 10009/262/260 10008/261/162 10043/296/260 10042/295/162 
s 2
f 10008/261/162 10007/260/422 10044/297/421 10043/296/260 
s 4
f 10007/260/422 10006/259/421 10045/298/422 10044/297/421 
s 2
f 10006/259/421 10005/258/260 10046/299/162 10045/298/422 
s 4
f 10005/258/260 10004/257/162 10047/300/260 10046/299/162 
s 2
f 10004/257/162 10003/256/260 10048/301/162 10047/300/260 
s 4
f 10003/256/260 10002/255/162 10049/302/260 10048/301/162 
s 2
f 10002/255/162 10001/254/39 10050/303/162 10049/302/260 
s 4
f 10001/254/39 10000/253/162 10051/304/260 10050/303/162 
s 2
f 10000/253/162 9999/252/260 10052/305/162 10051/304/260 
s 4
f 9999/252/260 9998/251/162 10053/306/260 10052/305/162 
s 2
f 9998/251/162 9997/250/260 10054/307/162 10053/306/260 
s 4
f 9997/250/260 9996/249/162 10055/308/260 10054/307/162 
s 2
f 9996/249/162 9995/248/260 10056/309/162 10055/308/260 
s 4
f 9995/248/260 9994/247/162 10057/310/260 10056/309/162 
s 2
f 9994/247/162 9993/246/260 10058/311/162 10057/310/260 
s 4
f 9993/246/260 9992/245/162 10059/312/260 10058/311/162 
s 2
f 9992/245/162 9991/244/260 10060/313/162 10059/312/260 
s 4
f 9991/244/260 9990/243/162 10061/314/260 10060/313/162 
s 2
f 9990/243/162 10026/279/260 10062/315/162 10061/314/260 
s 4
f 10026/279/260 10025/278/161 10027/280/259 10062/315/162 
s 8
f 10025/278/161 10024/277/424 10028/281/425 10027/280/259 
s 2
f 10024/277/424 10023/276/423 10029/282/426 10028/281/425 
s 4
f 10023/276/423 10022/275/159 9953/206/257 10029/282/426 
s 1
f 10063/316/260 10064/317/162 10065/318/257 10066/319/159 
f 9951/204/259 10022/275/161 10067/320/152 10068/321/254 
s 2
f 10067/320/152 10022/275/161 10063/316/260 10066/319/159 
f 9951/204/259 10068/321/254 10065/318/257 10064/317/162 
s 4
f 10022/275/161 9951/204/259 10064/317/162 10063/316/260 
f 10068/321/254 10067/320/152 10066/319/159 10065/318/257 
s 1
f 10069/34/427 10070/322/428 10071/323/429 10072/32/430 
f 10072/36/430 10071/324/429 10073/325/431 10074/37/432 
f 10074/37/432 10073/325/431 10075/326/433 10076/40/434 
f 10076/40/434 10075/326/433 10077/327/435 10078/42/436 
f 10078/42/436 10077/327/435 10079/328/437 10080/44/438 
f 10080/44/438 10079/328/437 10081/329/305 10082/46/439 
f 10082/46/439 10081/329/305 10083/330/440 10084/48/441 
f 10084/48/441 10083/330/440 10070/322/428 10069/34/427 
f 10072/32/430 10085/32/442 10086/34/443 10069/34/427 
f 10074/37/432 10087/37/444 10085/36/442 10072/36/430 
f 10076/40/434 10088/40/445 10087/37/444 10074/37/432 
f 10078/42/436 10089/42/446 10088/40/445 10076/40/434 
f 10080/44/438 10090/44/447 10089/42/446 10078/42/436 
f 10082/46/439 10091/46/448 10090/44/447 10080/44/438 
f 10084/48/441 10092/48/449 10091/46/448 10082/46/439 
f 10069/34/427 10086/34/443 10092/48/449 10084/48/441 
f 10086/34/443 10085/32/442 10093/32/450 10094/34/451 
f 10085/36/442 10087/37/444 10095/37/452 10093/36/450 
f 10087/37/444 10088/40/445 10096/40/453 10095/37/452 
f 10088/40/445 10089/42/446 10097/42/454 10096/40/453 
f 10089/42/446 10090/44/447 10098/44/455 10097/42/454 
f 10090/44/447 10091/46/448 10099/46/456 10098/44/455 
f 10091/46/448 10092/48/449 10100/48/457 10099/46/456 
f 10092/48/449 10086/34/443 10094/34/451 10100/48/457 
f 10093/32/450 10101/32/458 10102/34/459 10094/34/451 
f 10095/37/452 10103/37/460 10101/36/458 10093/36/450 
f 10096/40/453 10104/40/461 10103/37/460 10095/37/452 
f 10097/42/454 10105/42/462 10104/40/461 10096/40/453 
f 10098/44/455 10106/44/463 10105/42/462 10097/42/454 
f 10099/46/456 10107/46/464 10106/44/463 10098/44/455 
f 10100/48/457 10108/48/465 10107/46/464 10099/46/456 
f 10094/34/451 10102/34/459 10108/48/465 10100/48/457 
f 10109/34/466 10110/32/467 10111/331/468 10112/332/469 
f 10110/36/467 10113/37/470 10114/333/471 10111/334/468 
f 10113/37/470 10115/40/472 10116/335/473 10114/333/471 
f 10115/40/472 10117/42/474 10118/336/475 10116/335/473 
f 10117/42/474 10119/44/476 10120/337/477 10118/336/475 
f 10119/44/476 10121/46/478 10122/338/479 10120/337/477 
f 10121/46/478 10123/48/480 10124/339/481 10122/338/479 
f 10123/48/480 10109/34/466 10112/332/469 10124/339/481 
f 10110/32/467 10109/34/466 10125/34/482 10126/32/483 
f 10113/37/470 10110/36/467 10126/36/483 10127/37/484 
f 10115/40/472 10113/37/470 10127/37/484 10128/40/485 
f 10117/42/474 10115/40/472 10128/40/485 10129/42/486 
f 10119/44/476 10117/42/474 10129/42/486 10130/44/487 
f 10121/46/478 10119/44/476 10130/44/487 10131/46/488 
f 10123/48/480 10121/46/478 10131/46/488 10132/48/489 
f 10109/34/466 10123/48/480 10132/48/489 10125/34/482 
f 10125/34/482 10133/34/490 10134/32/491 10126/32/483 
f 10126/36/483 10134/36/491 10135/37/492 10127/37/484 
f 10127/37/484 10135/37/492 10136/40/493 10128/40/485 
f 10128/40/485 10136/40/493 10137/42/494 10129/42/486 
f 10129/42/486 10137/42/494 10138/44/495 10130/44/487 
f 10130/44/487 10138/44/495 10139/46/496 10131/46/488 
f 10131/46/488 10139/46/496 10140/48/497 10132/48/489 
f 10132/48/489 10140/48/497 10133/34/490 10125/34/482 
f 10134/32/491 10133/34/490 10108/34/465 10102/32/459 
f 10135/37/492 10134/36/491 10102/36/459 10101/37/458 
f 10136/40/493 10135/37/492 10101/37/458 10103/40/460 
f 10137/42/494 10136/40/493 10103/40/460 10104/42/461 
f 10138/44/495 10137/42/494 10104/42/461 10105/44/462 
f 10139/46/496 10138/44/495 10105/44/462 10106/46/463 
f 10140/48/497 10139/46/496 10106/46/463 10107/48/464 
f 10133/34/490 10140/48/497 10107/48/464 10108/34/465 
f 10070/322/428 10141/340/498 10142/341/499 10071/323/429 
f 10071/324/429 10142/342/499 10143/343/500 10073/325/431 
f 10073/325/431 10143/343/500 10144/344/501 10075/326/433 
f 10075/326/433 10144/344/501 10145/345/502 10077/327/435 
f 10077/327/435 10145/345/502 10146/346/503 10079/328/437 
f 10079/328/437 10146/346/503 10147/347/504 10081/329/305 
f 10081/329/305 10147/347/504 10148/348/505 10083/330/440 
f 10083/330/440 10148/348/505 10141/340/498 10070/322/428 
f 10141/340/498 10149/349/506 10150/350/507 10142/341/499 
f 10142/342/499 10150/351/507 10151/352/508 10143/343/500 
f 10143/343/500 10151/352/508 10152/353/509 10144/344/501 
f 10144/344/501 10152/353/509 10153/354/510 10145/345/502 
f 10145/345/502 10153/354/510 10154/355/511 10146/346/503 
f 10146/346/503 10154/355/511 10155/356/512 10147/347/504 
f 10147/347/504 10155/356/512 10156/357/513 10148/348/505 
f 10148/348/505 10156/357/513 10149/349/506 10141/340/498 
f 10157/358/514 10158/35/515 10159/33/516 10160/359/517 
f 10160/360/517 10159/39/516 10161/38/518 10162/361/519 
f 10162/361/519 10161/38/518 10163/41/520 10164/362/521 
f 10164/362/521 10163/41/520 10165/43/522 10166/363/523 
f 10166/363/523 10165/43/522 10167/45/524 10168/364/525 
f 10168/364/525 10167/45/524 10169/47/526 10170/365/527 
f 10170/365/527 10169/47/526 10171/49/528 10172/366/529 
f 10172/366/529 10171/49/528 10158/35/515 10157/358/514 
f 10173/367/530 10174/368/531 10175/369/532 10176/370/533 
f 10176/371/533 10175/372/532 10177/373/534 10178/374/535 
f 10178/374/535 10177/373/534 10179/375/536 10180/376/537 
f 10180/376/537 10179/375/536 10181/377/538 10182/378/539 
f 10182/378/539 10181/377/538 10183/379/540 10184/380/541 
f 10184/380/541 10183/379/540 10185/381/542 10186/382/543 
f 10186/382/543 10185/381/542 10187/383/544 10188/384/545 
f 10188/384/545 10187/383/544 10174/368/531 10173/367/530 
f 10174/368/531 10157/358/514 10160/359/517 10175/369/532 
f 10175/372/532 10160/360/517 10162/361/519 10177/373/534 
f 10177/373/534 10162/361/519 10164/362/521 10179/375/536 
f 10179/375/536 10164/362/521 10166/363/523 10181/377/538 
f 10181/377/538 10166/363/523 10168/364/525 10183/379/540 
f 10183/379/540 10168/364/525 10170/365/527 10185/381/542 
f 10185/381/542 10170/365/527 10172/366/529 10187/383/544 
f 10187/383/544 10172/366/529 10157/358/514 10174/368/531 
f 10149/349/506 10173/367/530 10176/370/533 10150/350/507 
f 10150/351/507 10176/371/533 10178/374/535 10151/352/508 
f 10151/352/508 10178/374/535 10180/376/537 10152/353/509 
f 10152/353/509 10180/376/537 10182/378/539 10153/354/510 
f 10153/354/510 10182/378/539 10184/380/541 10154/355/511 
f 10154/355/511 10184/380/541 10186/382/543 10155/356/512 
f 10155/356/512 10186/382/543 10188/384/545 10156/357/513 
f 10156/357/513 10188/384/545 10173/367/530 10149/349/506 
f 10111/331/468 10189/385/546 10190/386/547 10112/332/469 
f 10114/333/471 10191/387/548 10189/388/546 10111/334/468 
f 10116/335/473 10192/389/549 10191/387/548 10114/333/471 
f 10118/336/475 10193/390/550 10192/389/549 10116/335/473 
f 10120/337/477 10194/391/551 10193/390/550 10118/336/475 
f 10122/338/479 10195/392/552 10194/391/551 10120/337/477 
f 10124/339/481 10196/393/553 10195/392/552 10122/338/479 
f 10112/332/469 10190/386/547 10196/393/553 10124/339/481 
f 10197/394/554 10198/33/555 10199/35/556 10200/395/557 
f 10201/396/558 10202/38/559 10198/39/555 10197/397/554 
f 10203/398/560 10204/41/561 10202/38/559 10201/396/558 
f 10205/399/562 10206/43/563 10204/41/561 10203/398/560 
f 10207/400/564 10208/45/565 10206/43/563 10205/399/562 
f 10209/401/566 10210/47/567 10208/45/565 10207/400/564 
f 10211/402/568 10212/49/569 10210/47/567 10209/401/566 
f 10200/395/557 10199/35/556 10212/49/569 10211/402/568 
f 10189/385/546 10197/394/554 10200/395/557 10190/386/547 
f 10191/387/548 10201/396/558 10197/397/554 10189/388/546 
f 10192/389/549 10203/398/560 10201/396/558 10191/387/548 
f 10193/390/550 10205/399/562 10203/398/560 10192/389/549 
f 10194/391/551 10207/400/564 10205/399/562 10193/390/550 
f 10195/392/552 10209/401/566 10207/400/564 10194/391/551 
f 10196/393/553 10211/402/568 10209/401/566 10195/392/552 
f 10190/386/547 10200/395/557 10211/402/568 10196/393/553 
f 10213/394/570 10214/33/571 10215/35/572 10216/395/572 
f 10217/396/573 10218/38/574 10214/39/571 10213/397/570 
f 10219/398/575 10220/41/576 10218/38/574 10217/396/573 
f 10221/399/577 10222/43/577 10220/41/576 10219/398/575 
f 10223/400/578 10224/45/579 10222/43/577 10221/399/577 
f 10225/401/580 10226/47/581 10224/45/579 10223/400/578 
f 10227/402/582 10228/49/583 10226/47/581 10225/401/580 
f 10216/395/572 10215/35/572 10228/49/583 10227/402/582 
s off
f 10229/35/584 10230/33/585 10231/45/586 
f 10230/39/585 10232/38/587 10231/45/586 
f 10232/38/587 10233/41/588 10231/45/586 
f 10233/41/588 10234/43/589 10231/45/586 
f 10234/43/589 10235/45/590 10231/45/586 
f 10235/45/590 10236/47/591 10231/45/586 
f 10236/47/591 10237/49/592 10231/45/586 
f 10237/49/592 10229/35/584 10231/45/586 
s 1
f 10214/33/571 10230/33/585 10229/35/584 10215/35/572 
f 10218/38/574 10232/38/587 10230/39/585 10214/39/571 
f 10220/41/576 10233/41/588 10232/38/587 10218/38/574 
f 10222/43/577 10234/43/589 10233/41/588 10220/41/576 
f 10224/45/579 10235/45/590 10234/43/589 10222/43/577 
f 10226/47/581 10236/47/591 10235/45/590 10224/45/579 
f 10228/49/583 10237/49/592 10236/47/591 10226/47/581 
f 10215/35/572 10229/35/584 10237/49/592 10228/49/583 
f 10238/16/593 10239/17/594 10240/18/595 10241/19/596 
f 10242/20/597 10243/21/598 10244/22/599 10245/23/600 
f 10246/24/601 10247/25/602 10248/26/603 10249/27/604 
f 10250/28/605 10251/29/606 10252/30/607 10253/31/608 
s 2
f 10239/17/594 10238/16/593 10242/32/597 10245/33/600 
f 10244/22/599 10243/21/598 10246/24/601 10249/27/604 
f 10248/26/603 10247/25/602 10250/28/605 10253/31/608 
f 10252/30/607 10251/29/606 10241/19/596 10240/18/595 
s 8
f 10254/34/154 10255/32/67 10256/33/67 10257/35/154 
f 10255/36/67 10258/37/70 10259/38/70 10256/39/67 
f 10258/37/70 10260/40/69 10261/41/69 10259/38/70 
f 10260/40/69 10262/42/245 10263/43/245 10261/41/69 
f 10262/42/245 10264/44/63 10265/45/63 10263/43/245 
f 10264/44/63 10266/46/4 10267/47/4 10265/45/63 
f 10266/46/4 10268/48/65 10269/49/65 10267/47/4 
f 10268/48/65 10254/34/154 10257/35/154 10269/49/65 
f 10270/34/154 10271/32/67 10272/33/67 10273/35/154 
f 10271/36/67 10274/37/68 10275/38/68 10272/39/67 
f 10274/37/68 10276/40/69 10277/41/69 10275/38/68 
f 10276/40/69 10278/42/609 10279/43/609 10277/41/69 
f 10278/42/609 10280/44/63 10281/45/63 10279/43/609 
f 10280/44/63 10282/46/64 10283/47/64 10281/45/63 
f 10282/46/64 10284/48/65 10285/49/65 10283/47/64 
f 10284/48/65 10270/34/154 10273/35/154 10285/49/65 
f 10286/34/154 10287/32/67 10288/33/67 10289/35/154 
f 10287/36/67 10290/37/70 10291/38/70 10288/39/67 
f 10290/37/70 10292/40/69 10293/41/69 10291/38/70 
f 10292/40/69 10294/42/245 10295/43/245 10293/41/69 
f 10294/42/245 10296/44/63 10297/45/63 10295/43/245 
f 10296/44/63 10298/46/4 10299/47/4 10297/45/63 
f 10298/46/4 10300/48/65 10301/49/65 10299/47/4 
f 10300/48/65 10286/34/154 10289/35/154 10301/49/65 
f 10302/34/154 10303/32/67 10304/33/67 10305/35/154 
f 10303/36/67 10306/37/68 10307/38/68 10304/39/67 
f 10306/37/68 10308/40/69 10309/41/69 10307/38/68 
f 10308/40/69 10310/42/609 10311/43/609 10309/41/69 
f 10310/42/609 10312/44/63 10313/45/63 10311/43/609 
f 10312/44/63 10314/46/64 10315/47/64 10313/45/63 
f 10314/46/64 10316/48/65 10317/49/65 10315/47/64 
f 10316/48/65 10302/34/154 10305/35/154 10317/49/65 
f 10318/34/154 10319/32/67 10320/33/67 10321/35/154 
f 10319/36/67 10322/37/68 10323/38/68 10320/39/67 
f 10322/37/68 10324/40/69 10325/41/69 10323/38/68 
f 10324/40/69 10326/42/245 10327/43/245 10325/41/69 
f 10326/42/245 10328/44/63 10329/45/63 10327/43/245 
f 10328/44/63 10330/46/64 10331/47/64 10329/45/63 
f 10330/46/64 10332/48/65 10333/49/65 10331/47/64 
f 10332/48/65 10318/34/154 10321/35/154 10333/49/65 
f 10334/34/154 10335/32/67 10336/33/67 10337/35/154 
f 10335/36/67 10338/37/70 10339/38/70 10336/39/67 
f 10338/37/70 10340/40/69 10341/41/69 10339/38/70 
f 10340/40/69 10342/42/245 10343/43/245 10341/41/69 
f 10342/42/245 10344/44/63 10345/45/63 10343/43/245 
f 10344/44/63 10346/46/4 10347/47/4 10345/45/63 
f 10346/46/4 10348/48/65 10349/49/65 10347/47/4 
f 10348/48/65 10334/34/154 10337/35/154 10349/49/65 
f 10350/34/154 10351/32/67 10352/33/67 10353/35/154 
f 10351/36/67 10354/37/70 10355/38/70 10352/39/67 
f 10354/37/70 10356/40/69 10357/41/69 10355/38/70 
f 10356/40/69 10358/42/245 10359/43/245 10357/41/69 
f 10358/42/245 10360/44/63 10361/45/63 10359/43/245 
f 10360/44/63 10362/46/4 10363/47/4 10361/45/63 
f 10362/46/4 10364/48/65 10365/49/65 10363/47/4 
f 10364/48/65 10350/34/154 10353/35/154 10365/49/65 
f 10366/34/154 10367/32/67 10368/33/67 10369/35/154 
f 10367/36/67 10370/37/70 10371/38/70 10368/39/67 
f 10370/37/70 10372/40/69 10373/41/69 10371/38/70 
f 10372/40/69 10374/42/245 10375/43/245 10373/41/69 
f 10374/42/245 10376/44/63 10377/45/63 10375/43/245 
f 10376/44/63 10378/46/4 10379/47/4 10377/45/63 
f 10378/46/4 10380/48/65 10381/49/65 10379/47/4 
f 10380/48/65 10366/34/154 10369/35/154 10381/49/65 
f 10382/34/154 10383/32/67 10384/33/67 10385/35/154 
f 10383/36/67 10386/37/68 10387/38/68 10384/39/67 
f 10386/37/68 10388/40/69 10389/41/69 10387/38/68 
f 10388/40/69 10390/42/245 10391/43/245 10389/41/69 
f 10390/42/245 10392/44/63 10393/45/63 10391/43/245 
f 10392/44/63 10394/46/64 10395/47/64 10393/45/63 
f 10394/46/64 10396/48/65 10397/49/65 10395/47/64 
f 10396/48/65 10382/34/154 10385/35/154 10397/49/65 
f 10398/34/154 10399/32/67 10400/33/67 10401/35/154 
f 10399/36/67 10402/37/70 10403/38/70 10400/39/67 
f 10402/37/70 10404/40/69 10405/41/69 10403/38/70 
f 10404/40/69 10406/42/245 10407/43/245 10405/41/69 
f 10406/42/245 10408/44/63 10409/45/63 10407/43/245 
f 10408/44/63 10410/46/4 10411/47/4 10409/45/63 
f 10410/46/4 10412/48/65 10413/49/65 10411/47/4 
f 10412/48/65 10398/34/154 10401/35/154 10413/49/65 
s 2
f 10414/17/610 10415/75/611 10416/76/612 10417/33/600 
f 10418/22/613 10419/77/614 10420/78/615 10421/27/616 
f 10422/26/617 10423/79/618 10424/80/619 10425/31/620 
f 10426/30/607 10427/81/621 10428/82/622 10429/18/623 
s 1
f 10415/75/611 10414/17/610 10429/18/623 10428/82/622 
f 10419/77/614 10418/22/613 10417/23/600 10416/83/612 
f 10423/79/618 10422/26/617 10421/27/616 10420/78/615 
f 10427/81/621 10426/30/607 10425/31/620 10424/80/619 
s off
f 10415/75/611 10428/82/622 10430/85/624 10431/86/625 
f 10419/77/614 10416/83/612 10431/83/625 10432/87/626 
f 10423/79/618 10420/78/615 10432/87/626 10433/88/627 
f 10427/81/621 10424/80/619 10433/88/627 10430/85/624 
f 10416/76/612 10415/75/611 10431/86/625 
f 10420/78/615 10419/77/614 10432/87/626 
f 10424/80/619 10423/79/618 10433/88/627 
f 10428/82/622 10427/81/621 10430/85/624 
s 4
f 10430/85/624 10433/88/627 10432/87/626 10431/83/625 
s 2
f 10434/17/628 10435/101/629 10436/102/630 10437/33/631 
f 10438/22/632 10439/103/633 10440/104/634 10441/27/635 
f 10442/26/636 10443/105/637 10444/106/638 10445/31/639 
f 10446/30/640 10447/107/641 10448/108/642 10449/18/643 
f 10450/17/628 10451/117/644 10452/118/645 10453/33/631 
f 10454/22/632 10455/119/646 10456/120/647 10457/27/648 
f 10458/26/649 10459/121/650 10460/122/651 10461/31/639 
f 10462/30/640 10463/123/652 10464/124/653 10465/18/643 
s 1
f 10451/117/644 10450/17/628 10465/18/643 10464/124/653 
f 10455/119/646 10454/22/632 10453/23/631 10452/125/645 
f 10459/121/650 10458/26/649 10457/27/648 10456/120/647 
f 10463/123/652 10462/30/640 10461/31/639 10460/122/651 
f 10435/101/629 10434/17/628 10449/18/643 10448/108/642 
f 10439/103/633 10438/22/632 10437/23/631 10436/126/630 
f 10443/105/637 10442/26/636 10441/27/635 10440/104/634 
f 10447/107/641 10446/30/640 10445/31/639 10444/106/638 
s off
f 10451/117/644 10464/124/653 10466/129/654 10467/130/655 
f 10455/119/646 10452/125/645 10467/125/655 10468/131/656 
f 10459/121/650 10456/120/647 10468/131/656 10469/132/657 
f 10463/123/652 10460/122/651 10469/132/657 10466/129/654 
f 10452/118/645 10451/117/644 10467/130/655 
f 10456/120/647 10455/119/646 10468/131/656 
f 10460/122/651 10459/121/650 10469/132/657 
f 10464/124/653 10463/123/652 10466/129/654 
f 10436/102/630 10435/101/629 10470/133/658 
f 10440/104/634 10439/103/633 10471/134/659 
f 10444/106/638 10443/105/637 10472/135/660 
f 10448/108/642 10447/107/641 10473/136/661 
f 10435/101/629 10448/108/642 10473/136/661 10470/133/658 
f 10439/103/633 10436/126/630 10470/126/658 10471/134/659 
f 10443/105/637 10440/104/634 10471/134/659 10472/135/660 
f 10447/107/641 10444/106/638 10472/135/660 10473/136/661 
s 32
f 10466/129/654 10469/132/657 10468/131/656 10467/125/655 
f 10473/136/661 10472/135/660 10471/134/659 10470/126/658 
s 8
f 10474/34/154 10475/32/67 10476/33/67 10477/35/154 
f 10475/36/67 10478/37/70 10479/38/70 10476/39/67 
f 10478/37/70 10480/40/69 10481/41/69 10479/38/70 
f 10480/40/69 10482/42/245 10483/43/609 10481/41/69 
f 10482/42/245 10484/44/63 10485/45/63 10483/43/609 
f 10484/44/63 10486/46/4 10487/47/4 10485/45/63 
f 10486/46/4 10488/48/662 10489/49/662 10487/47/4 
f 10488/48/662 10474/34/154 10477/35/154 10489/49/662 
f 10490/34/154 10491/32/67 10492/33/67 10493/35/154 
f 10491/36/67 10494/37/333 10495/38/333 10492/39/67 
f 10494/37/333 10496/40/69 10497/41/69 10495/38/333 
f 10496/40/69 10498/42/609 10499/43/245 10497/41/69 
f 10498/42/609 10500/44/63 10501/45/63 10499/43/245 
f 10500/44/63 10502/46/64 10503/47/64 10501/45/63 
f 10502/46/64 10504/48/65 10505/49/65 10503/47/64 
f 10504/48/65 10490/34/154 10493/35/154 10505/49/65 
f 10506/34/154 10507/32/67 10508/33/67 10509/35/154 
f 10507/36/67 10510/37/70 10511/38/70 10508/39/67 
f 10510/37/70 10512/40/69 10513/41/69 10511/38/70 
f 10512/40/69 10514/42/245 10515/43/245 10513/41/69 
f 10514/42/245 10516/44/63 10517/45/63 10515/43/245 
f 10516/44/63 10518/46/4 10519/47/4 10517/45/63 
f 10518/46/4 10520/48/65 10521/49/65 10519/47/4 
f 10520/48/65 10506/34/154 10509/35/154 10521/49/65 
f 10522/34/154 10523/32/67 10524/33/67 10525/35/154 
f 10523/36/67 10526/37/68 10527/38/68 10524/39/67 
f 10526/37/68 10528/40/69 10529/41/69 10527/38/68 
f 10528/40/69 10530/42/609 10531/43/609 10529/41/69 
f 10530/42/609 10532/44/63 10533/45/63 10531/43/609 
f 10532/44/63 10534/46/64 10535/47/64 10533/45/63 
f 10534/46/64 10536/48/65 10537/49/65 10535/47/64 
f 10536/48/65 10522/34/154 10525/35/154 10537/49/65 
f 10538/34/154 10539/32/67 10540/33/67 10541/35/154 
f 10539/36/67 10542/37/68 10543/38/68 10540/39/67 
f 10542/37/68 10544/40/69 10545/41/69 10543/38/68 
f 10544/40/69 10546/42/245 10547/43/245 10545/41/69 
f 10546/42/245 10548/44/63 10549/45/63 10547/43/245 
f 10548/44/63 10550/46/64 10551/47/64 10549/45/63 
f 10550/46/64 10552/48/65 10553/49/65 10551/47/64 
f 10552/48/65 10538/34/154 10541/35/154 10553/49/65 
f 10554/34/154 10555/32/67 10556/33/67 10557/35/154 
f 10555/36/67 10558/37/70 10559/38/70 10556/39/67 
f 10558/37/70 10560/40/69 10561/41/69 10559/38/70 
f 10560/40/69 10562/42/245 10563/43/245 10561/41/69 
f 10562/42/245 10564/44/63 10565/45/63 10563/43/245 
f 10564/44/63 10566/46/4 10567/47/4 10565/45/63 
f 10566/46/4 10568/48/65 10569/49/65 10567/47/4 
f 10568/48/65 10554/34/154 10557/35/154 10569/49/65 
f 10570/34/154 10571/32/67 10572/33/67 10573/35/154 
f 10571/36/67 10574/37/68 10575/38/68 10572/39/67 
f 10574/37/68 10576/40/69 10577/41/69 10575/38/68 
f 10576/40/69 10578/42/245 10579/43/245 10577/41/69 
f 10578/42/245 10580/44/63 10581/45/63 10579/43/245 
f 10580/44/63 10582/46/64 10583/47/64 10581/45/63 
f 10582/46/64 10584/48/65 10585/49/65 10583/47/64 
f 10584/48/65 10570/34/154 10573/35/154 10585/49/65 
f 10586/34/154 10587/32/67 10588/33/67 10589/35/154 
f 10587/36/67 10590/37/70 10591/38/70 10588/39/67 
f 10590/37/70 10592/40/69 10593/41/69 10591/38/70 
f 10592/40/69 10594/42/245 10595/43/245 10593/41/69 
f 10594/42/245 10596/44/63 10597/45/63 10595/43/245 
f 10596/44/63 10598/46/4 10599/47/4 10597/45/63 
f 10598/46/4 10600/48/65 10601/49/65 10599/47/4 
f 10600/48/65 10586/34/154 10589/35/154 10601/49/65 
f 10602/34/154 10603/32/67 10604/33/67 10605/35/154 
f 10603/36/67 10606/37/70 10607/38/70 10604/39/67 
f 10606/37/70 10608/40/69 10609/41/69 10607/38/70 
f 10608/40/69 10610/42/245 10611/43/245 10609/41/69 
f 10610/42/245 10612/44/63 10613/45/63 10611/43/245 
f 10612/44/63 10614/46/4 10615/47/4 10613/45/63 
f 10614/46/4 10616/48/65 10617/49/65 10615/47/4 
f 10616/48/65 10602/34/154 10605/35/154 10617/49/65 
f 10618/34/154 10619/32/67 10620/33/67 10621/35/154 
f 10619/36/67 10622/37/68 10623/38/68 10620/39/67 
f 10622/37/68 10624/40/69 10625/41/69 10623/38/68 
f 10624/40/69 10626/42/609 10627/43/609 10625/41/69 
f 10626/42/609 10628/44/63 10629/45/63 10627/43/609 
f 10628/44/63 10630/46/64 10631/47/64 10629/45/63 
f 10630/46/64 10632/48/65 10633/49/65 10631/47/64 
f 10632/48/65 10618/34/154 10621/35/154 10633/49/65 
f 10634/34/154 10635/32/67 10636/33/67 10637/35/154 
f 10635/36/67 10638/37/70 10639/38/70 10636/39/67 
f 10638/37/70 10640/40/69 10641/41/69 10639/38/70 
f 10640/40/69 10642/42/245 10643/43/245 10641/41/69 
f 10642/42/245 10644/44/63 10645/45/63 10643/43/245 
f 10644/44/63 10646/46/4 10647/47/4 10645/45/63 
f 10646/46/4 10648/48/65 10649/49/65 10647/47/4 
f 10648/48/65 10634/34/154 10637/35/154 10649/49/65 
f 10650/34/154 10651/32/67 10652/33/67 10653/35/154 
f 10651/36/67 10654/37/68 10655/38/68 10652/39/67 
f 10654/37/68 10656/40/69 10657/41/69 10655/38/68 
f 10656/40/69 10658/42/609 10659/43/609 10657/41/69 
f 10658/42/609 10660/44/63 10661/45/63 10659/43/609 
f 10660/44/63 10662/46/64 10663/47/64 10661/45/63 
f 10662/46/64 10664/48/65 10665/49/65 10663/47/64 
f 10664/48/65 10650/34/154 10653/35/154 10665/49/65 
f 10666/34/154 10667/32/67 10668/33/67 10669/35/154 
f 10667/36/67 10670/37/68 10671/38/68 10668/39/67 
f 10670/37/68 10672/40/69 10673/41/69 10671/38/68 
f 10672/40/69 10674/42/245 10675/43/245 10673/41/69 
f 10674/42/245 10676/44/63 10677/45/63 10675/43/245 
f 10676/44/63 10678/46/64 10679/47/64 10677/45/63 
f 10678/46/64 10680/48/65 10681/49/65 10679/47/64 
f 10680/48/65 10666/34/154 10669/35/154 10681/49/65 
s off
f 10238/16/593 10241/19/596 10682/403/663 10683/404/664 
f 10243/21/598 10242/20/597 10683/20/664 10684/405/665 
f 10247/25/602 10246/24/601 10684/405/665 10685/406/666 
f 10251/29/606 10250/28/605 10685/406/666 10682/403/663 
f 10242/32/597 10238/16/593 10683/404/664 
f 10246/24/601 10243/21/598 10684/405/665 
f 10250/28/605 10247/25/602 10685/406/666 
f 10241/19/596 10251/29/606 10682/403/663 
s 16
f 10682/403/663 10685/406/666 10684/405/665 10683/20/664 
s off
f 10240/18/595 10239/17/594 10686/407/667 10687/408/668 
f 10245/23/600 10244/22/599 10688/409/669 10686/23/667 
f 10249/27/604 10248/26/603 10689/410/670 10688/409/669 
f 10253/31/608 10252/30/607 10687/408/668 10689/410/670 
f 10239/17/594 10245/33/600 10686/407/667 
f 10244/22/599 10249/27/604 10688/409/669 
f 10248/26/603 10253/31/608 10689/410/670 
f 10252/30/607 10240/18/595 10687/408/668 
f 10414/17/610 10417/33/600 10690/407/667 
f 10418/22/613 10421/27/616 10691/409/669 
f 10422/26/617 10425/31/620 10692/410/670 
f 10426/30/607 10429/18/623 10693/408/668 
f 10429/18/623 10414/17/610 10690/407/667 10693/408/668 
f 10417/23/600 10418/22/613 10691/409/669 10690/23/667 
f 10421/27/616 10422/26/617 10692/410/670 10691/409/669 
f 10425/31/620 10426/30/607 10693/408/668 10692/410/670 
f 10434/17/628 10437/33/631 10694/407/671 
f 10438/22/632 10441/27/635 10695/409/672 
f 10442/26/636 10445/31/639 10696/410/673 
f 10446/30/640 10449/18/643 10697/408/674 
f 10450/17/628 10453/33/631 10698/407/671 
f 10454/22/632 10457/27/648 10699/409/672 
f 10458/26/649 10461/31/639 10700/410/673 
f 10462/30/640 10465/18/643 10701/408/674 
f 10465/18/643 10450/17/628 10698/407/671 10701/408/674 
f 10453/23/631 10454/22/632 10699/409/672 10698/23/671 
f 10457/27/648 10458/26/649 10700/410/673 10699/409/672 
f 10461/31/639 10462/30/640 10701/408/674 10700/410/673 
f 10449/18/643 10434/17/628 10694/407/671 10697/408/674 
f 10437/23/631 10438/22/632 10695/409/672 10694/23/671 
f 10441/27/635 10442/26/636 10696/410/673 10695/409/672 
f 10445/31/639 10446/30/640 10697/408/674 10696/410/673 
s 64
f 10686/407/667 10688/409/669 10689/410/670 10687/408/668 
f 10690/407/667 10691/409/669 10692/410/670 10693/408/668 
f 10698/407/671 10699/409/672 10700/410/673 10701/408/674 
f 10694/407/671 10695/409/672 10696/410/673 10697/408/674 
s 1
f 10702/16/593 10703/17/594 10704/18/623 10705/19/596 
f 10706/20/597 10707/21/598 10708/22/613 10709/23/600 
f 10710/24/601 10711/25/602 10712/26/603 10713/27/616 
f 10714/28/605 10715/29/606 10716/30/675 10717/31/608 
s 2
f 10703/17/594 10702/16/593 10706/32/597 10709/33/600 
f 10708/22/613 10707/21/598 10710/24/601 10713/27/616 
f 10712/26/603 10711/25/602 10714/28/605 10717/31/608 
f 10716/30/675 10715/29/606 10705/19/596 10704/18/623 
s 8
f 10718/34/676 10719/32/677 10720/33/677 10721/35/676 
f 10719/36/677 10722/37/70 10723/38/70 10720/39/677 
f 10722/37/70 10724/40/69 10725/41/69 10723/38/70 
f 10724/40/69 10726/42/245 10727/43/245 10725/41/69 
f 10726/42/245 10728/44/63 10729/45/63 10727/43/245 
f 10728/44/63 10730/46/4 10731/47/4 10729/45/63 
f 10730/46/4 10732/48/662 10733/49/662 10731/47/4 
f 10732/48/662 10718/34/676 10721/35/676 10733/49/662 
f 10734/34/676 10735/32/677 10736/33/677 10737/35/676 
f 10735/36/677 10738/37/70 10739/38/70 10736/39/677 
f 10738/37/70 10740/40/69 10741/41/69 10739/38/70 
f 10740/40/69 10742/42/609 10743/43/62 10741/41/69 
f 10742/42/609 10744/44/678 10745/45/63 10743/43/62 
f 10744/44/678 10746/46/679 10747/47/679 10745/45/63 
f 10746/46/679 10748/48/662 10749/49/662 10747/47/679 
f 10748/48/662 10734/34/676 10737/35/676 10749/49/662 
f 10750/34/676 10751/32/677 10752/33/677 10753/35/676 
f 10751/36/677 10754/37/70 10755/38/70 10752/39/677 
f 10754/37/70 10756/40/69 10757/41/69 10755/38/70 
f 10756/40/69 10758/42/245 10759/43/245 10757/41/69 
f 10758/42/245 10760/44/63 10761/45/63 10759/43/245 
f 10760/44/63 10762/46/4 10763/47/4 10761/45/63 
f 10762/46/4 10764/48/662 10765/49/662 10763/47/4 
f 10764/48/662 10750/34/676 10753/35/676 10765/49/662 
f 10766/34/676 10767/32/677 10768/33/677 10769/35/676 
f 10767/36/677 10770/37/574 10771/38/574 10768/39/677 
f 10770/37/574 10772/40/69 10773/41/69 10771/38/574 
f 10772/40/69 10774/42/609 10775/43/62 10773/41/69 
f 10774/42/609 10776/44/678 10777/45/63 10775/43/62 
f 10776/44/678 10778/46/679 10779/47/679 10777/45/63 
f 10778/46/679 10780/48/662 10781/49/662 10779/47/679 
f 10780/48/662 10766/34/676 10769/35/676 10781/49/662 
f 10782/34/154 10783/32/67 10784/33/67 10785/35/154 
f 10783/36/67 10786/37/68 10787/38/68 10784/39/67 
f 10786/37/68 10788/40/69 10789/41/69 10787/38/68 
f 10788/40/69 10790/42/245 10791/43/245 10789/41/69 
f 10790/42/245 10792/44/63 10793/45/63 10791/43/245 
f 10792/44/63 10794/46/64 10795/47/64 10793/45/63 
f 10794/46/64 10796/48/65 10797/49/65 10795/47/64 
f 10796/48/65 10782/34/154 10785/35/154 10797/49/65 
f 10798/34/154 10799/32/67 10800/33/67 10801/35/154 
f 10799/36/67 10802/37/70 10803/38/70 10800/39/67 
f 10802/37/70 10804/40/69 10805/41/69 10803/38/70 
f 10804/40/69 10806/42/245 10807/43/245 10805/41/69 
f 10806/42/245 10808/44/63 10809/45/63 10807/43/245 
f 10808/44/63 10810/46/4 10811/47/4 10809/45/63 
f 10810/46/4 10812/48/65 10813/49/65 10811/47/4 
f 10812/48/65 10798/34/154 10801/35/154 10813/49/65 
f 10814/34/154 10815/32/67 10816/33/67 10817/35/154 
f 10815/36/67 10818/37/70 10819/38/70 10816/39/67 
f 10818/37/70 10820/40/69 10821/41/69 10819/38/70 
f 10820/40/69 10822/42/245 10823/43/245 10821/41/69 
f 10822/42/245 10824/44/63 10825/45/63 10823/43/245 
f 10824/44/63 10826/46/4 10827/47/4 10825/45/63 
f 10826/46/4 10828/48/65 10829/49/65 10827/47/4 
f 10828/48/65 10814/34/154 10817/35/154 10829/49/65 
f 10830/34/154 10831/32/67 10832/33/67 10833/35/154 
f 10831/36/67 10834/37/70 10835/38/70 10832/39/67 
f 10834/37/70 10836/40/680 10837/41/680 10835/38/70 
f 10836/40/680 10838/42/681 10839/43/681 10837/41/680 
f 10838/42/681 10840/44/682 10841/45/682 10839/43/681 
f 10840/44/682 10842/46/4 10843/47/4 10841/45/682 
f 10842/46/4 10844/48/65 10845/49/65 10843/47/4 
f 10844/48/65 10830/34/154 10833/35/154 10845/49/65 
f 10846/34/154 10847/32/67 10848/33/67 10849/35/154 
f 10847/36/67 10850/37/68 10851/38/68 10848/39/67 
f 10850/37/68 10852/40/69 10853/41/69 10851/38/68 
f 10852/40/69 10854/42/245 10855/43/245 10853/41/69 
f 10854/42/245 10856/44/63 10857/45/63 10855/43/245 
f 10856/44/63 10858/46/64 10859/47/64 10857/45/63 
f 10858/46/64 10860/48/65 10861/49/65 10859/47/64 
f 10860/48/65 10846/34/154 10849/35/154 10861/49/65 
f 10862/34/154 10863/32/67 10864/33/67 10865/35/154 
f 10863/36/67 10866/37/70 10867/38/70 10864/39/67 
f 10866/37/70 10868/40/69 10869/41/69 10867/38/70 
f 10868/40/69 10870/42/245 10871/43/245 10869/41/69 
f 10870/42/245 10872/44/63 10873/45/63 10871/43/245 
f 10872/44/63 10874/46/4 10875/47/4 10873/45/63 
f 10874/46/4 10876/48/65 10877/49/65 10875/47/4 
f 10876/48/65 10862/34/154 10865/35/154 10877/49/65 
s 2
f 10878/17/594 10879/75/611 10880/76/683 10881/33/600 
f 10882/22/613 10883/77/614 10884/78/615 10885/27/616 
f 10886/26/603 10887/79/684 10888/80/685 10889/31/608 
f 10890/30/675 10891/81/621 10892/82/622 10893/18/623 
s 1
f 10879/75/611 10878/17/594 10893/18/623 10892/82/622 
f 10883/77/614 10882/22/613 10881/23/600 10880/83/683 
f 10887/79/684 10886/26/603 10885/27/616 10884/78/615 
f 10891/81/621 10890/30/675 10889/31/608 10888/80/685 
s off
f 10879/75/611 10892/82/622 10894/85/624 10895/86/625 
f 10883/77/614 10880/83/683 10895/83/625 10896/87/626 
f 10887/79/684 10884/78/615 10896/87/626 10897/88/627 
f 10891/81/621 10888/80/685 10897/88/627 10894/85/624 
f 10880/76/683 10879/75/611 10895/86/625 
f 10884/78/615 10883/77/614 10896/87/626 
f 10888/80/685 10887/79/684 10897/88/627 
f 10892/82/622 10891/81/621 10894/85/624 
s 4
f 10894/85/624 10897/88/627 10896/87/626 10895/83/625 
s 1
f 10898/16/593 10899/17/610 10900/18/623 10901/19/596 
f 10902/20/597 10903/21/598 10904/22/599 10905/23/686 
f 10906/24/601 10907/25/602 10908/26/603 10909/27/604 
f 10910/28/605 10911/29/606 10912/30/675 10913/31/608 
s 2
f 10899/17/610 10898/16/593 10902/32/597 10905/33/686 
f 10904/22/599 10903/21/598 10906/24/601 10909/27/604 
f 10908/26/603 10907/25/602 10910/28/605 10913/31/608 
f 10912/30/675 10911/29/606 10901/19/596 10900/18/623 
f 10914/17/628 10915/101/629 10916/102/687 10917/33/631 
f 10918/22/632 10919/103/633 10920/104/634 10921/27/635 
f 10922/26/636 10923/105/637 10924/106/638 10925/31/639 
f 10926/30/688 10927/107/641 10928/108/689 10929/18/643 
f 10930/17/628 10931/117/644 10932/118/690 10933/33/631 
f 10934/22/632 10935/119/646 10936/120/647 10937/27/648 
f 10938/26/649 10939/121/650 10940/122/651 10941/31/639 
f 10942/30/688 10943/123/652 10944/124/691 10945/18/643 
s 1
f 10931/117/644 10930/17/628 10945/18/643 10944/124/691 
f 10935/119/646 10934/22/632 10933/23/631 10932/125/690 
f 10939/121/650 10938/26/649 10937/27/648 10936/120/647 
f 10943/123/652 10942/30/688 10941/31/639 10940/122/651 
f 10915/101/629 10914/17/628 10929/18/643 10928/108/689 
f 10919/103/633 10918/22/632 10917/23/631 10916/126/687 
f 10923/105/637 10922/26/636 10921/27/635 10920/104/634 
f 10927/107/641 10926/30/688 10925/31/639 10924/106/638 
s off
f 10931/117/644 10944/124/691 10946/129/654 10947/130/655 
f 10935/119/646 10932/125/690 10947/125/655 10948/131/656 
f 10939/121/650 10936/120/647 10948/131/656 10949/132/657 
f 10943/123/652 10940/122/651 10949/132/657 10946/129/654 
f 10932/118/690 10931/117/644 10947/130/655 
f 10936/120/647 10935/119/646 10948/131/656 
f 10940/122/651 10939/121/650 10949/132/657 
f 10944/124/691 10943/123/652 10946/129/654 
f 10916/102/687 10915/101/629 10950/133/658 
f 10920/104/634 10919/103/633 10951/134/659 
f 10924/106/638 10923/105/637 10952/135/660 
f 10928/108/689 10927/107/641 10953/136/661 
f 10915/101/629 10928/108/689 10953/136/661 10950/133/658 
f 10919/103/633 10916/126/687 10950/126/658 10951/134/659 
f 10923/105/637 10920/104/634 10951/134/659 10952/135/660 
f 10927/107/641 10924/106/638 10952/135/660 10953/136/661 
s 32
f 10946/129/654 10949/132/657 10948/131/656 10947/125/655 
f 10953/136/661 10952/135/660 10951/134/659 10950/126/658 
s 8
f 10954/34/154 10955/32/67 10956/33/67 10957/35/154 
f 10955/36/67 10958/37/70 10959/38/574 10956/39/67 
f 10958/37/70 10960/40/69 10961/41/69 10959/38/574 
f 10960/40/69 10962/42/245 10963/43/245 10961/41/69 
f 10962/42/245 10964/44/63 10965/45/63 10963/43/245 
f 10964/44/63 10966/46/4 10967/47/4 10965/45/63 
f 10966/46/4 10968/48/65 10969/49/65 10967/47/4 
f 10968/48/65 10954/34/154 10957/35/154 10969/49/65 
f 10970/34/676 10971/32/67 10972/33/67 10973/35/676 
f 10971/36/67 10974/37/68 10975/38/68 10972/39/67 
f 10974/37/68 10976/40/69 10977/41/69 10975/38/68 
f 10976/40/69 10978/42/609 10979/43/609 10977/41/69 
f 10978/42/609 10980/44/63 10981/45/63 10979/43/609 
f 10980/44/63 10982/46/64 10983/47/64 10981/45/63 
f 10982/46/64 10984/48/65 10985/49/65 10983/47/64 
f 10984/48/65 10970/34/676 10973/35/676 10985/49/65 
f 10986/34/154 10987/32/67 10988/33/67 10989/35/154 
f 10987/36/67 10990/37/70 10991/38/70 10988/39/67 
f 10990/37/70 10992/40/69 10993/41/69 10991/38/70 
f 10992/40/69 10994/42/245 10995/43/245 10993/41/69 
f 10994/42/245 10996/44/63 10997/45/63 10995/43/245 
f 10996/44/63 10998/46/4 10999/47/4 10997/45/63 
f 10998/46/4 11000/48/65 11001/49/65 10999/47/4 
f 11000/48/65 10986/34/154 10989/35/154 11001/49/65 
f 11002/34/154 11003/32/67 11004/33/67 11005/35/154 
f 11003/36/67 11006/37/68 11007/38/68 11004/39/67 
f 11006/37/68 11008/40/69 11009/41/69 11007/38/68 
f 11008/40/69 11010/42/609 11011/43/609 11009/41/69 
f 11010/42/609 11012/44/63 11013/45/63 11011/43/609 
f 11012/44/63 11014/46/64 11015/47/64 11013/45/63 
f 11014/46/64 11016/48/65 11017/49/65 11015/47/64 
f 11016/48/65 11002/34/154 11005/35/154 11017/49/65 
f 11018/34/154 11019/32/67 11020/33/67 11021/35/154 
f 11019/36/67 11022/37/68 11023/38/68 11020/39/67 
f 11022/37/68 11024/40/69 11025/41/69 11023/38/68 
f 11024/40/69 11026/42/245 11027/43/245 11025/41/69 
f 11026/42/245 11028/44/63 11029/45/63 11027/43/245 
f 11028/44/63 11030/46/64 11031/47/64 11029/45/63 
f 11030/46/64 11032/48/65 11033/49/65 11031/47/64 
f 11032/48/65 11018/34/154 11021/35/154 11033/49/65 
f 11034/34/154 11035/32/67 11036/33/67 11037/35/154 
f 11035/36/67 11038/37/70 11039/38/70 11036/39/67 
f 11038/37/70 11040/40/69 11041/41/69 11039/38/70 
f 11040/40/69 11042/42/245 11043/43/245 11041/41/69 
f 11042/42/245 11044/44/63 11045/45/63 11043/43/245 
f 11044/44/63 11046/46/4 11047/47/4 11045/45/63 
f 11046/46/4 11048/48/65 11049/49/65 11047/47/4 
f 11048/48/65 11034/34/154 11037/35/154 11049/49/65 
f 11050/34/154 11051/32/67 11052/33/67 11053/35/154 
f 11051/36/67 11054/37/68 11055/38/68 11052/39/67 
f 11054/37/68 11056/40/69 11057/41/69 11055/38/68 
f 11056/40/69 11058/42/245 11059/43/245 11057/41/69 
f 11058/42/245 11060/44/63 11061/45/63 11059/43/245 
f 11060/44/63 11062/46/64 11063/47/64 11061/45/63 
f 11062/46/64 11064/48/65 11065/49/65 11063/47/64 
f 11064/48/65 11050/34/154 11053/35/154 11065/49/65 
f 11066/34/154 11067/32/67 11068/33/67 11069/35/154 
f 11067/36/67 11070/37/70 11071/38/70 11068/39/67 
f 11070/37/70 11072/40/69 11073/41/69 11071/38/70 
f 11072/40/69 11074/42/245 11075/43/245 11073/41/69 
f 11074/42/245 11076/44/63 11077/45/63 11075/43/245 
f 11076/44/63 11078/46/4 11079/47/4 11077/45/63 
f 11078/46/4 11080/48/65 11081/49/65 11079/47/4 
f 11080/48/65 11066/34/154 11069/35/154 11081/49/65 
f 11082/34/154 11083/32/67 11084/33/67 11085/35/154 
f 11083/36/67 11086/37/70 11087/38/70 11084/39/67 
f 11086/37/70 11088/40/69 11089/41/69 11087/38/70 
f 11088/40/69 11090/42/245 11091/43/245 11089/41/69 
f 11090/42/245 11092/44/63 11093/45/63 11091/43/245 
f 11092/44/63 11094/46/4 11095/47/4 11093/45/63 
f 11094/46/4 11096/48/65 11097/49/65 11095/47/4 
f 11096/48/65 11082/34/154 11085/35/154 11097/49/65 
f 11098/34/676 11099/32/677 11100/33/677 11101/35/676 
f 11099/36/677 11102/37/574 11103/38/574 11100/39/677 
f 11102/37/574 11104/40/69 11105/41/69 11103/38/574 
f 11104/40/69 11106/42/609 11107/43/62 11105/41/69 
f 11106/42/609 11108/44/678 11109/45/63 11107/43/62 
f 11108/44/678 11110/46/679 11111/47/679 11109/45/63 
f 11110/46/679 11112/48/662 11113/49/662 11111/47/679 
f 11112/48/662 11098/34/676 11101/35/676 11113/49/662 
f 11114/34/676 11115/32/677 11116/33/677 11117/35/676 
f 11115/36/677 11118/37/70 11119/38/70 11116/39/677 
f 11118/37/70 11120/40/69 11121/41/69 11119/38/70 
f 11120/40/69 11122/42/245 11123/43/245 11121/41/69 
f 11122/42/245 11124/44/63 11125/45/63 11123/43/245 
f 11124/44/63 11126/46/4 11127/47/4 11125/45/63 
f 11126/46/4 11128/48/662 11129/49/662 11127/47/4 
f 11128/48/662 11114/34/676 11117/35/676 11129/49/662 
f 11130/34/676 11131/32/677 11132/33/677 11133/35/676 
f 11131/36/677 11134/37/574 11135/38/574 11132/39/677 
f 11134/37/574 11136/40/69 11137/41/69 11135/38/574 
f 11136/40/69 11138/42/609 11139/43/62 11137/41/69 
f 11138/42/609 11140/44/678 11141/45/63 11139/43/62 
f 11140/44/678 11142/46/679 11143/47/679 11141/45/63 
f 11142/46/679 11144/48/662 11145/49/662 11143/47/679 
f 11144/48/662 11130/34/676 11133/35/676 11145/49/662 
f 11146/34/676 11147/32/677 11148/33/677 11149/35/676 
f 11147/36/677 11150/37/559 11151/38/574 11148/39/677 
f 11150/37/559 11152/40/69 11153/41/69 11151/38/574 
f 11152/40/69 11154/42/245 11155/43/245 11153/41/69 
f 11154/42/245 11156/44/63 11157/45/63 11155/43/245 
f 11156/44/63 11158/46/567 11159/47/679 11157/45/63 
f 11158/46/567 11160/48/662 11161/49/662 11159/47/679 
f 11160/48/662 11146/34/676 11149/35/676 11161/49/662 
f 11162/34/676 11163/32/677 11164/33/692 11165/35/676 
f 11163/36/677 11166/37/70 11167/38/70 11164/39/692 
f 11166/37/70 11168/40/693 11169/41/69 11167/38/70 
f 11168/40/693 11170/42/245 11171/43/245 11169/41/69 
f 11170/42/245 11172/44/678 11173/45/63 11171/43/245 
f 11172/44/678 11174/46/4 11175/47/4 11173/45/63 
f 11174/46/4 11176/48/662 11177/49/694 11175/47/4 
f 11176/48/662 11162/34/676 11165/35/676 11177/49/694 
s off
f 10702/16/593 10705/19/596 11178/403/663 11179/404/664 
f 10707/21/598 10706/20/597 11179/20/664 11180/405/665 
f 10711/25/602 10710/24/601 11180/405/665 11181/406/666 
f 10715/29/606 10714/28/605 11181/406/666 11178/403/663 
f 10706/32/597 10702/16/593 11179/404/664 
f 10710/24/601 10707/21/598 11180/405/665 
f 10714/28/605 10711/25/602 11181/406/666 
f 10705/19/596 10715/29/606 11178/403/663 
f 10898/16/593 10901/19/596 11182/403/663 11183/404/664 
f 10903/21/598 10902/20/597 11183/20/664 11184/405/665 
f 10907/25/602 10906/24/601 11184/405/665 11185/406/666 
f 10911/29/606 10910/28/605 11185/406/666 11182/403/663 
f 10902/32/597 10898/16/593 11183/404/664 
f 10906/24/601 10903/21/598 11184/405/665 
f 10910/28/605 10907/25/602 11185/406/666 
f 10901/19/596 10911/29/606 11182/403/663 
s 16
f 11178/403/663 11181/406/666 11180/405/665 11179/20/664 
f 11182/403/663 11185/406/666 11184/405/665 11183/20/664 
s off
f 10704/18/623 10703/17/594 11186/407/667 11187/408/668 
f 10709/23/600 10708/22/613 11188/409/669 11186/23/667 
f 10713/27/616 10712/26/603 11189/410/670 11188/409/669 
f 10717/31/608 10716/30/675 11187/408/668 11189/410/670 
f 10703/17/594 10709/33/600 11186/407/667 
f 10708/22/613 10713/27/616 11188/409/669 
f 10712/26/603 10717/31/608 11189/410/670 
f 10716/30/675 10704/18/623 11187/408/668 
f 10878/17/594 10881/33/600 11190/407/667 
f 10882/22/613 10885/27/616 11191/409/669 
f 10886/26/603 10889/31/608 11192/410/670 
f 10890/30/675 10893/18/623 11193/408/668 
f 10893/18/623 10878/17/594 11190/407/667 11193/408/668 
f 10881/23/600 10882/22/613 11191/409/669 11190/23/667 
f 10885/27/616 10886/26/603 11192/410/670 11191/409/669 
f 10889/31/608 10890/30/675 11193/408/668 11192/410/670 
f 10900/18/623 10899/17/610 11194/407/667 11195/408/668 
f 10905/23/686 10904/22/599 11196/409/669 11194/23/667 
f 10909/27/604 10908/26/603 11197/410/670 11196/409/669 
f 10913/31/608 10912/30/675 11195/408/668 11197/410/670 
f 10899/17/610 10905/33/686 11194/407/667 
f 10904/22/599 10909/27/604 11196/409/669 
f 10908/26/603 10913/31/608 11197/410/670 
f 10912/30/675 10900/18/623 11195/408/668 
f 10914/17/628 10917/33/631 11198/407/671 
f 10918/22/632 10921/27/635 11199/409/672 
f 10922/26/636 10925/31/639 11200/410/673 
f 10926/30/688 10929/18/643 11201/408/674 
f 10930/17/628 10933/33/631 11202/407/671 
f 10934/22/632 10937/27/648 11203/409/672 
f 10938/26/649 10941/31/639 11204/410/673 
f 10942/30/688 10945/18/643 11205/408/674 
f 10945/18/643 10930/17/628 11202/407/671 11205/408/674 
f 10933/23/631 10934/22/632 11203/409/672 11202/23/671 
f 10937/27/648 10938/26/649 11204/410/673 11203/409/672 
f 10941/31/639 10942/30/688 11205/408/674 11204/410/673 
f 10929/18/643 10914/17/628 11198/407/671 11201/408/674 
f 10917/23/631 10918/22/632 11199/409/672 11198/23/671 
f 10921/27/635 10922/26/636 11200/410/673 11199/409/672 
f 10925/31/639 10926/30/688 11201/408/674 11200/410/673 
s 64
f 11186/407/667 11188/409/669 11189/410/670 11187/408/668 
f 11190/407/667 11191/409/669 11192/410/670 11193/408/668 
f 11194/407/667 11196/409/669 11197/410/670 11195/408/668 
f 11202/407/671 11203/409/672 11204/410/673 11205/408/674 
f 11198/407/671 11199/409/672 11200/410/673 11201/408/674 
s 1
f 11206/16/695 11207/17/696 11208/18/697 11209/19/698 
f 11210/20/699 11211/21/700 11212/22/701 11213/23/702 
f 11214/24/703 11215/25/704 11216/26/705 11217/27/706 
f 11218/28/707 11219/29/708 11220/30/709 11221/31/710 
s 2
f 11207/17/696 11206/16/695 11210/32/699 11213/33/702 
f 11212/22/701 11211/21/700 11214/24/703 11217/27/706 
f 11216/26/705 11215/25/704 11218/28/707 11221/31/710 
f 11220/30/709 11219/29/708 11209/19/698 11208/18/697 
s 8
f 11222/34/64 11223/32/65 11224/33/65 11225/35/64 
f 11223/36/65 11226/37/66 11227/38/66 11224/39/65 
f 11226/37/66 11228/40/67 11229/41/67 11227/38/66 
f 11228/40/67 11230/42/68 11231/43/68 11229/41/67 
f 11230/42/68 11232/44/69 11233/45/69 11231/43/68 
f 11232/44/69 11234/46/62 11235/47/62 11233/45/69 
f 11234/46/62 11236/48/63 11237/49/63 11235/47/62 
f 11236/48/63 11222/34/64 11225/35/64 11237/49/63 
f 11238/34/64 11239/32/65 11240/33/65 11241/35/64 
f 11239/36/65 11242/37/66 11243/38/66 11240/39/65 
f 11242/37/66 11244/40/67 11245/41/67 11243/38/66 
f 11244/40/67 11246/42/68 11247/43/68 11245/41/67 
f 11246/42/68 11248/44/69 11249/45/69 11247/43/68 
f 11248/44/69 11250/46/62 11251/47/62 11249/45/69 
f 11250/46/62 11252/48/63 11253/49/63 11251/47/62 
f 11252/48/63 11238/34/64 11241/35/64 11253/49/63 
f 11254/34/679 11255/32/662 11256/33/662 11257/35/679 
f 11255/36/662 11258/37/711 11259/38/676 11256/39/662 
f 11258/37/711 11260/40/677 11261/41/677 11259/38/676 
f 11260/40/677 11262/42/574 11263/43/574 11261/41/677 
f 11262/42/574 11264/44/69 11265/45/69 11263/43/574 
f 11264/44/69 11266/46/245 11267/47/712 11265/45/69 
f 11266/46/245 11268/48/63 11269/49/63 11267/47/712 
f 11268/48/63 11254/34/679 11257/35/679 11269/49/63 
f 11270/34/679 11271/32/662 11272/33/662 11273/35/679 
f 11271/36/662 11274/37/713 11275/38/713 11272/39/662 
f 11274/37/713 11276/40/677 11277/41/677 11275/38/713 
f 11276/40/677 11278/42/574 11279/43/574 11277/41/677 
f 11278/42/574 11280/44/69 11281/45/69 11279/43/574 
f 11280/44/69 11282/46/62 11283/47/62 11281/45/69 
f 11282/46/62 11284/48/63 11285/49/63 11283/47/62 
f 11284/48/63 11270/34/679 11273/35/679 11285/49/63 
f 11286/34/679 11287/32/662 11288/33/662 11289/35/679 
f 11287/36/662 11290/37/714 11291/38/713 11288/39/662 
f 11290/37/714 11292/40/677 11293/41/677 11291/38/713 
f 11292/40/677 11294/42/574 11295/43/574 11293/41/677 
f 11294/42/574 11296/44/69 11297/45/69 11295/43/574 
f 11296/44/69 11298/46/62 11299/47/609 11297/45/69 
f 11298/46/62 11300/48/63 11301/49/63 11299/47/609 
f 11300/48/63 11286/34/679 11289/35/679 11301/49/63 
f 11302/34/64 11303/32/65 11304/33/65 11305/35/64 
f 11303/36/65 11306/37/66 11307/38/66 11304/39/65 
f 11306/37/66 11308/40/67 11309/41/67 11307/38/66 
f 11308/40/67 11310/42/68 11311/43/68 11309/41/67 
f 11310/42/68 11312/44/69 11313/45/69 11311/43/68 
f 11312/44/69 11314/46/62 11315/47/62 11313/45/69 
f 11314/46/62 11316/48/63 11317/49/63 11315/47/62 
f 11316/48/63 11302/34/64 11305/35/64 11317/49/63 
s 2
f 11318/17/696 11319/75/344 11320/76/715 11321/33/702 
f 11322/22/716 11323/77/346 11324/78/347 11325/27/706 
f 11326/26/717 11327/79/718 11328/80/719 11329/31/710 
f 11330/30/709 11331/81/353 11332/82/354 11333/18/720 
s 1
f 11319/75/344 11318/17/696 11333/18/720 11332/82/354 
f 11323/77/346 11322/22/716 11321/23/702 11320/83/715 
f 11327/79/718 11326/26/717 11325/27/706 11324/78/347 
f 11331/81/353 11330/30/709 11329/31/710 11328/80/719 
s off
f 11319/75/344 11332/82/354 11334/85/356 11335/86/357 
f 11323/77/346 11320/83/715 11335/83/357 11336/87/358 
f 11327/79/718 11324/78/347 11336/87/358 11337/88/359 
f 11331/81/353 11328/80/719 11337/88/359 11334/85/356 
f 11320/76/715 11319/75/344 11335/86/357 
f 11324/78/347 11323/77/346 11336/87/358 
f 11328/80/719 11327/79/718 11337/88/359 
f 11332/82/354 11331/81/353 11334/85/356 
s 4
f 11334/85/356 11337/88/359 11336/87/358 11335/83/357 
s 1
f 11338/16/695 11339/17/696 11340/18/697 11341/19/698 
f 11342/20/699 11343/21/700 11344/22/701 11345/23/721 
f 11346/24/703 11347/25/704 11348/26/722 11349/27/706 
f 11350/28/707 11351/29/708 11352/30/709 11353/31/710 
s 2
f 11339/17/696 11338/16/695 11342/32/699 11345/33/721 
f 11344/22/701 11343/21/700 11346/24/703 11349/27/706 
f 11348/26/722 11347/25/704 11350/28/707 11353/31/710 
f 11352/30/709 11351/29/708 11341/19/698 11340/18/697 
f 11354/17/723 11355/101/372 11356/102/724 11357/33/725 
f 11358/22/726 11359/103/374 11360/104/375 11361/27/727 
f 11362/26/728 11363/105/376 11364/106/377 11365/31/729 
f 11366/30/730 11367/107/378 11368/108/731 11369/18/732 
f 11370/17/723 11371/117/390 11372/118/733 11373/33/725 
f 11374/22/734 11375/119/392 11376/120/393 11377/27/727 
f 11378/26/728 11379/121/394 11380/122/395 11381/31/735 
f 11382/30/730 11383/123/396 11384/124/736 11385/18/732 
s 1
f 11371/117/390 11370/17/723 11385/18/732 11384/124/736 
f 11375/119/392 11374/22/734 11373/23/725 11372/125/733 
f 11379/121/394 11378/26/728 11377/27/727 11376/120/393 
f 11383/123/396 11382/30/730 11381/31/735 11380/122/395 
f 11355/101/372 11354/17/723 11369/18/732 11368/108/731 
f 11359/103/374 11358/22/726 11357/23/725 11356/126/724 
f 11363/105/376 11362/26/728 11361/27/727 11360/104/375 
f 11367/107/378 11366/30/730 11365/31/729 11364/106/377 
s off
f 11371/117/390 11384/124/736 11386/129/398 11387/130/399 
f 11375/119/392 11372/125/733 11387/125/399 11388/131/400 
f 11379/121/394 11376/120/393 11388/131/400 11389/132/401 
f 11383/123/396 11380/122/395 11389/132/401 11386/129/398 
f 11372/118/733 11371/117/390 11387/130/399 
f 11376/120/393 11375/119/392 11388/131/400 
f 11380/122/395 11379/121/394 11389/132/401 
f 11384/124/736 11383/123/396 11386/129/398 
f 11356/102/724 11355/101/372 11390/133/402 
f 11360/104/375 11359/103/374 11391/134/403 
f 11364/106/377 11363/105/376 11392/135/404 
f 11368/108/731 11367/107/378 11393/136/405 
f 11355/101/372 11368/108/731 11393/136/405 11390/133/402 
f 11359/103/374 11356/126/724 11390/126/402 11391/134/403 
f 11363/105/376 11360/104/375 11391/134/403 11392/135/404 
f 11367/107/378 11364/106/377 11392/135/404 11393/136/405 
s 32
f 11386/129/398 11389/132/401 11388/131/400 11387/125/399 
f 11393/136/405 11392/135/404 11391/134/403 11390/126/402 
s 8
f 11394/34/64 11395/32/65 11396/33/65 11397/35/64 
f 11395/36/65 11398/37/66 11399/38/66 11396/39/65 
f 11398/37/66 11400/40/67 11401/41/67 11399/38/66 
f 11400/40/67 11402/42/68 11403/43/68 11401/41/67 
f 11402/42/68 11404/44/69 11405/45/69 11403/43/68 
f 11404/44/69 11406/46/62 11407/47/62 11405/45/69 
f 11406/46/62 11408/48/63 11409/49/63 11407/47/62 
f 11408/48/63 11394/34/64 11397/35/64 11409/49/63 
f 11410/34/64 11411/32/65 11412/33/65 11413/35/64 
f 11411/36/65 11414/37/66 11415/38/66 11412/39/65 
f 11414/37/66 11416/40/67 11417/41/67 11415/38/66 
f 11416/40/67 11418/42/333 11419/43/333 11417/41/67 
f 11418/42/333 11420/44/69 11421/45/69 11419/43/333 
f 11420/44/69 11422/46/62 11423/47/62 11421/45/69 
f 11422/46/62 11424/48/63 11425/49/63 11423/47/62 
f 11424/48/63 11410/34/64 11413/35/64 11425/49/63 
f 11426/34/64 11427/32/65 11428/33/65 11429/35/64 
f 11427/36/65 11430/37/66 11431/38/66 11428/39/65 
f 11430/37/66 11432/40/67 11433/41/67 11431/38/66 
f 11432/40/67 11434/42/68 11435/43/68 11433/41/67 
f 11434/42/68 11436/44/69 11437/45/69 11435/43/68 
f 11436/44/69 11438/46/62 11439/47/62 11437/45/69 
f 11438/46/62 11440/48/63 11441/49/63 11439/47/62 
f 11440/48/63 11426/34/64 11429/35/64 11441/49/63 
f 11442/34/64 11443/32/65 11444/33/65 11445/35/64 
f 11443/36/65 11446/37/66 11447/38/66 11444/39/65 
f 11446/37/66 11448/40/67 11449/41/67 11447/38/66 
f 11448/40/67 11450/42/333 11451/43/333 11449/41/67 
f 11450/42/333 11452/44/69 11453/45/69 11451/43/333 
f 11452/44/69 11454/46/62 11455/47/62 11453/45/69 
f 11454/46/62 11456/48/63 11457/49/63 11455/47/62 
f 11456/48/63 11442/34/64 11445/35/64 11457/49/63 
f 11458/34/64 11459/32/65 11460/33/65 11461/35/64 
f 11459/36/65 11462/37/66 11463/38/66 11460/39/65 
f 11462/37/66 11464/40/67 11465/41/67 11463/38/66 
f 11464/40/67 11466/42/68 11467/43/68 11465/41/67 
f 11466/42/68 11468/44/69 11469/45/69 11467/43/68 
f 11468/44/69 11470/46/62 11471/47/62 11469/45/69 
f 11470/46/62 11472/48/63 11473/49/63 11471/47/62 
f 11472/48/63 11458/34/64 11461/35/64 11473/49/63 
f 11474/34/64 11475/32/65 11476/33/65 11477/35/64 
f 11475/36/65 11478/37/713 11479/38/713 11476/39/65 
f 11478/37/713 11480/40/737 11481/41/677 11479/38/713 
f 11480/40/737 11482/42/559 11483/43/738 11481/41/677 
f 11482/42/559 11484/44/69 11485/45/739 11483/43/738 
f 11484/44/69 11486/46/62 11487/47/245 11485/45/739 
f 11486/46/62 11488/48/63 11489/49/63 11487/47/245 
f 11488/48/63 11474/34/64 11477/35/64 11489/49/63 
f 11490/34/679 11491/32/662 11492/33/662 11493/35/679 
f 11491/36/662 11494/37/714 11495/38/713 11492/39/662 
f 11494/37/714 11496/40/677 11497/41/677 11495/38/713 
f 11496/40/677 11498/42/574 11499/43/574 11497/41/677 
f 11498/42/574 11500/44/69 11501/45/69 11499/43/574 
f 11500/44/69 11502/46/62 11503/47/609 11501/45/69 
f 11502/46/62 11504/48/63 11505/49/63 11503/47/609 
f 11504/48/63 11490/34/679 11493/35/679 11505/49/63 
s off
f 11206/16/695 11209/19/698 11506/403/740 11507/404/741 
f 11211/21/700 11210/20/699 11507/20/741 11508/405/742 
f 11215/25/704 11214/24/703 11508/405/742 11509/406/743 
f 11219/29/708 11218/28/707 11509/406/743 11506/403/740 
f 11210/32/699 11206/16/695 11507/404/741 
f 11214/24/703 11211/21/700 11508/405/742 
f 11218/28/707 11215/25/704 11509/406/743 
f 11209/19/698 11219/29/708 11506/403/740 
f 11338/16/695 11341/19/698 11510/403/740 11511/404/741 
f 11343/21/700 11342/20/699 11511/20/741 11512/405/742 
f 11347/25/704 11346/24/703 11512/405/742 11513/406/743 
f 11351/29/708 11350/28/707 11513/406/743 11510/403/740 
f 11342/32/699 11338/16/695 11511/404/741 
f 11346/24/703 11343/21/700 11512/405/742 
f 11350/28/707 11347/25/704 11513/406/743 
f 11341/19/698 11351/29/708 11510/403/740 
s 16
f 11506/403/740 11509/406/743 11508/405/742 11507/20/741 
f 11510/403/740 11513/406/743 11512/405/742 11511/20/741 
s off
f 11208/18/697 11207/17/696 11514/407/744 11515/408/745 
f 11213/23/702 11212/22/701 11516/409/746 11514/23/744 
f 11217/27/706 11216/26/705 11517/410/747 11516/409/746 
f 11221/31/710 11220/30/709 11515/408/745 11517/410/747 
f 11207/17/696 11213/33/702 11514/407/744 
f 11212/22/701 11217/27/706 11516/409/746 
f 11216/26/705 11221/31/710 11517/410/747 
f 11220/30/709 11208/18/697 11515/408/745 
f 11318/17/696 11321/33/702 11518/407/744 
f 11322/22/716 11325/27/706 11519/409/746 
f 11326/26/717 11329/31/710 11520/410/747 
f 11330/30/709 11333/18/720 11521/408/745 
f 11333/18/720 11318/17/696 11518/407/744 11521/408/745 
f 11321/23/702 11322/22/716 11519/409/746 11518/23/744 
f 11325/27/706 11326/26/717 11520/410/747 11519/409/746 
f 11329/31/710 11330/30/709 11521/408/745 11520/410/747 
f 11340/18/697 11339/17/696 11522/407/744 11523/408/745 
f 11345/23/721 11344/22/701 11524/409/746 11522/23/744 
f 11349/27/706 11348/26/722 11525/410/747 11524/409/746 
f 11353/31/710 11352/30/709 11523/408/745 11525/410/747 
f 11339/17/696 11345/33/721 11522/407/744 
f 11344/22/701 11349/27/706 11524/409/746 
f 11348/26/722 11353/31/710 11525/410/747 
f 11352/30/709 11340/18/697 11523/408/745 
f 11354/17/723 11357/33/725 11526/407/748 
f 11358/22/726 11361/27/727 11527/409/749 
f 11362/26/728 11365/31/729 11528/410/750 
f 11366/30/730 11369/18/732 11529/408/751 
f 11370/17/723 11373/33/725 11530/407/748 
f 11374/22/734 11377/27/727 11531/409/752 
f 11378/26/728 11381/31/735 11532/410/753 
f 11382/30/730 11385/18/732 11533/408/751 
f 11385/18/732 11370/17/723 11530/407/748 11533/408/751 
f 11373/23/725 11374/22/734 11531/409/752 11530/23/748 
f 11377/27/727 11378/26/728 11532/410/753 11531/409/752 
f 11381/31/735 11382/30/730 11533/408/751 11532/410/753 
f 11369/18/732 11354/17/723 11526/407/748 11529/408/751 
f 11357/23/725 11358/22/726 11527/409/749 11526/23/748 
f 11361/27/727 11362/26/728 11528/410/750 11527/409/749 
f 11365/31/729 11366/30/730 11529/408/751 11528/410/750 
s 64
f 11514/407/744 11516/409/746 11517/410/747 11515/408/745 
f 11518/407/744 11519/409/746 11520/410/747 11521/408/745 
f 11522/407/744 11524/409/746 11525/410/747 11523/408/745 
f 11530/407/748 11531/409/752 11532/410/753 11533/408/751 
f 11526/407/748 11527/409/749 11528/410/750 11529/408/751 
s 1
f 11534/16/754 11535/17/755 11536/18/756 11537/19/757 
f 11538/20/758 11539/21/759 11540/22/760 11541/23/761 
f 11542/24/762 11543/25/763 11544/26/764 11545/27/765 
f 11546/28/766 11547/29/767 11548/30/768 11549/31/769 
s 2
f 11535/17/755 11534/16/754 11538/32/758 11541/33/761 
f 11540/22/760 11539/21/759 11542/24/762 11545/27/765 
f 11544/26/764 11543/25/763 11546/28/766 11549/31/769 
f 11548/30/768 11547/29/767 11537/19/757 11536/18/756 
s 8
f 11550/34/679 11551/32/662 11552/33/662 11553/35/679 
f 11551/36/662 11554/37/714 11555/38/713 11552/39/662 
f 11554/37/714 11556/40/677 11557/41/677 11555/38/713 
f 11556/40/677 11558/42/574 11559/43/574 11557/41/677 
f 11558/42/574 11560/44/69 11561/45/69 11559/43/574 
f 11560/44/69 11562/46/62 11563/47/609 11561/45/69 
f 11562/46/62 11564/48/63 11565/49/63 11563/47/609 
f 11564/48/63 11550/34/679 11553/35/679 11565/49/63 
f 11566/34/64 11567/32/65 11568/33/65 11569/35/64 
f 11567/36/65 11570/37/66 11571/38/66 11568/39/65 
f 11570/37/66 11572/40/67 11573/41/67 11571/38/66 
f 11572/40/67 11574/42/68 11575/43/68 11573/41/67 
f 11574/42/68 11576/44/69 11577/45/69 11575/43/68 
f 11576/44/69 11578/46/62 11579/47/62 11577/45/69 
f 11578/46/62 11580/48/63 11581/49/63 11579/47/62 
f 11580/48/63 11566/34/64 11569/35/64 11581/49/63 
f 11582/34/679 11583/32/662 11584/33/662 11585/35/679 
f 11583/36/662 11586/37/711 11587/38/676 11584/39/662 
f 11586/37/711 11588/40/677 11589/41/677 11587/38/676 
f 11588/40/677 11590/42/574 11591/43/574 11589/41/677 
f 11590/42/574 11592/44/69 11593/45/69 11591/43/574 
f 11592/44/69 11594/46/245 11595/47/712 11593/45/69 
f 11594/46/245 11596/48/63 11597/49/63 11595/47/712 
f 11596/48/63 11582/34/679 11585/35/679 11597/49/63 
s 1
f 11598/50/65 11599/33/65 11600/35/64 11601/51/64 
s 2
f 11602/52/66 11603/38/66 11599/39/65 11598/53/65 
s 1
f 11604/54/67 11605/41/67 11603/38/66 11602/52/66 
s 2
f 11606/55/68 11607/43/68 11605/41/67 11604/54/67 
s 1
f 11608/56/69 11609/45/69 11607/43/68 11606/55/68 
s 2
f 11610/57/62 11611/47/62 11609/45/69 11608/56/69 
s 1
f 11612/58/63 11613/49/63 11611/47/62 11610/57/62 
s 2
f 11601/51/64 11600/35/64 11613/49/63 11612/58/63 
s 1
f 11614/50/65 11615/33/65 11616/35/64 11617/51/64 
s 2
f 11618/52/154 11619/38/154 11615/39/65 11614/53/65 
s 1
f 11620/54/67 11621/41/67 11619/38/154 11618/52/154 
s 2
f 11622/55/68 11623/43/68 11621/41/67 11620/54/67 
s 1
f 11624/56/69 11625/45/69 11623/43/68 11622/55/68 
s 2
f 11626/57/245 11627/47/245 11625/45/69 11624/56/69 
s 1
f 11628/58/63 11629/49/63 11627/47/245 11626/57/245 
s 2
f 11617/51/64 11616/35/64 11629/49/63 11628/58/63 
s 1
f 11630/50/65 11631/33/65 11632/35/64 11633/51/64 
s 2
f 11634/52/66 11635/38/66 11631/39/65 11630/53/65 
s 1
f 11636/54/67 11637/41/67 11635/38/66 11634/52/66 
s 2
f 11638/55/68 11639/43/68 11637/41/67 11636/54/67 
s 1
f 11640/56/69 11641/45/69 11639/43/68 11638/55/68 
s 2
f 11642/57/62 11643/47/62 11641/45/69 11640/56/69 
s 1
f 11644/58/63 11645/49/63 11643/47/62 11642/57/62 
s 2
f 11633/51/64 11632/35/64 11645/49/63 11644/58/63 
s 1
f 11646/50/65 11647/33/65 11648/35/64 11649/51/64 
s 2
f 11650/52/154 11651/38/154 11647/39/65 11646/53/65 
s 1
f 11652/54/67 11653/41/67 11651/38/154 11650/52/154 
s 2
f 11654/55/68 11655/43/68 11653/41/67 11652/54/67 
s 1
f 11656/56/69 11657/45/69 11655/43/68 11654/55/68 
s 2
f 11658/57/245 11659/47/245 11657/45/69 11656/56/69 
s 1
f 11660/58/63 11661/49/63 11659/47/245 11658/57/245 
s 2
f 11649/51/64 11648/35/64 11661/49/63 11660/58/63 
s 1
f 11662/50/65 11663/33/65 11664/35/64 11665/51/64 
s 2
f 11666/52/66 11667/38/66 11663/39/65 11662/53/65 
s 1
f 11668/54/67 11669/41/67 11667/38/66 11666/52/66 
s 2
f 11670/55/68 11671/43/68 11669/41/67 11668/54/67 
s 1
f 11672/56/69 11673/45/69 11671/43/68 11670/55/68 
s 2
f 11674/57/62 11675/47/62 11673/45/69 11672/56/69 
s 1
f 11676/58/63 11677/49/63 11675/47/62 11674/57/62 
s 2
f 11665/51/64 11664/35/64 11677/49/63 11676/58/63 
s 1
f 11678/40/677 11679/44/69 11680/45/69 11681/41/677 
s 2
f 11679/44/69 11682/59/63 11683/60/63 11680/45/69 
s 1
f 11684/32/65 11685/33/65 11686/49/63 11687/48/63 
s 2
f 11684/36/65 11688/61/67 11689/62/67 11685/39/65 
f 11690/63/662 11678/40/677 11681/41/677 11691/64/662 
f 11692/65/69 11687/48/63 11686/49/63 11693/66/69 
s off
f 11692/65/69 11693/66/69 11689/62/67 11688/61/67 
f 11690/63/662 11691/64/662 11683/60/63 11682/59/63 
s 1
f 11694/16/754 11695/67/335 11696/68/336 11697/19/757 
f 11698/20/758 11699/21/759 11700/69/338 11701/70/339 
f 11702/24/762 11703/25/763 11704/71/340 11705/72/341 
f 11706/28/766 11707/29/767 11708/73/342 11709/74/343 
s 2
f 11710/17/755 11711/75/344 11712/76/715 11713/33/761 
f 11714/22/770 11715/77/346 11716/78/347 11717/27/765 
f 11718/26/764 11719/79/718 11720/80/719 11721/31/771 
f 11722/30/768 11723/81/353 11724/82/354 11725/18/756 
s 1
f 11711/75/344 11710/17/755 11725/18/756 11724/82/354 
f 11715/77/346 11714/22/770 11713/23/761 11712/83/715 
f 11719/79/718 11718/26/764 11717/27/765 11716/78/347 
f 11723/81/353 11722/30/768 11721/31/771 11720/80/719 
s 2
f 11695/67/335 11694/16/754 11698/32/758 11701/84/339 
f 11700/69/338 11699/21/759 11702/24/762 11705/72/341 
f 11704/71/340 11703/25/763 11706/28/766 11709/74/343 
f 11708/73/342 11707/29/767 11697/19/757 11696/68/336 
s off
f 11711/75/344 11724/82/354 11726/85/356 11727/86/357 
f 11715/77/346 11712/83/715 11727/83/357 11728/87/358 
f 11719/79/718 11716/78/347 11728/87/358 11729/88/359 
f 11723/81/353 11720/80/719 11729/88/359 11726/85/356 
f 11712/76/715 11711/75/344 11727/86/357 
f 11716/78/347 11715/77/346 11728/87/358 
f 11720/80/719 11719/79/718 11729/88/359 
f 11724/82/354 11723/81/353 11726/85/356 
f 11696/68/336 11695/67/335 11730/89/360 11731/90/361 
f 11701/70/339 11700/69/338 11732/91/362 11730/70/360 
f 11705/72/341 11704/71/340 11733/92/363 11732/91/362 
f 11709/74/343 11708/73/342 11731/90/361 11733/92/363 
f 11695/67/335 11701/84/339 11730/89/360 
f 11700/69/338 11705/72/341 11732/91/362 
f 11704/71/340 11709/74/343 11733/92/363 
f 11708/73/342 11696/68/336 11731/90/361 
s 4
f 11726/85/356 11729/88/359 11728/87/358 11727/83/357 
s 16
f 11730/89/360 11732/91/362 11733/92/363 11731/90/361 
s 1
f 11734/16/772 11735/93/364 11736/94/365 11737/19/773 
f 11738/20/774 11739/21/775 11740/95/366 11741/96/367 
f 11742/24/776 11743/25/777 11744/97/368 11745/98/369 
f 11746/28/778 11747/29/779 11748/99/370 11749/100/371 
s 2
f 11750/17/780 11751/101/372 11752/102/724 11753/33/781 
f 11754/22/782 11755/103/374 11756/104/375 11757/27/783 
f 11758/26/784 11759/105/376 11760/106/377 11761/31/785 
f 11762/30/786 11763/107/378 11764/108/731 11765/18/787 
s 1
f 11766/16/772 11767/109/380 11768/110/381 11769/19/773 
f 11770/20/788 11771/21/789 11772/111/383 11773/112/384 
f 11774/24/790 11775/25/791 11776/113/385 11777/114/386 
f 11778/28/792 11779/29/793 11780/115/388 11781/116/389 
s 2
f 11782/17/780 11783/117/390 11784/118/733 11785/33/781 
f 11786/22/782 11787/119/392 11788/120/393 11789/27/783 
f 11790/26/784 11791/121/394 11792/122/395 11793/31/785 
f 11794/30/786 11795/123/396 11796/124/736 11797/18/787 
s 1
f 11783/117/390 11782/17/780 11797/18/787 11796/124/736 
f 11787/119/392 11786/22/782 11785/23/781 11784/125/733 
f 11791/121/394 11790/26/784 11789/27/783 11788/120/393 
f 11795/123/396 11794/30/786 11793/31/785 11792/122/395 
f 11751/101/372 11750/17/780 11765/18/787 11764/108/731 
f 11755/103/374 11754/22/782 11753/23/781 11752/126/724 
f 11759/105/376 11758/26/784 11757/27/783 11756/104/375 
f 11763/107/378 11762/30/786 11761/31/785 11760/106/377 
s 2
f 11767/109/380 11766/16/772 11770/32/788 11773/127/384 
f 11772/111/383 11771/21/789 11774/24/790 11777/114/386 
f 11776/113/385 11775/25/791 11778/28/792 11781/116/389 
f 11780/115/388 11779/29/793 11769/19/773 11768/110/381 
f 11735/93/364 11734/16/772 11738/32/774 11741/128/367 
f 11740/95/366 11739/21/775 11742/24/776 11745/98/369 
f 11744/97/368 11743/25/777 11746/28/778 11749/100/371 
f 11748/99/370 11747/29/779 11737/19/773 11736/94/365 
s off
f 11783/117/390 11796/124/736 11798/129/398 11799/130/399 
f 11787/119/392 11784/125/733 11799/125/399 11800/131/400 
f 11791/121/394 11788/120/393 11800/131/400 11801/132/401 
f 11795/123/396 11792/122/395 11801/132/401 11798/129/398 
f 11784/118/733 11783/117/390 11799/130/399 
f 11788/120/393 11787/119/392 11800/131/400 
f 11792/122/395 11791/121/394 11801/132/401 
f 11796/124/736 11795/123/396 11798/129/398 
f 11752/102/724 11751/101/372 11802/133/402 
f 11756/104/375 11755/103/374 11803/134/403 
f 11760/106/377 11759/105/376 11804/135/404 
f 11764/108/731 11763/107/378 11805/136/405 
f 11751/101/372 11764/108/731 11805/136/405 11802/133/402 
f 11755/103/374 11752/126/724 11802/126/402 11803/134/403 
f 11759/105/376 11756/104/375 11803/134/403 11804/135/404 
f 11763/107/378 11760/106/377 11804/135/404 11805/136/405 
f 11768/110/381 11767/109/380 11806/137/406 11807/138/407 
f 11773/112/384 11772/111/383 11808/139/408 11806/112/406 
f 11777/114/386 11776/113/385 11809/140/409 11808/139/408 
f 11781/116/389 11780/115/388 11807/138/407 11809/140/409 
f 11767/109/380 11773/127/384 11806/137/406 
f 11772/111/383 11777/114/386 11808/139/408 
f 11776/113/385 11781/116/389 11809/140/409 
f 11780/115/388 11768/110/381 11807/138/407 
f 11736/94/365 11735/93/364 11810/141/410 11811/142/411 
f 11741/96/367 11740/95/366 11812/143/412 11810/96/410 
f 11745/98/369 11744/97/368 11813/144/413 11812/143/412 
f 11749/100/371 11748/99/370 11811/142/411 11813/144/413 
f 11735/93/364 11741/128/367 11810/141/410 
f 11740/95/366 11745/98/369 11812/143/412 
f 11744/97/368 11749/100/371 11813/144/413 
f 11748/99/370 11736/94/365 11811/142/411 
s 32
f 11798/129/398 11801/132/401 11800/131/400 11799/125/399 
f 11805/136/405 11804/135/404 11803/134/403 11802/126/402 
f 11806/137/406 11808/139/408 11809/140/409 11807/138/407 
f 11810/141/410 11812/143/412 11813/144/413 11811/142/411 
s off
f 11536/18/756 11535/17/755 11814/407/794 11815/408/795 
f 11541/23/761 11540/22/760 11816/409/796 11814/23/794 
f 11545/27/765 11544/26/764 11817/410/797 11816/409/796 
f 11549/31/769 11548/30/768 11815/408/795 11817/410/797 
f 11535/17/755 11541/33/761 11814/407/794 
f 11540/22/760 11545/27/765 11816/409/796 
f 11544/26/764 11549/31/769 11817/410/797 
f 11548/30/768 11536/18/756 11815/408/795 
f 11710/17/755 11713/33/761 11818/407/794 
f 11714/22/770 11717/27/765 11819/409/796 
f 11718/26/764 11721/31/771 11820/410/797 
f 11722/30/768 11725/18/756 11821/408/795 
f 11725/18/756 11710/17/755 11818/407/794 11821/408/795 
f 11713/23/761 11714/22/770 11819/409/796 11818/23/794 
f 11717/27/765 11718/26/764 11820/410/797 11819/409/796 
f 11721/31/771 11722/30/768 11821/408/795 11820/410/797 
f 11750/17/780 11753/33/781 11822/407/798 
f 11754/22/782 11757/27/783 11823/409/799 
f 11758/26/784 11761/31/785 11824/410/800 
f 11762/30/786 11765/18/787 11825/408/801 
f 11782/17/780 11785/33/781 11826/407/798 
f 11786/22/782 11789/27/783 11827/409/799 
f 11790/26/784 11793/31/785 11828/410/800 
f 11794/30/786 11797/18/787 11829/408/801 
f 11797/18/787 11782/17/780 11826/407/798 11829/408/801 
f 11785/23/781 11786/22/782 11827/409/799 11826/23/798 
f 11789/27/783 11790/26/784 11828/410/800 11827/409/799 
f 11793/31/785 11794/30/786 11829/408/801 11828/410/800 
f 11765/18/787 11750/17/780 11822/407/798 11825/408/801 
f 11753/23/781 11754/22/782 11823/409/799 11822/23/798 
f 11757/27/783 11758/26/784 11824/410/800 11823/409/799 
f 11761/31/785 11762/30/786 11825/408/801 11824/410/800 
s 64
f 11814/407/794 11816/409/796 11817/410/797 11815/408/795 
f 11818/407/794 11819/409/796 11820/410/797 11821/408/795 
f 11826/407/798 11827/409/799 11828/410/800 11829/408/801 
s off
f 11534/16/754 11537/19/757 11830/403/802 11831/404/803 
f 11539/21/759 11538/20/758 11831/20/803 11832/405/804 
f 11543/25/763 11542/24/762 11832/405/804 11833/406/805 
f 11547/29/767 11546/28/766 11833/406/805 11830/403/802 
f 11538/32/758 11534/16/754 11831/404/803 
f 11542/24/762 11539/21/759 11832/405/804 
f 11546/28/766 11543/25/763 11833/406/805 
f 11537/19/757 11547/29/767 11830/403/802 
f 11694/16/754 11697/19/757 11834/403/802 11835/404/803 
f 11699/21/759 11698/20/758 11835/20/803 11836/405/804 
f 11703/25/763 11702/24/762 11836/405/804 11837/406/805 
f 11707/29/767 11706/28/766 11837/406/805 11834/403/802 
f 11698/32/758 11694/16/754 11835/404/803 
f 11702/24/762 11699/21/759 11836/405/804 
f 11706/28/766 11703/25/763 11837/406/805 
f 11697/19/757 11707/29/767 11834/403/802 
f 11734/16/772 11737/19/773 11838/403/806 11839/404/807 
f 11739/21/775 11738/20/774 11839/20/807 11840/405/808 
f 11743/25/777 11742/24/776 11840/405/808 11841/406/809 
f 11747/29/779 11746/28/778 11841/406/809 11838/403/806 
f 11766/16/772 11769/19/773 11842/403/806 11843/404/807 
f 11771/21/789 11770/20/788 11843/20/807 11844/405/808 
f 11775/25/791 11774/24/790 11844/405/808 11845/406/809 
f 11779/29/793 11778/28/792 11845/406/809 11842/403/806 
f 11770/32/788 11766/16/772 11843/404/807 
f 11774/24/790 11771/21/789 11844/405/808 
f 11778/28/792 11775/25/791 11845/406/809 
f 11769/19/773 11779/29/793 11842/403/806 
f 11738/32/774 11734/16/772 11839/404/807 
f 11742/24/776 11739/21/775 11840/405/808 
f 11746/28/778 11743/25/777 11841/406/809 
f 11737/19/773 11747/29/779 11838/403/806 
s 128
f 11830/403/802 11833/406/805 11832/405/804 11831/20/803 
f 11834/403/802 11837/406/805 11836/405/804 11835/20/803 
f 11838/403/806 11841/406/809 11840/405/808 11839/20/807 
f 11842/403/806 11845/406/809 11844/405/808 11843/20/807 
s 256
f 11822/407/798 11823/409/799 11824/410/800 11825/408/801 
s 1
f 11846/16/593 11847/17/610 11848/18/623 11849/19/596 
f 11850/20/597 11851/21/598 11852/22/599 11853/23/686 
f 11854/24/601 11855/25/602 11856/26/603 11857/27/604 
f 11858/28/605 11859/29/606 11860/30/675 11861/31/608 
s 2
f 11847/17/610 11846/16/593 11850/32/597 11853/33/686 
f 11852/22/599 11851/21/598 11854/24/601 11857/27/604 
f 11856/26/603 11855/25/602 11858/28/605 11861/31/608 
f 11860/30/675 11859/29/606 11849/19/596 11848/18/623 
s 8
f 11862/34/676 11863/32/67 11864/33/67 11865/35/713 
f 11863/36/67 11866/37/70 11867/38/70 11864/39/67 
f 11866/37/70 11868/40/69 11869/41/69 11867/38/70 
f 11868/40/69 11870/42/245 11871/43/609 11869/41/69 
f 11870/42/245 11872/44/63 11873/45/63 11871/43/609 
f 11872/44/63 11874/46/4 11875/47/4 11873/45/63 
f 11874/46/4 11876/48/662 11877/49/662 11875/47/4 
f 11876/48/662 11862/34/676 11865/35/713 11877/49/662 
f 11878/34/676 11879/32/67 11880/33/67 11881/35/713 
f 11879/36/67 11882/37/68 11883/38/68 11880/39/67 
f 11882/37/68 11884/40/69 11885/41/69 11883/38/68 
f 11884/40/69 11886/42/609 11887/43/245 11885/41/69 
f 11886/42/609 11888/44/678 11889/45/63 11887/43/245 
f 11888/44/678 11890/46/679 11891/47/679 11889/45/63 
f 11890/46/679 11892/48/662 11893/49/662 11891/47/679 
f 11892/48/662 11878/34/676 11881/35/713 11893/49/662 
f 11894/34/676 11895/32/677 11896/33/677 11897/35/676 
f 11895/36/677 11898/37/70 11899/38/70 11896/39/677 
f 11898/37/70 11900/40/69 11901/41/69 11899/38/70 
f 11900/40/69 11902/42/245 11903/43/245 11901/41/69 
f 11902/42/245 11904/44/63 11905/45/63 11903/43/245 
f 11904/44/63 11906/46/4 11907/47/4 11905/45/63 
f 11906/46/4 11908/48/662 11909/49/662 11907/47/4 
f 11908/48/662 11894/34/676 11897/35/676 11909/49/662 
f 11910/34/676 11911/32/677 11912/33/677 11913/35/676 
f 11911/36/677 11914/37/574 11915/38/574 11912/39/677 
f 11914/37/574 11916/40/69 11917/41/69 11915/38/574 
f 11916/40/69 11918/42/609 11919/43/62 11917/41/69 
f 11918/42/609 11920/44/678 11921/45/63 11919/43/62 
f 11920/44/678 11922/46/679 11923/47/679 11921/45/63 
f 11922/46/679 11924/48/662 11925/49/662 11923/47/679 
f 11924/48/662 11910/34/676 11913/35/676 11925/49/662 
f 11926/34/154 11927/32/67 11928/33/67 11929/35/154 
f 11927/36/67 11930/37/68 11931/38/810 11928/39/67 
f 11930/37/68 11932/40/680 11933/41/680 11931/38/810 
f 11932/40/680 11934/42/681 11935/43/681 11933/41/680 
f 11934/42/681 11936/44/682 11937/45/682 11935/43/681 
f 11936/44/682 11938/46/64 11939/47/811 11937/45/682 
f 11938/46/64 11940/48/65 11941/49/65 11939/47/811 
f 11940/48/65 11926/34/154 11929/35/154 11941/49/65 
f 11942/34/154 11943/32/67 11944/33/67 11945/35/154 
f 11943/36/67 11946/37/70 11947/38/70 11944/39/67 
f 11946/37/70 11948/40/69 11949/41/69 11947/38/70 
f 11948/40/69 11950/42/245 11951/43/245 11949/41/69 
f 11950/42/245 11952/44/63 11953/45/63 11951/43/245 
f 11952/44/63 11954/46/4 11955/47/4 11953/45/63 
f 11954/46/4 11956/48/65 11957/49/65 11955/47/4 
f 11956/48/65 11942/34/154 11945/35/154 11957/49/65 
f 11958/34/154 11959/32/67 11960/33/67 11961/35/154 
f 11959/36/67 11962/37/70 11963/38/70 11960/39/67 
f 11962/37/70 11964/40/69 11965/41/69 11963/38/70 
f 11964/40/69 11966/42/245 11967/43/245 11965/41/69 
f 11966/42/245 11968/44/63 11969/45/63 11967/43/245 
f 11968/44/63 11970/46/4 11971/47/4 11969/45/63 
f 11970/46/4 11972/48/65 11973/49/65 11971/47/4 
f 11972/48/65 11958/34/154 11961/35/154 11973/49/65 
f 11974/34/676 11975/32/677 11976/33/677 11977/35/676 
f 11975/36/677 11978/37/70 11979/38/70 11976/39/677 
f 11978/37/70 11980/40/69 11981/41/69 11979/38/70 
f 11980/40/69 11982/42/245 11983/43/245 11981/41/69 
f 11982/42/245 11984/44/63 11985/45/63 11983/43/245 
f 11984/44/63 11986/46/4 11987/47/4 11985/45/63 
f 11986/46/4 11988/48/65 11989/49/65 11987/47/4 
f 11988/48/65 11974/34/676 11977/35/676 11989/49/65 
f 11990/34/154 11991/32/67 11992/33/67 11993/35/154 
f 11991/36/67 11994/37/68 11995/38/810 11992/39/67 
f 11994/37/68 11996/40/680 11997/41/680 11995/38/810 
f 11996/40/680 11998/42/681 11999/43/681 11997/41/680 
f 11998/42/681 12000/44/63 12001/45/63 11999/43/681 
f 12000/44/63 12002/46/64 12003/47/64 12001/45/63 
f 12002/46/64 12004/48/65 12005/49/65 12003/47/64 
f 12004/48/65 11990/34/154 11993/35/154 12005/49/65 
f 12006/34/154 12007/32/67 12008/33/67 12009/35/154 
f 12007/36/67 12010/37/70 12011/38/70 12008/39/67 
f 12010/37/70 12012/40/680 12013/41/680 12011/38/70 
f 12012/40/680 12014/42/245 12015/43/609 12013/41/680 
f 12014/42/245 12016/44/63 12017/45/63 12015/43/609 
f 12016/44/63 12018/46/4 12019/47/4 12017/45/63 
f 12018/46/4 12020/48/65 12021/49/65 12019/47/4 
f 12020/48/65 12006/34/154 12009/35/154 12021/49/65 
s 2
f 12022/17/610 12023/75/812 12024/76/683 12025/33/686 
f 12026/22/599 12027/77/614 12028/78/615 12029/27/604 
f 12030/26/603 12031/79/813 12032/80/619 12033/31/608 
f 12034/30/675 12035/81/621 12036/82/622 12037/18/623 
s 1
f 12023/75/812 12022/17/610 12037/18/623 12036/82/622 
f 12027/77/614 12026/22/599 12025/23/686 12024/83/683 
f 12031/79/813 12030/26/603 12029/27/604 12028/78/615 
f 12035/81/621 12034/30/675 12033/31/608 12032/80/619 
s off
f 12023/75/812 12036/82/622 12038/85/624 12039/86/625 
f 12027/77/614 12024/83/683 12039/83/625 12040/87/626 
f 12031/79/813 12028/78/615 12040/87/626 12041/88/627 
f 12035/81/621 12032/80/619 12041/88/627 12038/85/624 
f 12024/76/683 12023/75/812 12039/86/625 
f 12028/78/615 12027/77/614 12040/87/626 
f 12032/80/619 12031/79/813 12041/88/627 
f 12036/82/622 12035/81/621 12038/85/624 
s 4
f 12038/85/624 12041/88/627 12040/87/626 12039/83/625 
s 1
f 12042/16/593 12043/17/610 12044/18/623 12045/19/596 
f 12046/20/597 12047/21/598 12048/22/599 12049/23/686 
f 12050/24/601 12051/25/602 12052/26/603 12053/27/604 
f 12054/28/605 12055/29/606 12056/30/675 12057/31/608 
s 2
f 12043/17/610 12042/16/593 12046/32/597 12049/33/686 
f 12048/22/599 12047/21/598 12050/24/601 12053/27/604 
f 12052/26/603 12051/25/602 12054/28/605 12057/31/608 
f 12056/30/675 12055/29/606 12045/19/596 12044/18/623 
f 12058/17/814 12059/101/815 12060/102/630 12061/33/816 
f 12062/22/817 12063/103/633 12064/104/634 12065/27/648 
f 12066/26/649 12067/105/637 12068/106/638 12069/31/818 
f 12070/30/688 12071/107/641 12072/108/819 12073/18/820 
f 12074/17/814 12075/117/644 12076/118/645 12077/33/631 
f 12078/22/817 12079/119/821 12080/120/822 12081/27/648 
f 12082/26/649 12083/121/823 12084/122/824 12085/31/818 
f 12086/30/640 12087/123/652 12088/124/653 12089/18/820 
s 1
f 12075/117/644 12074/17/814 12089/18/820 12088/124/653 
f 12079/119/821 12078/22/817 12077/23/631 12076/125/645 
f 12083/121/823 12082/26/649 12081/27/648 12080/120/822 
f 12087/123/652 12086/30/640 12085/31/818 12084/122/824 
f 12059/101/815 12058/17/814 12073/18/820 12072/108/819 
f 12063/103/633 12062/22/817 12061/23/816 12060/126/630 
f 12067/105/637 12066/26/649 12065/27/648 12064/104/634 
f 12071/107/641 12070/30/688 12069/31/818 12068/106/638 
s off
f 12075/117/644 12088/124/653 12090/129/654 12091/130/655 
f 12079/119/821 12076/125/645 12091/125/655 12092/131/656 
f 12083/121/823 12080/120/822 12092/131/656 12093/132/657 
f 12087/123/652 12084/122/824 12093/132/657 12090/129/654 
f 12076/118/645 12075/117/644 12091/130/655 
f 12080/120/822 12079/119/821 12092/131/656 
f 12084/122/824 12083/121/823 12093/132/657 
f 12088/124/653 12087/123/652 12090/129/654 
f 12060/102/630 12059/101/815 12094/133/658 
f 12064/104/634 12063/103/633 12095/134/825 
f 12068/106/638 12067/105/637 12096/135/826 
f 12072/108/819 12071/107/641 12097/136/661 
f 12059/101/815 12072/108/819 12097/136/661 12094/133/658 
f 12063/103/633 12060/126/630 12094/126/658 12095/134/825 
f 12067/105/637 12064/104/634 12095/134/825 12096/135/826 
f 12071/107/641 12068/106/638 12096/135/826 12097/136/661 
s 32
f 12090/129/654 12093/132/657 12092/131/656 12091/125/655 
f 12097/136/661 12096/135/826 12095/134/825 12094/126/658 
s 8
f 12098/34/676 12099/32/67 12100/33/67 12101/35/676 
f 12099/36/67 12102/37/68 12103/38/68 12100/39/67 
f 12102/37/68 12104/40/69 12105/41/69 12103/38/68 
f 12104/40/69 12106/42/245 12107/43/609 12105/41/69 
f 12106/42/245 12108/44/63 12109/45/63 12107/43/609 
f 12108/44/63 12110/46/4 12111/47/4 12109/45/63 
f 12110/46/4 12112/48/662 12113/49/662 12111/47/4 
f 12112/48/662 12098/34/676 12101/35/676 12113/49/662 
f 12114/34/154 12115/32/67 12116/33/67 12117/35/154 
f 12115/36/67 12118/37/333 12119/38/333 12116/39/67 
f 12118/37/333 12120/40/69 12121/41/69 12119/38/333 
f 12120/40/69 12122/42/609 12123/43/245 12121/41/69 
f 12122/42/609 12124/44/678 12125/45/63 12123/43/245 
f 12124/44/678 12126/46/64 12127/47/64 12125/45/63 
f 12126/46/64 12128/48/65 12129/49/65 12127/47/64 
f 12128/48/65 12114/34/154 12117/35/154 12129/49/65 
f 12130/34/66 12131/32/67 12132/33/67 12133/35/154 
f 12131/36/67 12134/37/70 12135/38/70 12132/39/67 
f 12134/37/70 12136/40/69 12137/41/69 12135/38/70 
f 12136/40/69 12138/42/245 12139/43/245 12137/41/69 
f 12138/42/245 12140/44/63 12141/45/63 12139/43/245 
f 12140/44/63 12142/46/4 12143/47/4 12141/45/63 
f 12142/46/4 12144/48/65 12145/49/65 12143/47/4 
f 12144/48/65 12130/34/66 12133/35/154 12145/49/65 
f 12146/34/154 12147/32/67 12148/33/67 12149/35/154 
f 12147/36/67 12150/37/68 12151/38/68 12148/39/67 
f 12150/37/68 12152/40/680 12153/41/680 12151/38/68 
f 12152/40/680 12154/42/681 12155/43/827 12153/41/680 
f 12154/42/681 12156/44/63 12157/45/63 12155/43/827 
f 12156/44/63 12158/46/64 12159/47/64 12157/45/63 
f 12158/46/64 12160/48/65 12161/49/65 12159/47/64 
f 12160/48/65 12146/34/154 12149/35/154 12161/49/65 
f 12162/34/154 12163/32/67 12164/33/67 12165/35/154 
f 12163/36/67 12166/37/68 12167/38/68 12164/39/67 
f 12166/37/68 12168/40/69 12169/41/69 12167/38/68 
f 12168/40/69 12170/42/245 12171/43/245 12169/41/69 
f 12170/42/245 12172/44/63 12173/45/63 12171/43/245 
f 12172/44/63 12174/46/64 12175/47/64 12173/45/63 
f 12174/46/64 12176/48/65 12177/49/65 12175/47/64 
f 12176/48/65 12162/34/154 12165/35/154 12177/49/65 
f 12178/34/154 12179/32/67 12180/33/67 12181/35/154 
f 12179/36/67 12182/37/70 12183/38/70 12180/39/67 
f 12182/37/70 12184/40/69 12185/41/69 12183/38/70 
f 12184/40/69 12186/42/245 12187/43/245 12185/41/69 
f 12186/42/245 12188/44/63 12189/45/63 12187/43/245 
f 12188/44/63 12190/46/4 12191/47/4 12189/45/63 
f 12190/46/4 12192/48/65 12193/49/65 12191/47/4 
f 12192/48/65 12178/34/154 12181/35/154 12193/49/65 
f 12194/34/154 12195/32/67 12196/33/67 12197/35/154 
f 12195/36/67 12198/37/68 12199/38/68 12196/39/67 
f 12198/37/68 12200/40/69 12201/41/69 12199/38/68 
f 12200/40/69 12202/42/245 12203/43/245 12201/41/69 
f 12202/42/245 12204/44/63 12205/45/63 12203/43/245 
f 12204/44/63 12206/46/64 12207/47/64 12205/45/63 
f 12206/46/64 12208/48/65 12209/49/65 12207/47/64 
f 12208/48/65 12194/34/154 12197/35/154 12209/49/65 
f 12210/34/676 12211/32/677 12212/33/677 12213/35/676 
f 12211/36/677 12214/37/70 12215/38/70 12212/39/677 
f 12214/37/70 12216/40/693 12217/41/69 12215/38/70 
f 12216/40/693 12218/42/245 12219/43/245 12217/41/69 
f 12218/42/245 12220/44/678 12221/45/63 12219/43/245 
f 12220/44/678 12222/46/4 12223/47/4 12221/45/63 
f 12222/46/4 12224/48/662 12225/49/662 12223/47/4 
f 12224/48/662 12210/34/676 12213/35/676 12225/49/662 
f 12226/34/676 12227/32/677 12228/33/677 12229/35/676 
f 12227/36/677 12230/37/70 12231/38/70 12228/39/677 
f 12230/37/70 12232/40/69 12233/41/69 12231/38/70 
f 12232/40/69 12234/42/245 12235/43/245 12233/41/69 
f 12234/42/245 12236/44/63 12237/45/63 12235/43/245 
f 12236/44/63 12238/46/4 12239/47/4 12237/45/63 
f 12238/46/4 12240/48/662 12241/49/662 12239/47/4 
f 12240/48/662 12226/34/676 12229/35/676 12241/49/662 
f 12242/34/676 12243/32/677 12244/33/677 12245/35/676 
f 12243/36/677 12246/37/574 12247/38/574 12244/39/677 
f 12246/37/574 12248/40/69 12249/41/69 12247/38/574 
f 12248/40/69 12250/42/609 12251/43/62 12249/41/69 
f 12250/42/609 12252/44/678 12253/45/63 12251/43/62 
f 12252/44/678 12254/46/679 12255/47/679 12253/45/63 
f 12254/46/679 12256/48/662 12257/49/662 12255/47/679 
f 12256/48/662 12242/34/676 12245/35/676 12257/49/662 
s off
f 11846/16/593 11849/19/596 12258/403/663 12259/404/664 
f 11851/21/598 11850/20/597 12259/20/664 12260/405/665 
f 11855/25/602 11854/24/601 12260/405/665 12261/406/666 
f 11859/29/606 11858/28/605 12261/406/666 12258/403/663 
f 11850/32/597 11846/16/593 12259/404/664 
f 11854/24/601 11851/21/598 12260/405/665 
f 11858/28/605 11855/25/602 12261/406/666 
f 11849/19/596 11859/29/606 12258/403/663 
f 12042/16/593 12045/19/596 12262/403/663 12263/404/664 
f 12047/21/598 12046/20/597 12263/20/664 12264/405/665 
f 12051/25/602 12050/24/601 12264/405/665 12265/406/666 
f 12055/29/606 12054/28/605 12265/406/666 12262/403/663 
f 12046/32/597 12042/16/593 12263/404/664 
f 12050/24/601 12047/21/598 12264/405/665 
f 12054/28/605 12051/25/602 12265/406/666 
f 12045/19/596 12055/29/606 12262/403/663 
s 16
f 12258/403/663 12261/406/666 12260/405/665 12259/20/664 
f 12262/403/663 12265/406/666 12264/405/665 12263/20/664 
s off
f 11848/18/623 11847/17/610 12266/407/667 12267/408/668 
f 11853/23/686 11852/22/599 12268/409/669 12266/23/667 
f 11857/27/604 11856/26/603 12269/410/670 12268/409/669 
f 11861/31/608 11860/30/675 12267/408/668 12269/410/670 
f 11847/17/610 11853/33/686 12266/407/667 
f 11852/22/599 11857/27/604 12268/409/669 
f 11856/26/603 11861/31/608 12269/410/670 
f 11860/30/675 11848/18/623 12267/408/668 
f 12022/17/610 12025/33/686 12270/407/667 
f 12026/22/599 12029/27/604 12271/409/669 
f 12030/26/603 12033/31/608 12272/410/670 
f 12034/30/675 12037/18/623 12273/408/668 
f 12037/18/623 12022/17/610 12270/407/667 12273/408/668 
f 12025/23/686 12026/22/599 12271/409/669 12270/23/667 
f 12029/27/604 12030/26/603 12272/410/670 12271/409/669 
f 12033/31/608 12034/30/675 12273/408/668 12272/410/670 
f 12044/18/623 12043/17/610 12274/407/667 12275/408/668 
f 12049/23/686 12048/22/599 12276/409/669 12274/23/667 
f 12053/27/604 12052/26/603 12277/410/670 12276/409/669 
f 12057/31/608 12056/30/675 12275/408/668 12277/410/670 
f 12043/17/610 12049/33/686 12274/407/667 
f 12048/22/599 12053/27/604 12276/409/669 
f 12052/26/603 12057/31/608 12277/410/670 
f 12056/30/675 12044/18/623 12275/408/668 
f 12058/17/814 12061/33/816 12278/407/671 
f 12062/22/817 12065/27/648 12279/409/672 
f 12066/26/649 12069/31/818 12280/410/673 
f 12070/30/688 12073/18/820 12281/408/674 
f 12074/17/814 12077/33/631 12282/407/671 
f 12078/22/817 12081/27/648 12283/409/672 
f 12082/26/649 12085/31/818 12284/410/673 
f 12086/30/640 12089/18/820 12285/408/674 
f 12089/18/820 12074/17/814 12282/407/671 12285/408/674 
f 12077/23/631 12078/22/817 12283/409/672 12282/23/671 
f 12081/27/648 12082/26/649 12284/410/673 12283/409/672 
f 12085/31/818 12086/30/640 12285/408/674 12284/410/673 
f 12073/18/820 12058/17/814 12278/407/671 12281/408/674 
f 12061/23/816 12062/22/817 12279/409/672 12278/23/671 
f 12065/27/648 12066/26/649 12280/410/673 12279/409/672 
f 12069/31/818 12070/30/688 12281/408/674 12280/410/673 
s 64
f 12266/407/667 12268/409/669 12269/410/670 12267/408/668 
f 12270/407/667 12271/409/669 12272/410/670 12273/408/668 
f 12274/407/667 12276/409/669 12277/410/670 12275/408/668 
f 12282/407/671 12283/409/672 12284/410/673 12285/408/674 
f 12278/407/671 12279/409/672 12280/410/673 12281/408/674 
s 1
f 12286/16/593 12287/17/610 12288/18/623 12289/19/828 
f 12290/20/597 12291/21/598 12292/22/599 12293/23/686 
f 12294/24/601 12295/25/829 12296/26/603 12297/27/604 
f 12298/28/605 12299/29/606 12300/30/675 12301/31/608 
s 2
f 12287/17/610 12286/16/593 12290/32/597 12293/33/686 
f 12292/22/599 12291/21/598 12294/24/601 12297/27/604 
f 12296/26/603 12295/25/829 12298/28/605 12301/31/608 
f 12300/30/675 12299/29/606 12289/19/828 12288/18/623 
s 8
f 12302/34/154 12303/32/67 12304/33/67 12305/35/66 
f 12303/36/67 12306/37/70 12307/38/70 12304/39/67 
f 12306/37/70 12308/40/69 12309/41/69 12307/38/70 
f 12308/40/69 12310/42/245 12311/43/62 12309/41/69 
f 12310/42/245 12312/44/63 12313/45/63 12311/43/62 
f 12312/44/63 12314/46/4 12315/47/4 12313/45/63 
f 12314/46/4 12316/48/65 12317/49/65 12315/47/4 
f 12316/48/65 12302/34/154 12305/35/66 12317/49/65 
f 12318/34/154 12319/32/67 12320/33/67 12321/35/66 
f 12319/36/67 12322/37/70 12323/38/70 12320/39/67 
f 12322/37/70 12324/40/69 12325/41/69 12323/38/70 
f 12324/40/69 12326/42/609 12327/43/245 12325/41/69 
f 12326/42/609 12328/44/63 12329/45/63 12327/43/245 
f 12328/44/63 12330/46/64 12331/47/64 12329/45/63 
f 12330/46/64 12332/48/65 12333/49/65 12331/47/64 
f 12332/48/65 12318/34/154 12321/35/66 12333/49/65 
f 12334/34/154 12335/32/67 12336/33/67 12337/35/154 
f 12335/36/67 12338/37/70 12339/38/70 12336/39/67 
f 12338/37/70 12340/40/69 12341/41/69 12339/38/70 
f 12340/40/69 12342/42/245 12343/43/245 12341/41/69 
f 12342/42/245 12344/44/63 12345/45/63 12343/43/245 
f 12344/44/63 12346/46/4 12347/47/4 12345/45/63 
f 12346/46/4 12348/48/65 12349/49/65 12347/47/4 
f 12348/48/65 12334/34/154 12337/35/154 12349/49/65 
f 12350/34/154 12351/32/67 12352/33/67 12353/35/154 
f 12351/36/67 12354/37/68 12355/38/68 12352/39/67 
f 12354/37/68 12356/40/69 12357/41/69 12355/38/68 
f 12356/40/69 12358/42/609 12359/43/609 12357/41/69 
f 12358/42/609 12360/44/63 12361/45/63 12359/43/609 
f 12360/44/63 12362/46/64 12363/47/64 12361/45/63 
f 12362/46/64 12364/48/65 12365/49/65 12363/47/64 
f 12364/48/65 12350/34/154 12353/35/154 12365/49/65 
f 12366/34/154 12367/32/67 12368/33/67 12369/35/154 
f 12367/36/67 12370/37/68 12371/38/810 12368/39/67 
f 12370/37/68 12372/40/680 12373/41/680 12371/38/810 
f 12372/40/680 12374/42/681 12375/43/681 12373/41/680 
f 12374/42/681 12376/44/682 12377/45/682 12375/43/681 
f 12376/44/682 12378/46/64 12379/47/64 12377/45/682 
f 12378/46/64 12380/48/65 12381/49/65 12379/47/64 
f 12380/48/65 12366/34/154 12369/35/154 12381/49/65 
f 12382/34/154 12383/32/830 12384/33/67 12385/35/154 
f 12383/36/830 12386/37/70 12387/38/70 12384/39/67 
f 12386/37/70 12388/40/680 12389/41/831 12387/38/70 
f 12388/40/680 12390/42/681 12391/43/681 12389/41/831 
f 12390/42/681 12392/44/682 12393/45/832 12391/43/681 
f 12392/44/682 12394/46/4 12395/47/4 12393/45/832 
f 12394/46/4 12396/48/833 12397/49/65 12395/47/4 
f 12396/48/833 12382/34/154 12385/35/154 12397/49/65 
f 12398/34/154 12399/32/67 12400/33/67 12401/35/154 
f 12399/36/67 12402/37/333 12403/38/305 12400/39/67 
f 12402/37/333 12404/40/680 12405/41/680 12403/38/305 
f 12404/40/680 12406/42/681 12407/43/681 12405/41/680 
f 12406/42/681 12408/44/682 12409/45/682 12407/43/681 
f 12408/44/682 12410/46/4 12411/47/4 12409/45/682 
f 12410/46/4 12412/48/65 12413/49/65 12411/47/4 
f 12412/48/65 12398/34/154 12401/35/154 12413/49/65 
f 12414/34/154 12415/32/67 12416/33/67 12417/35/154 
f 12415/36/67 12418/37/70 12419/38/70 12416/39/67 
f 12418/37/70 12420/40/680 12421/41/680 12419/38/70 
f 12420/40/680 12422/42/681 12423/43/681 12421/41/680 
f 12422/42/681 12424/44/682 12425/45/682 12423/43/681 
f 12424/44/682 12426/46/4 12427/47/4 12425/45/682 
f 12426/46/4 12428/48/65 12429/49/65 12427/47/4 
f 12428/48/65 12414/34/154 12417/35/154 12429/49/65 
f 12430/34/154 12431/32/67 12432/33/67 12433/35/154 
f 12431/36/67 12434/37/68 12435/38/68 12432/39/67 
f 12434/37/68 12436/40/69 12437/41/69 12435/38/68 
f 12436/40/69 12438/42/245 12439/43/245 12437/41/69 
f 12438/42/245 12440/44/63 12441/45/63 12439/43/245 
f 12440/44/63 12442/46/64 12443/47/64 12441/45/63 
f 12442/46/64 12444/48/65 12445/49/65 12443/47/64 
f 12444/48/65 12430/34/154 12433/35/154 12445/49/65 
f 12446/34/676 12447/32/677 12448/33/677 12449/35/676 
f 12447/36/677 12450/37/70 12451/38/70 12448/39/677 
f 12450/37/70 12452/40/693 12453/41/69 12451/38/70 
f 12452/40/693 12454/42/245 12455/43/245 12453/41/69 
f 12454/42/245 12456/44/678 12457/45/63 12455/43/245 
f 12456/44/678 12458/46/4 12459/47/4 12457/45/63 
f 12458/46/4 12460/48/662 12461/49/662 12459/47/4 
f 12460/48/662 12446/34/676 12449/35/676 12461/49/662 
s 2
f 12462/17/610 12463/75/611 12464/76/612 12465/33/686 
f 12466/22/599 12467/77/834 12468/78/835 12469/27/604 
f 12470/26/603 12471/79/813 12472/80/619 12473/31/608 
f 12474/30/675 12475/81/621 12476/82/622 12477/18/623 
s 1
f 12463/75/611 12462/17/610 12477/18/623 12476/82/622 
f 12467/77/834 12466/22/599 12465/23/686 12464/83/612 
f 12471/79/813 12470/26/603 12469/27/604 12468/78/835 
f 12475/81/621 12474/30/675 12473/31/608 12472/80/619 
s off
f 12463/75/611 12476/82/622 12478/85/624 12479/86/625 
f 12467/77/834 12464/83/612 12479/83/625 12480/87/626 
f 12471/79/813 12468/78/835 12480/87/626 12481/88/627 
f 12475/81/621 12472/80/619 12481/88/627 12478/85/624 
f 12464/76/612 12463/75/611 12479/86/625 
f 12468/78/835 12467/77/834 12480/87/626 
f 12472/80/619 12471/79/813 12481/88/627 
f 12476/82/622 12475/81/621 12478/85/624 
s 4
f 12478/85/624 12481/88/627 12480/87/626 12479/83/625 
s 1
f 12482/16/593 12483/17/610 12484/18/623 12485/19/828 
f 12486/20/597 12487/21/598 12488/22/599 12489/23/686 
f 12490/24/601 12491/25/602 12492/26/603 12493/27/604 
f 12494/28/605 12495/29/606 12496/30/675 12497/31/608 
s 2
f 12483/17/610 12482/16/593 12486/32/597 12489/33/686 
f 12488/22/599 12487/21/598 12490/24/601 12493/27/604 
f 12492/26/603 12491/25/602 12494/28/605 12497/31/608 
f 12496/30/675 12495/29/606 12485/19/828 12484/18/623 
f 12498/17/814 12499/101/629 12500/102/630 12501/33/816 
f 12502/22/817 12503/103/633 12504/104/634 12505/27/836 
f 12506/26/649 12507/105/637 12508/106/638 12509/31/818 
f 12510/30/688 12511/107/641 12512/108/819 12513/18/820 
f 12514/17/837 12515/117/644 12516/118/690 12517/33/631 
f 12518/22/817 12519/119/646 12520/120/822 12521/27/836 
f 12522/26/649 12523/121/823 12524/122/838 12525/31/818 
f 12526/30/640 12527/123/839 12528/124/653 12529/18/820 
s 1
f 12515/117/644 12514/17/837 12529/18/820 12528/124/653 
f 12519/119/646 12518/22/817 12517/23/631 12516/125/690 
f 12523/121/823 12522/26/649 12521/27/836 12520/120/822 
f 12527/123/839 12526/30/640 12525/31/818 12524/122/838 
f 12499/101/629 12498/17/814 12513/18/820 12512/108/819 
f 12503/103/633 12502/22/817 12501/23/816 12500/126/630 
f 12507/105/637 12506/26/649 12505/27/836 12504/104/634 
f 12511/107/641 12510/30/688 12509/31/818 12508/106/638 
s off
f 12515/117/644 12528/124/653 12530/129/654 12531/130/655 
f 12519/119/646 12516/125/690 12531/125/655 12532/131/656 
f 12523/121/823 12520/120/822 12532/131/656 12533/132/657 
f 12527/123/839 12524/122/838 12533/132/657 12530/129/654 
f 12516/118/690 12515/117/644 12531/130/655 
f 12520/120/822 12519/119/646 12532/131/656 
f 12524/122/838 12523/121/823 12533/132/657 
f 12528/124/653 12527/123/839 12530/129/654 
f 12500/102/630 12499/101/629 12534/133/840 
f 12504/104/634 12503/103/633 12535/134/825 
f 12508/106/638 12507/105/637 12536/135/660 
f 12512/108/819 12511/107/641 12537/136/661 
f 12499/101/629 12512/108/819 12537/136/661 12534/133/840 
f 12503/103/633 12500/126/630 12534/126/840 12535/134/825 
f 12507/105/637 12504/104/634 12535/134/825 12536/135/660 
f 12511/107/641 12508/106/638 12536/135/660 12537/136/661 
s 32
f 12530/129/654 12533/132/657 12532/131/656 12531/125/655 
f 12537/136/661 12536/135/660 12535/134/825 12534/126/840 
s 8
f 12538/34/154 12539/32/67 12540/33/67 12541/35/246 
f 12539/36/67 12542/37/70 12543/38/70 12540/39/67 
f 12542/37/70 12544/40/69 12545/41/69 12543/38/70 
f 12544/40/69 12546/42/245 12547/43/245 12545/41/69 
f 12546/42/245 12548/44/63 12549/45/63 12547/43/245 
f 12548/44/63 12550/46/4 12551/47/4 12549/45/63 
f 12550/46/4 12552/48/65 12553/49/65 12551/47/4 
f 12552/48/65 12538/34/154 12541/35/246 12553/49/65 
f 12554/34/154 12555/32/67 12556/33/67 12557/35/154 
f 12555/36/67 12558/37/68 12559/38/68 12556/39/67 
f 12558/37/68 12560/40/69 12561/41/69 12559/38/68 
f 12560/40/69 12562/42/609 12563/43/609 12561/41/69 
f 12562/42/609 12564/44/63 12565/45/63 12563/43/609 
f 12564/44/63 12566/46/334 12567/47/334 12565/45/63 
f 12566/46/334 12568/48/65 12569/49/65 12567/47/334 
f 12568/48/65 12554/34/154 12557/35/154 12569/49/65 
f 12570/34/676 12571/32/67 12572/33/67 12573/35/676 
f 12571/36/67 12574/37/70 12575/38/70 12572/39/67 
f 12574/37/70 12576/40/69 12577/41/69 12575/38/70 
f 12576/40/69 12578/42/245 12579/43/245 12577/41/69 
f 12578/42/245 12580/44/63 12581/45/63 12579/43/245 
f 12580/44/63 12582/46/4 12583/47/4 12581/45/63 
f 12582/46/4 12584/48/65 12585/49/65 12583/47/4 
f 12584/48/65 12570/34/676 12573/35/676 12585/49/65 
f 12586/34/154 12587/32/67 12588/33/67 12589/35/154 
f 12587/36/67 12590/37/68 12591/38/68 12588/39/67 
f 12590/37/68 12592/40/69 12593/41/69 12591/38/68 
f 12592/40/69 12594/42/609 12595/43/609 12593/41/69 
f 12594/42/609 12596/44/63 12597/45/63 12595/43/609 
f 12596/44/63 12598/46/64 12599/47/64 12597/45/63 
f 12598/46/64 12600/48/65 12601/49/65 12599/47/64 
f 12600/48/65 12586/34/154 12589/35/154 12601/49/65 
f 12602/34/154 12603/32/67 12604/33/67 12605/35/154 
f 12603/36/67 12606/37/68 12607/38/68 12604/39/67 
f 12606/37/68 12608/40/69 12609/41/69 12607/38/68 
f 12608/40/69 12610/42/245 12611/43/245 12609/41/69 
f 12610/42/245 12612/44/63 12613/45/63 12611/43/245 
f 12612/44/63 12614/46/567 12615/47/679 12613/45/63 
f 12614/46/567 12616/48/65 12617/49/65 12615/47/679 
f 12616/48/65 12602/34/154 12605/35/154 12617/49/65 
f 12618/34/154 12619/32/830 12620/33/67 12621/35/154 
f 12619/36/830 12622/37/70 12623/38/70 12620/39/67 
f 12622/37/70 12624/40/680 12625/41/831 12623/38/70 
f 12624/40/680 12626/42/681 12627/43/681 12625/41/831 
f 12626/42/681 12628/44/682 12629/45/832 12627/43/681 
f 12628/44/682 12630/46/4 12631/47/4 12629/45/832 
f 12630/46/4 12632/48/833 12633/49/65 12631/47/4 
f 12632/48/833 12618/34/154 12621/35/154 12633/49/65 
f 12634/34/154 12635/32/67 12636/33/67 12637/35/154 
f 12635/36/67 12638/37/68 12639/38/810 12636/39/67 
f 12638/37/68 12640/40/680 12641/41/680 12639/38/810 
f 12640/40/680 12642/42/681 12643/43/681 12641/41/680 
f 12642/42/681 12644/44/682 12645/45/682 12643/43/681 
f 12644/44/682 12646/46/64 12647/47/567 12645/45/682 
f 12646/46/64 12648/48/65 12649/49/65 12647/47/567 
f 12648/48/65 12634/34/154 12637/35/154 12649/49/65 
f 12650/34/154 12651/32/67 12652/33/67 12653/35/154 
f 12651/36/67 12654/37/70 12655/38/70 12652/39/67 
f 12654/37/70 12656/40/69 12657/41/69 12655/38/70 
f 12656/40/69 12658/42/245 12659/43/245 12657/41/69 
f 12658/42/245 12660/44/63 12661/45/63 12659/43/245 
f 12660/44/63 12662/46/4 12663/47/4 12661/45/63 
f 12662/46/4 12664/48/65 12665/49/65 12663/47/4 
f 12664/48/65 12650/34/154 12653/35/154 12665/49/65 
f 12666/34/154 12667/32/67 12668/33/67 12669/35/154 
f 12667/36/67 12670/37/70 12671/38/70 12668/39/67 
f 12670/37/70 12672/40/69 12673/41/69 12671/38/70 
f 12672/40/69 12674/42/245 12675/43/245 12673/41/69 
f 12674/42/245 12676/44/63 12677/45/63 12675/43/245 
f 12676/44/63 12678/46/4 12679/47/4 12677/45/63 
f 12678/46/4 12680/48/65 12681/49/65 12679/47/4 
f 12680/48/65 12666/34/154 12669/35/154 12681/49/65 
f 12682/34/154 12683/32/67 12684/33/67 12685/35/154 
f 12683/36/67 12686/37/68 12687/38/68 12684/39/67 
f 12686/37/68 12688/40/69 12689/41/69 12687/38/68 
f 12688/40/69 12690/42/609 12691/43/609 12689/41/69 
f 12690/42/609 12692/44/63 12693/45/63 12691/43/609 
f 12692/44/63 12694/46/64 12695/47/64 12693/45/63 
f 12694/46/64 12696/48/65 12697/49/65 12695/47/64 
f 12696/48/65 12682/34/154 12685/35/154 12697/49/65 
s off
f 12286/16/593 12289/19/828 12698/403/663 12699/404/664 
f 12291/21/598 12290/20/597 12699/20/664 12700/405/665 
f 12295/25/829 12294/24/601 12700/405/665 12701/406/666 
f 12299/29/606 12298/28/605 12701/406/666 12698/403/663 
f 12290/32/597 12286/16/593 12699/404/664 
f 12294/24/601 12291/21/598 12700/405/665 
f 12298/28/605 12295/25/829 12701/406/666 
f 12289/19/828 12299/29/606 12698/403/663 
f 12482/16/593 12485/19/828 12702/403/663 12703/404/664 
f 12487/21/598 12486/20/597 12703/20/664 12704/405/665 
f 12491/25/602 12490/24/601 12704/405/665 12705/406/666 
f 12495/29/606 12494/28/605 12705/406/666 12702/403/663 
f 12486/32/597 12482/16/593 12703/404/664 
f 12490/24/601 12487/21/598 12704/405/665 
f 12494/28/605 12491/25/602 12705/406/666 
f 12485/19/828 12495/29/606 12702/403/663 
s 16
f 12698/403/663 12701/406/666 12700/405/665 12699/20/664 
f 12702/403/663 12705/406/666 12704/405/665 12703/20/664 
s off
f 12288/18/623 12287/17/610 12706/407/667 12707/408/668 
f 12293/23/686 12292/22/599 12708/409/669 12706/23/667 
f 12297/27/604 12296/26/603 12709/410/670 12708/409/669 
f 12301/31/608 12300/30/675 12707/408/668 12709/410/670 
f 12287/17/610 12293/33/686 12706/407/667 
f 12292/22/599 12297/27/604 12708/409/669 
f 12296/26/603 12301/31/608 12709/410/670 
f 12300/30/675 12288/18/623 12707/408/668 
f 12462/17/610 12465/33/686 12710/407/667 
f 12466/22/599 12469/27/604 12711/409/669 
f 12470/26/603 12473/31/608 12712/410/670 
f 12474/30/675 12477/18/623 12713/408/668 
f 12477/18/623 12462/17/610 12710/407/667 12713/408/668 
f 12465/23/686 12466/22/599 12711/409/669 12710/23/667 
f 12469/27/604 12470/26/603 12712/410/670 12711/409/669 
f 12473/31/608 12474/30/675 12713/408/668 12712/410/670 
f 12484/18/623 12483/17/610 12714/407/667 12715/408/668 
f 12489/23/686 12488/22/599 12716/409/669 12714/23/667 
f 12493/27/604 12492/26/603 12717/410/670 12716/409/669 
f 12497/31/608 12496/30/675 12715/408/668 12717/410/670 
f 12483/17/610 12489/33/686 12714/407/667 
f 12488/22/599 12493/27/604 12716/409/669 
f 12492/26/603 12497/31/608 12717/410/670 
f 12496/30/675 12484/18/623 12715/408/668 
f 12498/17/814 12501/33/816 12718/407/671 
f 12502/22/817 12505/27/836 12719/409/672 
f 12506/26/649 12509/31/818 12720/410/673 
f 12510/30/688 12513/18/820 12721/408/674 
f 12514/17/837 12517/33/631 12722/407/671 
f 12518/22/817 12521/27/836 12723/409/672 
f 12522/26/649 12525/31/818 12724/410/673 
f 12526/30/640 12529/18/820 12725/408/674 
f 12529/18/820 12514/17/837 12722/407/671 12725/408/674 
f 12517/23/631 12518/22/817 12723/409/672 12722/23/671 
f 12521/27/836 12522/26/649 12724/410/673 12723/409/672 
f 12525/31/818 12526/30/640 12725/408/674 12724/410/673 
f 12513/18/820 12498/17/814 12718/407/671 12721/408/674 
f 12501/23/816 12502/22/817 12719/409/672 12718/23/671 
f 12505/27/836 12506/26/649 12720/410/673 12719/409/672 
f 12509/31/818 12510/30/688 12721/408/674 12720/410/673 
s 64
f 12706/407/667 12708/409/669 12709/410/670 12707/408/668 
f 12710/407/667 12711/409/669 12712/410/670 12713/408/668 
f 12714/407/667 12716/409/669 12717/410/670 12715/408/668 
f 12722/407/671 12723/409/672 12724/410/673 12725/408/674 
f 12718/407/671 12719/409/672 12720/410/673 12721/408/674 
s 1
f 12726/16/695 12727/17/696 12728/18/697 12729/19/698 
f 12730/20/699 12731/21/841 12732/22/701 12733/23/721 
f 12734/24/703 12735/25/704 12736/26/722 12737/27/706 
f 12738/28/707 12739/29/708 12740/30/709 12741/31/710 
s 2
f 12727/17/696 12726/16/695 12730/32/699 12733/33/721 
f 12732/22/701 12731/21/841 12734/24/703 12737/27/706 
f 12736/26/722 12735/25/704 12738/28/707 12741/31/710 
f 12740/30/709 12739/29/708 12729/19/698 12728/18/697 
s 8
f 12742/34/679 12743/32/662 12744/33/662 12745/35/679 
f 12743/36/662 12746/37/66 12747/38/66 12744/39/662 
f 12746/37/66 12748/40/67 12749/41/67 12747/38/66 
f 12748/40/67 12750/42/68 12751/43/68 12749/41/67 
f 12750/42/68 12752/44/69 12753/45/69 12751/43/68 
f 12752/44/69 12754/46/62 12755/47/62 12753/45/69 
f 12754/46/62 12756/48/63 12757/49/63 12755/47/62 
f 12756/48/63 12742/34/679 12745/35/679 12757/49/63 
f 12758/34/64 12759/32/65 12760/33/65 12761/35/64 
f 12759/36/65 12762/37/66 12763/38/66 12760/39/65 
f 12762/37/66 12764/40/67 12765/41/67 12763/38/66 
f 12764/40/67 12766/42/68 12767/43/68 12765/41/67 
f 12766/42/68 12768/44/69 12769/45/69 12767/43/68 
f 12768/44/69 12770/46/62 12771/47/62 12769/45/69 
f 12770/46/62 12772/48/63 12773/49/63 12771/47/62 
f 12772/48/63 12758/34/64 12761/35/64 12773/49/63 
f 12774/34/64 12775/32/65 12776/33/65 12777/35/64 
f 12775/36/65 12778/37/154 12779/38/154 12776/39/65 
f 12778/37/154 12780/40/67 12781/41/67 12779/38/154 
f 12780/40/67 12782/42/68 12783/43/68 12781/41/67 
f 12782/42/68 12784/44/69 12785/45/69 12783/43/68 
f 12784/44/69 12786/46/245 12787/47/245 12785/45/69 
f 12786/46/245 12788/48/63 12789/49/63 12787/47/245 
f 12788/48/63 12774/34/64 12777/35/64 12789/49/63 
f 12790/34/64 12791/32/65 12792/33/65 12793/35/64 
f 12791/36/65 12794/37/66 12795/38/66 12792/39/65 
f 12794/37/66 12796/40/67 12797/41/67 12795/38/66 
f 12796/40/67 12798/42/68 12799/43/70 12797/41/67 
f 12798/42/68 12800/44/69 12801/45/69 12799/43/70 
f 12800/44/69 12802/46/62 12803/47/842 12801/45/69 
f 12802/46/62 12804/48/63 12805/49/63 12803/47/842 
f 12804/48/63 12790/34/64 12793/35/64 12805/49/63 
f 12806/34/679 12807/32/662 12808/33/662 12809/35/679 
f 12807/36/662 12810/37/714 12811/38/713 12808/39/662 
f 12810/37/714 12812/40/677 12813/41/677 12811/38/713 
f 12812/40/677 12814/42/68 12815/43/70 12813/41/677 
f 12814/42/68 12816/44/69 12817/45/69 12815/43/70 
f 12816/44/69 12818/46/609 12819/47/62 12817/45/69 
f 12818/46/609 12820/48/682 12821/49/682 12819/47/62 
f 12820/48/682 12806/34/679 12809/35/679 12821/49/682 
f 12822/34/679 12823/32/662 12824/33/662 12825/35/679 
f 12823/36/662 12826/37/713 12827/38/713 12824/39/662 
f 12826/37/713 12828/40/737 12829/41/677 12827/38/713 
f 12828/40/737 12830/42/68 12831/43/559 12829/41/677 
f 12830/42/68 12832/44/739 12833/45/69 12831/43/559 
f 12832/44/739 12834/46/62 12835/47/62 12833/45/69 
f 12834/46/62 12836/48/682 12837/49/682 12835/47/62 
f 12836/48/682 12822/34/679 12825/35/679 12837/49/682 
s 2
f 12838/17/696 12839/75/843 12840/76/715 12841/33/721 
f 12842/22/701 12843/77/346 12844/78/347 12845/27/706 
f 12846/26/722 12847/79/844 12848/80/351 12849/31/710 
f 12850/30/709 12851/81/353 12852/82/354 12853/18/697 
s 1
f 12839/75/843 12838/17/696 12853/18/697 12852/82/354 
f 12843/77/346 12842/22/701 12841/23/721 12840/83/715 
f 12847/79/844 12846/26/722 12845/27/706 12844/78/347 
f 12851/81/353 12850/30/709 12849/31/710 12848/80/351 
s off
f 12839/75/843 12852/82/354 12854/85/356 12855/86/357 
f 12843/77/346 12840/83/715 12855/83/357 12856/87/358 
f 12847/79/844 12844/78/347 12856/87/358 12857/88/359 
f 12851/81/353 12848/80/351 12857/88/359 12854/85/356 
f 12840/76/715 12839/75/843 12855/86/357 
f 12844/78/347 12843/77/346 12856/87/358 
f 12848/80/351 12847/79/844 12857/88/359 
f 12852/82/354 12851/81/353 12854/85/356 
s 4
f 12854/85/356 12857/88/359 12856/87/358 12855/83/357 
s 1
f 12858/16/695 12859/17/696 12860/18/697 12861/19/698 
f 12862/20/699 12863/21/700 12864/22/701 12865/23/721 
f 12866/24/703 12867/25/704 12868/26/722 12869/27/706 
f 12870/28/707 12871/29/708 12872/30/709 12873/31/710 
s 2
f 12859/17/696 12858/16/695 12862/32/699 12865/33/721 
f 12864/22/701 12863/21/700 12866/24/703 12869/27/706 
f 12868/26/722 12867/25/704 12870/28/707 12873/31/710 
f 12872/30/709 12871/29/708 12861/19/698 12860/18/697 
f 12874/17/723 12875/101/845 12876/102/373 12877/33/725 
f 12878/22/734 12879/103/846 12880/104/375 12881/27/727 
f 12882/26/847 12883/105/848 12884/106/377 12885/31/849 
f 12886/30/850 12887/107/378 12888/108/851 12889/18/852 
f 12890/17/723 12891/117/390 12892/118/733 12893/33/725 
f 12894/22/734 12895/119/392 12896/120/853 12897/27/727 
f 12898/26/847 12899/121/394 12900/122/854 12901/31/729 
f 12902/30/855 12903/123/396 12904/124/736 12905/18/732 
s 1
f 12891/117/390 12890/17/723 12905/18/732 12904/124/736 
f 12895/119/392 12894/22/734 12893/23/725 12892/125/733 
f 12899/121/394 12898/26/847 12897/27/727 12896/120/853 
f 12903/123/396 12902/30/855 12901/31/729 12900/122/854 
f 12875/101/845 12874/17/723 12889/18/852 12888/108/851 
f 12879/103/846 12878/22/734 12877/23/725 12876/126/373 
f 12883/105/848 12882/26/847 12881/27/727 12880/104/375 
f 12887/107/378 12886/30/850 12885/31/849 12884/106/377 
s off
f 12891/117/390 12904/124/736 12906/129/398 12907/130/399 
f 12895/119/392 12892/125/733 12907/125/399 12908/131/400 
f 12899/121/394 12896/120/853 12908/131/400 12909/132/401 
f 12903/123/396 12900/122/854 12909/132/401 12906/129/398 
f 12892/118/733 12891/117/390 12907/130/399 
f 12896/120/853 12895/119/392 12908/131/400 
f 12900/122/854 12899/121/394 12909/132/401 
f 12904/124/736 12903/123/396 12906/129/398 
f 12876/102/373 12875/101/845 12910/133/402 
f 12880/104/375 12879/103/846 12911/134/856 
f 12884/106/377 12883/105/848 12912/135/857 
f 12888/108/851 12887/107/378 12913/136/405 
f 12875/101/845 12888/108/851 12913/136/405 12910/133/402 
f 12879/103/846 12876/126/373 12910/126/402 12911/134/856 
f 12883/105/848 12880/104/375 12911/134/856 12912/135/857 
f 12887/107/378 12884/106/377 12912/135/857 12913/136/405 
s 32
f 12906/129/398 12909/132/401 12908/131/400 12907/125/399 
f 12913/136/405 12912/135/857 12911/134/856 12910/126/402 
s 8
f 12914/34/679 12915/32/65 12916/33/65 12917/35/679 
f 12915/36/65 12918/37/66 12919/38/66 12916/39/65 
f 12918/37/66 12920/40/67 12921/41/67 12919/38/66 
f 12920/40/67 12922/42/68 12923/43/70 12921/41/67 
f 12922/42/68 12924/44/69 12925/45/69 12923/43/70 
f 12924/44/69 12926/46/62 12927/47/62 12925/45/69 
f 12926/46/62 12928/48/682 12929/49/682 12927/47/62 
f 12928/48/682 12914/34/679 12917/35/679 12929/49/682 
f 12930/34/679 12931/32/65 12932/33/65 12933/35/679 
f 12931/36/65 12934/37/66 12935/38/66 12932/39/65 
f 12934/37/66 12936/40/67 12937/41/67 12935/38/66 
f 12936/40/67 12938/42/333 12939/43/70 12937/41/67 
f 12938/42/333 12940/44/739 12941/45/69 12939/43/70 
f 12940/44/739 12942/46/842 12943/47/842 12941/45/69 
f 12942/46/842 12944/48/682 12945/49/682 12943/47/842 
f 12944/48/682 12930/34/679 12933/35/679 12945/49/682 
f 12946/34/679 12947/32/65 12948/33/65 12949/35/679 
f 12947/36/65 12950/37/66 12951/38/66 12948/39/65 
f 12950/37/66 12952/40/67 12953/41/67 12951/38/66 
f 12952/40/67 12954/42/68 12955/43/70 12953/41/67 
f 12954/42/68 12956/44/69 12957/45/69 12955/43/70 
f 12956/44/69 12958/46/62 12959/47/62 12957/45/69 
f 12958/46/62 12960/48/682 12961/49/682 12959/47/62 
f 12960/48/682 12946/34/679 12949/35/679 12961/49/682 
f 12962/34/679 12963/32/65 12964/33/65 12965/35/679 
f 12963/36/65 12966/37/66 12967/38/66 12964/39/65 
f 12966/37/66 12968/40/677 12969/41/677 12967/38/66 
f 12968/40/677 12970/42/333 12971/43/70 12969/41/677 
f 12970/42/333 12972/44/739 12973/45/69 12971/43/70 
f 12972/44/739 12974/46/842 12975/47/842 12973/45/69 
f 12974/46/842 12976/48/682 12977/49/682 12975/47/842 
f 12976/48/682 12962/34/679 12965/35/679 12977/49/682 
f 12978/34/679 12979/32/662 12980/33/662 12981/35/679 
f 12979/36/662 12982/37/714 12983/38/713 12980/39/662 
f 12982/37/714 12984/40/677 12985/41/677 12983/38/713 
f 12984/40/677 12986/42/574 12987/43/574 12985/41/677 
f 12986/42/574 12988/44/69 12989/45/69 12987/43/574 
f 12988/44/69 12990/46/62 12991/47/609 12989/45/69 
f 12990/46/62 12992/48/63 12993/49/63 12991/47/609 
f 12992/48/63 12978/34/679 12981/35/679 12993/49/63 
f 12994/34/567 12995/32/858 12996/33/662 12997/35/581 
f 12995/36/858 12998/37/713 12999/38/713 12996/39/662 
f 12998/37/713 13000/40/737 13001/41/677 12999/38/713 
f 13000/40/737 13002/42/68 13003/43/68 13001/41/677 
f 13002/42/68 13004/44/69 13005/45/69 13003/43/68 
f 13004/44/69 13006/46/62 13007/47/62 13005/45/69 
f 13006/46/62 13008/48/63 13009/49/859 13007/47/62 
f 13008/48/63 12994/34/567 12997/35/581 13009/49/859 
f 13010/34/64 13011/32/65 13012/33/65 13013/35/64 
f 13011/36/65 13014/37/66 13015/38/66 13012/39/65 
f 13014/37/66 13016/40/67 13017/41/67 13015/38/66 
f 13016/40/67 13018/42/68 13019/43/68 13017/41/67 
f 13018/42/68 13020/44/69 13021/45/69 13019/43/68 
f 13020/44/69 13022/46/62 13023/47/62 13021/45/69 
f 13022/46/62 13024/48/63 13025/49/63 13023/47/62 
f 13024/48/63 13010/34/64 13013/35/64 13025/49/63 
s off
f 12726/16/695 12729/19/698 13026/403/740 13027/404/741 
f 12731/21/841 12730/20/699 13027/20/741 13028/405/742 
f 12735/25/704 12734/24/703 13028/405/742 13029/406/743 
f 12739/29/708 12738/28/707 13029/406/743 13026/403/740 
f 12730/32/699 12726/16/695 13027/404/741 
f 12734/24/703 12731/21/841 13028/405/742 
f 12738/28/707 12735/25/704 13029/406/743 
f 12729/19/698 12739/29/708 13026/403/740 
f 12858/16/695 12861/19/698 13030/403/740 13031/404/741 
f 12863/21/700 12862/20/699 13031/20/741 13032/405/742 
f 12867/25/704 12866/24/703 13032/405/742 13033/406/743 
f 12871/29/708 12870/28/707 13033/406/743 13030/403/740 
f 12862/32/699 12858/16/695 13031/404/741 
f 12866/24/703 12863/21/700 13032/405/742 
f 12870/28/707 12867/25/704 13033/406/743 
f 12861/19/698 12871/29/708 13030/403/740 
s 16
f 13026/403/740 13029/406/743 13028/405/742 13027/20/741 
f 13030/403/740 13033/406/743 13032/405/742 13031/20/741 
s off
f 12728/18/697 12727/17/696 13034/407/744 13035/408/745 
f 12733/23/721 12732/22/701 13036/409/746 13034/23/744 
f 12737/27/706 12736/26/722 13037/410/747 13036/409/746 
f 12741/31/710 12740/30/709 13035/408/745 13037/410/747 
f 12727/17/696 12733/33/721 13034/407/744 
f 12732/22/701 12737/27/706 13036/409/746 
f 12736/26/722 12741/31/710 13037/410/747 
f 12740/30/709 12728/18/697 13035/408/745 
f 12838/17/696 12841/33/721 13038/407/744 
f 12842/22/701 12845/27/706 13039/409/746 
f 12846/26/722 12849/31/710 13040/410/747 
f 12850/30/709 12853/18/697 13041/408/745 
f 12853/18/697 12838/17/696 13038/407/744 13041/408/745 
f 12841/23/721 12842/22/701 13039/409/746 13038/23/744 
f 12845/27/706 12846/26/722 13040/410/747 13039/409/746 
f 12849/31/710 12850/30/709 13041/408/745 13040/410/747 
f 12860/18/697 12859/17/696 13042/407/744 13043/408/745 
f 12865/23/721 12864/22/701 13044/409/746 13042/23/744 
f 12869/27/706 12868/26/722 13045/410/747 13044/409/746 
f 12873/31/710 12872/30/709 13043/408/745 13045/410/747 
f 12859/17/696 12865/33/721 13042/407/744 
f 12864/22/701 12869/27/706 13044/409/746 
f 12868/26/722 12873/31/710 13045/410/747 
f 12872/30/709 12860/18/697 13043/408/745 
f 12874/17/723 12877/33/725 13046/407/748 
f 12878/22/734 12881/27/727 13047/409/752 
f 12882/26/847 12885/31/849 13048/410/753 
f 12886/30/850 12889/18/852 13049/408/751 
f 12890/17/723 12893/33/725 13050/407/748 
f 12894/22/734 12897/27/727 13051/409/752 
f 12898/26/847 12901/31/729 13052/410/753 
f 12902/30/855 12905/18/732 13053/408/751 
f 12905/18/732 12890/17/723 13050/407/748 13053/408/751 
f 12893/23/725 12894/22/734 13051/409/752 13050/23/748 
f 12897/27/727 12898/26/847 13052/410/753 13051/409/752 
f 12901/31/729 12902/30/855 13053/408/751 13052/410/753 
f 12889/18/852 12874/17/723 13046/407/748 13049/408/751 
f 12877/23/725 12878/22/734 13047/409/752 13046/23/748 
f 12881/27/727 12882/26/847 13048/410/753 13047/409/752 
f 12885/31/849 12886/30/850 13049/408/751 13048/410/753 
s 64
f 13034/407/744 13036/409/746 13037/410/747 13035/408/745 
f 13038/407/744 13039/409/746 13040/410/747 13041/408/745 
f 13042/407/744 13044/409/746 13045/410/747 13043/408/745 
f 13050/407/748 13051/409/752 13052/410/753 13053/408/751 
f 13046/407/748 13047/409/752 13048/410/753 13049/408/751 
s 8
f 13054/34/64 13055/32/65 13056/33/65 13057/35/64 
f 13055/36/65 13058/37/66 13059/38/66 13056/39/65 
f 13058/37/66 13060/40/67 13061/41/67 13059/38/66 
f 13060/40/67 13062/42/68 13063/43/68 13061/41/67 
f 13062/42/68 13064/44/69 13065/45/69 13063/43/68 
f 13064/44/69 13066/46/62 13067/47/62 13065/45/69 
f 13066/46/62 13068/48/63 13069/49/63 13067/47/62 
f 13068/48/63 13054/34/64 13057/35/64 13069/49/63 
f 13070/34/679 13071/32/662 13072/33/662 13073/35/679 
f 13071/36/662 13074/37/711 13075/38/676 13072/39/662 
f 13074/37/711 13076/40/677 13077/41/677 13075/38/676 
f 13076/40/677 13078/42/574 13079/43/574 13077/41/677 
f 13078/42/574 13080/44/69 13081/45/69 13079/43/574 
f 13080/44/69 13082/46/245 13083/47/712 13081/45/69 
f 13082/46/245 13084/48/63 13085/49/63 13083/47/712 
f 13084/48/63 13070/34/679 13073/35/679 13085/49/63 
f 13086/34/679 13087/32/662 13088/33/662 13089/35/679 
f 13087/36/662 13090/37/713 13091/38/713 13088/39/662 
f 13090/37/713 13092/40/677 13093/41/677 13091/38/713 
f 13092/40/677 13094/42/574 13095/43/574 13093/41/677 
f 13094/42/574 13096/44/69 13097/45/69 13095/43/574 
f 13096/44/69 13098/46/62 13099/47/62 13097/45/69 
f 13098/46/62 13100/48/63 13101/49/63 13099/47/62 
f 13100/48/63 13086/34/679 13089/35/679 13101/49/63 
f 13102/34/154 13103/32/67 13104/33/67 13105/35/154 
f 13103/36/67 13106/37/68 13107/38/68 13104/39/67 
f 13106/37/68 13108/40/69 13109/41/69 13107/38/68 
f 13108/40/69 13110/42/245 13111/43/245 13109/41/69 
f 13110/42/245 13112/44/63 13113/45/63 13111/43/245 
f 13112/44/63 13114/46/64 13115/47/64 13113/45/63 
f 13114/46/64 13116/48/65 13117/49/65 13115/47/64 
f 13116/48/65 13102/34/154 13105/35/154 13117/49/65 
s 1
f 13118/16/593 13119/17/610 13120/18/623 13121/19/596 
f 13122/20/597 13123/21/598 13124/22/599 13125/23/686 
f 13126/24/601 13127/25/602 13128/26/603 13129/27/604 
f 13130/28/605 13131/29/606 13132/30/675 13133/31/608 
s 2
f 13119/17/610 13118/16/593 13122/32/597 13125/33/686 
f 13124/22/599 13123/21/598 13126/24/601 13129/27/604 
f 13128/26/603 13127/25/602 13130/28/605 13133/31/608 
f 13132/30/675 13131/29/606 13121/19/596 13120/18/623 
s off
f 13118/16/593 13121/19/596 13134/403/663 13135/404/664 
f 13123/21/598 13122/20/597 13135/20/664 13136/405/665 
f 13127/25/602 13126/24/601 13136/405/665 13137/406/666 
f 13131/29/606 13130/28/605 13137/406/666 13134/403/663 
f 13122/32/597 13118/16/593 13135/404/664 
f 13126/24/601 13123/21/598 13136/405/665 
f 13130/28/605 13127/25/602 13137/406/666 
f 13121/19/596 13131/29/606 13134/403/663 
s 16
f 13134/403/663 13137/406/666 13136/405/665 13135/20/664 
s off
f 13120/18/623 13119/17/610 13138/407/667 13139/408/668 
f 13125/23/686 13124/22/599 13140/409/669 13138/23/667 
f 13129/27/604 13128/26/603 13141/410/670 13140/409/669 
f 13133/31/608 13132/30/675 13139/408/668 13141/410/670 
f 13119/17/610 13125/33/686 13138/407/667 
f 13124/22/599 13129/27/604 13140/409/669 
f 13128/26/603 13133/31/608 13141/410/670 
f 13132/30/675 13120/18/623 13139/408/668 
s 64
f 13138/407/667 13140/409/669 13141/410/670 13139/408/668 
s 1
f 13142/16/695 13143/17/696 13144/18/697 13145/19/698 
f 13146/20/699 13147/21/700 13148/22/701 13149/23/721 
f 13150/24/703 13151/25/704 13152/26/722 13153/27/706 
f 13154/28/707 13155/29/708 13156/30/709 13157/31/710 
s 2
f 13143/17/696 13142/16/695 13146/32/699 13149/33/721 
f 13148/22/701 13147/21/700 13150/24/703 13153/27/706 
f 13152/26/722 13151/25/704 13154/28/707 13157/31/710 
f 13156/30/709 13155/29/708 13145/19/698 13144/18/697 
s off
f 13142/16/695 13145/19/698 13158/403/740 13159/404/741 
f 13147/21/700 13146/20/699 13159/20/741 13160/405/742 
f 13151/25/704 13150/24/703 13160/405/742 13161/406/743 
f 13155/29/708 13154/28/707 13161/406/743 13158/403/740 
f 13146/32/699 13142/16/695 13159/404/741 
f 13150/24/703 13147/21/700 13160/405/742 
f 13154/28/707 13151/25/704 13161/406/743 
f 13145/19/698 13155/29/708 13158/403/740 
s 16
f 13158/403/740 13161/406/743 13160/405/742 13159/20/741 
s off
f 13144/18/697 13143/17/696 13162/407/744 13163/408/745 
f 13149/23/721 13148/22/701 13164/409/746 13162/23/744 
f 13153/27/706 13152/26/722 13165/410/747 13164/409/746 
f 13157/31/710 13156/30/709 13163/408/745 13165/410/747 
f 13143/17/696 13149/33/721 13162/407/744 
f 13148/22/701 13153/27/706 13164/409/746 
f 13152/26/722 13157/31/710 13165/410/747 
f 13156/30/709 13144/18/697 13163/408/745 
s 64
f 13162/407/744 13164/409/746 13165/410/747 13163/408/745 
s 1
f 13166/16/860 13167/19/861 13168/18/862 13169/17/863 
f 13170/20/864 13171/23/865 13172/22/866 13173/21/867 
f 13174/24/868 13175/27/869 13176/26/870 13177/25/871 
f 13178/28/872 13179/31/873 13180/30/874 13181/29/875 
s 2
f 13169/17/863 13171/33/865 13170/32/864 13166/16/860 
f 13172/22/866 13175/27/869 13174/24/868 13173/21/867 
f 13176/26/870 13179/31/873 13178/28/872 13177/25/871 
f 13180/30/874 13168/18/862 13167/19/861 13181/29/875 
s 8
f 13182/34/68 13183/35/68 13184/33/67 13185/32/67 
f 13185/36/67 13184/39/67 13186/38/66 13187/37/66 
f 13187/37/66 13186/38/66 13188/41/65 13189/40/65 
f 13189/40/65 13188/41/65 13190/43/64 13191/42/64 
f 13191/42/64 13190/43/64 13192/45/63 13193/44/63 
f 13193/44/63 13192/45/63 13194/47/62 13195/46/62 
f 13195/46/62 13194/47/62 13196/49/69 13197/48/69 
f 13197/48/69 13196/49/69 13183/35/68 13182/34/68 
f 13198/34/574 13199/35/574 13200/33/677 13201/32/677 
f 13201/36/677 13200/39/677 13202/38/713 13203/37/714 
f 13203/37/714 13202/38/713 13204/41/662 13205/40/662 
f 13205/40/662 13204/41/662 13206/43/679 13207/42/679 
f 13207/42/679 13206/43/679 13208/45/63 13209/44/63 
f 13209/44/63 13208/45/63 13210/47/609 13211/46/62 
f 13211/46/62 13210/47/609 13212/49/69 13213/48/69 
f 13213/48/69 13212/49/69 13199/35/574 13198/34/574 
f 13214/34/574 13215/35/574 13216/33/677 13217/32/677 
f 13217/36/677 13216/39/677 13218/38/713 13219/37/713 
f 13219/37/713 13218/38/713 13220/41/662 13221/40/662 
f 13221/40/662 13220/41/662 13222/43/679 13223/42/679 
f 13223/42/679 13222/43/679 13224/45/63 13225/44/63 
f 13225/44/63 13224/45/63 13226/47/62 13227/46/62 
f 13227/46/62 13226/47/62 13228/49/69 13229/48/69 
f 13229/48/69 13228/49/69 13215/35/574 13214/34/574 
f 13230/34/68 13231/35/68 13232/33/67 13233/32/67 
f 13233/36/67 13232/39/67 13234/38/154 13235/37/154 
f 13235/37/154 13234/38/154 13236/41/65 13237/40/65 
f 13237/40/65 13236/41/65 13238/43/64 13239/42/64 
f 13239/42/64 13238/43/64 13240/45/63 13241/44/63 
f 13241/44/63 13240/45/63 13242/47/245 13243/46/245 
f 13243/46/245 13242/47/245 13244/49/69 13245/48/69 
f 13245/48/69 13244/49/69 13231/35/68 13230/34/68 
f 13246/34/68 13247/35/68 13248/33/67 13249/32/67 
f 13249/36/67 13248/39/67 13250/38/66 13251/37/66 
f 13251/37/66 13250/38/66 13252/41/65 13253/40/65 
f 13253/40/65 13252/41/65 13254/43/64 13255/42/64 
f 13255/42/64 13254/43/64 13256/45/63 13257/44/63 
f 13257/44/63 13256/45/63 13258/47/62 13259/46/62 
f 13259/46/62 13258/47/62 13260/49/69 13261/48/69 
f 13261/48/69 13260/49/69 13247/35/68 13246/34/68 
f 13262/34/574 13263/35/574 13264/33/677 13265/32/677 
f 13265/36/677 13264/39/677 13266/38/713 13267/37/714 
f 13267/37/714 13266/38/713 13268/41/662 13269/40/662 
f 13269/40/662 13268/41/662 13270/43/581 13271/42/4 
f 13271/42/4 13270/43/581 13272/45/63 13273/44/63 
f 13273/44/63 13272/45/63 13274/47/609 13275/46/62 
f 13275/46/62 13274/47/609 13276/49/69 13277/48/69 
f 13277/48/69 13276/49/69 13263/35/574 13262/34/574 
s 1
f 13278/50/677 13279/51/574 13280/35/574 13281/33/677 
s 2
f 13282/52/713 13278/53/677 13281/39/677 13283/38/713 
s 1
f 13284/54/858 13282/52/713 13283/38/713 13285/41/662 
s 2
f 13286/55/567 13284/54/858 13285/41/662 13287/43/581 
s 1
f 13288/56/63 13286/55/567 13287/43/581 13289/45/859 
s 2
f 13290/57/62 13288/56/63 13289/45/859 13291/47/62 
s 1
f 13292/58/69 13290/57/62 13291/47/62 13293/49/69 
s 2
f 13279/51/574 13292/58/69 13293/49/69 13280/35/574 
s 1
f 13294/50/677 13295/51/574 13296/35/574 13297/33/677 
s 2
f 13298/52/676 13294/53/677 13297/39/677 13299/38/676 
s 1
f 13300/54/662 13298/52/676 13299/38/676 13301/41/662 
s 2
f 13302/55/679 13300/54/662 13301/41/662 13303/43/679 
s 1
f 13304/56/63 13302/55/679 13303/43/679 13305/45/63 
s 2
f 13306/57/245 13304/56/63 13305/45/63 13307/47/245 
s 1
f 13308/58/69 13306/57/245 13307/47/245 13309/49/69 
s 2
f 13295/51/574 13308/58/69 13309/49/69 13296/35/574 
s 1
f 13310/50/67 13311/51/68 13312/35/68 13313/33/67 
s 2
f 13314/52/66 13310/53/67 13313/39/67 13315/38/66 
s 1
f 13316/54/65 13314/52/66 13315/38/66 13317/41/65 
s 2
f 13318/55/64 13316/54/65 13317/41/65 13319/43/64 
s 1
f 13320/56/63 13318/55/64 13319/43/64 13321/45/63 
s 2
f 13322/57/62 13320/56/63 13321/45/63 13323/47/62 
s 1
f 13324/58/69 13322/57/62 13323/47/62 13325/49/69 
s 2
f 13311/51/68 13324/58/69 13325/49/69 13312/35/68 
s 1
f 13326/50/67 13327/51/68 13328/35/68 13329/33/67 
s 2
f 13330/52/66 13326/53/67 13329/39/67 13331/38/66 
s 1
f 13332/54/65 13330/52/66 13331/38/66 13333/41/65 
s 2
f 13334/55/64 13332/54/65 13333/41/65 13335/43/64 
s 1
f 13336/56/63 13334/55/64 13335/43/64 13337/45/63 
s 2
f 13338/57/62 13336/56/63 13337/45/63 13339/47/62 
s 1
f 13340/58/69 13338/57/62 13339/47/62 13341/49/69 
s 2
f 13327/51/68 13340/58/69 13341/49/69 13328/35/68 
s 1
f 13342/50/67 13343/51/68 13344/35/68 13345/33/67 
s 2
f 13346/52/66 13342/53/67 13345/39/67 13347/38/66 
s 1
f 13348/54/65 13346/52/66 13347/38/66 13349/41/65 
s 2
f 13350/55/64 13348/54/65 13349/41/65 13351/43/64 
s 1
f 13352/56/63 13350/55/64 13351/43/64 13353/45/63 
s 2
f 13354/57/62 13352/56/63 13353/45/63 13355/47/62 
s 1
f 13356/58/69 13354/57/62 13355/47/62 13357/49/69 
s 2
f 13343/51/68 13356/58/69 13357/49/69 13344/35/68 
s 1
f 13358/40/65 13359/41/65 13360/45/63 13361/44/63 
s 2
f 13361/44/63 13360/45/63 13362/60/69 13363/59/69 
s 1
f 13364/32/67 13365/48/69 13366/49/69 13367/33/67 
s 2
f 13364/36/67 13367/39/67 13368/62/65 13369/61/65 
f 13370/63/67 13371/64/67 13359/41/65 13358/40/65 
f 13372/65/63 13373/66/63 13366/49/69 13365/48/69 
s off
f 13372/65/63 13369/61/65 13368/62/65 13373/66/63 
f 13370/63/67 13363/59/69 13362/60/69 13371/64/67 
s 1
f 13374/16/860 13375/19/861 13376/68/876 13377/67/877 
f 13378/20/864 13379/70/878 13380/69/879 13381/21/867 
f 13382/24/868 13383/72/880 13384/71/881 13385/25/871 
f 13386/28/882 13387/74/883 13388/73/884 13389/29/875 
s 2
f 13390/17/863 13391/33/865 13392/76/885 13393/75/886 
f 13394/22/866 13395/27/869 13396/78/887 13397/77/888 
f 13398/26/870 13399/31/873 13400/80/889 13401/79/890 
f 13402/30/874 13403/18/862 13404/82/891 13405/81/892 
s 1
f 13393/75/886 13404/82/891 13403/18/862 13390/17/863 
f 13397/77/888 13392/83/885 13391/23/865 13394/22/866 
f 13401/79/890 13396/78/887 13395/27/869 13398/26/870 
f 13405/81/892 13400/80/889 13399/31/873 13402/30/874 
s 2
f 13377/67/877 13379/84/878 13378/32/864 13374/16/860 
f 13380/69/879 13383/72/880 13382/24/868 13381/21/867 
f 13384/71/881 13387/74/883 13386/28/882 13385/25/871 
f 13388/73/884 13376/68/876 13375/19/861 13389/29/875 
s off
f 13393/75/886 13406/86/893 13407/85/894 13404/82/891 
f 13397/77/888 13408/87/895 13406/83/893 13392/83/885 
f 13401/79/890 13409/88/896 13408/87/895 13396/78/887 
f 13405/81/892 13407/85/894 13409/88/896 13400/80/889 
f 13392/76/885 13406/86/893 13393/75/886 
f 13396/78/887 13408/87/895 13397/77/888 
f 13400/80/889 13409/88/896 13401/79/890 
f 13404/82/891 13407/85/894 13405/81/892 
f 13376/68/876 13410/90/897 13411/89/898 13377/67/877 
f 13379/70/878 13411/70/898 13412/91/899 13380/69/879 
f 13383/72/880 13412/91/899 13413/92/900 13384/71/881 
f 13387/74/883 13413/92/900 13410/90/897 13388/73/884 
f 13377/67/877 13411/89/898 13379/84/878 
f 13380/69/879 13412/91/899 13383/72/880 
f 13384/71/881 13413/92/900 13387/74/883 
f 13388/73/884 13410/90/897 13376/68/876 
s 4
f 13407/85/894 13406/83/893 13408/87/895 13409/88/896 
s 16
f 13411/89/898 13410/90/897 13413/92/900 13412/91/899 
s 1
f 13414/16/860 13415/19/861 13416/18/862 13417/17/863 
f 13418/20/864 13419/23/865 13420/22/866 13421/21/867 
f 13422/24/868 13423/27/869 13424/26/870 13425/25/871 
f 13426/28/872 13427/31/873 13428/30/874 13429/29/901 
s 2
f 13417/17/863 13419/33/865 13418/32/864 13414/16/860 
f 13420/22/866 13423/27/869 13422/24/868 13421/21/867 
f 13424/26/870 13427/31/873 13426/28/872 13425/25/871 
f 13428/30/874 13416/18/862 13415/19/861 13429/29/901 
s 1
f 13430/16/902 13431/19/903 13432/94/904 13433/93/905 
f 13434/20/906 13435/96/907 13436/95/908 13437/21/909 
f 13438/24/910 13439/98/911 13440/97/912 13441/25/913 
f 13442/28/914 13443/100/915 13444/99/916 13445/29/917 
s 2
f 13446/17/918 13447/33/919 13448/102/920 13449/101/921 
f 13450/22/922 13451/27/923 13452/104/924 13453/103/925 
f 13454/26/926 13455/31/927 13456/106/928 13457/105/929 
f 13458/30/930 13459/18/931 13460/108/932 13461/107/933 
s 1
f 13462/16/902 13463/19/903 13464/110/934 13465/109/935 
f 13466/20/906 13467/112/936 13468/111/937 13469/21/909 
f 13470/24/910 13471/114/938 13472/113/939 13473/25/913 
f 13474/28/914 13475/116/940 13476/115/941 13477/29/917 
s 2
f 13478/17/918 13479/33/942 13480/118/943 13481/117/944 
f 13482/22/922 13483/27/945 13484/120/946 13485/119/947 
f 13486/26/948 13487/31/927 13488/122/949 13489/121/950 
f 13490/30/951 13491/18/931 13492/124/952 13493/123/953 
s 1
f 13481/117/944 13492/124/952 13491/18/931 13478/17/918 
f 13485/119/947 13480/125/943 13479/23/942 13482/22/922 
f 13489/121/950 13484/120/946 13483/27/945 13486/26/948 
f 13493/123/953 13488/122/949 13487/31/927 13490/30/951 
f 13449/101/921 13460/108/932 13459/18/931 13446/17/918 
f 13453/103/925 13448/126/920 13447/23/919 13450/22/922 
f 13457/105/929 13452/104/924 13451/27/923 13454/26/926 
f 13461/107/933 13456/106/928 13455/31/927 13458/30/930 
s 2
f 13465/109/935 13467/127/936 13466/32/906 13462/16/902 
f 13468/111/937 13471/114/938 13470/24/910 13469/21/909 
f 13472/113/939 13475/116/940 13474/28/914 13473/25/913 
f 13476/115/941 13464/110/934 13463/19/903 13477/29/917 
f 13433/93/905 13435/128/907 13434/32/906 13430/16/902 
f 13436/95/908 13439/98/911 13438/24/910 13437/21/909 
f 13440/97/912 13443/100/915 13442/28/914 13441/25/913 
f 13444/99/916 13432/94/904 13431/19/903 13445/29/917 
s off
f 13481/117/944 13494/130/954 13495/129/955 13492/124/952 
f 13485/119/947 13496/131/956 13494/125/954 13480/125/943 
f 13489/121/950 13497/132/957 13496/131/956 13484/120/946 
f 13493/123/953 13495/129/955 13497/132/957 13488/122/949 
f 13480/118/943 13494/130/954 13481/117/944 
f 13484/120/946 13496/131/956 13485/119/947 
f 13488/122/949 13497/132/957 13489/121/950 
f 13492/124/952 13495/129/955 13493/123/953 
f 13448/102/920 13498/133/958 13449/101/921 
f 13452/104/924 13499/134/959 13453/103/925 
f 13456/106/928 13500/135/960 13457/105/929 
f 13460/108/932 13501/136/961 13461/107/933 
f 13449/101/921 13498/133/958 13501/136/961 13460/108/932 
f 13453/103/925 13499/134/959 13498/126/958 13448/126/920 
f 13457/105/929 13500/135/960 13499/134/959 13452/104/924 
f 13461/107/933 13501/136/961 13500/135/960 13456/106/928 
f 13464/110/934 13502/138/962 13503/137/963 13465/109/935 
f 13467/112/936 13503/112/963 13504/139/964 13468/111/937 
f 13471/114/938 13504/139/964 13505/140/965 13472/113/939 
f 13475/116/940 13505/140/965 13502/138/962 13476/115/941 
f 13465/109/935 13503/137/963 13467/127/936 
f 13468/111/937 13504/139/964 13471/114/938 
f 13472/113/939 13505/140/965 13475/116/940 
f 13476/115/941 13502/138/962 13464/110/934 
f 13432/94/904 13506/142/966 13507/141/967 13433/93/905 
f 13435/96/907 13507/96/967 13508/143/968 13436/95/908 
f 13439/98/911 13508/143/968 13509/144/969 13440/97/912 
f 13443/100/915 13509/144/969 13506/142/966 13444/99/916 
f 13433/93/905 13507/141/967 13435/128/907 
f 13436/95/908 13508/143/968 13439/98/911 
f 13440/97/912 13509/144/969 13443/100/915 
f 13444/99/916 13506/142/966 13432/94/904 
s 32
f 13495/129/955 13494/125/954 13496/131/956 13497/132/957 
f 13501/136/961 13498/126/958 13499/134/959 13500/135/960 
f 13503/137/963 13502/138/962 13505/140/965 13504/139/964 
f 13507/141/967 13506/142/966 13509/144/969 13508/143/968 
s off
f 13168/18/862 13510/408/970 13511/407/971 13169/17/863 
f 13171/23/865 13511/23/971 13512/409/972 13172/22/866 
f 13175/27/869 13512/409/972 13513/410/973 13176/26/870 
f 13179/31/873 13513/410/973 13510/408/970 13180/30/874 
f 13169/17/863 13511/407/971 13171/33/865 
f 13172/22/866 13512/409/972 13175/27/869 
f 13176/26/870 13513/410/973 13179/31/873 
f 13180/30/874 13510/408/970 13168/18/862 
f 13390/17/863 13514/407/971 13391/33/865 
f 13394/22/866 13515/409/972 13395/27/869 
f 13398/26/870 13516/410/973 13399/31/873 
f 13402/30/874 13517/408/970 13403/18/862 
f 13403/18/862 13517/408/970 13514/407/971 13390/17/863 
f 13391/23/865 13514/23/971 13515/409/972 13394/22/866 
f 13395/27/869 13515/409/972 13516/410/973 13398/26/870 
f 13399/31/873 13516/410/973 13517/408/970 13402/30/874 
f 13416/18/862 13518/408/970 13519/407/971 13417/17/863 
f 13419/23/865 13519/23/971 13520/409/972 13420/22/866 
f 13423/27/869 13520/409/972 13521/410/973 13424/26/870 
f 13427/31/873 13521/410/973 13518/408/970 13428/30/874 
f 13417/17/863 13519/407/971 13419/33/865 
f 13420/22/866 13520/409/972 13423/27/869 
f 13424/26/870 13521/410/973 13427/31/873 
f 13428/30/874 13518/408/970 13416/18/862 
f 13446/17/918 13522/407/974 13447/33/919 
f 13450/22/922 13523/409/975 13451/27/923 
f 13454/26/926 13524/410/976 13455/31/927 
f 13458/30/930 13525/408/977 13459/18/931 
f 13478/17/918 13526/407/974 13479/33/942 
f 13482/22/922 13527/409/975 13483/27/945 
f 13486/26/948 13528/410/976 13487/31/927 
f 13490/30/951 13529/408/977 13491/18/931 
f 13491/18/931 13529/408/977 13526/407/974 13478/17/918 
f 13479/23/942 13526/23/974 13527/409/975 13482/22/922 
f 13483/27/945 13527/409/975 13528/410/976 13486/26/948 
f 13487/31/927 13528/410/976 13529/408/977 13490/30/951 
f 13459/18/931 13525/408/977 13522/407/974 13446/17/918 
f 13447/23/919 13522/23/974 13523/409/975 13450/22/922 
f 13451/27/923 13523/409/975 13524/410/976 13454/26/926 
f 13455/31/927 13524/410/976 13525/408/977 13458/30/930 
s 64
f 13511/407/971 13510/408/970 13513/410/973 13512/409/972 
f 13514/407/971 13517/408/970 13516/410/973 13515/409/972 
f 13519/407/971 13518/408/970 13521/410/973 13520/409/972 
f 13526/407/974 13529/408/977 13528/410/976 13527/409/975 
s off
f 13166/16/860 13530/404/978 13531/403/979 13167/19/861 
f 13173/21/867 13532/405/980 13530/20/978 13170/20/864 
f 13177/25/871 13533/406/981 13532/405/980 13174/24/868 
f 13181/29/875 13531/403/979 13533/406/981 13178/28/872 
f 13170/32/864 13530/404/978 13166/16/860 
f 13174/24/868 13532/405/980 13173/21/867 
f 13178/28/872 13533/406/981 13177/25/871 
f 13167/19/861 13531/403/979 13181/29/875 
f 13374/16/860 13534/404/978 13535/403/979 13375/19/861 
f 13381/21/867 13536/405/980 13534/20/978 13378/20/864 
f 13385/25/871 13537/406/981 13536/405/980 13382/24/868 
f 13389/29/875 13535/403/979 13537/406/981 13386/28/882 
f 13378/32/864 13534/404/978 13374/16/860 
f 13382/24/868 13536/405/980 13381/21/867 
f 13386/28/882 13537/406/981 13385/25/871 
f 13375/19/861 13535/403/979 13389/29/875 
f 13414/16/860 13538/404/978 13539/403/979 13415/19/861 
f 13421/21/867 13540/405/980 13538/20/978 13418/20/864 
f 13425/25/871 13541/406/981 13540/405/980 13422/24/868 
f 13429/29/901 13539/403/979 13541/406/981 13426/28/872 
f 13418/32/864 13538/404/978 13414/16/860 
f 13422/24/868 13540/405/980 13421/21/867 
f 13426/28/872 13541/406/981 13425/25/871 
f 13415/19/861 13539/403/979 13429/29/901 
f 13430/16/902 13542/404/982 13543/403/983 13431/19/903 
f 13437/21/909 13544/405/984 13542/20/982 13434/20/906 
f 13441/25/913 13545/406/985 13544/405/984 13438/24/910 
f 13445/29/917 13543/403/983 13545/406/985 13442/28/914 
f 13462/16/902 13546/404/982 13547/403/983 13463/19/903 
f 13469/21/909 13548/405/986 13546/20/982 13466/20/906 
f 13473/25/913 13549/406/987 13548/405/986 13470/24/910 
f 13477/29/917 13547/403/983 13549/406/987 13474/28/914 
f 13466/32/906 13546/404/982 13462/16/902 
f 13470/24/910 13548/405/986 13469/21/909 
f 13474/28/914 13549/406/987 13473/25/913 
f 13463/19/903 13547/403/983 13477/29/917 
f 13434/32/906 13542/404/982 13430/16/902 
f 13438/24/910 13544/405/984 13437/21/909 
f 13442/28/914 13545/406/985 13441/25/913 
f 13431/19/903 13543/403/983 13445/29/917 
s 128
f 13531/403/979 13530/20/978 13532/405/980 13533/406/981 
f 13535/403/979 13534/20/978 13536/405/980 13537/406/981 
f 13539/403/979 13538/20/978 13540/405/980 13541/406/981 
f 13543/403/983 13542/20/982 13544/405/984 13545/406/985 
f 13547/403/983 13546/20/982 13548/405/986 13549/406/987 
s 256
f 13522/407/974 13525/408/977 13524/410/976 13523/409/975 
s 8
f 13550/34/66 13551/32/67 13552/33/67 13553/35/66 
f 13551/36/67 13554/37/70 13555/38/70 13552/39/67 
f 13554/37/70 13556/40/69 13557/41/69 13555/38/70 
f 13556/40/69 13558/42/62 13559/43/62 13557/41/69 
f 13558/42/62 13560/44/63 13561/45/63 13559/43/62 
f 13560/44/63 13562/46/4 13563/47/4 13561/45/63 
f 13562/46/4 13564/48/65 13565/49/65 13563/47/4 
f 13564/48/65 13550/34/66 13553/35/66 13565/49/65 
# 8190 polygons - 786 triangles

