# 3ds Max Wavefront OBJ Exporter v0.99 - (c)2007 guruware
# File Created: 29.12.2025 19:50:02

mtllib 22.mtl

#
# object JailDoor_Module001
#

v  1.2332 3.1851 3.8007
v  1.2159 3.1851 3.7791
v  1.2159 4.3899 3.7791
v  1.2332 4.3899 3.8007
v  1.1885 3.1851 3.7761
v  1.1885 4.3899 3.7761
v  1.1670 3.1851 3.7933
v  1.1670 4.3899 3.7933
v  1.1639 3.1851 3.8207
v  1.1639 4.3899 3.8207
v  1.1812 3.1851 3.8422
v  1.1812 4.3899 3.8422
v  1.2086 3.1851 3.8453
v  1.2086 4.3899 3.8453
v  1.2301 3.1851 3.8281
v  1.2301 4.3899 3.8281
v  0.9450 3.1851 3.8840
v  0.9278 3.1851 3.8625
v  0.9278 4.3899 3.8625
v  0.9450 4.3899 3.8840
v  0.9004 3.1851 3.8595
v  0.9004 4.3899 3.8595
v  0.8788 3.1851 3.8767
v  0.8788 4.3899 3.8767
v  0.8758 3.1851 3.9041
v  0.8758 4.3899 3.9041
v  0.8930 3.1851 3.9256
v  0.8930 4.3899 3.9256
v  0.9204 3.1851 3.9287
v  0.9204 4.3899 3.9287
v  0.9419 3.1851 3.9115
v  0.9419 4.3899 3.9115
v  0.6568 3.1851 3.9674
v  0.6396 3.1851 3.9459
v  0.6396 4.3899 3.9459
v  0.6568 4.3899 3.9674
v  0.6122 3.1851 3.9428
v  0.6122 4.3899 3.9428
v  0.5906 3.1851 3.9601
v  0.5906 4.3899 3.9601
v  0.5876 3.1851 3.9875
v  0.5876 4.3899 3.9875
v  0.6048 3.1851 4.0090
v  0.6048 4.3899 4.0090
v  0.6322 3.1851 4.0121
v  0.6322 4.3899 4.0121
v  0.6537 3.1851 3.9948
v  0.6537 4.3899 3.9948
v  0.3686 3.1851 4.0508
v  0.3514 3.1851 4.0293
v  0.3514 5.9774 4.0293
v  0.3686 5.9774 4.0508
v  0.3240 3.1851 4.0262
v  0.3240 5.9774 4.0262
v  0.3025 3.1851 4.0435
v  0.3025 5.9774 4.0435
v  0.2994 3.1851 4.0709
v  0.2994 5.9774 4.0709
v  0.3166 3.1851 4.0924
v  0.3166 5.9774 4.0924
v  0.3440 3.1851 4.0955
v  0.3440 5.9774 4.0955
v  0.3656 3.1851 4.0782
v  0.3656 5.9774 4.0782
v  1.5181 3.1851 3.7182
v  1.5009 3.1851 3.6967
v  1.5009 5.9774 3.6967
v  1.5181 5.9774 3.7182
v  1.4735 3.1851 3.6936
v  1.4735 5.9774 3.6936
v  1.4519 3.1851 3.7108
v  1.4519 5.9774 3.7108
v  1.4489 3.1851 3.7382
v  1.4489 5.9774 3.7382
v  1.4661 3.1851 3.7598
v  1.4661 5.9774 3.7598
v  1.4935 3.1851 3.7628
v  1.4935 5.9774 3.7628
v  1.5150 3.1851 3.7456
v  1.5150 5.9774 3.7456
v  0.1382 5.9581 4.0720
v  0.8979 5.9581 3.8522
v  0.9214 5.9581 3.9337
v  0.1618 5.9581 4.1535
v  0.1339 6.0432 4.0570
v  0.8935 6.0432 3.8372
v  0.8935 5.9697 3.8372
v  0.1339 5.9697 4.0570
v  0.1618 6.0549 4.1535
v  0.9214 6.0549 3.9337
v  0.8979 6.0549 3.8522
v  0.1382 6.0549 4.0720
v  0.1662 5.9697 4.1685
v  0.9258 5.9697 3.9487
v  0.9258 6.0432 3.9487
v  0.1662 6.0432 4.1685
v  0.1519 5.9669 4.1483
v  0.1326 5.9669 4.0817
v  0.1290 5.9764 4.0694
v  0.1290 6.0365 4.0694
v  0.1326 6.0461 4.0817
v  0.1519 6.0461 4.1483
v  0.1554 6.0365 4.1606
v  0.1554 5.9764 4.1606
v  0.1519 5.9768 4.1486
v  0.1325 5.9768 4.0814
v  0.1325 6.0361 4.0814
v  0.1519 6.0361 4.1486
v  1.6575 5.9581 3.6324
v  1.6811 5.9581 3.7139
v  1.6531 6.0432 3.6174
v  1.6531 5.9697 3.6174
v  1.6811 6.0549 3.7139
v  1.6575 6.0549 3.6324
v  1.6854 5.9697 3.7289
v  1.6854 6.0432 3.7289
v  1.6674 5.9669 3.6375
v  1.6867 5.9669 3.7042
v  1.6639 6.0365 3.6253
v  1.6639 5.9764 3.6253
v  1.6867 6.0461 3.7042
v  1.6674 6.0461 3.6375
v  1.6903 5.9764 3.7165
v  1.6903 6.0365 3.7165
v  1.6674 5.9768 3.6373
v  1.6868 5.9768 3.7045
v  1.6674 6.0361 3.6373
v  1.6868 6.0361 3.7045
v  0.1382 3.1776 4.0720
v  0.8979 3.1776 3.8522
v  0.9214 3.1776 3.9337
v  0.1618 3.1776 4.1535
v  0.1339 3.2628 4.0570
v  0.8935 3.2628 3.8372
v  0.8935 3.1893 3.8372
v  0.1339 3.1893 4.0570
v  0.1618 3.2744 4.1535
v  0.9214 3.2744 3.9337
v  0.8979 3.2744 3.8522
v  0.1382 3.2744 4.0720
v  0.1662 3.1893 4.1685
v  0.9258 3.1893 3.9487
v  0.9258 3.2628 3.9487
v  0.1662 3.2628 4.1685
v  0.1519 3.1864 4.1483
v  0.1326 3.1864 4.0817
v  0.1290 3.1960 4.0694
v  0.1290 3.2561 4.0694
v  0.1326 3.2656 4.0817
v  0.1519 3.2656 4.1483
v  0.1554 3.2561 4.1606
v  0.1554 3.1960 4.1606
v  0.1519 3.1964 4.1486
v  0.1325 3.1964 4.0814
v  0.1325 3.2557 4.0814
v  0.1519 3.2557 4.1486
v  1.6575 3.1776 3.6324
v  1.6811 3.1776 3.7139
v  1.6531 3.2628 3.6174
v  1.6531 3.1893 3.6174
v  1.6811 3.2744 3.7139
v  1.6575 3.2744 3.6324
v  1.6854 3.1893 3.7289
v  1.6854 3.2628 3.7289
v  1.6674 3.1864 3.6375
v  1.6867 3.1864 3.7042
v  1.6639 3.2561 3.6253
v  1.6639 3.1960 3.6253
v  1.6867 3.2656 3.7042
v  1.6674 3.2656 3.6375
v  1.6903 3.1960 3.7165
v  1.6903 3.2561 3.7165
v  1.6674 3.1964 3.6373
v  1.6868 3.1964 3.7045
v  1.6674 3.2557 3.6373
v  1.6868 3.2557 3.7045
v  1.6741 6.0175 3.7060
v  1.6741 3.2408 3.7060
v  1.6565 3.2408 3.6452
v  1.6565 6.0175 3.6452
v  0.2059 3.2408 4.0650
v  0.2059 6.0175 4.0650
v  0.2235 6.0175 4.1258
v  0.2235 3.2408 4.1258
v  0.1356 3.2408 4.0853
v  0.1356 6.0175 4.0853
v  1.6038 3.2408 3.7263
v  1.6038 6.0175 3.7263
v  1.5862 6.0175 3.6656
v  1.5862 3.2408 3.6656
v  0.1532 6.0175 4.1461
v  0.1532 3.2408 4.1461
v  1.2159 4.6836 3.7791
v  1.2159 5.9774 3.7791
v  1.2332 5.9774 3.8007
v  1.2332 4.6836 3.8007
v  1.1885 4.6836 3.7761
v  1.1885 5.9774 3.7761
v  1.1670 4.6836 3.7933
v  1.1670 5.9774 3.7933
v  1.1639 4.6836 3.8207
v  1.1639 5.9774 3.8207
v  1.1812 4.6836 3.8422
v  1.1812 5.9774 3.8422
v  1.2086 4.6836 3.8453
v  1.2086 5.9774 3.8453
v  1.2301 4.6836 3.8281
v  1.2301 5.9774 3.8281
v  0.9278 4.6836 3.8625
v  0.9278 5.9774 3.8625
v  0.9450 5.9774 3.8840
v  0.9450 4.6836 3.8840
v  0.9004 4.6836 3.8595
v  0.9004 5.9774 3.8595
v  0.8788 4.6836 3.8767
v  0.8788 5.9774 3.8767
v  0.8758 4.6836 3.9041
v  0.8758 5.9774 3.9041
v  0.8930 4.6836 3.9256
v  0.8930 5.9774 3.9256
v  0.9204 4.6836 3.9287
v  0.9204 5.9774 3.9287
v  0.9419 4.6836 3.9115
v  0.9419 5.9774 3.9115
v  0.6396 4.6836 3.9459
v  0.6396 5.9774 3.9459
v  0.6568 5.9774 3.9674
v  0.6568 4.6836 3.9674
v  0.6122 4.6836 3.9428
v  0.6122 5.9774 3.9428
v  0.5906 4.6836 3.9601
v  0.5906 5.9774 3.9601
v  0.5876 4.6836 3.9875
v  0.5876 5.9774 3.9875
v  0.6048 4.6836 4.0090
v  0.6048 5.9774 4.0090
v  0.6322 4.6836 4.0121
v  0.6322 5.9774 4.0121
v  0.6537 4.6836 3.9948
v  0.6537 5.9774 3.9948
v  1.6218 4.6195 3.6427
v  0.1668 4.6195 4.0637
v  0.1625 4.6311 4.0487
v  1.6174 4.6311 3.6277
v  1.6174 4.6841 3.6277
v  0.1625 4.6841 4.0487
v  0.1668 4.6958 4.0637
v  1.6218 4.6958 3.6427
v  1.6454 4.6958 3.7242
v  0.1904 4.6958 4.1452
v  0.1947 4.6841 4.1602
v  1.6497 4.6841 3.7392
v  1.6497 4.6311 3.7392
v  0.1947 4.6311 4.1602
v  0.1904 4.6195 4.1452
v  1.6454 4.6195 3.7242
v  1.6192 4.3441 3.6434
v  0.1655 4.3441 4.0641
v  0.1612 4.3558 4.0491
v  1.6149 4.3558 3.6284
v  1.6149 4.4088 3.6284
v  0.1612 4.4088 4.0491
v  0.1655 4.4204 4.0641
v  1.6192 4.4204 3.6434
v  1.6428 4.4204 3.7249
v  0.1891 4.4204 4.1456
v  0.1935 4.4088 4.1606
v  1.6472 4.4088 3.7399
v  1.6472 4.3558 3.7399
v  0.1935 4.3558 4.1606
v  0.1891 4.3441 4.1456
v  1.6428 4.3441 3.7249
v  1.6397 4.6380 3.6499
v  1.6567 4.6380 3.7085
v  1.6397 4.6772 3.6499
v  1.6567 4.6772 3.7085
v  1.6371 4.3627 3.6507
v  1.6541 4.3627 3.7092
v  1.6371 4.4019 3.6507
v  1.6541 4.4019 3.7092
v  0.1555 4.6380 4.0794
v  0.1555 4.6772 4.0794
v  0.1725 4.6772 4.1380
v  0.1725 4.6380 4.1380
v  0.1712 4.3627 4.1384
v  0.1542 4.3627 4.0798
v  0.1542 4.4019 4.0798
v  0.1712 4.4019 4.1384
v  1.6218 4.6873 3.6427
v  1.1510 4.6873 3.7789
v  1.1467 4.6989 3.7639
v  1.6174 4.6989 3.6277
v  1.6174 4.9266 3.6277
v  1.1467 4.9266 3.7639
v  1.1510 4.9383 3.7789
v  1.6218 4.9383 3.6427
v  1.6454 4.9383 3.7242
v  1.1746 4.9383 3.8604
v  1.1789 4.9266 3.8754
v  1.6497 4.9266 3.7392
v  1.6497 4.6989 3.7392
v  1.1789 4.6989 3.8754
v  1.1746 4.6873 3.8604
v  1.6454 4.6873 3.7242
v  1.6397 4.7058 3.6499
v  1.6567 4.7058 3.7085
v  1.6397 4.9198 3.6499
v  1.6567 4.9198 3.7085
v  1.1397 4.7058 3.7946
v  1.1397 4.9198 3.7946
v  1.1567 4.9198 3.8532
v  1.1567 4.7058 3.8532
v  1.5534 4.8611 3.7869
v  1.5719 4.8146 3.7815
v  1.5504 4.8146 3.7070
v  1.5318 4.8611 3.7124
v  1.5087 4.8804 3.7998
v  1.4871 4.8804 3.7253
v  1.4639 4.8611 3.8128
v  1.4424 4.8611 3.7383
v  1.4454 4.8146 3.8182
v  1.4238 4.8146 3.7437
v  1.4639 4.7680 3.8128
v  1.4424 4.7680 3.7383
v  1.5087 4.7487 3.7998
v  1.4871 4.7487 3.7253
v  1.5534 4.7680 3.7869
v  1.5318 4.7680 3.7124
v  1.5396 4.8146 3.7852
v  1.5301 4.8385 3.7880
v  1.5072 4.8146 3.7946
v  1.5072 4.8484 3.7946
v  1.4842 4.8385 3.8013
v  1.4747 4.8146 3.8040
v  1.4842 4.7907 3.8013
v  1.5072 4.7808 3.7946
v  1.5301 4.7907 3.7880
v  1.5354 4.8418 3.7943
v  1.5463 4.8146 3.7912
v  1.5093 4.8531 3.8019
v  1.4831 4.8418 3.8095
v  1.4722 4.8146 3.8126
v  1.4831 4.7873 3.8095
v  1.5093 4.7760 3.8019
v  1.5354 4.7873 3.7943
v  1.5103 4.8611 3.6379
v  1.5288 4.8146 3.6325
v  1.4655 4.8804 3.6508
v  1.4208 4.8611 3.6638
v  1.4023 4.8146 3.6692
v  1.4208 4.7680 3.6638
v  1.4655 4.7487 3.6508
v  1.5103 4.7680 3.6379
v  1.4995 4.8146 3.6467
v  1.4671 4.8146 3.6561
v  1.4900 4.8385 3.6494
v  1.4671 4.8484 3.6561
v  1.4441 4.8385 3.6627
v  1.4346 4.8146 3.6655
v  1.4441 4.7907 3.6627
v  1.4671 4.7808 3.6561
v  1.4900 4.7907 3.6494
v  1.5020 4.8146 3.6381
v  1.4911 4.8418 3.6412
v  1.4650 4.8531 3.6488
v  1.4388 4.8418 3.6564
v  1.4279 4.8146 3.6595
v  1.4388 4.7873 3.6564
v  1.4650 4.7760 3.6488
v  1.4911 4.7873 3.6412
v  0.1617 3.4224 4.1538
v  0.1422 3.4224 4.1295
v  0.1422 3.6058 4.1295
v  0.1617 3.6058 4.1538
v  0.1113 3.4224 4.1261
v  0.1113 3.6058 4.1261
v  0.0870 3.4224 4.1455
v  0.0870 3.6058 4.1455
v  0.0836 3.4224 4.1764
v  0.0836 3.6058 4.1764
v  0.1030 3.4224 4.2007
v  0.1030 3.6058 4.2007
v  0.1339 3.4224 4.2042
v  0.1339 3.6058 4.2042
v  0.1582 3.4224 4.1848
v  0.1582 3.6058 4.1848
v  0.1422 4.8249 4.1295
v  0.1617 4.8249 4.1538
v  0.1617 4.6415 4.1538
v  0.1422 4.6415 4.1295
v  0.1113 4.8249 4.1261
v  0.1113 4.6415 4.1261
v  0.0870 4.8249 4.1455
v  0.0870 4.6415 4.1455
v  0.0836 4.8249 4.1764
v  0.0836 4.6415 4.1764
v  0.1030 4.8249 4.2007
v  0.1030 4.6415 4.2007
v  0.1339 4.8249 4.2042
v  0.1339 4.6415 4.2042
v  0.1582 4.8249 4.1848
v  0.1582 4.6415 4.1848
v  0.1617 5.4940 4.1538
v  0.1422 5.4940 4.1295
v  0.1422 5.6773 4.1295
v  0.1617 5.6773 4.1538
v  0.1113 5.4940 4.1261
v  0.1113 5.6773 4.1261
v  0.0870 5.4940 4.1455
v  0.0870 5.6773 4.1455
v  0.0836 5.4940 4.1764
v  0.0836 5.6773 4.1764
v  0.1030 5.4940 4.2007
v  0.1030 5.6773 4.2007
v  0.1339 5.4940 4.2042
v  0.1339 5.6773 4.2042
v  0.1582 5.4940 4.1848
v  0.1582 5.6773 4.1848
v  0.1422 3.7891 4.1295
v  0.1617 3.7891 4.1538
v  0.1113 3.7891 4.1261
v  0.0870 3.7891 4.1455
v  0.0836 3.7891 4.1764
v  0.1030 3.7891 4.2007
v  0.1339 3.7891 4.2042
v  0.1582 3.7891 4.1848
v  0.1422 5.8607 4.1295
v  0.1617 5.8607 4.1538
v  0.1113 5.8607 4.1261
v  0.0870 5.8607 4.1455
v  0.0836 5.8607 4.1764
v  0.1030 5.8607 4.2007
v  0.1339 5.8607 4.2042
v  0.1582 5.8607 4.1848
v  0.1617 4.4582 4.1538
v  0.1422 4.4582 4.1295
v  0.1113 4.4582 4.1261
v  0.0870 4.4582 4.1455
v  0.0836 4.4582 4.1764
v  0.1030 4.4582 4.2007
v  0.1339 4.4582 4.2042
v  0.1582 4.4582 4.1848
v  0.1378 3.4138 4.1376
v  0.1528 3.4138 4.1564
v  0.1226 3.4138 4.1651
v  0.1139 3.4138 4.1350
v  0.0951 3.4138 4.1500
v  0.0925 3.4138 4.1739
v  0.1075 3.4138 4.1926
v  0.1314 3.4138 4.1953
v  0.1501 3.4138 4.1803
v  0.1528 4.8335 4.1564
v  0.1378 4.8335 4.1376
v  0.1226 4.8335 4.1651
v  0.1139 4.8335 4.1350
v  0.0951 4.8335 4.1500
v  0.0925 4.8335 4.1739
v  0.1075 4.8335 4.1926
v  0.1314 4.8335 4.1953
v  0.1501 4.8335 4.1803
v  0.1378 5.4854 4.1376
v  0.1528 5.4854 4.1564
v  0.1226 5.4854 4.1651
v  0.1139 5.4854 4.1350
v  0.0951 5.4854 4.1500
v  0.0925 5.4854 4.1739
v  0.1075 5.4854 4.1926
v  0.1314 5.4854 4.1953
v  0.1501 5.4854 4.1803
v  0.1528 3.7977 4.1564
v  0.1378 3.7977 4.1376
v  0.1226 3.7977 4.1651
v  0.1139 3.7977 4.1350
v  0.0951 3.7977 4.1500
v  0.0925 3.7977 4.1739
v  0.1075 3.7977 4.1926
v  0.1314 3.7977 4.1953
v  0.1501 3.7977 4.1803
v  0.1528 5.8692 4.1564
v  0.1378 5.8692 4.1376
v  0.1226 5.8692 4.1651
v  0.1139 5.8692 4.1350
v  0.0951 5.8692 4.1500
v  0.0925 5.8692 4.1739
v  0.1075 5.8692 4.1926
v  0.1314 5.8692 4.1953
v  0.1501 5.8692 4.1803
v  0.1378 4.4496 4.1376
v  0.1528 4.4496 4.1564
v  0.1226 4.4496 4.1651
v  0.1139 4.4496 4.1350
v  0.0951 4.4496 4.1500
v  0.0925 4.4496 4.1739
v  0.1075 4.4496 4.1926
v  0.1314 4.4496 4.1953
v  0.1501 4.4496 4.1803
# 496 vertices

vn 0.9606 0.0000 -0.2780
vn 0.4827 0.0000 -0.8758
vn -0.2780 0.0000 -0.9606
vn -0.8758 0.0000 -0.4827
vn -0.9606 0.0000 0.2780
vn -0.4827 0.0000 0.8758
vn 0.2780 0.0000 0.9606
vn 0.8758 0.0000 0.4827
vn 0.2779 0.0000 0.9606
vn 0.8758 0.0000 0.4826
vn -0.2779 0.0000 -0.9606
vn -0.8758 0.0000 -0.4826
vn -0.4855 -0.8568 -0.1739
vn -0.0877 -0.9489 -0.3030
vn 0.0877 -0.9489 0.3030
vn -0.3176 -0.8568 0.4063
vn -0.6342 0.4094 -0.6559
vn -0.2485 0.4480 -0.8588
vn -0.2485 -0.4479 -0.8589
vn -0.6342 -0.4095 -0.6559
vn -0.3176 0.8568 0.4063
vn 0.0877 0.9489 0.3030
vn -0.0877 0.9489 -0.3030
vn -0.4855 0.8568 -0.1739
vn -0.1859 -0.4095 0.8932
vn 0.2485 -0.4479 0.8589
vn 0.2485 0.4480 0.8588
vn -0.1860 0.4094 0.8932
vn -0.8623 -0.3727 0.3429
vn -0.9122 -0.3727 0.1706
vn -0.9873 -0.1492 -0.0553
vn -0.9873 0.1492 -0.0553
vn -0.9122 0.3727 0.1706
vn -0.8623 0.3727 0.3429
vn -0.8052 0.1492 0.5740
vn -0.8052 -0.1492 0.5740
vn 0.3176 -0.8568 -0.4063
vn 0.4855 -0.8568 0.1739
vn 0.1860 0.4094 -0.8932
vn 0.1859 -0.4095 -0.8932
vn 0.4855 0.8568 0.1739
vn 0.3176 0.8568 -0.4063
vn 0.6342 -0.4095 0.6558
vn 0.6342 0.4094 0.6558
vn 0.8623 -0.3727 -0.3429
vn 0.9122 -0.3727 -0.1706
vn 0.8052 0.1492 -0.5740
vn 0.8052 -0.1492 -0.5740
vn 0.9122 0.3727 -0.1706
vn 0.8623 0.3727 -0.3429
vn 0.9873 -0.1492 0.0553
vn 0.9873 0.1492 0.0553
vn -0.2485 0.4479 -0.8588
vn -0.6342 -0.4094 -0.6558
vn 0.0877 0.9489 0.3031
vn -0.0877 0.9489 -0.3031
vn -0.1860 -0.4094 0.8932
vn 0.2485 0.4479 0.8588
vn -0.8623 -0.3726 0.3429
vn -0.9122 -0.3726 0.1706
vn 0.1860 -0.4094 -0.8932
vn 0.6342 -0.4094 0.6558
vn 0.8623 -0.3726 -0.3429
vn 0.9122 -0.3726 -0.1706
vn 0.3269 -0.8554 -0.4017
vn -0.4914 -0.8552 -0.1648
vn -0.6603 -0.3897 -0.6420
vn 0.2151 -0.3897 -0.8955
vn 0.2151 0.3897 -0.8955
vn -0.6603 0.3896 -0.6420
vn -0.4914 0.8552 -0.1649
vn 0.3269 0.8554 -0.4017
vn 0.4909 0.8554 0.1651
vn -0.3274 0.8552 0.4018
vn -0.2155 0.3896 0.8954
vn 0.6600 0.3897 0.6422
vn 0.6601 -0.3897 0.6422
vn -0.2155 -0.3896 0.8954
vn -0.3274 -0.8552 0.4018
vn 0.4909 -0.8554 0.1651
vn 0.3275 -0.8551 -0.4018
vn -0.4911 -0.8553 -0.1649
vn -0.6601 -0.3897 -0.6422
vn 0.2157 -0.3896 -0.8954
vn 0.2157 0.3896 -0.8954
vn -0.6602 0.3897 -0.6421
vn -0.4911 0.8553 -0.1649
vn 0.3276 0.8551 -0.4018
vn 0.4915 0.8551 0.1647
vn -0.3271 0.8553 0.4017
vn -0.2152 0.3897 0.8955
vn 0.6605 0.3896 0.6419
vn 0.6605 -0.3896 0.6419
vn -0.2152 -0.3897 0.8954
vn -0.3271 -0.8553 0.4017
vn 0.4915 -0.8551 0.1648
vn 0.8478 -0.2842 -0.4477
vn 0.9559 -0.2842 -0.0742
vn 0.8478 0.2842 -0.4477
vn 0.9559 0.2842 -0.0742
vn 0.8483 -0.2835 -0.4473
vn 0.9560 -0.2835 -0.0749
vn 0.8483 0.2835 -0.4473
vn 0.9560 0.2835 -0.0749
vn -0.9560 -0.2837 0.0747
vn -0.9560 0.2837 0.0747
vn -0.8481 0.2837 0.4474
vn -0.8481 -0.2837 0.4474
vn -0.8479 -0.2840 0.4476
vn -0.9559 -0.2840 0.0744
vn -0.9559 0.2840 0.0744
vn -0.8479 0.2840 0.4476
vn -0.8482 -0.2837 0.4474
vn 0.7088 0.5625 0.4257
vn 0.9326 0.0000 0.3609
vn 0.6792 0.7071 -0.1966
vn 0.1684 0.7955 0.5820
vn 0.0000 1.0000 -0.0000
vn -0.3720 0.5625 0.7384
vn -0.6792 0.7071 0.1966
vn -0.5958 0.0000 0.8032
vn -0.3720 -0.5625 0.7384
vn -0.6792 -0.7071 0.1966
vn 0.1684 -0.7955 0.5820
vn 0.0000 -1.0000 -0.0000
vn 0.7088 -0.5625 0.4257
vn 0.6792 -0.7071 -0.1966
vn -0.3150 0.0000 0.9491
vn -0.1555 -0.4004 0.9030
vn 0.2291 -0.5663 0.7917
vn 0.6137 -0.4004 0.6804
vn 0.7731 0.0000 0.6342
vn 0.6137 0.4004 0.6804
vn 0.2291 0.5663 0.7917
vn -0.1555 0.4004 0.9030
vn 0.0339 -0.2373 0.9708
vn -0.0606 -0.0000 0.9982
vn 0.2618 -0.3356 0.9049
vn 0.4898 -0.2373 0.8389
vn 0.5843 0.0000 0.8115
vn 0.4898 0.2373 0.8389
vn 0.2618 0.3356 0.9049
vn 0.0339 0.2373 0.9708
vn 0.3719 0.5625 -0.7384
vn 0.5958 0.0000 -0.8032
vn -0.1684 0.7955 -0.5820
vn -0.7088 0.5625 -0.4256
vn -0.9326 0.0000 -0.3609
vn -0.7088 -0.5625 -0.4256
vn -0.1684 -0.7955 -0.5820
vn 0.3719 -0.5625 -0.7384
vn -0.7731 0.0000 -0.6342
vn -0.6137 -0.4004 -0.6804
vn -0.2291 -0.5663 -0.7917
vn 0.1555 -0.4004 -0.9030
vn 0.3150 0.0000 -0.9491
vn 0.1555 0.4004 -0.9030
vn -0.2291 0.5663 -0.7917
vn -0.6137 0.4004 -0.6804
vn -0.5843 -0.0000 -0.8115
vn -0.4898 -0.2373 -0.8389
vn -0.2618 -0.3356 -0.9049
vn -0.0339 -0.2373 -0.9708
vn 0.0606 0.0000 -0.9982
vn -0.0339 0.2373 -0.9708
vn -0.2618 0.3356 -0.9049
vn -0.4898 0.2373 -0.8389
vn 0.8929 -0.3689 -0.2584
vn 0.4486 -0.3689 -0.8140
vn -0.2584 -0.3689 -0.8929
vn -0.8140 -0.3689 -0.4486
vn -0.8929 -0.3689 0.2584
vn -0.4487 -0.3689 0.8140
vn 0.2584 -0.3689 0.8928
vn 0.8141 -0.3689 0.4486
vn 0.4486 0.3689 -0.8140
vn 0.8929 0.3689 -0.2584
vn -0.2584 0.3689 -0.8929
vn -0.8140 0.3689 -0.4486
vn -0.8929 0.3689 0.2584
vn -0.4487 0.3689 0.8140
vn 0.2584 0.3689 0.8928
vn 0.8141 0.3689 0.4486
vn 0.4486 0.3688 -0.8140
vn 0.8929 0.3688 -0.2584
vn -0.2584 0.3688 -0.8929
vn -0.8929 0.3688 0.2584
vn 0.8929 -0.3688 -0.2584
vn 0.2113 -0.8991 -0.3833
vn 0.4204 -0.8991 -0.1217
vn -0.1217 -0.8991 -0.4205
vn -0.3833 -0.8991 -0.2113
vn -0.4205 -0.8991 0.1217
vn -0.2112 -0.8991 0.3833
vn 0.1217 -0.8991 0.4205
vn 0.3834 -0.8991 0.2113
vn 0.4204 0.8991 -0.1217
vn 0.2113 0.8991 -0.3833
vn -0.0000 1.0000 0.0000
vn -0.1217 0.8991 -0.4205
vn -0.3833 0.8991 -0.2113
vn -0.4205 0.8991 0.1217
vn -0.2112 0.8991 0.3833
vn 0.1217 0.8991 0.4205
vn 0.3834 0.8991 0.2113
vn 0.4205 -0.8991 -0.1217
vn -0.0000 -1.0000 0.0000
vn 0.4205 0.8991 -0.1217
# 208 vertex normals

vt 0.7500 0.0000 1.0000
vt 0.8750 0.0000 1.0000
vt 0.8750 0.1220 1.0000
vt 0.7500 0.1220 1.0000
vt -0.1250 0.0000 1.0000
vt 0.0000 0.0000 1.0000
vt 0.0000 0.1220 1.0000
vt -0.1250 0.1220 1.0000
vt 0.1250 0.0000 1.0000
vt 0.1250 0.1220 1.0000
vt 0.2500 0.0000 1.0000
vt 0.2500 0.1220 1.0000
vt 0.3750 0.0000 1.0000
vt 0.3750 0.1220 1.0000
vt 0.5000 0.0000 1.0000
vt 0.5000 0.1220 1.0000
vt 0.6250 0.0000 1.0000
vt 0.6250 0.1220 1.0000
vt 0.8750 0.4878 1.0000
vt 0.7500 0.4878 1.0000
vt 0.0000 0.4878 1.0000
vt -0.1250 0.4878 1.0000
vt 0.1250 0.4878 1.0000
vt 0.2500 0.4878 1.0000
vt 0.3750 0.4878 1.0000
vt 0.5000 0.4878 1.0000
vt 0.6250 0.4878 1.0000
vt 0.8414 0.2658 1.0000
vt 0.8414 0.3914 1.0000
vt 0.6586 0.3914 1.0000
vt 0.6586 0.2658 1.0000
vt 0.1045 0.2658 1.0000
vt 0.1045 0.3914 1.0000
vt -0.1045 0.3914 1.0000
vt -0.1045 0.2658 1.0000
vt 0.3414 0.2658 1.0000
vt 0.3414 0.3914 1.0000
vt 0.1586 0.3914 1.0000
vt 0.1586 0.2658 1.0000
vt 0.6045 0.2658 1.0000
vt 0.6045 0.3914 1.0000
vt 0.3955 0.3914 1.0000
vt 0.3955 0.2658 1.0000
vt 0.8750 0.2658 1.0000
vt 0.6316 0.2658 1.0000
vt 0.8582 0.2658 1.0000
vt 0.1316 0.2658 1.0000
vt 0.3684 0.2658 1.0000
vt 0.8750 0.3914 1.0000
vt 0.4714 0.5000 1.0000
vt 0.4714 0.2500 1.0000
vt 0.0286 0.2500 1.0000
vt 0.0286 0.5000 1.0000
vt 0.8750 0.2500 1.0000
vt 0.8750 0.5000 1.0000
vt 0.6250 0.5000 1.0000
vt 0.6250 0.2500 1.0000
vt -0.0286 0.2500 1.0000
vt -0.0286 0.5000 1.0000
vt -0.1250 0.5000 1.0000
vt -0.1250 0.2500 1.0000
vt 0.3750 0.2500 1.0000
vt 0.3750 0.5000 1.0000
vt 0.1250 0.5000 1.0000
vt 0.1250 0.2500 1.0000
vt 0.5286 0.5000 1.0000
vt 0.5286 0.2500 1.0000
vt 0.8750 0.2439 1.0000
vt 0.7500 0.2439 1.0000
vt 0.0000 0.2439 1.0000
vt -0.1250 0.2439 1.0000
vt 0.1250 0.2439 1.0000
vt 0.2500 0.2439 1.0000
vt 0.3750 0.2439 1.0000
vt 0.5000 0.2439 1.0000
vt 0.6250 0.2439 1.0000
vt 0.8414 0.5110 1.0000
vt 0.8414 0.2706 1.0000
vt 0.8750 0.2706 1.0000
vt 0.8750 0.5110 1.0000
vt 0.1045 0.5110 1.0000
vt 0.1045 0.2706 1.0000
vt 0.1586 0.2706 1.0000
vt 0.1586 0.5110 1.0000
vt 0.3414 0.5110 1.0000
vt 0.3414 0.2706 1.0000
vt 0.3955 0.2706 1.0000
vt 0.3955 0.5110 1.0000
vt 0.6045 0.5110 1.0000
vt 0.6045 0.2706 1.0000
vt 0.6586 0.2706 1.0000
vt 0.6586 0.5110 1.0000
vt 0.8414 0.5106 1.0000
vt 0.8414 0.2704 1.0000
vt 0.8750 0.2704 1.0000
vt 0.8750 0.5106 1.0000
vt 0.1045 0.5106 1.0000
vt 0.1045 0.2704 1.0000
vt 0.1586 0.2704 1.0000
vt 0.1586 0.5106 1.0000
vt 0.3414 0.5106 1.0000
vt 0.3414 0.2704 1.0000
vt 0.3955 0.2704 1.0000
vt 0.3955 0.5106 1.0000
vt 0.6045 0.5106 1.0000
vt 0.6045 0.2704 1.0000
vt 0.6586 0.2704 1.0000
vt 0.6586 0.5106 1.0000
vt -0.1045 0.5110 1.0000
vt -0.1045 0.2706 1.0000
vt -0.1045 0.5106 1.0000
vt -0.1045 0.2704 1.0000
vt 0.8582 0.5110 1.0000
vt 0.6316 0.5110 1.0000
vt 0.1316 0.5110 1.0000
vt 0.3684 0.5110 1.0000
vt 0.8582 0.5106 1.0000
vt 0.6316 0.5106 1.0000
vt 0.1316 0.5106 1.0000
vt 0.3684 0.5106 1.0000
vt 0.8582 0.2706 1.0000
vt 0.1316 0.2706 1.0000
vt 0.3684 0.2706 1.0000
vt 0.6316 0.2706 1.0000
vt 0.6316 0.2704 1.0000
vt 0.8582 0.2704 1.0000
vt 0.1316 0.2704 1.0000
vt 0.3684 0.2704 1.0000
vt 0.8750 0.3987 1.0000
vt 0.7500 0.3987 1.0000
vt 0.7500 0.3558 1.0000
vt 0.8750 0.3558 1.0000
vt 0.0000 0.3987 1.0000
vt -0.1250 0.3987 1.0000
vt -0.1250 0.3558 1.0000
vt 0.0000 0.3558 1.0000
vt 0.1250 0.3987 1.0000
vt 0.1250 0.3558 1.0000
vt 0.2500 0.3987 1.0000
vt 0.2500 0.3558 1.0000
vt 0.3750 0.3987 1.0000
vt 0.3750 0.3558 1.0000
vt 0.5000 0.3987 1.0000
vt 0.5000 0.3558 1.0000
vt 0.6250 0.3987 1.0000
vt 0.6250 0.3558 1.0000
vt 0.6645 0.4007 1.0000
vt 0.7610 0.4007 1.0000
vt 0.3750 0.4007 1.0000
vt -0.0110 0.4007 1.0000
vt 0.0855 0.4007 1.0000
vt 0.1820 0.4007 1.0000
vt 0.2785 0.4007 1.0000
vt 0.4715 0.4007 1.0000
vt 0.5680 0.4007 1.0000
vt 0.7500 0.0707 1.0000
vt 0.8750 0.0707 1.0000
vt 0.8750 0.1136 1.0000
vt 0.7500 0.1136 1.0000
vt -0.1250 0.0707 1.0000
vt 0.0000 0.0707 1.0000
vt 0.0000 0.1136 1.0000
vt -0.1250 0.1136 1.0000
vt 0.1250 0.0707 1.0000
vt 0.1250 0.1136 1.0000
vt 0.2500 0.0707 1.0000
vt 0.2500 0.1136 1.0000
vt 0.3750 0.0707 1.0000
vt 0.3750 0.1136 1.0000
vt 0.5000 0.0707 1.0000
vt 0.5000 0.1136 1.0000
vt 0.6250 0.0707 1.0000
vt 0.6250 0.1136 1.0000
vt 0.7500 0.5552 1.0000
vt 0.8750 0.5552 1.0000
vt 0.8750 0.5981 1.0000
vt 0.7500 0.5981 1.0000
vt -0.1250 0.5552 1.0000
vt 0.0000 0.5552 1.0000
vt 0.0000 0.5981 1.0000
vt -0.1250 0.5981 1.0000
vt 0.1250 0.5552 1.0000
vt 0.1250 0.5981 1.0000
vt 0.2500 0.5552 1.0000
vt 0.2500 0.5981 1.0000
vt 0.3750 0.5552 1.0000
vt 0.3750 0.5981 1.0000
vt 0.5000 0.5552 1.0000
vt 0.5000 0.5981 1.0000
vt 0.6250 0.5552 1.0000
vt 0.6250 0.5981 1.0000
vt 0.8750 0.1565 1.0000
vt 0.7500 0.1565 1.0000
vt 0.0000 0.1565 1.0000
vt -0.1250 0.1565 1.0000
vt 0.1250 0.1565 1.0000
vt 0.2500 0.1565 1.0000
vt 0.3750 0.1565 1.0000
vt 0.5000 0.1565 1.0000
vt 0.6250 0.1565 1.0000
vt 0.8750 0.6410 1.0000
vt 0.7500 0.6410 1.0000
vt 0.0000 0.6410 1.0000
vt -0.1250 0.6410 1.0000
vt 0.1250 0.6410 1.0000
vt 0.2500 0.6410 1.0000
vt 0.3750 0.6410 1.0000
vt 0.5000 0.6410 1.0000
vt 0.6250 0.6410 1.0000
vt 0.7500 0.3130 1.0000
vt 0.8750 0.3130 1.0000
vt -0.1250 0.3130 1.0000
vt 0.0000 0.3130 1.0000
vt 0.1250 0.3130 1.0000
vt 0.2500 0.3130 1.0000
vt 0.3750 0.3130 1.0000
vt 0.5000 0.3130 1.0000
vt 0.6250 0.3130 1.0000
vt 0.7610 0.0687 1.0000
vt 0.6645 0.0687 1.0000
vt 0.3750 0.0687 1.0000
vt 0.0855 0.0687 1.0000
vt -0.0110 0.0687 1.0000
vt 0.1820 0.0687 1.0000
vt 0.2785 0.0687 1.0000
vt 0.4715 0.0687 1.0000
vt 0.5680 0.0687 1.0000
vt 0.7610 0.5532 1.0000
vt 0.6645 0.5532 1.0000
vt 0.3750 0.5532 1.0000
vt 0.0855 0.5532 1.0000
vt -0.0110 0.5532 1.0000
vt 0.1820 0.5532 1.0000
vt 0.2785 0.5532 1.0000
vt 0.4715 0.5532 1.0000
vt 0.5680 0.5532 1.0000
vt 0.6645 0.1585 1.0000
vt 0.7610 0.1585 1.0000
vt 0.3750 0.1585 1.0000
vt -0.0110 0.1585 1.0000
vt 0.0855 0.1585 1.0000
vt 0.1820 0.1585 1.0000
vt 0.2785 0.1585 1.0000
vt 0.4715 0.1585 1.0000
vt 0.5680 0.1585 1.0000
vt 0.6645 0.6430 1.0000
vt 0.7610 0.6430 1.0000
vt 0.3750 0.6430 1.0000
vt -0.0110 0.6430 1.0000
vt 0.0855 0.6430 1.0000
vt 0.1820 0.6430 1.0000
vt 0.2785 0.6430 1.0000
vt 0.4715 0.6430 1.0000
vt 0.5680 0.6430 1.0000
vt 0.7610 0.3110 1.0000
vt 0.6645 0.3110 1.0000
vt 0.3750 0.3110 1.0000
vt 0.0855 0.3110 1.0000
vt -0.0110 0.3110 1.0000
vt 0.1820 0.3110 1.0000
vt 0.2785 0.3110 1.0000
vt 0.4715 0.3110 1.0000
vt 0.5680 0.3110 1.0000
# 263 texture coords

o JailDoor_Module001
g JailDoor_Module001
usemtl Material__65
s 1
f 1/1/1 2/2/2 3/3/2 4/4/1 
s 2
f 2/5/2 5/6/3 6/7/3 3/8/2 
s 1
f 5/6/3 7/9/4 8/10/4 6/7/3 
s 2
f 7/9/4 9/11/5 10/12/5 8/10/4 
s 1
f 9/11/5 11/13/6 12/14/6 10/12/5 
s 2
f 11/13/6 13/15/7 14/16/7 12/14/6 
s 1
f 13/15/7 15/17/8 16/18/8 14/16/7 
s 2
f 15/17/8 1/1/1 4/4/1 16/18/8 
s 1
f 17/1/1 18/2/2 19/3/2 20/4/1 
s 2
f 18/5/2 21/6/3 22/7/3 19/8/2 
s 1
f 21/6/3 23/9/4 24/10/4 22/7/3 
s 2
f 23/9/4 25/11/5 26/12/5 24/10/4 
s 1
f 25/11/5 27/13/6 28/14/6 26/12/5 
s 2
f 27/13/6 29/15/9 30/16/9 28/14/6 
s 1
f 29/15/9 31/17/10 32/18/10 30/16/9 
s 2
f 31/17/10 17/1/1 20/4/1 32/18/10 
s 1
f 33/1/1 34/2/2 35/3/2 36/4/1 
s 2
f 34/5/2 37/6/3 38/7/3 35/8/2 
s 1
f 37/6/3 39/9/4 40/10/4 38/7/3 
s 2
f 39/9/4 41/11/5 42/12/5 40/10/4 
s 1
f 41/11/5 43/13/6 44/14/6 42/12/5 
s 2
f 43/13/6 45/15/7 46/16/7 44/14/6 
s 1
f 45/15/7 47/17/8 48/18/8 46/16/7 
s 2
f 47/17/8 33/1/1 36/4/1 48/18/8 
s 1
f 49/1/1 50/2/2 51/19/2 52/20/1 
s 2
f 50/5/2 53/6/11 54/21/11 51/22/2 
s 1
f 53/6/11 55/9/12 56/23/12 54/21/11 
s 2
f 55/9/12 57/11/5 58/24/5 56/23/12 
s 1
f 57/11/5 59/13/6 60/25/6 58/24/5 
s 2
f 59/13/6 61/15/7 62/26/7 60/25/6 
s 1
f 61/15/7 63/17/8 64/27/8 62/26/7 
s 2
f 63/17/8 49/1/1 52/20/1 64/27/8 
s 1
f 65/1/1 66/2/2 67/19/2 68/20/1 
s 2
f 66/5/2 69/6/3 70/21/3 67/22/2 
s 1
f 69/6/3 71/9/4 72/23/4 70/21/3 
s 2
f 71/9/4 73/11/5 74/24/5 72/23/4 
s 1
f 73/11/5 75/13/6 76/25/6 74/24/5 
s 2
f 75/13/6 77/15/7 78/26/7 76/25/6 
s 1
f 77/15/7 79/17/8 80/27/8 78/26/7 
s 2
f 79/17/8 65/1/1 68/20/1 80/27/8 
s 1
f 81/28/13 82/29/14 83/30/15 84/31/16 
f 85/32/17 86/33/18 87/34/19 88/35/20 
f 89/36/21 90/37/22 91/38/23 92/39/24 
f 93/40/25 94/41/26 95/42/27 96/43/28 
s 2
f 81/28/13 84/31/16 97/31/29 98/28/30 
s 4
f 85/32/17 88/35/20 99/35/31 100/32/32 
s 2
f 89/36/21 92/39/24 101/39/33 102/36/34 
s 4
f 93/40/25 96/43/28 103/43/35 104/40/36 
s 2
f 88/44/20 81/28/13 98/28/30 99/44/31 
f 92/39/24 85/32/17 100/32/32 101/39/33 
f 96/43/28 89/36/21 102/36/34 103/43/35 
f 84/31/16 93/40/25 104/40/36 97/31/29 
s 1
f 98/28/30 97/31/29 105/45/5 106/46/5 
f 100/32/32 99/35/31 106/35/5 107/47/5 
f 102/36/34 101/39/33 107/47/5 108/48/5 
f 104/40/36 103/43/35 108/48/5 105/45/5 
f 99/44/31 98/28/30 106/46/5 
f 101/39/33 100/32/32 107/47/5 
f 103/43/35 102/36/34 108/48/5 
f 97/31/29 104/40/36 105/45/5 
f 105/45/5 108/48/5 107/47/5 106/35/5 
s 8
f 82/29/14 81/28/13 88/44/20 87/49/19 
f 86/33/18 85/32/17 92/39/24 91/38/23 
f 90/37/22 89/36/21 96/43/28 95/42/27 
f 94/41/26 93/40/25 84/31/16 83/30/15 
s 1
f 109/28/37 110/31/38 83/30/15 82/29/14 
f 111/32/39 112/35/40 87/34/19 86/33/18 
f 113/36/41 114/39/42 91/38/23 90/37/22 
f 115/40/43 116/43/44 95/42/27 94/41/26 
s 2
f 109/28/37 117/28/45 118/31/46 110/31/38 
s 4
f 111/32/39 119/32/47 120/35/48 112/35/40 
s 2
f 113/36/41 121/36/49 122/39/50 114/39/42 
s 4
f 115/40/43 123/40/51 124/43/52 116/43/44 
s 2
f 112/44/40 120/44/48 117/28/45 109/28/37 
f 114/39/42 122/39/50 119/32/47 111/32/39 
f 116/43/44 124/43/52 121/36/49 113/36/41 
f 110/31/38 118/31/46 123/40/51 115/40/43 
s 1
f 117/28/45 125/46/1 126/45/1 118/31/46 
f 119/32/47 127/47/1 125/35/1 120/35/48 
f 121/36/49 128/48/1 127/47/1 122/39/50 
f 123/40/51 126/45/1 128/48/1 124/43/52 
f 120/44/48 125/46/1 117/28/45 
f 122/39/50 127/47/1 119/32/47 
f 124/43/52 128/48/1 121/36/49 
f 118/31/46 126/45/1 123/40/51 
f 126/45/1 125/35/1 127/47/1 128/48/1 
s 8
f 82/29/14 87/49/19 112/44/40 109/28/37 
f 86/33/18 91/38/23 114/39/42 111/32/39 
f 90/37/22 95/42/27 116/43/44 113/36/41 
f 94/41/26 83/30/15 110/31/38 115/40/43 
s 1
f 129/28/13 130/29/14 131/30/15 132/31/16 
f 133/32/17 134/33/53 135/34/19 136/35/54 
f 137/36/21 138/37/55 139/38/56 140/39/24 
f 141/40/57 142/41/26 143/42/58 144/43/28 
s 2
f 129/28/13 132/31/16 145/31/59 146/28/60 
s 4
f 133/32/17 136/35/54 147/35/31 148/32/32 
s 2
f 137/36/21 140/39/24 149/39/33 150/36/34 
s 4
f 141/40/57 144/43/28 151/43/35 152/40/36 
s 2
f 136/44/54 129/28/13 146/28/60 147/44/31 
f 140/39/24 133/32/17 148/32/32 149/39/33 
f 144/43/28 137/36/21 150/36/34 151/43/35 
f 132/31/16 141/40/57 152/40/36 145/31/59 
s 1
f 146/28/60 145/31/59 153/45/5 154/46/5 
f 148/32/32 147/35/31 154/35/5 155/47/5 
f 150/36/34 149/39/33 155/47/5 156/48/5 
f 152/40/36 151/43/35 156/48/5 153/45/5 
f 147/44/31 146/28/60 154/46/5 
f 149/39/33 148/32/32 155/47/5 
f 151/43/35 150/36/34 156/48/5 
f 145/31/59 152/40/36 153/45/5 
f 153/45/5 156/48/5 155/47/5 154/35/5 
s 8
f 130/29/14 129/28/13 136/44/54 135/49/19 
f 134/33/53 133/32/17 140/39/24 139/38/56 
f 138/37/55 137/36/21 144/43/28 143/42/58 
f 142/41/26 141/40/57 132/31/16 131/30/15 
s 1
f 157/28/37 158/31/38 131/30/15 130/29/14 
f 159/32/39 160/35/61 135/34/19 134/33/53 
f 161/36/41 162/39/42 139/38/56 138/37/55 
f 163/40/62 164/43/44 143/42/58 142/41/26 
s 2
f 157/28/37 165/28/63 166/31/64 158/31/38 
s 4
f 159/32/39 167/32/47 168/35/48 160/35/61 
s 2
f 161/36/41 169/36/49 170/39/50 162/39/42 
s 4
f 163/40/62 171/40/51 172/43/52 164/43/44 
s 2
f 160/44/61 168/44/48 165/28/63 157/28/37 
f 162/39/42 170/39/50 167/32/47 159/32/39 
f 164/43/44 172/43/52 169/36/49 161/36/41 
f 158/31/38 166/31/64 171/40/51 163/40/62 
s 1
f 165/28/63 173/46/1 174/45/1 166/31/64 
f 167/32/47 175/47/1 173/35/1 168/35/48 
f 169/36/49 176/48/1 175/47/1 170/39/50 
f 171/40/51 174/45/1 176/48/1 172/43/52 
f 168/44/48 173/46/1 165/28/63 
f 170/39/50 175/47/1 167/32/47 
f 172/43/52 176/48/1 169/36/49 
f 166/31/64 174/45/1 171/40/51 
f 174/45/1 173/35/1 175/47/1 176/48/1 
s 8
f 130/29/14 135/49/19 160/44/61 157/28/37 
f 134/33/53 139/38/56 162/39/42 159/32/39 
f 138/37/55 143/42/58 164/43/44 161/36/41 
f 142/41/26 131/30/15 158/31/38 163/40/62 
s 1
f 177/50/8 178/51/8 179/52/2 180/53/2 
f 181/54/2 182/55/2 183/56/8 184/57/8 
s 2
f 185/58/4 186/59/4 182/60/2 181/61/2 
s 1
f 187/62/6 188/63/6 189/64/4 190/65/4 
s 2
f 178/51/8 177/50/8 188/63/6 187/62/6 
f 184/57/8 183/56/8 191/66/6 192/67/6 
f 190/65/4 189/64/4 180/53/2 179/52/2 
s 1
f 192/67/6 191/66/6 186/59/4 185/58/4 
f 193/68/2 194/19/2 195/20/1 196/69/1 
s 2
f 197/70/3 198/21/3 194/22/2 193/71/2 
s 1
f 199/72/4 200/23/4 198/21/3 197/70/3 
s 2
f 201/73/5 202/24/5 200/23/4 199/72/4 
s 1
f 203/74/6 204/25/6 202/24/5 201/73/5 
s 2
f 205/75/7 206/26/7 204/25/6 203/74/6 
s 1
f 207/76/8 208/27/8 206/26/7 205/75/7 
s 2
f 196/69/1 195/20/1 208/27/8 207/76/8 
s 1
f 209/68/2 210/19/2 211/20/1 212/69/1 
s 2
f 213/70/3 214/21/3 210/22/2 209/71/2 
s 1
f 215/72/4 216/23/4 214/21/3 213/70/3 
s 2
f 217/73/5 218/24/5 216/23/4 215/72/4 
s 1
f 219/74/6 220/25/6 218/24/5 217/73/5 
s 2
f 221/75/9 222/26/9 220/25/6 219/74/6 
s 1
f 223/76/10 224/27/10 222/26/9 221/75/9 
s 2
f 212/69/1 211/20/1 224/27/10 223/76/10 
s 1
f 225/68/2 226/19/2 227/20/1 228/69/1 
s 2
f 229/70/3 230/21/3 226/22/2 225/71/2 
s 1
f 231/72/4 232/23/4 230/21/3 229/70/3 
s 2
f 233/73/5 234/24/5 232/23/4 231/72/4 
s 1
f 235/74/6 236/25/6 234/24/5 233/73/5 
s 2
f 237/75/7 238/26/7 236/25/6 235/74/6 
s 1
f 239/76/8 240/27/8 238/26/7 237/75/7 
s 2
f 228/69/1 227/20/1 240/27/8 239/76/8 
s 1
f 241/77/65 242/78/66 243/79/67 244/80/68 
f 245/81/69 246/82/70 247/83/71 248/84/72 
f 249/85/73 250/86/74 251/87/75 252/88/76 
f 253/89/77 254/90/78 255/91/79 256/92/80 
f 257/93/81 258/94/82 259/95/83 260/96/84 
f 261/97/85 262/98/86 263/99/87 264/100/88 
f 265/101/89 266/102/90 267/103/91 268/104/92 
f 269/105/93 270/106/94 271/107/95 272/108/96 
s 2
f 242/78/66 241/77/65 256/92/80 255/91/79 
f 246/82/70 245/81/69 244/109/68 243/110/67 
f 250/86/74 249/85/73 248/84/72 247/83/71 
f 254/90/78 253/89/77 252/88/76 251/87/75 
f 258/94/82 257/93/81 272/108/96 271/107/95 
f 262/98/86 261/97/85 260/111/84 259/112/83 
f 266/102/90 265/101/89 264/100/88 263/99/87 
f 270/106/94 269/105/93 268/104/92 267/103/91 
s 4
f 256/92/80 241/77/65 273/113/97 274/114/98 
f 244/109/68 245/81/69 275/115/99 273/109/97 
f 248/84/72 249/85/73 276/116/100 275/115/99 
f 252/88/76 253/89/77 274/114/98 276/116/100 
f 241/77/65 244/80/68 273/113/97 
f 245/81/69 248/84/72 275/115/99 
f 249/85/73 252/88/76 276/116/100 
f 253/89/77 256/92/80 274/114/98 
f 272/108/96 257/93/81 277/117/101 278/118/102 
f 260/111/84 261/97/85 279/119/103 277/111/101 
f 264/100/88 265/101/89 280/120/104 279/119/103 
f 268/104/92 269/105/93 278/118/102 280/120/104 
f 257/93/81 260/96/84 277/117/101 
f 261/97/85 264/100/88 279/119/103 
f 265/101/89 268/104/92 280/120/104 
f 269/105/93 272/108/96 278/118/102 
f 243/79/67 242/78/66 281/121/105 
f 247/83/71 246/82/70 282/122/106 
f 251/87/75 250/86/74 283/123/107 
f 255/91/79 254/90/78 284/124/108 
f 242/78/66 255/91/79 284/124/108 281/121/105 
f 246/82/70 243/110/67 281/110/105 282/122/106 
f 250/86/74 247/83/71 282/122/106 283/123/107 
f 254/90/78 251/87/75 283/123/107 284/124/108 
f 258/94/82 271/107/95 285/125/109 286/126/110 
f 262/98/86 259/112/83 286/112/110 287/127/111 
f 266/102/90 263/99/87 287/127/111 288/128/112 
f 270/106/94 267/103/91 288/128/112 285/125/109 
f 259/95/83 258/94/82 286/126/110 
f 263/99/87 262/98/86 287/127/111 
f 267/103/91 266/102/90 288/128/112 
f 271/107/95 270/106/94 285/125/109 
f 273/113/97 275/115/99 276/116/100 274/114/98 
f 277/117/101 279/119/103 280/120/104 278/118/102 
f 284/124/108 283/123/107 282/122/106 281/110/105 
f 285/125/109 288/128/112 287/127/111 286/112/110 
s 1
f 289/77/65 290/78/66 291/79/67 292/80/68 
f 293/81/69 294/82/70 295/83/71 296/84/72 
f 297/85/73 298/86/74 299/87/75 300/88/76 
f 301/89/77 302/90/78 303/91/79 304/92/80 
s 2
f 290/78/66 289/77/65 304/92/80 303/91/79 
f 294/82/70 293/81/69 292/109/68 291/110/67 
f 298/86/74 297/85/73 296/84/72 295/83/71 
f 302/90/78 301/89/77 300/88/76 299/87/75 
s 4
f 304/92/80 289/77/65 305/113/97 306/114/98 
f 292/109/68 293/81/69 307/115/99 305/109/97 
f 296/84/72 297/85/73 308/116/100 307/115/99 
f 300/88/76 301/89/77 306/114/98 308/116/100 
f 289/77/65 292/80/68 305/113/97 
f 293/81/69 296/84/72 307/115/99 
f 297/85/73 300/88/76 308/116/100 
f 301/89/77 304/92/80 306/114/98 
f 291/79/67 290/78/66 309/121/105 
f 295/83/71 294/82/70 310/122/106 
f 299/87/75 298/86/74 311/123/107 
f 303/91/79 302/90/78 312/124/113 
f 290/78/66 303/91/79 312/124/113 309/121/105 
f 294/82/70 291/110/67 309/110/105 310/122/106 
f 298/86/74 295/83/71 310/122/106 311/123/107 
f 302/90/78 299/87/75 311/123/107 312/124/113 
f 305/113/97 307/115/99 308/116/100 306/114/98 
f 312/124/113 311/123/107 310/122/106 309/110/105 
s 1
f 313/129/114 314/130/115 315/131/1 316/132/116 
s 2
f 317/133/117 313/134/114 316/135/116 318/136/118 
s 1
f 319/137/119 317/133/117 318/136/118 320/138/120 
s 2
f 321/139/121 319/137/119 320/138/120 322/140/5 
s 1
f 323/141/122 321/139/121 322/140/5 324/142/123 
s 2
f 325/143/124 323/141/122 324/142/123 326/144/125 
s 1
f 327/145/126 325/143/124 326/144/125 328/146/127 
s 2
f 314/130/115 327/145/126 328/146/127 315/131/1 
s 1
f 329/147/128 330/148/129 331/149/7 
f 330/150/129 332/151/130 331/149/7 
f 332/151/130 333/152/131 331/149/7 
f 333/152/131 334/153/132 331/149/7 
f 334/153/132 335/149/133 331/149/7 
f 335/149/133 336/154/134 331/149/7 
f 336/154/134 337/155/135 331/149/7 
f 337/155/135 329/147/128 331/149/7 
s 4
f 314/130/115 313/129/114 338/148/136 339/147/137 
s 8
f 313/134/114 317/133/117 340/151/138 338/150/136 
s 4
f 317/133/117 319/137/119 341/152/139 340/151/138 
s 8
f 319/137/119 321/139/121 342/153/140 341/152/139 
s 4
f 321/139/121 323/141/122 343/149/141 342/153/140 
s 8
f 323/141/122 325/143/124 344/154/142 343/149/141 
s 4
f 325/143/124 327/145/126 345/155/143 344/154/142 
s 8
f 327/145/126 314/130/115 339/147/137 345/155/143 
s off
f 339/147/137 338/148/136 330/148/129 329/147/128 
f 338/150/136 340/151/138 332/151/130 330/150/129 
f 340/151/138 341/152/139 333/152/131 332/151/130 
f 341/152/139 342/153/140 334/153/132 333/152/131 
f 342/153/140 343/149/141 335/149/133 334/153/132 
f 343/149/141 344/154/142 336/154/134 335/149/133 
f 344/154/142 345/155/143 337/155/135 336/154/134 
f 345/155/143 339/147/137 329/147/128 337/155/135 
s 1
f 346/129/144 316/132/116 315/131/1 347/130/145 
s 2
f 348/133/146 318/136/118 316/135/116 346/134/144 
s 1
f 349/137/147 320/138/120 318/136/118 348/133/146 
s 2
f 350/139/148 322/140/5 320/138/120 349/137/147 
s 1
f 351/141/149 324/142/123 322/140/5 350/139/148 
s 2
f 352/143/150 326/144/125 324/142/123 351/141/149 
s 1
f 353/145/151 328/146/127 326/144/125 352/143/150 
s 2
f 347/130/145 315/131/1 328/146/127 353/145/151 
s 1
f 354/147/152 355/149/3 356/148/153 
f 356/150/153 355/149/3 357/151/154 
f 357/151/154 355/149/3 358/152/155 
f 358/152/155 355/149/3 359/153/156 
f 359/153/156 355/149/3 360/149/157 
f 360/149/157 355/149/3 361/154/158 
f 361/154/158 355/149/3 362/155/159 
f 362/155/159 355/149/3 354/147/152 
s 4
f 347/130/145 363/147/160 364/148/161 346/129/144 
s 8
f 346/134/144 364/150/161 365/151/162 348/133/146 
s 4
f 348/133/146 365/151/162 366/152/163 349/137/147 
s 8
f 349/137/147 366/152/163 367/153/164 350/139/148 
s 4
f 350/139/148 367/153/164 368/149/165 351/141/149 
s 8
f 351/141/149 368/149/165 369/154/166 352/143/150 
s 4
f 352/143/150 369/154/166 370/155/167 353/145/151 
s 8
f 353/145/151 370/155/167 363/147/160 347/130/145 
s off
f 363/147/160 354/147/152 356/148/153 364/148/161 
f 364/150/161 356/150/153 357/151/154 365/151/162 
f 365/151/162 357/151/154 358/152/155 366/152/163 
f 366/152/163 358/152/155 359/153/156 367/153/164 
f 367/153/164 359/153/156 360/149/157 368/149/165 
f 368/149/165 360/149/157 361/154/158 369/154/166 
f 369/154/166 361/154/158 362/155/159 370/155/167 
f 370/155/167 362/155/159 354/147/152 363/147/160 
s 1
f 371/156/168 372/157/169 373/158/2 374/159/1 
s 2
f 372/160/169 375/161/170 376/162/3 373/163/2 
s 1
f 375/161/170 377/164/171 378/165/4 376/162/3 
s 2
f 377/164/171 379/166/172 380/167/5 378/165/4 
s 1
f 379/166/172 381/168/173 382/169/6 380/167/5 
s 2
f 381/168/173 383/170/174 384/171/7 382/169/6 
s 1
f 383/170/174 385/172/175 386/173/10 384/171/7 
s 2
f 385/172/175 371/156/168 374/159/1 386/173/10 
s 1
f 387/129/176 388/130/177 389/131/1 390/132/2 
s 2
f 391/133/178 387/134/176 390/135/2 392/136/3 
s 1
f 393/137/179 391/133/178 392/136/3 394/138/4 
s 2
f 395/139/180 393/137/179 394/138/4 396/140/5 
s 1
f 397/141/181 395/139/180 396/140/5 398/142/6 
s 2
f 399/143/182 397/141/181 398/142/6 400/144/7 
s 1
f 401/145/183 399/143/182 400/144/7 402/146/10 
s 2
f 388/130/177 401/145/183 402/146/10 389/131/1 
s 1
f 403/174/168 404/175/169 405/176/2 406/177/1 
s 2
f 404/178/169 407/179/170 408/180/3 405/181/2 
s 1
f 407/179/170 409/182/171 410/183/4 408/180/3 
s 2
f 409/182/171 411/184/172 412/185/5 410/183/4 
s 1
f 411/184/172 413/186/173 414/187/6 412/185/5 
s 2
f 413/186/173 415/188/174 416/189/7 414/187/6 
s 1
f 415/188/174 417/190/175 418/191/10 416/189/7 
s 2
f 417/190/175 403/174/168 406/177/1 418/191/10 
s 1
f 419/192/184 420/193/185 374/159/1 373/158/2 
s 2
f 421/194/186 419/195/184 373/163/2 376/162/3 
s 1
f 422/196/179 421/194/186 376/162/3 378/165/4 
s 2
f 423/197/187 422/196/179 378/165/4 380/167/5 
s 1
f 424/198/181 423/197/187 380/167/5 382/169/6 
s 2
f 425/199/182 424/198/181 382/169/6 384/171/7 
s 1
f 426/200/183 425/199/182 384/171/7 386/173/10 
s 2
f 420/193/185 426/200/183 386/173/10 374/159/1 
s 1
f 427/201/176 428/202/177 406/177/1 405/176/2 
s 2
f 429/203/178 427/204/176 405/181/2 408/180/3 
s 1
f 430/205/179 429/203/178 408/180/3 410/183/4 
s 2
f 431/206/180 430/205/179 410/183/4 412/185/5 
s 1
f 432/207/181 431/206/180 412/185/5 414/187/6 
s 2
f 433/208/182 432/207/181 414/187/6 416/189/7 
s 1
f 434/209/183 433/208/182 416/189/7 418/191/10 
s 2
f 428/202/177 434/209/183 418/191/10 406/177/1 
s 1
f 435/210/188 436/211/169 390/132/2 389/131/1 
s 2
f 436/212/169 437/213/170 392/136/3 390/135/2 
s 1
f 437/213/170 438/214/171 394/138/4 392/136/3 
s 2
f 438/214/171 439/215/172 396/140/5 394/138/4 
s 1
f 439/215/172 440/216/173 398/142/6 396/140/5 
s 2
f 440/216/173 441/217/174 400/144/7 398/142/6 
s 1
f 441/217/174 442/218/175 402/146/10 400/144/7 
s 2
f 442/218/175 435/210/188 389/131/1 402/146/10 
s 1
f 443/219/189 444/220/190 445/221/125 
f 446/222/191 443/223/189 445/221/125 
f 447/224/192 446/222/191 445/221/125 
f 448/225/193 447/224/192 445/221/125 
f 449/221/194 448/225/193 445/221/125 
f 450/226/195 449/221/194 445/221/125 
f 451/227/196 450/226/195 445/221/125 
f 444/220/190 451/227/196 445/221/125 
f 452/147/197 453/148/198 454/149/199 
f 453/150/198 455/151/200 454/149/199 
f 455/151/200 456/152/201 454/149/199 
f 456/152/201 457/153/202 454/149/199 
f 457/153/202 458/149/203 454/149/199 
f 458/149/203 459/154/204 454/149/199 
f 459/154/204 460/155/205 454/149/199 
f 460/155/205 452/147/197 454/149/199 
f 461/228/189 462/229/206 463/230/207 
f 464/231/191 461/232/189 463/230/207 
f 465/233/192 464/231/191 463/230/207 
f 466/234/193 465/233/192 463/230/207 
f 467/230/194 466/234/193 463/230/207 
f 468/235/195 467/230/194 463/230/207 
f 469/236/196 468/235/195 463/230/207 
f 462/229/206 469/236/196 463/230/207 
f 470/237/208 471/238/198 472/239/199 
f 471/240/198 473/241/200 472/239/199 
f 473/241/200 474/242/201 472/239/199 
f 474/242/201 475/243/202 472/239/199 
f 475/243/202 476/239/203 472/239/199 
f 476/239/203 477/244/204 472/239/199 
f 477/244/204 478/245/205 472/239/199 
f 478/245/205 470/237/208 472/239/199 
f 479/246/197 480/247/198 481/248/118 
f 480/249/198 482/250/200 481/248/118 
f 482/250/200 483/251/201 481/248/118 
f 483/251/201 484/252/202 481/248/118 
f 484/252/202 485/248/203 481/248/118 
f 485/248/203 486/253/204 481/248/118 
f 486/253/204 487/254/205 481/248/118 
f 487/254/205 479/246/197 481/248/118 
f 488/255/189 489/256/206 490/257/125 
f 491/258/191 488/259/189 490/257/125 
f 492/260/192 491/258/191 490/257/125 
f 493/261/193 492/260/192 490/257/125 
f 494/257/194 493/261/193 490/257/125 
f 495/262/195 494/257/194 490/257/125 
f 496/263/196 495/262/195 490/257/125 
f 489/256/206 496/263/196 490/257/125 
s 4
f 372/157/169 371/156/168 444/220/190 443/219/189 
s 8
f 375/161/170 372/160/169 443/223/189 446/222/191 
s 4
f 377/164/171 375/161/170 446/222/191 447/224/192 
s 8
f 379/166/172 377/164/171 447/224/192 448/225/193 
s 4
f 381/168/173 379/166/172 448/225/193 449/221/194 
s 8
f 383/170/174 381/168/173 449/221/194 450/226/195 
s 4
f 385/172/175 383/170/174 450/226/195 451/227/196 
s 8
f 371/156/168 385/172/175 451/227/196 444/220/190 
s 4
f 388/130/177 387/129/176 453/148/198 452/147/197 
s 8
f 387/134/176 391/133/178 455/151/200 453/150/198 
s 4
f 391/133/178 393/137/179 456/152/201 455/151/200 
s 8
f 393/137/179 395/139/180 457/153/202 456/152/201 
s 4
f 395/139/180 397/141/181 458/149/203 457/153/202 
s 8
f 397/141/181 399/143/182 459/154/204 458/149/203 
s 4
f 399/143/182 401/145/183 460/155/205 459/154/204 
s 8
f 401/145/183 388/130/177 452/147/197 460/155/205 
s 4
f 404/175/169 403/174/168 462/229/206 461/228/189 
s 8
f 407/179/170 404/178/169 461/232/189 464/231/191 
s 4
f 409/182/171 407/179/170 464/231/191 465/233/192 
s 8
f 411/184/172 409/182/171 465/233/192 466/234/193 
s 4
f 413/186/173 411/184/172 466/234/193 467/230/194 
s 8
f 415/188/174 413/186/173 467/230/194 468/235/195 
s 4
f 417/190/175 415/188/174 468/235/195 469/236/196 
s 8
f 403/174/168 417/190/175 469/236/196 462/229/206 
s 4
f 420/193/185 419/192/184 471/238/198 470/237/208 
s 8
f 419/195/184 421/194/186 473/241/200 471/240/198 
s 4
f 421/194/186 422/196/179 474/242/201 473/241/200 
s 8
f 422/196/179 423/197/187 475/243/202 474/242/201 
s 4
f 423/197/187 424/198/181 476/239/203 475/243/202 
s 8
f 424/198/181 425/199/182 477/244/204 476/239/203 
s 4
f 425/199/182 426/200/183 478/245/205 477/244/204 
s 8
f 426/200/183 420/193/185 470/237/208 478/245/205 
s 4
f 428/202/177 427/201/176 480/247/198 479/246/197 
s 8
f 427/204/176 429/203/178 482/250/200 480/249/198 
s 4
f 429/203/178 430/205/179 483/251/201 482/250/200 
s 8
f 430/205/179 431/206/180 484/252/202 483/251/201 
s 4
f 431/206/180 432/207/181 485/248/203 484/252/202 
s 8
f 432/207/181 433/208/182 486/253/204 485/248/203 
s 4
f 433/208/182 434/209/183 487/254/205 486/253/204 
s 8
f 434/209/183 428/202/177 479/246/197 487/254/205 
s 4
f 436/211/169 435/210/188 489/256/206 488/255/189 
s 8
f 437/213/170 436/212/169 488/259/189 491/258/191 
s 4
f 438/214/171 437/213/170 491/258/191 492/260/192 
s 8
f 439/215/172 438/214/171 492/260/192 493/261/193 
s 4
f 440/216/173 439/215/172 493/261/193 494/257/194 
s 8
f 441/217/174 440/216/173 494/257/194 495/262/195 
s 4
f 442/218/175 441/217/174 495/262/195 496/263/196 
s 8
f 435/210/188 442/218/175 496/263/196 489/256/206 
# 354 polygons - 104 triangles

#
# object Object072
#

v  3.9453 3.1851 0.6591
v  3.9184 3.1851 0.6650
v  3.9184 6.3155 0.6650
v  3.9453 6.3155 0.6591
v  3.9036 3.1851 0.6883
v  3.9036 6.3155 0.6883
v  3.9095 3.1851 0.7152
v  3.9095 6.3155 0.7152
v  3.9328 3.1851 0.7300
v  3.9328 6.3155 0.7300
v  3.9597 3.1851 0.7241
v  3.9597 6.3155 0.7241
v  3.9745 3.1851 0.7008
v  3.9745 6.3155 0.7008
v  3.9686 3.1851 0.6739
v  3.9686 6.3155 0.6739
v  0.0360 3.1851 3.9998
v  0.0255 3.1851 3.9743
v  0.0255 6.3155 3.9743
v  0.0360 6.3155 3.9998
v  0.0000 3.1851 3.9638
v  0.0000 6.3155 3.9638
v  -0.0255 3.1851 3.9743
v  -0.0255 6.3155 3.9743
v  -0.0360 3.1851 3.9998
v  -0.0360 6.3155 3.9998
v  -0.0255 3.1851 4.0253
v  -0.0255 6.3155 4.0253
v  0.0000 3.1851 4.0358
v  0.0000 6.3155 4.0358
v  0.0255 3.1851 4.0253
v  0.0255 6.3155 4.0253
v  0.3150 3.1851 3.9876
v  0.3027 3.1851 3.9629
v  0.3027 6.3155 3.9629
v  0.3150 6.3155 3.9876
v  0.2765 3.1851 3.9541
v  0.2765 6.3155 3.9541
v  0.2518 3.1851 3.9664
v  0.2518 6.3155 3.9664
v  0.2431 3.1851 3.9926
v  0.2431 6.3155 3.9926
v  0.2554 3.1851 4.0173
v  0.2554 6.3155 4.0173
v  0.2815 3.1851 4.0260
v  0.2815 6.3155 4.0260
v  0.3062 3.1851 4.0137
v  0.3062 6.3155 4.0137
v  0.5923 3.1851 3.9559
v  0.5784 3.1851 3.9321
v  0.5784 6.3155 3.9321
v  0.5923 6.3155 3.9559
v  0.5517 3.1851 3.9252
v  0.5517 6.3155 3.9252
v  0.5279 3.1851 3.9392
v  0.5279 6.3155 3.9392
v  0.5210 3.1851 3.9659
v  0.5210 6.3155 3.9659
v  0.5350 3.1851 3.9897
v  0.5350 6.3155 3.9897
v  0.5617 3.1851 3.9966
v  0.5617 6.3155 3.9966
v  0.5854 3.1851 3.9826
v  0.5854 6.3155 3.9826
v  0.8669 3.1851 3.9049
v  0.8512 3.1851 3.8822
v  0.8512 6.3155 3.8822
v  0.8669 6.3155 3.9049
v  0.8241 3.1851 3.8772
v  0.8241 6.3155 3.8772
v  0.8014 3.1851 3.8928
v  0.8014 6.3155 3.8928
v  0.7964 3.1851 3.9199
v  0.7964 6.3155 3.9199
v  0.8120 3.1851 3.9426
v  0.8120 6.3155 3.9426
v  0.8391 3.1851 3.9477
v  0.8391 6.3155 3.9477
v  0.8618 3.1851 3.9320
v  0.8618 6.3155 3.9320
v  1.1371 3.1851 3.8349
v  1.1200 3.1851 3.8134
v  1.1200 6.3155 3.8134
v  1.1371 6.3155 3.8349
v  1.0926 3.1851 3.8102
v  1.0926 6.3155 3.8102
v  1.0710 3.1851 3.8274
v  1.0710 6.3155 3.8274
v  1.0679 3.1851 3.8548
v  1.0679 6.3155 3.8548
v  1.0850 3.1851 3.8764
v  1.0850 6.3155 3.8764
v  1.1124 3.1851 3.8795
v  1.1124 6.3155 3.8795
v  1.1340 3.1851 3.8623
v  1.1340 6.3155 3.8623
v  1.4019 3.1851 3.7463
v  1.3832 3.1851 3.7259
v  1.3832 6.3155 3.7259
v  1.4019 6.3155 3.7463
v  1.3557 3.1851 3.7247
v  1.3557 6.3155 3.7247
v  1.3354 3.1851 3.7434
v  1.3354 6.3155 3.7434
v  1.3342 3.1851 3.7709
v  1.3342 6.3155 3.7709
v  1.3528 3.1851 3.7913
v  1.3528 6.3155 3.7913
v  1.3803 3.1851 3.7925
v  1.3803 6.3155 3.7925
v  1.4007 3.1851 3.7738
v  1.4007 6.3155 3.7738
v  1.6598 3.1851 3.6394
v  1.6398 3.1851 3.6204
v  1.6398 6.3155 3.6204
v  1.6598 6.3155 3.6394
v  1.6122 3.1851 3.6211
v  1.6122 6.3155 3.6211
v  1.5932 3.1851 3.6411
v  1.5932 6.3155 3.6411
v  1.5940 3.1851 3.6687
v  1.5940 6.3155 3.6687
v  1.6140 3.1851 3.6877
v  1.6140 6.3155 3.6877
v  1.6415 3.1851 3.6869
v  1.6415 6.3155 3.6869
v  1.6605 3.1851 3.6669
v  1.6605 6.3155 3.6669
v  1.9096 3.1851 3.5147
v  1.8883 3.1851 3.4972
v  1.8883 6.3155 3.4972
v  1.9096 6.3155 3.5147
v  1.8609 3.1851 3.4998
v  1.8609 6.3155 3.4998
v  1.8433 3.1851 3.5211
v  1.8433 6.3155 3.5211
v  1.8460 3.1851 3.5485
v  1.8460 6.3155 3.5485
v  1.8673 3.1851 3.5661
v  1.8673 6.3155 3.5661
v  1.8947 3.1851 3.5634
v  1.8947 6.3155 3.5634
v  1.9123 3.1851 3.5422
v  1.9123 6.3155 3.5422
v  2.1501 3.1851 3.3729
v  2.1277 3.1851 3.3569
v  2.1277 6.3155 3.3569
v  2.1501 6.3155 3.3729
v  2.1005 3.1851 3.3615
v  2.1005 6.3155 3.3615
v  2.0845 3.1851 3.3839
v  2.0845 6.3155 3.3839
v  2.0890 3.1851 3.4111
v  2.0890 6.3155 3.4111
v  2.1115 3.1851 3.4271
v  2.1115 6.3155 3.4271
v  2.1387 3.1851 3.4226
v  2.1387 6.3155 3.4226
v  2.1547 3.1851 3.4001
v  2.1547 6.3155 3.4001
v  2.3802 3.1851 3.2147
v  2.3567 3.1851 3.2003
v  2.3567 6.3155 3.2003
v  2.3802 6.3155 3.2147
v  2.3299 3.1851 3.2068
v  2.3299 6.3155 3.2068
v  2.3154 3.1851 3.2303
v  2.3154 6.3155 3.2303
v  2.3219 3.1851 3.2571
v  2.3219 6.3155 3.2571
v  2.3454 3.1851 3.2715
v  2.3454 6.3155 3.2715
v  2.3722 3.1851 3.2651
v  2.3722 6.3155 3.2651
v  2.3866 3.1851 3.2416
v  2.3866 6.3155 3.2416
v  2.5986 3.1851 3.0409
v  2.5742 3.1851 3.0281
v  2.5742 6.3155 3.0281
v  2.5986 6.3155 3.0409
v  2.5479 3.1851 3.0364
v  2.5479 6.3155 3.0364
v  2.5351 3.1851 3.0609
v  2.5351 6.3155 3.0609
v  2.5434 3.1851 3.0872
v  2.5434 6.3155 3.0872
v  2.5679 3.1851 3.0999
v  2.5679 6.3155 3.0999
v  2.5942 3.1851 3.0916
v  2.5942 6.3155 3.0916
v  2.6069 3.1851 3.0672
v  2.6069 6.3155 3.0672
v  2.8044 3.1851 2.8522
v  2.7791 3.1851 2.8412
v  2.7791 6.3155 2.8412
v  2.8044 6.3155 2.8522
v  2.7535 3.1851 2.8513
v  2.7535 6.3155 2.8513
v  2.7425 3.1851 2.8766
v  2.7425 6.3155 2.8766
v  2.7526 3.1851 2.9023
v  2.7526 6.3155 2.9023
v  2.7779 3.1851 2.9133
v  2.7779 6.3155 2.9133
v  2.8035 3.1851 2.9031
v  2.8035 6.3155 2.9031
v  2.8145 3.1851 2.8779
v  2.8145 6.3155 2.8779
v  2.9966 3.1851 2.6496
v  2.9706 3.1851 2.6404
v  2.9706 6.3155 2.6404
v  2.9966 6.3155 2.6496
v  2.9457 3.1851 2.6523
v  2.9457 6.3155 2.6523
v  2.9365 3.1851 2.6783
v  2.9365 6.3155 2.6783
v  2.9483 3.1851 2.7032
v  2.9483 6.3155 2.7032
v  2.9743 3.1851 2.7124
v  2.9743 6.3155 2.7124
v  2.9992 3.1851 2.7005
v  2.9992 6.3155 2.7005
v  3.0084 3.1851 2.6745
v  3.0084 6.3155 2.6745
v  3.1741 3.1851 2.4341
v  3.1475 3.1851 2.4268
v  3.1475 6.3155 2.4268
v  3.1741 6.3155 2.4341
v  3.1235 3.1851 2.4403
v  3.1235 6.3155 2.4403
v  3.1161 3.1851 2.4669
v  3.1161 6.3155 2.4669
v  3.1297 3.1851 2.4909
v  3.1297 6.3155 2.4909
v  3.1563 3.1851 2.4983
v  3.1563 6.3155 2.4983
v  3.1803 3.1851 2.4847
v  3.1803 6.3155 2.4847
v  3.1877 3.1851 2.4581
v  3.1877 6.3155 2.4581
v  3.3361 3.1851 2.2068
v  3.3091 3.1851 2.2013
v  3.3091 6.3155 2.2013
v  3.3361 6.3155 2.2068
v  3.2861 3.1851 2.2165
v  3.2861 6.3155 2.2165
v  3.2806 3.1851 2.2435
v  3.2806 6.3155 2.2435
v  3.2959 3.1851 2.2665
v  3.2959 6.3155 2.2665
v  3.3229 3.1851 2.2720
v  3.3229 6.3155 2.2720
v  3.3459 3.1851 2.2568
v  3.3459 6.3155 2.2568
v  3.3514 3.1851 2.2298
v  3.3514 6.3155 2.2298
v  3.4820 3.1851 1.9687
v  3.4546 3.1851 1.9651
v  3.4546 6.3155 1.9651
v  3.4820 6.3155 1.9687
v  3.4327 3.1851 1.9819
v  3.4327 6.3155 1.9819
v  3.4291 3.1851 2.0092
v  3.4291 6.3155 2.0092
v  3.4459 3.1851 2.0311
v  3.4459 6.3155 2.0311
v  3.4733 3.1851 2.0347
v  3.4733 6.3155 2.0347
v  3.4951 3.1851 2.0179
v  3.4951 6.3155 2.0179
v  3.4987 3.1851 1.9906
v  3.4987 6.3155 1.9906
v  3.6108 3.1851 1.7210
v  3.5833 3.1851 1.7193
v  3.5833 6.3155 1.7193
v  3.6108 6.3155 1.7210
v  3.5626 3.1851 1.7376
v  3.5626 6.3155 1.7376
v  3.5609 3.1851 1.7651
v  3.5609 6.3155 1.7651
v  3.5792 3.1851 1.7858
v  3.5792 6.3155 1.7858
v  3.6067 3.1851 1.7875
v  3.6067 6.3155 1.7875
v  3.6274 3.1851 1.7692
v  3.6274 6.3155 1.7692
v  3.6291 3.1851 1.7417
v  3.6291 6.3155 1.7417
v  3.7221 3.1851 1.4650
v  3.6945 3.1851 1.4652
v  3.6945 6.3155 1.4652
v  3.7221 6.3155 1.4650
v  3.6752 3.1851 1.4849
v  3.6752 6.3155 1.4849
v  3.6754 3.1851 1.5124
v  3.6754 6.3155 1.5124
v  3.6951 3.1851 1.5318
v  3.6951 6.3155 1.5318
v  3.7226 3.1851 1.5315
v  3.7226 6.3155 1.5315
v  3.7420 3.1851 1.5119
v  3.7420 6.3155 1.5119
v  3.7417 3.1851 1.4843
v  3.7417 6.3155 1.4843
v  3.8152 3.1851 1.2017
v  3.7877 3.1851 1.2039
v  3.7877 6.3155 1.2039
v  3.8152 6.3155 1.2017
v  3.7698 3.1851 1.2249
v  3.7698 6.3155 1.2249
v  3.7719 3.1851 1.2524
v  3.7719 6.3155 1.2524
v  3.7929 3.1851 1.2703
v  3.7929 6.3155 1.2703
v  3.8204 3.1851 1.2681
v  3.8204 6.3155 1.2681
v  3.8383 3.1851 1.2471
v  3.8383 6.3155 1.2471
v  3.8362 3.1851 1.2197
v  3.8362 6.3155 1.2197
v  3.8897 3.1851 0.9327
v  3.8624 3.1851 0.9368
v  3.8624 6.3155 0.9368
v  3.8897 6.3155 0.9327
v  3.8460 3.1851 0.9589
v  3.8460 6.3155 0.9589
v  3.8501 3.1851 0.9862
v  3.8501 6.3155 0.9862
v  3.8723 3.1851 1.0026
v  3.8723 6.3155 1.0026
v  3.8996 3.1851 0.9985
v  3.8996 6.3155 0.9985
v  3.9160 3.1851 0.9764
v  3.9160 6.3155 0.9764
v  3.9119 3.1851 0.9491
v  3.9119 6.3155 0.9491
v  3.9817 3.1851 0.3823
v  3.9552 3.1851 0.3901
v  3.9552 6.3155 0.3901
v  3.9817 6.3155 0.3823
v  3.9421 3.1851 0.4143
v  3.9421 6.3155 0.4143
v  3.9499 3.1851 0.4408
v  3.9499 6.3155 0.4408
v  3.9741 3.1851 0.4539
v  3.9741 6.3155 0.4539
v  4.0006 3.1851 0.4461
v  4.0006 6.3155 0.4461
v  4.0137 3.1851 0.4219
v  4.0137 6.3155 0.4219
v  4.0059 3.1851 0.3954
v  4.0059 6.3155 0.3954
v  3.9986 3.1851 0.1036
v  3.9728 3.1851 0.1132
v  3.9728 6.3155 0.1132
v  3.9986 6.3155 0.1036
v  3.9614 3.1851 0.1383
v  3.9614 6.3155 0.1383
v  3.9710 3.1851 0.1642
v  3.9710 6.3155 0.1642
v  3.9961 3.1851 0.1756
v  3.9961 6.3155 0.1756
v  4.0220 3.1851 0.1659
v  4.0220 6.3155 0.1659
v  4.0334 3.1851 0.1408
v  4.0334 6.3155 0.1408
v  4.0237 3.1851 0.1150
v  4.0237 6.3155 0.1150
v  3.9961 3.1851 -0.1756
v  3.9710 3.1851 -0.1642
v  3.9710 6.3155 -0.1642
v  3.9961 6.3155 -0.1756
v  3.9614 3.1851 -0.1383
v  3.9614 6.3155 -0.1383
v  3.9728 3.1851 -0.1132
v  3.9728 6.3155 -0.1132
v  3.9986 3.1851 -0.1036
v  3.9986 6.3155 -0.1036
v  4.0237 3.1851 -0.1150
v  4.0237 6.3155 -0.1150
v  4.0334 3.1851 -0.1408
v  4.0334 6.3155 -0.1408
v  4.0220 3.1851 -0.1659
v  4.0220 6.3155 -0.1659
v  3.9741 3.1851 -0.4539
v  3.9499 3.1851 -0.4408
v  3.9499 6.3155 -0.4408
v  3.9741 6.3155 -0.4539
v  3.9421 3.1851 -0.4143
v  3.9421 6.3155 -0.4143
v  3.9552 3.1851 -0.3901
v  3.9552 6.3155 -0.3901
v  3.9817 3.1851 -0.3823
v  3.9817 6.3155 -0.3823
v  4.0059 3.1851 -0.3954
v  4.0059 6.3155 -0.3954
v  4.0137 3.1851 -0.4219
v  4.0137 6.3155 -0.4219
v  4.0006 3.1851 -0.4461
v  4.0006 6.3155 -0.4461
v  3.9328 3.1851 -0.7300
v  3.9095 3.1851 -0.7152
v  3.9095 6.3155 -0.7152
v  3.9328 6.3155 -0.7300
v  3.9036 3.1851 -0.6883
v  3.9036 6.3155 -0.6883
v  3.9184 3.1851 -0.6650
v  3.9184 6.3155 -0.6650
v  3.9453 3.1851 -0.6591
v  3.9453 6.3155 -0.6591
v  3.9686 3.1851 -0.6739
v  3.9686 6.3155 -0.6739
v  3.9745 3.1851 -0.7008
v  3.9745 6.3155 -0.7008
v  3.9597 3.1851 -0.7241
v  3.9597 6.3155 -0.7241
v  3.8723 3.1851 -1.0026
v  3.8501 3.1851 -0.9862
v  3.8501 6.3155 -0.9862
v  3.8723 6.3155 -1.0026
v  3.8460 3.1851 -0.9589
v  3.8460 6.3155 -0.9589
v  3.8624 3.1851 -0.9368
v  3.8624 6.3155 -0.9368
v  3.8897 3.1851 -0.9327
v  3.8897 6.3155 -0.9327
v  3.9119 3.1851 -0.9491
v  3.9119 6.3155 -0.9491
v  3.9160 3.1851 -0.9764
v  3.9160 6.3155 -0.9764
v  3.8996 3.1851 -0.9985
v  3.8996 6.3155 -0.9985
v  3.7929 3.1851 -1.2703
v  3.7719 3.1851 -1.2524
v  3.7719 6.3155 -1.2524
v  3.7929 6.3155 -1.2703
v  3.7698 3.1851 -1.2249
v  3.7698 6.3155 -1.2249
v  3.7877 3.1851 -1.2039
v  3.7877 6.3155 -1.2039
v  3.8152 3.1851 -1.2017
v  3.8152 6.3155 -1.2017
v  3.8362 3.1851 -1.2197
v  3.8362 6.3155 -1.2197
v  3.8383 3.1851 -1.2471
v  3.8383 6.3155 -1.2471
v  3.8204 3.1851 -1.2681
v  3.8204 6.3155 -1.2681
v  3.6951 3.1851 -1.5318
v  3.6754 3.1851 -1.5124
v  3.6754 6.3155 -1.5124
v  3.6951 6.3155 -1.5318
v  3.6752 3.1851 -1.4849
v  3.6752 6.3155 -1.4849
v  3.6945 3.1851 -1.4652
v  3.6945 6.3155 -1.4652
v  3.7221 3.1851 -1.4649
v  3.7221 6.3155 -1.4649
v  3.7417 3.1851 -1.4843
v  3.7417 6.3155 -1.4843
v  3.7420 3.1851 -1.5119
v  3.7420 6.3155 -1.5119
v  3.7226 3.1851 -1.5315
v  3.7226 6.3155 -1.5315
v  3.5792 3.1851 -1.7858
v  3.5609 3.1851 -1.7651
v  3.5609 6.3155 -1.7651
v  3.5792 6.3155 -1.7858
v  3.5626 3.1851 -1.7376
v  3.5626 6.3155 -1.7376
v  3.5833 3.1851 -1.7193
v  3.5833 6.3155 -1.7193
v  3.6108 3.1851 -1.7210
v  3.6108 6.3155 -1.7210
v  3.6291 3.1851 -1.7417
v  3.6291 6.3155 -1.7417
v  3.6274 3.1851 -1.7692
v  3.6274 6.3155 -1.7692
v  3.6067 3.1851 -1.7875
v  3.6067 6.3155 -1.7875
v  3.4459 3.1851 -2.0311
v  3.4291 3.1851 -2.0092
v  3.4291 6.3155 -2.0092
v  3.4459 6.3155 -2.0311
v  3.4327 3.1851 -1.9819
v  3.4327 6.3155 -1.9819
v  3.4546 3.1851 -1.9651
v  3.4546 6.3155 -1.9651
v  3.4820 3.1851 -1.9687
v  3.4820 6.3155 -1.9687
v  3.4987 3.1851 -1.9906
v  3.4987 6.3155 -1.9906
v  3.4951 3.1851 -2.0179
v  3.4951 6.3155 -2.0179
v  3.4733 3.1851 -2.0347
v  3.4733 6.3155 -2.0347
v  3.2959 3.1851 -2.2665
v  3.2806 3.1851 -2.2435
v  3.2806 6.3155 -2.2435
v  3.2959 6.3155 -2.2665
v  3.2861 3.1851 -2.2165
v  3.2861 6.3155 -2.2165
v  3.3091 3.1851 -2.2013
v  3.3091 6.3155 -2.2013
v  3.3361 3.1851 -2.2068
v  3.3361 6.3155 -2.2068
v  3.3514 3.1851 -2.2298
v  3.3514 6.3155 -2.2298
v  3.3459 3.1851 -2.2568
v  3.3459 6.3155 -2.2568
v  3.3229 3.1851 -2.2720
v  3.3229 6.3155 -2.2720
v  3.1297 3.1851 -2.4909
v  3.1161 3.1851 -2.4669
v  3.1161 6.3155 -2.4669
v  3.1297 6.3155 -2.4909
v  3.1235 3.1851 -2.4404
v  3.1235 6.3155 -2.4404
v  3.1475 3.1851 -2.4268
v  3.1475 6.3155 -2.4268
v  3.1741 3.1851 -2.4341
v  3.1741 6.3155 -2.4341
v  3.1877 3.1851 -2.4581
v  3.1877 6.3155 -2.4581
v  3.1803 3.1851 -2.4847
v  3.1803 6.3155 -2.4847
v  3.1563 3.1851 -2.4983
v  3.1563 6.3155 -2.4983
v  2.9483 3.1851 -2.7032
v  2.9365 3.1851 -2.6783
v  2.9365 6.3155 -2.6783
v  2.9483 6.3155 -2.7032
v  2.9457 3.1851 -2.6523
v  2.9457 6.3155 -2.6523
v  2.9706 3.1851 -2.6404
v  2.9706 6.3155 -2.6404
v  2.9966 3.1851 -2.6496
v  2.9966 6.3155 -2.6496
v  3.0084 3.1851 -2.6745
v  3.0084 6.3155 -2.6745
v  2.9992 3.1851 -2.7005
v  2.9992 6.3155 -2.7005
v  2.9743 3.1851 -2.7124
v  2.9743 6.3155 -2.7124
v  2.7526 3.1851 -2.9023
v  2.7425 3.1851 -2.8766
v  2.7425 6.3155 -2.8766
v  2.7526 6.3155 -2.9023
v  2.7535 3.1851 -2.8513
v  2.7535 6.3155 -2.8513
v  2.7791 3.1851 -2.8412
v  2.7791 6.3155 -2.8412
v  2.8044 3.1851 -2.8522
v  2.8044 6.3155 -2.8522
v  2.8145 3.1851 -2.8779
v  2.8145 6.3155 -2.8779
v  2.8035 3.1851 -2.9031
v  2.8035 6.3155 -2.9031
v  2.7779 3.1851 -2.9133
v  2.7779 6.3155 -2.9133
v  2.5434 3.1851 -3.0872
v  2.5351 3.1851 -3.0609
v  2.5351 6.3155 -3.0609
v  2.5434 6.3155 -3.0872
v  2.5479 3.1851 -3.0364
v  2.5479 6.3155 -3.0364
v  2.5742 3.1851 -3.0281
v  2.5742 6.3155 -3.0281
v  2.5986 3.1851 -3.0409
v  2.5986 6.3155 -3.0409
v  2.6069 3.1851 -3.0672
v  2.6069 6.3155 -3.0672
v  2.5942 3.1851 -3.0916
v  2.5942 6.3155 -3.0916
v  2.5679 3.1851 -3.0999
v  2.5679 6.3155 -3.0999
v  2.3219 3.1851 -3.2571
v  2.3154 3.1851 -3.2303
v  2.3154 6.3155 -3.2303
v  2.3219 6.3155 -3.2571
v  2.3299 3.1851 -3.2068
v  2.3299 6.3155 -3.2068
v  2.3567 3.1851 -3.2003
v  2.3567 6.3155 -3.2003
v  2.3802 3.1851 -3.2147
v  2.3802 6.3155 -3.2147
v  2.3866 3.1851 -3.2416
v  2.3866 6.3155 -3.2416
v  2.3722 3.1851 -3.2651
v  2.3722 6.3155 -3.2651
v  2.3454 3.1851 -3.2715
v  2.3454 6.3155 -3.2715
v  2.0890 3.1851 -3.4111
v  2.0845 3.1851 -3.3839
v  2.0845 6.3155 -3.3839
v  2.0890 6.3155 -3.4111
v  2.1005 3.1851 -3.3615
v  2.1005 6.3155 -3.3615
v  2.1277 3.1851 -3.3569
v  2.1277 6.3155 -3.3569
v  2.1501 3.1851 -3.3729
v  2.1501 6.3155 -3.3729
v  2.1547 3.1851 -3.4001
v  2.1547 6.3155 -3.4001
v  2.1387 3.1851 -3.4226
v  2.1387 6.3155 -3.4226
v  2.1115 3.1851 -3.4271
v  2.1115 6.3155 -3.4271
v  1.8460 3.1851 -3.5485
v  1.8433 3.1851 -3.5211
v  1.8433 6.3155 -3.5211
v  1.8460 6.3155 -3.5485
v  1.8609 3.1851 -3.4998
v  1.8609 6.3155 -3.4998
v  1.8883 3.1851 -3.4972
v  1.8883 6.3155 -3.4972
v  1.9096 3.1851 -3.5147
v  1.9096 6.3155 -3.5147
v  1.9123 3.1851 -3.5422
v  1.9123 6.3155 -3.5422
v  1.8947 3.1851 -3.5634
v  1.8947 6.3155 -3.5634
v  1.8673 3.1851 -3.5661
v  1.8673 6.3155 -3.5661
v  1.5940 3.1851 -3.6687
v  1.5932 3.1851 -3.6411
v  1.5932 6.3155 -3.6411
v  1.5940 6.3155 -3.6687
v  1.6122 3.1851 -3.6211
v  1.6122 6.3155 -3.6211
v  1.6398 3.1851 -3.6204
v  1.6398 6.3155 -3.6204
v  1.6598 3.1851 -3.6394
v  1.6598 6.3155 -3.6394
v  1.6605 3.1851 -3.6669
v  1.6605 6.3155 -3.6669
v  1.6415 3.1851 -3.6869
v  1.6415 6.3155 -3.6869
v  1.6140 3.1851 -3.6877
v  1.6140 6.3155 -3.6877
v  1.3342 3.1851 -3.7709
v  1.3354 3.1851 -3.7434
v  1.3354 6.3155 -3.7434
v  1.3342 6.3155 -3.7709
v  1.3557 3.1851 -3.7247
v  1.3557 6.3155 -3.7247
v  1.3832 3.1851 -3.7259
v  1.3832 6.3155 -3.7259
v  1.4019 3.1851 -3.7463
v  1.4019 6.3155 -3.7463
v  1.4007 3.1851 -3.7738
v  1.4007 6.3155 -3.7738
v  1.3803 3.1851 -3.7925
v  1.3803 6.3155 -3.7925
v  1.3528 3.1851 -3.7913
v  1.3528 6.3155 -3.7913
v  1.0679 3.1851 -3.8548
v  1.0710 3.1851 -3.8274
v  1.0710 6.3155 -3.8274
v  1.0679 6.3155 -3.8548
v  1.0926 3.1851 -3.8102
v  1.0926 6.3155 -3.8102
v  1.1200 3.1851 -3.8134
v  1.1200 6.3155 -3.8134
v  1.1371 3.1851 -3.8349
v  1.1371 6.3155 -3.8349
v  1.1340 3.1851 -3.8623
v  1.1340 6.3155 -3.8623
v  1.1124 3.1851 -3.8795
v  1.1124 6.3155 -3.8795
v  1.0850 3.1851 -3.8764
v  1.0850 6.3155 -3.8764
v  0.7964 3.1851 -3.9199
v  0.8014 3.1851 -3.8928
v  0.8014 6.3155 -3.8928
v  0.7964 6.3155 -3.9199
v  0.8241 3.1851 -3.8772
v  0.8241 6.3155 -3.8772
v  0.8512 3.1851 -3.8822
v  0.8512 6.3155 -3.8822
v  0.8668 3.1851 -3.9049
v  0.8668 6.3155 -3.9049
v  0.8618 3.1851 -3.9320
v  0.8618 6.3155 -3.9320
v  0.8391 3.1851 -3.9477
v  0.8391 6.3155 -3.9477
v  0.8120 3.1851 -3.9426
v  0.8120 6.3155 -3.9426
v  0.5210 3.1851 -3.9659
v  0.5279 3.1851 -3.9392
v  0.5279 6.3155 -3.9392
v  0.5210 6.3155 -3.9659
v  0.5516 3.1851 -3.9252
v  0.5516 6.3155 -3.9252
v  0.5783 3.1851 -3.9321
v  0.5783 6.3155 -3.9321
v  0.5923 3.1851 -3.9559
v  0.5923 6.3155 -3.9559
v  0.5854 3.1851 -3.9826
v  0.5854 6.3155 -3.9826
v  0.5617 3.1851 -3.9966
v  0.5617 6.3155 -3.9966
v  0.5350 3.1851 -3.9897
v  0.5350 6.3155 -3.9897
v  0.2431 3.1851 -3.9926
v  0.2518 3.1851 -3.9664
v  0.2518 6.3155 -3.9664
v  0.2431 6.3155 -3.9926
v  0.2765 3.1851 -3.9541
v  0.2765 6.3155 -3.9541
v  0.3026 3.1851 -3.9629
v  0.3026 6.3155 -3.9629
v  0.3150 3.1851 -3.9876
v  0.3150 6.3155 -3.9876
v  0.3062 3.1851 -4.0137
v  0.3062 6.3155 -4.0137
v  0.2815 3.1851 -4.0260
v  0.2815 6.3155 -4.0260
v  0.2554 3.1851 -4.0173
v  0.2554 6.3155 -4.0173
v  -0.0360 3.1851 -3.9998
v  -0.0255 3.1851 -3.9743
v  -0.0255 6.3155 -3.9743
v  -0.0360 6.3155 -3.9998
v  -0.0000 3.1851 -3.9638
v  -0.0000 6.3155 -3.9638
v  0.0255 3.1851 -3.9743
v  0.0255 6.3155 -3.9743
v  0.0360 3.1851 -3.9998
v  0.0360 6.3155 -3.9998
v  0.0255 3.1851 -4.0253
v  0.0255 6.3155 -4.0253
v  -0.0000 3.1851 -4.0358
v  -0.0000 6.3155 -4.0358
v  -0.0255 3.1851 -4.0253
v  -0.0255 6.3155 -4.0253
v  -0.3150 3.1851 -3.9876
v  -0.3027 3.1851 -3.9629
v  -0.3027 6.3155 -3.9629
v  -0.3150 6.3155 -3.9876
v  -0.2765 3.1851 -3.9541
v  -0.2765 6.3155 -3.9541
v  -0.2518 3.1851 -3.9664
v  -0.2518 6.3155 -3.9664
v  -0.2431 3.1851 -3.9926
v  -0.2431 6.3155 -3.9926
v  -0.2554 3.1851 -4.0173
v  -0.2554 6.3155 -4.0173
v  -0.2815 3.1851 -4.0260
v  -0.2815 6.3155 -4.0260
v  -0.3062 3.1851 -4.0137
v  -0.3062 6.3155 -4.0137
v  -0.5924 3.1851 -3.9559
v  -0.5784 3.1851 -3.9321
v  -0.5784 6.3155 -3.9321
v  -0.5924 6.3155 -3.9559
v  -0.5517 3.1851 -3.9252
v  -0.5517 6.3155 -3.9252
v  -0.5279 3.1851 -3.9392
v  -0.5279 6.3155 -3.9392
v  -0.5210 3.1851 -3.9659
v  -0.5210 6.3155 -3.9659
v  -0.5350 3.1851 -3.9897
v  -0.5350 6.3155 -3.9897
v  -0.5617 3.1851 -3.9966
v  -0.5617 6.3155 -3.9966
v  -0.5854 3.1851 -3.9826
v  -0.5854 6.3155 -3.9826
v  -0.8669 3.1851 -3.9049
v  -0.8512 3.1851 -3.8822
v  -0.8512 6.3155 -3.8822
v  -0.8669 6.3155 -3.9049
v  -0.8241 3.1851 -3.8772
v  -0.8241 6.3155 -3.8772
v  -0.8014 3.1851 -3.8928
v  -0.8014 6.3155 -3.8928
v  -0.7964 3.1851 -3.9199
v  -0.7964 6.3155 -3.9199
v  -0.8120 3.1851 -3.9426
v  -0.8120 6.3155 -3.9426
v  -0.8391 3.1851 -3.9477
v  -0.8391 6.3155 -3.9477
v  -0.8618 3.1851 -3.9320
v  -0.8618 6.3155 -3.9320
v  -1.1371 3.1851 -3.8349
v  -1.1200 3.1851 -3.8134
v  -1.1200 6.3155 -3.8134
v  -1.1371 6.3155 -3.8349
v  -1.0926 3.1851 -3.8102
v  -1.0926 6.3155 -3.8102
v  -1.0710 3.1851 -3.8274
v  -1.0710 6.3155 -3.8274
v  -1.0679 3.1851 -3.8548
v  -1.0679 6.3155 -3.8548
v  -1.0850 3.1851 -3.8764
v  -1.0850 6.3155 -3.8764
v  -1.1124 3.1851 -3.8795
v  -1.1124 6.3155 -3.8795
v  -1.1340 3.1851 -3.8623
v  -1.1340 6.3155 -3.8623
v  -1.4019 3.1851 -3.7463
v  -1.3833 3.1851 -3.7259
v  -1.3833 6.3155 -3.7259
v  -1.4019 6.3155 -3.7463
v  -1.3557 3.1851 -3.7247
v  -1.3557 6.3155 -3.7247
v  -1.3354 3.1851 -3.7434
v  -1.3354 6.3155 -3.7434
v  -1.3342 3.1851 -3.7709
v  -1.3342 6.3155 -3.7709
v  -1.3528 3.1851 -3.7913
v  -1.3528 6.3155 -3.7913
v  -1.3803 3.1851 -3.7925
v  -1.3803 6.3155 -3.7925
v  -1.4007 3.1851 -3.7738
v  -1.4007 6.3155 -3.7738
v  -1.6598 3.1851 -3.6394
v  -1.6398 3.1851 -3.6204
v  -1.6398 6.3155 -3.6204
v  -1.6598 6.3155 -3.6394
v  -1.6122 3.1851 -3.6211
v  -1.6122 6.3155 -3.6211
v  -1.5932 3.1851 -3.6411
v  -1.5932 6.3155 -3.6411
v  -1.5940 3.1851 -3.6687
v  -1.5940 6.3155 -3.6687
v  -1.6140 3.1851 -3.6876
v  -1.6140 6.3155 -3.6876
v  -1.6415 3.1851 -3.6869
v  -1.6415 6.3155 -3.6869
v  -1.6605 3.1851 -3.6669
v  -1.6605 6.3155 -3.6669
v  -1.9096 3.1851 -3.5147
v  -1.8883 3.1851 -3.4972
v  -1.8883 6.3155 -3.4972
v  -1.9096 6.3155 -3.5147
v  -1.8609 3.1851 -3.4998
v  -1.8609 6.3155 -3.4998
v  -1.8433 3.1851 -3.5211
v  -1.8433 6.3155 -3.5211
v  -1.8460 3.1851 -3.5485
v  -1.8460 6.3155 -3.5485
v  -1.8673 3.1851 -3.5661
v  -1.8673 6.3155 -3.5661
v  -1.8947 3.1851 -3.5634
v  -1.8947 6.3155 -3.5634
v  -1.9123 3.1851 -3.5422
v  -1.9123 6.3155 -3.5422
v  -2.1501 3.1851 -3.3729
v  -2.1277 3.1851 -3.3569
v  -2.1277 6.3155 -3.3569
v  -2.1501 6.3155 -3.3729
v  -2.1005 3.1851 -3.3615
v  -2.1005 6.3155 -3.3615
v  -2.0845 3.1851 -3.3839
v  -2.0845 6.3155 -3.3839
v  -2.0890 3.1851 -3.4111
v  -2.0890 6.3155 -3.4111
v  -2.1115 3.1851 -3.4271
v  -2.1115 6.3155 -3.4271
v  -2.1387 3.1851 -3.4226
v  -2.1387 6.3155 -3.4226
v  -2.1547 3.1851 -3.4001
v  -2.1547 6.3155 -3.4001
v  -2.3802 3.1851 -3.2147
v  -2.3567 3.1851 -3.2003
v  -2.3567 6.3155 -3.2003
v  -2.3802 6.3155 -3.2147
v  -2.3299 3.1851 -3.2068
v  -2.3299 6.3155 -3.2068
v  -2.3155 3.1851 -3.2303
v  -2.3155 6.3155 -3.2303
v  -2.3219 3.1851 -3.2571
v  -2.3219 6.3155 -3.2571
v  -2.3454 3.1851 -3.2715
v  -2.3454 6.3155 -3.2715
v  -2.3722 3.1851 -3.2651
v  -2.3722 6.3155 -3.2651
v  -2.3866 3.1851 -3.2416
v  -2.3866 6.3155 -3.2416
v  -2.5986 3.1851 -3.0409
v  -2.5742 3.1851 -3.0281
v  -2.5742 6.3155 -3.0281
v  -2.5986 6.3155 -3.0409
v  -2.5479 3.1851 -3.0364
v  -2.5479 6.3155 -3.0364
v  -2.5351 3.1851 -3.0609
v  -2.5351 6.3155 -3.0609
v  -2.5434 3.1851 -3.0872
v  -2.5434 6.3155 -3.0872
v  -2.5679 3.1851 -3.0999
v  -2.5679 6.3155 -3.0999
v  -2.5942 3.1851 -3.0916
v  -2.5942 6.3155 -3.0916
v  -2.6069 3.1851 -3.0672
v  -2.6069 6.3155 -3.0672
v  -2.8044 3.1851 -2.8522
v  -2.7791 3.1851 -2.8412
v  -2.7791 6.3155 -2.8412
v  -2.8044 6.3155 -2.8522
v  -2.7535 3.1851 -2.8513
v  -2.7535 6.3155 -2.8513
v  -2.7425 3.1851 -2.8766
v  -2.7425 6.3155 -2.8766
v  -2.7526 3.1851 -2.9023
v  -2.7526 6.3155 -2.9023
v  -2.7779 3.1851 -2.9132
v  -2.7779 6.3155 -2.9132
v  -2.8035 3.1851 -2.9031
v  -2.8035 6.3155 -2.9031
v  -2.8145 3.1851 -2.8779
v  -2.8145 6.3155 -2.8779
v  -2.9966 3.1851 -2.6496
v  -2.9706 3.1851 -2.6404
v  -2.9706 6.3155 -2.6404
v  -2.9966 6.3155 -2.6496
v  -2.9457 3.1851 -2.6523
v  -2.9457 6.3155 -2.6523
v  -2.9365 3.1851 -2.6783
v  -2.9365 6.3155 -2.6783
v  -2.9483 3.1851 -2.7032
v  -2.9483 6.3155 -2.7032
v  -2.9743 3.1851 -2.7124
v  -2.9743 6.3155 -2.7124
v  -2.9992 3.1851 -2.7005
v  -2.9992 6.3155 -2.7005
v  -3.0084 3.1851 -2.6745
v  -3.0084 6.3155 -2.6745
v  -3.1741 3.1851 -2.4341
v  -3.1475 3.1851 -2.4268
v  -3.1475 6.3155 -2.4268
v  -3.1741 6.3155 -2.4341
v  -3.1235 3.1851 -2.4403
v  -3.1235 6.3155 -2.4403
v  -3.1161 3.1851 -2.4669
v  -3.1161 6.3155 -2.4669
v  -3.1297 3.1851 -2.4909
v  -3.1297 6.3155 -2.4909
v  -3.1563 3.1851 -2.4983
v  -3.1563 6.3155 -2.4983
v  -3.1803 3.1851 -2.4847
v  -3.1803 6.3155 -2.4847
v  -3.1877 3.1851 -2.4581
v  -3.1877 6.3155 -2.4581
v  -3.3362 3.1851 -2.2068
v  -3.3091 3.1851 -2.2013
v  -3.3091 6.3155 -2.2013
v  -3.3362 6.3155 -2.2068
v  -3.2861 3.1851 -2.2165
v  -3.2861 6.3155 -2.2165
v  -3.2806 3.1851 -2.2435
v  -3.2806 6.3155 -2.2435
v  -3.2959 3.1851 -2.2665
v  -3.2959 6.3155 -2.2665
v  -3.3229 3.1851 -2.2720
v  -3.3229 6.3155 -2.2720
v  -3.3459 3.1851 -2.2568
v  -3.3459 6.3155 -2.2568
v  -3.3514 3.1851 -2.2298
v  -3.3514 6.3155 -2.2298
v  -3.4820 3.1851 -1.9687
v  -3.4546 3.1851 -1.9651
v  -3.4546 6.3155 -1.9651
v  -3.4820 6.3155 -1.9687
v  -3.4327 3.1851 -1.9819
v  -3.4327 6.3155 -1.9819
v  -3.4291 3.1851 -2.0092
v  -3.4291 6.3155 -2.0092
v  -3.4459 3.1851 -2.0311
v  -3.4459 6.3155 -2.0311
v  -3.4733 3.1851 -2.0347
v  -3.4733 6.3155 -2.0347
v  -3.4952 3.1851 -2.0179
v  -3.4952 6.3155 -2.0179
v  -3.4987 3.1851 -1.9906
v  -3.4987 6.3155 -1.9906
v  -3.6108 3.1851 -1.7210
v  -3.5833 3.1851 -1.7193
v  -3.5833 6.3155 -1.7193
v  -3.6108 6.3155 -1.7210
v  -3.5626 3.1851 -1.7376
v  -3.5626 6.3155 -1.7376
v  -3.5609 3.1851 -1.7651
v  -3.5609 6.3155 -1.7651
v  -3.5792 3.1851 -1.7858
v  -3.5792 6.3155 -1.7858
v  -3.6067 3.1851 -1.7875
v  -3.6067 6.3155 -1.7875
v  -3.6274 3.1851 -1.7692
v  -3.6274 6.3155 -1.7692
v  -3.6291 3.1851 -1.7417
v  -3.6291 6.3155 -1.7417
v  -3.7221 3.1851 -1.4649
v  -3.6945 3.1851 -1.4652
v  -3.6945 6.3155 -1.4652
v  -3.7221 6.3155 -1.4649
v  -3.6752 3.1851 -1.4849
v  -3.6752 6.3155 -1.4849
v  -3.6754 3.1851 -1.5124
v  -3.6754 6.3155 -1.5124
v  -3.6951 3.1851 -1.5318
v  -3.6951 6.3155 -1.5318
v  -3.7226 3.1851 -1.5315
v  -3.7226 6.3155 -1.5315
v  -3.7420 3.1851 -1.5118
v  -3.7420 6.3155 -1.5118
v  -3.7417 3.1851 -1.4843
v  -3.7417 6.3155 -1.4843
v  -3.8152 3.1851 -1.2017
v  -3.7877 3.1851 -1.2039
v  -3.7877 6.3155 -1.2039
v  -3.8152 6.3155 -1.2017
v  -3.7698 3.1851 -1.2249
v  -3.7698 6.3155 -1.2249
v  -3.7720 3.1851 -1.2524
v  -3.7720 6.3155 -1.2524
v  -3.7929 3.1851 -1.2703
v  -3.7929 6.3155 -1.2703
v  -3.8204 3.1851 -1.2681
v  -3.8204 6.3155 -1.2681
v  -3.8383 3.1851 -1.2471
v  -3.8383 6.3155 -1.2471
v  -3.8362 3.1851 -1.2196
v  -3.8362 6.3155 -1.2196
v  -3.8897 3.1851 -0.9327
v  -3.8625 3.1851 -0.9368
v  -3.8625 6.3155 -0.9368
v  -3.8897 6.3155 -0.9327
v  -3.8460 3.1851 -0.9589
v  -3.8460 6.3155 -0.9589
v  -3.8501 3.1851 -0.9862
v  -3.8501 6.3155 -0.9862
v  -3.8723 3.1851 -1.0026
v  -3.8723 6.3155 -1.0026
v  -3.8996 3.1851 -0.9985
v  -3.8996 6.3155 -0.9985
v  -3.9160 3.1851 -0.9763
v  -3.9160 6.3155 -0.9763
v  -3.9119 3.1851 -0.9491
v  -3.9119 6.3155 -0.9491
v  -3.9453 3.1851 -0.6591
v  -3.9184 3.1851 -0.6650
v  -3.9184 6.3155 -0.6650
v  -3.9453 6.3155 -0.6591
v  -3.9036 3.1851 -0.6883
v  -3.9036 6.3155 -0.6883
v  -3.9095 3.1851 -0.7152
v  -3.9095 6.3155 -0.7152
v  -3.9328 3.1851 -0.7300
v  -3.9328 6.3155 -0.7300
v  -3.9597 3.1851 -0.7241
v  -3.9597 6.3155 -0.7241
v  -3.9745 3.1851 -0.7008
v  -3.9745 6.3155 -0.7008
v  -3.9686 3.1851 -0.6739
v  -3.9686 6.3155 -0.6739
v  -3.9817 3.1851 -0.3823
v  -3.9552 3.1851 -0.3901
v  -3.9552 6.3155 -0.3901
v  -3.9817 6.3155 -0.3823
v  -3.9421 3.1851 -0.4143
v  -3.9421 6.3155 -0.4143
v  -3.9499 3.1851 -0.4408
v  -3.9499 6.3155 -0.4408
v  -3.9741 3.1851 -0.4539
v  -3.9741 6.3155 -0.4539
v  -4.0006 3.1851 -0.4461
v  -4.0006 6.3155 -0.4461
v  -4.0137 3.1851 -0.4218
v  -4.0137 6.3155 -0.4218
v  -4.0059 3.1851 -0.3954
v  -4.0059 6.3155 -0.3954
v  -3.9986 3.1851 -0.1036
v  -3.9728 3.1851 -0.1132
v  -3.9728 6.3155 -0.1132
v  -3.9986 6.3155 -0.1036
v  -3.9614 3.1851 -0.1383
v  -3.9614 6.3155 -0.1383
v  -3.9710 3.1851 -0.1642
v  -3.9710 6.3155 -0.1642
v  -3.9961 3.1851 -0.1756
v  -3.9961 6.3155 -0.1756
v  -4.0220 3.1851 -0.1659
v  -4.0220 6.3155 -0.1659
v  -4.0334 3.1851 -0.1408
v  -4.0334 6.3155 -0.1408
v  -4.0237 3.1851 -0.1150
v  -4.0237 6.3155 -0.1150
v  -3.9961 3.1851 0.1756
v  -3.9710 3.1851 0.1642
v  -3.9710 6.3155 0.1642
v  -3.9961 6.3155 0.1756
v  -3.9614 3.1851 0.1383
v  -3.9614 6.3155 0.1383
v  -3.9728 3.1851 0.1133
v  -3.9728 6.3155 0.1133
v  -3.9986 3.1851 0.1036
v  -3.9986 6.3155 0.1036
v  -4.0237 3.1851 0.1150
v  -4.0237 6.3155 0.1150
v  -4.0334 3.1851 0.1409
v  -4.0334 6.3155 0.1409
v  -4.0220 3.1851 0.1660
v  -4.0220 6.3155 0.1660
v  -3.9741 3.1851 0.4539
v  -3.9499 3.1851 0.4408
v  -3.9499 6.3155 0.4408
v  -3.9741 6.3155 0.4539
v  -3.9421 3.1851 0.4143
v  -3.9421 6.3155 0.4143
v  -3.9552 3.1851 0.3901
v  -3.9552 6.3155 0.3901
v  -3.9817 3.1851 0.3823
v  -3.9817 6.3155 0.3823
v  -4.0059 3.1851 0.3954
v  -4.0059 6.3155 0.3954
v  -4.0137 3.1851 0.4219
v  -4.0137 6.3155 0.4219
v  -4.0006 3.1851 0.4461
v  -4.0006 6.3155 0.4461
v  -3.9328 3.1851 0.7301
v  -3.9095 3.1851 0.7152
v  -3.9095 6.3155 0.7152
v  -3.9328 6.3155 0.7301
v  -3.9036 3.1851 0.6883
v  -3.9036 6.3155 0.6883
v  -3.9184 3.1851 0.6651
v  -3.9184 6.3155 0.6651
v  -3.9453 3.1851 0.6591
v  -3.9453 6.3155 0.6591
v  -3.9686 3.1851 0.6739
v  -3.9686 6.3155 0.6739
v  -3.9745 3.1851 0.7008
v  -3.9745 6.3155 0.7008
v  -3.9597 3.1851 0.7241
v  -3.9597 6.3155 0.7241
v  -3.8723 3.1851 1.0026
v  -3.8501 3.1851 0.9862
v  -3.8501 6.3155 0.9862
v  -3.8723 6.3155 1.0026
v  -3.8460 3.1851 0.9589
v  -3.8460 6.3155 0.9589
v  -3.8624 3.1851 0.9368
v  -3.8624 6.3155 0.9368
v  -3.8897 3.1851 0.9327
v  -3.8897 6.3155 0.9327
v  -3.9119 3.1851 0.9491
v  -3.9119 6.3155 0.9491
v  -3.9160 3.1851 0.9764
v  -3.9160 6.3155 0.9764
v  -3.8996 3.1851 0.9985
v  -3.8996 6.3155 0.9985
v  -3.7929 3.1851 1.2703
v  -3.7719 3.1851 1.2524
v  -3.7719 6.3155 1.2524
v  -3.7929 6.3155 1.2703
v  -3.7698 3.1851 1.2249
v  -3.7698 6.3155 1.2249
v  -3.7877 3.1851 1.2039
v  -3.7877 6.3155 1.2039
v  -3.8152 3.1851 1.2018
v  -3.8152 6.3155 1.2018
v  -3.8362 3.1851 1.2197
v  -3.8362 6.3155 1.2197
v  -3.8383 3.1851 1.2472
v  -3.8383 6.3155 1.2472
v  -3.8204 3.1851 1.2681
v  -3.8204 6.3155 1.2681
v  -3.6951 3.1851 1.5318
v  -3.6754 3.1851 1.5124
v  -3.6754 6.3155 1.5124
v  -3.6951 6.3155 1.5318
v  -3.6752 3.1851 1.4849
v  -3.6752 6.3155 1.4849
v  -3.6945 3.1851 1.4652
v  -3.6945 6.3155 1.4652
v  -3.7221 3.1851 1.4650
v  -3.7221 6.3155 1.4650
v  -3.7417 3.1851 1.4843
v  -3.7417 6.3155 1.4843
v  -3.7420 3.1851 1.5119
v  -3.7420 6.3155 1.5119
v  -3.7226 3.1851 1.5315
v  -3.7226 6.3155 1.5315
v  -3.5792 3.1851 1.7858
v  -3.5609 3.1851 1.7651
v  -3.5609 6.3155 1.7651
v  -3.5792 6.3155 1.7858
v  -3.5626 3.1851 1.7376
v  -3.5626 6.3155 1.7376
v  -3.5833 3.1851 1.7193
v  -3.5833 6.3155 1.7193
v  -3.6108 3.1851 1.7210
v  -3.6108 6.3155 1.7210
v  -3.6291 3.1851 1.7417
v  -3.6291 6.3155 1.7417
v  -3.6274 3.1851 1.7692
v  -3.6274 6.3155 1.7692
v  -3.6067 3.1851 1.7875
v  -3.6067 6.3155 1.7875
v  -3.4459 3.1851 2.0311
v  -3.4291 3.1851 2.0092
v  -3.4291 6.3155 2.0092
v  -3.4459 6.3155 2.0311
v  -3.4327 3.1851 1.9819
v  -3.4327 6.3155 1.9819
v  -3.4546 3.1851 1.9651
v  -3.4546 6.3155 1.9651
v  -3.4820 3.1851 1.9687
v  -3.4820 6.3155 1.9687
v  -3.4987 3.1851 1.9906
v  -3.4987 6.3155 1.9906
v  -3.4951 3.1851 2.0179
v  -3.4951 6.3155 2.0179
v  -3.4733 3.1851 2.0347
v  -3.4733 6.3155 2.0347
v  -3.2958 3.1851 2.2666
v  -3.2806 3.1851 2.2436
v  -3.2806 6.3155 2.2436
v  -3.2958 6.3155 2.2666
v  -3.2861 3.1851 2.2165
v  -3.2861 6.3155 2.2165
v  -3.3091 3.1851 2.2013
v  -3.3091 6.3155 2.2013
v  -3.3361 3.1851 2.2068
v  -3.3361 6.3155 2.2068
v  -3.3514 3.1851 2.2298
v  -3.3514 6.3155 2.2298
v  -3.3459 3.1851 2.2568
v  -3.3459 6.3155 2.2568
v  -3.3229 3.1851 2.2720
v  -3.3229 6.3155 2.2720
v  -3.1297 3.1851 2.4909
v  -3.1161 3.1851 2.4669
v  -3.1161 6.3155 2.4669
v  -3.1297 6.3155 2.4909
v  -3.1235 3.1851 2.4404
v  -3.1235 6.3155 2.4404
v  -3.1475 3.1851 2.4268
v  -3.1475 6.3155 2.4268
v  -3.1741 3.1851 2.4342
v  -3.1741 6.3155 2.4342
v  -3.1877 3.1851 2.4582
v  -3.1877 6.3155 2.4582
v  -3.1803 3.1851 2.4847
v  -3.1803 6.3155 2.4847
v  -3.1563 3.1851 2.4983
v  -3.1563 6.3155 2.4983
v  -2.9483 3.1851 2.7032
v  -2.9365 3.1851 2.6783
v  -2.9365 6.3155 2.6783
v  -2.9483 6.3155 2.7032
v  -2.9457 3.1851 2.6523
v  -2.9457 6.3155 2.6523
v  -2.9705 3.1851 2.6404
v  -2.9705 6.3155 2.6404
v  -2.9965 3.1851 2.6496
v  -2.9965 6.3155 2.6496
v  -3.0084 3.1851 2.6745
v  -3.0084 6.3155 2.6745
v  -2.9992 3.1851 2.7005
v  -2.9992 6.3155 2.7005
v  -2.9743 3.1851 2.7124
v  -2.9743 6.3155 2.7124
v  -2.7526 3.1851 2.9023
v  -2.7425 3.1851 2.8766
v  -2.7425 6.3155 2.8766
v  -2.7526 6.3155 2.9023
v  -2.7535 3.1851 2.8513
v  -2.7535 6.3155 2.8513
v  -2.7791 3.1851 2.8412
v  -2.7791 6.3155 2.8412
v  -2.8044 3.1851 2.8522
v  -2.8044 6.3155 2.8522
v  -2.8145 3.1851 2.8779
v  -2.8145 6.3155 2.8779
v  -2.8035 3.1851 2.9032
v  -2.8035 6.3155 2.9032
v  -2.7779 3.1851 2.9133
v  -2.7779 6.3155 2.9133
v  -2.5434 3.1851 3.0872
v  -2.5351 3.1851 3.0609
v  -2.5351 6.3155 3.0609
v  -2.5434 6.3155 3.0872
v  -2.5479 3.1851 3.0364
v  -2.5479 6.3155 3.0364
v  -2.5742 3.1851 3.0282
v  -2.5742 6.3155 3.0282
v  -2.5986 3.1851 3.0409
v  -2.5986 6.3155 3.0409
v  -2.6069 3.1851 3.0672
v  -2.6069 6.3155 3.0672
v  -2.5942 3.1851 3.0916
v  -2.5942 6.3155 3.0916
v  -2.5679 3.1851 3.0999
v  -2.5679 6.3155 3.0999
v  -2.3219 3.1851 3.2571
v  -2.3154 3.1851 3.2303
v  -2.3154 6.3155 3.2303
v  -2.3219 6.3155 3.2571
v  -2.3298 3.1851 3.2068
v  -2.3298 6.3155 3.2068
v  -2.3567 3.1851 3.2003
v  -2.3567 6.3155 3.2003
v  -2.3802 3.1851 3.2148
v  -2.3802 6.3155 3.2147
v  -2.3866 3.1851 3.2416
v  -2.3866 6.3155 3.2416
v  -2.3722 3.1851 3.2651
v  -2.3722 6.3155 3.2651
v  -2.3454 3.1851 3.2715
v  -2.3454 6.3155 3.2715
v  -2.0890 3.1851 3.4111
v  -2.0845 3.1851 3.3839
v  -2.0845 6.3155 3.3839
v  -2.0890 6.3155 3.4111
v  -2.1005 3.1851 3.3615
v  -2.1005 6.3155 3.3615
v  -2.1277 3.1851 3.3569
v  -2.1277 6.3155 3.3569
v  -2.1501 3.1851 3.3730
v  -2.1501 6.3155 3.3730
v  -2.1547 3.1851 3.4002
v  -2.1547 6.3155 3.4002
v  -2.1387 3.1851 3.4226
v  -2.1387 6.3155 3.4226
v  -2.1115 3.1851 3.4272
v  -2.1115 6.3155 3.4272
v  -1.8460 3.1851 3.5486
v  -1.8433 3.1851 3.5211
v  -1.8433 6.3155 3.5211
v  -1.8460 6.3155 3.5486
v  -1.8609 3.1851 3.4998
v  -1.8609 6.3155 3.4998
v  -1.8883 3.1851 3.4972
v  -1.8883 6.3155 3.4972
v  -1.9096 3.1851 3.5147
v  -1.9096 6.3155 3.5147
v  -1.9122 3.1851 3.5422
v  -1.9122 6.3155 3.5422
v  -1.8947 3.1851 3.5634
v  -1.8947 6.3155 3.5634
v  -1.8673 3.1851 3.5661
v  -1.8673 6.3155 3.5661
v  -1.5939 3.1851 3.6687
v  -1.5932 3.1851 3.6411
v  -1.5932 6.3155 3.6411
v  -1.5939 6.3155 3.6687
v  -1.6122 3.1851 3.6211
v  -1.6122 6.3155 3.6211
v  -1.6398 3.1851 3.6204
v  -1.6398 6.3155 3.6204
v  -1.6598 3.1851 3.6394
v  -1.6598 6.3155 3.6394
v  -1.6605 3.1851 3.6669
v  -1.6605 6.3155 3.6669
v  -1.6415 3.1851 3.6869
v  -1.6415 6.3155 3.6869
v  -1.6139 3.1851 3.6877
v  -1.6139 6.3155 3.6877
v  -1.3341 3.1851 3.7709
v  -1.3353 3.1851 3.7434
v  -1.3353 6.3155 3.7434
v  -1.3341 6.3155 3.7709
v  -1.3557 3.1851 3.7247
v  -1.3557 6.3155 3.7247
v  -1.3832 3.1851 3.7259
v  -1.3832 6.3155 3.7259
v  -1.4019 3.1851 3.7463
v  -1.4019 6.3155 3.7463
v  -1.4007 3.1851 3.7738
v  -1.4007 6.3155 3.7738
v  -1.3803 3.1851 3.7925
v  -1.3803 6.3155 3.7925
v  -1.3528 3.1851 3.7913
v  -1.3528 6.3155 3.7913
v  -1.0678 3.1851 3.8548
v  -1.0710 3.1851 3.8274
v  -1.0710 6.3155 3.8274
v  -1.0678 6.3155 3.8548
v  -1.0926 3.1851 3.8102
v  -1.0926 6.3155 3.8102
v  -1.1200 3.1851 3.8134
v  -1.1200 6.3155 3.8134
v  -1.1371 3.1851 3.8349
v  -1.1371 6.3155 3.8349
v  -1.1340 3.1851 3.8623
v  -1.1340 6.3155 3.8623
v  -1.1124 3.1851 3.8795
v  -1.1124 6.3155 3.8795
v  -1.0850 3.1851 3.8764
v  -1.0850 6.3155 3.8764
v  -0.7963 3.1851 3.9199
v  -0.8014 3.1851 3.8928
v  -0.8014 6.3155 3.8928
v  -0.7963 6.3155 3.9199
v  -0.8241 3.1851 3.8772
v  -0.8241 6.3155 3.8772
v  -0.8512 3.1851 3.8822
v  -0.8512 6.3155 3.8822
v  -0.8668 3.1851 3.9049
v  -0.8668 6.3155 3.9049
v  -0.8618 3.1851 3.9320
v  -0.8618 6.3155 3.9320
v  -0.8391 3.1851 3.9477
v  -0.8391 6.3155 3.9477
v  -0.8120 3.1851 3.9426
v  -0.8120 6.3155 3.9426
v  -0.5210 3.1851 3.9659
v  -0.5279 3.1851 3.9392
v  -0.5279 6.3155 3.9392
v  -0.5210 6.3155 3.9659
v  -0.5516 3.1851 3.9252
v  -0.5516 6.3155 3.9252
v  -0.5783 3.1851 3.9321
v  -0.5783 6.3155 3.9321
v  -0.5923 3.1851 3.9559
v  -0.5923 6.3155 3.9559
v  -0.5854 3.1851 3.9826
v  -0.5854 6.3155 3.9826
v  -0.5617 3.1851 3.9966
v  -0.5617 6.3155 3.9966
v  -0.5350 3.1851 3.9897
v  -0.5350 6.3155 3.9897
v  -0.2431 3.1851 3.9926
v  -0.2518 3.1851 3.9664
v  -0.2518 6.3155 3.9664
v  -0.2431 6.3155 3.9926
v  -0.2765 3.1851 3.9541
v  -0.2765 6.3155 3.9541
v  -0.3026 3.1851 3.9629
v  -0.3026 6.3155 3.9629
v  -0.3149 3.1851 3.9876
v  -0.3149 6.3155 3.9876
v  -0.3062 3.1851 4.0137
v  -0.3062 6.3155 4.0137
v  -0.2815 3.1851 4.0260
v  -0.2815 6.3155 4.0260
v  -0.2554 3.1851 4.0173
v  -0.2554 6.3155 4.0173
v  3.9184 14.8975 0.6650
v  3.9184 19.1401 0.6650
v  3.9453 19.1401 0.6591
v  3.9453 14.8975 0.6591
v  3.9036 14.8975 0.6883
v  3.9036 19.1401 0.6883
v  3.9095 14.8975 0.7152
v  3.9095 19.1401 0.7152
v  3.9328 14.8975 0.7300
v  3.9328 19.1401 0.7300
v  3.9597 14.8975 0.7241
v  3.9597 19.1401 0.7241
v  3.9745 14.8975 0.7008
v  3.9745 19.1401 0.7008
v  3.9686 14.8975 0.6739
v  3.9686 19.1401 0.6739
v  0.0255 14.8975 3.9743
v  0.0255 19.1401 3.9743
v  0.0360 19.1401 3.9998
v  0.0360 14.8975 3.9998
v  0.0000 14.8975 3.9638
v  0.0000 19.1401 3.9638
v  -0.0255 14.8975 3.9743
v  -0.0255 19.1401 3.9743
v  -0.0360 14.8975 3.9998
v  -0.0360 19.1401 3.9998
v  -0.0255 14.8975 4.0253
v  -0.0255 19.1401 4.0253
v  0.0000 14.8975 4.0358
v  0.0000 19.1401 4.0358
v  0.0255 14.8975 4.0253
v  0.0255 19.1401 4.0253
v  1.8883 14.8975 3.4972
v  1.8883 19.1401 3.4972
v  1.9096 19.1401 3.5147
v  1.9096 14.8975 3.5147
v  1.8609 14.8975 3.4998
v  1.8609 19.1401 3.4998
v  1.8433 14.8975 3.5211
v  1.8433 19.1401 3.5211
v  1.8460 14.8975 3.5485
v  1.8460 19.1401 3.5485
v  1.8673 14.8975 3.5661
v  1.8673 19.1401 3.5661
v  1.8947 14.8975 3.5634
v  1.8947 19.1401 3.5634
v  1.9123 14.8975 3.5422
v  1.9123 19.1401 3.5422
v  2.1277 14.8975 3.3569
v  2.1277 19.1401 3.3569
v  2.1501 19.1401 3.3729
v  2.1501 14.8975 3.3729
v  2.1005 14.8975 3.3615
v  2.1005 19.1401 3.3615
v  2.0845 14.8975 3.3839
v  2.0845 19.1401 3.3839
v  2.0890 14.8975 3.4111
v  2.0890 19.1401 3.4111
v  2.1115 14.8975 3.4271
v  2.1115 19.1401 3.4271
v  2.1387 14.8975 3.4226
v  2.1387 19.1401 3.4226
v  2.1547 14.8975 3.4001
v  2.1547 19.1401 3.4001
v  2.3567 14.8975 3.2003
v  2.3567 19.1401 3.2003
v  2.3802 19.1401 3.2147
v  2.3802 14.8975 3.2147
v  2.3299 14.8975 3.2068
v  2.3299 19.1401 3.2068
v  2.3154 14.8975 3.2303
v  2.3154 19.1401 3.2303
v  2.3219 14.8975 3.2571
v  2.3219 19.1401 3.2571
v  2.3454 14.8975 3.2715
v  2.3454 19.1401 3.2715
v  2.3722 14.8975 3.2651
v  2.3722 19.1401 3.2651
v  2.3866 14.8975 3.2416
v  2.3866 19.1401 3.2416
v  2.5742 14.8975 3.0281
v  2.5742 19.1401 3.0281
v  2.5986 19.1401 3.0409
v  2.5986 14.8975 3.0409
v  2.5479 14.8975 3.0364
v  2.5479 19.1401 3.0364
v  2.5351 14.8975 3.0609
v  2.5351 19.1401 3.0609
v  2.5434 14.8975 3.0872
v  2.5434 19.1401 3.0872
v  2.5679 14.8975 3.0999
v  2.5679 19.1401 3.0999
v  2.5942 14.8975 3.0916
v  2.5942 19.1401 3.0916
v  2.6069 14.8975 3.0672
v  2.6069 19.1401 3.0672
v  2.7791 14.8975 2.8412
v  2.7791 19.1401 2.8412
v  2.8044 19.1401 2.8522
v  2.8044 14.8975 2.8522
v  2.7535 14.8975 2.8513
v  2.7535 19.1401 2.8513
v  2.7425 14.8975 2.8766
v  2.7425 19.1401 2.8766
v  2.7526 14.8975 2.9023
v  2.7526 19.1401 2.9023
v  2.7779 14.8975 2.9133
v  2.7779 19.1401 2.9133
v  2.8035 14.8975 2.9031
v  2.8035 19.1401 2.9031
v  2.8145 14.8975 2.8779
v  2.8145 19.1401 2.8779
v  2.9706 14.8975 2.6404
v  2.9706 19.1401 2.6404
v  2.9966 19.1401 2.6496
v  2.9966 14.8975 2.6496
v  2.9457 14.8975 2.6523
v  2.9457 19.1401 2.6523
v  2.9365 14.8975 2.6783
v  2.9365 19.1401 2.6783
v  2.9483 14.8975 2.7032
v  2.9483 19.1401 2.7032
v  2.9743 14.8975 2.7124
v  2.9743 19.1401 2.7124
v  2.9992 14.8975 2.7005
v  2.9992 19.1401 2.7005
v  3.0084 14.8975 2.6745
v  3.0084 19.1401 2.6745
v  3.1475 14.8975 2.4268
v  3.1475 19.1401 2.4268
v  3.1741 19.1401 2.4341
v  3.1741 14.8975 2.4341
v  3.1235 14.8975 2.4403
v  3.1235 19.1401 2.4403
v  3.1161 14.8975 2.4669
v  3.1161 19.1401 2.4669
v  3.1297 14.8975 2.4909
v  3.1297 19.1401 2.4909
v  3.1563 14.8975 2.4983
v  3.1563 19.1401 2.4983
v  3.1803 14.8975 2.4847
v  3.1803 19.1401 2.4847
v  3.1877 14.8975 2.4581
v  3.1877 19.1401 2.4581
v  3.3091 14.8975 2.2013
v  3.3091 19.1401 2.2013
v  3.3361 19.1401 2.2068
v  3.3361 14.8975 2.2068
v  3.2861 14.8975 2.2165
v  3.2861 19.1401 2.2165
v  3.2806 14.8975 2.2435
v  3.2806 19.1401 2.2435
v  3.2959 14.8975 2.2665
v  3.2959 19.1401 2.2665
v  3.3229 14.8975 2.2720
v  3.3229 19.1401 2.2720
v  3.3459 14.8975 2.2568
v  3.3459 19.1401 2.2568
v  3.3514 14.8975 2.2298
v  3.3514 19.1401 2.2298
v  3.4546 14.8975 1.9651
v  3.4546 19.1401 1.9651
v  3.4820 19.1401 1.9687
v  3.4820 14.8975 1.9687
v  3.4327 14.8975 1.9819
v  3.4327 19.1401 1.9819
v  3.4291 14.8975 2.0092
v  3.4291 19.1401 2.0092
v  3.4459 14.8975 2.0311
v  3.4459 19.1401 2.0311
v  3.4733 14.8975 2.0347
v  3.4733 19.1401 2.0347
v  3.4951 14.8975 2.0179
v  3.4951 19.1401 2.0179
v  3.4987 14.8975 1.9906
v  3.4987 19.1401 1.9906
v  3.5833 14.8975 1.7193
v  3.5833 19.1401 1.7193
v  3.6108 19.1401 1.7210
v  3.6108 14.8975 1.7210
v  3.5626 14.8975 1.7376
v  3.5626 19.1401 1.7376
v  3.5609 14.8975 1.7651
v  3.5609 19.1401 1.7651
v  3.5792 14.8975 1.7858
v  3.5792 19.1401 1.7858
v  3.6067 14.8975 1.7875
v  3.6067 19.1401 1.7875
v  3.6274 14.8975 1.7692
v  3.6274 19.1401 1.7692
v  3.6291 14.8975 1.7417
v  3.6291 19.1401 1.7417
v  3.6945 14.8975 1.4652
v  3.6945 19.1401 1.4652
v  3.7221 19.1401 1.4650
v  3.7221 14.8975 1.4650
v  3.6752 14.8975 1.4849
v  3.6752 19.1401 1.4849
v  3.6754 14.8975 1.5124
v  3.6754 19.1401 1.5124
v  3.6951 14.8975 1.5318
v  3.6951 19.1401 1.5318
v  3.7226 14.8975 1.5315
v  3.7226 19.1401 1.5315
v  3.7420 14.8975 1.5119
v  3.7420 19.1401 1.5119
v  3.7417 14.8975 1.4843
v  3.7417 19.1401 1.4843
v  3.7877 14.8975 1.2039
v  3.7877 19.1401 1.2039
v  3.8152 19.1401 1.2017
v  3.8152 14.8975 1.2017
v  3.7698 14.8975 1.2249
v  3.7698 19.1401 1.2249
v  3.7719 14.8975 1.2524
v  3.7719 19.1401 1.2524
v  3.7929 14.8975 1.2703
v  3.7929 19.1401 1.2703
v  3.8204 14.8975 1.2681
v  3.8204 19.1401 1.2681
v  3.8383 14.8975 1.2471
v  3.8383 19.1401 1.2471
v  3.8362 14.8975 1.2197
v  3.8362 19.1401 1.2197
v  3.8624 14.8975 0.9368
v  3.8624 19.1401 0.9368
v  3.8897 19.1401 0.9327
v  3.8897 14.8975 0.9327
v  3.8460 14.8975 0.9589
v  3.8460 19.1401 0.9589
v  3.8501 14.8975 0.9862
v  3.8501 19.1401 0.9862
v  3.8723 14.8975 1.0026
v  3.8723 19.1401 1.0026
v  3.8996 14.8975 0.9985
v  3.8996 19.1401 0.9985
v  3.9160 14.8975 0.9764
v  3.9160 19.1401 0.9764
v  3.9119 14.8975 0.9491
v  3.9119 19.1401 0.9491
v  3.9552 14.8975 0.3901
v  3.9552 19.1401 0.3901
v  3.9817 19.1401 0.3823
v  3.9817 14.8975 0.3823
v  3.9421 14.8975 0.4143
v  3.9421 19.1401 0.4143
v  3.9499 14.8975 0.4408
v  3.9499 19.1401 0.4408
v  3.9741 14.8975 0.4539
v  3.9741 19.1401 0.4539
v  4.0006 14.8975 0.4461
v  4.0006 19.1401 0.4461
v  4.0137 14.8975 0.4219
v  4.0137 19.1401 0.4219
v  4.0059 14.8975 0.3954
v  4.0059 19.1401 0.3954
v  3.9728 14.8975 0.1132
v  3.9728 19.1401 0.1132
v  3.9986 19.1401 0.1036
v  3.9986 14.8975 0.1036
v  3.9614 14.8975 0.1383
v  3.9614 19.1401 0.1383
v  3.9710 14.8975 0.1642
v  3.9710 19.1401 0.1642
v  3.9961 14.8975 0.1756
v  3.9961 19.1401 0.1756
v  4.0220 14.8975 0.1659
v  4.0220 19.1401 0.1659
v  4.0334 14.8975 0.1408
v  4.0334 19.1401 0.1408
v  4.0237 14.8975 0.1150
v  4.0237 19.1401 0.1150
v  3.9710 14.8975 -0.1642
v  3.9710 19.1401 -0.1642
v  3.9961 19.1401 -0.1756
v  3.9961 14.8975 -0.1756
v  3.9614 14.8975 -0.1383
v  3.9614 19.1401 -0.1383
v  3.9728 14.8975 -0.1132
v  3.9728 19.1401 -0.1132
v  3.9986 14.8975 -0.1036
v  3.9986 19.1401 -0.1036
v  4.0237 14.8975 -0.1150
v  4.0237 19.1401 -0.1150
v  4.0334 14.8975 -0.1408
v  4.0334 19.1401 -0.1408
v  4.0220 14.8975 -0.1659
v  4.0220 19.1401 -0.1659
v  3.9499 14.8975 -0.4408
v  3.9499 19.1401 -0.4408
v  3.9741 19.1401 -0.4539
v  3.9741 14.8975 -0.4539
v  3.9421 14.8975 -0.4143
v  3.9421 19.1401 -0.4143
v  3.9552 14.8975 -0.3901
v  3.9552 19.1401 -0.3901
v  3.9817 14.8975 -0.3823
v  3.9817 19.1401 -0.3823
v  4.0059 14.8975 -0.3954
v  4.0059 19.1401 -0.3954
v  4.0137 14.8975 -0.4219
v  4.0137 19.1401 -0.4219
v  4.0006 14.8975 -0.4461
v  4.0006 19.1401 -0.4461
v  3.9095 14.8975 -0.7152
v  3.9095 19.1401 -0.7152
v  3.9328 19.1401 -0.7300
v  3.9328 14.8975 -0.7300
v  3.9036 14.8975 -0.6883
v  3.9036 19.1401 -0.6883
v  3.9184 14.8975 -0.6650
v  3.9184 19.1401 -0.6650
v  3.9453 14.8975 -0.6591
v  3.9453 19.1401 -0.6591
v  3.9686 14.8975 -0.6739
v  3.9686 19.1401 -0.6739
v  3.9745 14.8975 -0.7008
v  3.9745 19.1401 -0.7008
v  3.9597 14.8975 -0.7241
v  3.9597 19.1401 -0.7241
v  3.8501 14.8975 -0.9862
v  3.8501 19.1401 -0.9862
v  3.8723 19.1401 -1.0026
v  3.8723 14.8975 -1.0026
v  3.8460 14.8975 -0.9589
v  3.8460 19.1401 -0.9589
v  3.8624 14.8975 -0.9368
v  3.8624 19.1401 -0.9368
v  3.8897 14.8975 -0.9327
v  3.8897 19.1401 -0.9327
v  3.9119 14.8975 -0.9491
v  3.9119 19.1401 -0.9491
v  3.9160 14.8975 -0.9764
v  3.9160 19.1401 -0.9764
v  3.8996 14.8975 -0.9985
v  3.8996 19.1401 -0.9985
v  3.7719 14.8975 -1.2524
v  3.7719 19.1401 -1.2524
v  3.7929 19.1401 -1.2703
v  3.7929 14.8975 -1.2703
v  3.7698 14.8975 -1.2249
v  3.7698 19.1401 -1.2249
v  3.7877 14.8975 -1.2039
v  3.7877 19.1401 -1.2039
v  3.8152 14.8975 -1.2017
v  3.8152 19.1401 -1.2017
v  3.8362 14.8975 -1.2197
v  3.8362 19.1401 -1.2197
v  3.8383 14.8975 -1.2471
v  3.8383 19.1401 -1.2471
v  3.8204 14.8975 -1.2681
v  3.8204 19.1401 -1.2681
v  3.6754 14.8975 -1.5124
v  3.6754 19.1401 -1.5124
v  3.6951 19.1401 -1.5318
v  3.6951 14.8975 -1.5318
v  3.6752 14.8975 -1.4849
v  3.6752 19.1401 -1.4849
v  3.6945 14.8975 -1.4652
v  3.6945 19.1401 -1.4652
v  3.7221 14.8975 -1.4649
v  3.7221 19.1401 -1.4649
v  3.7417 14.8975 -1.4843
v  3.7417 19.1401 -1.4843
v  3.7420 14.8975 -1.5119
v  3.7420 19.1401 -1.5119
v  3.7226 14.8975 -1.5315
v  3.7226 19.1401 -1.5315
v  3.5609 14.8975 -1.7651
v  3.5609 19.1401 -1.7651
v  3.5792 19.1401 -1.7858
v  3.5792 14.8975 -1.7858
v  3.5626 14.8975 -1.7376
v  3.5626 19.1401 -1.7376
v  3.5833 14.8975 -1.7193
v  3.5833 19.1401 -1.7193
v  3.6108 14.8975 -1.7210
v  3.6108 19.1401 -1.7210
v  3.6291 14.8975 -1.7417
v  3.6291 19.1401 -1.7417
v  3.6274 14.8975 -1.7692
v  3.6274 19.1401 -1.7692
v  3.6067 14.8975 -1.7875
v  3.6067 19.1401 -1.7875
v  3.4291 14.8975 -2.0092
v  3.4291 19.1401 -2.0092
v  3.4459 19.1401 -2.0311
v  3.4459 14.8975 -2.0311
v  3.4327 14.8975 -1.9819
v  3.4327 19.1401 -1.9819
v  3.4546 14.8975 -1.9651
v  3.4546 19.1401 -1.9651
v  3.4820 14.8975 -1.9687
v  3.4820 19.1401 -1.9687
v  3.4987 14.8975 -1.9906
v  3.4987 19.1401 -1.9906
v  3.4951 14.8975 -2.0179
v  3.4951 19.1401 -2.0179
v  3.4733 14.8975 -2.0347
v  3.4733 19.1401 -2.0347
v  3.2806 14.8975 -2.2435
v  3.2806 19.1401 -2.2435
v  3.2959 19.1401 -2.2665
v  3.2959 14.8975 -2.2665
v  3.2861 14.8975 -2.2165
v  3.2861 19.1401 -2.2165
v  3.3091 14.8975 -2.2013
v  3.3091 19.1401 -2.2013
v  3.3361 14.8975 -2.2068
v  3.3361 19.1401 -2.2068
v  3.3514 14.8975 -2.2298
v  3.3514 19.1401 -2.2298
v  3.3459 14.8975 -2.2568
v  3.3459 19.1401 -2.2568
v  3.3229 14.8975 -2.2720
v  3.3229 19.1401 -2.2720
v  3.1161 14.8975 -2.4669
v  3.1161 19.1401 -2.4669
v  3.1297 19.1401 -2.4909
v  3.1297 14.8975 -2.4909
v  3.1235 14.8975 -2.4404
v  3.1235 19.1401 -2.4404
v  3.1475 14.8975 -2.4268
v  3.1475 19.1401 -2.4268
v  3.1741 14.8975 -2.4341
v  3.1741 19.1401 -2.4341
v  3.1877 14.8975 -2.4581
v  3.1877 19.1401 -2.4581
v  3.1803 14.8975 -2.4847
v  3.1803 19.1401 -2.4847
v  3.1563 14.8975 -2.4983
v  3.1563 19.1401 -2.4983
v  2.9365 14.8975 -2.6783
v  2.9365 19.1401 -2.6783
v  2.9483 19.1401 -2.7032
v  2.9483 14.8975 -2.7032
v  2.9457 14.8975 -2.6523
v  2.9457 19.1401 -2.6523
v  2.9706 14.8975 -2.6404
v  2.9706 19.1401 -2.6404
v  2.9966 14.8975 -2.6496
v  2.9966 19.1401 -2.6496
v  3.0084 14.8975 -2.6745
v  3.0084 19.1401 -2.6745
v  2.9992 14.8975 -2.7005
v  2.9992 19.1401 -2.7005
v  2.9743 14.8975 -2.7124
v  2.9743 19.1401 -2.7124
v  2.7425 14.8975 -2.8766
v  2.7425 19.1401 -2.8766
v  2.7526 19.1401 -2.9023
v  2.7526 14.8975 -2.9023
v  2.7535 14.8975 -2.8513
v  2.7535 19.1401 -2.8513
v  2.7791 14.8975 -2.8412
v  2.7791 19.1401 -2.8412
v  2.8044 14.8975 -2.8522
v  2.8044 19.1401 -2.8522
v  2.8145 14.8975 -2.8779
v  2.8145 19.1401 -2.8779
v  2.8035 14.8975 -2.9031
v  2.8035 19.1401 -2.9031
v  2.7779 14.8975 -2.9133
v  2.7779 19.1401 -2.9133
v  2.5351 14.8975 -3.0609
v  2.5351 19.1401 -3.0609
v  2.5434 19.1401 -3.0872
v  2.5434 14.8975 -3.0872
v  2.5479 14.8975 -3.0364
v  2.5479 19.1401 -3.0364
v  2.5742 14.8975 -3.0281
v  2.5742 19.1401 -3.0281
v  2.5986 14.8975 -3.0409
v  2.5986 19.1401 -3.0409
v  2.6069 14.8975 -3.0672
v  2.6069 19.1401 -3.0672
v  2.5942 14.8975 -3.0916
v  2.5942 19.1401 -3.0916
v  2.5679 14.8975 -3.0999
v  2.5679 19.1401 -3.0999
v  2.3154 14.8975 -3.2303
v  2.3154 19.1401 -3.2303
v  2.3219 19.1401 -3.2571
v  2.3219 14.8975 -3.2571
v  2.3299 14.8975 -3.2068
v  2.3299 19.1401 -3.2068
v  2.3567 14.8975 -3.2003
v  2.3567 19.1401 -3.2003
v  2.3802 14.8975 -3.2147
v  2.3802 19.1401 -3.2147
v  2.3866 14.8975 -3.2416
v  2.3866 19.1401 -3.2416
v  2.3722 14.8975 -3.2651
v  2.3722 19.1401 -3.2651
v  2.3454 14.8975 -3.2715
v  2.3454 19.1401 -3.2715
v  2.0845 14.8975 -3.3839
v  2.0845 19.1401 -3.3839
v  2.0890 19.1401 -3.4111
v  2.0890 14.8975 -3.4111
v  2.1005 14.8975 -3.3615
v  2.1005 19.1401 -3.3615
v  2.1277 14.8975 -3.3569
v  2.1277 19.1401 -3.3569
v  2.1501 14.8975 -3.3729
v  2.1501 19.1401 -3.3729
v  2.1547 14.8975 -3.4001
v  2.1547 19.1401 -3.4001
v  2.1387 14.8975 -3.4226
v  2.1387 19.1401 -3.4226
v  2.1115 14.8975 -3.4271
v  2.1115 19.1401 -3.4271
v  1.8433 14.8975 -3.5211
v  1.8433 19.1401 -3.5211
v  1.8460 19.1401 -3.5485
v  1.8460 14.8975 -3.5485
v  1.8609 14.8975 -3.4998
v  1.8609 19.1401 -3.4998
v  1.8883 14.8975 -3.4972
v  1.8883 19.1401 -3.4972
v  1.9096 14.8975 -3.5147
v  1.9096 19.1401 -3.5147
v  1.9123 14.8975 -3.5422
v  1.9123 19.1401 -3.5422
v  1.8947 14.8975 -3.5634
v  1.8947 19.1401 -3.5634
v  1.8673 14.8975 -3.5661
v  1.8673 19.1401 -3.5661
v  1.5932 14.8975 -3.6411
v  1.5932 19.1401 -3.6411
v  1.5940 19.1401 -3.6687
v  1.5940 14.8975 -3.6687
v  1.6122 14.8975 -3.6211
v  1.6122 19.1401 -3.6211
v  1.6398 14.8975 -3.6204
v  1.6398 19.1401 -3.6204
v  1.6598 14.8975 -3.6394
v  1.6598 19.1401 -3.6394
v  1.6605 14.8975 -3.6669
v  1.6605 19.1401 -3.6669
v  1.6415 14.8975 -3.6869
v  1.6415 19.1401 -3.6869
v  1.6140 14.8975 -3.6877
v  1.6140 19.1401 -3.6877
v  1.3354 14.8975 -3.7434
v  1.3354 19.1401 -3.7434
v  1.3342 19.1401 -3.7709
v  1.3342 14.8975 -3.7709
v  1.3557 14.8975 -3.7247
v  1.3557 19.1401 -3.7247
v  1.3832 14.8975 -3.7259
v  1.3832 19.1401 -3.7259
v  1.4019 14.8975 -3.7463
v  1.4019 19.1401 -3.7463
v  1.4007 14.8975 -3.7738
v  1.4007 19.1401 -3.7738
v  1.3803 14.8975 -3.7925
v  1.3803 19.1401 -3.7925
v  1.3528 14.8975 -3.7913
v  1.3528 19.1401 -3.7913
v  1.0710 14.8975 -3.8274
v  1.0710 19.1401 -3.8274
v  1.0679 19.1401 -3.8548
v  1.0679 14.8975 -3.8548
v  1.0926 14.8975 -3.8102
v  1.0926 19.1401 -3.8102
v  1.1200 14.8975 -3.8134
v  1.1200 19.1401 -3.8134
v  1.1371 14.8975 -3.8349
v  1.1371 19.1401 -3.8349
v  1.1340 14.8975 -3.8623
v  1.1340 19.1401 -3.8623
v  1.1124 14.8975 -3.8795
v  1.1124 19.1401 -3.8795
v  1.0850 14.8975 -3.8764
v  1.0850 19.1401 -3.8764
v  0.8014 14.8975 -3.8928
v  0.8014 19.1401 -3.8928
v  0.7964 19.1401 -3.9199
v  0.7964 14.8975 -3.9199
v  0.8241 14.8975 -3.8772
v  0.8241 19.1401 -3.8772
v  0.8512 14.8975 -3.8822
v  0.8512 19.1401 -3.8822
v  0.8668 14.8975 -3.9049
v  0.8668 19.1401 -3.9049
v  0.8618 14.8975 -3.9320
v  0.8618 19.1401 -3.9320
v  0.8391 14.8975 -3.9477
v  0.8391 19.1401 -3.9477
v  0.8120 14.8975 -3.9426
v  0.8120 19.1401 -3.9426
v  0.5279 14.8975 -3.9392
v  0.5279 19.1401 -3.9392
v  0.5210 19.1401 -3.9659
v  0.5210 14.8975 -3.9659
v  0.5516 14.8975 -3.9252
v  0.5516 19.1401 -3.9252
v  0.5783 14.8975 -3.9321
v  0.5783 19.1401 -3.9321
v  0.5923 14.8975 -3.9559
v  0.5923 19.1401 -3.9559
v  0.5854 14.8975 -3.9826
v  0.5854 19.1401 -3.9826
v  0.5617 14.8975 -3.9966
v  0.5617 19.1401 -3.9966
v  0.5350 14.8975 -3.9897
v  0.5350 19.1401 -3.9897
v  0.2518 14.8975 -3.9664
v  0.2518 19.1401 -3.9664
v  0.2431 19.1401 -3.9926
v  0.2431 14.8975 -3.9926
v  0.2765 14.8975 -3.9541
v  0.2765 19.1401 -3.9541
v  0.3026 14.8975 -3.9629
v  0.3026 19.1401 -3.9629
v  0.3150 14.8975 -3.9876
v  0.3150 19.1401 -3.9876
v  0.3062 14.8975 -4.0137
v  0.3062 19.1401 -4.0137
v  0.2815 14.8975 -4.0260
v  0.2815 19.1401 -4.0260
v  0.2554 14.8975 -4.0173
v  0.2554 19.1401 -4.0173
v  -0.0255 14.8975 -3.9743
v  -0.0255 19.1401 -3.9743
v  -0.0360 19.1401 -3.9998
v  -0.0360 14.8975 -3.9998
v  -0.0000 14.8975 -3.9638
v  -0.0000 19.1401 -3.9638
v  0.0255 14.8975 -3.9743
v  0.0255 19.1401 -3.9743
v  0.0360 14.8975 -3.9998
v  0.0360 19.1401 -3.9998
v  0.0255 14.8975 -4.0253
v  0.0255 19.1401 -4.0253
v  -0.0000 14.8975 -4.0358
v  -0.0000 19.1401 -4.0358
v  -0.0255 14.8975 -4.0253
v  -0.0255 19.1401 -4.0253
v  -0.3027 14.8975 -3.9629
v  -0.3027 19.1401 -3.9629
v  -0.3150 19.1401 -3.9876
v  -0.3150 14.8975 -3.9876
v  -0.2765 14.8975 -3.9541
v  -0.2765 19.1401 -3.9541
v  -0.2518 14.8975 -3.9664
v  -0.2518 19.1401 -3.9664
v  -0.2431 14.8975 -3.9926
v  -0.2431 19.1401 -3.9926
v  -0.2554 14.8975 -4.0173
v  -0.2554 19.1401 -4.0173
v  -0.2815 14.8975 -4.0260
v  -0.2815 19.1401 -4.0260
v  -0.3062 14.8975 -4.0137
v  -0.3062 19.1401 -4.0137
v  -0.5784 14.8975 -3.9321
v  -0.5784 19.1401 -3.9321
v  -0.5924 19.1401 -3.9559
v  -0.5924 14.8975 -3.9559
v  -0.5517 14.8975 -3.9252
v  -0.5517 19.1401 -3.9252
v  -0.5279 14.8975 -3.9392
v  -0.5279 19.1401 -3.9392
v  -0.5210 14.8975 -3.9659
v  -0.5210 19.1401 -3.9659
v  -0.5350 14.8975 -3.9897
v  -0.5350 19.1401 -3.9897
v  -0.5617 14.8975 -3.9966
v  -0.5617 19.1401 -3.9966
v  -0.5854 14.8975 -3.9826
v  -0.5854 19.1401 -3.9826
v  -0.8512 14.8975 -3.8822
v  -0.8512 19.1401 -3.8822
v  -0.8669 19.1401 -3.9049
v  -0.8669 14.8975 -3.9049
v  -0.8241 14.8975 -3.8772
v  -0.8241 19.1401 -3.8772
v  -0.8014 14.8975 -3.8928
v  -0.8014 19.1401 -3.8928
v  -0.7964 14.8975 -3.9199
v  -0.7964 19.1401 -3.9199
v  -0.8120 14.8975 -3.9426
v  -0.8120 19.1401 -3.9426
v  -0.8391 14.8975 -3.9477
v  -0.8391 19.1401 -3.9477
v  -0.8618 14.8975 -3.9320
v  -0.8618 19.1401 -3.9320
v  -1.1200 14.8975 -3.8134
v  -1.1200 19.1401 -3.8134
v  -1.1371 19.1401 -3.8349
v  -1.1371 14.8975 -3.8349
v  -1.0926 14.8975 -3.8102
v  -1.0926 19.1401 -3.8102
v  -1.0710 14.8975 -3.8274
v  -1.0710 19.1401 -3.8274
v  -1.0679 14.8975 -3.8548
v  -1.0679 19.1401 -3.8548
v  -1.0850 14.8975 -3.8764
v  -1.0850 19.1401 -3.8764
v  -1.1124 14.8975 -3.8795
v  -1.1124 19.1401 -3.8795
v  -1.1340 14.8975 -3.8623
v  -1.1340 19.1401 -3.8623
v  -1.3833 14.8975 -3.7259
v  -1.3833 19.1401 -3.7259
v  -1.4019 19.1401 -3.7463
v  -1.4019 14.8975 -3.7463
v  -1.3557 14.8975 -3.7247
v  -1.3557 19.1401 -3.7247
v  -1.3354 14.8975 -3.7434
v  -1.3354 19.1401 -3.7434
v  -1.3342 14.8975 -3.7709
v  -1.3342 19.1401 -3.7709
v  -1.3528 14.8975 -3.7913
v  -1.3528 19.1401 -3.7913
v  -1.3803 14.8975 -3.7925
v  -1.3803 19.1401 -3.7925
v  -1.4007 14.8975 -3.7738
v  -1.4007 19.1401 -3.7738
v  -1.6398 14.8975 -3.6204
v  -1.6398 19.1401 -3.6204
v  -1.6598 19.1401 -3.6394
v  -1.6598 14.8975 -3.6394
v  -1.6122 14.8975 -3.6211
v  -1.6122 19.1401 -3.6211
v  -1.5932 14.8975 -3.6411
v  -1.5932 19.1401 -3.6411
v  -1.5940 14.8975 -3.6687
v  -1.5940 19.1401 -3.6687
v  -1.6140 14.8975 -3.6876
v  -1.6140 19.1401 -3.6876
v  -1.6415 14.8975 -3.6869
v  -1.6415 19.1401 -3.6869
v  -1.6605 14.8975 -3.6669
v  -1.6605 19.1401 -3.6669
v  -1.8883 14.8975 -3.4972
v  -1.8883 19.1401 -3.4972
v  -1.9096 19.1401 -3.5147
v  -1.9096 14.8975 -3.5147
v  -1.8609 14.8975 -3.4998
v  -1.8609 19.1401 -3.4998
v  -1.8433 14.8975 -3.5211
v  -1.8433 19.1401 -3.5211
v  -1.8460 14.8975 -3.5485
v  -1.8460 19.1401 -3.5485
v  -1.8673 14.8975 -3.5661
v  -1.8673 19.1401 -3.5661
v  -1.8947 14.8975 -3.5634
v  -1.8947 19.1401 -3.5634
v  -1.9123 14.8975 -3.5422
v  -1.9123 19.1401 -3.5422
v  -2.1277 14.8975 -3.3569
v  -2.1277 19.1401 -3.3569
v  -2.1501 19.1401 -3.3729
v  -2.1501 14.8975 -3.3729
v  -2.1005 14.8975 -3.3615
v  -2.1005 19.1401 -3.3615
v  -2.0845 14.8975 -3.3839
v  -2.0845 19.1401 -3.3839
v  -2.0890 14.8975 -3.4111
v  -2.0890 19.1401 -3.4111
v  -2.1115 14.8975 -3.4271
v  -2.1115 19.1401 -3.4271
v  -2.1387 14.8975 -3.4226
v  -2.1387 19.1401 -3.4226
v  -2.1547 14.8975 -3.4001
v  -2.1547 19.1401 -3.4001
v  -2.3567 14.8975 -3.2003
v  -2.3567 19.1401 -3.2003
v  -2.3802 19.1401 -3.2147
v  -2.3802 14.8975 -3.2147
v  -2.3299 14.8975 -3.2068
v  -2.3299 19.1401 -3.2068
v  -2.3155 14.8975 -3.2303
v  -2.3155 19.1401 -3.2303
v  -2.3219 14.8975 -3.2571
v  -2.3219 19.1401 -3.2571
v  -2.3454 14.8975 -3.2715
v  -2.3454 19.1401 -3.2715
v  -2.3722 14.8975 -3.2651
v  -2.3722 19.1401 -3.2651
v  -2.3866 14.8975 -3.2416
v  -2.3866 19.1401 -3.2416
v  -2.5742 14.8975 -3.0281
v  -2.5742 19.1401 -3.0281
v  -2.5986 19.1401 -3.0409
v  -2.5986 14.8975 -3.0409
v  -2.5479 14.8975 -3.0364
v  -2.5479 19.1401 -3.0364
v  -2.5351 14.8975 -3.0609
v  -2.5351 19.1401 -3.0609
v  -2.5434 14.8975 -3.0872
v  -2.5434 19.1401 -3.0872
v  -2.5679 14.8975 -3.0999
v  -2.5679 19.1401 -3.0999
v  -2.5942 14.8975 -3.0916
v  -2.5942 19.1401 -3.0916
v  -2.6069 14.8975 -3.0672
v  -2.6069 19.1401 -3.0672
v  -2.7791 14.8975 -2.8412
v  -2.7791 19.1401 -2.8412
v  -2.8044 19.1401 -2.8522
v  -2.8044 14.8975 -2.8522
v  -2.7535 14.8975 -2.8513
v  -2.7535 19.1401 -2.8513
v  -2.7425 14.8975 -2.8766
v  -2.7425 19.1401 -2.8766
v  -2.7526 14.8975 -2.9023
v  -2.7526 19.1401 -2.9023
v  -2.7779 14.8975 -2.9132
v  -2.7779 19.1401 -2.9132
v  -2.8035 14.8975 -2.9031
v  -2.8035 19.1401 -2.9031
v  -2.8145 14.8975 -2.8779
v  -2.8145 19.1401 -2.8779
v  -2.9706 14.8975 -2.6404
v  -2.9706 19.1401 -2.6404
v  -2.9966 19.1401 -2.6496
v  -2.9966 14.8975 -2.6496
v  -2.9457 14.8975 -2.6523
v  -2.9457 19.1401 -2.6523
v  -2.9365 14.8975 -2.6783
v  -2.9365 19.1401 -2.6783
v  -2.9483 14.8975 -2.7032
v  -2.9483 19.1401 -2.7032
v  -2.9743 14.8975 -2.7124
v  -2.9743 19.1401 -2.7124
v  -2.9992 14.8975 -2.7005
v  -2.9992 19.1401 -2.7005
v  -3.0084 14.8975 -2.6745
v  -3.0084 19.1401 -2.6745
v  -3.1475 14.8975 -2.4268
v  -3.1475 19.1401 -2.4268
v  -3.1741 19.1401 -2.4341
v  -3.1741 14.8975 -2.4341
v  -3.1235 14.8975 -2.4403
v  -3.1235 19.1401 -2.4403
v  -3.1161 14.8975 -2.4669
v  -3.1161 19.1401 -2.4669
v  -3.1297 14.8975 -2.4909
v  -3.1297 19.1401 -2.4909
v  -3.1563 14.8975 -2.4983
v  -3.1563 19.1401 -2.4983
v  -3.1803 14.8975 -2.4847
v  -3.1803 19.1401 -2.4847
v  -3.1877 14.8975 -2.4581
v  -3.1877 19.1401 -2.4581
v  -3.3091 14.8975 -2.2013
v  -3.3091 19.1401 -2.2013
v  -3.3362 19.1401 -2.2068
v  -3.3362 14.8975 -2.2068
v  -3.2861 14.8975 -2.2165
v  -3.2861 19.1401 -2.2165
v  -3.2806 14.8975 -2.2435
v  -3.2806 19.1401 -2.2435
v  -3.2959 14.8975 -2.2665
v  -3.2959 19.1401 -2.2665
v  -3.3229 14.8975 -2.2720
v  -3.3229 19.1401 -2.2720
v  -3.3459 14.8975 -2.2568
v  -3.3459 19.1401 -2.2568
v  -3.3514 14.8975 -2.2298
v  -3.3514 19.1401 -2.2298
v  -3.4546 14.8975 -1.9651
v  -3.4546 19.1401 -1.9651
v  -3.4820 19.1401 -1.9687
v  -3.4820 14.8975 -1.9687
v  -3.4327 14.8975 -1.9819
v  -3.4327 19.1401 -1.9819
v  -3.4291 14.8975 -2.0092
v  -3.4291 19.1401 -2.0092
v  -3.4459 14.8975 -2.0311
v  -3.4459 19.1401 -2.0311
v  -3.4733 14.8975 -2.0347
v  -3.4733 19.1401 -2.0347
v  -3.4952 14.8975 -2.0179
v  -3.4952 19.1401 -2.0179
v  -3.4987 14.8975 -1.9906
v  -3.4987 19.1401 -1.9906
v  -3.5833 14.8975 -1.7193
v  -3.5833 19.1401 -1.7193
v  -3.6108 19.1401 -1.7210
v  -3.6108 14.8975 -1.7210
v  -3.5626 14.8975 -1.7376
v  -3.5626 19.1401 -1.7376
v  -3.5609 14.8975 -1.7651
v  -3.5609 19.1401 -1.7651
v  -3.5792 14.8975 -1.7858
v  -3.5792 19.1401 -1.7858
v  -3.6067 14.8975 -1.7875
v  -3.6067 19.1401 -1.7875
v  -3.6274 14.8975 -1.7692
v  -3.6274 19.1401 -1.7692
v  -3.6291 14.8975 -1.7417
v  -3.6291 19.1401 -1.7417
v  -3.6945 14.8975 -1.4652
v  -3.6945 19.1401 -1.4652
v  -3.7221 19.1401 -1.4649
v  -3.7221 14.8975 -1.4649
v  -3.6752 14.8975 -1.4849
v  -3.6752 19.1401 -1.4849
v  -3.6754 14.8975 -1.5124
v  -3.6754 19.1401 -1.5124
v  -3.6951 14.8975 -1.5318
v  -3.6951 19.1401 -1.5318
v  -3.7226 14.8975 -1.5315
v  -3.7226 19.1401 -1.5315
v  -3.7420 14.8975 -1.5118
v  -3.7420 19.1401 -1.5118
v  -3.7417 14.8975 -1.4843
v  -3.7417 19.1401 -1.4843
v  -3.7877 14.8975 -1.2039
v  -3.7877 19.1401 -1.2039
v  -3.8152 19.1401 -1.2017
v  -3.8152 14.8975 -1.2017
v  -3.7698 14.8975 -1.2249
v  -3.7698 19.1401 -1.2249
v  -3.7720 14.8975 -1.2524
v  -3.7720 19.1401 -1.2524
v  -3.7929 14.8975 -1.2703
v  -3.7929 19.1401 -1.2703
v  -3.8204 14.8975 -1.2681
v  -3.8204 19.1401 -1.2681
v  -3.8383 14.8975 -1.2471
v  -3.8383 19.1401 -1.2471
v  -3.8362 14.8975 -1.2196
v  -3.8362 19.1401 -1.2196
v  -3.8625 14.8975 -0.9368
v  -3.8625 19.1401 -0.9368
v  -3.8897 19.1401 -0.9327
v  -3.8897 14.8975 -0.9327
v  -3.8460 14.8975 -0.9589
v  -3.8460 19.1401 -0.9589
v  -3.8501 14.8975 -0.9862
v  -3.8501 19.1401 -0.9862
v  -3.8723 14.8975 -1.0026
v  -3.8723 19.1401 -1.0026
v  -3.8996 14.8975 -0.9985
v  -3.8996 19.1401 -0.9985
v  -3.9160 14.8975 -0.9763
v  -3.9160 19.1401 -0.9763
v  -3.9119 14.8975 -0.9491
v  -3.9119 19.1401 -0.9491
v  -3.9184 14.8975 -0.6650
v  -3.9184 19.1401 -0.6650
v  -3.9453 19.1401 -0.6591
v  -3.9453 14.8975 -0.6591
v  -3.9036 14.8975 -0.6883
v  -3.9036 19.1401 -0.6883
v  -3.9095 14.8975 -0.7152
v  -3.9095 19.1401 -0.7152
v  -3.9328 14.8975 -0.7300
v  -3.9328 19.1401 -0.7300
v  -3.9597 14.8975 -0.7241
v  -3.9597 19.1401 -0.7241
v  -3.9745 14.8975 -0.7008
v  -3.9745 19.1401 -0.7008
v  -3.9686 14.8975 -0.6739
v  -3.9686 19.1401 -0.6739
v  -3.9552 14.8975 -0.3901
v  -3.9552 19.1401 -0.3901
v  -3.9817 19.1401 -0.3823
v  -3.9817 14.8975 -0.3823
v  -3.9421 14.8975 -0.4143
v  -3.9421 19.1401 -0.4143
v  -3.9499 14.8975 -0.4408
v  -3.9499 19.1401 -0.4408
v  -3.9741 14.8975 -0.4539
v  -3.9741 19.1401 -0.4539
v  -4.0006 14.8975 -0.4461
v  -4.0006 19.1401 -0.4461
v  -4.0137 14.8975 -0.4218
v  -4.0137 19.1401 -0.4218
v  -4.0059 14.8975 -0.3954
v  -4.0059 19.1401 -0.3954
v  -3.9728 14.8975 -0.1132
v  -3.9728 19.1401 -0.1132
v  -3.9986 19.1401 -0.1036
v  -3.9986 14.8975 -0.1036
v  -3.9614 14.8975 -0.1383
v  -3.9614 19.1401 -0.1383
v  -3.9710 14.8975 -0.1642
v  -3.9710 19.1401 -0.1642
v  -3.9961 14.8975 -0.1756
v  -3.9961 19.1401 -0.1756
v  -4.0220 14.8975 -0.1659
v  -4.0220 19.1401 -0.1659
v  -4.0334 14.8975 -0.1408
v  -4.0334 19.1401 -0.1408
v  -4.0237 14.8975 -0.1150
v  -4.0237 19.1401 -0.1150
v  -3.9710 14.8975 0.1642
v  -3.9710 19.1401 0.1642
v  -3.9961 19.1401 0.1756
v  -3.9961 14.8975 0.1756
v  -3.9614 14.8975 0.1383
v  -3.9614 19.1401 0.1383
v  -3.9728 14.8975 0.1133
v  -3.9728 19.1401 0.1133
v  -3.9986 14.8975 0.1036
v  -3.9986 19.1401 0.1036
v  -4.0237 14.8975 0.1150
v  -4.0237 19.1401 0.1150
v  -4.0334 14.8975 0.1409
v  -4.0334 19.1401 0.1409
v  -4.0220 14.8975 0.1660
v  -4.0220 19.1401 0.1660
v  -3.9499 14.8975 0.4408
v  -3.9499 19.1401 0.4408
v  -3.9741 19.1401 0.4539
v  -3.9741 14.8975 0.4539
v  -3.9421 14.8975 0.4143
v  -3.9421 19.1401 0.4143
v  -3.9552 14.8975 0.3901
v  -3.9552 19.1401 0.3901
v  -3.9817 14.8975 0.3823
v  -3.9817 19.1401 0.3823
v  -4.0059 14.8975 0.3954
v  -4.0059 19.1401 0.3954
v  -4.0137 14.8975 0.4219
v  -4.0137 19.1401 0.4219
v  -4.0006 14.8975 0.4461
v  -4.0006 19.1401 0.4461
v  -3.9095 14.8975 0.7152
v  -3.9095 19.1401 0.7152
v  -3.9328 19.1401 0.7301
v  -3.9328 14.8975 0.7301
v  -3.9036 14.8975 0.6883
v  -3.9036 19.1401 0.6883
v  -3.9184 14.8975 0.6651
v  -3.9184 19.1401 0.6651
v  -3.9453 14.8975 0.6591
v  -3.9453 19.1401 0.6591
v  -3.9686 14.8975 0.6739
v  -3.9686 19.1401 0.6739
v  -3.9745 14.8975 0.7008
v  -3.9745 19.1401 0.7008
v  -3.9597 14.8975 0.7241
v  -3.9597 19.1401 0.7241
v  -3.8501 14.8975 0.9862
v  -3.8501 19.1401 0.9862
v  -3.8723 19.1401 1.0026
v  -3.8723 14.8975 1.0026
v  -3.8460 14.8975 0.9589
v  -3.8460 19.1401 0.9589
v  -3.8624 14.8975 0.9368
v  -3.8624 19.1401 0.9368
v  -3.8897 14.8975 0.9327
v  -3.8897 19.1401 0.9327
v  -3.9119 14.8975 0.9491
v  -3.9119 19.1401 0.9491
v  -3.9160 14.8975 0.9764
v  -3.9160 19.1401 0.9764
v  -3.8996 14.8975 0.9985
v  -3.8996 19.1401 0.9985
v  -3.7719 14.8975 1.2524
v  -3.7719 19.1401 1.2524
v  -3.7929 19.1401 1.2703
v  -3.7929 14.8975 1.2703
v  -3.7698 14.8975 1.2249
v  -3.7698 19.1401 1.2249
v  -3.7877 14.8975 1.2039
v  -3.7877 19.1401 1.2039
v  -3.8152 14.8975 1.2018
v  -3.8152 19.1401 1.2018
v  -3.8362 14.8975 1.2197
v  -3.8362 19.1401 1.2197
v  -3.8383 14.8975 1.2472
v  -3.8383 19.1401 1.2472
v  -3.8204 14.8975 1.2681
v  -3.8204 19.1401 1.2681
v  -3.6754 14.8975 1.5124
v  -3.6754 19.1401 1.5124
v  -3.6951 19.1401 1.5318
v  -3.6951 14.8975 1.5318
v  -3.6752 14.8975 1.4849
v  -3.6752 19.1401 1.4849
v  -3.6945 14.8975 1.4652
v  -3.6945 19.1401 1.4652
v  -3.7221 14.8975 1.4650
v  -3.7221 19.1401 1.4650
v  -3.7417 14.8975 1.4843
v  -3.7417 19.1401 1.4843
v  -3.7420 14.8975 1.5119
v  -3.7420 19.1401 1.5119
v  -3.7226 14.8975 1.5315
v  -3.7226 19.1401 1.5315
v  -3.5609 14.8975 1.7651
v  -3.5609 19.1401 1.7651
v  -3.5792 19.1401 1.7858
v  -3.5792 14.8975 1.7858
v  -3.5626 14.8975 1.7376
v  -3.5626 19.1401 1.7376
v  -3.5833 14.8975 1.7193
v  -3.5833 19.1401 1.7193
v  -3.6108 14.8975 1.7210
v  -3.6108 19.1401 1.7210
v  -3.6291 14.8975 1.7417
v  -3.6291 19.1401 1.7417
v  -3.6274 14.8975 1.7692
v  -3.6274 19.1401 1.7692
v  -3.6067 14.8975 1.7875
v  -3.6067 19.1401 1.7875
v  -3.4291 14.8975 2.0092
v  -3.4291 19.1401 2.0092
v  -3.4459 19.1401 2.0311
v  -3.4459 14.8975 2.0311
v  -3.4327 14.8975 1.9819
v  -3.4327 19.1401 1.9819
v  -3.4546 14.8975 1.9651
v  -3.4546 19.1401 1.9651
v  -3.4820 14.8975 1.9687
v  -3.4820 19.1401 1.9687
v  -3.4987 14.8975 1.9906
v  -3.4987 19.1401 1.9906
v  -3.4951 14.8975 2.0179
v  -3.4951 19.1401 2.0179
v  -3.4733 14.8975 2.0347
v  -3.4733 19.1401 2.0347
v  -3.2806 14.8975 2.2436
v  -3.2806 19.1401 2.2436
v  -3.2958 19.1401 2.2666
v  -3.2958 14.8975 2.2666
v  -3.2861 14.8975 2.2165
v  -3.2861 19.1401 2.2165
v  -3.3091 14.8975 2.2013
v  -3.3091 19.1401 2.2013
v  -3.3361 14.8975 2.2068
v  -3.3361 19.1401 2.2068
v  -3.3514 14.8975 2.2298
v  -3.3514 19.1401 2.2298
v  -3.3459 14.8975 2.2568
v  -3.3459 19.1401 2.2568
v  -3.3229 14.8975 2.2720
v  -3.3229 19.1401 2.2720
v  -3.1161 14.8975 2.4669
v  -3.1161 19.1401 2.4669
v  -3.1297 19.1401 2.4909
v  -3.1297 14.8975 2.4909
v  -3.1235 14.8975 2.4404
v  -3.1235 19.1401 2.4404
v  -3.1475 14.8975 2.4268
v  -3.1475 19.1401 2.4268
v  -3.1741 14.8975 2.4342
v  -3.1741 19.1401 2.4342
v  -3.1877 14.8975 2.4582
v  -3.1877 19.1401 2.4582
v  -3.1803 14.8975 2.4847
v  -3.1803 19.1401 2.4847
v  -3.1563 14.8975 2.4983
v  -3.1563 19.1401 2.4983
v  -2.9365 14.8975 2.6783
v  -2.9365 19.1401 2.6783
v  -2.9483 19.1401 2.7032
v  -2.9483 14.8975 2.7032
v  -2.9457 14.8975 2.6523
v  -2.9457 19.1401 2.6523
v  -2.9705 14.8975 2.6404
v  -2.9705 19.1401 2.6404
v  -2.9965 14.8975 2.6496
v  -2.9965 19.1401 2.6496
v  -3.0084 14.8975 2.6745
v  -3.0084 19.1401 2.6745
v  -2.9992 14.8975 2.7005
v  -2.9992 19.1401 2.7005
v  -2.9743 14.8975 2.7124
v  -2.9743 19.1401 2.7124
v  -2.7425 14.8975 2.8766
v  -2.7425 19.1401 2.8766
v  -2.7526 19.1401 2.9023
v  -2.7526 14.8975 2.9023
v  -2.7535 14.8975 2.8513
v  -2.7535 19.1401 2.8513
v  -2.7791 14.8975 2.8412
v  -2.7791 19.1401 2.8412
v  -2.8044 14.8975 2.8522
v  -2.8044 19.1401 2.8522
v  -2.8145 14.8975 2.8779
v  -2.8145 19.1401 2.8779
v  -2.8035 14.8975 2.9032
v  -2.8035 19.1401 2.9032
v  -2.7779 14.8975 2.9133
v  -2.7779 19.1401 2.9133
v  -2.5351 14.8975 3.0609
v  -2.5351 19.1401 3.0609
v  -2.5434 19.1401 3.0872
v  -2.5434 14.8975 3.0872
v  -2.5479 14.8975 3.0364
v  -2.5479 19.1401 3.0364
v  -2.5742 14.8975 3.0282
v  -2.5742 19.1401 3.0282
v  -2.5986 14.8975 3.0409
v  -2.5986 19.1401 3.0409
v  -2.6069 14.8975 3.0672
v  -2.6069 19.1401 3.0672
v  -2.5942 14.8975 3.0916
v  -2.5942 19.1401 3.0916
v  -2.5679 14.8975 3.0999
v  -2.5679 19.1401 3.0999
v  -2.3154 14.8975 3.2303
v  -2.3154 19.1401 3.2303
v  -2.3219 19.1401 3.2571
v  -2.3219 14.8975 3.2571
v  -2.3298 14.8975 3.2068
v  -2.3298 19.1401 3.2068
v  -2.3567 14.8975 3.2003
v  -2.3567 19.1401 3.2003
v  -2.3802 14.8975 3.2147
v  -2.3802 19.1401 3.2147
v  -2.3866 14.8975 3.2416
v  -2.3866 19.1401 3.2416
v  -2.3722 14.8975 3.2651
v  -2.3722 19.1401 3.2651
v  -2.3454 14.8975 3.2715
v  -2.3454 19.1401 3.2715
v  -2.0845 14.8975 3.3839
v  -2.0845 19.1401 3.3839
v  -2.0890 19.1401 3.4111
v  -2.0890 14.8975 3.4111
v  -2.1005 14.8975 3.3615
v  -2.1005 19.1401 3.3615
v  -2.1277 14.8975 3.3569
v  -2.1277 19.1401 3.3569
v  -2.1501 14.8975 3.3730
v  -2.1501 19.1401 3.3730
v  -2.1547 14.8975 3.4001
v  -2.1547 19.1401 3.4001
v  -2.1387 14.8975 3.4226
v  -2.1387 19.1401 3.4226
v  -2.1115 14.8975 3.4272
v  -2.1115 19.1401 3.4272
v  -1.8433 14.8975 3.5211
v  -1.8433 19.1401 3.5211
v  -1.8460 19.1401 3.5486
v  -1.8460 14.8975 3.5486
v  -1.8609 14.8975 3.4998
v  -1.8609 19.1401 3.4998
v  -1.8883 14.8975 3.4972
v  -1.8883 19.1401 3.4972
v  -1.9096 14.8975 3.5147
v  -1.9096 19.1401 3.5147
v  -1.9122 14.8975 3.5422
v  -1.9122 19.1401 3.5422
v  -1.8947 14.8975 3.5634
v  -1.8947 19.1401 3.5634
v  -1.8673 14.8975 3.5661
v  -1.8673 19.1401 3.5661
v  -1.5932 14.8975 3.6411
v  -1.5932 19.1401 3.6411
v  -1.5939 19.1401 3.6687
v  -1.5939 14.8975 3.6687
v  -1.6122 14.8975 3.6211
v  -1.6122 19.1401 3.6211
v  -1.6398 14.8975 3.6204
v  -1.6398 19.1401 3.6204
v  -1.6598 14.8975 3.6394
v  -1.6598 19.1401 3.6394
v  -1.6605 14.8975 3.6669
v  -1.6605 19.1401 3.6669
v  -1.6415 14.8975 3.6869
v  -1.6415 19.1401 3.6869
v  -1.6139 14.8975 3.6877
v  -1.6139 19.1401 3.6877
v  -1.3353 14.8975 3.7434
v  -1.3353 19.1401 3.7434
v  -1.3341 19.1401 3.7709
v  -1.3341 14.8975 3.7709
v  -1.3557 14.8975 3.7247
v  -1.3557 19.1401 3.7247
v  -1.3832 14.8975 3.7259
v  -1.3832 19.1401 3.7259
v  -1.4019 14.8975 3.7463
v  -1.4019 19.1401 3.7463
v  -1.4007 14.8975 3.7738
v  -1.4007 19.1401 3.7738
v  -1.3803 14.8975 3.7925
v  -1.3803 19.1401 3.7925
v  -1.3528 14.8975 3.7913
v  -1.3528 19.1401 3.7913
v  -1.0710 14.8975 3.8274
v  -1.0710 19.1401 3.8274
v  -1.0678 19.1401 3.8548
v  -1.0678 14.8975 3.8548
v  -1.0926 14.8975 3.8102
v  -1.0926 19.1401 3.8102
v  -1.1200 14.8975 3.8134
v  -1.1200 19.1401 3.8134
v  -1.1371 14.8975 3.8349
v  -1.1371 19.1401 3.8349
v  -1.1340 14.8975 3.8623
v  -1.1340 19.1401 3.8623
v  -1.1124 14.8975 3.8795
v  -1.1124 19.1401 3.8795
v  -1.0850 14.8975 3.8764
v  -1.0850 19.1401 3.8764
v  -0.8014 14.8975 3.8928
v  -0.8014 19.1401 3.8928
v  -0.7963 19.1401 3.9199
v  -0.7963 14.8975 3.9199
v  -0.8241 14.8975 3.8772
v  -0.8241 19.1401 3.8772
v  -0.8512 14.8975 3.8822
v  -0.8512 19.1401 3.8822
v  -0.8668 14.8975 3.9049
v  -0.8668 19.1401 3.9049
v  -0.8618 14.8975 3.9320
v  -0.8618 19.1401 3.9320
v  -0.8391 14.8975 3.9477
v  -0.8391 19.1401 3.9477
v  -0.8120 14.8975 3.9426
v  -0.8120 19.1401 3.9426
v  -0.5279 14.8975 3.9392
v  -0.5279 19.1401 3.9392
v  -0.5210 19.1401 3.9659
v  -0.5210 14.8975 3.9659
v  -0.5516 14.8975 3.9252
v  -0.5516 19.1401 3.9252
v  -0.5783 14.8975 3.9321
v  -0.5783 19.1401 3.9321
v  -0.5923 14.8975 3.9559
v  -0.5923 19.1401 3.9559
v  -0.5854 14.8975 3.9826
v  -0.5854 19.1401 3.9826
v  -0.5617 14.8975 3.9966
v  -0.5617 19.1401 3.9966
v  -0.5350 14.8975 3.9897
v  -0.5350 19.1401 3.9897
v  -0.2518 14.8975 3.9664
v  -0.2518 19.1401 3.9664
v  -0.2431 19.1401 3.9926
v  -0.2431 14.8975 3.9926
v  -0.2765 14.8975 3.9541
v  -0.2765 19.1401 3.9541
v  -0.3026 14.8975 3.9629
v  -0.3026 19.1401 3.9629
v  -0.3149 14.8975 3.9876
v  -0.3149 19.1401 3.9876
v  -0.3062 14.8975 4.0137
v  -0.3062 19.1401 4.0137
v  -0.2815 14.8975 4.0260
v  -0.2815 19.1401 4.0260
v  -0.2554 14.8975 4.0173
v  -0.2554 19.1401 4.0173
v  3.9184 25.9203 0.6650
v  3.9453 25.9203 0.6591
v  3.9036 25.9203 0.6883
v  3.9095 25.9203 0.7152
v  3.9328 25.9203 0.7300
v  3.9597 25.9203 0.7241
v  3.9745 25.9203 0.7008
v  3.9686 25.9203 0.6739
v  0.0255 25.9203 3.9743
v  0.0360 25.9203 3.9998
v  0.0000 25.9203 3.9638
v  -0.0255 25.9203 3.9743
v  -0.0360 25.9203 3.9998
v  -0.0255 25.9203 4.0253
v  0.0000 25.9203 4.0358
v  0.0255 25.9203 4.0253
v  0.3027 19.1401 3.9629
v  0.3027 25.9203 3.9629
v  0.3150 25.9203 3.9876
v  0.3150 19.1401 3.9876
v  0.2765 19.1401 3.9541
v  0.2765 25.9203 3.9541
v  0.2518 19.1401 3.9664
v  0.2518 25.9203 3.9664
v  0.2431 19.1401 3.9926
v  0.2431 25.9203 3.9926
v  0.2554 19.1401 4.0173
v  0.2554 25.9203 4.0173
v  0.2815 19.1401 4.0260
v  0.2815 25.9203 4.0260
v  0.3062 19.1401 4.0137
v  0.3062 25.9203 4.0137
v  0.5784 19.1401 3.9321
v  0.5784 25.9203 3.9321
v  0.5923 25.9203 3.9559
v  0.5923 19.1401 3.9559
v  0.5517 19.1401 3.9252
v  0.5517 25.9203 3.9252
v  0.5279 19.1401 3.9392
v  0.5279 25.9203 3.9392
v  0.5210 19.1401 3.9659
v  0.5210 25.9203 3.9659
v  0.5350 19.1401 3.9897
v  0.5350 25.9203 3.9897
v  0.5617 19.1401 3.9966
v  0.5617 25.9203 3.9966
v  0.5854 19.1401 3.9826
v  0.5854 25.9203 3.9826
v  0.8512 19.1401 3.8822
v  0.8512 25.9203 3.8822
v  0.8669 25.9203 3.9049
v  0.8669 19.1401 3.9049
v  0.8241 19.1401 3.8772
v  0.8241 25.9203 3.8772
v  0.8014 19.1401 3.8928
v  0.8014 25.9203 3.8928
v  0.7964 19.1401 3.9199
v  0.7964 25.9203 3.9199
v  0.8120 19.1401 3.9426
v  0.8120 25.9203 3.9426
v  0.8391 19.1401 3.9477
v  0.8391 25.9203 3.9477
v  0.8618 19.1401 3.9320
v  0.8618 25.9203 3.9320
v  1.1200 19.1401 3.8134
v  1.1200 25.9203 3.8134
v  1.1371 25.9203 3.8349
v  1.1371 19.1401 3.8349
v  1.0926 19.1401 3.8102
v  1.0926 25.9203 3.8102
v  1.0710 19.1401 3.8274
v  1.0710 25.9203 3.8274
v  1.0679 19.1401 3.8548
v  1.0679 25.9203 3.8548
v  1.0850 19.1401 3.8764
v  1.0850 25.9203 3.8764
v  1.1124 19.1401 3.8795
v  1.1124 25.9203 3.8795
v  1.1340 19.1401 3.8623
v  1.1340 25.9203 3.8623
v  1.3832 19.1401 3.7259
v  1.3832 25.9203 3.7259
v  1.4019 25.9203 3.7463
v  1.4019 19.1401 3.7463
v  1.3557 19.1401 3.7247
v  1.3557 25.9203 3.7247
v  1.3354 19.1401 3.7434
v  1.3354 25.9203 3.7434
v  1.3342 19.1401 3.7709
v  1.3342 25.9203 3.7709
v  1.3528 19.1401 3.7913
v  1.3528 25.9203 3.7913
v  1.3803 19.1401 3.7925
v  1.3803 25.9203 3.7925
v  1.4007 19.1401 3.7738
v  1.4007 25.9203 3.7738
v  1.6398 19.1401 3.6204
v  1.6398 25.9203 3.6204
v  1.6598 25.9203 3.6394
v  1.6598 19.1401 3.6394
v  1.6122 19.1401 3.6211
v  1.6122 25.9203 3.6211
v  1.5932 19.1401 3.6411
v  1.5932 25.9203 3.6411
v  1.5940 19.1401 3.6687
v  1.5940 25.9203 3.6687
v  1.6140 19.1401 3.6877
v  1.6140 25.9203 3.6877
v  1.6415 19.1401 3.6869
v  1.6415 25.9203 3.6869
v  1.6605 19.1401 3.6669
v  1.6605 25.9203 3.6669
v  1.8883 25.9203 3.4972
v  1.9096 25.9203 3.5147
v  1.8609 25.9203 3.4998
v  1.8433 25.9203 3.5211
v  1.8460 25.9203 3.5485
v  1.8673 25.9203 3.5661
v  1.8947 25.9203 3.5634
v  1.9123 25.9203 3.5422
v  2.1277 25.9203 3.3569
v  2.1501 25.9203 3.3729
v  2.1005 25.9203 3.3615
v  2.0845 25.9203 3.3839
v  2.0890 25.9203 3.4111
v  2.1115 25.9203 3.4271
v  2.1387 25.9203 3.4226
v  2.1547 25.9203 3.4001
v  2.3567 25.9203 3.2003
v  2.3802 25.9203 3.2147
v  2.3299 25.9203 3.2068
v  2.3154 25.9203 3.2303
v  2.3219 25.9203 3.2571
v  2.3454 25.9203 3.2715
v  2.3722 25.9203 3.2651
v  2.3866 25.9203 3.2416
v  2.5742 25.9203 3.0281
v  2.5986 25.9203 3.0409
v  2.5479 25.9203 3.0364
v  2.5351 25.9203 3.0609
v  2.5434 25.9203 3.0872
v  2.5679 25.9203 3.0999
v  2.5942 25.9203 3.0916
v  2.6069 25.9203 3.0672
v  2.7791 25.9203 2.8412
v  2.8044 25.9203 2.8522
v  2.7535 25.9203 2.8513
v  2.7425 25.9203 2.8766
v  2.7526 25.9203 2.9023
v  2.7779 25.9203 2.9133
v  2.8035 25.9203 2.9031
v  2.8145 25.9203 2.8779
v  2.9706 25.9203 2.6404
v  2.9966 25.9203 2.6496
v  2.9457 25.9203 2.6523
v  2.9365 25.9203 2.6783
v  2.9483 25.9203 2.7032
v  2.9743 25.9203 2.7124
v  2.9992 25.9203 2.7005
v  3.0084 25.9203 2.6745
v  3.1475 25.9203 2.4268
v  3.1741 25.9203 2.4341
v  3.1235 25.9203 2.4403
v  3.1161 25.9203 2.4669
v  3.1297 25.9203 2.4909
v  3.1563 25.9203 2.4983
v  3.1803 25.9203 2.4847
v  3.1877 25.9203 2.4581
v  3.3091 25.9203 2.2013
v  3.3361 25.9203 2.2068
v  3.2861 25.9203 2.2165
v  3.2806 25.9203 2.2435
v  3.2959 25.9203 2.2665
v  3.3229 25.9203 2.2720
v  3.3459 25.9203 2.2568
v  3.3514 25.9203 2.2298
v  3.4546 25.9203 1.9651
v  3.4820 25.9203 1.9687
v  3.4327 25.9203 1.9819
v  3.4291 25.9203 2.0092
v  3.4459 25.9203 2.0311
v  3.4733 25.9203 2.0347
v  3.4951 25.9203 2.0179
v  3.4987 25.9203 1.9906
v  3.5833 25.9203 1.7193
v  3.6108 25.9203 1.7210
v  3.5626 25.9203 1.7376
v  3.5609 25.9203 1.7651
v  3.5792 25.9203 1.7858
v  3.6067 25.9203 1.7875
v  3.6274 25.9203 1.7692
v  3.6291 25.9203 1.7417
v  3.6945 25.9203 1.4652
v  3.7221 25.9203 1.4650
v  3.6752 25.9203 1.4849
v  3.6754 25.9203 1.5124
v  3.6951 25.9203 1.5318
v  3.7226 25.9203 1.5315
v  3.7420 25.9203 1.5119
v  3.7417 25.9203 1.4843
v  3.7877 25.9203 1.2039
v  3.8152 25.9203 1.2017
v  3.7698 25.9203 1.2249
v  3.7719 25.9203 1.2524
v  3.7929 25.9203 1.2703
v  3.8204 25.9203 1.2681
v  3.8383 25.9203 1.2471
v  3.8362 25.9203 1.2197
v  3.8624 25.9203 0.9368
v  3.8897 25.9203 0.9327
v  3.8460 25.9203 0.9589
v  3.8501 25.9203 0.9862
v  3.8723 25.9203 1.0026
v  3.8996 25.9203 0.9985
v  3.9160 25.9203 0.9764
v  3.9119 25.9203 0.9491
v  3.9552 25.9203 0.3901
v  3.9817 25.9203 0.3823
v  3.9421 25.9203 0.4143
v  3.9499 25.9203 0.4408
v  3.9741 25.9203 0.4539
v  4.0006 25.9203 0.4461
v  4.0137 25.9203 0.4219
v  4.0059 25.9203 0.3954
v  3.9728 25.9203 0.1132
v  3.9986 25.9203 0.1036
v  3.9614 25.9203 0.1383
v  3.9710 25.9203 0.1642
v  3.9961 25.9203 0.1756
v  4.0220 25.9203 0.1659
v  4.0334 25.9203 0.1408
v  4.0237 25.9203 0.1150
v  3.9710 25.9203 -0.1642
v  3.9961 25.9203 -0.1756
v  3.9614 25.9203 -0.1383
v  3.9728 25.9203 -0.1132
v  3.9986 25.9203 -0.1036
v  4.0237 25.9203 -0.1150
v  4.0334 25.9203 -0.1408
v  4.0220 25.9203 -0.1659
v  3.9499 25.9203 -0.4408
v  3.9741 25.9203 -0.4539
v  3.9421 25.9203 -0.4143
v  3.9552 25.9203 -0.3901
v  3.9817 25.9203 -0.3823
v  4.0059 25.9203 -0.3954
v  4.0137 25.9203 -0.4219
v  4.0006 25.9203 -0.4461
v  3.9095 25.9203 -0.7152
v  3.9328 25.9203 -0.7300
v  3.9036 25.9203 -0.6883
v  3.9184 25.9203 -0.6650
v  3.9453 25.9203 -0.6591
v  3.9686 25.9203 -0.6739
v  3.9745 25.9203 -0.7008
v  3.9597 25.9203 -0.7241
v  3.8501 25.9203 -0.9862
v  3.8723 25.9203 -1.0026
v  3.8460 25.9203 -0.9589
v  3.8624 25.9203 -0.9368
v  3.8897 25.9203 -0.9327
v  3.9119 25.9203 -0.9491
v  3.9160 25.9203 -0.9764
v  3.8996 25.9203 -0.9985
v  3.7719 25.9203 -1.2524
v  3.7929 25.9203 -1.2703
v  3.7698 25.9203 -1.2249
v  3.7877 25.9203 -1.2039
v  3.8152 25.9203 -1.2017
v  3.8362 25.9203 -1.2197
v  3.8383 25.9203 -1.2471
v  3.8204 25.9203 -1.2681
v  3.6754 25.9203 -1.5124
v  3.6951 25.9203 -1.5318
v  3.6752 25.9203 -1.4849
v  3.6945 25.9203 -1.4652
v  3.7221 25.9203 -1.4649
v  3.7417 25.9203 -1.4843
v  3.7420 25.9203 -1.5119
v  3.7226 25.9203 -1.5315
v  3.5609 25.9203 -1.7651
v  3.5792 25.9203 -1.7858
v  3.5626 25.9203 -1.7376
v  3.5833 25.9203 -1.7193
v  3.6108 25.9203 -1.7210
v  3.6291 25.9203 -1.7417
v  3.6274 25.9203 -1.7692
v  3.6067 25.9203 -1.7875
v  3.4291 25.9203 -2.0092
v  3.4459 25.9203 -2.0311
v  3.4327 25.9203 -1.9819
v  3.4546 25.9203 -1.9651
v  3.4820 25.9203 -1.9687
v  3.4987 25.9203 -1.9906
v  3.4951 25.9203 -2.0179
v  3.4733 25.9203 -2.0347
v  3.2806 25.9203 -2.2435
v  3.2959 25.9203 -2.2665
v  3.2861 25.9203 -2.2165
v  3.3091 25.9203 -2.2013
v  3.3361 25.9203 -2.2068
v  3.3514 25.9203 -2.2298
v  3.3459 25.9203 -2.2568
v  3.3229 25.9203 -2.2720
v  3.1161 25.9203 -2.4669
v  3.1297 25.9203 -2.4909
v  3.1235 25.9203 -2.4404
v  3.1475 25.9203 -2.4268
v  3.1741 25.9203 -2.4341
v  3.1877 25.9203 -2.4581
v  3.1803 25.9203 -2.4847
v  3.1563 25.9203 -2.4983
v  2.9365 25.9203 -2.6783
v  2.9483 25.9203 -2.7032
v  2.9457 25.9203 -2.6523
v  2.9706 25.9203 -2.6404
v  2.9966 25.9203 -2.6496
v  3.0084 25.9203 -2.6745
v  2.9992 25.9203 -2.7005
v  2.9743 25.9203 -2.7124
v  2.7425 25.9203 -2.8766
v  2.7526 25.9203 -2.9023
v  2.7535 25.9203 -2.8513
v  2.7791 25.9203 -2.8412
v  2.8044 25.9203 -2.8522
v  2.8145 25.9203 -2.8779
v  2.8035 25.9203 -2.9031
v  2.7779 25.9203 -2.9133
v  2.5351 25.9203 -3.0609
v  2.5434 25.9203 -3.0872
v  2.5479 25.9203 -3.0364
v  2.5742 25.9203 -3.0281
v  2.5986 25.9203 -3.0409
v  2.6069 25.9203 -3.0672
v  2.5942 25.9203 -3.0916
v  2.5679 25.9203 -3.0999
v  2.3154 25.9203 -3.2303
v  2.3219 25.9203 -3.2571
v  2.3299 25.9203 -3.2068
v  2.3567 25.9203 -3.2003
v  2.3802 25.9203 -3.2147
v  2.3866 25.9203 -3.2416
v  2.3722 25.9203 -3.2651
v  2.3454 25.9203 -3.2715
v  2.0845 25.9203 -3.3839
v  2.0890 25.9203 -3.4111
v  2.1005 25.9203 -3.3615
v  2.1277 25.9203 -3.3569
v  2.1501 25.9203 -3.3729
v  2.1547 25.9203 -3.4001
v  2.1387 25.9203 -3.4226
v  2.1115 25.9203 -3.4271
v  1.8433 25.9203 -3.5211
v  1.8460 25.9203 -3.5485
v  1.8609 25.9203 -3.4998
v  1.8883 25.9203 -3.4972
v  1.9096 25.9203 -3.5147
v  1.9123 25.9203 -3.5422
v  1.8947 25.9203 -3.5634
v  1.8673 25.9203 -3.5661
v  1.5932 25.9203 -3.6411
v  1.5940 25.9203 -3.6687
v  1.6122 25.9203 -3.6211
v  1.6398 25.9203 -3.6204
v  1.6598 25.9203 -3.6394
v  1.6605 25.9203 -3.6669
v  1.6415 25.9203 -3.6869
v  1.6140 25.9203 -3.6877
v  1.3354 25.9203 -3.7434
v  1.3342 25.9203 -3.7709
v  1.3557 25.9203 -3.7247
v  1.3832 25.9203 -3.7259
v  1.4019 25.9203 -3.7463
v  1.4007 25.9203 -3.7738
v  1.3803 25.9203 -3.7925
v  1.3528 25.9203 -3.7913
v  1.0710 25.9203 -3.8274
v  1.0679 25.9203 -3.8548
v  1.0926 25.9203 -3.8102
v  1.1200 25.9203 -3.8134
v  1.1371 25.9203 -3.8349
v  1.1340 25.9203 -3.8623
v  1.1124 25.9203 -3.8795
v  1.0850 25.9203 -3.8764
v  0.8014 25.9203 -3.8928
v  0.7964 25.9203 -3.9199
v  0.8241 25.9203 -3.8772
v  0.8512 25.9203 -3.8822
v  0.8668 25.9203 -3.9049
v  0.8618 25.9203 -3.9320
v  0.8391 25.9203 -3.9477
v  0.8120 25.9203 -3.9426
v  0.5279 25.9203 -3.9392
v  0.5210 25.9203 -3.9659
v  0.5516 25.9203 -3.9252
v  0.5783 25.9203 -3.9321
v  0.5923 25.9203 -3.9559
v  0.5854 25.9203 -3.9826
v  0.5617 25.9203 -3.9966
v  0.5350 25.9203 -3.9897
v  0.2518 25.9203 -3.9664
v  0.2431 25.9203 -3.9926
v  0.2765 25.9203 -3.9541
v  0.3026 25.9203 -3.9629
v  0.3150 25.9203 -3.9876
v  0.3062 25.9203 -4.0137
v  0.2815 25.9203 -4.0260
v  0.2554 25.9203 -4.0173
v  -0.0255 25.9203 -3.9743
v  -0.0360 25.9203 -3.9998
v  -0.0000 25.9203 -3.9638
v  0.0255 25.9203 -3.9743
v  0.0360 25.9203 -3.9998
v  0.0255 25.9203 -4.0253
v  -0.0000 25.9203 -4.0358
v  -0.0255 25.9203 -4.0253
v  -0.3027 25.9203 -3.9629
v  -0.3150 25.9203 -3.9876
v  -0.2765 25.9203 -3.9541
v  -0.2518 25.9203 -3.9664
v  -0.2431 25.9203 -3.9926
v  -0.2554 25.9203 -4.0173
v  -0.2815 25.9203 -4.0260
v  -0.3062 25.9203 -4.0137
v  -0.5784 25.9203 -3.9321
v  -0.5924 25.9203 -3.9559
v  -0.5517 25.9203 -3.9252
v  -0.5279 25.9203 -3.9392
v  -0.5210 25.9203 -3.9659
v  -0.5350 25.9203 -3.9897
v  -0.5617 25.9203 -3.9966
v  -0.5854 25.9203 -3.9826
v  -0.8512 25.9203 -3.8822
v  -0.8669 25.9203 -3.9049
v  -0.8241 25.9203 -3.8772
v  -0.8014 25.9203 -3.8928
v  -0.7964 25.9203 -3.9199
v  -0.8120 25.9203 -3.9426
v  -0.8391 25.9203 -3.9477
v  -0.8618 25.9203 -3.9320
v  -1.1200 25.9203 -3.8134
v  -1.1371 25.9203 -3.8349
v  -1.0926 25.9203 -3.8102
v  -1.0710 25.9203 -3.8274
v  -1.0679 25.9203 -3.8548
v  -1.0850 25.9203 -3.8764
v  -1.1124 25.9203 -3.8795
v  -1.1340 25.9203 -3.8623
v  -1.3833 25.9203 -3.7259
v  -1.4019 25.9203 -3.7463
v  -1.3557 25.9203 -3.7247
v  -1.3354 25.9203 -3.7434
v  -1.3342 25.9203 -3.7709
v  -1.3528 25.9203 -3.7913
v  -1.3803 25.9203 -3.7925
v  -1.4007 25.9203 -3.7738
v  -1.6398 25.9203 -3.6204
v  -1.6598 25.9203 -3.6394
v  -1.6122 25.9203 -3.6211
v  -1.5932 25.9203 -3.6411
v  -1.5940 25.9203 -3.6687
v  -1.6140 25.9203 -3.6876
v  -1.6415 25.9203 -3.6869
v  -1.6605 25.9203 -3.6669
v  -1.8883 25.9203 -3.4972
v  -1.9096 25.9203 -3.5147
v  -1.8609 25.9203 -3.4998
v  -1.8433 25.9203 -3.5211
v  -1.8460 25.9203 -3.5485
v  -1.8673 25.9203 -3.5661
v  -1.8947 25.9203 -3.5634
v  -1.9123 25.9203 -3.5422
v  -2.1277 25.9203 -3.3569
v  -2.1501 25.9203 -3.3729
v  -2.1005 25.9203 -3.3615
v  -2.0845 25.9203 -3.3839
v  -2.0890 25.9203 -3.4111
v  -2.1115 25.9203 -3.4271
v  -2.1387 25.9203 -3.4226
v  -2.1547 25.9203 -3.4001
v  -2.3567 25.9203 -3.2003
v  -2.3802 25.9203 -3.2147
v  -2.3299 25.9203 -3.2068
v  -2.3155 25.9203 -3.2303
v  -2.3219 25.9203 -3.2571
v  -2.3454 25.9203 -3.2715
v  -2.3722 25.9203 -3.2651
v  -2.3866 25.9203 -3.2416
v  -2.5742 25.9203 -3.0281
v  -2.5986 25.9203 -3.0409
v  -2.5479 25.9203 -3.0364
v  -2.5351 25.9203 -3.0609
v  -2.5434 25.9203 -3.0872
v  -2.5679 25.9203 -3.0999
v  -2.5942 25.9203 -3.0916
v  -2.6069 25.9203 -3.0672
v  -2.7791 25.9203 -2.8412
v  -2.8044 25.9203 -2.8522
v  -2.7535 25.9203 -2.8513
v  -2.7425 25.9203 -2.8766
v  -2.7526 25.9203 -2.9023
v  -2.7779 25.9203 -2.9132
v  -2.8035 25.9203 -2.9031
v  -2.8145 25.9203 -2.8779
v  -2.9706 25.9203 -2.6404
v  -2.9966 25.9203 -2.6496
v  -2.9457 25.9203 -2.6523
v  -2.9365 25.9203 -2.6783
v  -2.9483 25.9203 -2.7032
v  -2.9743 25.9203 -2.7124
v  -2.9992 25.9203 -2.7005
v  -3.0084 25.9203 -2.6745
v  -3.1475 25.9203 -2.4268
v  -3.1741 25.9203 -2.4341
v  -3.1235 25.9203 -2.4403
v  -3.1161 25.9203 -2.4669
v  -3.1297 25.9203 -2.4909
v  -3.1563 25.9203 -2.4983
v  -3.1803 25.9203 -2.4847
v  -3.1877 25.9203 -2.4581
v  -3.3091 25.9203 -2.2013
v  -3.3362 25.9203 -2.2068
v  -3.2861 25.9203 -2.2165
v  -3.2806 25.9203 -2.2435
v  -3.2959 25.9203 -2.2665
v  -3.3229 25.9203 -2.2720
v  -3.3459 25.9203 -2.2568
v  -3.3514 25.9203 -2.2298
v  -3.4546 25.9203 -1.9651
v  -3.4820 25.9203 -1.9687
v  -3.4327 25.9203 -1.9819
v  -3.4291 25.9203 -2.0092
v  -3.4459 25.9203 -2.0311
v  -3.4733 25.9203 -2.0347
v  -3.4952 25.9203 -2.0179
v  -3.4987 25.9203 -1.9906
v  -3.5833 25.9203 -1.7193
v  -3.6108 25.9203 -1.7210
v  -3.5626 25.9203 -1.7376
v  -3.5609 25.9203 -1.7651
v  -3.5792 25.9203 -1.7858
v  -3.6067 25.9203 -1.7875
v  -3.6274 25.9203 -1.7692
v  -3.6291 25.9203 -1.7417
v  -3.6945 25.9203 -1.4652
v  -3.7221 25.9203 -1.4649
v  -3.6752 25.9203 -1.4849
v  -3.6754 25.9203 -1.5124
v  -3.6951 25.9203 -1.5318
v  -3.7226 25.9203 -1.5315
v  -3.7420 25.9203 -1.5118
v  -3.7417 25.9203 -1.4843
v  -3.7877 25.9203 -1.2039
v  -3.8152 25.9203 -1.2017
v  -3.7698 25.9203 -1.2249
v  -3.7720 25.9203 -1.2524
v  -3.7929 25.9203 -1.2703
v  -3.8204 25.9203 -1.2681
v  -3.8383 25.9203 -1.2471
v  -3.8362 25.9203 -1.2196
v  -3.8625 25.9203 -0.9368
v  -3.8897 25.9203 -0.9327
v  -3.8460 25.9203 -0.9589
v  -3.8501 25.9203 -0.9862
v  -3.8723 25.9203 -1.0026
v  -3.8996 25.9203 -0.9985
v  -3.9160 25.9203 -0.9763
v  -3.9119 25.9203 -0.9491
v  -3.9184 25.9203 -0.6650
v  -3.9453 25.9203 -0.6591
v  -3.9036 25.9203 -0.6883
v  -3.9095 25.9203 -0.7152
v  -3.9328 25.9203 -0.7300
v  -3.9597 25.9203 -0.7241
v  -3.9745 25.9203 -0.7008
v  -3.9686 25.9203 -0.6739
v  -3.9552 25.9203 -0.3901
v  -3.9817 25.9203 -0.3823
v  -3.9421 25.9203 -0.4143
v  -3.9499 25.9203 -0.4408
v  -3.9741 25.9203 -0.4539
v  -4.0006 25.9203 -0.4461
v  -4.0137 25.9203 -0.4218
v  -4.0059 25.9203 -0.3954
v  -3.9728 25.9203 -0.1132
v  -3.9986 25.9203 -0.1036
v  -3.9614 25.9203 -0.1383
v  -3.9710 25.9203 -0.1642
v  -3.9961 25.9203 -0.1756
v  -4.0220 25.9203 -0.1659
v  -4.0334 25.9203 -0.1408
v  -4.0237 25.9203 -0.1150
v  -3.9710 25.9203 0.1642
v  -3.9961 25.9203 0.1756
v  -3.9614 25.9203 0.1383
v  -3.9728 25.9203 0.1133
v  -3.9986 25.9203 0.1036
v  -4.0237 25.9203 0.1150
v  -4.0334 25.9203 0.1409
v  -4.0220 25.9203 0.1660
v  -3.9499 25.9203 0.4408
v  -3.9741 25.9203 0.4539
v  -3.9421 25.9203 0.4143
v  -3.9552 25.9203 0.3901
v  -3.9817 25.9203 0.3823
v  -4.0059 25.9203 0.3954
v  -4.0137 25.9203 0.4219
v  -4.0006 25.9203 0.4461
v  -3.9095 25.9203 0.7152
v  -3.9328 25.9203 0.7301
v  -3.9036 25.9203 0.6883
v  -3.9184 25.9203 0.6651
v  -3.9453 25.9203 0.6591
v  -3.9686 25.9203 0.6739
v  -3.9745 25.9203 0.7008
v  -3.9597 25.9203 0.7241
v  -3.8501 25.9203 0.9862
v  -3.8723 25.9203 1.0026
v  -3.8460 25.9203 0.9589
v  -3.8624 25.9203 0.9368
v  -3.8897 25.9203 0.9327
v  -3.9119 25.9203 0.9491
v  -3.9160 25.9203 0.9764
v  -3.8996 25.9203 0.9985
v  -3.7719 25.9203 1.2524
v  -3.7929 25.9203 1.2703
v  -3.7698 25.9203 1.2249
v  -3.7877 25.9203 1.2039
v  -3.8152 25.9203 1.2018
v  -3.8362 25.9203 1.2197
v  -3.8383 25.9203 1.2472
v  -3.8204 25.9203 1.2681
v  -3.6754 25.9203 1.5124
v  -3.6951 25.9203 1.5318
v  -3.6752 25.9203 1.4849
v  -3.6945 25.9203 1.4652
v  -3.7221 25.9203 1.4650
v  -3.7417 25.9203 1.4843
v  -3.7420 25.9203 1.5119
v  -3.7226 25.9203 1.5315
v  -3.5609 25.9203 1.7651
v  -3.5792 25.9203 1.7858
v  -3.5626 25.9203 1.7376
v  -3.5833 25.9203 1.7193
v  -3.6108 25.9203 1.7210
v  -3.6291 25.9203 1.7417
v  -3.6274 25.9203 1.7692
v  -3.6067 25.9203 1.7875
v  -3.4291 25.9203 2.0092
v  -3.4459 25.9203 2.0311
v  -3.4327 25.9203 1.9819
v  -3.4546 25.9203 1.9651
v  -3.4820 25.9203 1.9687
v  -3.4987 25.9203 1.9906
v  -3.4951 25.9203 2.0179
v  -3.4733 25.9203 2.0347
v  -3.2806 25.9203 2.2436
v  -3.2958 25.9203 2.2666
v  -3.2861 25.9203 2.2165
v  -3.3091 25.9203 2.2013
v  -3.3361 25.9203 2.2068
v  -3.3514 25.9203 2.2298
v  -3.3459 25.9203 2.2568
v  -3.3229 25.9203 2.2720
v  -3.1161 25.9203 2.4669
v  -3.1297 25.9203 2.4909
v  -3.1235 25.9203 2.4404
v  -3.1475 25.9203 2.4268
v  -3.1741 25.9203 2.4342
v  -3.1877 25.9203 2.4582
v  -3.1803 25.9203 2.4847
v  -3.1563 25.9203 2.4983
v  -2.9365 25.9203 2.6783
v  -2.9483 25.9203 2.7032
v  -2.9457 25.9203 2.6523
v  -2.9705 25.9203 2.6404
v  -2.9965 25.9203 2.6496
v  -3.0084 25.9203 2.6745
v  -2.9992 25.9203 2.7005
v  -2.9743 25.9203 2.7124
v  -2.7425 25.9203 2.8766
v  -2.7526 25.9203 2.9023
v  -2.7535 25.9203 2.8513
v  -2.7791 25.9203 2.8412
v  -2.8044 25.9203 2.8522
v  -2.8145 25.9203 2.8779
v  -2.8035 25.9203 2.9032
v  -2.7779 25.9203 2.9133
v  -2.5351 25.9203 3.0609
v  -2.5434 25.9203 3.0872
v  -2.5479 25.9203 3.0364
v  -2.5742 25.9203 3.0282
v  -2.5986 25.9203 3.0409
v  -2.6069 25.9203 3.0672
v  -2.5942 25.9203 3.0916
v  -2.5679 25.9203 3.0999
v  -2.3154 25.9203 3.2303
v  -2.3219 25.9203 3.2571
v  -2.3298 25.9203 3.2068
v  -2.3567 25.9203 3.2003
v  -2.3802 25.9203 3.2148
v  -2.3866 25.9203 3.2416
v  -2.3722 25.9203 3.2651
v  -2.3454 25.9203 3.2715
v  -2.0845 25.9203 3.3839
v  -2.0890 25.9203 3.4111
v  -2.1005 25.9203 3.3615
v  -2.1277 25.9203 3.3569
v  -2.1501 25.9203 3.3730
v  -2.1547 25.9203 3.4002
v  -2.1387 25.9203 3.4226
v  -2.1115 25.9203 3.4272
v  -1.8433 25.9203 3.5211
v  -1.8460 25.9203 3.5486
v  -1.8609 25.9203 3.4998
v  -1.8883 25.9203 3.4972
v  -1.9096 25.9203 3.5147
v  -1.9122 25.9203 3.5422
v  -1.8947 25.9203 3.5634
v  -1.8673 25.9203 3.5661
v  -1.5932 25.9203 3.6411
v  -1.5939 25.9203 3.6687
v  -1.6122 25.9203 3.6211
v  -1.6398 25.9203 3.6204
v  -1.6598 25.9203 3.6394
v  -1.6605 25.9203 3.6669
v  -1.6415 25.9203 3.6869
v  -1.6139 25.9203 3.6877
v  -1.3353 25.9203 3.7434
v  -1.3341 25.9203 3.7709
v  -1.3557 25.9203 3.7247
v  -1.3832 25.9203 3.7259
v  -1.4019 25.9203 3.7463
v  -1.4007 25.9203 3.7738
v  -1.3803 25.9203 3.7925
v  -1.3528 25.9203 3.7913
v  -1.0710 25.9203 3.8274
v  -1.0678 25.9203 3.8548
v  -1.0926 25.9203 3.8102
v  -1.1200 25.9203 3.8134
v  -1.1371 25.9203 3.8349
v  -1.1340 25.9203 3.8623
v  -1.1124 25.9203 3.8795
v  -1.0850 25.9203 3.8764
v  -0.8014 25.9203 3.8928
v  -0.7963 25.9203 3.9199
v  -0.8241 25.9203 3.8772
v  -0.8512 25.9203 3.8822
v  -0.8668 25.9203 3.9049
v  -0.8618 25.9203 3.9320
v  -0.8391 25.9203 3.9477
v  -0.8120 25.9203 3.9426
v  -0.5279 25.9203 3.9392
v  -0.5210 25.9203 3.9659
v  -0.5516 25.9203 3.9252
v  -0.5783 25.9203 3.9321
v  -0.5923 25.9203 3.9559
v  -0.5854 25.9203 3.9826
v  -0.5617 25.9203 3.9966
v  -0.5350 25.9203 3.9897
v  -0.2518 25.9203 3.9664
v  -0.2431 25.9203 3.9926
v  -0.2765 25.9203 3.9541
v  -0.3026 25.9203 3.9629
v  -0.3149 25.9203 3.9876
v  -0.3062 25.9203 4.0137
v  -0.2815 25.9203 4.0260
v  -0.2554 25.9203 4.0173
v  3.9184 9.4459 0.6650
v  3.9184 12.1717 0.6650
v  3.9453 12.1717 0.6591
v  3.9453 9.4459 0.6591
v  3.9036 9.4459 0.6883
v  3.9036 12.1717 0.6883
v  3.9095 9.4459 0.7152
v  3.9095 12.1717 0.7152
v  3.9328 9.4459 0.7300
v  3.9328 12.1717 0.7300
v  3.9597 9.4459 0.7241
v  3.9597 12.1717 0.7241
v  3.9745 9.4459 0.7008
v  3.9745 12.1717 0.7008
v  3.9686 9.4459 0.6739
v  3.9686 12.1717 0.6739
v  0.0255 9.4459 3.9743
v  0.0255 12.1717 3.9743
v  0.0360 12.1717 3.9998
v  0.0360 9.4459 3.9998
v  0.0000 9.4459 3.9638
v  0.0000 12.1717 3.9638
v  -0.0255 9.4459 3.9743
v  -0.0255 12.1717 3.9743
v  -0.0360 9.4459 3.9998
v  -0.0360 12.1717 3.9998
v  -0.0255 9.4459 4.0253
v  -0.0255 12.1717 4.0253
v  0.0000 9.4459 4.0358
v  0.0000 12.1717 4.0358
v  0.0255 9.4459 4.0253
v  0.0255 12.1717 4.0253
v  0.3027 9.4459 3.9629
v  0.3027 12.1717 3.9629
v  0.3150 12.1717 3.9876
v  0.3150 9.4459 3.9876
v  0.2765 9.4459 3.9541
v  0.2765 12.1717 3.9541
v  0.2518 9.4459 3.9664
v  0.2518 12.1717 3.9664
v  0.2431 9.4459 3.9926
v  0.2431 12.1717 3.9926
v  0.2554 9.4459 4.0173
v  0.2554 12.1717 4.0173
v  0.2815 9.4459 4.0260
v  0.2815 12.1717 4.0260
v  0.3062 9.4459 4.0137
v  0.3062 12.1717 4.0137
v  0.5784 9.4459 3.9321
v  0.5784 12.1717 3.9321
v  0.5923 12.1717 3.9559
v  0.5923 9.4459 3.9559
v  0.5517 9.4459 3.9252
v  0.5517 12.1717 3.9252
v  0.5279 9.4459 3.9392
v  0.5279 12.1717 3.9392
v  0.5210 9.4459 3.9659
v  0.5210 12.1717 3.9659
v  0.5350 9.4459 3.9897
v  0.5350 12.1717 3.9897
v  0.5617 9.4459 3.9966
v  0.5617 12.1717 3.9966
v  0.5854 9.4459 3.9826
v  0.5854 12.1717 3.9826
v  0.8512 9.4459 3.8822
v  0.8512 12.1717 3.8822
v  0.8669 12.1717 3.9049
v  0.8669 9.4459 3.9049
v  0.8241 9.4459 3.8772
v  0.8241 12.1717 3.8772
v  0.8014 9.4459 3.8928
v  0.8014 12.1717 3.8928
v  0.7964 9.4459 3.9199
v  0.7964 12.1717 3.9199
v  0.8120 9.4459 3.9426
v  0.8120 12.1717 3.9426
v  0.8391 9.4459 3.9477
v  0.8391 12.1717 3.9477
v  0.8618 9.4459 3.9320
v  0.8618 12.1717 3.9320
v  1.1200 9.4459 3.8134
v  1.1200 12.1717 3.8134
v  1.1371 12.1717 3.8349
v  1.1371 9.4459 3.8349
v  1.0926 9.4459 3.8102
v  1.0926 12.1717 3.8102
v  1.0710 9.4459 3.8274
v  1.0710 12.1717 3.8274
v  1.0679 9.4459 3.8548
v  1.0679 12.1717 3.8548
v  1.0850 9.4459 3.8764
v  1.0850 12.1717 3.8764
v  1.1124 9.4459 3.8795
v  1.1124 12.1717 3.8795
v  1.1340 9.4459 3.8623
v  1.1340 12.1717 3.8623
v  1.3832 9.4459 3.7259
v  1.3832 12.1717 3.7259
v  1.4019 12.1717 3.7463
v  1.4019 9.4459 3.7463
v  1.3557 9.4459 3.7247
v  1.3557 12.1717 3.7247
v  1.3354 9.4459 3.7434
v  1.3354 12.1717 3.7434
v  1.3342 9.4459 3.7709
v  1.3342 12.1717 3.7709
v  1.3528 9.4459 3.7913
v  1.3528 12.1717 3.7913
v  1.3803 9.4459 3.7925
v  1.3803 12.1717 3.7925
v  1.4007 9.4459 3.7738
v  1.4007 12.1717 3.7738
v  1.6398 9.4459 3.6204
v  1.6398 12.1717 3.6204
v  1.6598 12.1717 3.6394
v  1.6598 9.4459 3.6394
v  1.6122 9.4459 3.6211
v  1.6122 12.1717 3.6211
v  1.5932 9.4459 3.6411
v  1.5932 12.1717 3.6411
v  1.5940 9.4459 3.6687
v  1.5940 12.1717 3.6687
v  1.6140 9.4459 3.6877
v  1.6140 12.1717 3.6877
v  1.6415 9.4459 3.6869
v  1.6415 12.1717 3.6869
v  1.6605 9.4459 3.6669
v  1.6605 12.1717 3.6669
v  1.8883 9.4459 3.4972
v  1.8883 12.1717 3.4972
v  1.9096 12.1717 3.5147
v  1.9096 9.4459 3.5147
v  1.8609 9.4459 3.4998
v  1.8609 12.1717 3.4998
v  1.8433 9.4459 3.5211
v  1.8433 12.1717 3.5211
v  1.8460 9.4459 3.5485
v  1.8460 12.1717 3.5485
v  1.8673 9.4459 3.5661
v  1.8673 12.1717 3.5661
v  1.8947 9.4459 3.5634
v  1.8947 12.1717 3.5634
v  1.9123 9.4459 3.5422
v  1.9123 12.1717 3.5422
v  2.1277 9.4459 3.3569
v  2.1277 12.1717 3.3569
v  2.1501 12.1717 3.3729
v  2.1501 9.4459 3.3729
v  2.1005 9.4459 3.3615
v  2.1005 12.1717 3.3615
v  2.0845 9.4459 3.3839
v  2.0845 12.1717 3.3839
v  2.0890 9.4459 3.4111
v  2.0890 12.1717 3.4111
v  2.1115 9.4459 3.4271
v  2.1115 12.1717 3.4271
v  2.1387 9.4459 3.4226
v  2.1387 12.1717 3.4226
v  2.1547 9.4459 3.4001
v  2.1547 12.1717 3.4001
v  2.3567 9.4459 3.2003
v  2.3567 12.1717 3.2003
v  2.3802 12.1717 3.2147
v  2.3802 9.4459 3.2147
v  2.3299 9.4459 3.2068
v  2.3299 12.1717 3.2068
v  2.3154 9.4459 3.2303
v  2.3154 12.1717 3.2303
v  2.3219 9.4459 3.2571
v  2.3219 12.1717 3.2571
v  2.3454 9.4459 3.2715
v  2.3454 12.1717 3.2715
v  2.3722 9.4459 3.2651
v  2.3722 12.1717 3.2651
v  2.3866 9.4459 3.2416
v  2.3866 12.1717 3.2416
v  2.5742 9.4459 3.0281
v  2.5742 12.1717 3.0281
v  2.5986 12.1717 3.0409
v  2.5986 9.4459 3.0409
v  2.5479 9.4459 3.0364
v  2.5479 12.1717 3.0364
v  2.5351 9.4459 3.0609
v  2.5351 12.1717 3.0609
v  2.5434 9.4459 3.0872
v  2.5434 12.1717 3.0872
v  2.5679 9.4459 3.0999
v  2.5679 12.1717 3.0999
v  2.5942 9.4459 3.0916
v  2.5942 12.1717 3.0916
v  2.6069 9.4459 3.0672
v  2.6069 12.1717 3.0672
v  2.7791 9.4459 2.8412
v  2.7791 12.1717 2.8412
v  2.8044 12.1717 2.8522
v  2.8044 9.4459 2.8522
v  2.7535 9.4459 2.8513
v  2.7535 12.1717 2.8513
v  2.7425 9.4459 2.8766
v  2.7425 12.1717 2.8766
v  2.7526 9.4459 2.9023
v  2.7526 12.1717 2.9023
v  2.7779 9.4459 2.9133
v  2.7779 12.1717 2.9133
v  2.8035 9.4459 2.9031
v  2.8035 12.1717 2.9031
v  2.8145 9.4459 2.8779
v  2.8145 12.1717 2.8779
v  2.9706 9.4459 2.6404
v  2.9706 12.1717 2.6404
v  2.9966 12.1717 2.6496
v  2.9966 9.4459 2.6496
v  2.9457 9.4459 2.6523
v  2.9457 12.1717 2.6523
v  2.9365 9.4459 2.6783
v  2.9365 12.1717 2.6783
v  2.9483 9.4459 2.7032
v  2.9483 12.1717 2.7032
v  2.9743 9.4459 2.7124
v  2.9743 12.1717 2.7124
v  2.9992 9.4459 2.7005
v  2.9992 12.1717 2.7005
v  3.0084 9.4459 2.6745
v  3.0084 12.1717 2.6745
v  3.1475 9.4459 2.4268
v  3.1475 12.1717 2.4268
v  3.1741 12.1717 2.4341
v  3.1741 9.4459 2.4341
v  3.1235 9.4459 2.4403
v  3.1235 12.1717 2.4403
v  3.1161 9.4459 2.4669
v  3.1161 12.1717 2.4669
v  3.1297 9.4459 2.4909
v  3.1297 12.1717 2.4909
v  3.1563 9.4459 2.4983
v  3.1563 12.1717 2.4983
v  3.1803 9.4459 2.4847
v  3.1803 12.1717 2.4847
v  3.1877 9.4459 2.4581
v  3.1877 12.1717 2.4581
v  3.3091 9.4459 2.2013
v  3.3091 12.1717 2.2013
v  3.3361 12.1717 2.2068
v  3.3361 9.4459 2.2068
v  3.2861 9.4459 2.2165
v  3.2861 12.1717 2.2165
v  3.2806 9.4459 2.2435
v  3.2806 12.1717 2.2435
v  3.2959 9.4459 2.2665
v  3.2959 12.1717 2.2665
v  3.3229 9.4459 2.2720
v  3.3229 12.1717 2.2720
v  3.3459 9.4459 2.2568
v  3.3459 12.1717 2.2568
v  3.3514 9.4459 2.2298
v  3.3514 12.1717 2.2298
v  3.4546 9.4459 1.9651
v  3.4546 12.1717 1.9651
v  3.4820 12.1717 1.9687
v  3.4820 9.4459 1.9687
v  3.4327 9.4459 1.9819
v  3.4327 12.1717 1.9819
v  3.4291 9.4459 2.0092
v  3.4291 12.1717 2.0092
v  3.4459 9.4459 2.0311
v  3.4459 12.1717 2.0311
v  3.4733 9.4459 2.0347
v  3.4733 12.1717 2.0347
v  3.4951 9.4459 2.0179
v  3.4951 12.1717 2.0179
v  3.4987 9.4459 1.9906
v  3.4987 12.1717 1.9906
v  3.5833 9.4459 1.7193
v  3.5833 12.1717 1.7193
v  3.6108 12.1717 1.7210
v  3.6108 9.4459 1.7210
v  3.5626 9.4459 1.7376
v  3.5626 12.1717 1.7376
v  3.5609 9.4459 1.7651
v  3.5609 12.1717 1.7651
v  3.5792 9.4459 1.7858
v  3.5792 12.1717 1.7858
v  3.6067 9.4459 1.7875
v  3.6067 12.1717 1.7875
v  3.6274 9.4459 1.7692
v  3.6274 12.1717 1.7692
v  3.6291 9.4459 1.7417
v  3.6291 12.1717 1.7417
v  3.6945 9.4459 1.4652
v  3.6945 12.1717 1.4652
v  3.7221 12.1717 1.4650
v  3.7221 9.4459 1.4650
v  3.6752 9.4459 1.4849
v  3.6752 12.1717 1.4849
v  3.6754 9.4459 1.5124
v  3.6754 12.1717 1.5124
v  3.6951 9.4459 1.5318
v  3.6951 12.1717 1.5318
v  3.7226 9.4459 1.5315
v  3.7226 12.1717 1.5315
v  3.7420 9.4459 1.5119
v  3.7420 12.1717 1.5119
v  3.7417 9.4459 1.4843
v  3.7417 12.1717 1.4843
v  3.7877 9.4459 1.2039
v  3.7877 12.1717 1.2039
v  3.8152 12.1717 1.2017
v  3.8152 9.4459 1.2017
v  3.7698 9.4459 1.2249
v  3.7698 12.1717 1.2249
v  3.7719 9.4459 1.2524
v  3.7719 12.1717 1.2524
v  3.7929 9.4459 1.2703
v  3.7929 12.1717 1.2703
v  3.8204 9.4459 1.2681
v  3.8204 12.1717 1.2681
v  3.8383 9.4459 1.2471
v  3.8383 12.1717 1.2471
v  3.8362 9.4459 1.2197
v  3.8362 12.1717 1.2197
v  3.8624 9.4459 0.9368
v  3.8624 12.1717 0.9368
v  3.8897 12.1717 0.9327
v  3.8897 9.4459 0.9327
v  3.8460 9.4459 0.9589
v  3.8460 12.1717 0.9589
v  3.8501 9.4459 0.9862
v  3.8501 12.1717 0.9862
v  3.8723 9.4459 1.0026
v  3.8723 12.1717 1.0026
v  3.8996 9.4459 0.9985
v  3.8996 12.1717 0.9985
v  3.9160 9.4459 0.9764
v  3.9160 12.1717 0.9764
v  3.9119 9.4459 0.9491
v  3.9119 12.1717 0.9491
v  3.9552 9.4459 0.3901
v  3.9552 12.1717 0.3901
v  3.9817 12.1717 0.3823
v  3.9817 9.4459 0.3823
v  3.9421 9.4459 0.4143
v  3.9421 12.1717 0.4143
v  3.9499 9.4459 0.4408
v  3.9499 12.1717 0.4408
v  3.9741 9.4459 0.4539
v  3.9741 12.1717 0.4539
v  4.0006 9.4459 0.4461
v  4.0006 12.1717 0.4461
v  4.0137 9.4459 0.4219
v  4.0137 12.1717 0.4219
v  4.0059 9.4459 0.3954
v  4.0059 12.1717 0.3954
v  3.9728 9.4459 0.1132
v  3.9728 12.1717 0.1132
v  3.9986 12.1717 0.1036
v  3.9986 9.4459 0.1036
v  3.9614 9.4459 0.1383
v  3.9614 12.1717 0.1383
v  3.9710 9.4459 0.1642
v  3.9710 12.1717 0.1642
v  3.9961 9.4459 0.1756
v  3.9961 12.1717 0.1756
v  4.0220 9.4459 0.1659
v  4.0220 12.1717 0.1659
v  4.0334 9.4459 0.1408
v  4.0334 12.1717 0.1408
v  4.0237 9.4459 0.1150
v  4.0237 12.1717 0.1150
v  3.9710 9.4459 -0.1642
v  3.9710 12.1717 -0.1642
v  3.9961 12.1717 -0.1756
v  3.9961 9.4459 -0.1756
v  3.9614 9.4459 -0.1383
v  3.9614 12.1717 -0.1383
v  3.9728 9.4459 -0.1132
v  3.9728 12.1717 -0.1132
v  3.9986 9.4459 -0.1036
v  3.9986 12.1717 -0.1036
v  4.0237 9.4459 -0.1150
v  4.0237 12.1717 -0.1150
v  4.0334 9.4459 -0.1408
v  4.0334 12.1717 -0.1408
v  4.0220 9.4459 -0.1659
v  4.0220 12.1717 -0.1659
v  3.9499 9.4459 -0.4408
v  3.9499 12.1717 -0.4408
v  3.9741 12.1717 -0.4539
v  3.9741 9.4459 -0.4539
v  3.9421 9.4459 -0.4143
v  3.9421 12.1717 -0.4143
v  3.9552 9.4459 -0.3901
v  3.9552 12.1717 -0.3901
v  3.9817 9.4459 -0.3823
v  3.9817 12.1717 -0.3823
v  4.0059 9.4459 -0.3954
v  4.0059 12.1717 -0.3954
v  4.0137 9.4459 -0.4219
v  4.0137 12.1717 -0.4219
v  4.0006 9.4459 -0.4461
v  4.0006 12.1717 -0.4461
v  3.9095 9.4459 -0.7152
v  3.9095 12.1717 -0.7152
v  3.9328 12.1717 -0.7300
v  3.9328 9.4459 -0.7300
v  3.9036 9.4459 -0.6883
v  3.9036 12.1717 -0.6883
v  3.9184 9.4459 -0.6650
v  3.9184 12.1717 -0.6650
v  3.9453 9.4459 -0.6591
v  3.9453 12.1717 -0.6591
v  3.9686 9.4459 -0.6739
v  3.9686 12.1717 -0.6739
v  3.9745 9.4459 -0.7008
v  3.9745 12.1717 -0.7008
v  3.9597 9.4459 -0.7241
v  3.9597 12.1717 -0.7241
v  3.8501 9.4459 -0.9862
v  3.8501 12.1717 -0.9862
v  3.8723 12.1717 -1.0026
v  3.8723 9.4459 -1.0026
v  3.8460 9.4459 -0.9589
v  3.8460 12.1717 -0.9589
v  3.8624 9.4459 -0.9368
v  3.8624 12.1717 -0.9368
v  3.8897 9.4459 -0.9327
v  3.8897 12.1717 -0.9327
v  3.9119 9.4459 -0.9491
v  3.9119 12.1717 -0.9491
v  3.9160 9.4459 -0.9764
v  3.9160 12.1717 -0.9764
v  3.8996 9.4459 -0.9985
v  3.8996 12.1717 -0.9985
v  3.7719 9.4459 -1.2524
v  3.7719 12.1717 -1.2524
v  3.7929 12.1717 -1.2703
v  3.7929 9.4459 -1.2703
v  3.7698 9.4459 -1.2249
v  3.7698 12.1717 -1.2249
v  3.7877 9.4459 -1.2039
v  3.7877 12.1717 -1.2039
v  3.8152 9.4459 -1.2017
v  3.8152 12.1717 -1.2017
v  3.8362 9.4459 -1.2197
v  3.8362 12.1717 -1.2197
v  3.8383 9.4459 -1.2471
v  3.8383 12.1717 -1.2471
v  3.8204 9.4459 -1.2681
v  3.8204 12.1717 -1.2681
v  3.6754 9.4459 -1.5124
v  3.6754 12.1717 -1.5124
v  3.6951 12.1717 -1.5318
v  3.6951 9.4459 -1.5318
v  3.6752 9.4459 -1.4849
v  3.6752 12.1717 -1.4849
v  3.6945 9.4459 -1.4652
v  3.6945 12.1717 -1.4652
v  3.7221 9.4459 -1.4649
v  3.7221 12.1717 -1.4649
v  3.7417 9.4459 -1.4843
v  3.7417 12.1717 -1.4843
v  3.7420 9.4459 -1.5119
v  3.7420 12.1717 -1.5119
v  3.7226 9.4459 -1.5315
v  3.7226 12.1717 -1.5315
v  3.5609 9.4459 -1.7651
v  3.5609 12.1717 -1.7651
v  3.5792 12.1717 -1.7858
v  3.5792 9.4459 -1.7858
v  3.5626 9.4459 -1.7376
v  3.5626 12.1717 -1.7376
v  3.5833 9.4459 -1.7193
v  3.5833 12.1717 -1.7193
v  3.6108 9.4459 -1.7210
v  3.6108 12.1717 -1.7210
v  3.6291 9.4459 -1.7417
v  3.6291 12.1717 -1.7417
v  3.6274 9.4459 -1.7692
v  3.6274 12.1717 -1.7692
v  3.6067 9.4459 -1.7875
v  3.6067 12.1717 -1.7875
v  3.4291 9.4459 -2.0092
v  3.4291 12.1717 -2.0092
v  3.4459 12.1717 -2.0311
v  3.4459 9.4459 -2.0311
v  3.4327 9.4459 -1.9819
v  3.4327 12.1717 -1.9819
v  3.4546 9.4459 -1.9651
v  3.4546 12.1717 -1.9651
v  3.4820 9.4459 -1.9687
v  3.4820 12.1717 -1.9687
v  3.4987 9.4459 -1.9906
v  3.4987 12.1717 -1.9906
v  3.4951 9.4459 -2.0179
v  3.4951 12.1717 -2.0179
v  3.4733 9.4459 -2.0347
v  3.4733 12.1717 -2.0347
v  3.2806 9.4459 -2.2435
v  3.2806 12.1717 -2.2435
v  3.2959 12.1717 -2.2665
v  3.2959 9.4459 -2.2665
v  3.2861 9.4459 -2.2165
v  3.2861 12.1717 -2.2165
v  3.3091 9.4459 -2.2013
v  3.3091 12.1717 -2.2013
v  3.3361 9.4459 -2.2068
v  3.3361 12.1717 -2.2068
v  3.3514 9.4459 -2.2298
v  3.3514 12.1717 -2.2298
v  3.3459 9.4459 -2.2568
v  3.3459 12.1717 -2.2568
v  3.3229 9.4459 -2.2720
v  3.3229 12.1717 -2.2720
v  3.1161 9.4459 -2.4669
v  3.1161 12.1717 -2.4669
v  3.1297 12.1717 -2.4909
v  3.1297 9.4459 -2.4909
v  3.1235 9.4459 -2.4404
v  3.1235 12.1717 -2.4404
v  3.1475 9.4459 -2.4268
v  3.1475 12.1717 -2.4268
v  3.1741 9.4459 -2.4341
v  3.1741 12.1717 -2.4341
v  3.1877 9.4459 -2.4581
v  3.1877 12.1717 -2.4581
v  3.1803 9.4459 -2.4847
v  3.1803 12.1717 -2.4847
v  3.1563 9.4459 -2.4983
v  3.1563 12.1717 -2.4983
v  2.9365 9.4459 -2.6783
v  2.9365 12.1717 -2.6783
v  2.9483 12.1717 -2.7032
v  2.9483 9.4459 -2.7032
v  2.9457 9.4459 -2.6523
v  2.9457 12.1717 -2.6523
v  2.9706 9.4459 -2.6404
v  2.9706 12.1717 -2.6404
v  2.9966 9.4459 -2.6496
v  2.9966 12.1717 -2.6496
v  3.0084 9.4459 -2.6745
v  3.0084 12.1717 -2.6745
v  2.9992 9.4459 -2.7005
v  2.9992 12.1717 -2.7005
v  2.9743 9.4459 -2.7124
v  2.9743 12.1717 -2.7124
v  2.7425 9.4459 -2.8766
v  2.7425 12.1717 -2.8766
v  2.7526 12.1717 -2.9023
v  2.7526 9.4459 -2.9023
v  2.7535 9.4459 -2.8513
v  2.7535 12.1717 -2.8513
v  2.7791 9.4459 -2.8412
v  2.7791 12.1717 -2.8412
v  2.8044 9.4459 -2.8522
v  2.8044 12.1717 -2.8522
v  2.8145 9.4459 -2.8779
v  2.8145 12.1717 -2.8779
v  2.8035 9.4459 -2.9031
v  2.8035 12.1717 -2.9031
v  2.7779 9.4459 -2.9133
v  2.7779 12.1717 -2.9133
v  2.5351 9.4459 -3.0609
v  2.5351 12.1717 -3.0609
v  2.5434 12.1717 -3.0872
v  2.5434 9.4459 -3.0872
v  2.5479 9.4459 -3.0364
v  2.5479 12.1717 -3.0364
v  2.5742 9.4459 -3.0281
v  2.5742 12.1717 -3.0281
v  2.5986 9.4459 -3.0409
v  2.5986 12.1717 -3.0409
v  2.6069 9.4459 -3.0672
v  2.6069 12.1717 -3.0672
v  2.5942 9.4459 -3.0916
v  2.5942 12.1717 -3.0916
v  2.5679 9.4459 -3.0999
v  2.5679 12.1717 -3.0999
v  2.3154 9.4459 -3.2303
v  2.3154 12.1717 -3.2303
v  2.3219 12.1717 -3.2571
v  2.3219 9.4459 -3.2571
v  2.3299 9.4459 -3.2068
v  2.3299 12.1717 -3.2068
v  2.3567 9.4459 -3.2003
v  2.3567 12.1717 -3.2003
v  2.3802 9.4459 -3.2147
v  2.3802 12.1717 -3.2147
v  2.3866 9.4459 -3.2416
v  2.3866 12.1717 -3.2416
v  2.3722 9.4459 -3.2651
v  2.3722 12.1717 -3.2651
v  2.3454 9.4459 -3.2715
v  2.3454 12.1717 -3.2715
v  2.0845 9.4459 -3.3839
v  2.0845 12.1717 -3.3839
v  2.0890 12.1717 -3.4111
v  2.0890 9.4459 -3.4111
v  2.1005 9.4459 -3.3615
v  2.1005 12.1717 -3.3615
v  2.1277 9.4459 -3.3569
v  2.1277 12.1717 -3.3569
v  2.1501 9.4459 -3.3729
v  2.1501 12.1717 -3.3729
v  2.1547 9.4459 -3.4001
v  2.1547 12.1717 -3.4001
v  2.1387 9.4459 -3.4226
v  2.1387 12.1717 -3.4226
v  2.1115 9.4459 -3.4271
v  2.1115 12.1717 -3.4271
v  1.8433 9.4459 -3.5211
v  1.8433 12.1717 -3.5211
v  1.8460 12.1717 -3.5485
v  1.8460 9.4459 -3.5485
v  1.8609 9.4459 -3.4998
v  1.8609 12.1717 -3.4998
v  1.8883 9.4459 -3.4972
v  1.8883 12.1717 -3.4972
v  1.9096 9.4459 -3.5147
v  1.9096 12.1717 -3.5147
v  1.9123 9.4459 -3.5422
v  1.9123 12.1717 -3.5422
v  1.8947 9.4459 -3.5634
v  1.8947 12.1717 -3.5634
v  1.8673 9.4459 -3.5661
v  1.8673 12.1717 -3.5661
v  1.5932 9.4459 -3.6411
v  1.5932 12.1717 -3.6411
v  1.5940 12.1717 -3.6687
v  1.5940 9.4459 -3.6687
v  1.6122 9.4459 -3.6211
v  1.6122 12.1717 -3.6211
v  1.6398 9.4459 -3.6204
v  1.6398 12.1717 -3.6204
v  1.6598 9.4459 -3.6394
v  1.6598 12.1717 -3.6394
v  1.6605 9.4459 -3.6669
v  1.6605 12.1717 -3.6669
v  1.6415 9.4459 -3.6869
v  1.6415 12.1717 -3.6869
v  1.6140 9.4459 -3.6877
v  1.6140 12.1717 -3.6877
v  1.3354 9.4459 -3.7434
v  1.3354 12.1717 -3.7434
v  1.3342 12.1717 -3.7709
v  1.3342 9.4459 -3.7709
v  1.3557 9.4459 -3.7247
v  1.3557 12.1717 -3.7247
v  1.3832 9.4459 -3.7259
v  1.3832 12.1717 -3.7259
v  1.4019 9.4459 -3.7463
v  1.4019 12.1717 -3.7463
v  1.4007 9.4459 -3.7738
v  1.4007 12.1717 -3.7738
v  1.3803 9.4459 -3.7925
v  1.3803 12.1717 -3.7925
v  1.3528 9.4459 -3.7913
v  1.3528 12.1717 -3.7913
v  1.0710 9.4459 -3.8274
v  1.0710 12.1717 -3.8274
v  1.0679 12.1717 -3.8548
v  1.0679 9.4459 -3.8548
v  1.0926 9.4459 -3.8102
v  1.0926 12.1717 -3.8102
v  1.1200 9.4459 -3.8134
v  1.1200 12.1717 -3.8134
v  1.1371 9.4459 -3.8349
v  1.1371 12.1717 -3.8349
v  1.1340 9.4459 -3.8623
v  1.1340 12.1717 -3.8623
v  1.1124 9.4459 -3.8795
v  1.1124 12.1717 -3.8795
v  1.0850 9.4459 -3.8764
v  1.0850 12.1717 -3.8764
v  0.8014 9.4459 -3.8928
v  0.8014 12.1717 -3.8928
v  0.7964 12.1717 -3.9199
v  0.7964 9.4459 -3.9199
v  0.8241 9.4459 -3.8772
v  0.8241 12.1717 -3.8772
v  0.8512 9.4459 -3.8822
v  0.8512 12.1717 -3.8822
v  0.8668 9.4459 -3.9049
v  0.8668 12.1717 -3.9049
v  0.8618 9.4459 -3.9320
v  0.8618 12.1717 -3.9320
v  0.8391 9.4459 -3.9477
v  0.8391 12.1717 -3.9477
v  0.8120 9.4459 -3.9426
v  0.8120 12.1717 -3.9426
v  0.5279 9.4459 -3.9392
v  0.5279 12.1717 -3.9392
v  0.5210 12.1717 -3.9659
v  0.5210 9.4459 -3.9659
v  0.5516 9.4459 -3.9252
v  0.5516 12.1717 -3.9252
v  0.5783 9.4459 -3.9321
v  0.5783 12.1717 -3.9321
v  0.5923 9.4459 -3.9559
v  0.5923 12.1717 -3.9559
v  0.5854 9.4459 -3.9826
v  0.5854 12.1717 -3.9826
v  0.5617 9.4459 -3.9966
v  0.5617 12.1717 -3.9966
v  0.5350 9.4459 -3.9897
v  0.5350 12.1717 -3.9897
v  0.2518 9.4459 -3.9664
v  0.2518 12.1717 -3.9664
v  0.2431 12.1717 -3.9926
v  0.2431 9.4459 -3.9926
v  0.2765 9.4459 -3.9541
v  0.2765 12.1717 -3.9541
v  0.3026 9.4459 -3.9629
v  0.3026 12.1717 -3.9629
v  0.3150 9.4459 -3.9876
v  0.3150 12.1717 -3.9876
v  0.3062 9.4459 -4.0137
v  0.3062 12.1717 -4.0137
v  0.2815 9.4459 -4.0260
v  0.2815 12.1717 -4.0260
v  0.2554 9.4459 -4.0173
v  0.2554 12.1717 -4.0173
v  -0.0255 9.4459 -3.9743
v  -0.0255 12.1717 -3.9743
v  -0.0360 12.1717 -3.9998
v  -0.0360 9.4459 -3.9998
v  -0.0000 9.4459 -3.9638
v  -0.0000 12.1717 -3.9638
v  0.0255 9.4459 -3.9743
v  0.0255 12.1717 -3.9743
v  0.0360 9.4459 -3.9998
v  0.0360 12.1717 -3.9998
v  0.0255 9.4459 -4.0253
v  0.0255 12.1717 -4.0253
v  -0.0000 9.4459 -4.0358
v  -0.0000 12.1717 -4.0358
v  -0.0255 9.4459 -4.0253
v  -0.0255 12.1717 -4.0253
v  -0.3027 9.4459 -3.9629
v  -0.3027 12.1717 -3.9629
v  -0.3150 12.1717 -3.9876
v  -0.3150 9.4459 -3.9876
v  -0.2765 9.4459 -3.9541
v  -0.2765 12.1717 -3.9541
v  -0.2518 9.4459 -3.9664
v  -0.2518 12.1717 -3.9664
v  -0.2431 9.4459 -3.9926
v  -0.2431 12.1717 -3.9926
v  -0.2554 9.4459 -4.0173
v  -0.2554 12.1717 -4.0173
v  -0.2815 9.4459 -4.0260
v  -0.2815 12.1717 -4.0260
v  -0.3062 9.4459 -4.0137
v  -0.3062 12.1717 -4.0137
v  -0.5784 9.4459 -3.9321
v  -0.5784 12.1717 -3.9321
v  -0.5924 12.1717 -3.9559
v  -0.5924 9.4459 -3.9559
v  -0.5517 9.4459 -3.9252
v  -0.5517 12.1717 -3.9252
v  -0.5279 9.4459 -3.9392
v  -0.5279 12.1717 -3.9392
v  -0.5210 9.4459 -3.9659
v  -0.5210 12.1717 -3.9659
v  -0.5350 9.4459 -3.9897
v  -0.5350 12.1717 -3.9897
v  -0.5617 9.4459 -3.9966
v  -0.5617 12.1717 -3.9966
v  -0.5854 9.4459 -3.9826
v  -0.5854 12.1717 -3.9826
v  -0.8512 9.4459 -3.8822
v  -0.8512 12.1717 -3.8822
v  -0.8669 12.1717 -3.9049
v  -0.8669 9.4459 -3.9049
v  -0.8241 9.4459 -3.8772
v  -0.8241 12.1717 -3.8772
v  -0.8014 9.4459 -3.8928
v  -0.8014 12.1717 -3.8928
v  -0.7964 9.4459 -3.9199
v  -0.7964 12.1717 -3.9199
v  -0.8120 9.4459 -3.9426
v  -0.8120 12.1717 -3.9426
v  -0.8391 9.4459 -3.9477
v  -0.8391 12.1717 -3.9477
v  -0.8618 9.4459 -3.9320
v  -0.8618 12.1717 -3.9320
v  -1.1200 9.4459 -3.8134
v  -1.1200 12.1717 -3.8134
v  -1.1371 12.1717 -3.8349
v  -1.1371 9.4459 -3.8349
v  -1.0926 9.4459 -3.8102
v  -1.0926 12.1717 -3.8102
v  -1.0710 9.4459 -3.8274
v  -1.0710 12.1717 -3.8274
v  -1.0679 9.4459 -3.8548
v  -1.0679 12.1717 -3.8548
v  -1.0850 9.4459 -3.8764
v  -1.0850 12.1717 -3.8764
v  -1.1124 9.4459 -3.8795
v  -1.1124 12.1717 -3.8795
v  -1.1340 9.4459 -3.8623
v  -1.1340 12.1717 -3.8623
v  -1.3833 9.4459 -3.7259
v  -1.3833 12.1717 -3.7259
v  -1.4019 12.1717 -3.7463
v  -1.4019 9.4459 -3.7463
v  -1.3557 9.4459 -3.7247
v  -1.3557 12.1717 -3.7247
v  -1.3354 9.4459 -3.7434
v  -1.3354 12.1717 -3.7434
v  -1.3342 9.4459 -3.7709
v  -1.3342 12.1717 -3.7709
v  -1.3528 9.4459 -3.7913
v  -1.3528 12.1717 -3.7913
v  -1.3803 9.4459 -3.7925
v  -1.3803 12.1717 -3.7925
v  -1.4007 9.4459 -3.7738
v  -1.4007 12.1717 -3.7738
v  -1.6398 9.4459 -3.6204
v  -1.6398 12.1717 -3.6204
v  -1.6598 12.1717 -3.6394
v  -1.6598 9.4459 -3.6394
v  -1.6122 9.4459 -3.6211
v  -1.6122 12.1717 -3.6211
v  -1.5932 9.4459 -3.6411
v  -1.5932 12.1717 -3.6411
v  -1.5940 9.4459 -3.6687
v  -1.5940 12.1717 -3.6687
v  -1.6140 9.4459 -3.6876
v  -1.6140 12.1717 -3.6876
v  -1.6415 9.4459 -3.6869
v  -1.6415 12.1717 -3.6869
v  -1.6605 9.4459 -3.6669
v  -1.6605 12.1717 -3.6669
v  -1.8883 9.4459 -3.4972
v  -1.8883 12.1717 -3.4972
v  -1.9096 12.1717 -3.5147
v  -1.9096 9.4459 -3.5147
v  -1.8609 9.4459 -3.4998
v  -1.8609 12.1717 -3.4998
v  -1.8433 9.4459 -3.5211
v  -1.8433 12.1717 -3.5211
v  -1.8460 9.4459 -3.5485
v  -1.8460 12.1717 -3.5485
v  -1.8673 9.4459 -3.5661
v  -1.8673 12.1717 -3.5661
v  -1.8947 9.4459 -3.5634
v  -1.8947 12.1717 -3.5634
v  -1.9123 9.4459 -3.5422
v  -1.9123 12.1717 -3.5422
v  -2.1277 9.4459 -3.3569
v  -2.1277 12.1717 -3.3569
v  -2.1501 12.1717 -3.3729
v  -2.1501 9.4459 -3.3729
v  -2.1005 9.4459 -3.3615
v  -2.1005 12.1717 -3.3615
v  -2.0845 9.4459 -3.3839
v  -2.0845 12.1717 -3.3839
v  -2.0890 9.4459 -3.4111
v  -2.0890 12.1717 -3.4111
v  -2.1115 9.4459 -3.4271
v  -2.1115 12.1717 -3.4271
v  -2.1387 9.4459 -3.4226
v  -2.1387 12.1717 -3.4226
v  -2.1547 9.4459 -3.4001
v  -2.1547 12.1717 -3.4001
v  -2.3567 9.4459 -3.2003
v  -2.3567 12.1717 -3.2003
v  -2.3802 12.1717 -3.2147
v  -2.3802 9.4459 -3.2147
v  -2.3299 9.4459 -3.2068
v  -2.3299 12.1717 -3.2068
v  -2.3155 9.4459 -3.2303
v  -2.3155 12.1717 -3.2303
v  -2.3219 9.4459 -3.2571
v  -2.3219 12.1717 -3.2571
v  -2.3454 9.4459 -3.2715
v  -2.3454 12.1717 -3.2715
v  -2.3722 9.4459 -3.2651
v  -2.3722 12.1717 -3.2651
v  -2.3866 9.4459 -3.2416
v  -2.3866 12.1717 -3.2416
v  -2.5742 9.4459 -3.0281
v  -2.5742 12.1717 -3.0281
v  -2.5986 12.1717 -3.0409
v  -2.5986 9.4459 -3.0409
v  -2.5479 9.4459 -3.0364
v  -2.5479 12.1717 -3.0364
v  -2.5351 9.4459 -3.0609
v  -2.5351 12.1717 -3.0609
v  -2.5434 9.4459 -3.0872
v  -2.5434 12.1717 -3.0872
v  -2.5679 9.4459 -3.0999
v  -2.5679 12.1717 -3.0999
v  -2.5942 9.4459 -3.0916
v  -2.5942 12.1717 -3.0916
v  -2.6069 9.4459 -3.0672
v  -2.6069 12.1717 -3.0672
v  -2.7791 9.4459 -2.8412
v  -2.7791 12.1717 -2.8412
v  -2.8044 12.1717 -2.8522
v  -2.8044 9.4459 -2.8522
v  -2.7535 9.4459 -2.8513
v  -2.7535 12.1717 -2.8513
v  -2.7425 9.4459 -2.8766
v  -2.7425 12.1717 -2.8766
v  -2.7526 9.4459 -2.9023
v  -2.7526 12.1717 -2.9023
v  -2.7779 9.4459 -2.9132
v  -2.7779 12.1717 -2.9132
v  -2.8035 9.4459 -2.9031
v  -2.8035 12.1717 -2.9031
v  -2.8145 9.4459 -2.8779
v  -2.8145 12.1717 -2.8779
v  -2.9706 9.4459 -2.6404
v  -2.9706 12.1717 -2.6404
v  -2.9966 12.1717 -2.6496
v  -2.9966 9.4459 -2.6496
v  -2.9457 9.4459 -2.6523
v  -2.9457 12.1717 -2.6523
v  -2.9365 9.4459 -2.6783
v  -2.9365 12.1717 -2.6783
v  -2.9483 9.4459 -2.7032
v  -2.9483 12.1717 -2.7032
v  -2.9743 9.4459 -2.7124
v  -2.9743 12.1717 -2.7124
v  -2.9992 9.4459 -2.7005
v  -2.9992 12.1717 -2.7005
v  -3.0084 9.4459 -2.6745
v  -3.0084 12.1717 -2.6745
v  -3.1475 9.4459 -2.4268
v  -3.1475 12.1717 -2.4268
v  -3.1741 12.1717 -2.4341
v  -3.1741 9.4459 -2.4341
v  -3.1235 9.4459 -2.4403
v  -3.1235 12.1717 -2.4403
v  -3.1161 9.4459 -2.4669
v  -3.1161 12.1717 -2.4669
v  -3.1297 9.4459 -2.4909
v  -3.1297 12.1717 -2.4909
v  -3.1563 9.4459 -2.4983
v  -3.1563 12.1717 -2.4983
v  -3.1803 9.4459 -2.4847
v  -3.1803 12.1717 -2.4847
v  -3.1877 9.4459 -2.4581
v  -3.1877 12.1717 -2.4581
v  -3.3091 9.4459 -2.2013
v  -3.3091 12.1717 -2.2013
v  -3.3362 12.1717 -2.2068
v  -3.3362 9.4459 -2.2068
v  -3.2861 9.4459 -2.2165
v  -3.2861 12.1717 -2.2165
v  -3.2806 9.4459 -2.2435
v  -3.2806 12.1717 -2.2435
v  -3.2959 9.4459 -2.2665
v  -3.2959 12.1717 -2.2665
v  -3.3229 9.4459 -2.2720
v  -3.3229 12.1717 -2.2720
v  -3.3459 9.4459 -2.2568
v  -3.3459 12.1717 -2.2568
v  -3.3514 9.4459 -2.2298
v  -3.3514 12.1717 -2.2298
v  -3.4546 9.4459 -1.9651
v  -3.4546 12.1717 -1.9651
v  -3.4820 12.1717 -1.9687
v  -3.4820 9.4459 -1.9687
v  -3.4327 9.4459 -1.9819
v  -3.4327 12.1717 -1.9819
v  -3.4291 9.4459 -2.0092
v  -3.4291 12.1717 -2.0092
v  -3.4459 9.4459 -2.0311
v  -3.4459 12.1717 -2.0311
v  -3.4733 9.4459 -2.0347
v  -3.4733 12.1717 -2.0347
v  -3.4952 9.4459 -2.0179
v  -3.4952 12.1717 -2.0179
v  -3.4987 9.4459 -1.9906
v  -3.4987 12.1717 -1.9906
v  -3.5833 9.4459 -1.7193
v  -3.5833 12.1717 -1.7193
v  -3.6108 12.1717 -1.7210
v  -3.6108 9.4459 -1.7210
v  -3.5626 9.4459 -1.7376
v  -3.5626 12.1717 -1.7376
v  -3.5609 9.4459 -1.7651
v  -3.5609 12.1717 -1.7651
v  -3.5792 9.4459 -1.7858
v  -3.5792 12.1717 -1.7858
v  -3.6067 9.4459 -1.7875
v  -3.6067 12.1717 -1.7875
v  -3.6274 9.4459 -1.7692
v  -3.6274 12.1717 -1.7692
v  -3.6291 9.4459 -1.7417
v  -3.6291 12.1717 -1.7417
v  -3.6945 9.4459 -1.4652
v  -3.6945 12.1717 -1.4652
v  -3.7221 12.1717 -1.4649
v  -3.7221 9.4459 -1.4649
v  -3.6752 9.4459 -1.4849
v  -3.6752 12.1717 -1.4849
v  -3.6754 9.4459 -1.5124
v  -3.6754 12.1717 -1.5124
v  -3.6951 9.4459 -1.5318
v  -3.6951 12.1717 -1.5318
v  -3.7226 9.4459 -1.5315
v  -3.7226 12.1717 -1.5315
v  -3.7420 9.4459 -1.5118
v  -3.7420 12.1717 -1.5118
v  -3.7417 9.4459 -1.4843
v  -3.7417 12.1717 -1.4843
v  -3.7877 9.4459 -1.2039
v  -3.7877 12.1717 -1.2039
v  -3.8152 12.1717 -1.2017
v  -3.8152 9.4459 -1.2017
v  -3.7698 9.4459 -1.2249
v  -3.7698 12.1717 -1.2249
v  -3.7720 9.4459 -1.2524
v  -3.7720 12.1717 -1.2524
v  -3.7929 9.4459 -1.2703
v  -3.7929 12.1717 -1.2703
v  -3.8204 9.4459 -1.2681
v  -3.8204 12.1717 -1.2681
v  -3.8383 9.4459 -1.2471
v  -3.8383 12.1717 -1.2471
v  -3.8362 9.4459 -1.2196
v  -3.8362 12.1717 -1.2196
v  -3.8625 9.4459 -0.9368
v  -3.8625 12.1717 -0.9368
v  -3.8897 12.1717 -0.9327
v  -3.8897 9.4459 -0.9327
v  -3.8460 9.4459 -0.9589
v  -3.8460 12.1717 -0.9589
v  -3.8501 9.4459 -0.9862
v  -3.8501 12.1717 -0.9862
v  -3.8723 9.4459 -1.0026
v  -3.8723 12.1717 -1.0026
v  -3.8996 9.4459 -0.9985
v  -3.8996 12.1717 -0.9985
v  -3.9160 9.4459 -0.9763
v  -3.9160 12.1717 -0.9763
v  -3.9119 9.4459 -0.9491
v  -3.9119 12.1717 -0.9491
v  -3.9184 9.4459 -0.6650
v  -3.9184 12.1717 -0.6650
v  -3.9453 12.1717 -0.6591
v  -3.9453 9.4459 -0.6591
v  -3.9036 9.4459 -0.6883
v  -3.9036 12.1717 -0.6883
v  -3.9095 9.4459 -0.7152
v  -3.9095 12.1717 -0.7152
v  -3.9328 9.4459 -0.7300
v  -3.9328 12.1717 -0.7300
v  -3.9597 9.4459 -0.7241
v  -3.9597 12.1717 -0.7241
v  -3.9745 9.4459 -0.7008
v  -3.9745 12.1717 -0.7008
v  -3.9686 9.4459 -0.6739
v  -3.9686 12.1717 -0.6739
v  -3.9552 9.4459 -0.3901
v  -3.9552 12.1717 -0.3901
v  -3.9817 12.1717 -0.3823
v  -3.9817 9.4459 -0.3823
v  -3.9421 9.4459 -0.4143
v  -3.9421 12.1717 -0.4143
v  -3.9499 9.4459 -0.4408
v  -3.9499 12.1717 -0.4408
v  -3.9741 9.4459 -0.4539
v  -3.9741 12.1717 -0.4539
v  -4.0006 9.4459 -0.4461
v  -4.0006 12.1717 -0.4461
v  -4.0137 9.4459 -0.4218
v  -4.0137 12.1717 -0.4218
v  -4.0059 9.4459 -0.3954
v  -4.0059 12.1717 -0.3954
v  -3.9728 9.4459 -0.1132
v  -3.9728 12.1717 -0.1132
v  -3.9986 12.1717 -0.1036
v  -3.9986 9.4459 -0.1036
v  -3.9614 9.4459 -0.1383
v  -3.9614 12.1717 -0.1383
v  -3.9710 9.4459 -0.1642
v  -3.9710 12.1717 -0.1642
v  -3.9961 9.4459 -0.1756
v  -3.9961 12.1717 -0.1756
v  -4.0220 9.4459 -0.1659
v  -4.0220 12.1717 -0.1659
v  -4.0334 9.4459 -0.1408
v  -4.0334 12.1717 -0.1408
v  -4.0237 9.4459 -0.1150
v  -4.0237 12.1717 -0.1150
v  -3.9710 9.4459 0.1642
v  -3.9710 12.1717 0.1642
v  -3.9961 12.1717 0.1756
v  -3.9961 9.4459 0.1756
v  -3.9614 9.4459 0.1383
v  -3.9614 12.1717 0.1383
v  -3.9728 9.4459 0.1133
v  -3.9728 12.1717 0.1133
v  -3.9986 9.4459 0.1036
v  -3.9986 12.1717 0.1036
v  -4.0237 9.4459 0.1150
v  -4.0237 12.1717 0.1150
v  -4.0334 9.4459 0.1409
v  -4.0334 12.1717 0.1409
v  -4.0220 9.4459 0.1660
v  -4.0220 12.1717 0.1660
v  -3.9499 9.4459 0.4408
v  -3.9499 12.1717 0.4408
v  -3.9741 12.1717 0.4539
v  -3.9741 9.4459 0.4539
v  -3.9421 9.4459 0.4143
v  -3.9421 12.1717 0.4143
v  -3.9552 9.4459 0.3901
v  -3.9552 12.1717 0.3901
v  -3.9817 9.4459 0.3823
v  -3.9817 12.1717 0.3823
v  -4.0059 9.4459 0.3954
v  -4.0059 12.1717 0.3954
v  -4.0137 9.4459 0.4219
v  -4.0137 12.1717 0.4219
v  -4.0006 9.4459 0.4461
v  -4.0006 12.1717 0.4461
v  -3.9095 9.4459 0.7152
v  -3.9095 12.1717 0.7152
v  -3.9328 12.1717 0.7301
v  -3.9328 9.4459 0.7301
v  -3.9036 9.4459 0.6883
v  -3.9036 12.1717 0.6883
v  -3.9184 9.4459 0.6651
v  -3.9184 12.1717 0.6651
v  -3.9453 9.4459 0.6591
v  -3.9453 12.1717 0.6591
v  -3.9686 9.4459 0.6739
v  -3.9686 12.1717 0.6739
v  -3.9745 9.4459 0.7008
v  -3.9745 12.1717 0.7008
v  -3.9597 9.4459 0.7241
v  -3.9597 12.1717 0.7241
v  -3.8501 9.4459 0.9862
v  -3.8501 12.1717 0.9862
v  -3.8723 12.1717 1.0026
v  -3.8723 9.4459 1.0026
v  -3.8460 9.4459 0.9589
v  -3.8460 12.1717 0.9589
v  -3.8624 9.4459 0.9368
v  -3.8624 12.1717 0.9368
v  -3.8897 9.4459 0.9327
v  -3.8897 12.1717 0.9327
v  -3.9119 9.4459 0.9491
v  -3.9119 12.1717 0.9491
v  -3.9160 9.4459 0.9764
v  -3.9160 12.1717 0.9764
v  -3.8996 9.4459 0.9985
v  -3.8996 12.1717 0.9985
v  -3.7719 9.4459 1.2524
v  -3.7719 12.1717 1.2524
v  -3.7929 12.1717 1.2703
v  -3.7929 9.4459 1.2703
v  -3.7698 9.4459 1.2249
v  -3.7698 12.1717 1.2249
v  -3.7877 9.4459 1.2039
v  -3.7877 12.1717 1.2039
v  -3.8152 9.4459 1.2018
v  -3.8152 12.1717 1.2018
v  -3.8362 9.4459 1.2197
v  -3.8362 12.1717 1.2197
v  -3.8383 9.4459 1.2472
v  -3.8383 12.1717 1.2472
v  -3.8204 9.4459 1.2681
v  -3.8204 12.1717 1.2681
v  -3.6754 9.4459 1.5124
v  -3.6754 12.1717 1.5124
v  -3.6951 12.1717 1.5318
v  -3.6951 9.4459 1.5318
v  -3.6752 9.4459 1.4849
v  -3.6752 12.1717 1.4849
v  -3.6945 9.4459 1.4652
v  -3.6945 12.1717 1.4652
v  -3.7221 9.4459 1.4650
v  -3.7221 12.1717 1.4650
v  -3.7417 9.4459 1.4843
v  -3.7417 12.1717 1.4843
v  -3.7420 9.4459 1.5119
v  -3.7420 12.1717 1.5119
v  -3.7226 9.4459 1.5315
v  -3.7226 12.1717 1.5315
v  -3.5609 9.4459 1.7651
v  -3.5609 12.1717 1.7651
v  -3.5792 12.1717 1.7858
v  -3.5792 9.4459 1.7858
v  -3.5626 9.4459 1.7376
v  -3.5626 12.1717 1.7376
v  -3.5833 9.4459 1.7193
v  -3.5833 12.1717 1.7193
v  -3.6108 9.4459 1.7210
v  -3.6108 12.1717 1.7210
v  -3.6291 9.4459 1.7417
v  -3.6291 12.1717 1.7417
v  -3.6274 9.4459 1.7692
v  -3.6274 12.1717 1.7692
v  -3.6067 9.4459 1.7875
v  -3.6067 12.1717 1.7875
v  -3.4291 9.4459 2.0092
v  -3.4291 12.1717 2.0092
v  -3.4459 12.1717 2.0311
v  -3.4459 9.4459 2.0311
v  -3.4327 9.4459 1.9819
v  -3.4327 12.1717 1.9819
v  -3.4546 9.4459 1.9651
v  -3.4546 12.1717 1.9651
v  -3.4820 9.4459 1.9687
v  -3.4820 12.1717 1.9687
v  -3.4987 9.4459 1.9906
v  -3.4987 12.1717 1.9906
v  -3.4951 9.4459 2.0179
v  -3.4951 12.1717 2.0179
v  -3.4733 9.4459 2.0347
v  -3.4733 12.1717 2.0347
v  -3.2806 9.4459 2.2436
v  -3.2806 12.1717 2.2436
v  -3.2958 12.1717 2.2666
v  -3.2958 9.4459 2.2666
v  -3.2861 9.4459 2.2165
v  -3.2861 12.1717 2.2165
v  -3.3091 9.4459 2.2013
v  -3.3091 12.1717 2.2013
v  -3.3361 9.4459 2.2068
v  -3.3361 12.1717 2.2068
v  -3.3514 9.4459 2.2298
v  -3.3514 12.1717 2.2298
v  -3.3459 9.4459 2.2568
v  -3.3459 12.1717 2.2568
v  -3.3229 9.4459 2.2720
v  -3.3229 12.1717 2.2720
v  -3.1161 9.4459 2.4669
v  -3.1161 12.1717 2.4669
v  -3.1297 12.1717 2.4909
v  -3.1297 9.4459 2.4909
v  -3.1235 9.4459 2.4404
v  -3.1235 12.1717 2.4404
v  -3.1475 9.4459 2.4268
v  -3.1475 12.1717 2.4268
v  -3.1741 9.4459 2.4342
v  -3.1741 12.1717 2.4342
v  -3.1877 9.4459 2.4582
v  -3.1877 12.1717 2.4582
v  -3.1803 9.4459 2.4847
v  -3.1803 12.1717 2.4847
v  -3.1563 9.4459 2.4983
v  -3.1563 12.1717 2.4983
v  -2.9365 9.4459 2.6783
v  -2.9365 12.1717 2.6783
v  -2.9483 12.1717 2.7032
v  -2.9483 9.4459 2.7032
v  -2.9457 9.4459 2.6523
v  -2.9457 12.1717 2.6523
v  -2.9705 9.4459 2.6404
v  -2.9705 12.1717 2.6404
v  -2.9965 9.4459 2.6496
v  -2.9965 12.1717 2.6496
v  -3.0084 9.4459 2.6745
v  -3.0084 12.1717 2.6745
v  -2.9992 9.4459 2.7005
v  -2.9992 12.1717 2.7005
v  -2.9743 9.4459 2.7124
v  -2.9743 12.1717 2.7124
v  -2.7425 9.4459 2.8766
v  -2.7425 12.1717 2.8766
v  -2.7526 12.1717 2.9023
v  -2.7526 9.4459 2.9023
v  -2.7535 9.4459 2.8513
v  -2.7535 12.1717 2.8513
v  -2.7791 9.4459 2.8412
v  -2.7791 12.1717 2.8412
v  -2.8044 9.4459 2.8522
v  -2.8044 12.1717 2.8522
v  -2.8145 9.4459 2.8779
v  -2.8145 12.1717 2.8779
v  -2.8035 9.4459 2.9032
v  -2.8035 12.1717 2.9032
v  -2.7779 9.4459 2.9133
v  -2.7779 12.1717 2.9133
v  -2.5351 9.4459 3.0609
v  -2.5351 12.1717 3.0609
v  -2.5434 12.1717 3.0872
v  -2.5434 9.4459 3.0872
v  -2.5479 9.4459 3.0364
v  -2.5479 12.1717 3.0364
v  -2.5742 9.4459 3.0282
v  -2.5742 12.1717 3.0282
v  -2.5986 9.4459 3.0409
v  -2.5986 12.1717 3.0409
v  -2.6069 9.4459 3.0672
v  -2.6069 12.1717 3.0672
v  -2.5942 9.4459 3.0916
v  -2.5942 12.1717 3.0916
v  -2.5679 9.4459 3.0999
v  -2.5679 12.1717 3.0999
v  -2.3154 9.4459 3.2303
v  -2.3154 12.1717 3.2303
v  -2.3219 12.1717 3.2571
v  -2.3219 9.4459 3.2571
v  -2.3298 9.4459 3.2068
v  -2.3298 12.1717 3.2068
v  -2.3567 9.4459 3.2003
v  -2.3567 12.1717 3.2003
v  -2.3802 9.4459 3.2147
v  -2.3802 12.1717 3.2147
v  -2.3866 9.4459 3.2416
v  -2.3866 12.1717 3.2416
v  -2.3722 9.4459 3.2651
v  -2.3722 12.1717 3.2651
v  -2.3454 9.4459 3.2715
v  -2.3454 12.1717 3.2715
v  -2.0845 9.4459 3.3839
v  -2.0845 12.1717 3.3839
v  -2.0890 12.1717 3.4111
v  -2.0890 9.4459 3.4111
v  -2.1005 9.4459 3.3615
v  -2.1005 12.1717 3.3615
v  -2.1277 9.4459 3.3569
v  -2.1277 12.1717 3.3569
v  -2.1501 9.4459 3.3730
v  -2.1501 12.1717 3.3730
v  -2.1547 9.4459 3.4001
v  -2.1547 12.1717 3.4001
v  -2.1387 9.4459 3.4226
v  -2.1387 12.1717 3.4226
v  -2.1115 9.4459 3.4272
v  -2.1115 12.1717 3.4272
v  -1.8433 9.4459 3.5211
v  -1.8433 12.1717 3.5211
v  -1.8460 12.1717 3.5486
v  -1.8460 9.4459 3.5486
v  -1.8609 9.4459 3.4998
v  -1.8609 12.1717 3.4998
v  -1.8883 9.4459 3.4972
v  -1.8883 12.1717 3.4972
v  -1.9096 9.4459 3.5147
v  -1.9096 12.1717 3.5147
v  -1.9122 9.4459 3.5422
v  -1.9122 12.1717 3.5422
v  -1.8947 9.4459 3.5634
v  -1.8947 12.1717 3.5634
v  -1.8673 9.4459 3.5661
v  -1.8673 12.1717 3.5661
v  -1.5932 9.4459 3.6411
v  -1.5932 12.1717 3.6411
v  -1.5939 12.1717 3.6687
v  -1.5939 9.4459 3.6687
v  -1.6122 9.4459 3.6211
v  -1.6122 12.1717 3.6211
v  -1.6398 9.4459 3.6204
v  -1.6398 12.1717 3.6204
v  -1.6598 9.4459 3.6394
v  -1.6598 12.1717 3.6394
v  -1.6605 9.4459 3.6669
v  -1.6605 12.1717 3.6669
v  -1.6415 9.4459 3.6869
v  -1.6415 12.1717 3.6869
v  -1.6139 9.4459 3.6877
v  -1.6139 12.1717 3.6877
v  -1.3353 9.4459 3.7434
v  -1.3353 12.1717 3.7434
v  -1.3341 12.1717 3.7709
v  -1.3341 9.4459 3.7709
v  -1.3557 9.4459 3.7247
v  -1.3557 12.1717 3.7247
v  -1.3832 9.4459 3.7259
v  -1.3832 12.1717 3.7259
v  -1.4019 9.4459 3.7463
v  -1.4019 12.1717 3.7463
v  -1.4007 9.4459 3.7738
v  -1.4007 12.1717 3.7738
v  -1.3803 9.4459 3.7925
v  -1.3803 12.1717 3.7925
v  -1.3528 9.4459 3.7913
v  -1.3528 12.1717 3.7913
v  -1.0710 9.4459 3.8274
v  -1.0710 12.1717 3.8274
v  -1.0678 12.1717 3.8548
v  -1.0678 9.4459 3.8548
v  -1.0926 9.4459 3.8102
v  -1.0926 12.1717 3.8102
v  -1.1200 9.4459 3.8134
v  -1.1200 12.1717 3.8134
v  -1.1371 9.4459 3.8349
v  -1.1371 12.1717 3.8349
v  -1.1340 9.4459 3.8623
v  -1.1340 12.1717 3.8623
v  -1.1124 9.4459 3.8795
v  -1.1124 12.1717 3.8795
v  -1.0850 9.4459 3.8764
v  -1.0850 12.1717 3.8764
v  -0.8014 9.4459 3.8928
v  -0.8014 12.1717 3.8928
v  -0.7963 12.1717 3.9199
v  -0.7963 9.4459 3.9199
v  -0.8241 9.4459 3.8772
v  -0.8241 12.1717 3.8772
v  -0.8512 9.4459 3.8822
v  -0.8512 12.1717 3.8822
v  -0.8668 9.4459 3.9049
v  -0.8668 12.1717 3.9049
v  -0.8618 9.4459 3.9320
v  -0.8618 12.1717 3.9320
v  -0.8391 9.4459 3.9477
v  -0.8391 12.1717 3.9477
v  -0.8120 9.4459 3.9426
v  -0.8120 12.1717 3.9426
v  -0.5279 9.4459 3.9392
v  -0.5279 12.1717 3.9392
v  -0.5210 12.1717 3.9659
v  -0.5210 9.4459 3.9659
v  -0.5516 9.4459 3.9252
v  -0.5516 12.1717 3.9252
v  -0.5783 9.4459 3.9321
v  -0.5783 12.1717 3.9321
v  -0.5923 9.4459 3.9559
v  -0.5923 12.1717 3.9559
v  -0.5854 9.4459 3.9826
v  -0.5854 12.1717 3.9826
v  -0.5617 9.4459 3.9966
v  -0.5617 12.1717 3.9966
v  -0.5350 9.4459 3.9897
v  -0.5350 12.1717 3.9897
v  -0.2518 9.4459 3.9664
v  -0.2518 12.1717 3.9664
v  -0.2431 12.1717 3.9926
v  -0.2431 9.4459 3.9926
v  -0.2765 9.4459 3.9541
v  -0.2765 12.1717 3.9541
v  -0.3026 9.4459 3.9629
v  -0.3026 12.1717 3.9629
v  -0.3149 9.4459 3.9876
v  -0.3149 12.1717 3.9876
v  -0.3062 9.4459 4.0137
v  -0.3062 12.1717 4.0137
v  -0.2815 9.4459 4.0260
v  -0.2815 12.1717 4.0260
v  -0.2554 9.4459 4.0173
v  -0.2554 12.1717 4.0173
v  0.3027 14.8975 3.9629
v  0.3150 14.8975 3.9876
v  0.2765 14.8975 3.9541
v  0.2518 14.8975 3.9664
v  0.2431 14.8975 3.9926
v  0.2554 14.8975 4.0173
v  0.2815 14.8975 4.0260
v  0.3062 14.8975 4.0137
v  0.5784 14.8975 3.9321
v  0.5923 14.8975 3.9559
v  0.5517 14.8975 3.9252
v  0.5279 14.8975 3.9392
v  0.5210 14.8975 3.9659
v  0.5350 14.8975 3.9897
v  0.5617 14.8975 3.9966
v  0.5854 14.8975 3.9826
v  0.8512 14.8975 3.8822
v  0.8669 14.8975 3.9049
v  0.8241 14.8975 3.8772
v  0.8014 14.8975 3.8928
v  0.7964 14.8975 3.9199
v  0.8120 14.8975 3.9426
v  0.8391 14.8975 3.9477
v  0.8618 14.8975 3.9320
v  1.1200 14.8975 3.8134
v  1.1371 14.8975 3.8349
v  1.0926 14.8975 3.8102
v  1.0710 14.8975 3.8274
v  1.0679 14.8975 3.8548
v  1.0850 14.8975 3.8764
v  1.1124 14.8975 3.8795
v  1.1340 14.8975 3.8623
v  1.3832 14.8975 3.7259
v  1.4019 14.8975 3.7463
v  1.3557 14.8975 3.7247
v  1.3354 14.8975 3.7434
v  1.3342 14.8975 3.7709
v  1.3528 14.8975 3.7913
v  1.3803 14.8975 3.7925
v  1.4007 14.8975 3.7738
v  1.6398 14.8975 3.6204
v  1.6598 14.8975 3.6394
v  1.6122 14.8975 3.6211
v  1.5932 14.8975 3.6411
v  1.5940 14.8975 3.6687
v  1.6140 14.8975 3.6877
v  1.6415 14.8975 3.6869
v  1.6605 14.8975 3.6669
# 5040 vertices

vn 0.1736 0.0000 -0.9848
vn -0.5735 0.0000 -0.8192
vn -0.5736 0.0000 -0.8192
vn -0.9848 0.0000 -0.1737
vn -0.9848 0.0000 -0.1736
vn -0.8192 -0.0000 0.5736
vn -0.1736 -0.0000 0.9848
vn -0.1737 -0.0000 0.9848
vn 0.5736 -0.0000 0.8191
vn 0.9848 0.0000 0.1737
vn 0.9848 -0.0000 0.1736
vn 0.8191 0.0000 -0.5736
vn 1.0000 0.0000 0.0000
vn 0.7071 0.0000 -0.7071
vn 0.0000 0.0000 -1.0000
vn -0.7071 0.0000 -0.7071
vn -1.0000 0.0000 0.0000
vn -1.0000 -0.0000 0.0000
vn -0.7071 0.0000 0.7071
vn -0.7071 -0.0000 0.7071
vn 0.0000 -0.0000 1.0000
vn 0.7071 0.0000 0.7071
vn 0.7071 -0.0000 0.7071
vn 0.9976 0.0000 -0.0698
vn 0.6561 0.0000 -0.7547
vn -0.0697 0.0000 -0.9976
vn -0.0697 -0.0000 -0.9976
vn -0.7547 -0.0000 -0.6561
vn -0.9976 -0.0000 0.0698
vn -0.6561 -0.0000 0.7547
vn 0.0697 0.0000 0.9976
vn 0.0698 -0.0000 0.9976
vn 0.7547 0.0000 0.6560
vn 0.7547 -0.0000 0.6560
vn 0.9903 0.0000 -0.1392
vn 0.6018 0.0000 -0.7986
vn -0.1392 -0.0000 -0.9903
vn -0.7986 -0.0000 -0.6018
vn -0.9903 -0.0000 0.1392
vn -0.6018 0.0000 0.7986
vn 0.1392 0.0000 0.9903
vn 0.7986 0.0000 0.6018
vn 0.9781 0.0000 -0.2080
vn 0.5446 -0.0000 -0.8387
vn 0.9781 -0.0000 -0.2079
vn -0.2079 -0.0000 -0.9782
vn -0.8387 -0.0000 -0.5446
vn -0.9781 0.0000 0.2080
vn -0.5446 0.0000 0.8387
vn 0.2080 0.0000 0.9781
vn 0.2079 0.0000 0.9781
vn 0.8386 0.0000 0.5447
vn 0.8387 0.0000 0.5446
vn 0.9613 0.0000 -0.2756
vn 0.4848 0.0000 -0.8746
vn 0.4849 0.0000 -0.8746
vn -0.2756 -0.0000 -0.9613
vn -0.8746 0.0000 -0.4849
vn -0.8746 -0.0000 -0.4848
vn -0.9612 0.0000 0.2757
vn -0.9612 -0.0000 0.2757
vn -0.4848 -0.0000 0.8746
vn -0.4848 0.0000 0.8746
vn 0.2756 0.0000 0.9613
vn 0.8746 0.0000 0.4848
vn 0.9397 0.0000 -0.3420
vn 0.4227 0.0000 -0.9063
vn 0.4226 0.0000 -0.9063
vn -0.3420 -0.0000 -0.9397
vn -0.9063 -0.0000 -0.4226
vn -0.9397 0.0000 0.3420
vn -0.9397 -0.0000 0.3420
vn -0.4226 -0.0000 0.9063
vn -0.4227 0.0000 0.9063
vn 0.3420 0.0000 0.9397
vn 0.3421 0.0000 0.9397
vn 0.9063 0.0000 0.4226
vn 0.9135 0.0000 -0.4067
vn 0.3584 0.0000 -0.9336
vn -0.4067 0.0000 -0.9136
vn -0.9336 0.0000 -0.3584
vn -0.9135 0.0000 0.4067
vn -0.3584 -0.0000 0.9336
vn 0.4067 0.0000 0.9135
vn 0.9336 0.0000 0.3584
vn 0.8829 -0.0000 -0.4695
vn 0.2924 0.0000 -0.9563
vn -0.4695 -0.0000 -0.8830
vn -0.9563 0.0000 -0.2924
vn -0.8829 0.0000 0.4695
vn -0.2924 0.0000 0.9563
vn 0.4695 0.0000 0.8829
vn 0.9563 0.0000 0.2924
vn 0.8481 0.0000 -0.5299
vn 0.2249 0.0000 -0.9744
vn 0.2250 0.0000 -0.9744
vn 0.8480 0.0000 -0.5299
vn -0.5299 -0.0000 -0.8481
vn -0.9744 0.0000 -0.2250
vn -0.9744 -0.0000 -0.2250
vn -0.8480 0.0000 0.5299
vn -0.8480 -0.0000 0.5299
vn -0.2249 0.0000 0.9744
vn 0.5299 0.0000 0.8480
vn 0.5300 0.0000 0.8480
vn 0.9744 0.0000 0.2249
vn 0.8090 0.0000 -0.5878
vn 0.1564 0.0000 -0.9877
vn 0.1564 -0.0000 -0.9877
vn -0.5878 0.0000 -0.8090
vn -0.9877 0.0000 -0.1564
vn -0.8090 0.0000 0.5878
vn -0.1565 0.0000 0.9877
vn 0.5878 0.0000 0.8090
vn 0.9877 0.0000 0.1564
vn 0.7660 0.0000 -0.6428
vn 0.0872 0.0000 -0.9962
vn 0.0872 -0.0000 -0.9962
vn -0.6428 -0.0000 -0.7660
vn -0.6428 -0.0000 -0.7661
vn -0.9962 0.0000 -0.0871
vn -0.9962 0.0000 -0.0872
vn -0.7660 -0.0000 0.6428
vn -0.0871 0.0000 0.9962
vn -0.0872 0.0000 0.9962
vn 0.6428 0.0000 0.7661
vn 0.6428 0.0000 0.7660
vn 0.9962 0.0000 0.0872
vn 0.9962 0.0000 0.0871
vn 0.7193 0.0000 -0.6947
vn 0.0175 0.0000 -0.9998
vn -0.6946 0.0000 -0.7193
vn -0.9998 0.0000 -0.0175
vn -0.7193 0.0000 0.6947
vn -0.0174 0.0000 0.9998
vn 0.6947 0.0000 0.7193
vn 0.9998 0.0000 0.0174
vn 0.6691 -0.0000 -0.7431
vn -0.0523 0.0000 -0.9986
vn -0.0523 -0.0000 -0.9986
vn -0.7431 -0.0000 -0.6692
vn -0.7431 -0.0000 -0.6691
vn -0.9986 0.0000 0.0524
vn -0.9986 -0.0000 0.0523
vn -0.6691 0.0000 0.7431
vn 0.0523 0.0000 0.9986
vn 0.0524 0.0000 0.9986
vn 0.7432 0.0000 0.6691
vn 0.9986 0.0000 -0.0523
vn 0.6157 -0.0000 -0.7880
vn -0.1219 -0.0000 -0.9925
vn 0.6157 0.0000 -0.7880
vn -0.7880 -0.0000 -0.6157
vn -0.9925 0.0000 0.1219
vn -0.6156 0.0000 0.7881
vn -0.6157 0.0000 0.7880
vn 0.1219 0.0000 0.9925
vn 0.1218 0.0000 0.9926
vn 0.7880 0.0000 0.6156
vn 0.9925 0.0000 -0.1219
vn 0.5592 -0.0000 -0.8290
vn -0.1908 -0.0000 -0.9816
vn -0.8290 -0.0000 -0.5592
vn -0.9816 0.0000 0.1908
vn -0.9816 -0.0000 0.1908
vn -0.5592 0.0000 0.8290
vn 0.1908 0.0000 0.9816
vn 0.8290 0.0000 0.5592
vn 0.9816 0.0000 -0.1908
vn 0.5000 0.0000 -0.8660
vn -0.2588 0.0000 -0.9659
vn -0.8660 -0.0000 -0.5000
vn -0.9659 0.0000 0.2588
vn -0.5000 0.0000 0.8660
vn 0.2588 0.0000 0.9659
vn 0.8660 0.0000 0.5000
vn 0.9659 0.0000 -0.2588
vn 0.4384 0.0000 -0.8988
vn -0.3256 0.0000 -0.9455
vn -0.3256 -0.0000 -0.9455
vn -0.8988 -0.0000 -0.4384
vn -0.9455 0.0000 0.3256
vn -0.9455 -0.0000 0.3256
vn -0.4384 -0.0000 0.8988
vn 0.3256 0.0000 0.9455
vn 0.8988 -0.0000 0.4384
vn 0.8988 0.0000 0.4384
vn 0.9455 0.0000 -0.3256
vn 0.3746 -0.0000 -0.9272
vn -0.3907 -0.0000 -0.9205
vn -0.9272 -0.0000 -0.3746
vn -0.9205 -0.0000 0.3908
vn -0.9205 -0.0000 0.3907
vn -0.3746 0.0000 0.9272
vn 0.3907 0.0000 0.9205
vn 0.9272 0.0000 0.3746
vn 0.9205 0.0000 -0.3907
vn 0.3090 -0.0000 -0.9511
vn -0.4540 0.0000 -0.8910
vn -0.9511 -0.0000 -0.3090
vn -0.8910 0.0000 0.4540
vn -0.8910 0.0000 0.4539
vn -0.3090 0.0000 0.9511
vn 0.4540 0.0000 0.8910
vn 0.9511 0.0000 0.3090
vn 0.8910 -0.0000 -0.4540
vn 0.8910 0.0000 -0.4540
vn 0.2419 -0.0000 -0.9703
vn -0.5150 0.0000 -0.8572
vn -0.9703 0.0000 -0.2420
vn -0.9703 0.0000 -0.2419
vn -0.8571 -0.0000 0.5151
vn -0.8572 -0.0000 0.5150
vn -0.2419 0.0000 0.9703
vn -0.2420 0.0000 0.9703
vn 0.5150 0.0000 0.8572
vn 0.9703 0.0000 0.2419
vn 0.8572 0.0000 -0.5150
vn 0.8572 -0.0000 -0.5150
vn 0.1045 0.0000 -0.9945
vn -0.6293 0.0000 -0.7771
vn -0.6293 -0.0000 -0.7771
vn -0.9945 0.0000 -0.1045
vn -0.7772 0.0000 0.6293
vn -0.7772 -0.0000 0.6293
vn -0.1045 -0.0000 0.9945
vn 0.6293 0.0000 0.7771
vn 0.9945 0.0000 0.1045
vn 0.7771 0.0000 -0.6293
vn 0.0349 0.0000 -0.9994
vn -0.6820 0.0000 -0.7314
vn -0.9994 0.0000 -0.0349
vn -0.9994 -0.0000 -0.0349
vn -0.7314 0.0000 0.6820
vn -0.7314 -0.0000 0.6820
vn -0.0349 0.0000 0.9994
vn 0.6820 0.0000 0.7313
vn 0.6820 0.0000 0.7314
vn 0.9994 0.0000 0.0349
vn 0.7314 0.0000 -0.6820
vn 0.7313 0.0000 -0.6820
vn -0.0349 0.0000 -0.9994
vn -0.7313 -0.0000 -0.6820
vn -0.9994 0.0000 0.0349
vn -0.6820 0.0000 0.7313
vn 0.0349 0.0000 0.9994
vn 0.7314 0.0000 0.6820
vn 0.7313 0.0000 0.6820
vn 0.9994 -0.0000 -0.0349
vn 0.9994 -0.0000 -0.0350
vn 0.6820 0.0000 -0.7314
vn -0.1045 0.0000 -0.9945
vn -0.7771 0.0000 -0.6293
vn -0.9945 0.0000 0.1045
vn -0.6293 -0.0000 0.7771
vn 0.1045 0.0000 0.9945
vn 0.7772 0.0000 0.6293
vn 0.9945 -0.0000 -0.1045
vn 0.6293 0.0000 -0.7772
vn -0.1736 0.0000 -0.9848
vn -0.8191 0.0000 -0.5736
vn -0.9848 0.0000 0.1736
vn -0.5736 0.0000 0.8191
vn 0.1736 0.0000 0.9848
vn 0.8191 0.0000 0.5736
vn 0.9848 0.0000 -0.1737
vn 0.9848 -0.0000 -0.1736
vn 0.5735 0.0000 -0.8192
vn 0.5736 -0.0000 -0.8192
vn -0.2419 0.0000 -0.9703
vn -0.8572 0.0000 -0.5150
vn -0.8572 -0.0000 -0.5150
vn -0.9703 -0.0000 0.2419
vn -0.5150 -0.0000 0.8572
vn 0.2419 0.0000 0.9703
vn 0.2419 -0.0000 0.9703
vn 0.8572 0.0000 0.5150
vn 0.9703 0.0000 -0.2419
vn 0.5150 0.0000 -0.8572
vn -0.3090 0.0000 -0.9511
vn -0.8910 0.0000 -0.4540
vn -0.9510 -0.0000 0.3090
vn -0.9511 -0.0000 0.3090
vn -0.4540 -0.0000 0.8910
vn 0.3090 0.0000 0.9511
vn 0.8910 0.0000 0.4540
vn 0.9511 0.0000 -0.3090
vn 0.4540 0.0000 -0.8910
vn -0.3746 0.0000 -0.9272
vn -0.9205 0.0000 -0.3907
vn -0.9205 -0.0000 -0.3907
vn -0.9272 0.0000 0.3746
vn -0.3907 0.0000 0.9205
vn -0.3907 -0.0000 0.9205
vn 0.3746 0.0000 0.9272
vn 0.9205 0.0000 0.3907
vn 0.9272 0.0000 -0.3746
vn 0.3907 0.0000 -0.9205
vn -0.4383 0.0000 -0.8988
vn -0.9455 -0.0000 -0.3256
vn -0.4384 0.0000 -0.8988
vn -0.8988 0.0000 0.4384
vn -0.8988 -0.0000 0.4384
vn -0.3256 -0.0000 0.9455
vn 0.4384 -0.0000 0.8988
vn 0.9455 0.0000 0.3256
vn 0.9455 0.0000 0.3255
vn 0.8988 0.0000 -0.4384
vn 0.3256 0.0000 -0.9455
vn -0.5000 0.0000 -0.8660
vn -0.9659 0.0000 -0.2589
vn -0.9659 0.0000 -0.2588
vn -0.8660 -0.0000 0.5000
vn -0.2588 -0.0000 0.9659
vn 0.5000 0.0000 0.8660
vn 0.9659 0.0000 0.2589
vn 0.9659 0.0000 0.2588
vn 0.8660 0.0000 -0.5000
vn 0.2588 0.0000 -0.9659
vn -0.5592 0.0000 -0.8290
vn -0.9816 0.0000 -0.1908
vn -0.9816 0.0000 -0.1909
vn -0.8290 -0.0000 0.5592
vn -0.8291 -0.0000 0.5592
vn -0.1909 -0.0000 0.9816
vn -0.1908 -0.0000 0.9816
vn 0.5592 0.0000 0.8290
vn 0.5592 -0.0000 0.8290
vn 0.9816 0.0000 0.1908
vn 0.8290 0.0000 -0.5592
vn 0.1908 0.0000 -0.9816
vn -0.6157 0.0000 -0.7880
vn -0.9925 0.0000 -0.1219
vn -0.9925 -0.0000 -0.1219
vn -0.7880 0.0000 0.6156
vn -0.1219 0.0000 0.9925
vn -0.1218 0.0000 0.9926
vn 0.6157 -0.0000 0.7880
vn 0.9925 0.0000 0.1219
vn 0.7880 0.0000 -0.6157
vn 0.1219 0.0000 -0.9925
vn -0.6691 0.0000 -0.7431
vn -0.9986 -0.0000 -0.0523
vn -0.9986 -0.0000 -0.0524
vn -0.7432 -0.0000 0.6691
vn -0.0523 0.0000 0.9986
vn 0.6691 0.0000 0.7431
vn 0.9986 0.0000 0.0523
vn 0.7431 0.0000 -0.6691
vn 0.0523 0.0000 -0.9986
vn -0.7193 0.0000 -0.6947
vn -0.9998 0.0000 0.0174
vn -0.6947 0.0000 0.7193
vn 0.0174 -0.0000 0.9998
vn 0.7193 0.0000 0.6947
vn 0.7193 -0.0000 0.6947
vn 0.9998 -0.0000 -0.0175
vn 0.6946 0.0000 -0.7194
vn -0.0175 0.0000 -0.9998
vn -0.7660 0.0000 -0.6428
vn -0.9962 -0.0000 0.0872
vn -0.6428 -0.0000 0.7660
vn 0.0872 0.0000 0.9962
vn 0.0871 -0.0000 0.9962
vn 0.7660 -0.0000 0.6428
vn 0.9962 0.0000 -0.0872
vn 0.6427 0.0000 -0.7661
vn 0.6428 0.0000 -0.7660
vn -0.0871 0.0000 -0.9962
vn -0.0872 0.0000 -0.9962
vn -0.8090 -0.0000 -0.5878
vn -0.9877 -0.0000 0.1564
vn -0.5878 0.0000 0.8090
vn -0.5878 -0.0000 0.8090
vn 0.1564 -0.0000 0.9877
vn 0.8090 0.0000 0.5878
vn 0.8090 -0.0000 0.5877
vn 0.9877 0.0000 -0.1564
vn 0.5878 0.0000 -0.8090
vn -0.1564 0.0000 -0.9877
vn -0.1565 0.0000 -0.9877
vn -0.8480 -0.0000 -0.5299
vn -0.9744 0.0000 0.2249
vn -0.9744 -0.0000 0.2249
vn -0.5300 0.0000 0.8480
vn -0.5299 -0.0000 0.8480
vn 0.2250 0.0000 0.9744
vn 0.8480 0.0000 0.5299
vn 0.8481 0.0000 0.5299
vn 0.9744 0.0000 -0.2250
vn 0.5299 0.0000 -0.8481
vn -0.2250 -0.0000 -0.9744
vn -0.8829 0.0000 -0.4695
vn -0.9563 -0.0000 0.2924
vn -0.4695 0.0000 0.8829
vn 0.2924 -0.0000 0.9563
vn 0.8829 -0.0000 0.4695
vn 0.9563 0.0000 -0.2924
vn 0.9563 0.0000 -0.2923
vn 0.4694 0.0000 -0.8830
vn 0.4695 0.0000 -0.8830
vn -0.2924 0.0000 -0.9563
vn -0.9135 -0.0000 -0.4067
vn -0.9336 -0.0000 0.3584
vn -0.9336 0.0000 0.3584
vn -0.4067 0.0000 0.9136
vn -0.4068 -0.0000 0.9135
vn 0.3584 0.0000 0.9336
vn 0.9135 0.0000 0.4067
vn 0.9336 0.0000 -0.3584
vn 0.9336 -0.0000 -0.3584
vn 0.4067 0.0000 -0.9136
vn 0.4067 -0.0000 -0.9136
vn -0.3584 0.0000 -0.9336
vn -0.9397 -0.0000 -0.3420
vn -0.9063 -0.0000 0.4225
vn -0.9063 -0.0000 0.4226
vn -0.3421 -0.0000 0.9397
vn -0.3420 -0.0000 0.9397
vn 0.4226 -0.0000 0.9063
vn 0.9397 -0.0000 0.3420
vn 0.9063 0.0000 -0.4226
vn 0.9063 0.0000 -0.4227
vn 0.3420 0.0000 -0.9397
vn -0.4226 0.0000 -0.9063
vn -0.9613 0.0000 -0.2756
vn -0.8746 0.0000 0.4848
vn -0.8746 -0.0000 0.4848
vn -0.2757 0.0000 0.9613
vn -0.2756 0.0000 0.9613
vn 0.4848 0.0000 0.8746
vn 0.4848 -0.0000 0.8746
vn 0.9613 -0.0000 0.2756
vn 0.8746 -0.0000 -0.4848
vn 0.2756 -0.0000 -0.9613
vn -0.4848 0.0000 -0.8746
vn -0.9781 -0.0000 -0.2079
vn -0.8386 -0.0000 0.5447
vn -0.8387 -0.0000 0.5446
vn -0.2080 -0.0000 0.9781
vn -0.2079 -0.0000 0.9781
vn 0.5446 -0.0000 0.8387
vn 0.9781 0.0000 0.2079
vn 0.8387 0.0000 -0.5446
vn 0.2079 -0.0000 -0.9781
vn 0.2079 0.0000 -0.9781
vn -0.5446 -0.0000 -0.8387
vn -0.9903 0.0000 -0.1392
vn -0.7986 -0.0000 0.6018
vn -0.9903 -0.0000 -0.1392
vn -0.1391 -0.0000 0.9903
vn -0.1392 -0.0000 0.9903
vn 0.6018 0.0000 0.7986
vn 0.9903 0.0000 0.1392
vn 0.7986 0.0000 -0.6018
vn 0.1392 -0.0000 -0.9903
vn -0.6018 0.0000 -0.7986
vn -0.9976 0.0000 -0.0698
vn -0.7547 0.0000 0.6561
vn -0.0698 0.0000 0.9976
vn 0.6561 0.0000 0.7547
vn 0.9976 0.0000 0.0698
vn 0.9976 -0.0000 0.0698
vn 0.7547 -0.0000 -0.6561
vn 0.0698 0.0000 -0.9976
vn 0.0697 0.0000 -0.9976
vn -0.6561 0.0000 -0.7547
vn -0.0000 0.0000 1.0000
vn 1.0000 0.0000 -0.0000
vn 0.7071 -0.0000 -0.7071
vn -0.0000 0.0000 -1.0000
vn -0.0000 -0.0000 -1.0000
vn -0.7071 -0.0000 -0.7071
vn -0.9976 0.0000 0.0698
vn -0.6561 0.0000 0.7547
vn 0.0697 -0.0000 0.9976
vn 0.7547 0.0000 0.6561
vn 0.9976 -0.0000 -0.0698
vn -0.0698 -0.0000 -0.9976
vn -0.7547 -0.0000 -0.6560
vn -0.9903 0.0000 0.1392
vn 0.1392 -0.0000 0.9903
vn 0.7986 -0.0000 0.6018
vn 0.6018 0.0000 -0.7987
vn -0.1392 0.0000 -0.9903
vn -0.7986 0.0000 -0.6018
vn -0.9782 -0.0000 0.2079
vn -0.5446 -0.0000 0.8387
vn -0.9781 -0.0000 0.2079
vn 0.2079 -0.0000 0.9781
vn 0.8387 -0.0000 0.5446
vn 0.9781 0.0000 -0.2079
vn 0.5446 0.0000 -0.8387
vn -0.2079 0.0000 -0.9781
vn -0.2080 0.0000 -0.9781
vn -0.8387 0.0000 -0.5447
vn -0.8387 0.0000 -0.5446
vn -0.9613 0.0000 0.2756
vn -0.4849 -0.0000 0.8746
vn 0.2757 0.0000 0.9613
vn 0.2757 -0.0000 0.9613
vn 0.8746 -0.0000 0.4848
vn 0.9613 -0.0000 -0.2756
vn 0.4848 -0.0000 -0.8746
vn -0.2756 0.0000 -0.9613
vn -0.2757 0.0000 -0.9613
vn -0.8746 0.0000 -0.4848
vn 0.3420 -0.0000 0.9397
vn 0.9063 -0.0000 0.4226
vn 0.4226 -0.0000 -0.9063
vn -0.3420 0.0000 -0.9397
vn -0.9063 0.0000 -0.4226
vn -0.3584 0.0000 0.9336
vn 0.4067 0.0000 0.9136
vn 0.9136 -0.0000 -0.4067
vn 0.3583 0.0000 -0.9336
vn 0.3584 -0.0000 -0.9336
vn -0.4067 0.0000 -0.9135
vn 0.4695 0.0000 0.8830
vn 0.4695 -0.0000 0.8830
vn 0.9563 -0.0000 0.2924
vn 0.8829 0.0000 -0.4695
vn 0.2923 -0.0000 -0.9563
vn -0.4694 -0.0000 -0.8830
vn -0.4695 0.0000 -0.8829
vn -0.9563 -0.0000 -0.2924
vn -0.8480 -0.0000 0.5300
vn -0.2250 -0.0000 0.9744
vn 0.5299 0.0000 0.8481
vn 0.9744 -0.0000 0.2250
vn 0.2249 -0.0000 -0.9744
vn -0.5300 0.0000 -0.8480
vn -0.5299 0.0000 -0.8480
vn -0.8090 0.0000 0.5877
vn -0.1564 0.0000 0.9877
vn 0.5878 -0.0000 0.8090
vn 0.9877 -0.0000 0.1564
vn 0.8090 0.0000 -0.5877
vn -0.7660 0.0000 0.6428
vn 0.6427 0.0000 0.7661
vn 0.9962 -0.0000 0.0872
vn 0.7660 -0.0000 -0.6428
vn -0.6428 0.0000 -0.7660
vn -0.0175 0.0000 0.9998
vn 0.6946 -0.0000 0.7193
vn 0.9998 -0.0000 0.0175
vn 0.7193 -0.0000 -0.6947
vn 0.0174 0.0000 -0.9998
vn 0.0175 -0.0000 -0.9998
vn -0.6947 0.0000 -0.7193
vn -0.9998 0.0000 -0.0174
vn 0.6691 0.0000 -0.7431
vn -0.7432 0.0000 -0.6691
vn -0.9986 0.0000 0.0523
vn -0.6157 -0.0000 0.7880
vn 0.1219 -0.0000 0.9925
vn 0.7880 -0.0000 0.6157
vn -0.1218 0.0000 -0.9926
vn -0.1219 0.0000 -0.9925
vn -0.7880 0.0000 -0.6156
vn -0.9925 -0.0000 0.1219
vn -0.5591 0.0000 0.8291
vn 0.1909 0.0000 0.9816
vn 0.8290 -0.0000 0.5592
vn 0.9816 -0.0000 -0.1908
vn 0.9816 -0.0000 -0.1909
vn 0.5592 0.0000 -0.8291
vn -0.1908 0.0000 -0.9816
vn 0.2588 -0.0000 0.9659
vn 0.9659 0.0000 -0.2589
vn 0.5000 -0.0000 -0.8660
vn -0.8660 0.0000 -0.5000
vn 0.3256 -0.0000 0.9455
vn 0.9455 0.0000 -0.3257
vn 0.9455 0.0000 -0.3255
vn 0.4383 0.0000 -0.8988
vn -0.8988 0.0000 -0.4384
vn -0.3746 -0.0000 0.9272
vn 0.3908 0.0000 0.9205
vn 0.3907 -0.0000 0.9205
vn 0.9272 -0.0000 0.3746
vn 0.9205 0.0000 -0.3908
vn 0.9205 -0.0000 -0.3908
vn 0.3746 0.0000 -0.9272
vn -0.3907 0.0000 -0.9205
vn -0.9272 0.0000 -0.3746
vn -0.3090 -0.0000 0.9511
vn 0.4540 -0.0000 0.8910
vn 0.9511 -0.0000 0.3090
vn 0.8910 0.0000 -0.4539
vn 0.3091 0.0000 -0.9510
vn 0.3090 0.0000 -0.9511
vn -0.9511 0.0000 -0.3090
vn -0.9703 -0.0000 -0.2419
vn -0.8572 0.0000 0.5150
vn 0.5735 0.0000 0.8192
vn 0.5736 0.0000 0.8192
vn 0.9848 0.0000 0.1736
vn 0.8192 -0.0000 -0.5735
vn 0.8192 -0.0000 -0.5736
vn 0.1737 -0.0000 -0.9848
vn 0.1736 -0.0000 -0.9848
vn -0.5736 -0.0000 -0.8191
vn -0.9848 -0.0000 -0.1736
vn -0.8191 -0.0000 0.5736
vn 0.6293 -0.0000 0.7771
vn 0.7772 0.0000 -0.6293
vn 0.1045 -0.0000 -0.9945
vn -0.6293 0.0000 -0.7772
vn -0.7771 0.0000 0.6293
vn 0.0349 -0.0000 -0.9994
vn -0.6820 -0.0000 -0.7313
vn -0.7313 0.0000 0.6820
vn 0.9994 0.0000 -0.0349
vn -0.0349 -0.0000 -0.9994
vn -0.7314 0.0000 -0.6820
vn -0.9994 -0.0000 0.0349
vn -0.9994 -0.0000 0.0350
vn -0.6820 0.0000 0.7314
vn 0.7771 -0.0000 0.6293
vn 0.6293 0.0000 -0.7771
vn 0.6293 -0.0000 -0.7771
vn -0.7772 0.0000 -0.6293
vn -0.6293 0.0000 0.7771
vn -0.6293 0.0000 0.7772
vn 0.1737 0.0000 0.9848
vn 0.8192 0.0000 0.5736
vn 0.9848 0.0000 -0.1736
vn 0.5736 0.0000 -0.8192
vn -0.8192 0.0000 -0.5736
vn -0.9848 0.0000 0.1737
vn -0.5736 0.0000 0.8192
vn 0.9703 -0.0000 -0.2419
vn -0.2419 -0.0000 -0.9703
vn -0.9703 0.0000 0.2420
vn -0.9703 0.0000 0.2419
vn -0.5150 0.0000 0.8572
vn 0.3090 -0.0000 0.9511
vn 0.8910 -0.0000 0.4540
vn -0.9511 0.0000 0.3090
vn -0.4539 0.0000 0.8910
vn -0.4540 0.0000 0.8910
vn 0.3746 -0.0000 0.9272
vn 0.9205 -0.0000 0.3907
vn 0.9205 -0.0000 0.3908
vn 0.9272 -0.0000 -0.3746
vn 0.3907 -0.0000 -0.9205
vn 0.3256 -0.0000 -0.9455
vn 0.8661 0.0000 -0.5000
vn 0.2588 -0.0000 -0.9659
vn -0.5000 -0.0000 -0.8660
vn -0.8660 0.0000 0.5000
vn -0.2588 0.0000 0.9659
vn 0.8291 0.0000 -0.5591
vn -0.5592 -0.0000 -0.8290
vn -0.9816 -0.0000 -0.1908
vn -0.8290 0.0000 0.5592
vn -0.1908 0.0000 0.9816
vn 0.6157 0.0000 0.7880
vn 0.7880 -0.0000 -0.6157
vn 0.1218 0.0000 -0.9926
vn -0.7880 0.0000 0.6157
vn 0.9986 -0.0000 0.0523
vn 0.7431 -0.0000 -0.6691
vn -0.9986 0.0000 -0.0523
vn -0.7431 0.0000 0.6691
vn 0.9998 0.0000 -0.0175
vn 0.9998 -0.0000 -0.0174
vn 0.6947 0.0000 -0.7193
vn 0.6947 -0.0000 -0.7193
vn -0.9998 -0.0000 0.0174
vn -0.9998 0.0000 0.0175
vn -0.6946 0.0000 0.7194
vn 0.0175 -0.0000 0.9998
vn 0.7660 0.0000 0.6428
vn 0.9962 -0.0000 -0.0872
vn 0.6428 -0.0000 -0.7660
vn -0.0871 -0.0000 -0.9962
vn -0.0872 -0.0000 -0.9962
vn -0.9962 0.0000 0.0872
vn -0.6428 0.0000 0.7661
vn 0.0872 -0.0000 0.9962
vn 0.9877 -0.0000 -0.1564
vn 0.5878 -0.0000 -0.8090
vn -0.1564 -0.0000 -0.9877
vn -0.8091 -0.0000 -0.5877
vn -0.9877 0.0000 0.1565
vn -0.9877 0.0000 0.1564
vn -0.5877 0.0000 0.8091
vn 0.1565 0.0000 0.9877
vn 0.1564 0.0000 0.9877
vn 0.9744 -0.0000 -0.2249
vn 0.5299 -0.0000 -0.8481
vn 0.5299 -0.0000 -0.8480
vn -0.2250 0.0000 -0.9744
vn -0.8480 0.0000 -0.5299
vn -0.8480 0.0000 -0.5300
vn -0.9744 0.0000 0.2250
vn -0.5299 0.0000 0.8481
vn 0.8829 0.0000 0.4695
vn 0.9563 -0.0000 -0.2924
vn 0.4695 -0.0000 -0.8829
vn -0.2924 -0.0000 -0.9563
vn -0.8829 -0.0000 -0.4695
vn -0.9563 0.0000 0.2924
vn -0.4695 0.0000 0.8830
vn 0.2924 0.0000 0.9563
vn 0.9136 -0.0000 0.4067
vn 0.9336 -0.0000 -0.3583
vn 0.9135 -0.0000 0.4067
vn 0.4067 -0.0000 -0.9135
vn -0.3584 -0.0000 -0.9336
vn -0.9135 0.0000 -0.4067
vn -0.4068 0.0000 0.9135
vn 0.9063 -0.0000 -0.4226
vn -0.9397 0.0000 -0.3420
vn -0.9063 0.0000 0.4226
vn -0.3420 0.0000 0.9397
vn 0.9781 -0.0000 0.2079
vn 0.8387 -0.0000 -0.5446
vn -0.9781 0.0000 -0.2079
vn -0.8387 -0.0000 0.5447
vn -0.2079 0.0000 0.9782
vn 0.5446 0.0000 0.8387
vn 0.7987 0.0000 -0.6018
vn 0.1391 0.0000 -0.9903
vn -0.6018 -0.0000 -0.7986
vn -0.9903 -0.0000 -0.1391
vn -0.7986 0.0000 0.6019
vn -0.7986 0.0000 0.6018
vn -0.1391 0.0000 0.9903
vn -0.1392 0.0000 0.9903
vn 0.6019 0.0000 0.7986
vn 0.0698 -0.0000 -0.9976
vn -0.6561 -0.0000 -0.7547
vn -0.7547 -0.0000 0.6561
vn -0.0697 0.0000 0.9976
vn -0.5736 -0.0000 -0.8192
vn -0.9848 -0.0000 -0.1737
vn -0.8192 0.0000 0.5736
vn -0.1736 0.0000 0.9848
vn 0.8192 0.0000 -0.5735
vn 1.0000 -0.0000 -0.0000
vn -1.0000 0.0000 -0.0000
vn -0.0000 -0.0000 1.0000
vn 0.0000 0.0000 1.0000
vn -0.4695 0.0000 -0.8830
vn -0.2923 -0.0000 0.9563
vn 0.4695 -0.0000 0.8829
vn 0.8480 0.0000 -0.5300
vn -0.5299 0.0000 -0.8481
vn -0.2249 -0.0000 0.9744
vn 0.9744 -0.0000 0.2249
vn 0.8090 -0.0000 -0.5878
vn 0.7661 0.0000 -0.6428
vn -0.9962 -0.0000 -0.0872
vn -0.0872 -0.0000 0.9962
vn 0.6428 -0.0000 0.7660
vn 0.9962 -0.0000 0.0871
vn -0.9998 -0.0000 -0.0175
vn 0.9998 -0.0000 0.0174
vn -0.0524 0.0000 -0.9986
vn 0.6691 -0.0000 -0.7432
vn -0.7431 0.0000 -0.6691
vn -0.6692 -0.0000 0.7431
vn 0.0523 -0.0000 0.9986
vn 0.7432 -0.0000 0.6691
vn 0.9986 -0.0000 -0.0523
vn 0.6156 -0.0000 -0.7880
vn 0.6156 0.0000 -0.7880
vn -0.7880 0.0000 -0.6157
vn -0.9926 0.0000 0.1218
vn -0.9926 -0.0000 0.1218
vn -0.6156 0.0000 0.7880
vn 0.9926 0.0000 -0.1218
vn 0.9925 -0.0000 -0.1219
vn -0.1909 0.0000 -0.9816
vn 0.5591 -0.0000 -0.8291
vn 0.5592 0.0000 -0.8290
vn -0.8290 0.0000 -0.5592
vn -0.5592 -0.0000 0.8290
vn 0.1908 -0.0000 0.9816
vn -0.2589 0.0000 -0.9659
vn 0.5000 -0.0000 -0.8661
vn -0.9659 0.0000 0.2589
vn -0.5000 -0.0000 0.8660
vn 0.2589 0.0000 0.9659
vn 0.8660 -0.0000 0.5000
vn 0.4383 -0.0000 -0.8988
vn -0.9455 0.0000 0.3255
vn -0.4383 -0.0000 0.8988
vn 0.9455 -0.0000 -0.3256
vn -0.9272 -0.0000 -0.3747
vn -0.9205 0.0000 0.3907
vn -0.9510 -0.0000 -0.3091
vn 0.2419 0.0000 -0.9703
vn -0.2419 -0.0000 0.9703
vn 0.5150 -0.0000 0.8572
vn 0.9703 -0.0000 0.2419
vn -0.9945 -0.0000 -0.1045
vn -0.1045 0.0000 0.9945
vn -0.0349 -0.0000 0.9994
vn 0.6820 -0.0000 0.7314
vn -0.7313 0.0000 -0.6820
vn 0.7313 -0.0000 0.6820
vn 0.9994 0.0000 -0.0350
vn 0.6820 -0.0000 -0.7314
vn -0.1045 -0.0000 -0.9945
vn -0.1046 0.0000 -0.9945
vn -0.6293 -0.0000 0.7772
vn 0.7771 0.0000 0.6294
vn 0.7771 -0.0000 0.6294
vn 0.9945 0.0000 -0.1046
vn 0.6293 -0.0000 -0.7772
vn -0.1736 -0.0000 -0.9848
vn -0.9848 -0.0000 0.1736
vn -0.5736 -0.0000 0.8191
vn 0.8192 -0.0000 0.5736
vn 0.8571 0.0000 0.5151
vn 0.8572 -0.0000 0.5150
vn 0.9703 0.0000 -0.2420
vn 0.5150 -0.0000 -0.8572
vn -0.8910 -0.0000 -0.4540
vn -0.3090 -0.0000 -0.9511
vn -0.3091 0.0000 -0.9510
vn 0.9511 -0.0000 -0.3090
vn 0.4540 -0.0000 -0.8910
vn -0.9272 -0.0000 0.3746
vn -0.9455 -0.0000 -0.3255
vn -0.9455 0.0000 -0.3256
vn -0.4384 -0.0000 -0.8988
vn -0.3256 0.0000 0.9455
vn 0.9455 -0.0000 0.3256
vn 0.8988 -0.0000 -0.4384
vn -0.9659 -0.0000 -0.2588
vn -0.5001 -0.0000 -0.8660
vn 0.9659 -0.0000 0.2588
vn 0.8660 -0.0000 -0.5000
vn -0.8291 0.0000 0.5592
vn 0.1908 -0.0000 -0.9816
vn 0.6156 0.0000 0.7880
vn 0.9925 0.0000 0.1220
vn 0.7880 -0.0000 -0.6156
vn 0.1219 -0.0000 -0.9925
vn -0.9986 0.0000 -0.0524
vn -0.6691 -0.0000 -0.7431
vn -0.7432 0.0000 0.6691
vn -0.0523 -0.0000 0.9986
vn 0.6691 -0.0000 0.7432
vn 0.0523 -0.0000 -0.9986
vn -0.7193 -0.0000 -0.6947
vn 0.0174 0.0000 0.9998
vn -0.7660 -0.0000 -0.6428
vn -0.6428 0.0000 0.7660
vn 0.0871 0.0000 0.9962
vn 0.7661 0.0000 0.6428
vn 0.9962 0.0000 -0.0871
vn 0.6428 0.0000 -0.7661
vn -0.8090 0.0000 -0.5878
vn 0.9877 0.0000 -0.1565
vn -0.8481 0.0000 -0.5299
vn -0.5299 0.0000 0.8480
vn 0.2250 -0.0000 0.9744
vn 0.8480 0.0000 0.5300
vn 0.8480 -0.0000 0.5299
vn 0.9744 -0.0000 -0.2250
vn -0.9563 0.0000 0.2923
vn -0.4694 -0.0000 0.8830
vn 0.2923 -0.0000 0.9563
vn -0.9135 -0.0000 -0.4068
vn -0.9136 -0.0000 -0.4067
vn 0.3584 -0.0000 0.9336
vn -0.9063 0.0000 0.4227
vn 0.4226 0.0000 0.9063
vn 0.9397 0.0000 0.3420
vn 0.9397 0.0000 0.3421
vn 0.3420 -0.0000 -0.9397
vn -0.4226 -0.0000 -0.9063
vn -0.9613 -0.0000 -0.2756
vn -0.2757 0.0000 0.9612
vn -0.2756 -0.0000 0.9613
vn 0.9612 0.0000 0.2757
vn 0.8746 0.0000 -0.4849
vn 0.8746 0.0000 -0.4848
vn 0.2756 0.0000 -0.9613
vn -0.8386 0.0000 0.5447
vn -0.8387 0.0000 0.5446
vn -0.9781 0.0000 -0.2080
vn 0.8387 -0.0000 -0.5447
vn 0.2079 0.0000 -0.9782
vn -0.5446 0.0000 -0.8387
vn 0.6017 0.0000 0.7987
vn 0.9903 -0.0000 0.1392
vn 0.7986 -0.0000 -0.6018
vn -0.9976 -0.0000 -0.0698
vn -0.9976 -0.0000 -0.0697
vn 0.7547 0.0000 -0.6561
vn -0.6560 -0.0000 -0.7547
vn -0.6560 0.0000 0.7547
vn 0.9976 -0.0000 -0.0697
vn 0.6560 0.0000 -0.7547
vn -0.0698 0.0000 -0.9976
vn -0.7548 -0.0000 -0.6560
vn -0.7547 0.0000 -0.6561
vn 0.6018 -0.0000 -0.7986
vn -0.7987 0.0000 -0.6018
vn -0.9781 0.0000 0.2079
vn 0.2079 0.0000 0.9782
vn -0.2079 0.0000 -0.9782
vn -0.9613 -0.0000 0.2756
vn 0.9612 -0.0000 -0.2757
vn -0.2757 -0.0000 -0.9613
vn 0.9397 -0.0000 -0.3420
vn -0.3583 0.0000 0.9336
vn -0.9135 -0.0000 0.4068
vn 0.4068 -0.0000 0.9135
vn 0.9336 -0.0000 0.3584
vn 0.9135 0.0000 -0.4068
vn -0.4068 0.0000 -0.9135
vn -0.2924 -0.0000 0.9563
vn -0.8829 -0.0000 0.4695
vn 0.2924 -0.0000 -0.9563
vn -0.4695 -0.0000 -0.8829
vn -0.2250 0.0000 0.9744
vn -0.8481 0.0000 0.5299
vn 0.9744 0.0000 0.2250
vn 0.8481 -0.0000 -0.5299
vn -0.5299 -0.0000 -0.8480
vn -0.1564 -0.0000 0.9877
vn 0.5877 -0.0000 0.8091
vn -0.5878 -0.0000 -0.8090
vn -0.9877 -0.0000 -0.1564
vn -0.9962 -0.0000 -0.0871
vn -0.0175 -0.0000 0.9998
vn -0.7193 -0.0000 0.6947
vn 0.6946 0.0000 0.7194
vn 0.6946 -0.0000 0.7194
vn 0.0174 -0.0000 -0.9998
vn -0.6946 -0.0000 -0.7194
vn -0.9998 -0.0000 -0.0174
vn -0.7432 -0.0000 -0.6691
vn 0.8291 0.0000 0.5592
vn 0.9659 -0.0000 -0.2588
vn -0.9659 -0.0000 0.2588
vn 0.4384 -0.0000 -0.8988
vn -0.3091 0.0000 0.9510
vn -0.9510 0.0000 -0.3090
vn -0.8910 -0.0000 0.4540
vn -0.5151 0.0000 -0.8571
vn -0.5150 -0.0000 -0.8572
vn -0.9703 -0.0000 -0.2420
vn 0.5736 -0.0000 0.8192
vn -0.1737 0.0000 0.9848
vn 0.9848 -0.0000 0.1737
vn 0.8192 0.0000 -0.5736
vn 0.1737 0.0000 -0.9848
vn -0.5736 0.0000 -0.8191
vn -0.8192 -0.0000 0.5735
vn -0.8191 -0.0000 0.5737
vn 0.6293 0.0000 0.7772
vn 0.9945 -0.0000 0.1045
vn 0.7772 -0.0000 -0.6293
vn -0.6820 0.0000 -0.7313
vn -0.7313 -0.0000 0.6820
vn 0.7314 -0.0000 0.6820
vn 0.0349 -0.0000 0.9994
vn 0.6820 0.0000 -0.7313
vn -0.7314 -0.0000 -0.6820
vn -0.6820 -0.0000 0.7314
vn 0.7771 0.0000 0.6293
vn 0.9945 0.0000 -0.1045
vn -0.7772 -0.0000 -0.6293
vn -0.9945 -0.0000 0.1046
vn 0.5736 0.0000 -0.8191
vn -0.1737 0.0000 -0.9848
vn -0.4539 -0.0000 0.8910
vn 0.9205 0.0000 0.3908
vn 0.4384 0.0000 0.8988
vn 0.8988 0.0000 -0.4383
vn 0.3255 0.0000 -0.9455
vn -0.8660 0.0000 0.5001
vn 0.9816 -0.0000 0.1908
vn -0.1909 0.0000 0.9816
vn 0.7880 0.0000 -0.6156
vn -0.6156 0.0000 -0.7880
vn -0.7880 -0.0000 0.6157
vn -0.0174 0.0000 -0.9998
vn -0.0174 -0.0000 -0.9998
vn -0.7194 0.0000 -0.6946
vn 0.0175 0.0000 0.9998
vn 0.7661 0.0000 0.6427
vn -0.9962 -0.0000 0.0871
vn -0.6428 -0.0000 0.7661
vn 0.8090 -0.0000 0.5878
vn 0.1565 -0.0000 0.9877
vn 0.8480 -0.0000 0.5300
vn 0.5299 0.0000 -0.8480
vn -0.8480 -0.0000 -0.5300
vn -0.5299 -0.0000 0.8481
vn 0.4695 0.0000 -0.8829
vn -0.4695 -0.0000 0.8830
vn 0.4068 0.0000 -0.9135
vn 0.4067 0.0000 -0.9135
vn -0.4067 -0.0000 0.9136
vn 0.9613 0.0000 0.2756
vn -0.4849 0.0000 -0.8746
vn -0.4848 -0.0000 -0.8746
vn 0.9781 0.0000 0.2080
vn -0.2079 -0.0000 0.9782
vn 0.1392 0.0000 -0.9903
vn -0.7987 0.0000 0.6018
vn 0.6018 -0.0000 0.7986
vn 0.9976 -0.0000 0.0697
vn -0.0697 -0.0000 0.9976
vn 0.6561 -0.0000 0.7547
vn -0.5735 -0.0000 -0.8192
vn 0.5736 0.0000 0.8191
vn 0.8191 -0.0000 -0.5736
vn 1.0000 -0.0000 0.0000
vn 0.6561 -0.0000 -0.7547
vn 0.0698 0.0000 0.9976
vn 0.9903 -0.0000 -0.1392
vn -0.6018 -0.0000 0.7986
vn 0.5447 0.0000 -0.8387
vn 0.9782 0.0000 -0.2079
vn -0.8386 0.0000 -0.5447
vn -0.9781 -0.0000 0.2080
vn 0.2080 -0.0000 0.9781
vn 0.8386 -0.0000 0.5447
vn 0.4227 -0.0000 -0.9063
vn -0.4067 -0.0000 -0.9136
vn 0.4067 -0.0000 0.9136
vn 0.4067 -0.0000 0.9135
vn 0.2250 -0.0000 -0.9744
vn 0.5299 -0.0000 0.8480
vn -0.0871 -0.0000 0.9962
vn 0.6428 -0.0000 0.7661
vn -0.7431 0.0000 -0.6692
vn -0.6691 -0.0000 0.7431
vn -0.6156 -0.0000 0.7881
vn -0.4384 0.0000 0.8988
vn -0.9205 0.0000 0.3908
vn 0.9205 -0.0000 -0.3907
vn -0.8571 0.0000 0.5151
vn 0.6820 -0.0000 0.7313
vn 0.7314 -0.0000 -0.6820
vn 0.7772 -0.0000 0.6293
vn 0.8191 -0.0000 0.5736
vn 0.2420 0.0000 0.9703
vn -0.9510 0.0000 0.3090
vn -0.9455 0.0000 -0.3255
vn -0.9659 -0.0000 -0.2589
vn -0.8661 0.0000 0.4999
vn -0.6157 -0.0000 -0.7880
vn 0.9925 -0.0000 0.1219
vn 0.6691 -0.0000 0.7431
vn 0.6946 -0.0000 -0.7194
vn 0.6427 -0.0000 -0.7661
vn -0.4695 -0.0000 0.8829
vn 0.4694 -0.0000 -0.8830
vn -0.9063 0.0000 0.4225
vn -0.9397 0.0000 -0.3421
vn -0.3421 0.0000 0.9397
vn -0.2757 -0.0000 0.9613
vn -0.2080 0.0000 0.9781
vn -0.7547 0.0000 -0.6560
vn 0.6018 -0.0000 -0.7987
vn -0.9782 0.0000 0.2079
vn -0.2079 -0.0000 -0.9781
vn -0.4849 0.0000 0.8746
vn -0.4226 0.0000 0.9063
vn -0.9135 -0.0000 0.4067
vn 0.9136 0.0000 -0.4067
vn 0.8480 -0.0000 -0.5299
vn 0.6946 0.0000 0.7193
vn 0.9998 0.0000 0.0175
vn -0.6947 -0.0000 -0.7193
vn -0.1218 -0.0000 -0.9926
vn -0.5591 -0.0000 0.8291
vn 0.8988 0.0000 0.4383
vn 0.9455 -0.0000 -0.3257
vn -0.3908 -0.0000 -0.9205
vn 0.8910 -0.0000 -0.4539
vn 0.3091 -0.0000 -0.9510
vn 0.5735 -0.0000 0.8192
vn -0.8191 0.0000 0.5736
vn -0.9945 -0.0000 0.1045
vn -0.9703 -0.0000 0.2420
vn 0.2589 0.0000 -0.9659
vn 0.1218 -0.0000 -0.9926
vn -0.7431 -0.0000 0.6691
vn 0.7194 0.0000 0.6946
vn -0.0175 -0.0000 -0.9998
vn -0.6947 -0.0000 0.7193
vn -0.8091 0.0000 -0.5877
vn -0.9877 -0.0000 0.1565
vn -0.5877 -0.0000 0.8091
vn 0.9744 0.0000 -0.2249
vn -0.9744 -0.0000 0.2250
vn 0.9336 0.0000 -0.3583
vn 0.9135 0.0000 0.4068
vn -0.8387 0.0000 0.5447
vn -0.9903 0.0000 -0.1391
vn -0.7987 -0.0000 0.6018
vn 0.6019 -0.0000 0.7986
vn 0.7547 -0.0000 0.6561
vn -0.8746 -0.0000 -0.4849
vn -0.9336 -0.0000 -0.3584
vn 0.4068 0.0000 0.9135
vn -0.6428 0.0000 -0.7661
vn -0.9455 -0.0000 0.3255
vn 0.3908 -0.0000 0.9205
vn 0.7313 -0.0000 -0.6820
vn 0.9848 -0.0000 -0.1737
vn 0.5735 -0.0000 -0.8192
vn 0.8571 -0.0000 0.5151
vn 0.4539 0.0000 -0.8910
vn 0.9925 -0.0000 0.1220
vn 0.6691 0.0000 0.7432
vn -0.1565 -0.0000 -0.9877
vn -0.4694 0.0000 0.8830
vn 0.4695 -0.0000 -0.8830
vn -0.9136 0.0000 -0.4067
vn 0.9397 -0.0000 0.3421
vn 0.9612 -0.0000 0.2757
vn -0.2079 0.0000 0.9781
vn 0.8387 0.0000 -0.5447
vn 0.1391 -0.0000 -0.9903
vn 0.9976 0.0000 -0.0697
vn -0.7987 -0.0000 -0.6018
vn -0.2080 -0.0000 -0.9781
vn 0.2756 -0.0000 0.9613
vn 0.9612 0.0000 -0.2757
vn -0.4227 -0.0000 0.9063
vn 0.9135 -0.0000 -0.4068
vn -0.8481 -0.0000 0.5299
vn 0.5877 0.0000 0.8091
vn 0.7880 0.0000 0.6157
vn -0.7880 -0.0000 -0.6156
vn 0.1046 0.0000 0.9945
vn -0.9945 0.0000 0.1046
vn -0.1737 -0.0000 -0.9848
vn 0.3255 -0.0000 -0.9455
vn -0.8660 -0.0000 0.5001
vn -0.2589 -0.0000 0.9659
vn 0.9998 0.0000 -0.0174
vn -0.7194 -0.0000 -0.6946
vn -0.9998 -0.0000 0.0175
vn -0.6946 -0.0000 0.7194
vn 0.9962 -0.0000 -0.0871
vn -0.2249 -0.0000 -0.9744
vn -0.9781 -0.0000 -0.2080
vn -0.6560 0.0000 -0.7547
vn -0.9976 0.0000 -0.0697
vn 0.6560 -0.0000 0.7547
vn -0.7986 0.0000 -0.6019
vn -0.9903 -0.0000 0.1393
vn -0.5447 0.0000 0.8386
# 1158 vertex normals

vt 0.7500 0.0000 1.0000
vt 0.8750 0.0000 1.0000
vt 0.8750 0.0152 1.0000
vt 0.7500 0.0152 1.0000
vt -0.1250 0.0000 1.0000
vt 0.0000 0.0000 1.0000
vt 0.0000 0.0152 1.0000
vt -0.1250 0.0152 1.0000
vt 0.1250 0.0000 1.0000
vt 0.1250 0.0152 1.0000
vt 0.2500 0.0000 1.0000
vt 0.2500 0.0152 1.0000
vt 0.3750 0.0000 1.0000
vt 0.3750 0.0152 1.0000
vt 0.5000 0.0000 1.0000
vt 0.5000 0.0152 1.0000
vt 0.6250 0.0000 1.0000
vt 0.6250 0.0152 1.0000
vt 0.8750 0.0610 1.0000
vt 0.8750 0.0915 1.0000
vt 0.7500 0.0915 1.0000
vt 0.7500 0.0610 1.0000
vt 0.0000 0.0610 1.0000
vt 0.0000 0.0915 1.0000
vt -0.1250 0.0915 1.0000
vt -0.1250 0.0610 1.0000
vt 0.1250 0.0610 1.0000
vt 0.1250 0.0915 1.0000
vt 0.2500 0.0610 1.0000
vt 0.2500 0.0915 1.0000
vt 0.3750 0.0610 1.0000
vt 0.3750 0.0915 1.0000
vt 0.5000 0.0610 1.0000
vt 0.5000 0.0915 1.0000
vt 0.6250 0.0610 1.0000
vt 0.6250 0.0915 1.0000
vt 0.8750 0.1220 1.0000
vt 0.7500 0.1220 1.0000
vt 0.0000 0.1220 1.0000
vt -0.1250 0.1220 1.0000
vt 0.1250 0.1220 1.0000
vt 0.2500 0.1220 1.0000
vt 0.3750 0.1220 1.0000
vt 0.5000 0.1220 1.0000
vt 0.6250 0.1220 1.0000
vt 0.8750 0.0305 1.0000
vt 0.8750 0.0457 1.0000
vt 0.7500 0.0457 1.0000
vt 0.7500 0.0305 1.0000
vt 0.0000 0.0305 1.0000
vt 0.0000 0.0457 1.0000
vt -0.1250 0.0457 1.0000
vt -0.1250 0.0305 1.0000
vt 0.1250 0.0305 1.0000
vt 0.1250 0.0457 1.0000
vt 0.2500 0.0305 1.0000
vt 0.2500 0.0457 1.0000
vt 0.3750 0.0305 1.0000
vt 0.3750 0.0457 1.0000
vt 0.5000 0.0305 1.0000
vt 0.5000 0.0457 1.0000
vt 0.6250 0.0305 1.0000
vt 0.6250 0.0457 1.0000
# 63 texture coords

o Object072
g Object072
usemtl Material__65
s 1
f 497/264/209 498/265/210 499/266/211 500/267/209 
s 2
f 498/268/210 501/269/212 502/270/213 499/271/211 
s 1
f 501/269/212 503/272/214 504/273/214 502/270/213 
s 2
f 503/272/214 505/274/215 506/275/216 504/273/214 
s 1
f 505/274/215 507/276/217 508/277/217 506/275/216 
s 2
f 507/276/217 509/278/218 510/279/219 508/277/217 
s 1
f 509/278/218 511/280/220 512/281/220 510/279/219 
s 2
f 511/280/220 497/264/209 500/267/209 512/281/220 
s 1
f 513/264/221 514/265/222 515/266/222 516/267/221 
s 2
f 514/268/222 517/269/223 518/270/223 515/271/222 
s 1
f 517/269/223 519/272/224 520/273/224 518/270/223 
s 2
f 519/272/224 521/274/225 522/275/226 520/273/224 
s 1
f 521/274/225 523/276/227 524/277/228 522/275/226 
s 2
f 523/276/227 525/278/229 526/279/229 524/277/228 
s 1
f 525/278/229 527/280/230 528/281/231 526/279/229 
s 2
f 527/280/230 513/264/221 516/267/221 528/281/231 
s 1
f 529/264/232 530/265/233 531/266/233 532/267/232 
s 2
f 530/268/233 533/269/234 534/270/235 531/271/233 
s 1
f 533/269/234 535/272/236 536/273/236 534/270/235 
s 2
f 535/272/236 537/274/237 538/275/237 536/273/236 
s 1
f 537/274/237 539/276/238 540/277/238 538/275/237 
s 2
f 539/276/238 541/278/239 542/279/240 540/277/238 
s 1
f 541/278/239 543/280/241 544/281/242 542/279/240 
s 2
f 543/280/241 529/264/232 532/267/232 544/281/242 
s 1
f 545/264/243 546/265/244 547/266/244 548/267/243 
s 2
f 546/268/244 549/269/245 550/270/245 547/271/244 
s 1
f 549/269/245 551/272/246 552/273/246 550/270/245 
s 2
f 551/272/246 553/274/247 554/275/247 552/273/246 
s 1
f 553/274/247 555/276/248 556/277/248 554/275/247 
s 2
f 555/276/248 557/278/249 558/279/249 556/277/248 
s 1
f 557/278/249 559/280/250 560/281/250 558/279/249 
s 2
f 559/280/250 545/264/243 548/267/243 560/281/250 
s 1
f 561/264/251 562/265/252 563/266/252 564/267/253 
s 2
f 562/268/252 565/269/254 566/270/254 563/271/252 
s 1
f 565/269/254 567/272/255 568/273/255 566/270/254 
s 2
f 567/272/255 569/274/256 570/275/256 568/273/255 
s 1
f 569/274/256 571/276/257 572/277/257 570/275/256 
s 2
f 571/276/257 573/278/258 574/279/259 572/277/257 
s 1
f 573/278/258 575/280/260 576/281/261 574/279/259 
s 2
f 575/280/260 561/264/251 564/267/253 576/281/261 
s 1
f 577/264/262 578/265/263 579/266/264 580/267/262 
s 2
f 578/268/263 581/269/265 582/270/265 579/271/264 
s 1
f 581/269/265 583/272/266 584/273/267 582/270/265 
s 2
f 583/272/266 585/274/268 586/275/269 584/273/267 
s 1
f 585/274/268 587/276/270 588/277/271 586/275/269 
s 2
f 587/276/270 589/278/272 590/279/272 588/277/271 
s 1
f 589/278/272 591/280/273 592/281/273 590/279/272 
s 2
f 591/280/273 577/264/262 580/267/262 592/281/273 
s 1
f 593/264/274 594/265/275 595/266/276 596/267/274 
s 2
f 594/268/275 597/269/277 598/270/277 595/271/276 
s 1
f 597/269/277 599/272/278 600/273/278 598/270/277 
s 2
f 599/272/278 601/274/279 602/275/280 600/273/278 
s 1
f 601/274/279 603/276/281 604/277/282 602/275/280 
s 2
f 603/276/281 605/278/283 606/279/284 604/277/282 
s 1
f 605/278/283 607/280/285 608/281/285 606/279/284 
s 2
f 607/280/285 593/264/274 596/267/274 608/281/285 
s 1
f 609/264/286 610/265/287 611/266/287 612/267/286 
s 2
f 610/268/287 613/269/288 614/270/288 611/271/287 
s 1
f 613/269/288 615/272/289 616/273/289 614/270/288 
s 2
f 615/272/289 617/274/290 618/275/290 616/273/289 
s 1
f 617/274/290 619/276/291 620/277/291 618/275/290 
s 2
f 619/276/291 621/278/292 622/279/292 620/277/291 
s 1
f 621/278/292 623/280/293 624/281/293 622/279/292 
s 2
f 623/280/293 609/264/286 612/267/286 624/281/293 
s 1
f 625/264/294 626/265/295 627/266/295 628/267/294 
s 2
f 626/268/295 629/269/296 630/270/296 627/271/295 
s 1
f 629/269/296 631/272/297 632/273/297 630/270/296 
s 2
f 631/272/297 633/274/298 634/275/298 632/273/297 
s 1
f 633/274/298 635/276/299 636/277/299 634/275/298 
s 2
f 635/276/299 637/278/300 638/279/300 636/277/299 
s 1
f 637/278/300 639/280/301 640/281/301 638/279/300 
s 2
f 639/280/301 625/264/294 628/267/294 640/281/301 
s 1
f 641/264/302 642/265/303 643/266/304 644/267/305 
s 2
f 642/268/303 645/269/306 646/270/306 643/271/304 
s 1
f 645/269/306 647/272/307 648/273/308 646/270/306 
s 2
f 647/272/307 649/274/309 650/275/310 648/273/308 
s 1
f 649/274/309 651/276/311 652/277/311 650/275/310 
s 2
f 651/276/311 653/278/312 654/279/313 652/277/311 
s 1
f 653/278/312 655/280/314 656/281/314 654/279/313 
s 2
f 655/280/314 641/264/302 644/267/305 656/281/314 
s 1
f 657/264/315 658/265/316 659/266/317 660/267/315 
s 2
f 658/268/316 661/269/318 662/270/318 659/271/317 
s 1
f 661/269/318 663/272/319 664/273/319 662/270/318 
s 2
f 663/272/319 665/274/320 666/275/320 664/273/319 
s 1
f 665/274/320 667/276/321 668/277/321 666/275/320 
s 2
f 667/276/321 669/278/322 670/279/322 668/277/321 
s 1
f 669/278/322 671/280/323 672/281/323 670/279/322 
s 2
f 671/280/323 657/264/315 660/267/315 672/281/323 
s 1
f 673/264/324 674/265/325 675/266/326 676/267/324 
s 2
f 674/268/325 677/269/327 678/270/328 675/271/326 
s 1
f 677/269/327 679/272/329 680/273/330 678/270/328 
s 2
f 679/272/329 681/274/331 682/275/331 680/273/330 
s 1
f 681/274/331 683/276/332 684/277/333 682/275/331 
s 2
f 683/276/332 685/278/334 686/279/335 684/277/333 
s 1
f 685/278/334 687/280/336 688/281/337 686/279/335 
s 2
f 687/280/336 673/264/324 676/267/324 688/281/337 
s 1
f 689/264/338 690/265/339 691/266/339 692/267/338 
s 2
f 690/268/339 693/269/340 694/270/340 691/271/339 
s 1
f 693/269/340 695/272/341 696/273/341 694/270/340 
s 2
f 695/272/341 697/274/342 698/275/342 696/273/341 
s 1
f 697/274/342 699/276/343 700/277/343 698/275/342 
s 2
f 699/276/343 701/278/344 702/279/344 700/277/343 
s 1
f 701/278/344 703/280/345 704/281/345 702/279/344 
s 2
f 703/280/345 689/264/338 692/267/338 704/281/345 
s 1
f 705/264/346 706/265/347 707/266/348 708/267/346 
s 2
f 706/268/347 709/269/349 710/270/350 707/271/348 
s 1
f 709/269/349 711/272/351 712/273/352 710/270/350 
s 2
f 711/272/351 713/274/353 714/275/353 712/273/352 
s 1
f 713/274/353 715/276/354 716/277/355 714/275/353 
s 2
f 715/276/354 717/278/356 718/279/356 716/277/355 
s 1
f 717/278/356 719/280/357 720/281/357 718/279/356 
s 2
f 719/280/357 705/264/346 708/267/346 720/281/357 
s 1
f 721/264/358 722/265/359 723/266/359 724/267/360 
s 2
f 722/268/359 725/269/361 726/270/361 723/271/359 
s 1
f 725/269/361 727/272/362 728/273/362 726/270/361 
s 2
f 727/272/362 729/274/363 730/275/364 728/273/362 
s 1
f 729/274/363 731/276/365 732/277/366 730/275/364 
s 2
f 731/276/365 733/278/367 734/279/367 732/277/366 
s 1
f 733/278/367 735/280/368 736/281/368 734/279/367 
s 2
f 735/280/368 721/264/358 724/267/360 736/281/368 
s 1
f 737/264/369 738/265/370 739/266/370 740/267/369 
s 2
f 738/268/370 741/269/371 742/270/371 739/271/370 
s 1
f 741/269/371 743/272/372 744/273/373 742/270/371 
s 2
f 743/272/372 745/274/374 746/275/374 744/273/373 
s 1
f 745/274/374 747/276/375 748/277/375 746/275/374 
s 2
f 747/276/375 749/278/376 750/279/376 748/277/375 
s 1
f 749/278/376 751/280/377 752/281/377 750/279/376 
s 2
f 751/280/377 737/264/369 740/267/369 752/281/377 
s 1
f 753/264/378 754/265/379 755/266/379 756/267/378 
s 2
f 754/268/379 757/269/380 758/270/380 755/271/379 
s 1
f 757/269/380 759/272/381 760/273/381 758/270/380 
s 2
f 759/272/381 761/274/382 762/275/382 760/273/381 
s 1
f 761/274/382 763/276/383 764/277/383 762/275/382 
s 2
f 763/276/383 765/278/384 766/279/384 764/277/383 
s 1
f 765/278/384 767/280/385 768/281/385 766/279/384 
s 2
f 767/280/385 753/264/378 756/267/378 768/281/385 
s 1
f 769/264/386 770/265/387 771/266/388 772/267/386 
s 2
f 770/268/387 773/269/389 774/270/389 771/271/388 
s 1
f 773/269/389 775/272/390 776/273/391 774/270/389 
s 2
f 775/272/390 777/274/392 778/275/392 776/273/391 
s 1
f 777/274/392 779/276/393 780/277/393 778/275/392 
s 2
f 779/276/393 781/278/394 782/279/395 780/277/393 
s 1
f 781/278/394 783/280/396 784/281/396 782/279/395 
s 2
f 783/280/396 769/264/386 772/267/386 784/281/396 
s 1
f 785/264/397 786/265/398 787/266/398 788/267/397 
s 2
f 786/268/398 789/269/399 790/270/399 787/271/398 
s 1
f 789/269/399 791/272/400 792/273/401 790/270/399 
s 2
f 791/272/400 793/274/402 794/275/402 792/273/401 
s 1
f 793/274/402 795/276/403 796/277/403 794/275/402 
s 2
f 795/276/403 797/278/404 798/279/404 796/277/403 
s 1
f 797/278/404 799/280/405 800/281/405 798/279/404 
s 2
f 799/280/405 785/264/397 788/267/397 800/281/405 
s 1
f 801/264/406 802/265/407 803/266/407 804/267/406 
s 2
f 802/268/407 805/269/408 806/270/408 803/271/407 
s 1
f 805/269/408 807/272/409 808/273/410 806/270/408 
s 2
f 807/272/409 809/274/411 810/275/411 808/273/410 
s 1
f 809/274/411 811/276/412 812/277/412 810/275/411 
s 2
f 811/276/412 813/278/413 814/279/413 812/277/412 
s 1
f 813/278/413 815/280/414 816/281/415 814/279/413 
s 2
f 815/280/414 801/264/406 804/267/406 816/281/415 
s 1
f 817/264/416 818/265/417 819/266/417 820/267/416 
s 2
f 818/268/417 821/269/418 822/270/419 819/271/417 
s 1
f 821/269/418 823/272/420 824/273/421 822/270/419 
s 2
f 823/272/420 825/274/422 826/275/423 824/273/421 
s 1
f 825/274/422 827/276/424 828/277/424 826/275/423 
s 2
f 827/276/424 829/278/425 830/279/425 828/277/424 
s 1
f 829/278/425 831/280/426 832/281/427 830/279/425 
s 2
f 831/280/426 817/264/416 820/267/416 832/281/427 
s 1
f 833/264/428 834/265/429 835/266/430 836/267/428 
s 2
f 834/268/429 837/269/431 838/270/431 835/271/430 
s 1
f 837/269/431 839/272/432 840/273/433 838/270/431 
s 2
f 839/272/432 841/274/434 842/275/434 840/273/433 
s 1
f 841/274/434 843/276/435 844/277/435 842/275/434 
s 2
f 843/276/435 845/278/436 846/279/436 844/277/435 
s 1
f 845/278/436 847/280/437 848/281/437 846/279/436 
s 2
f 847/280/437 833/264/428 836/267/428 848/281/437 
s 1
f 849/264/438 850/265/439 851/266/439 852/267/438 
s 2
f 850/268/439 853/269/440 854/270/441 851/271/439 
s 1
f 853/269/440 855/272/442 856/273/443 854/270/441 
s 2
f 855/272/442 857/274/444 858/275/444 856/273/443 
s 1
f 857/274/444 859/276/445 860/277/446 858/275/444 
s 2
f 859/276/445 861/278/447 862/279/447 860/277/446 
s 1
f 861/278/447 863/280/448 864/281/449 862/279/447 
s 2
f 863/280/448 849/264/438 852/267/438 864/281/449 
s 1
f 865/264/450 866/265/451 867/266/451 868/267/450 
s 2
f 866/268/451 869/269/452 870/270/452 867/271/451 
s 1
f 869/269/452 871/272/453 872/273/453 870/270/452 
s 2
f 871/272/453 873/274/454 874/275/454 872/273/453 
s 1
f 873/274/454 875/276/455 876/277/456 874/275/454 
s 2
f 875/276/455 877/278/457 878/279/458 876/277/456 
s 1
f 877/278/457 879/280/459 880/281/459 878/279/458 
s 2
f 879/280/459 865/264/450 868/267/450 880/281/459 
s 1
f 881/264/460 882/265/461 883/266/461 884/267/460 
s 2
f 882/268/461 885/269/462 886/270/462 883/271/461 
s 1
f 885/269/462 887/272/463 888/273/463 886/270/462 
s 2
f 887/272/463 889/274/464 890/275/464 888/273/463 
s 1
f 889/274/464 891/276/465 892/277/465 890/275/464 
s 2
f 891/276/465 893/278/466 894/279/466 892/277/465 
s 1
f 893/278/466 895/280/467 896/281/467 894/279/466 
s 2
f 895/280/467 881/264/460 884/267/460 896/281/467 
s 1
f 897/264/468 898/265/469 899/266/469 900/267/468 
s 2
f 898/268/469 901/269/470 902/270/470 899/271/469 
s 1
f 901/269/470 903/272/471 904/273/471 902/270/470 
s 2
f 903/272/471 905/274/472 906/275/472 904/273/471 
s 1
f 905/274/472 907/276/473 908/277/473 906/275/472 
s 2
f 907/276/473 909/278/474 910/279/475 908/277/473 
s 1
f 909/278/474 911/280/476 912/281/477 910/279/475 
s 2
f 911/280/476 897/264/468 900/267/468 912/281/477 
s 1
f 913/264/478 914/265/479 915/266/480 916/267/478 
s 2
f 914/268/479 917/269/481 918/270/481 915/271/480 
s 1
f 917/269/481 919/272/482 920/273/482 918/270/481 
s 2
f 919/272/482 921/274/483 922/275/484 920/273/482 
s 1
f 921/274/483 923/276/485 924/277/485 922/275/484 
s 2
f 923/276/485 925/278/486 926/279/486 924/277/485 
s 1
f 925/278/486 927/280/487 928/281/487 926/279/486 
s 2
f 927/280/487 913/264/478 916/267/478 928/281/487 
s 1
f 929/264/488 930/265/489 931/266/489 932/267/488 
s 2
f 930/268/489 933/269/490 934/270/491 931/271/489 
s 1
f 933/269/490 935/272/492 936/273/492 934/270/491 
s 2
f 935/272/492 937/274/493 938/275/493 936/273/492 
s 1
f 937/274/493 939/276/494 940/277/494 938/275/493 
s 2
f 939/276/494 941/278/495 942/279/495 940/277/494 
s 1
f 941/278/495 943/280/496 944/281/496 942/279/495 
s 2
f 943/280/496 929/264/488 932/267/488 944/281/496 
s 1
f 945/264/497 946/265/498 947/266/499 948/267/497 
s 2
f 946/268/498 949/269/500 950/270/500 947/271/499 
s 1
f 949/269/500 951/272/501 952/273/502 950/270/500 
s 2
f 951/272/501 953/274/503 954/275/503 952/273/502 
s 1
f 953/274/503 955/276/504 956/277/504 954/275/503 
s 2
f 955/276/504 957/278/505 958/279/505 956/277/504 
s 1
f 957/278/505 959/280/506 960/281/506 958/279/505 
s 2
f 959/280/506 945/264/497 948/267/497 960/281/506 
s 1
f 961/264/507 962/265/508 963/266/508 964/267/509 
s 2
f 962/268/508 965/269/510 966/270/511 963/271/508 
s 1
f 965/269/510 967/272/512 968/273/512 966/270/511 
s 2
f 967/272/512 969/274/513 970/275/513 968/273/512 
s 1
f 969/274/513 971/276/514 972/277/515 970/275/513 
s 2
f 971/276/514 973/278/516 974/279/516 972/277/515 
s 1
f 973/278/516 975/280/517 976/281/517 974/279/516 
s 2
f 975/280/517 961/264/507 964/267/509 976/281/517 
s 1
f 977/264/518 978/265/519 979/266/520 980/267/518 
s 2
f 978/268/519 981/269/521 982/270/521 979/271/520 
s 1
f 981/269/521 983/272/522 984/273/522 982/270/521 
s 2
f 983/272/522 985/274/523 986/275/523 984/273/522 
s 1
f 985/274/523 987/276/524 988/277/525 986/275/523 
s 2
f 987/276/524 989/278/526 990/279/526 988/277/525 
s 1
f 989/278/526 991/280/527 992/281/527 990/279/526 
s 2
f 991/280/527 977/264/518 980/267/518 992/281/527 
s 1
f 993/264/528 994/265/529 995/266/530 996/267/528 
s 2
f 994/268/529 997/269/531 998/270/532 995/271/530 
s 1
f 997/269/531 999/272/533 1000/273/534 998/270/532 
s 2
f 999/272/533 1001/274/535 1002/275/536 1000/273/534 
s 1
f 1001/274/535 1003/276/537 1004/277/537 1002/275/536 
s 2
f 1003/276/537 1005/278/538 1006/279/538 1004/277/537 
s 1
f 1005/278/538 1007/280/539 1008/281/539 1006/279/538 
s 2
f 1007/280/539 993/264/528 996/267/528 1008/281/539 
s 1
f 1009/264/540 1010/265/541 1011/266/542 1012/267/540 
s 2
f 1010/268/541 1013/269/543 1014/270/543 1011/271/542 
s 1
f 1013/269/543 1015/272/544 1016/273/545 1014/270/543 
s 2
f 1015/272/544 1017/274/546 1018/275/546 1016/273/545 
s 1
f 1017/274/546 1019/276/547 1020/277/547 1018/275/546 
s 2
f 1019/276/547 1021/278/548 1022/279/548 1020/277/547 
s 1
f 1021/278/548 1023/280/549 1024/281/549 1022/279/548 
s 2
f 1023/280/549 1009/264/540 1012/267/540 1024/281/549 
s 1
f 1025/264/550 1026/265/551 1027/266/552 1028/267/550 
s 2
f 1026/268/551 1029/269/553 1030/270/553 1027/271/552 
s 1
f 1029/269/553 1031/272/554 1032/273/554 1030/270/553 
s 2
f 1031/272/554 1033/274/555 1034/275/555 1032/273/554 
s 1
f 1033/274/555 1035/276/556 1036/277/556 1034/275/555 
s 2
f 1035/276/556 1037/278/557 1038/279/557 1036/277/556 
s 1
f 1037/278/557 1039/280/558 1040/281/558 1038/279/557 
s 2
f 1039/280/558 1025/264/550 1028/267/550 1040/281/558 
s 1
f 1041/264/559 1042/265/560 1043/266/560 1044/267/559 
s 2
f 1042/268/560 1045/269/561 1046/270/561 1043/271/560 
s 1
f 1045/269/561 1047/272/562 1048/273/562 1046/270/561 
s 2
f 1047/272/562 1049/274/563 1050/275/564 1048/273/562 
s 1
f 1049/274/563 1051/276/565 1052/277/565 1050/275/564 
s 2
f 1051/276/565 1053/278/566 1054/279/566 1052/277/565 
s 1
f 1053/278/566 1055/280/567 1056/281/567 1054/279/566 
s 2
f 1055/280/567 1041/264/559 1044/267/559 1056/281/567 
s 1
f 1057/264/568 1058/265/569 1059/266/569 1060/267/568 
s 2
f 1058/268/569 1061/269/570 1062/270/570 1059/271/569 
s 1
f 1061/269/570 1063/272/571 1064/273/572 1062/270/570 
s 2
f 1063/272/571 1065/274/573 1066/275/573 1064/273/572 
s 1
f 1065/274/573 1067/276/574 1068/277/574 1066/275/573 
s 2
f 1067/276/574 1069/278/575 1070/279/576 1068/277/574 
s 1
f 1069/278/575 1071/280/577 1072/281/578 1070/279/576 
s 2
f 1071/280/577 1057/264/568 1060/267/568 1072/281/578 
s 1
f 1073/264/579 1074/265/580 1075/266/580 1076/267/579 
s 2
f 1074/268/580 1077/269/581 1078/270/582 1075/271/580 
s 1
f 1077/269/581 1079/272/583 1080/273/583 1078/270/582 
s 2
f 1079/272/583 1081/274/584 1082/275/585 1080/273/583 
s 1
f 1081/274/584 1083/276/586 1084/277/586 1082/275/585 
s 2
f 1083/276/586 1085/278/587 1086/279/587 1084/277/586 
s 1
f 1085/278/587 1087/280/588 1088/281/589 1086/279/587 
s 2
f 1087/280/588 1073/264/579 1076/267/579 1088/281/589 
s 1
f 1089/264/590 1090/265/591 1091/266/592 1092/267/590 
s 2
f 1090/268/591 1093/269/593 1094/270/594 1091/271/592 
s 1
f 1093/269/593 1095/272/595 1096/273/595 1094/270/594 
s 2
f 1095/272/595 1097/274/596 1098/275/597 1096/273/595 
s 1
f 1097/274/596 1099/276/598 1100/277/598 1098/275/597 
s 2
f 1099/276/598 1101/278/599 1102/279/599 1100/277/598 
s 1
f 1101/278/599 1103/280/600 1104/281/600 1102/279/599 
s 2
f 1103/280/600 1089/264/590 1092/267/590 1104/281/600 
s 1
f 1105/264/601 1106/265/602 1107/266/602 1108/267/601 
s 2
f 1106/268/602 1109/269/603 1110/270/603 1107/271/602 
s 1
f 1109/269/603 1111/272/604 1112/273/604 1110/270/603 
s 2
f 1111/272/604 1113/274/605 1114/275/605 1112/273/604 
s 1
f 1113/274/605 1115/276/606 1116/277/607 1114/275/605 
s 2
f 1115/276/606 1117/278/608 1118/279/609 1116/277/607 
s 1
f 1117/278/608 1119/280/610 1120/281/610 1118/279/609 
s 2
f 1119/280/610 1105/264/601 1108/267/601 1120/281/610 
s 1
f 1121/264/611 1122/265/612 1123/266/613 1124/267/611 
s 2
f 1122/268/612 1125/269/614 1126/270/615 1123/271/613 
s 1
f 1125/269/614 1127/272/616 1128/273/616 1126/270/615 
s 2
f 1127/272/616 1129/274/617 1130/275/617 1128/273/616 
s 1
f 1129/274/617 1131/276/618 1132/277/619 1130/275/617 
s 2
f 1131/276/618 1133/278/620 1134/279/621 1132/277/619 
s 1
f 1133/278/620 1135/280/622 1136/281/622 1134/279/621 
s 2
f 1135/280/622 1121/264/611 1124/267/611 1136/281/622 
s 1
f 1137/264/623 1138/265/624 1139/266/625 1140/267/623 
s 2
f 1138/268/624 1141/269/626 1142/270/627 1139/271/625 
s 1
f 1141/269/626 1143/272/628 1144/273/628 1142/270/627 
s 2
f 1143/272/628 1145/274/629 1146/275/629 1144/273/628 
s 1
f 1145/274/629 1147/276/630 1148/277/631 1146/275/629 
s 2
f 1147/276/630 1149/278/632 1150/279/632 1148/277/631 
s 1
f 1149/278/632 1151/280/633 1152/281/633 1150/279/632 
s 2
f 1151/280/633 1137/264/623 1140/267/623 1152/281/633 
s 1
f 1153/264/634 1154/265/635 1155/266/636 1156/267/634 
s 2
f 1154/268/635 1157/269/637 1158/270/638 1155/271/636 
s 1
f 1157/269/637 1159/272/639 1160/273/640 1158/270/638 
s 2
f 1159/272/639 1161/274/641 1162/275/641 1160/273/640 
s 1
f 1161/274/641 1163/276/642 1164/277/642 1162/275/641 
s 2
f 1163/276/642 1165/278/643 1166/279/643 1164/277/642 
s 1
f 1165/278/643 1167/280/644 1168/281/644 1166/279/643 
s 2
f 1167/280/644 1153/264/634 1156/267/634 1168/281/644 
s 1
f 1169/264/645 1170/265/646 1171/266/647 1172/267/645 
s 2
f 1170/268/646 1173/269/648 1174/270/649 1171/271/647 
s 1
f 1173/269/648 1175/272/650 1176/273/650 1174/270/649 
s 2
f 1175/272/650 1177/274/651 1178/275/651 1176/273/650 
s 1
f 1177/274/651 1179/276/652 1180/277/652 1178/275/651 
s 2
f 1179/276/652 1181/278/653 1182/279/654 1180/277/652 
s 1
f 1181/278/653 1183/280/655 1184/281/655 1182/279/654 
s 2
f 1183/280/655 1169/264/645 1172/267/645 1184/281/655 
s 1
f 1185/264/656 1186/265/657 1187/266/657 1188/267/658 
s 2
f 1186/268/657 1189/269/659 1190/270/660 1187/271/657 
s 1
f 1189/269/659 1191/272/661 1192/273/661 1190/270/660 
s 2
f 1191/272/661 1193/274/662 1194/275/662 1192/273/661 
s 1
f 1193/274/662 1195/276/663 1196/277/663 1194/275/662 
s 2
f 1195/276/663 1197/278/664 1198/279/664 1196/277/663 
s 1
f 1197/278/664 1199/280/665 1200/281/665 1198/279/664 
s 2
f 1199/280/665 1185/264/656 1188/267/658 1200/281/665 
s 1
f 1201/264/666 1202/265/667 1203/266/667 1204/267/666 
s 2
f 1202/268/667 1205/269/668 1206/270/668 1203/271/667 
s 1
f 1205/269/668 1207/272/669 1208/273/669 1206/270/668 
s 2
f 1207/272/669 1209/274/670 1210/275/671 1208/273/669 
s 1
f 1209/274/670 1211/276/672 1212/277/672 1210/275/671 
s 2
f 1211/276/672 1213/278/673 1214/279/674 1212/277/672 
s 1
f 1213/278/673 1215/280/675 1216/281/675 1214/279/674 
s 2
f 1215/280/675 1201/264/666 1204/267/666 1216/281/675 
s 1
f 1217/264/225 1218/265/227 1219/266/227 1220/267/225 
s 2
f 1218/268/227 1221/269/676 1222/270/676 1219/271/227 
s 1
f 1221/269/676 1223/272/230 1224/273/230 1222/270/676 
s 2
f 1223/272/230 1225/274/677 1226/275/677 1224/273/230 
s 1
f 1225/274/677 1227/276/678 1228/277/678 1226/275/677 
s 2
f 1227/276/678 1229/278/679 1230/279/680 1228/277/678 
s 1
f 1229/278/679 1231/280/681 1232/281/681 1230/279/680 
s 2
f 1231/280/681 1217/264/225 1220/267/225 1232/281/681 
s 1
f 1233/264/682 1234/265/683 1235/266/683 1236/267/682 
s 2
f 1234/268/683 1237/269/684 1238/270/684 1235/271/683 
s 1
f 1237/269/684 1239/272/685 1240/273/685 1238/270/684 
s 2
f 1239/272/685 1241/274/686 1242/275/686 1240/273/685 
s 1
f 1241/274/686 1243/276/233 1244/277/233 1242/275/686 
s 2
f 1243/276/233 1245/278/687 1246/279/687 1244/277/233 
s 1
f 1245/278/687 1247/280/688 1248/281/236 1246/279/687 
s 2
f 1247/280/688 1233/264/682 1236/267/682 1248/281/236 
s 1
f 1249/264/689 1250/265/248 1251/266/248 1252/267/689 
s 2
f 1250/268/248 1253/269/690 1254/270/690 1251/271/248 
s 1
f 1253/269/690 1255/272/250 1256/273/691 1254/270/690 
s 2
f 1255/272/250 1257/274/243 1258/275/243 1256/273/691 
s 1
f 1257/274/243 1259/276/692 1260/277/244 1258/275/243 
s 2
f 1259/276/692 1261/278/693 1262/279/693 1260/277/244 
s 1
f 1261/278/693 1263/280/694 1264/281/694 1262/279/693 
s 2
f 1263/280/694 1249/264/689 1252/267/689 1264/281/694 
s 1
f 1265/264/695 1266/265/696 1267/266/696 1268/267/697 
s 2
f 1266/268/696 1269/269/259 1270/270/698 1267/271/696 
s 1
f 1269/269/259 1271/272/699 1272/273/699 1270/270/698 
s 2
f 1271/272/699 1273/274/700 1274/275/253 1272/273/699 
s 1
f 1273/274/700 1275/276/701 1276/277/701 1274/275/253 
s 2
f 1275/276/701 1277/278/702 1278/279/703 1276/277/701 
s 1
f 1277/278/702 1279/280/704 1280/281/705 1278/279/703 
s 2
f 1279/280/704 1265/264/695 1268/267/697 1280/281/705 
s 1
f 1281/264/706 1282/265/707 1283/266/270 1284/267/706 
s 2
f 1282/268/707 1285/269/708 1286/270/709 1283/271/270 
s 1
f 1285/269/708 1287/272/710 1288/273/710 1286/270/709 
s 2
f 1287/272/710 1289/274/711 1290/275/711 1288/273/710 
s 1
f 1289/274/711 1291/276/712 1292/277/712 1290/275/711 
s 2
f 1291/276/712 1293/278/713 1294/279/714 1292/277/712 
s 1
f 1293/278/713 1295/280/715 1296/281/715 1294/279/714 
s 2
f 1295/280/715 1281/264/706 1284/267/706 1296/281/715 
s 1
f 1297/264/280 1298/265/282 1299/266/281 1300/267/280 
s 2
f 1298/268/282 1301/269/716 1302/270/716 1299/271/281 
s 1
f 1301/269/716 1303/272/717 1304/273/717 1302/270/716 
s 2
f 1303/272/717 1305/274/274 1306/275/274 1304/273/717 
s 1
f 1305/274/274 1307/276/718 1308/277/718 1306/275/274 
s 2
f 1307/276/718 1309/278/719 1310/279/719 1308/277/718 
s 1
f 1309/278/719 1311/280/720 1312/281/720 1310/279/719 
s 2
f 1311/280/720 1297/264/280 1300/267/280 1312/281/720 
s 1
f 1313/264/290 1314/265/721 1315/266/721 1316/267/290 
s 2
f 1314/268/721 1317/269/722 1318/270/722 1315/271/721 
s 1
f 1317/269/722 1319/272/293 1320/273/293 1318/270/722 
s 2
f 1319/272/293 1321/274/286 1322/275/723 1320/273/293 
s 1
f 1321/274/286 1323/276/724 1324/277/725 1322/275/723 
s 2
f 1323/276/724 1325/278/726 1326/279/726 1324/277/725 
s 1
f 1325/278/726 1327/280/289 1328/281/289 1326/279/726 
s 2
f 1327/280/289 1313/264/290 1316/267/290 1328/281/289 
s 1
f 1329/264/298 1330/265/299 1331/266/299 1332/267/298 
s 2
f 1330/268/299 1333/269/727 1334/270/728 1331/271/299 
s 1
f 1333/269/727 1335/272/729 1336/273/729 1334/270/728 
s 2
f 1335/272/729 1337/274/730 1338/275/730 1336/273/729 
s 1
f 1337/274/730 1339/276/731 1340/277/295 1338/275/730 
s 2
f 1339/276/731 1341/278/732 1342/279/733 1340/277/295 
s 1
f 1341/278/732 1343/280/734 1344/281/734 1342/279/733 
s 2
f 1343/280/734 1329/264/298 1332/267/298 1344/281/734 
s 1
f 1345/264/735 1346/265/736 1347/266/736 1348/267/310 
s 2
f 1346/268/736 1349/269/737 1350/270/737 1347/271/736 
s 1
f 1349/269/737 1351/272/738 1352/273/738 1350/270/737 
s 2
f 1351/272/738 1353/274/305 1354/275/305 1352/273/738 
s 1
f 1353/274/305 1355/276/304 1356/277/739 1354/275/305 
s 2
f 1355/276/304 1357/278/740 1358/279/741 1356/277/739 
s 1
f 1357/278/740 1359/280/307 1360/281/307 1358/279/741 
s 2
f 1359/280/307 1345/264/735 1348/267/310 1360/281/307 
s 1
f 1361/264/742 1362/265/743 1363/266/743 1364/267/320 
s 2
f 1362/268/743 1365/269/744 1366/270/744 1363/271/743 
s 1
f 1365/269/744 1367/272/323 1368/273/745 1366/270/744 
s 2
f 1367/272/323 1369/274/746 1370/275/746 1368/273/745 
s 1
f 1369/274/746 1371/276/316 1372/277/317 1370/275/746 
s 2
f 1371/276/316 1373/278/318 1374/279/318 1372/277/317 
s 1
f 1373/278/318 1375/280/319 1376/281/319 1374/279/318 
s 2
f 1375/280/319 1361/264/742 1364/267/320 1376/281/319 
s 1
f 1377/264/747 1378/265/333 1379/266/333 1380/267/747 
s 2
f 1378/268/333 1381/269/748 1382/270/334 1379/271/333 
s 1
f 1381/269/748 1383/272/749 1384/273/749 1382/270/334 
s 2
f 1383/272/749 1385/274/750 1386/275/750 1384/273/749 
s 1
f 1385/274/750 1387/276/325 1388/277/325 1386/275/750 
s 2
f 1387/276/325 1389/278/751 1390/279/751 1388/277/325 
s 1
f 1389/278/751 1391/280/329 1392/281/329 1390/279/751 
s 2
f 1391/280/329 1377/264/747 1380/267/747 1392/281/329 
s 1
f 1393/264/342 1394/265/752 1395/266/752 1396/267/342 
s 2
f 1394/268/752 1397/269/753 1398/270/753 1395/271/752 
s 1
f 1397/269/753 1399/272/754 1400/273/754 1398/270/753 
s 2
f 1399/272/754 1401/274/755 1402/275/755 1400/273/754 
s 1
f 1401/274/755 1403/276/756 1404/277/757 1402/275/755 
s 2
f 1403/276/756 1405/278/758 1406/279/758 1404/277/757 
s 1
f 1405/278/758 1407/280/759 1408/281/759 1406/279/758 
s 2
f 1407/280/759 1393/264/342 1396/267/342 1408/281/759 
s 1
f 1409/264/353 1410/265/354 1411/266/354 1412/267/353 
s 2
f 1410/268/354 1413/269/356 1414/270/356 1411/271/354 
s 1
f 1413/269/356 1415/272/357 1416/273/357 1414/270/356 
s 2
f 1415/272/357 1417/274/760 1418/275/346 1416/273/357 
s 1
f 1417/274/760 1419/276/347 1420/277/347 1418/275/346 
s 2
f 1419/276/347 1421/278/761 1422/279/761 1420/277/347 
s 1
f 1421/278/761 1423/280/762 1424/281/762 1422/279/761 
s 2
f 1423/280/762 1409/264/353 1412/267/353 1424/281/762 
s 1
f 1425/264/763 1426/265/764 1427/266/764 1428/267/763 
s 2
f 1426/268/764 1429/269/367 1430/270/765 1427/271/764 
s 1
f 1429/269/367 1431/272/368 1432/273/368 1430/270/765 
s 2
f 1431/272/368 1433/274/360 1434/275/360 1432/273/368 
s 1
f 1433/274/360 1435/276/766 1436/277/767 1434/275/360 
s 2
f 1435/276/766 1437/278/768 1438/279/361 1436/277/767 
s 1
f 1437/278/768 1439/280/362 1440/281/769 1438/279/361 
s 2
f 1439/280/362 1425/264/763 1428/267/763 1440/281/769 
s 1
f 1441/264/770 1442/265/771 1443/266/375 1444/267/374 
s 2
f 1442/268/771 1445/269/772 1446/270/772 1443/271/375 
s 1
f 1445/269/772 1447/272/773 1448/273/774 1446/270/772 
s 2
f 1447/272/773 1449/274/775 1450/275/369 1448/273/774 
s 1
f 1449/274/775 1451/276/776 1452/277/776 1450/275/369 
s 2
f 1451/276/776 1453/278/371 1454/279/371 1452/277/776 
s 1
f 1453/278/371 1455/280/372 1456/281/372 1454/279/371 
s 2
f 1455/280/372 1441/264/770 1444/267/374 1456/281/372 
s 1
f 1457/264/382 1458/265/777 1459/266/777 1460/267/382 
s 2
f 1458/268/777 1461/269/384 1462/270/384 1459/271/777 
s 1
f 1461/269/384 1463/272/385 1464/273/778 1462/270/384 
s 2
f 1463/272/385 1465/274/779 1466/275/779 1464/273/778 
s 1
f 1465/274/779 1467/276/379 1468/277/379 1466/275/779 
s 2
f 1467/276/379 1469/278/780 1470/279/780 1468/277/379 
s 1
f 1469/278/780 1471/280/381 1472/281/381 1470/279/780 
s 2
f 1471/280/381 1457/264/382 1460/267/382 1472/281/381 
s 1
f 1473/264/392 1474/265/781 1475/266/781 1476/267/392 
s 2
f 1474/268/781 1477/269/395 1478/270/394 1475/271/781 
s 1
f 1477/269/395 1479/272/782 1480/273/783 1478/270/394 
s 2
f 1479/272/782 1481/274/784 1482/275/386 1480/273/783 
s 1
f 1481/274/784 1483/276/387 1484/277/387 1482/275/386 
s 2
f 1483/276/387 1485/278/785 1486/279/785 1484/277/387 
s 1
f 1485/278/785 1487/280/390 1488/281/390 1486/279/785 
s 2
f 1487/280/390 1473/264/392 1476/267/392 1488/281/390 
s 1
f 1489/264/786 1490/265/787 1491/266/788 1492/267/786 
s 2
f 1490/268/787 1493/269/789 1494/270/789 1491/271/788 
s 1
f 1493/269/789 1495/272/790 1496/273/791 1494/270/789 
s 2
f 1495/272/790 1497/274/792 1498/275/397 1496/273/791 
s 1
f 1497/274/792 1499/276/793 1500/277/793 1498/275/397 
s 2
f 1499/276/793 1501/278/794 1502/279/794 1500/277/793 
s 1
f 1501/278/794 1503/280/401 1504/281/401 1502/279/794 
s 2
f 1503/280/401 1489/264/786 1492/267/786 1504/281/401 
s 1
f 1505/264/795 1506/265/796 1507/266/796 1508/267/795 
s 2
f 1506/268/796 1509/269/413 1510/270/797 1507/271/796 
s 1
f 1509/269/413 1511/272/798 1512/273/415 1510/270/797 
s 2
f 1511/272/798 1513/274/799 1514/275/800 1512/273/415 
s 1
f 1513/274/799 1515/276/407 1516/277/407 1514/275/800 
s 2
f 1515/276/407 1517/278/801 1518/279/801 1516/277/407 
s 1
f 1517/278/801 1519/280/409 1520/281/409 1518/279/801 
s 2
f 1519/280/409 1505/264/795 1508/267/795 1520/281/409 
s 1
f 1521/264/422 1522/265/424 1523/266/424 1524/267/422 
s 2
f 1522/268/424 1525/269/425 1526/270/425 1523/271/424 
s 1
f 1525/269/425 1527/272/427 1528/273/427 1526/270/425 
s 2
f 1527/272/427 1529/274/416 1530/275/416 1528/273/427 
s 1
f 1529/274/416 1531/276/417 1532/277/417 1530/275/416 
s 2
f 1531/276/417 1533/278/419 1534/279/802 1532/277/417 
s 1
f 1533/278/419 1535/280/803 1536/281/803 1534/279/802 
s 2
f 1535/280/803 1521/264/422 1524/267/422 1536/281/803 
s 1
f 1537/264/215 1538/265/804 1539/266/805 1540/267/216 
s 2
f 1538/268/804 1541/269/806 1542/270/218 1539/271/805 
s 1
f 1541/269/806 1543/272/807 1544/273/808 1542/270/218 
s 2
f 1543/272/807 1545/274/809 1546/275/810 1544/273/808 
s 1
f 1545/274/809 1547/276/811 1548/277/811 1546/275/810 
s 2
f 1547/276/811 1549/278/212 1550/279/812 1548/277/811 
s 1
f 1549/278/212 1551/280/813 1552/281/813 1550/279/812 
s 2
f 1551/280/813 1537/264/215 1540/267/216 1552/281/813 
s 1
f 1553/264/434 1554/265/435 1555/266/814 1556/267/434 
s 2
f 1554/268/435 1557/269/436 1558/270/436 1555/271/814 
s 1
f 1557/269/436 1559/272/815 1560/273/815 1558/270/436 
s 2
f 1559/272/815 1561/274/428 1562/275/816 1560/273/815 
s 1
f 1561/274/428 1563/276/817 1564/277/817 1562/275/816 
s 2
f 1563/276/817 1565/278/431 1566/279/431 1564/277/817 
s 1
f 1565/278/431 1567/280/818 1568/281/818 1566/279/431 
s 2
f 1567/280/818 1553/264/434 1556/267/434 1568/281/818 
s 1
f 1569/264/444 1570/265/446 1571/266/446 1572/267/444 
s 2
f 1570/268/446 1573/269/447 1574/270/447 1571/271/446 
s 1
f 1573/269/447 1575/272/448 1576/273/448 1574/270/447 
s 2
f 1575/272/448 1577/274/438 1578/275/819 1576/273/448 
s 1
f 1577/274/438 1579/276/820 1580/277/820 1578/275/819 
s 2
f 1579/276/820 1581/278/440 1582/279/440 1580/277/820 
s 1
f 1581/278/440 1583/280/821 1584/281/821 1582/279/440 
s 2
f 1583/280/821 1569/264/444 1572/267/444 1584/281/821 
s 1
f 1585/264/454 1586/265/455 1587/266/456 1588/267/454 
s 2
f 1586/268/455 1589/269/822 1590/270/457 1587/271/456 
s 1
f 1589/269/822 1591/272/459 1592/273/459 1590/270/457 
s 2
f 1591/272/459 1593/274/823 1594/275/450 1592/273/459 
s 1
f 1593/274/823 1595/276/824 1596/277/824 1594/275/450 
s 2
f 1595/276/824 1597/278/825 1598/279/826 1596/277/824 
s 1
f 1597/278/825 1599/280/827 1600/281/827 1598/279/826 
s 2
f 1599/280/827 1585/264/454 1588/267/454 1600/281/827 
s 1
f 1601/264/464 1602/265/465 1603/266/828 1604/267/464 
s 2
f 1602/268/465 1605/269/466 1606/270/466 1603/271/828 
s 1
f 1605/269/466 1607/272/829 1608/273/830 1606/270/466 
s 2
f 1607/272/829 1609/274/460 1610/275/460 1608/273/830 
s 1
f 1609/274/460 1611/276/831 1612/277/831 1610/275/460 
s 2
f 1611/276/831 1613/278/462 1614/279/462 1612/277/831 
s 1
f 1613/278/462 1615/280/832 1616/281/833 1614/279/462 
s 2
f 1615/280/832 1601/264/464 1604/267/464 1616/281/833 
s 1
f 1617/264/834 1618/265/835 1619/266/835 1620/267/834 
s 2
f 1618/268/835 1621/269/836 1622/270/836 1619/271/835 
s 1
f 1621/269/836 1623/272/837 1624/273/837 1622/270/836 
s 2
f 1623/272/837 1625/274/468 1626/275/468 1624/273/837 
s 1
f 1625/274/468 1627/276/838 1628/277/838 1626/275/468 
s 2
f 1627/276/838 1629/278/839 1630/279/839 1628/277/838 
s 1
f 1629/278/839 1631/280/840 1632/281/840 1630/279/839 
s 2
f 1631/280/840 1617/264/834 1620/267/834 1632/281/840 
s 1
f 1633/264/483 1634/265/485 1635/266/485 1636/267/483 
s 2
f 1634/268/485 1637/269/486 1638/270/841 1635/271/485 
s 1
f 1637/269/486 1639/272/487 1640/273/487 1638/270/841 
s 2
f 1639/272/487 1641/274/478 1642/275/842 1640/273/487 
s 1
f 1641/274/478 1643/276/480 1644/277/480 1642/275/842 
s 2
f 1643/276/480 1645/278/843 1646/279/844 1644/277/480 
s 1
f 1645/278/843 1647/280/845 1648/281/845 1646/279/844 
s 2
f 1647/280/845 1633/264/483 1636/267/483 1648/281/845 
s 1
f 1649/264/846 1650/265/494 1651/266/847 1652/267/846 
s 2
f 1650/268/494 1653/269/495 1654/270/495 1651/271/847 
s 1
f 1653/269/495 1655/272/496 1656/273/496 1654/270/495 
s 2
f 1655/272/496 1657/274/488 1658/275/488 1656/273/496 
s 1
f 1657/274/488 1659/276/489 1660/277/489 1658/275/488 
s 2
f 1659/276/489 1661/278/848 1662/279/848 1660/277/489 
s 1
f 1661/278/848 1663/280/849 1664/281/850 1662/279/848 
s 2
f 1663/280/849 1649/264/846 1652/267/846 1664/281/850 
s 1
f 1665/264/851 1666/265/852 1667/266/853 1668/267/851 
s 2
f 1666/268/852 1669/269/854 1670/270/854 1667/271/853 
s 1
f 1669/269/854 1671/272/855 1672/273/855 1670/270/854 
s 2
f 1671/272/855 1673/274/497 1674/275/497 1672/273/855 
s 1
f 1673/274/497 1675/276/498 1676/277/498 1674/275/497 
s 2
f 1675/276/498 1677/278/500 1678/279/500 1676/277/498 
s 1
f 1677/278/500 1679/280/501 1680/281/501 1678/279/500 
s 2
f 1679/280/501 1665/264/851 1668/267/851 1680/281/501 
s 1
f 1681/264/513 1682/265/514 1683/266/514 1684/267/513 
s 2
f 1682/268/514 1685/269/516 1686/270/516 1683/271/514 
s 1
f 1685/269/516 1687/272/856 1688/273/856 1686/270/516 
s 2
f 1687/272/856 1689/274/509 1690/275/509 1688/273/856 
s 1
f 1689/274/509 1691/276/508 1692/277/508 1690/275/509 
s 2
f 1691/276/508 1693/278/510 1694/279/511 1692/277/508 
s 1
f 1693/278/510 1695/280/512 1696/281/512 1694/279/511 
s 2
f 1695/280/512 1681/264/513 1684/267/513 1696/281/512 
s 1
f 1697/264/523 1698/265/525 1699/266/525 1700/267/523 
s 2
f 1698/268/525 1701/269/857 1702/270/857 1699/271/525 
s 1
f 1701/269/857 1703/272/527 1704/273/858 1702/270/857 
s 2
f 1703/272/527 1705/274/518 1706/275/859 1704/273/858 
s 1
f 1705/274/518 1707/276/520 1708/277/520 1706/275/859 
s 2
f 1707/276/520 1709/278/860 1710/279/860 1708/277/520 
s 1
f 1709/278/860 1711/280/861 1712/281/861 1710/279/860 
s 2
f 1711/280/861 1697/264/523 1700/267/523 1712/281/861 
s 1
f 1713/264/535 1714/265/537 1715/266/537 1716/267/535 
s 2
f 1714/268/537 1717/269/862 1718/270/862 1715/271/537 
s 1
f 1717/269/862 1719/272/539 1720/273/539 1718/270/862 
s 2
f 1719/272/539 1721/274/528 1722/275/863 1720/273/539 
s 1
f 1721/274/528 1723/276/529 1724/277/864 1722/275/863 
s 2
f 1723/276/529 1725/278/865 1726/279/865 1724/277/864 
s 1
f 1725/278/865 1727/280/866 1728/281/866 1726/279/865 
s 2
f 1727/280/866 1713/264/535 1716/267/535 1728/281/866 
s 1
f 1729/264/867 1730/265/547 1731/266/547 1732/267/867 
s 2
f 1730/268/547 1733/269/868 1734/270/868 1731/271/547 
s 1
f 1733/269/868 1735/272/869 1736/273/549 1734/270/868 
s 2
f 1735/272/869 1737/274/540 1738/275/540 1736/273/549 
s 1
f 1737/274/540 1739/276/541 1740/277/541 1738/275/540 
s 2
f 1739/276/541 1741/278/870 1742/279/870 1740/277/541 
s 1
f 1741/278/870 1743/280/544 1744/281/544 1742/279/870 
s 2
f 1743/280/544 1729/264/867 1732/267/867 1744/281/544 
s 1
f 1745/264/555 1746/265/556 1747/266/871 1748/267/555 
s 2
f 1746/268/556 1749/269/557 1750/270/872 1747/271/871 
s 1
f 1749/269/557 1751/272/558 1752/273/558 1750/270/872 
s 2
f 1751/272/558 1753/274/550 1754/275/550 1752/273/558 
s 1
f 1753/274/550 1755/276/873 1756/277/551 1754/275/550 
s 2
f 1755/276/873 1757/278/874 1758/279/874 1756/277/551 
s 1
f 1757/278/874 1759/280/554 1760/281/554 1758/279/874 
s 2
f 1759/280/554 1745/264/555 1748/267/555 1760/281/554 
s 1
f 1761/264/563 1762/265/875 1763/266/876 1764/267/564 
s 2
f 1762/268/875 1765/269/877 1766/270/878 1763/271/876 
s 1
f 1765/269/877 1767/272/567 1768/273/567 1766/270/878 
s 2
f 1767/272/567 1769/274/559 1770/275/559 1768/273/567 
s 1
f 1769/274/559 1771/276/879 1772/277/880 1770/275/559 
s 2
f 1771/276/879 1773/278/561 1774/279/881 1772/277/880 
s 1
f 1773/278/561 1775/280/562 1776/281/882 1774/279/881 
s 2
f 1775/280/562 1761/264/563 1764/267/564 1776/281/882 
s 1
f 1777/264/883 1778/265/574 1779/266/884 1780/267/883 
s 2
f 1778/268/574 1781/269/576 1782/270/885 1779/271/884 
s 1
f 1781/269/576 1783/272/886 1784/273/887 1782/270/885 
s 2
f 1783/272/886 1785/274/568 1786/275/568 1784/273/887 
s 1
f 1785/274/568 1787/276/888 1788/277/888 1786/275/568 
s 2
f 1787/276/888 1789/278/889 1790/279/889 1788/277/888 
s 1
f 1789/278/889 1791/280/890 1792/281/890 1790/279/889 
s 2
f 1791/280/890 1777/264/883 1780/267/883 1792/281/890 
s 1
f 1793/264/584 1794/265/891 1795/266/891 1796/267/584 
s 2
f 1794/268/891 1797/269/892 1798/270/892 1795/271/891 
s 1
f 1797/269/892 1799/272/588 1800/273/893 1798/270/892 
s 2
f 1799/272/588 1801/274/894 1802/275/579 1800/273/893 
s 1
f 1801/274/894 1803/276/895 1804/277/896 1802/275/579 
s 2
f 1803/276/895 1805/278/897 1806/279/581 1804/277/896 
s 1
f 1805/278/897 1807/280/898 1808/281/899 1806/279/581 
s 2
f 1807/280/898 1793/264/584 1796/267/584 1808/281/899 
s 1
f 1809/264/596 1810/265/900 1811/266/900 1812/267/596 
s 2
f 1810/268/900 1813/269/901 1814/270/902 1811/271/900 
s 1
f 1813/269/901 1815/272/903 1816/273/903 1814/270/902 
s 2
f 1815/272/903 1817/274/904 1818/275/905 1816/273/903 
s 1
f 1817/274/904 1819/276/906 1820/277/906 1818/275/905 
s 2
f 1819/276/906 1821/278/907 1822/279/907 1820/277/906 
s 1
f 1821/278/907 1823/280/595 1824/281/595 1822/279/907 
s 2
f 1823/280/595 1809/264/596 1812/267/596 1824/281/595 
s 1
f 1825/264/908 1826/265/909 1827/266/909 1828/267/605 
s 2
f 1826/268/909 1829/269/910 1830/270/910 1827/271/909 
s 1
f 1829/269/910 1831/272/911 1832/273/911 1830/270/910 
s 2
f 1831/272/911 1833/274/912 1834/275/912 1832/273/911 
s 1
f 1833/274/912 1835/276/913 1836/277/913 1834/275/912 
s 2
f 1835/276/913 1837/278/914 1838/279/914 1836/277/913 
s 1
f 1837/278/914 1839/280/915 1840/281/915 1838/279/914 
s 2
f 1839/280/915 1825/264/908 1828/267/605 1840/281/915 
s 1
f 1841/264/916 1842/265/917 1843/266/619 1844/267/918 
s 2
f 1842/268/917 1845/269/621 1846/270/919 1843/271/619 
s 1
f 1845/269/621 1847/272/920 1848/273/920 1846/270/919 
s 2
f 1847/272/920 1849/274/921 1850/275/921 1848/273/920 
s 1
f 1849/274/921 1851/276/613 1852/277/613 1850/275/921 
s 2
f 1851/276/613 1853/278/614 1854/279/922 1852/277/613 
s 1
f 1853/278/614 1855/280/616 1856/281/616 1854/279/922 
s 2
f 1855/280/616 1841/264/916 1844/267/918 1856/281/616 
s 1
f 1857/264/629 1858/265/923 1859/266/923 1860/267/629 
s 2
f 1858/268/923 1861/269/632 1862/270/632 1859/271/923 
s 1
f 1861/269/632 1863/272/633 1864/273/633 1862/270/632 
s 2
f 1863/272/633 1865/274/924 1866/275/924 1864/273/633 
s 1
f 1865/274/924 1867/276/625 1868/277/925 1866/275/924 
s 2
f 1867/276/625 1869/278/926 1870/279/926 1868/277/925 
s 1
f 1869/278/926 1871/280/628 1872/281/628 1870/279/926 
s 2
f 1871/280/628 1857/264/629 1860/267/629 1872/281/628 
s 1
f 1873/264/641 1874/265/642 1875/266/642 1876/267/641 
s 2
f 1874/268/642 1877/269/643 1878/270/643 1875/271/642 
s 1
f 1877/269/643 1879/272/644 1880/273/644 1878/270/643 
s 2
f 1879/272/644 1881/274/634 1882/275/634 1880/273/644 
s 1
f 1881/274/634 1883/276/635 1884/277/635 1882/275/634 
s 2
f 1883/276/635 1885/278/638 1886/279/638 1884/277/635 
s 1
f 1885/278/638 1887/280/640 1888/281/640 1886/279/638 
s 2
f 1887/280/640 1873/264/641 1876/267/641 1888/281/640 
s 1
f 1889/264/927 1890/265/928 1891/266/928 1892/267/927 
s 2
f 1890/268/928 1893/269/653 1894/270/653 1891/271/928 
s 1
f 1893/269/653 1895/272/655 1896/273/655 1894/270/653 
s 2
f 1895/272/655 1897/274/929 1898/275/645 1896/273/655 
s 1
f 1897/274/929 1899/276/930 1900/277/930 1898/275/645 
s 2
f 1899/276/930 1901/278/931 1902/279/931 1900/277/930 
s 1
f 1901/278/931 1903/280/932 1904/281/932 1902/279/931 
s 2
f 1903/280/932 1889/264/927 1892/267/927 1904/281/932 
s 1
f 1905/264/662 1906/265/933 1907/266/933 1908/267/662 
s 2
f 1906/268/933 1909/269/934 1910/270/934 1907/271/933 
s 1
f 1909/269/934 1911/272/935 1912/273/935 1910/270/934 
s 2
f 1911/272/935 1913/274/936 1914/275/658 1912/273/935 
s 1
f 1913/274/936 1915/276/937 1916/277/938 1914/275/658 
s 2
f 1915/276/937 1917/278/939 1918/279/940 1916/277/938 
s 1
f 1917/278/939 1919/280/941 1920/281/661 1918/279/940 
s 2
f 1919/280/941 1905/264/662 1908/267/662 1920/281/661 
s 1
f 1921/264/670 1922/265/672 1923/266/672 1924/267/670 
s 2
f 1922/268/672 1925/269/942 1926/270/942 1923/271/672 
s 1
f 1925/269/942 1927/272/943 1928/273/943 1926/270/942 
s 2
f 1927/272/943 1929/274/666 1930/275/666 1928/273/943 
s 1
f 1929/274/666 1931/276/667 1932/277/944 1930/275/666 
s 2
f 1931/276/667 1933/278/945 1934/279/945 1932/277/944 
s 1
f 1933/278/945 1935/280/669 1936/281/669 1934/279/945 
s 2
f 1935/280/669 1921/264/670 1924/267/670 1936/281/669 
s 1
f 1937/282/211 1938/283/946 1939/284/810 1940/285/209 
s 2
f 1941/286/212 1942/287/947 1938/288/946 1937/289/211 
s 1
f 1943/290/948 1944/291/948 1942/287/947 1941/286/212 
s 2
f 1945/292/949 1946/293/949 1944/291/948 1943/290/948 
s 1
f 1947/294/217 1948/295/804 1946/293/949 1945/292/949 
s 2
f 1949/296/806 1950/297/806 1948/295/804 1947/294/217 
s 1
f 1951/298/950 1952/299/807 1950/297/806 1949/296/806 
s 2
f 1940/285/209 1939/284/810 1952/299/807 1951/298/950 
s 1
f 1953/282/222 1954/283/678 1955/284/951 1956/285/221 
s 2
f 1957/286/223 1958/287/679 1954/288/678 1953/289/222 
s 1
f 1959/290/224 1960/291/681 1958/287/679 1957/286/223 
s 2
f 1961/292/952 1962/293/225 1960/291/681 1959/290/224 
s 1
f 1963/294/227 1964/295/227 1962/293/225 1961/292/952 
s 2
f 1965/296/953 1966/297/954 1964/295/227 1963/294/227 
s 1
f 1967/298/230 1968/299/230 1966/297/954 1965/296/953 
s 2
f 1956/285/221 1955/284/951 1968/299/230 1967/298/230 
s 1
f 1969/282/295 1970/283/295 1971/284/730 1972/285/730 
s 2
f 1973/286/296 1974/287/955 1970/288/295 1969/289/295 
s 1
f 1975/290/297 1976/291/297 1974/287/955 1973/286/296 
s 2
f 1977/292/298 1978/293/298 1976/291/297 1975/290/297 
s 1
f 1979/294/299 1980/295/956 1978/293/298 1977/292/298 
s 2
f 1981/296/300 1982/297/957 1980/295/956 1979/294/299 
s 1
f 1983/298/301 1984/299/729 1982/297/957 1981/296/300 
s 2
f 1972/285/730 1971/284/730 1984/299/729 1983/298/301 
s 1
f 1985/282/304 1986/283/303 1987/284/958 1988/285/302 
s 2
f 1989/286/959 1990/287/959 1986/288/303 1985/289/304 
s 1
f 1991/290/308 1992/291/308 1990/287/959 1989/286/959 
s 2
f 1993/292/310 1994/293/310 1992/291/308 1991/290/308 
s 1
f 1995/294/311 1996/295/960 1994/293/310 1993/292/310 
s 2
f 1997/296/313 1998/297/312 1996/295/960 1995/294/311 
s 1
f 1999/298/314 2000/299/961 1998/297/312 1997/296/313 
s 2
f 1988/285/302 1987/284/958 2000/299/961 1999/298/314 
s 1
f 2001/282/316 2002/283/316 2003/284/962 2004/285/315 
s 2
f 2005/286/318 2006/287/318 2002/288/316 2001/289/316 
s 1
f 2007/290/319 2008/291/319 2006/287/318 2005/286/318 
s 2
f 2009/292/320 2010/293/320 2008/291/319 2007/290/319 
s 1
f 2011/294/321 2012/295/321 2010/293/320 2009/292/320 
s 2
f 2013/296/322 2014/297/322 2012/295/321 2011/294/321 
s 1
f 2015/298/323 2016/299/323 2014/297/322 2013/296/322 
s 2
f 2004/285/315 2003/284/962 2016/299/323 2015/298/323 
s 1
f 2017/282/325 2018/283/325 2019/284/963 2020/285/963 
s 2
f 2021/286/328 2022/287/328 2018/288/325 2017/289/325 
s 1
f 2023/290/329 2024/291/964 2022/287/328 2021/286/328 
s 2
f 2025/292/331 2026/293/331 2024/291/964 2023/290/329 
s 1
f 2027/294/332 2028/295/965 2026/293/331 2025/292/331 
s 2
f 2029/296/335 2030/297/966 2028/295/965 2027/294/332 
s 1
f 2031/298/336 2032/299/967 2030/297/966 2029/296/335 
s 2
f 2020/285/963 2019/284/963 2032/299/967 2031/298/336 
s 1
f 2033/282/339 2034/283/339 2035/284/338 2036/285/338 
s 2
f 2037/286/758 2038/287/758 2034/288/339 2033/289/339 
s 1
f 2039/290/341 2040/291/968 2038/287/758 2037/286/758 
s 2
f 2041/292/342 2042/293/342 2040/291/968 2039/290/341 
s 1
f 2043/294/343 2044/295/343 2042/293/342 2041/292/342 
s 2
f 2045/296/344 2046/297/344 2044/295/343 2043/294/343 
s 1
f 2047/298/345 2048/299/969 2046/297/344 2045/296/344 
s 2
f 2036/285/338 2035/284/338 2048/299/969 2047/298/345 
s 1
f 2049/282/347 2050/283/970 2051/284/971 2052/285/346 
s 2
f 2053/286/972 2054/287/761 2050/288/970 2049/289/347 
s 1
f 2055/290/351 2056/291/762 2054/287/761 2053/286/972 
s 2
f 2057/292/353 2058/293/973 2056/291/762 2055/290/351 
s 1
f 2059/294/354 2060/295/974 2058/293/973 2057/292/353 
s 2
f 2061/296/356 2062/297/975 2060/295/974 2059/294/354 
s 1
f 2063/298/976 2064/299/976 2062/297/975 2061/296/356 
s 2
f 2052/285/346 2051/284/971 2064/299/976 2063/298/976 
s 1
f 2065/282/767 2066/283/767 2067/284/977 2068/285/978 
s 2
f 2069/286/361 2070/287/979 2066/288/767 2065/289/767 
s 1
f 2071/290/980 2072/291/981 2070/287/979 2069/286/361 
s 2
f 2073/292/982 2074/293/763 2072/291/981 2071/290/980 
s 1
f 2075/294/366 2076/295/366 2074/293/763 2073/292/982 
s 2
f 2077/296/367 2078/297/367 2076/295/366 2075/294/366 
s 1
f 2079/298/983 2080/299/984 2078/297/367 2077/296/367 
s 2
f 2068/285/978 2067/284/977 2080/299/984 2079/298/983 
s 1
f 2081/282/776 2082/283/985 2083/284/986 2084/285/987 
s 2
f 2085/286/988 2086/287/988 2082/288/985 2081/289/776 
s 1
f 2087/290/372 2088/291/372 2086/287/988 2085/286/988 
s 2
f 2089/292/989 2090/293/989 2088/291/372 2087/290/372 
s 1
f 2091/294/990 2092/295/990 2090/293/989 2089/292/989 
s 2
f 2093/296/376 2094/297/772 2092/295/990 2091/294/990 
s 1
f 2095/298/377 2096/299/774 2094/297/772 2093/296/376 
s 2
f 2084/285/987 2083/284/986 2096/299/774 2095/298/377 
s 1
f 2097/282/991 2098/283/379 2099/284/992 2100/285/378 
s 2
f 2101/286/380 2102/287/780 2098/288/379 2097/289/991 
s 1
f 2103/290/381 2104/291/993 2102/287/780 2101/286/380 
s 2
f 2105/292/382 2106/293/994 2104/291/993 2103/290/381 
s 1
f 2107/294/383 2108/295/995 2106/293/994 2105/292/382 
s 2
f 2109/296/384 2110/297/996 2108/295/995 2107/294/383 
s 1
f 2111/298/385 2112/299/385 2110/297/996 2109/296/384 
s 2
f 2100/285/378 2099/284/992 2112/299/385 2111/298/385 
s 1
f 2113/282/387 2114/283/387 2115/284/997 2116/285/386 
s 2
f 2117/286/389 2118/287/785 2114/288/387 2113/289/387 
s 1
f 2119/290/390 2120/291/998 2118/287/785 2117/286/389 
s 2
f 2121/292/999 2122/293/392 2120/291/998 2119/290/390 
s 1
f 2123/294/393 2124/295/393 2122/293/392 2121/292/999 
s 2
f 2125/296/394 2126/297/394 2124/295/393 2123/294/393 
s 1
f 2127/298/396 2128/299/1000 2126/297/394 2125/296/394 
s 2
f 2116/285/386 2115/284/997 2128/299/1000 2127/298/396 
s 1
f 2129/282/398 2130/283/793 2131/284/792 2132/285/397 
s 2
f 2133/286/1001 2134/287/794 2130/288/793 2129/289/398 
s 1
f 2135/290/401 2136/291/1002 2134/287/794 2133/286/1001 
s 2
f 2137/292/402 2138/293/786 2136/291/1002 2135/290/401 
s 1
f 2139/294/403 2140/295/788 2138/293/786 2137/292/402 
s 2
f 2141/296/404 2142/297/789 2140/295/788 2139/294/403 
s 1
f 2143/298/405 2144/299/791 2142/297/789 2141/296/404 
s 2
f 2132/285/397 2131/284/792 2144/299/791 2143/298/405 
s 1
f 2145/282/407 2146/283/407 2147/284/406 2148/285/406 
s 2
f 2149/286/408 2150/287/1003 2146/288/407 2145/289/407 
s 1
f 2151/290/410 2152/291/409 2150/287/1003 2149/286/408 
s 2
f 2153/292/411 2154/293/411 2152/291/409 2151/290/410 
s 1
f 2155/294/412 2156/295/796 2154/293/411 2153/292/411 
s 2
f 2157/296/413 2158/297/797 2156/295/796 2155/294/412 
s 1
f 2159/298/415 2160/299/414 2158/297/797 2157/296/413 
s 2
f 2148/285/406 2147/284/406 2160/299/414 2159/298/415 
s 1
f 2161/282/417 2162/283/417 2163/284/1004 2164/285/1004 
s 2
f 2165/286/419 2166/287/419 2162/288/417 2161/289/417 
s 1
f 2167/290/421 2168/291/803 2166/287/419 2165/286/419 
s 2
f 2169/292/422 2170/293/1005 2168/291/803 2167/290/421 
s 1
f 2171/294/424 2172/295/1006 2170/293/1005 2169/292/422 
s 2
f 2173/296/425 2174/297/1007 2172/295/1006 2171/294/424 
s 1
f 2175/298/426 2176/299/426 2174/297/1007 2173/296/425 
s 2
f 2164/285/1004 2163/284/1004 2176/299/426 2175/298/426 
s 1
f 2177/282/817 2178/283/429 2179/284/428 2180/285/428 
s 2
f 2181/286/431 2182/287/1008 2178/288/429 2177/289/817 
s 1
f 2183/290/432 2184/291/432 2182/287/1008 2181/286/431 
s 2
f 2185/292/1009 2186/293/1009 2184/291/432 2183/290/432 
s 1
f 2187/294/435 2188/295/435 2186/293/1009 2185/292/1009 
s 2
f 2189/296/436 2190/297/436 2188/295/435 2187/294/435 
s 1
f 2191/298/437 2192/299/437 2190/297/436 2189/296/436 
s 2
f 2180/285/428 2179/284/428 2192/299/437 2191/298/437 
s 1
f 2193/282/439 2194/283/439 2195/284/438 2196/285/438 
s 2
f 2197/286/440 2198/287/440 2194/288/439 2193/289/439 
s 1
f 2199/290/442 2200/291/442 2198/287/440 2197/286/440 
s 2
f 2201/292/444 2202/293/1010 2200/291/442 2199/290/442 
s 1
f 2203/294/1011 2204/295/1011 2202/293/1010 2201/292/444 
s 2
f 2205/296/447 2206/297/447 2204/295/1011 2203/294/1011 
s 1
f 2207/298/449 2208/299/449 2206/297/447 2205/296/447 
s 2
f 2196/285/438 2195/284/438 2208/299/449 2207/298/449 
s 1
f 2209/282/451 2210/283/1012 2211/284/450 2212/285/450 
s 2
f 2213/286/452 2214/287/452 2210/288/1012 2209/289/451 
s 1
f 2215/290/453 2216/291/453 2214/287/452 2213/286/452 
s 2
f 2217/292/454 2218/293/454 2216/291/453 2215/290/453 
s 1
f 2219/294/456 2220/295/1013 2218/293/454 2217/292/454 
s 2
f 2221/296/1014 2222/297/1014 2220/295/1013 2219/294/456 
s 1
f 2223/298/459 2224/299/1015 2222/297/1014 2221/296/1014 
s 2
f 2212/285/450 2211/284/450 2224/299/1015 2223/298/459 
s 1
f 2225/282/461 2226/283/461 2227/284/1016 2228/285/1017 
s 2
f 2229/286/462 2230/287/462 2226/288/461 2225/289/461 
s 1
f 2231/290/1018 2232/291/832 2230/287/462 2229/286/462 
s 2
f 2233/292/464 2234/293/464 2232/291/832 2231/290/1018 
s 1
f 2235/294/1019 2236/295/1020 2234/293/464 2233/292/464 
s 2
f 2237/296/466 2238/297/1021 2236/295/1020 2235/294/1019 
s 1
f 2239/298/829 2240/299/1022 2238/297/1021 2237/296/466 
s 2
f 2228/285/1017 2227/284/1016 2240/299/1022 2239/298/829 
s 1
f 2241/282/469 2242/283/469 2243/284/1023 2244/285/468 
s 2
f 2245/286/470 2246/287/1024 2242/288/469 2241/289/469 
s 1
f 2247/290/471 2248/291/1025 2246/287/1024 2245/286/470 
s 2
f 2249/292/472 2250/293/834 2248/291/1025 2247/290/471 
s 1
f 2251/294/473 2252/295/1026 2250/293/834 2249/292/472 
s 2
f 2253/296/474 2254/297/474 2252/295/1026 2251/294/473 
s 1
f 2255/298/476 2256/299/476 2254/297/474 2253/296/474 
s 2
f 2244/285/468 2243/284/1023 2256/299/476 2255/298/476 
s 1
f 2257/282/479 2258/283/479 2259/284/842 2260/285/842 
s 2
f 2261/286/844 2262/287/481 2258/288/479 2257/289/479 
s 1
f 2263/290/845 2264/291/845 2262/287/481 2261/286/844 
s 2
f 2265/292/483 2266/293/483 2264/291/845 2263/290/845 
s 1
f 2267/294/1027 2268/295/1028 2266/293/483 2265/292/483 
s 2
f 2269/296/1029 2270/297/841 2268/295/1028 2267/294/1027 
s 1
f 2271/298/487 2272/299/1030 2270/297/841 2269/296/1029 
s 2
f 2260/285/842 2259/284/842 2272/299/1030 2271/298/487 
s 1
f 2273/282/489 2274/283/1031 2275/284/1032 2276/285/1033 
s 2
f 2277/286/490 2278/287/848 2274/288/1031 2273/289/489 
s 1
f 2279/290/850 2280/291/850 2278/287/848 2277/286/490 
s 2
f 2281/292/846 2282/293/493 2280/291/850 2279/290/850 
s 1
f 2283/294/494 2284/295/847 2282/293/493 2281/292/846 
s 2
f 2285/296/495 2286/297/1034 2284/295/847 2283/294/494 
s 1
f 2287/298/496 2288/299/1035 2286/297/1034 2285/296/495 
s 2
f 2276/285/1033 2275/284/1032 2288/299/1035 2287/298/496 
s 1
f 2289/282/498 2290/283/498 2291/284/497 2292/285/497 
s 2
f 2293/286/500 2294/287/1036 2290/288/498 2289/289/498 
s 1
f 2295/290/501 2296/291/501 2294/287/1036 2293/286/500 
s 2
f 2297/292/503 2298/293/503 2296/291/501 2295/290/501 
s 1
f 2299/294/504 2300/295/853 2298/293/503 2297/292/503 
s 2
f 2301/296/505 2302/297/854 2300/295/853 2299/294/504 
s 1
f 2303/298/506 2304/299/855 2302/297/854 2301/296/505 
s 2
f 2292/285/497 2291/284/497 2304/299/855 2303/298/506 
s 1
f 2305/282/1037 2306/283/1038 2307/284/509 2308/285/1039 
s 2
f 2309/286/510 2310/287/510 2306/288/1038 2305/289/1037 
s 1
f 2311/290/1040 2312/291/1040 2310/287/510 2309/286/510 
s 2
f 2313/292/513 2314/293/513 2312/291/1040 2311/290/1040 
s 1
f 2315/294/1041 2316/295/1041 2314/293/513 2313/292/513 
s 2
f 2317/296/516 2318/297/1042 2316/295/1041 2315/294/1041 
s 1
f 2319/298/517 2320/299/856 2318/297/1042 2317/296/516 
s 2
f 2308/285/1039 2307/284/509 2320/299/856 2319/298/517 
s 1
f 2321/282/520 2322/283/1043 2323/284/1044 2324/285/518 
s 2
f 2325/286/521 2326/287/860 2322/288/1043 2321/289/520 
s 1
f 2327/290/522 2328/291/861 2326/287/860 2325/286/521 
s 2
f 2329/292/523 2330/293/523 2328/291/861 2327/290/522 
s 1
f 2331/294/525 2332/295/1045 2330/293/523 2329/292/523 
s 2
f 2333/296/526 2334/297/1046 2332/295/1045 2331/294/525 
s 1
f 2335/298/527 2336/299/527 2334/297/1046 2333/296/526 
s 2
f 2324/285/518 2323/284/1044 2336/299/527 2335/298/527 
s 1
f 2337/282/530 2338/283/529 2339/284/863 2340/285/528 
s 2
f 2341/286/531 2342/287/1047 2338/288/529 2337/289/530 
s 1
f 2343/290/534 2344/291/866 2342/287/1047 2341/286/531 
s 2
f 2345/292/535 2346/293/535 2344/291/866 2343/290/534 
s 1
f 2347/294/537 2348/295/537 2346/293/535 2345/292/535 
s 2
f 2349/296/538 2350/297/538 2348/295/537 2347/294/537 
s 1
f 2351/298/539 2352/299/1048 2350/297/538 2349/296/538 
s 2
f 2340/285/528 2339/284/863 2352/299/1048 2351/298/539 
s 1
f 2353/282/542 2354/283/542 2355/284/540 2356/285/540 
s 2
f 2357/286/543 2358/287/543 2354/288/542 2353/289/542 
s 1
f 2359/290/545 2360/291/545 2358/287/543 2357/286/543 
s 2
f 2361/292/867 2362/293/1049 2360/291/545 2359/290/545 
s 1
f 2363/294/547 2364/295/1050 2362/293/1049 2361/292/867 
s 2
f 2365/296/548 2366/297/1051 2364/295/1050 2363/294/547 
s 1
f 2367/298/549 2368/299/1052 2366/297/1051 2365/296/548 
s 2
f 2356/285/540 2355/284/540 2368/299/1052 2367/298/549 
s 1
f 2369/282/1053 2370/283/1053 2371/284/1054 2372/285/550 
s 2
f 2373/286/553 2374/287/1055 2370/288/1053 2369/289/1053 
s 1
f 2375/290/554 2376/291/1056 2374/287/1055 2373/286/553 
s 2
f 2377/292/555 2378/293/1057 2376/291/1056 2375/290/554 
s 1
f 2379/294/556 2380/295/871 2378/293/1057 2377/292/555 
s 2
f 2381/296/557 2382/297/872 2380/295/871 2379/294/556 
s 1
f 2383/298/558 2384/299/1058 2382/297/872 2381/296/557 
s 2
f 2372/285/550 2371/284/1054 2384/299/1058 2383/298/558 
s 1
f 2385/282/560 2386/283/560 2387/284/1059 2388/285/559 
s 2
f 2389/286/561 2390/287/561 2386/288/560 2385/289/560 
s 1
f 2391/290/562 2392/291/1060 2390/287/561 2389/286/561 
s 2
f 2393/292/563 2394/293/563 2392/291/1060 2391/290/562 
s 1
f 2395/294/875 2396/295/875 2394/293/563 2393/292/563 
s 2
f 2397/296/566 2398/297/878 2396/295/875 2395/294/875 
s 1
f 2399/298/567 2400/299/567 2398/297/878 2397/296/566 
s 2
f 2388/285/559 2387/284/1059 2400/299/567 2399/298/567 
s 1
f 2401/282/888 2402/283/888 2403/284/1061 2404/285/568 
s 2
f 2405/286/1062 2406/287/1062 2402/288/888 2401/289/888 
s 1
f 2407/290/1063 2408/291/1063 2406/287/1062 2405/286/1062 
s 2
f 2409/292/883 2410/293/1064 2408/291/1063 2407/290/1063 
s 1
f 2411/294/884 2412/295/1065 2410/293/1064 2409/292/883 
s 2
f 2413/296/1066 2414/297/885 2412/295/1065 2411/294/884 
s 1
f 2415/298/578 2416/299/887 2414/297/885 2413/296/1066 
s 2
f 2404/285/568 2403/284/1061 2416/299/887 2415/298/578 
s 1
f 2417/282/580 2418/283/895 2419/284/1067 2420/285/1067 
s 2
f 2421/286/581 2422/287/581 2418/288/895 2417/289/580 
s 1
f 2423/290/583 2424/291/899 2422/287/581 2421/286/581 
s 2
f 2425/292/584 2426/293/584 2424/291/899 2423/290/583 
s 1
f 2427/294/1068 2428/295/891 2426/293/584 2425/292/584 
s 2
f 2429/296/587 2430/297/587 2428/295/891 2427/294/1068 
s 1
f 2431/298/588 2432/299/893 2430/297/587 2429/296/587 
s 2
f 2420/285/1067 2419/284/1067 2432/299/893 2431/298/588 
s 1
f 2433/282/591 2434/283/591 2435/284/1069 2436/285/904 
s 2
f 2437/286/1070 2438/287/1070 2434/288/591 2433/289/591 
s 1
f 2439/290/595 2440/291/1071 2438/287/1070 2437/286/1070 
s 2
f 2441/292/1072 2442/293/1073 2440/291/1071 2439/290/595 
s 1
f 2443/294/598 2444/295/1074 2442/293/1073 2441/292/1072 
s 2
f 2445/296/599 2446/297/901 2444/295/1074 2443/294/598 
s 1
f 2447/298/600 2448/299/600 2446/297/901 2445/296/599 
s 2
f 2436/285/904 2435/284/1069 2448/299/600 2447/298/600 
s 1
f 2449/282/1075 2450/283/602 2451/284/912 2452/285/601 
s 2
f 2453/286/603 2454/287/1076 2450/288/602 2449/289/1075 
s 1
f 2455/290/915 2456/291/1077 2454/287/1076 2453/286/603 
s 2
f 2457/292/908 2458/293/605 2456/291/1077 2455/290/915 
s 1
f 2459/294/909 2460/295/606 2458/293/605 2457/292/908 
s 2
f 2461/296/609 2462/297/608 2460/295/606 2459/294/909 
s 1
f 2463/298/911 2464/299/610 2462/297/608 2461/296/609 
s 2
f 2452/285/601 2451/284/912 2464/299/610 2463/298/911 
s 1
f 2465/282/613 2466/283/613 2467/284/1078 2468/285/1079 
s 2
f 2469/286/615 2470/287/922 2466/288/613 2465/289/613 
s 1
f 2471/290/1080 2472/291/616 2470/287/922 2469/286/615 
s 2
f 2473/292/617 2474/293/918 2472/291/616 2471/290/1080 
s 1
f 2475/294/619 2476/295/619 2474/293/918 2473/292/617 
s 2
f 2477/296/621 2478/297/621 2476/295/619 2475/294/619 
s 1
f 2479/298/920 2480/299/920 2478/297/621 2477/296/621 
s 2
f 2468/285/1079 2467/284/1078 2480/299/920 2479/298/920 
s 1
f 2481/282/625 2482/283/1081 2483/284/623 2484/285/623 
s 2
f 2485/286/627 2486/287/926 2482/288/1081 2481/289/625 
s 1
f 2487/290/1082 2488/291/1082 2486/287/926 2485/286/627 
s 2
f 2489/292/1083 2490/293/1084 2488/291/1082 2487/290/1082 
s 1
f 2491/294/631 2492/295/923 2490/293/1084 2489/292/1083 
s 2
f 2493/296/632 2494/297/1085 2492/295/923 2491/294/631 
s 1
f 2495/298/1086 2496/299/1086 2494/297/1085 2493/296/632 
s 2
f 2484/285/623 2483/284/623 2496/299/1086 2495/298/1086 
s 1
f 2497/282/635 2498/283/635 2499/284/1087 2500/285/634 
s 2
f 2501/286/1088 2502/287/1089 2498/288/635 2497/289/635 
s 1
f 2503/290/639 2504/291/639 2502/287/1089 2501/286/1088 
s 2
f 2505/292/1090 2506/293/1090 2504/291/639 2503/290/639 
s 1
f 2507/294/1091 2508/295/1092 2506/293/1090 2505/292/1090 
s 2
f 2509/296/1093 2510/297/1093 2508/295/1092 2507/294/1091 
s 1
f 2511/298/644 2512/299/644 2510/297/1093 2509/296/1093 
s 2
f 2500/285/634 2499/284/1087 2512/299/644 2511/298/644 
s 1
f 2513/282/1094 2514/283/1095 2515/284/1096 2516/285/1096 
s 2
f 2517/286/649 2518/287/931 2514/288/1095 2513/289/1094 
s 1
f 2519/290/650 2520/291/932 2518/287/931 2517/286/649 
s 2
f 2521/292/651 2522/293/927 2520/291/932 2519/290/650 
s 1
f 2523/294/652 2524/295/1097 2522/293/927 2521/292/651 
s 2
f 2525/296/1098 2526/297/653 2524/295/1097 2523/294/652 
s 1
f 2527/298/1099 2528/299/1099 2526/297/653 2525/296/1098 
s 2
f 2516/285/1096 2515/284/1096 2528/299/1099 2527/298/1099 
s 1
f 2529/282/657 2530/283/938 2531/284/656 2532/285/656 
s 2
f 2533/286/660 2534/287/940 2530/288/938 2529/289/657 
s 1
f 2535/290/661 2536/291/1100 2534/287/940 2533/286/660 
s 2
f 2537/292/662 2538/293/1101 2536/291/1100 2535/290/661 
s 1
f 2539/294/663 2540/295/1102 2538/293/1101 2537/292/662 
s 2
f 2541/296/934 2542/297/934 2540/295/1102 2539/294/663 
s 1
f 2543/298/665 2544/299/935 2542/297/934 2541/296/934 
s 2
f 2532/285/656 2531/284/656 2544/299/935 2543/298/665 
s 1
f 2545/282/667 2546/283/944 2547/284/1103 2548/285/1104 
s 2
f 2549/286/668 2550/287/668 2546/288/944 2545/289/667 
s 1
f 2551/290/669 2552/291/669 2550/287/668 2549/286/668 
s 2
f 2553/292/670 2554/293/670 2552/291/669 2551/290/669 
s 1
f 2555/294/672 2556/295/1105 2554/293/670 2553/292/670 
s 2
f 2557/296/674 2558/297/674 2556/295/1105 2555/294/672 
s 1
f 2559/298/675 2560/299/1106 2558/297/674 2557/296/674 
s 2
f 2548/285/1104 2547/284/1103 2560/299/1106 2559/298/675 
s 1
f 2561/282/227 2562/283/227 2563/284/225 2564/285/225 
s 2
f 2565/286/676 2566/287/676 2562/288/227 2561/289/227 
s 1
f 2567/290/230 2568/291/231 2566/287/676 2565/286/676 
s 2
f 2569/292/677 2570/293/951 2568/291/231 2567/290/230 
s 1
f 2571/294/222 2572/295/222 2570/293/951 2569/292/677 
s 2
f 2573/296/679 2574/297/679 2572/295/222 2571/294/222 
s 1
f 2575/298/224 2576/299/224 2574/297/679 2573/296/679 
s 2
f 2564/285/225 2563/284/225 2576/299/224 2575/298/224 
s 1
f 2577/282/1107 2578/283/1107 2579/284/237 2580/285/682 
s 2
f 2581/286/684 2582/287/239 2578/288/1107 2577/289/1107 
s 1
f 2583/290/685 2584/291/685 2582/287/239 2581/286/684 
s 2
f 2585/292/686 2586/293/1108 2584/291/685 2583/290/685 
s 1
f 2587/294/233 2588/295/1109 2586/293/1108 2585/292/686 
s 2
f 2589/296/1110 2590/297/234 2588/295/1109 2587/294/233 
s 1
f 2591/298/1111 2592/299/1112 2590/297/234 2589/296/1110 
s 2
f 2580/285/682 2579/284/237 2592/299/1112 2591/298/1111 
s 1
f 2593/282/248 2594/283/248 2595/284/689 2596/285/689 
s 2
f 2597/286/690 2598/287/249 2594/288/248 2593/289/248 
s 1
f 2599/290/250 2600/291/250 2598/287/249 2597/286/690 
s 2
f 2601/292/243 2602/293/243 2600/291/250 2599/290/250 
s 1
f 2603/294/244 2604/295/1113 2602/293/243 2601/292/243 
s 2
f 2605/296/693 2606/297/693 2604/295/1113 2603/294/244 
s 1
f 2607/298/694 2608/299/1114 2606/297/693 2605/296/693 
s 2
f 2596/285/689 2595/284/689 2608/299/1114 2607/298/694 
s 1
f 2609/282/696 2610/283/257 2611/284/1115 2612/285/1115 
s 2
f 2613/286/1116 2614/287/259 2610/288/257 2609/289/696 
s 1
f 2615/290/699 2616/291/260 2614/287/259 2613/286/1116 
s 2
f 2617/292/253 2618/293/253 2616/291/260 2615/290/699 
s 1
f 2619/294/701 2620/295/252 2618/293/253 2617/292/253 
s 2
f 2621/296/703 2622/297/1117 2620/295/252 2619/294/701 
s 1
f 2623/298/704 2624/299/705 2622/297/1117 2621/296/703 
s 2
f 2612/285/1115 2611/284/1115 2624/299/705 2623/298/704 
s 1
f 2625/282/270 2626/283/271 2627/284/1118 2628/285/706 
s 2
f 2629/286/272 2630/287/272 2626/288/271 2625/289/270 
s 1
f 2631/290/710 2632/291/273 2630/287/272 2629/286/272 
s 2
f 2633/292/1119 2634/293/262 2632/291/273 2631/290/710 
s 1
f 2635/294/712 2636/295/264 2634/293/262 2633/292/1119 
s 2
f 2637/296/714 2638/297/1120 2636/295/264 2635/294/712 
s 1
f 2639/298/715 2640/299/267 2638/297/1120 2637/296/714 
s 2
f 2628/285/706 2627/284/1118 2640/299/267 2639/298/715 
s 1
f 2641/282/282 2642/283/282 2643/284/279 2644/285/279 
s 2
f 2645/286/716 2646/287/284 2642/288/282 2641/289/282 
s 1
f 2647/290/285 2648/291/285 2646/287/284 2645/286/716 
s 2
f 2649/292/1121 2650/293/274 2648/291/285 2647/290/285 
s 1
f 2651/294/718 2652/295/276 2650/293/274 2649/292/1121 
s 2
f 2653/296/277 2654/297/719 2652/295/276 2651/294/718 
s 1
f 2655/298/720 2656/299/278 2654/297/719 2653/296/277 
s 2
f 2644/285/279 2643/284/279 2656/299/278 2655/298/720 
s 1
f 2657/282/1122 2658/283/721 2659/284/1123 2660/285/290 
s 2
f 2661/286/292 2662/287/1124 2658/288/721 2657/289/1122 
s 1
f 2663/290/293 2664/291/1125 2662/287/1124 2661/286/292 
s 2
f 2665/292/286 2666/293/1126 2664/291/1125 2663/290/293 
s 1
f 2667/294/287 2668/295/287 2666/293/1126 2665/292/286 
s 2
f 2669/296/1127 2670/297/1127 2668/295/287 2667/294/287 
s 1
f 2671/298/289 2672/299/289 2670/297/1127 2669/296/1127 
s 2
f 2660/285/290 2659/284/1123 2672/299/289 2671/298/289 
s 1
f 2673/282/1128 2674/283/299 2675/284/298 2676/285/1129 
s 2
f 2677/286/728 2678/287/727 2674/288/299 2673/289/1128 
s 1
f 2679/290/301 2680/291/729 2678/287/727 2677/286/728 
s 2
f 2681/292/730 2682/293/294 2680/291/729 2679/290/301 
s 1
f 2683/294/295 2684/295/1130 2682/293/294 2681/292/730 
s 2
f 2685/296/733 2686/297/1131 2684/295/1130 2683/294/295 
s 1
f 2687/298/297 2688/299/297 2686/297/1131 2685/296/733 
s 2
f 2676/285/1129 2675/284/298 2688/299/297 2687/298/297 
s 1
f 2689/282/736 2690/283/1132 2691/284/1133 2692/285/1133 
s 2
f 2693/286/737 2694/287/737 2690/288/1132 2689/289/736 
s 1
f 2695/290/738 2696/291/1134 2694/287/737 2693/286/737 
s 2
f 2697/292/302 2698/293/1135 2696/291/1134 2695/290/738 
s 1
f 2699/294/303 2700/295/303 2698/293/1135 2697/292/302 
s 2
f 2701/296/741 2702/297/1136 2700/295/303 2699/294/303 
s 1
f 2703/298/307 2704/299/308 2702/297/1136 2701/296/741 
s 2
f 2692/285/1133 2691/284/1133 2704/299/308 2703/298/307 
s 1
f 2705/282/743 2706/283/1137 2707/284/320 2708/285/320 
s 2
f 2709/286/1138 2710/287/322 2706/288/1137 2705/289/743 
s 1
f 2711/290/323 2712/291/323 2710/287/322 2709/286/1138 
s 2
f 2713/292/315 2714/293/315 2712/291/323 2711/290/323 
s 1
f 2715/294/316 2716/295/316 2714/293/315 2713/292/315 
s 2
f 2717/296/318 2718/297/1139 2716/295/316 2715/294/316 
s 1
f 2719/298/319 2720/299/1140 2718/297/1139 2717/296/318 
s 2
f 2708/285/320 2707/284/320 2720/299/1140 2719/298/319 
s 1
f 2721/282/333 2722/283/333 2723/284/331 2724/285/331 
s 2
f 2725/286/334 2726/287/334 2722/288/333 2721/289/333 
s 1
f 2727/290/749 2728/291/336 2726/287/334 2725/286/334 
s 2
f 2729/292/750 2730/293/324 2728/291/336 2727/290/749 
s 1
f 2731/294/325 2732/295/325 2730/293/324 2729/292/750 
s 2
f 2733/296/751 2734/297/328 2732/295/325 2731/294/325 
s 1
f 2735/298/329 2736/299/1141 2734/297/328 2733/296/751 
s 2
f 2724/285/331 2723/284/331 2736/299/1141 2735/298/329 
s 1
f 2737/282/752 2738/283/1142 2739/284/1143 2740/285/342 
s 2
f 2741/286/1144 2742/287/1145 2738/288/1142 2737/289/752 
s 1
f 2743/290/754 2744/291/345 2742/287/1145 2741/286/1144 
s 2
f 2745/292/755 2746/293/338 2744/291/345 2743/290/754 
s 1
f 2747/294/1146 2748/295/339 2746/293/338 2745/292/755 
s 2
f 2749/296/758 2750/297/1147 2748/295/339 2747/294/1146 
s 1
f 2751/298/1148 2752/299/759 2750/297/1147 2749/296/758 
s 2
f 2740/285/342 2739/284/1143 2752/299/759 2751/298/1148 
s 1
f 2753/282/354 2754/283/354 2755/284/353 2756/285/353 
s 2
f 2757/286/356 2758/287/356 2754/288/354 2753/289/354 
s 1
f 2759/290/357 2760/291/357 2758/287/356 2757/286/356 
s 2
f 2761/292/760 2762/293/760 2760/291/357 2759/290/357 
s 1
f 2763/294/347 2764/295/348 2762/293/760 2761/292/760 
s 2
f 2765/296/761 2766/297/1149 2764/295/348 2763/294/347 
s 1
f 2767/298/762 2768/299/762 2766/297/1149 2765/296/761 
s 2
f 2756/285/353 2755/284/353 2768/299/762 2767/298/762 
s 1
f 2769/282/366 2770/283/365 2771/284/363 2772/285/364 
s 2
f 2773/286/765 2774/287/765 2770/288/365 2769/289/366 
s 1
f 2775/290/984 2776/291/984 2774/287/765 2773/286/765 
s 2
f 2777/292/360 2778/293/977 2776/291/984 2775/290/984 
s 1
f 2779/294/359 2780/295/359 2778/293/977 2777/292/360 
s 2
f 2781/296/979 2782/297/768 2780/295/359 2779/294/359 
s 1
f 2783/298/362 2784/299/362 2782/297/768 2781/296/979 
s 2
f 2772/285/364 2771/284/363 2784/299/362 2783/298/362 
s 1
f 2785/282/375 2786/283/990 2787/284/989 2788/285/374 
s 2
f 2789/286/772 2790/287/1150 2786/288/990 2785/289/375 
s 1
f 2791/290/377 2792/291/377 2790/287/1150 2789/286/772 
s 2
f 2793/292/987 2794/293/987 2792/291/377 2791/290/377 
s 1
f 2795/294/776 2796/295/776 2794/293/987 2793/292/987 
s 2
f 2797/296/988 2798/297/988 2796/295/776 2795/294/776 
s 1
f 2799/298/372 2800/299/373 2798/297/988 2797/296/988 
s 2
f 2788/285/374 2787/284/989 2800/299/373 2799/298/372 
s 1
f 2801/282/777 2802/283/383 2803/284/994 2804/285/382 
s 2
f 2805/286/384 2806/287/996 2802/288/383 2801/289/777 
s 1
f 2807/290/778 2808/291/1151 2806/287/996 2805/286/384 
s 2
f 2809/292/378 2810/293/378 2808/291/1151 2807/290/778 
s 1
f 2811/294/379 2812/295/379 2810/293/378 2809/292/378 
s 2
f 2813/296/780 2814/297/380 2812/295/379 2811/294/379 
s 1
f 2815/298/381 2816/299/1152 2814/297/380 2813/296/780 
s 2
f 2804/285/382 2803/284/994 2816/299/1152 2815/298/381 
s 1
f 2817/282/781 2818/283/393 2819/284/392 2820/285/392 
s 2
f 2821/286/394 2822/287/395 2818/288/393 2817/289/781 
s 1
f 2823/290/396 2824/291/1000 2822/287/395 2821/286/394 
s 2
f 2825/292/1153 2826/293/386 2824/291/1000 2823/290/396 
s 1
f 2827/294/387 2828/295/388 2826/293/386 2825/292/1153 
s 2
f 2829/296/785 2830/297/785 2828/295/388 2827/294/387 
s 1
f 2831/298/998 2832/299/390 2830/297/785 2829/296/785 
s 2
f 2820/285/392 2819/284/392 2832/299/390 2831/298/998 
s 1
f 2833/282/403 2834/283/403 2835/284/402 2836/285/402 
s 2
f 2837/286/404 2838/287/404 2834/288/403 2833/289/403 
s 1
f 2839/290/405 2840/291/405 2838/287/404 2837/286/404 
s 2
f 2841/292/792 2842/293/792 2840/291/405 2839/290/405 
s 1
f 2843/294/793 2844/295/398 2842/293/792 2841/292/792 
s 2
f 2845/296/794 2846/297/399 2844/295/398 2843/294/793 
s 1
f 2847/298/401 2848/299/1002 2846/297/399 2845/296/794 
s 2
f 2836/285/402 2835/284/402 2848/299/1002 2847/298/401 
s 1
f 2849/282/412 2850/283/796 2851/284/411 2852/285/1154 
s 2
f 2853/286/413 2854/287/413 2850/288/796 2849/289/412 
s 1
f 2855/290/415 2856/291/414 2854/287/413 2853/286/413 
s 2
f 2857/292/800 2858/293/406 2856/291/414 2855/290/415 
s 1
f 2859/294/407 2860/295/407 2858/293/406 2857/292/800 
s 2
f 2861/296/1155 2862/297/408 2860/295/407 2859/294/407 
s 1
f 2863/298/409 2864/299/1156 2862/297/408 2861/296/1155 
s 2
f 2852/285/1154 2851/284/411 2864/299/1156 2863/298/409 
s 1
f 2865/282/424 2866/283/424 2867/284/1005 2868/285/422 
s 2
f 2869/286/425 2870/287/425 2866/288/424 2865/289/424 
s 1
f 2871/290/427 2872/291/426 2870/287/425 2869/286/425 
s 2
f 2873/292/1004 2874/293/1004 2872/291/426 2871/290/427 
s 1
f 2875/294/1157 2876/295/1158 2874/293/1004 2873/292/1004 
s 2
f 2877/296/802 2878/297/1159 2876/295/1158 2875/294/1157 
s 1
f 2879/298/420 2880/299/803 2878/297/1159 2877/296/802 
s 2
f 2868/285/422 2867/284/1005 2880/299/803 2879/298/420 
s 1
f 2881/282/805 2882/283/1160 2883/284/1161 2884/285/216 
s 2
f 2885/286/218 2886/287/1162 2882/288/1160 2881/289/805 
s 1
f 2887/290/220 2888/291/1163 2886/287/1162 2885/286/218 
s 2
f 2889/292/1164 2890/293/209 2888/291/1163 2887/290/220 
s 1
f 2891/294/210 2892/295/1165 2890/293/209 2889/292/1164 
s 2
f 2893/296/212 2894/297/812 2892/295/1165 2891/294/210 
s 1
f 2895/298/1166 2896/299/1167 2894/297/812 2893/296/212 
s 2
f 2884/285/216 2883/284/1161 2896/299/1167 2895/298/1166 
s 1
f 2897/282/1168 2898/283/435 2899/284/434 2900/285/434 
s 2
f 2901/286/436 2902/287/1169 2898/288/435 2897/289/1168 
s 1
f 2903/290/815 2904/291/1170 2902/287/1169 2901/286/436 
s 2
f 2905/292/428 2906/293/428 2904/291/1170 2903/290/815 
s 1
f 2907/294/429 2908/295/429 2906/293/428 2905/292/428 
s 2
f 2909/296/431 2910/297/431 2908/295/429 2907/294/429 
s 1
f 2911/298/818 2912/299/818 2910/297/431 2909/296/431 
s 2
f 2900/285/434 2899/284/434 2912/299/818 2911/298/818 
s 1
f 2913/282/446 2914/283/1011 2915/284/1010 2916/285/444 
s 2
f 2917/286/447 2918/287/447 2914/288/1011 2913/289/446 
s 1
f 2919/290/448 2920/291/448 2918/287/447 2917/286/447 
s 2
f 2921/292/438 2922/293/438 2920/291/448 2919/290/448 
s 1
f 2923/294/1171 2924/295/1171 2922/293/438 2921/292/438 
s 2
f 2925/296/440 2926/297/441 2924/295/1171 2923/294/1171 
s 1
f 2927/298/821 2928/299/1172 2926/297/441 2925/296/440 
s 2
f 2916/285/444 2915/284/1010 2928/299/1172 2927/298/821 
s 1
f 2929/282/1173 2930/283/455 2931/284/454 2932/285/1174 
s 2
f 2933/286/457 2934/287/457 2930/288/455 2929/289/1173 
s 1
f 2935/290/1175 2936/291/459 2934/287/457 2933/286/457 
s 2
f 2937/292/450 2938/293/823 2936/291/459 2935/290/1175 
s 1
f 2939/294/1176 2940/295/1176 2938/293/823 2937/292/450 
s 2
f 2941/296/452 2942/297/452 2940/295/1176 2939/294/1176 
s 1
f 2943/298/827 2944/299/1177 2942/297/452 2941/296/452 
s 2
f 2932/285/1174 2931/284/454 2944/299/1177 2943/298/827 
s 1
f 2945/282/1178 2946/283/1178 2947/284/464 2948/285/464 
s 2
f 2949/286/466 2950/287/1179 2946/288/1178 2945/289/1178 
s 1
f 2951/290/829 2952/291/829 2950/287/1179 2949/286/466 
s 2
f 2953/292/460 2954/293/1016 2952/291/829 2951/290/829 
s 1
f 2955/294/831 2956/295/1180 2954/293/1016 2953/292/460 
s 2
f 2957/296/462 2958/297/1181 2956/295/1180 2955/294/831 
s 1
f 2959/298/832 2960/299/833 2958/297/1181 2957/296/462 
s 2
f 2948/285/464 2947/284/464 2960/299/833 2959/298/832 
s 1
f 2961/282/835 2962/283/835 2963/284/834 2964/285/834 
s 2
f 2965/286/836 2966/287/836 2962/288/835 2961/289/835 
s 1
f 2967/290/1182 2968/291/477 2966/287/836 2965/286/836 
s 2
f 2969/292/1183 2970/293/1023 2968/291/477 2967/290/1182 
s 1
f 2971/294/838 2972/295/838 2970/293/1023 2969/292/1183 
s 2
f 2973/296/839 2974/297/839 2972/295/838 2971/294/838 
s 1
f 2975/298/840 2976/299/840 2974/297/839 2973/296/839 
s 2
f 2964/285/834 2963/284/834 2976/299/840 2975/298/840 
s 1
f 2977/282/485 2978/283/1028 2979/284/484 2980/285/483 
s 2
f 2981/286/486 2982/287/486 2978/288/1028 2977/289/485 
s 1
f 2983/290/487 2984/291/487 2982/287/486 2981/286/486 
s 2
f 2985/292/478 2986/293/478 2984/291/487 2983/290/487 
s 1
f 2987/294/480 2988/295/479 2986/293/478 2985/292/478 
s 2
f 2989/296/843 2990/297/481 2988/295/479 2987/294/480 
s 1
f 2991/298/845 2992/299/482 2990/297/481 2989/296/843 
s 2
f 2980/285/483 2979/284/484 2992/299/482 2991/298/845 
s 1
f 2993/282/494 2994/283/494 2995/284/493 2996/285/846 
s 2
f 2997/286/495 2998/287/495 2994/288/494 2993/289/494 
s 1
f 2999/290/496 3000/291/496 2998/287/495 2997/286/495 
s 2
f 3001/292/488 3002/293/488 3000/291/496 2999/290/496 
s 1
f 3003/294/489 3004/295/1031 3002/293/488 3001/292/488 
s 2
f 3005/296/848 3006/297/491 3004/295/1031 3003/294/489 
s 1
f 3007/298/849 3008/299/1184 3006/297/491 3005/296/848 
s 2
f 2996/285/846 2995/284/493 3008/299/1184 3007/298/849 
s 1
f 3009/282/1185 3010/283/1185 3011/284/503 3012/285/851 
s 2
f 3013/286/505 3014/287/505 3010/288/1185 3009/289/1185 
s 1
f 3015/290/855 3016/291/506 3014/287/505 3013/286/505 
s 2
f 3017/292/497 3018/293/497 3016/291/506 3015/290/855 
s 1
f 3019/294/498 3020/295/499 3018/293/497 3017/292/497 
s 2
f 3021/296/500 3022/297/1036 3020/295/499 3019/294/498 
s 1
f 3023/298/501 3024/299/502 3022/297/1036 3021/296/500 
s 2
f 3012/285/851 3011/284/503 3024/299/502 3023/298/501 
s 1
f 3025/282/514 3026/283/1041 3027/284/513 3028/285/1186 
s 2
f 3029/286/1042 3030/287/1187 3026/288/1041 3025/289/514 
s 1
f 3031/290/517 3032/291/1188 3030/287/1187 3029/286/1042 
s 2
f 3033/292/1039 3034/293/509 3032/291/1188 3031/290/517 
s 1
f 3035/294/1038 3036/295/1038 3034/293/509 3033/292/1039 
s 2
f 3037/296/511 3038/297/511 3036/295/1038 3035/294/1038 
s 1
f 3039/298/1040 3040/299/512 3038/297/511 3037/296/511 
s 2
f 3028/285/1186 3027/284/513 3040/299/512 3039/298/1040 
s 1
f 3041/282/525 3042/283/1045 3043/284/523 3044/285/523 
s 2
f 3045/286/526 3046/287/526 3042/288/1045 3041/289/525 
s 1
f 3047/290/527 3048/291/527 3046/287/526 3045/286/526 
s 2
f 3049/292/518 3050/293/518 3048/291/527 3047/290/527 
s 1
f 3051/294/520 3052/295/1043 3050/293/518 3049/292/518 
s 2
f 3053/296/860 3054/297/1189 3052/295/1043 3051/294/520 
s 1
f 3055/298/861 3056/299/522 3054/297/1189 3053/296/860 
s 2
f 3044/285/523 3043/284/523 3056/299/522 3055/298/861 
s 1
f 3057/282/537 3058/283/1190 3059/284/536 3060/285/535 
s 2
f 3061/286/862 3062/287/538 3058/288/1190 3057/289/537 
s 1
f 3063/290/539 3064/291/539 3062/287/538 3061/286/862 
s 2
f 3065/292/528 3066/293/528 3064/291/539 3063/290/539 
s 1
f 3067/294/529 3068/295/529 3066/293/528 3065/292/528 
s 2
f 3069/296/865 3070/297/531 3068/295/529 3067/294/529 
s 1
f 3071/298/866 3072/299/1191 3070/297/531 3069/296/865 
s 2
f 3060/285/535 3059/284/536 3072/299/1191 3071/298/866 
s 1
f 3073/282/547 3074/283/547 3075/284/546 3076/285/867 
s 2
f 3077/286/868 3078/287/1192 3074/288/547 3073/289/547 
s 1
f 3079/290/869 3080/291/1052 3078/287/1192 3077/286/868 
s 2
f 3081/292/540 3082/293/1193 3080/291/1052 3079/290/869 
s 1
f 3083/294/541 3084/295/542 3082/293/1193 3081/292/540 
s 2
f 3085/296/870 3086/297/1194 3084/295/542 3083/294/541 
s 1
f 3087/298/544 3088/299/544 3086/297/1194 3085/296/870 
s 2
f 3076/285/867 3075/284/546 3088/299/544 3087/298/544 
s 1
f 3089/282/556 3090/283/556 3091/284/555 3092/285/555 
s 2
f 3093/286/557 3094/287/557 3090/288/556 3089/289/556 
s 1
f 3095/290/558 3096/291/558 3094/287/557 3093/286/557 
s 2
f 3097/292/550 3098/293/1054 3096/291/558 3095/290/558 
s 1
f 3099/294/873 3100/295/1053 3098/293/1054 3097/292/550 
s 2
f 3101/296/874 3102/297/553 3100/295/1053 3099/294/873 
s 1
f 3103/298/554 3104/299/554 3102/297/553 3101/296/874 
s 2
f 3092/285/555 3091/284/555 3104/299/554 3103/298/554 
s 1
f 3105/282/565 3106/283/876 3107/284/563 3108/285/564 
s 2
f 3109/286/878 3110/287/878 3106/288/876 3105/289/565 
s 1
f 3111/290/1195 3112/291/1196 3110/287/878 3109/286/878 
s 2
f 3113/292/1197 3114/293/1059 3112/291/1196 3111/290/1195 
s 1
f 3115/294/880 3116/295/880 3114/293/1059 3113/292/1197 
s 2
f 3117/296/881 3118/297/881 3116/295/880 3115/294/880 
s 1
f 3119/298/1198 3120/299/1198 3118/297/881 3117/296/881 
s 2
f 3108/285/564 3107/284/563 3120/299/1198 3119/298/1198 
s 1
f 3121/282/1065 3122/283/1065 3123/284/1199 3124/285/1199 
s 2
f 3125/286/576 3126/287/576 3122/288/1065 3121/289/1065 
s 1
f 3127/290/577 3128/291/578 3126/287/576 3125/286/576 
s 2
f 3129/292/568 3130/293/1061 3128/291/578 3127/290/577 
s 1
f 3131/294/888 3132/295/1200 3130/293/1061 3129/292/568 
s 2
f 3133/296/889 3134/297/1201 3132/295/1200 3131/294/888 
s 1
f 3135/298/1063 3136/299/571 3134/297/1201 3133/296/889 
s 2
f 3124/285/1199 3123/284/1199 3136/299/571 3135/298/1063 
s 1
f 3137/282/586 3138/283/891 3139/284/1202 3140/285/584 
s 2
f 3141/286/892 3142/287/587 3138/288/891 3137/289/586 
s 1
f 3143/290/588 3144/291/588 3142/287/587 3141/286/892 
s 2
f 3145/292/579 3146/293/1067 3144/291/588 3143/290/588 
s 1
f 3147/294/896 3148/295/896 3146/293/1067 3145/292/579 
s 2
f 3149/296/581 3150/297/582 3148/295/896 3147/294/896 
s 1
f 3151/298/898 3152/299/1203 3150/297/582 3149/296/581 
s 2
f 3140/285/584 3139/284/1202 3152/299/1203 3151/298/898 
s 1
f 3153/282/598 3154/283/598 3155/284/1204 3156/285/597 
s 2
f 3157/286/902 3158/287/1205 3154/288/598 3153/289/598 
s 1
f 3159/290/903 3160/291/903 3158/287/1205 3157/286/902 
s 2
f 3161/292/1206 3162/293/590 3160/291/903 3159/290/903 
s 1
f 3163/294/906 3164/295/592 3162/293/590 3161/292/1206 
s 2
f 3165/296/907 3166/297/1207 3164/295/592 3163/294/906 
s 1
f 3167/298/1071 3168/299/1071 3166/297/1207 3165/296/907 
s 2
f 3156/285/597 3155/284/1204 3168/299/1071 3167/298/1071 
s 1
f 3169/282/909 3170/283/606 3171/284/908 3172/285/908 
s 2
f 3173/286/910 3174/287/1208 3170/288/606 3169/289/909 
s 1
f 3175/290/911 3176/291/610 3174/287/1208 3173/286/910 
s 2
f 3177/292/601 3178/293/601 3176/291/610 3175/290/911 
s 1
f 3179/294/913 3180/295/602 3178/293/601 3177/292/601 
s 2
f 3181/296/914 3182/297/1209 3180/295/602 3179/294/913 
s 1
f 3183/298/915 3184/299/604 3182/297/1209 3181/296/914 
s 2
f 3172/285/908 3171/284/908 3184/299/604 3183/298/915 
s 1
f 3185/282/619 3186/283/618 3187/284/918 3188/285/918 
s 2
f 3189/286/1210 3190/287/1211 3186/288/618 3185/289/619 
s 1
f 3191/290/920 3192/291/622 3190/287/1211 3189/286/1210 
s 2
f 3193/292/921 3194/293/611 3192/291/622 3191/290/920 
s 1
f 3195/294/613 3196/295/612 3194/293/611 3193/292/921 
s 2
f 3197/296/922 3198/297/1212 3196/295/612 3195/294/613 
s 1
f 3199/298/616 3200/299/1080 3198/297/1212 3197/296/922 
s 2
f 3188/285/918 3187/284/918 3200/299/1080 3199/298/616 
s 1
f 3201/282/923 3202/283/923 3203/284/629 3204/285/1083 
s 2
f 3205/286/632 3206/287/1085 3202/288/923 3201/289/923 
s 1
f 3207/290/633 3208/291/633 3206/287/1085 3205/286/632 
s 2
f 3209/292/924 3210/293/623 3208/291/633 3207/290/633 
s 1
f 3211/294/925 3212/295/625 3210/293/623 3209/292/924 
s 2
f 3213/296/627 3214/297/627 3212/295/625 3211/294/925 
s 1
f 3215/298/628 3216/299/1082 3214/297/627 3213/296/627 
s 2
f 3204/285/1083 3203/284/629 3216/299/1082 3215/298/628 
s 1
f 3217/282/642 3218/283/642 3219/284/1213 3220/285/641 
s 2
f 3221/286/643 3222/287/1093 3218/288/642 3217/289/642 
s 1
f 3223/290/1214 3224/291/1215 3222/287/1093 3221/286/643 
s 2
f 3225/292/634 3226/293/1087 3224/291/1215 3223/290/1214 
s 1
f 3227/294/635 3228/295/636 3226/293/1087 3225/292/634 
s 2
f 3229/296/638 3230/297/1089 3228/295/636 3227/294/635 
s 1
f 3231/298/640 3232/299/640 3230/297/1089 3229/296/638 
s 2
f 3220/285/641 3219/284/1213 3232/299/640 3231/298/640 
s 1
f 3233/282/928 3234/283/652 3235/284/651 3236/285/1216 
s 2
f 3237/286/653 3238/287/654 3234/288/652 3233/289/928 
s 1
f 3239/290/655 3240/291/1099 3238/287/654 3237/286/653 
s 2
f 3241/292/929 3242/293/1096 3240/291/1099 3239/290/655 
s 1
f 3243/294/930 3244/295/647 3242/293/1096 3241/292/929 
s 2
f 3245/296/931 3246/297/1217 3244/295/647 3243/294/930 
s 1
f 3247/298/932 3248/299/650 3246/297/1217 3245/296/931 
s 2
f 3236/285/1216 3235/284/651 3248/299/650 3247/298/932 
s 1
f 3249/282/933 3250/283/933 3251/284/1101 3252/285/662 
s 2
f 3253/286/1218 3254/287/1218 3250/288/933 3249/289/933 
s 1
f 3255/290/665 3256/291/665 3254/287/1218 3253/286/1218 
s 2
f 3257/292/656 3258/293/656 3256/291/665 3255/290/665 
s 1
f 3259/294/1219 3260/295/657 3258/293/656 3257/292/656 
s 2
f 3261/296/940 3262/297/660 3260/295/657 3259/294/1219 
s 1
f 3263/298/941 3264/299/1220 3262/297/660 3261/296/940 
s 2
f 3252/285/662 3251/284/1101 3264/299/1220 3263/298/941 
s 1
f 3265/282/672 3266/283/1105 3267/284/670 3268/285/1221 
s 2
f 3269/286/942 3270/287/674 3266/288/1105 3265/289/672 
s 1
f 3271/290/943 3272/291/1106 3270/287/674 3269/286/942 
s 2
f 3273/292/666 3274/293/1104 3272/291/1106 3271/290/943 
s 1
f 3275/294/944 3276/295/944 3274/293/1104 3273/292/666 
s 2
f 3277/296/1222 3278/297/945 3276/295/944 3275/294/944 
s 1
f 3279/298/669 3280/299/1223 3278/297/945 3277/296/1222 
s 2
f 3268/285/1221 3267/284/670 3280/299/1223 3279/298/669 
s 1
f 1938/283/946 3281/300/1224 3282/301/810 1939/284/810 
s 2
f 1942/287/947 3283/302/812 3281/303/1224 1938/288/946 
s 1
f 1944/291/948 3284/304/948 3283/302/812 1942/287/947 
s 2
f 1946/293/949 3285/305/949 3284/304/948 1944/291/948 
s 1
f 1948/295/804 3286/306/1225 3285/305/949 1946/293/949 
s 2
f 1950/297/806 3287/307/1162 3286/306/1225 1948/295/804 
s 1
f 1952/299/807 3288/308/1226 3287/307/1162 1950/297/806 
s 2
f 1939/284/810 3282/301/810 3288/308/1226 1952/299/807 
s 1
f 1954/283/678 3289/300/678 3290/301/1227 1955/284/951 
s 2
f 1958/287/679 3291/302/223 3289/303/678 1954/288/678 
s 1
f 1960/291/681 3292/304/681 3291/302/223 1958/287/679 
s 2
f 1962/293/225 3293/305/225 3292/304/681 1960/291/681 
s 1
f 1964/295/227 3294/306/227 3293/305/225 1962/293/225 
s 2
f 1966/297/954 3295/307/954 3294/306/227 1964/295/227 
s 1
f 1968/299/230 3296/308/230 3295/307/954 1966/297/954 
s 2
f 1955/284/951 3290/301/1227 3296/308/230 1968/299/230 
s 1
f 3297/283/1228 3298/300/1228 3299/301/232 3300/284/232 
s 2
f 3301/287/234 3302/302/234 3298/303/1228 3297/288/1228 
s 1
f 3303/291/1112 3304/304/1112 3302/302/234 3301/287/234 
s 2
f 3305/293/682 3306/305/682 3304/304/1112 3303/291/1112 
s 1
f 3307/295/683 3308/306/683 3306/305/682 3305/293/682 
s 2
f 3309/297/1229 3310/307/1229 3308/306/683 3307/295/683 
s 1
f 3311/299/685 3312/308/241 3310/307/1229 3309/297/1229 
s 2
f 3300/284/232 3299/301/232 3312/308/241 3311/299/685 
s 1
f 3313/283/692 3314/300/244 3315/301/1230 3316/284/1230 
s 2
f 3317/287/693 3318/302/693 3314/303/244 3313/288/692 
s 1
f 3319/291/694 3320/304/694 3318/302/693 3317/287/693 
s 2
f 3321/293/689 3322/305/689 3320/304/694 3319/291/694 
s 1
f 3323/295/1231 3324/306/1231 3322/305/689 3321/293/689 
s 2
f 3325/297/690 3326/307/690 3324/306/1231 3323/295/1231 
s 1
f 3327/299/691 3328/308/691 3326/307/690 3325/297/690 
s 2
f 3316/284/1230 3315/301/1230 3328/308/691 3327/299/691 
s 1
f 3329/283/1232 3330/300/701 3331/301/1233 3332/284/700 
s 2
f 3333/287/1117 3334/302/1117 3330/303/701 3329/288/1232 
s 1
f 3335/291/1234 3336/304/705 3334/302/1117 3333/287/1117 
s 2
f 3337/293/695 3338/305/1235 3336/304/705 3335/291/1234 
s 1
f 3339/295/696 3340/306/696 3338/305/1235 3337/293/695 
s 2
f 3341/297/698 3342/307/1236 3340/306/696 3339/295/696 
s 1
f 3343/299/699 3344/308/1237 3342/307/1236 3341/297/698 
s 2
f 3332/284/700 3331/301/1233 3344/308/1237 3343/299/699 
s 1
f 3345/283/712 3346/300/712 3347/301/262 3348/284/262 
s 2
f 3349/287/714 3350/302/713 3346/303/712 3345/288/712 
s 1
f 3351/291/266 3352/304/715 3350/302/713 3349/287/714 
s 2
f 3353/293/706 3354/305/268 3352/304/715 3351/291/266 
s 1
f 3355/295/270 3356/306/270 3354/305/268 3353/293/706 
s 2
f 3357/297/272 3358/307/272 3356/306/270 3355/295/270 
s 1
f 3359/299/710 3360/308/710 3358/307/272 3357/297/272 
s 2
f 3348/284/262 3347/301/262 3360/308/710 3359/299/710 
s 1
f 3361/283/718 3362/300/1238 3363/301/274 3364/284/274 
s 2
f 3365/287/719 3366/302/719 3362/303/1238 3361/288/718 
s 1
f 3367/291/720 3368/304/720 3366/302/719 3365/287/719 
s 2
f 3369/293/279 3370/305/279 3368/304/720 3367/291/720 
s 1
f 3371/295/281 3372/306/281 3370/305/279 3369/293/279 
s 2
f 3373/297/283 3374/307/283 3372/306/281 3371/295/281 
s 1
f 3375/299/285 3376/308/285 3374/307/283 3373/297/283 
s 2
f 3364/284/274 3363/301/274 3376/308/285 3375/299/285 
s 1
f 3377/283/287 3378/300/287 3379/301/286 3380/284/1126 
s 2
f 3381/287/1239 3382/302/1239 3378/303/287 3377/288/287 
s 1
f 3383/291/289 3384/304/289 3382/302/1239 3381/287/1239 
s 2
f 3385/293/290 3386/305/290 3384/304/289 3383/291/289 
s 1
f 3387/295/721 3388/306/721 3386/305/290 3385/293/290 
s 2
f 3389/297/1240 3390/307/1241 3388/306/721 3387/295/721 
s 1
f 3391/299/1125 3392/308/1125 3390/307/1241 3389/297/1240 
s 2
f 3380/284/1126 3379/301/286 3392/308/1125 3391/299/1125 
s 1
f 1970/283/295 3393/300/295 3394/301/730 1971/284/730 
s 2
f 1974/287/955 3395/302/955 3393/303/295 1970/288/295 
s 1
f 1976/291/297 3396/304/297 3395/302/955 1974/287/955 
s 2
f 1978/293/298 3397/305/1129 3396/304/297 1976/291/297 
s 1
f 1980/295/956 3398/306/1128 3397/305/1129 1978/293/298 
s 2
f 1982/297/957 3399/307/957 3398/306/1128 1980/295/956 
s 1
f 1984/299/729 3400/308/729 3399/307/957 1982/297/957 
s 2
f 1971/284/730 3394/301/730 3400/308/729 1984/299/729 
s 1
f 1986/283/303 3401/300/1242 3402/301/1135 1987/284/958 
s 2
f 1990/287/959 3403/302/959 3401/303/1242 1986/288/303 
s 1
f 1992/291/308 3404/304/307 3403/302/959 1990/287/959 
s 2
f 1994/293/310 3405/305/309 3404/304/307 1992/291/308 
s 1
f 1996/295/960 3406/306/960 3405/305/309 1994/293/310 
s 2
f 1998/297/312 3407/307/1243 3406/306/960 1996/295/960 
s 1
f 2000/299/961 3408/308/961 3407/307/1243 1998/297/312 
s 2
f 1987/284/958 3402/301/1135 3408/308/961 2000/299/961 
s 1
f 2002/283/316 3409/300/316 3410/301/962 2003/284/962 
s 2
f 2006/287/318 3411/302/318 3409/303/316 2002/288/316 
s 1
f 2008/291/319 3412/304/319 3411/302/318 2006/287/318 
s 2
f 2010/293/320 3413/305/320 3412/304/319 2008/291/319 
s 1
f 2012/295/321 3414/306/321 3413/305/320 2010/293/320 
s 2
f 2014/297/322 3415/307/322 3414/306/321 2012/295/321 
s 1
f 2016/299/323 3416/308/323 3415/307/322 2014/297/322 
s 2
f 2003/284/962 3410/301/962 3416/308/323 2016/299/323 
s 1
f 2018/283/325 3417/300/325 3418/301/324 2019/284/963 
s 2
f 2022/287/328 3419/302/751 3417/303/325 2018/288/325 
s 1
f 2024/291/964 3420/304/1141 3419/302/751 2022/287/328 
s 2
f 2026/293/331 3421/305/747 3420/304/1141 2024/291/964 
s 1
f 2028/295/965 3422/306/1244 3421/305/747 2026/293/331 
s 2
f 2030/297/966 3423/307/1245 3422/306/1244 2028/295/965 
s 1
f 2032/299/967 3424/308/749 3423/307/1245 2030/297/966 
s 2
f 2019/284/963 3418/301/324 3424/308/749 2032/299/967 
s 1
f 2034/283/339 3425/300/339 3426/301/338 2035/284/338 
s 2
f 2038/287/758 3427/302/340 3425/303/339 2034/288/339 
s 1
f 2040/291/968 3428/304/968 3427/302/340 2038/287/758 
s 2
f 2042/293/342 3429/305/342 3428/304/968 2040/291/968 
s 1
f 2044/295/343 3430/306/343 3429/305/342 2042/293/342 
s 2
f 2046/297/344 3431/307/344 3430/306/343 2044/295/343 
s 1
f 2048/299/969 3432/308/969 3431/307/344 2046/297/344 
s 2
f 2035/284/338 3426/301/338 3432/308/969 2048/299/969 
s 1
f 2050/283/970 3433/300/347 3434/301/760 2051/284/971 
s 2
f 2054/287/761 3435/302/1246 3433/303/347 2050/288/970 
s 1
f 2056/291/762 3436/304/351 3435/302/1246 2054/287/761 
s 2
f 2058/293/973 3437/305/1247 3436/304/351 2056/291/762 
s 1
f 2060/295/974 3438/306/974 3437/305/1247 2058/293/973 
s 2
f 2062/297/975 3439/307/975 3438/306/974 2060/295/974 
s 1
f 2064/299/976 3440/308/976 3439/307/975 2062/297/975 
s 2
f 2051/284/971 3434/301/760 3440/308/976 2064/299/976 
s 1
f 2066/283/767 3441/300/766 3442/301/358 2067/284/977 
s 2
f 2070/287/979 3443/302/979 3441/303/766 2066/288/767 
s 1
f 2072/291/981 3444/304/769 3443/302/979 2070/287/979 
s 2
f 2074/293/763 3445/305/1248 3444/304/769 2072/291/981 
s 1
f 2076/295/366 3446/306/365 3445/305/1248 2074/293/763 
s 2
f 2078/297/367 3447/307/367 3446/306/365 2076/295/366 
s 1
f 2080/299/984 3448/308/984 3447/307/367 2078/297/367 
s 2
f 2067/284/977 3442/301/358 3448/308/984 2080/299/984 
s 1
f 2082/283/985 3449/300/776 3450/301/987 2083/284/986 
s 2
f 2086/287/988 3451/302/988 3449/303/776 2082/288/985 
s 1
f 2088/291/372 3452/304/372 3451/302/988 2086/287/988 
s 2
f 2090/293/989 3453/305/989 3452/304/372 2088/291/372 
s 1
f 2092/295/990 3454/306/990 3453/305/989 2090/293/989 
s 2
f 2094/297/772 3455/307/772 3454/306/990 2092/295/990 
s 1
f 2096/299/774 3456/308/773 3455/307/772 2094/297/772 
s 2
f 2083/284/986 3450/301/987 3456/308/773 2096/299/774 
s 1
f 2098/283/379 3457/300/379 3458/301/779 2099/284/992 
s 2
f 2102/287/780 3459/302/780 3457/303/379 2098/288/379 
s 1
f 2104/291/993 3460/304/381 3459/302/780 2102/287/780 
s 2
f 2106/293/994 3461/305/994 3460/304/381 2104/291/993 
s 1
f 2108/295/995 3462/306/383 3461/305/994 2106/293/994 
s 2
f 2110/297/996 3463/307/996 3462/306/383 2108/295/995 
s 1
f 2112/299/385 3464/308/385 3463/307/996 2110/297/996 
s 2
f 2099/284/992 3458/301/779 3464/308/385 2112/299/385 
s 1
f 2114/283/387 3465/300/387 3466/301/1153 2115/284/997 
s 2
f 2118/287/785 3467/302/785 3465/303/387 2114/288/387 
s 1
f 2120/291/998 3468/304/390 3467/302/785 2118/287/785 
s 2
f 2122/293/392 3469/305/1249 3468/304/390 2120/291/998 
s 1
f 2124/295/393 3470/306/781 3469/305/1249 2122/293/392 
s 2
f 2126/297/394 3471/307/394 3470/306/781 2124/295/393 
s 1
f 2128/299/1000 3472/308/1000 3471/307/394 2126/297/394 
s 2
f 2115/284/997 3466/301/1153 3472/308/1000 2128/299/1000 
s 1
f 2130/283/793 3473/300/793 3474/301/792 2131/284/792 
s 2
f 2134/287/794 3475/302/794 3473/303/793 2130/288/793 
s 1
f 2136/291/1002 3476/304/1250 3475/302/794 2134/287/794 
s 2
f 2138/293/786 3477/305/786 3476/304/1250 2136/291/1002 
s 1
f 2140/295/788 3478/306/788 3477/305/786 2138/293/786 
s 2
f 2142/297/789 3479/307/789 3478/306/788 2140/295/788 
s 1
f 2144/299/791 3480/308/1251 3479/307/789 2142/297/789 
s 2
f 2131/284/792 3474/301/792 3480/308/1251 2144/299/791 
s 1
f 2146/283/407 3481/300/407 3482/301/800 2147/284/406 
s 2
f 2150/287/1003 3483/302/801 3481/303/407 2146/288/407 
s 1
f 2152/291/409 3484/304/409 3483/302/801 2150/287/1003 
s 2
f 2154/293/411 3485/305/795 3484/304/409 2152/291/409 
s 1
f 2156/295/796 3486/306/796 3485/305/795 2154/293/411 
s 2
f 2158/297/797 3487/307/797 3486/306/796 2156/295/796 
s 1
f 2160/299/414 3488/308/414 3487/307/797 2158/297/797 
s 2
f 2147/284/406 3482/301/800 3488/308/414 2160/299/414 
s 1
f 2162/283/417 3489/300/417 3490/301/1004 2163/284/1004 
s 2
f 2166/287/419 3491/302/418 3489/303/417 2162/288/417 
s 1
f 2168/291/803 3492/304/1252 3491/302/418 2166/287/419 
s 2
f 2170/293/1005 3493/305/1005 3492/304/1252 2168/291/803 
s 1
f 2172/295/1006 3494/306/1006 3493/305/1005 2170/293/1005 
s 2
f 2174/297/1007 3495/307/1007 3494/306/1006 2172/295/1006 
s 1
f 2176/299/426 3496/308/426 3495/307/1007 2174/297/1007 
s 2
f 2163/284/1004 3490/301/1004 3496/308/426 2176/299/426 
s 1
f 2178/283/429 3497/300/429 3498/301/428 2179/284/428 
s 2
f 2182/287/1008 3499/302/1008 3497/303/429 2178/288/429 
s 1
f 2184/291/432 3500/304/432 3499/302/1008 2182/287/1008 
s 2
f 2186/293/1009 3501/305/1009 3500/304/432 2184/291/432 
s 1
f 2188/295/435 3502/306/435 3501/305/1009 2186/293/1009 
s 2
f 2190/297/436 3503/307/436 3502/306/435 2188/295/435 
s 1
f 2192/299/437 3504/308/437 3503/307/436 2190/297/436 
s 2
f 2179/284/428 3498/301/428 3504/308/437 2192/299/437 
s 1
f 2194/283/439 3505/300/439 3506/301/438 2195/284/438 
s 2
f 2198/287/440 3507/302/440 3505/303/439 2194/288/439 
s 1
f 2200/291/442 3508/304/442 3507/302/440 2198/287/440 
s 2
f 2202/293/1010 3509/305/1010 3508/304/442 2200/291/442 
s 1
f 2204/295/1011 3510/306/1253 3509/305/1010 2202/293/1010 
s 2
f 2206/297/447 3511/307/447 3510/306/1253 2204/295/1011 
s 1
f 2208/299/449 3512/308/1254 3511/307/447 2206/297/447 
s 2
f 2195/284/438 3506/301/438 3512/308/1254 2208/299/449 
s 1
f 2210/283/1012 3513/300/1012 3514/301/450 2211/284/450 
s 2
f 2214/287/452 3515/302/452 3513/303/1012 2210/288/1012 
s 1
f 2216/291/453 3516/304/453 3515/302/452 2214/287/452 
s 2
f 2218/293/454 3517/305/454 3516/304/453 2216/291/453 
s 1
f 2220/295/1013 3518/306/1173 3517/305/454 2218/293/454 
s 2
f 2222/297/1014 3519/307/822 3518/306/1173 2220/295/1013 
s 1
f 2224/299/1015 3520/308/1015 3519/307/822 2222/297/1014 
s 2
f 2211/284/450 3514/301/450 3520/308/1015 2224/299/1015 
s 1
f 2226/283/461 3521/300/461 3522/301/1016 2227/284/1016 
s 2
f 2230/287/462 3523/302/462 3521/303/461 2226/288/461 
s 1
f 2232/291/832 3524/304/832 3523/302/462 2230/287/462 
s 2
f 2234/293/464 3525/305/464 3524/304/832 2232/291/832 
s 1
f 2236/295/1020 3526/306/1255 3525/305/464 2234/293/464 
s 2
f 2238/297/1021 3527/307/1179 3526/306/1255 2236/295/1020 
s 1
f 2240/299/1022 3528/308/1022 3527/307/1179 2238/297/1021 
s 2
f 2227/284/1016 3522/301/1016 3528/308/1022 2240/299/1022 
s 1
f 2242/283/469 3529/300/469 3530/301/1023 2243/284/1023 
s 2
f 2246/287/1024 3531/302/1024 3529/303/469 2242/288/469 
s 1
f 2248/291/1025 3532/304/1025 3531/302/1024 2246/287/1024 
s 2
f 2250/293/834 3533/305/472 3532/304/1025 2248/291/1025 
s 1
f 2252/295/1026 3534/306/1256 3533/305/472 2250/293/834 
s 2
f 2254/297/474 3535/307/836 3534/306/1256 2252/295/1026 
s 1
f 2256/299/476 3536/308/1182 3535/307/836 2254/297/474 
s 2
f 2243/284/1023 3530/301/1023 3536/308/1182 2256/299/476 
s 1
f 2258/283/479 3537/300/479 3538/301/842 2259/284/842 
s 2
f 2262/287/481 3539/302/844 3537/303/479 2258/288/479 
s 1
f 2264/291/845 3540/304/845 3539/302/844 2262/287/481 
s 2
f 2266/293/483 3541/305/1257 3540/304/845 2264/291/845 
s 1
f 2268/295/1028 3542/306/1028 3541/305/1257 2266/293/483 
s 2
f 2270/297/841 3543/307/841 3542/306/1028 2268/295/1028 
s 1
f 2272/299/1030 3544/308/1030 3543/307/841 2270/297/841 
s 2
f 2259/284/842 3538/301/842 3544/308/1030 2272/299/1030 
s 1
f 2274/283/1031 3545/300/1031 3546/301/488 2275/284/1032 
s 2
f 2278/287/848 3547/302/1258 3545/303/1031 2274/288/1031 
s 1
f 2280/291/850 3548/304/850 3547/302/1258 2278/287/848 
s 2
f 2282/293/493 3549/305/846 3548/304/850 2280/291/850 
s 1
f 2284/295/847 3550/306/847 3549/305/846 2282/293/493 
s 2
f 2286/297/1034 3551/307/1034 3550/306/847 2284/295/847 
s 1
f 2288/299/1035 3552/308/1035 3551/307/1034 2286/297/1034 
s 2
f 2275/284/1032 3546/301/488 3552/308/1035 2288/299/1035 
s 1
f 2290/283/498 3553/300/498 3554/301/497 2291/284/497 
s 2
f 2294/287/1036 3555/302/1036 3553/303/498 2290/288/498 
s 1
f 2296/291/501 3556/304/501 3555/302/1036 2294/287/1036 
s 2
f 2298/293/503 3557/305/503 3556/304/501 2296/291/501 
s 1
f 2300/295/853 3558/306/852 3557/305/503 2298/293/503 
s 2
f 2302/297/854 3559/307/854 3558/306/852 2300/295/853 
s 1
f 2304/299/855 3560/308/855 3559/307/854 2302/297/854 
s 2
f 2291/284/497 3554/301/497 3560/308/855 2304/299/855 
s 1
f 2306/283/1038 3561/300/1259 3562/301/507 2307/284/509 
s 2
f 2310/287/510 3563/302/510 3561/303/1259 2306/288/1038 
s 1
f 2312/291/1040 3564/304/1040 3563/302/510 2310/287/510 
s 2
f 2314/293/513 3565/305/1186 3564/304/1040 2312/291/1040 
s 1
f 2316/295/1041 3566/306/1041 3565/305/1186 2314/293/513 
s 2
f 2318/297/1042 3567/307/516 3566/306/1041 2316/295/1041 
s 1
f 2320/299/856 3568/308/517 3567/307/516 2318/297/1042 
s 2
f 2307/284/509 3562/301/507 3568/308/517 2320/299/856 
s 1
f 2322/283/1043 3569/300/1260 3570/301/859 2323/284/1044 
s 2
f 2326/287/860 3571/302/1261 3569/303/1260 2322/288/1043 
s 1
f 2328/291/861 3572/304/861 3571/302/1261 2326/287/860 
s 2
f 2330/293/523 3573/305/523 3572/304/861 2328/291/861 
s 1
f 2332/295/1045 3574/306/1045 3573/305/523 2330/293/523 
s 2
f 2334/297/1046 3575/307/1046 3574/306/1045 2332/295/1045 
s 1
f 2336/299/527 3576/308/858 3575/307/1046 2334/297/1046 
s 2
f 2323/284/1044 3570/301/859 3576/308/858 2336/299/527 
s 1
f 2338/283/529 3577/300/529 3578/301/863 2339/284/863 
s 2
f 2342/287/1047 3579/302/865 3577/303/529 2338/288/529 
s 1
f 2344/291/866 3580/304/866 3579/302/865 2342/287/1047 
s 2
f 2346/293/535 3581/305/535 3580/304/866 2344/291/866 
s 1
f 2348/295/537 3582/306/537 3581/305/535 2346/293/535 
s 2
f 2350/297/538 3583/307/538 3582/306/537 2348/295/537 
s 1
f 2352/299/1048 3584/308/1048 3583/307/538 2350/297/538 
s 2
f 2339/284/863 3578/301/863 3584/308/1048 2352/299/1048 
s 1
f 2354/283/542 3585/300/541 3586/301/1262 2355/284/540 
s 2
f 2358/287/543 3587/302/543 3585/303/541 2354/288/542 
s 1
f 2360/291/545 3588/304/544 3587/302/543 2358/287/543 
s 2
f 2362/293/1049 3589/305/867 3588/304/544 2360/291/545 
s 1
f 2364/295/1050 3590/306/1263 3589/305/867 2362/293/1049 
s 2
f 2366/297/1051 3591/307/868 3590/306/1263 2364/295/1050 
s 1
f 2368/299/1052 3592/308/1052 3591/307/868 2366/297/1051 
s 2
f 2355/284/540 3586/301/1262 3592/308/1052 2368/299/1052 
s 1
f 2370/283/1053 3593/300/873 3594/301/1054 2371/284/1054 
s 2
f 2374/287/1055 3595/302/1055 3593/303/873 2370/288/1053 
s 1
f 2376/291/1056 3596/304/1056 3595/302/1055 2374/287/1055 
s 2
f 2378/293/1057 3597/305/1264 3596/304/1056 2376/291/1056 
s 1
f 2380/295/871 3598/306/871 3597/305/1264 2378/293/1057 
s 2
f 2382/297/872 3599/307/872 3598/306/871 2380/295/871 
s 1
f 2384/299/1058 3600/308/1058 3599/307/872 2382/297/872 
s 2
f 2371/284/1054 3594/301/1054 3600/308/1058 2384/299/1058 
s 1
f 2386/283/560 3601/300/560 3602/301/1059 2387/284/1059 
s 2
f 2390/287/561 3603/302/561 3601/303/560 2386/288/560 
s 1
f 2392/291/1060 3604/304/1060 3603/302/561 2390/287/561 
s 2
f 2394/293/563 3605/305/563 3604/304/1060 2392/291/1060 
s 1
f 2396/295/875 3606/306/875 3605/305/563 2394/293/563 
s 2
f 2398/297/878 3607/307/1265 3606/306/875 2396/295/875 
s 1
f 2400/299/567 3608/308/567 3607/307/1265 2398/297/878 
s 2
f 2387/284/1059 3602/301/1059 3608/308/567 2400/299/567 
s 1
f 2402/283/888 3609/300/888 3610/301/1061 2403/284/1061 
s 2
f 2406/287/1062 3611/302/1062 3609/303/888 2402/288/888 
s 1
f 2408/291/1063 3612/304/571 3611/302/1062 2406/287/1062 
s 2
f 2410/293/1064 3613/305/883 3612/304/571 2408/291/1063 
s 1
f 2412/295/1065 3614/306/884 3613/305/883 2410/293/1064 
s 2
f 2414/297/885 3615/307/1266 3614/306/884 2412/295/1065 
s 1
f 2416/299/887 3616/308/886 3615/307/1266 2414/297/885 
s 2
f 2403/284/1061 3610/301/1061 3616/308/886 2416/299/887 
s 1
f 2418/283/895 3617/300/896 3618/301/1067 2419/284/1067 
s 2
f 2422/287/581 3619/302/581 3617/303/896 2418/288/895 
s 1
f 2424/291/899 3620/304/898 3619/302/581 2422/287/581 
s 2
f 2426/293/584 3621/305/584 3620/304/898 2424/291/899 
s 1
f 2428/295/891 3622/306/891 3621/305/584 2426/293/584 
s 2
f 2430/297/587 3623/307/587 3622/306/891 2428/295/891 
s 1
f 2432/299/893 3624/308/893 3623/307/587 2430/297/587 
s 2
f 2419/284/1067 3618/301/1067 3624/308/893 2432/299/893 
s 1
f 2434/283/591 3625/300/591 3626/301/904 2435/284/1069 
s 2
f 2438/287/1070 3627/302/907 3625/303/591 2434/288/591 
s 1
f 2440/291/1071 3628/304/1071 3627/302/907 2438/287/1070 
s 2
f 2442/293/1073 3629/305/1073 3628/304/1071 2440/291/1071 
s 1
f 2444/295/1074 3630/306/1074 3629/305/1073 2442/293/1073 
s 2
f 2446/297/901 3631/307/901 3630/306/1074 2444/295/1074 
s 1
f 2448/299/600 3632/308/903 3631/307/901 2446/297/901 
s 2
f 2435/284/1069 3626/301/904 3632/308/903 2448/299/600 
s 1
f 2450/283/602 3633/300/913 3634/301/912 2451/284/912 
s 2
f 2454/287/1076 3635/302/1267 3633/303/913 2450/288/602 
s 1
f 2456/291/1077 3636/304/915 3635/302/1267 2454/287/1076 
s 2
f 2458/293/605 3637/305/908 3636/304/915 2456/291/1077 
s 1
f 2460/295/606 3638/306/909 3637/305/908 2458/293/605 
s 2
f 2462/297/608 3639/307/1268 3638/306/909 2460/295/606 
s 1
f 2464/299/610 3640/308/911 3639/307/1268 2462/297/608 
s 2
f 2451/284/912 3634/301/912 3640/308/911 2464/299/610 
s 1
f 2466/283/613 3641/300/612 3642/301/921 2467/284/1078 
s 2
f 2470/287/922 3643/302/614 3641/303/612 2466/288/613 
s 1
f 2472/291/616 3644/304/1080 3643/302/614 2470/287/922 
s 2
f 2474/293/918 3645/305/918 3644/304/1080 2472/291/616 
s 1
f 2476/295/619 3646/306/618 3645/305/918 2474/293/918 
s 2
f 2478/297/621 3647/307/620 3646/306/618 2476/295/619 
s 1
f 2480/299/920 3648/308/920 3647/307/620 2478/297/621 
s 2
f 2467/284/1078 3642/301/921 3648/308/920 2480/299/920 
s 1
f 2482/283/1081 3649/300/1269 3650/301/1270 2483/284/623 
s 2
f 2486/287/926 3651/302/1271 3649/303/1269 2482/288/1081 
s 1
f 2488/291/1082 3652/304/1082 3651/302/1271 2486/287/926 
s 2
f 2490/293/1084 3653/305/1083 3652/304/1082 2488/291/1082 
s 1
f 2492/295/923 3654/306/923 3653/305/1083 2490/293/1084 
s 2
f 2494/297/1085 3655/307/1085 3654/306/923 2492/295/923 
s 1
f 2496/299/1086 3656/308/1086 3655/307/1085 2494/297/1085 
s 2
f 2483/284/623 3650/301/1270 3656/308/1086 2496/299/1086 
s 1
f 2498/283/635 3657/300/635 3658/301/1087 2499/284/1087 
s 2
f 2502/287/1089 3659/302/1272 3657/303/635 2498/288/635 
s 1
f 2504/291/639 3660/304/639 3659/302/1272 2502/287/1089 
s 2
f 2506/293/1090 3661/305/1213 3660/304/639 2504/291/639 
s 1
f 2508/295/1092 3662/306/1092 3661/305/1213 2506/293/1090 
s 2
f 2510/297/1093 3663/307/1093 3662/306/1092 2508/295/1092 
s 1
f 2512/299/644 3664/308/644 3663/307/1093 2510/297/1093 
s 2
f 2499/284/1087 3658/301/1087 3664/308/644 2512/299/644 
s 1
f 2514/283/1095 3665/300/1094 3666/301/929 2515/284/1096 
s 2
f 2518/287/931 3667/302/1273 3665/303/1094 2514/288/1095 
s 1
f 2520/291/932 3668/304/932 3667/302/1273 2518/287/931 
s 2
f 2522/293/927 3669/305/927 3668/304/932 2520/291/932 
s 1
f 2524/295/1097 3670/306/928 3669/305/927 2522/293/927 
s 2
f 2526/297/653 3671/307/653 3670/306/928 2524/295/1097 
s 1
f 2528/299/1099 3672/308/1099 3671/307/653 2526/297/653 
s 2
f 2515/284/1096 3666/301/929 3672/308/1099 2528/299/1099 
s 1
f 2530/283/938 3673/300/938 3674/301/656 2531/284/656 
s 2
f 2534/287/940 3675/302/939 3673/303/938 2530/288/938 
s 1
f 2536/291/1100 3676/304/1220 3675/302/939 2534/287/940 
s 2
f 2538/293/1101 3677/305/1101 3676/304/1220 2536/291/1100 
s 1
f 2540/295/1102 3678/306/1102 3677/305/1101 2538/293/1101 
s 2
f 2542/297/934 3679/307/1218 3678/306/1102 2540/295/1102 
s 1
f 2544/299/935 3680/308/935 3679/307/1218 2542/297/934 
s 2
f 2531/284/656 3674/301/656 3680/308/935 2544/299/935 
s 1
f 2546/283/944 3681/300/944 3682/301/1103 2547/284/1103 
s 2
f 2550/287/668 3683/302/668 3681/303/944 2546/288/944 
s 1
f 2552/291/669 3684/304/669 3683/302/668 2550/287/668 
s 2
f 2554/293/670 3685/305/670 3684/304/669 2552/291/669 
s 1
f 2556/295/1105 3686/306/1105 3685/305/670 2554/293/670 
s 2
f 2558/297/674 3687/307/673 3686/306/1105 2556/295/1105 
s 1
f 2560/299/1106 3688/308/943 3687/307/673 2558/297/674 
s 2
f 2547/284/1103 3682/301/1103 3688/308/943 2560/299/1106 
s 1
f 2562/283/227 3689/300/227 3690/301/225 2563/284/225 
s 2
f 2566/287/676 3691/302/676 3689/303/227 2562/288/227 
s 1
f 2568/291/231 3692/304/231 3691/302/676 2566/287/676 
s 2
f 2570/293/951 3693/305/951 3692/304/231 2568/291/231 
s 1
f 2572/295/222 3694/306/222 3693/305/951 2570/293/951 
s 2
f 2574/297/679 3695/307/679 3694/306/222 2572/295/222 
s 1
f 2576/299/224 3696/308/224 3695/307/679 2574/297/679 
s 2
f 2563/284/225 3690/301/225 3696/308/224 2576/299/224 
s 1
f 2578/283/1107 3697/300/683 3698/301/237 2579/284/237 
s 2
f 2582/287/239 3699/302/239 3697/303/683 2578/288/1107 
s 1
f 2584/291/685 3700/304/685 3699/302/239 2582/287/239 
s 2
f 2586/293/1108 3701/305/232 3700/304/685 2584/291/685 
s 1
f 2588/295/1109 3702/306/233 3701/305/232 2586/293/1108 
s 2
f 2590/297/234 3703/307/1110 3702/306/233 2588/295/1109 
s 1
f 2592/299/1112 3704/308/1274 3703/307/1110 2590/297/234 
s 2
f 2579/284/237 3698/301/237 3704/308/1274 2592/299/1112 
s 1
f 2594/283/248 3705/300/248 3706/301/689 2595/284/689 
s 2
f 2598/287/249 3707/302/249 3705/303/248 2594/288/248 
s 1
f 2600/291/250 3708/304/250 3707/302/249 2598/287/249 
s 2
f 2602/293/243 3709/305/243 3708/304/250 2600/291/250 
s 1
f 2604/295/1113 3710/306/1275 3709/305/243 2602/293/243 
s 2
f 2606/297/693 3711/307/693 3710/306/1275 2604/295/1113 
s 1
f 2608/299/1114 3712/308/246 3711/307/693 2606/297/693 
s 2
f 2595/284/689 3706/301/689 3712/308/246 2608/299/1114 
s 1
f 2610/283/257 3713/300/257 3714/301/1276 2611/284/1115 
s 2
f 2614/287/259 3715/302/259 3713/303/257 2610/288/257 
s 1
f 2616/291/260 3716/304/261 3715/302/259 2614/287/259 
s 2
f 2618/293/253 3717/305/700 3716/304/261 2616/291/260 
s 1
f 2620/295/252 3718/306/252 3717/305/700 2618/293/253 
s 2
f 2622/297/1117 3719/307/1277 3718/306/252 2620/295/252 
s 1
f 2624/299/705 3720/308/704 3719/307/1277 2622/297/1117 
s 2
f 2611/284/1115 3714/301/1276 3720/308/704 2624/299/705 
s 1
f 2626/283/271 3721/300/1278 3722/301/1118 2627/284/1118 
s 2
f 2630/287/272 3723/302/708 3721/303/1278 2626/288/271 
s 1
f 2632/291/273 3724/304/273 3723/302/708 2630/287/272 
s 2
f 2634/293/262 3725/305/262 3724/304/273 2632/291/273 
s 1
f 2636/295/264 3726/306/263 3725/305/262 2634/293/262 
s 2
f 2638/297/1120 3727/307/265 3726/306/263 2636/295/264 
s 1
f 2640/299/267 3728/308/267 3727/307/265 2638/297/1120 
s 2
f 2627/284/1118 3722/301/1118 3728/308/267 2640/299/267 
s 1
f 2642/283/282 3729/300/1279 3730/301/279 2643/284/279 
s 2
f 2646/287/284 3731/302/283 3729/303/1279 2642/288/282 
s 1
f 2648/291/285 3732/304/285 3731/302/283 2646/287/284 
s 2
f 2650/293/274 3733/305/1121 3732/304/285 2648/291/285 
s 1
f 2652/295/276 3734/306/276 3733/305/1121 2650/293/274 
s 2
f 2654/297/719 3735/307/277 3734/306/276 2652/295/276 
s 1
f 2656/299/278 3736/308/278 3735/307/277 2654/297/719 
s 2
f 2643/284/279 3730/301/279 3736/308/278 2656/299/278 
s 1
f 2658/283/721 3737/300/721 3738/301/1280 2659/284/1123 
s 2
f 2662/287/1124 3739/302/1240 3737/303/721 2658/288/721 
s 1
f 2664/291/1125 3740/304/1125 3739/302/1240 2662/287/1124 
s 2
f 2666/293/1126 3741/305/1281 3740/304/1125 2664/291/1125 
s 1
f 2668/295/287 3742/306/287 3741/305/1281 2666/293/1126 
s 2
f 2670/297/1127 3743/307/726 3742/306/287 2668/295/287 
s 1
f 2672/299/289 3744/308/289 3743/307/726 2670/297/1127 
s 2
f 2659/284/1123 3738/301/1280 3744/308/289 2672/299/289 
s 1
f 2674/283/299 3745/300/1128 3746/301/1129 2675/284/298 
s 2
f 2678/287/727 3747/302/727 3745/303/1128 2674/288/299 
s 1
f 2680/291/729 3748/304/301 3747/302/727 2678/287/727 
s 2
f 2682/293/294 3749/305/294 3748/304/301 2680/291/729 
s 1
f 2684/295/1130 3750/306/731 3749/305/294 2682/293/294 
s 2
f 2686/297/1131 3751/307/732 3750/306/731 2684/295/1130 
s 1
f 2688/299/297 3752/308/297 3751/307/732 2686/297/1131 
s 2
f 2675/284/298 3746/301/1129 3752/308/297 2688/299/297 
s 1
f 2690/283/1132 3753/300/1132 3754/301/309 2691/284/1133 
s 2
f 2694/287/737 3755/302/737 3753/303/1132 2690/288/1132 
s 1
f 2696/291/1134 3756/304/1134 3755/302/737 2694/287/737 
s 2
f 2698/293/1135 3757/305/1282 3756/304/1134 2696/291/1134 
s 1
f 2700/295/303 3758/306/303 3757/305/1282 2698/293/1135 
s 2
f 2702/297/1136 3759/307/306 3758/306/303 2700/295/303 
s 1
f 2704/299/308 3760/308/308 3759/307/306 2702/297/1136 
s 2
f 2691/284/1133 3754/301/309 3760/308/308 2704/299/308 
s 1
f 2706/283/1137 3761/300/1137 3762/301/742 2707/284/320 
s 2
f 2710/287/322 3763/302/322 3761/303/1137 2706/288/1137 
s 1
f 2712/291/323 3764/304/323 3763/302/322 2710/287/322 
s 2
f 2714/293/315 3765/305/746 3764/304/323 2712/291/323 
s 1
f 2716/295/316 3766/306/316 3765/305/746 2714/293/315 
s 2
f 2718/297/1139 3767/307/1139 3766/306/316 2716/295/316 
s 1
f 2720/299/1140 3768/308/1140 3767/307/1139 2718/297/1139 
s 2
f 2707/284/320 3762/301/742 3768/308/1140 2720/299/1140 
s 1
f 2722/283/333 3769/300/333 3770/301/331 2723/284/331 
s 2
f 2726/287/334 3771/302/748 3769/303/333 2722/288/333 
s 1
f 2728/291/336 3772/304/336 3771/302/748 2726/287/334 
s 2
f 2730/293/324 3773/305/324 3772/304/336 2728/291/336 
s 1
f 2732/295/325 3774/306/325 3773/305/324 2730/293/324 
s 2
f 2734/297/328 3775/307/327 3774/306/325 2732/295/325 
s 1
f 2736/299/1141 3776/308/1141 3775/307/327 2734/297/328 
s 2
f 2723/284/331 3770/301/331 3776/308/1141 2736/299/1141 
s 1
f 2738/283/1142 3777/300/1142 3778/301/1143 2739/284/1143 
s 2
f 2742/287/1145 3779/302/1283 3777/303/1142 2738/288/1142 
s 1
f 2744/291/345 3780/304/1284 3779/302/1283 2742/287/1145 
s 2
f 2746/293/338 3781/305/338 3780/304/1284 2744/291/345 
s 1
f 2748/295/339 3782/306/756 3781/305/338 2746/293/338 
s 2
f 2750/297/1147 3783/307/1285 3782/306/756 2748/295/339 
s 1
f 2752/299/759 3784/308/1148 3783/307/1285 2750/297/1147 
s 2
f 2739/284/1143 3778/301/1143 3784/308/1148 2752/299/759 
s 1
f 2754/283/354 3785/300/354 3786/301/353 2755/284/353 
s 2
f 2758/287/356 3787/302/356 3785/303/354 2754/288/354 
s 1
f 2760/291/357 3788/304/357 3787/302/356 2758/287/356 
s 2
f 2762/293/760 3789/305/760 3788/304/357 2760/291/357 
s 1
f 2764/295/348 3790/306/348 3789/305/760 2762/293/760 
s 2
f 2766/297/1149 3791/307/1149 3790/306/348 2764/295/348 
s 1
f 2768/299/762 3792/308/762 3791/307/1149 2766/297/1149 
s 2
f 2755/284/353 3786/301/353 3792/308/762 2768/299/762 
s 1
f 2770/283/365 3793/300/365 3794/301/364 2771/284/363 
s 2
f 2774/287/765 3795/302/367 3793/303/365 2770/288/365 
s 1
f 2776/291/984 3796/304/984 3795/302/367 2774/287/765 
s 2
f 2778/293/977 3797/305/358 3796/304/984 2776/291/984 
s 1
f 2780/295/359 3798/306/1286 3797/305/358 2778/293/977 
s 2
f 2782/297/768 3799/307/979 3798/306/1286 2780/295/359 
s 1
f 2784/299/362 3800/308/362 3799/307/979 2782/297/768 
s 2
f 2771/284/363 3794/301/364 3800/308/362 2784/299/362 
s 1
f 2786/283/990 3801/300/990 3802/301/1287 2787/284/989 
s 2
f 2790/287/1150 3803/302/376 3801/303/990 2786/288/990 
s 1
f 2792/291/377 3804/304/377 3803/302/376 2790/287/1150 
s 2
f 2794/293/987 3805/305/775 3804/304/377 2792/291/377 
s 1
f 2796/295/776 3806/306/776 3805/305/775 2794/293/987 
s 2
f 2798/297/988 3807/307/988 3806/306/776 2796/295/776 
s 1
f 2800/299/373 3808/308/373 3807/307/988 2798/297/988 
s 2
f 2787/284/989 3802/301/1287 3808/308/373 2800/299/373 
s 1
f 2802/283/383 3809/300/383 3810/301/994 2803/284/994 
s 2
f 2806/287/996 3811/302/996 3809/303/383 2802/288/383 
s 1
f 2808/291/1151 3812/304/1151 3811/302/996 2806/287/996 
s 2
f 2810/293/378 3813/305/378 3812/304/1151 2808/291/1151 
s 1
f 2812/295/379 3814/306/379 3813/305/378 2810/293/378 
s 2
f 2814/297/380 3815/307/380 3814/306/379 2812/295/379 
s 1
f 2816/299/1152 3816/308/1152 3815/307/380 2814/297/380 
s 2
f 2803/284/994 3810/301/994 3816/308/1152 2816/299/1152 
s 1
f 2818/283/393 3817/300/393 3818/301/1249 2819/284/392 
s 2
f 2822/287/395 3819/302/1288 3817/303/393 2818/288/393 
s 1
f 2824/291/1000 3820/304/1289 3819/302/1288 2822/287/395 
s 2
f 2826/293/386 3821/305/997 3820/304/1289 2824/291/1000 
s 1
f 2828/295/388 3822/306/388 3821/305/997 2826/293/386 
s 2
f 2830/297/785 3823/307/785 3822/306/388 2828/295/388 
s 1
f 2832/299/390 3824/308/390 3823/307/785 2830/297/785 
s 2
f 2819/284/392 3818/301/1249 3824/308/390 2832/299/390 
s 1
f 2834/283/403 3825/300/787 3826/301/402 2835/284/402 
s 2
f 2838/287/404 3827/302/404 3825/303/787 2834/288/403 
s 1
f 2840/291/405 3828/304/790 3827/302/404 2838/287/404 
s 2
f 2842/293/792 3829/305/792 3828/304/790 2840/291/405 
s 1
f 2844/295/398 3830/306/1290 3829/305/792 2842/293/792 
s 2
f 2846/297/399 3831/307/399 3830/306/1290 2844/295/398 
s 1
f 2848/299/1002 3832/308/1002 3831/307/399 2846/297/399 
s 2
f 2835/284/402 3826/301/402 3832/308/1002 2848/299/1002 
s 1
f 2850/283/796 3833/300/412 3834/301/411 2851/284/411 
s 2
f 2854/287/413 3835/302/413 3833/303/412 2850/288/796 
s 1
f 2856/291/414 3836/304/1291 3835/302/413 2854/287/413 
s 2
f 2858/293/406 3837/305/1292 3836/304/1291 2856/291/414 
s 1
f 2860/295/407 3838/306/407 3837/305/1292 2858/293/406 
s 2
f 2862/297/408 3839/307/408 3838/306/407 2860/295/407 
s 1
f 2864/299/1156 3840/308/1156 3839/307/408 2862/297/408 
s 2
f 2851/284/411 3834/301/411 3840/308/1156 2864/299/1156 
s 1
f 2866/283/424 3841/300/1006 3842/301/1005 2867/284/1005 
s 2
f 2870/287/425 3843/302/425 3841/303/1006 2866/288/424 
s 1
f 2872/291/426 3844/304/426 3843/302/425 2870/287/425 
s 2
f 2874/293/1004 3845/305/1004 3844/304/426 2872/291/426 
s 1
f 2876/295/1158 3846/306/1158 3845/305/1004 2874/293/1004 
s 2
f 2878/297/1159 3847/307/419 3846/306/1158 2876/295/1158 
s 1
f 2880/299/803 3848/308/421 3847/307/419 2878/297/1159 
s 2
f 2867/284/1005 3842/301/1005 3848/308/421 2880/299/803 
s 1
f 2882/283/1160 3849/300/1293 3850/301/949 2883/284/1161 
s 2
f 2886/287/1162 3851/302/219 3849/303/1293 2882/288/1160 
s 1
f 2888/291/1163 3852/304/950 3851/302/219 2886/287/1162 
s 2
f 2890/293/209 3853/305/1164 3852/304/950 2888/291/1163 
s 1
f 2892/295/1165 3854/306/1165 3853/305/1164 2890/293/209 
s 2
f 2894/297/812 3855/307/947 3854/306/1165 2892/295/1165 
s 1
f 2896/299/1167 3856/308/1294 3855/307/947 2894/297/812 
s 2
f 2883/284/1161 3850/301/949 3856/308/1294 2896/299/1167 
s 1
f 2898/283/435 3857/300/435 3858/301/1009 2899/284/434 
s 2
f 2902/287/1169 3859/302/1169 3857/303/435 2898/288/435 
s 1
f 2904/291/1170 3860/304/1170 3859/302/1169 2902/287/1169 
s 2
f 2906/293/428 3861/305/428 3860/304/1170 2904/291/1170 
s 1
f 2908/295/429 3862/306/817 3861/305/428 2906/293/428 
s 2
f 2910/297/431 3863/307/431 3862/306/817 2908/295/429 
s 1
f 2912/299/818 3864/308/818 3863/307/431 2910/297/431 
s 2
f 2899/284/434 3858/301/1009 3864/308/818 2912/299/818 
s 1
f 2914/283/1011 3865/300/1011 3866/301/1010 2915/284/1010 
s 2
f 2918/287/447 3867/302/447 3865/303/1011 2914/288/1011 
s 1
f 2920/291/448 3868/304/448 3867/302/447 2918/287/447 
s 2
f 2922/293/438 3869/305/438 3868/304/448 2920/291/448 
s 1
f 2924/295/1171 3870/306/1171 3869/305/438 2922/293/438 
s 2
f 2926/297/441 3871/307/441 3870/306/1171 2924/295/1171 
s 1
f 2928/299/1172 3872/308/1172 3871/307/441 2926/297/441 
s 2
f 2915/284/1010 3866/301/1010 3872/308/1172 2928/299/1172 
s 1
f 2930/283/455 3873/300/1173 3874/301/1174 2931/284/454 
s 2
f 2934/287/457 3875/302/822 3873/303/1173 2930/288/455 
s 1
f 2936/291/459 3876/304/459 3875/302/822 2934/287/457 
s 2
f 2938/293/823 3877/305/823 3876/304/459 2936/291/459 
s 1
f 2940/295/1176 3878/306/1176 3877/305/823 2938/293/823 
s 2
f 2942/297/452 3879/307/452 3878/306/1176 2940/295/1176 
s 1
f 2944/299/1177 3880/308/1177 3879/307/452 2942/297/452 
s 2
f 2931/284/454 3874/301/1174 3880/308/1177 2944/299/1177 
s 1
f 2946/283/1178 3881/300/1019 3882/301/464 2947/284/464 
s 2
f 2950/287/1179 3883/302/1179 3881/303/1019 2946/288/1178 
s 1
f 2952/291/829 3884/304/829 3883/302/1179 2950/287/1179 
s 2
f 2954/293/1016 3885/305/1016 3884/304/829 2952/291/829 
s 1
f 2956/295/1180 3886/306/1180 3885/305/1016 2954/293/1016 
s 2
f 2958/297/1181 3887/307/1295 3886/306/1180 2956/295/1180 
s 1
f 2960/299/833 3888/308/463 3887/307/1295 2958/297/1181 
s 2
f 2947/284/464 3882/301/464 3888/308/463 2960/299/833 
s 1
f 2962/283/835 3889/300/835 3890/301/834 2963/284/834 
s 2
f 2966/287/836 3891/302/836 3889/303/835 2962/288/835 
s 1
f 2968/291/477 3892/304/477 3891/302/836 2966/287/836 
s 2
f 2970/293/1023 3893/305/1023 3892/304/477 2968/291/477 
s 1
f 2972/295/838 3894/306/838 3893/305/1023 2970/293/1023 
s 2
f 2974/297/839 3895/307/839 3894/306/838 2972/295/838 
s 1
f 2976/299/840 3896/308/840 3895/307/839 2974/297/839 
s 2
f 2963/284/834 3890/301/834 3896/308/840 2976/299/840 
s 1
f 2978/283/1028 3897/300/1028 3898/301/484 2979/284/484 
s 2
f 2982/287/486 3899/302/486 3897/303/1028 2978/288/1028 
s 1
f 2984/291/487 3900/304/1030 3899/302/486 2982/287/486 
s 2
f 2986/293/478 3901/305/478 3900/304/1030 2984/291/487 
s 1
f 2988/295/479 3902/306/479 3901/305/478 2986/293/478 
s 2
f 2990/297/481 3903/307/1296 3902/306/479 2988/295/479 
s 1
f 2992/299/482 3904/308/482 3903/307/1296 2990/297/481 
s 2
f 2979/284/484 3898/301/484 3904/308/482 2992/299/482 
s 1
f 2994/283/494 3905/300/494 3906/301/493 2995/284/493 
s 2
f 2998/287/495 3907/302/495 3905/303/494 2994/288/494 
s 1
f 3000/291/496 3908/304/496 3907/302/495 2998/287/495 
s 2
f 3002/293/488 3909/305/488 3908/304/496 3000/291/496 
s 1
f 3004/295/1031 3910/306/1031 3909/305/488 3002/293/488 
s 2
f 3006/297/491 3911/307/491 3910/306/1031 3004/295/1031 
s 1
f 3008/299/1184 3912/308/492 3911/307/491 3006/297/491 
s 2
f 2995/284/493 3906/301/493 3912/308/492 3008/299/1184 
s 1
f 3010/283/1185 3913/300/504 3914/301/503 3011/284/503 
s 2
f 3014/287/505 3915/302/505 3913/303/504 3010/288/1185 
s 1
f 3016/291/506 3916/304/506 3915/302/505 3014/287/505 
s 2
f 3018/293/497 3917/305/497 3916/304/506 3016/291/506 
s 1
f 3020/295/499 3918/306/499 3917/305/497 3018/293/497 
s 2
f 3022/297/1036 3919/307/1036 3918/306/499 3020/295/499 
s 1
f 3024/299/502 3920/308/502 3919/307/1036 3022/297/1036 
s 2
f 3011/284/503 3914/301/503 3920/308/502 3024/299/502 
s 1
f 3026/283/1041 3921/300/1041 3922/301/1186 3027/284/513 
s 2
f 3030/287/1187 3923/302/1042 3921/303/1041 3026/288/1041 
s 1
f 3032/291/1188 3924/304/517 3923/302/1042 3030/287/1187 
s 2
f 3034/293/509 3925/305/1039 3924/304/517 3032/291/1188 
s 1
f 3036/295/1038 3926/306/1038 3925/305/1039 3034/293/509 
s 2
f 3038/297/511 3927/307/510 3926/306/1038 3036/295/1038 
s 1
f 3040/299/512 3928/308/1040 3927/307/510 3038/297/511 
s 2
f 3027/284/513 3922/301/1186 3928/308/1040 3040/299/512 
s 1
f 3042/283/1045 3929/300/1045 3930/301/523 3043/284/523 
s 2
f 3046/287/526 3931/302/857 3929/303/1045 3042/288/1045 
s 1
f 3048/291/527 3932/304/1297 3931/302/857 3046/287/526 
s 2
f 3050/293/518 3933/305/518 3932/304/1297 3048/291/527 
s 1
f 3052/295/1043 3934/306/1043 3933/305/518 3050/293/518 
s 2
f 3054/297/1189 3935/307/521 3934/306/1043 3052/295/1043 
s 1
f 3056/299/522 3936/308/522 3935/307/521 3054/297/1189 
s 2
f 3043/284/523 3930/301/523 3936/308/522 3056/299/522 
s 1
f 3058/283/1190 3937/300/1190 3938/301/536 3059/284/536 
s 2
f 3062/287/538 3939/302/862 3937/303/1190 3058/288/1190 
s 1
f 3064/291/539 3940/304/539 3939/302/862 3062/287/538 
s 2
f 3066/293/528 3941/305/528 3940/304/539 3064/291/539 
s 1
f 3068/295/529 3942/306/529 3941/305/528 3066/293/528 
s 2
f 3070/297/531 3943/307/531 3942/306/529 3068/295/529 
s 1
f 3072/299/1191 3944/308/866 3943/307/531 3070/297/531 
s 2
f 3059/284/536 3938/301/536 3944/308/866 3072/299/1191 
s 1
f 3074/283/547 3945/300/547 3946/301/867 3075/284/546 
s 2
f 3078/287/1192 3947/302/548 3945/303/547 3074/288/547 
s 1
f 3080/291/1052 3948/304/1298 3947/302/548 3078/287/1192 
s 2
f 3082/293/1193 3949/305/540 3948/304/1298 3080/291/1052 
s 1
f 3084/295/542 3950/306/542 3949/305/540 3082/293/1193 
s 2
f 3086/297/1194 3951/307/870 3950/306/542 3084/295/542 
s 1
f 3088/299/544 3952/308/544 3951/307/870 3086/297/1194 
s 2
f 3075/284/546 3946/301/867 3952/308/544 3088/299/544 
s 1
f 3090/283/556 3953/300/556 3954/301/1264 3091/284/555 
s 2
f 3094/287/557 3955/302/557 3953/303/556 3090/288/556 
s 1
f 3096/291/558 3956/304/558 3955/302/557 3094/287/557 
s 2
f 3098/293/1054 3957/305/1054 3956/304/558 3096/291/558 
s 1
f 3100/295/1053 3958/306/873 3957/305/1054 3098/293/1054 
s 2
f 3102/297/553 3959/307/1299 3958/306/873 3100/295/1053 
s 1
f 3104/299/554 3960/308/554 3959/307/1299 3102/297/553 
s 2
f 3091/284/555 3954/301/1264 3960/308/554 3104/299/554 
s 1
f 3106/283/876 3961/300/875 3962/301/1300 3107/284/563 
s 2
f 3110/287/878 3963/302/566 3961/303/875 3106/288/876 
s 1
f 3112/291/1196 3964/304/1301 3963/302/566 3110/287/878 
s 2
f 3114/293/1059 3965/305/1059 3964/304/1301 3112/291/1196 
s 1
f 3116/295/880 3966/306/879 3965/305/1059 3114/293/1059 
s 2
f 3118/297/881 3967/307/1302 3966/306/879 3116/295/880 
s 1
f 3120/299/1198 3968/308/1060 3967/307/1302 3118/297/881 
s 2
f 3107/284/563 3962/301/1300 3968/308/1060 3120/299/1198 
s 1
f 3122/283/1065 3969/300/574 3970/301/883 3123/284/1199 
s 2
f 3126/287/576 3971/302/1066 3969/303/574 3122/288/1065 
s 1
f 3128/291/578 3972/304/577 3971/302/1066 3126/287/576 
s 2
f 3130/293/1061 3973/305/1061 3972/304/577 3128/291/578 
s 1
f 3132/295/1200 3974/306/569 3973/305/1061 3130/293/1061 
s 2
f 3134/297/1201 3975/307/1201 3974/306/569 3132/295/1200 
s 1
f 3136/299/571 3976/308/571 3975/307/1201 3134/297/1201 
s 2
f 3123/284/1199 3970/301/883 3976/308/571 3136/299/571 
s 1
f 3138/283/891 3977/300/586 3978/301/1202 3139/284/1202 
s 2
f 3142/287/587 3979/302/587 3977/303/586 3138/288/891 
s 1
f 3144/291/588 3980/304/589 3979/302/587 3142/287/587 
s 2
f 3146/293/1067 3981/305/1303 3980/304/589 3144/291/588 
s 1
f 3148/295/896 3982/306/1304 3981/305/1303 3146/293/1067 
s 2
f 3150/297/582 3983/307/1305 3982/306/1304 3148/295/896 
s 1
f 3152/299/1203 3984/308/1203 3983/307/1305 3150/297/582 
s 2
f 3139/284/1202 3978/301/1202 3984/308/1203 3152/299/1203 
s 1
f 3154/283/598 3985/300/1306 3986/301/596 3155/284/1204 
s 2
f 3158/287/1205 3987/302/599 3985/303/1306 3154/288/598 
s 1
f 3160/291/903 3988/304/600 3987/302/599 3158/287/1205 
s 2
f 3162/293/590 3989/305/904 3988/304/600 3160/291/903 
s 1
f 3164/295/592 3990/306/1307 3989/305/904 3162/293/590 
s 2
f 3166/297/1207 3991/307/1207 3990/306/1307 3164/295/592 
s 1
f 3168/299/1071 3992/308/1071 3991/307/1207 3166/297/1207 
s 2
f 3155/284/1204 3986/301/596 3992/308/1071 3168/299/1071 
s 1
f 3170/283/606 3993/300/606 3994/301/908 3171/284/908 
s 2
f 3174/287/1208 3995/302/1208 3993/303/606 3170/288/606 
s 1
f 3176/291/610 3996/304/610 3995/302/1208 3174/287/1208 
s 2
f 3178/293/601 3997/305/601 3996/304/610 3176/291/610 
s 1
f 3180/295/602 3998/306/602 3997/305/601 3178/293/601 
s 2
f 3182/297/1209 3999/307/1209 3998/306/602 3180/295/602 
s 1
f 3184/299/604 4000/308/604 3999/307/1209 3182/297/1209 
s 2
f 3171/284/908 3994/301/908 4000/308/604 3184/299/604 
s 1
f 3186/283/618 4001/300/1308 4002/301/1309 3187/284/918 
s 2
f 3190/287/1211 4003/302/620 4001/303/1308 3186/288/618 
s 1
f 3192/291/622 4004/304/622 4003/302/620 3190/287/1211 
s 2
f 3194/293/611 4005/305/611 4004/304/622 3192/291/622 
s 1
f 3196/295/612 4006/306/612 4005/305/611 3194/293/611 
s 2
f 3198/297/1212 4007/307/1212 4006/306/612 3196/295/612 
s 1
f 3200/299/1080 4008/308/1080 4007/307/1212 3198/297/1212 
s 2
f 3187/284/918 4002/301/1309 4008/308/1080 3200/299/1080 
s 1
f 3202/283/923 4009/300/630 4010/301/1083 3203/284/629 
s 2
f 3206/287/1085 4011/302/632 4009/303/630 3202/288/923 
s 1
f 3208/291/633 4012/304/1086 4011/302/632 3206/287/1085 
s 2
f 3210/293/623 4013/305/623 4012/304/1086 3208/291/633 
s 1
f 3212/295/625 4014/306/625 4013/305/623 3210/293/623 
s 2
f 3214/297/627 4015/307/627 4014/306/625 3212/295/625 
s 1
f 3216/299/1082 4016/308/1082 4015/307/627 3214/297/627 
s 2
f 3203/284/629 4010/301/1083 4016/308/1082 3216/299/1082 
s 1
f 3218/283/642 4017/300/1092 4018/301/1213 3219/284/1213 
s 2
f 3222/287/1093 4019/302/1093 4017/303/1092 3218/288/642 
s 1
f 3224/291/1215 4020/304/1215 4019/302/1093 3222/287/1093 
s 2
f 3226/293/1087 4021/305/1087 4020/304/1215 3224/291/1215 
s 1
f 3228/295/636 4022/306/636 4021/305/1087 3226/293/1087 
s 2
f 3230/297/1089 4023/307/1089 4022/306/636 3228/295/636 
s 1
f 3232/299/640 4024/308/639 4023/307/1089 3230/297/1089 
s 2
f 3219/284/1213 4018/301/1213 4024/308/639 3232/299/640 
s 1
f 3234/283/652 4025/300/652 4026/301/651 3235/284/651 
s 2
f 3238/287/654 4027/302/654 4025/303/652 3234/288/652 
s 1
f 3240/291/1099 4028/304/1099 4027/302/654 3238/287/654 
s 2
f 3242/293/1096 4029/305/929 4028/304/1099 3240/291/1099 
s 1
f 3244/295/647 4030/306/1310 4029/305/929 3242/293/1096 
s 2
f 3246/297/1217 4031/307/1217 4030/306/1310 3244/295/647 
s 1
f 3248/299/650 4032/308/650 4031/307/1217 3246/297/1217 
s 2
f 3235/284/651 4026/301/651 4032/308/650 3248/299/650 
s 1
f 3250/283/933 4033/300/933 4034/301/1101 3251/284/1101 
s 2
f 3254/287/1218 4035/302/934 4033/303/933 3250/288/933 
s 1
f 3256/291/665 4036/304/665 4035/302/934 3254/287/1218 
s 2
f 3258/293/656 4037/305/1311 4036/304/665 3256/291/665 
s 1
f 3260/295/657 4038/306/1312 4037/305/1311 3258/293/656 
s 2
f 3262/297/660 4039/307/659 4038/306/1312 3260/295/657 
s 1
f 3264/299/1220 4040/308/1313 4039/307/659 3262/297/660 
s 2
f 3251/284/1101 4034/301/1101 4040/308/1313 3264/299/1220 
s 1
f 3266/283/1105 4041/300/1105 4042/301/670 3267/284/670 
s 2
f 3270/287/674 4043/302/673 4041/303/1105 3266/288/1105 
s 1
f 3272/291/1106 4044/304/675 4043/302/673 3270/287/674 
s 2
f 3274/293/1104 4045/305/666 4044/304/675 3272/291/1106 
s 1
f 3276/295/944 4046/306/667 4045/305/666 3274/293/1104 
s 2
f 3278/297/945 4047/307/1222 4046/306/667 3276/295/944 
s 1
f 3280/299/1223 4048/308/1223 4047/307/1222 3278/297/945 
s 2
f 3267/284/670 4042/301/670 4048/308/1223 3280/299/1223 
s 1
f 4049/309/211 4050/310/211 4051/311/209 4052/312/209 
s 2
f 4053/313/212 4054/314/212 4050/315/211 4049/316/211 
s 1
f 4055/317/214 4056/318/948 4054/314/212 4053/313/212 
s 2
f 4057/319/215 4058/320/949 4056/318/948 4055/317/214 
s 1
f 4059/321/1293 4060/322/1225 4058/320/949 4057/319/215 
s 2
f 4061/323/219 4062/324/806 4060/322/1225 4059/321/1293 
s 1
f 4063/325/220 4064/326/950 4062/324/806 4061/323/219 
s 2
f 4052/312/209 4051/311/209 4064/326/950 4063/325/220 
s 1
f 4065/309/678 4066/310/678 4067/311/221 4068/312/677 
s 2
f 4069/313/679 4070/314/223 4066/315/678 4065/316/678 
s 1
f 4071/317/681 4072/318/681 4070/314/223 4069/313/679 
s 2
f 4073/319/226 4074/320/952 4072/318/681 4071/317/681 
s 1
f 4075/321/228 4076/322/227 4074/320/952 4073/319/226 
s 2
f 4077/323/954 4078/324/676 4076/322/227 4075/321/228 
s 1
f 4079/325/231 4080/326/230 4078/324/676 4077/323/954 
s 2
f 4068/312/677 4067/311/221 4080/326/230 4079/325/231 
s 1
f 4081/309/1228 4082/310/1228 4083/311/232 4084/312/232 
s 2
f 4085/313/235 4086/314/234 4082/315/1228 4081/316/1228 
s 1
f 4087/317/1112 4088/318/1112 4086/314/234 4085/313/235 
s 2
f 4089/319/682 4090/320/682 4088/318/1112 4087/317/1112 
s 1
f 4091/321/683 4092/322/683 4090/320/682 4089/319/682 
s 2
f 4093/323/240 4094/324/1229 4092/322/683 4091/321/683 
s 1
f 4095/325/1314 4096/326/241 4094/324/1229 4093/323/240 
s 2
f 4084/312/232 4083/311/232 4096/326/241 4095/325/1314 
s 1
f 4097/309/244 4098/310/244 4099/311/1230 4100/312/1230 
s 2
f 4101/313/693 4102/314/693 4098/315/244 4097/316/244 
s 1
f 4103/317/246 4104/318/694 4102/314/693 4101/313/693 
s 2
f 4105/319/689 4106/320/689 4104/318/694 4103/317/246 
s 1
f 4107/321/248 4108/322/248 4106/320/689 4105/319/689 
s 2
f 4109/323/249 4110/324/249 4108/322/248 4107/321/248 
s 1
f 4111/325/691 4112/326/691 4110/324/249 4109/323/249 
s 2
f 4100/312/1230 4099/311/1230 4112/326/691 4111/325/691 
s 1
f 4113/309/1232 4114/310/1232 4115/311/700 4116/312/700 
s 2
f 4117/313/254 4118/314/1117 4114/315/1232 4113/316/1232 
s 1
f 4119/317/1234 4120/318/255 4118/314/1117 4117/313/254 
s 2
f 4121/319/1115 4122/320/697 4120/318/255 4119/317/1234 
s 1
f 4123/321/696 4124/322/696 4122/320/697 4121/319/1115 
s 2
f 4125/323/259 4126/324/258 4124/322/696 4123/321/696 
s 1
f 4127/325/261 4128/326/699 4126/324/258 4125/323/259 
s 2
f 4116/312/700 4115/311/700 4128/326/699 4127/325/261 
s 1
f 4129/309/263 4130/310/263 4131/311/262 4132/312/262 
s 2
f 4133/313/714 4134/314/713 4130/315/263 4129/316/263 
s 1
f 4135/317/1315 4136/318/266 4134/314/713 4133/313/714 
s 2
f 4137/319/1118 4138/320/268 4136/318/266 4135/317/1315 
s 1
f 4139/321/271 4140/322/271 4138/320/268 4137/319/1118 
s 2
f 4141/323/272 4142/324/272 4140/322/271 4139/321/271 
s 1
f 4143/325/273 4144/326/273 4142/324/272 4141/323/272 
s 2
f 4132/312/262 4131/311/262 4144/326/273 4143/325/273 
s 1
f 4145/309/718 4146/310/718 4147/311/274 4148/312/274 
s 2
f 4149/313/719 4150/314/719 4146/315/718 4145/316/718 
s 1
f 4151/317/720 4152/318/720 4150/314/719 4149/313/719 
s 2
f 4153/319/280 4154/320/279 4152/318/720 4151/317/720 
s 1
f 4155/321/1279 4156/322/1279 4154/320/279 4153/319/280 
s 2
f 4157/323/283 4158/324/283 4156/322/1279 4155/321/1279 
s 1
f 4159/325/285 4160/326/285 4158/324/283 4157/323/283 
s 2
f 4148/312/274 4147/311/274 4160/326/285 4159/325/285 
s 1
f 4161/309/287 4162/310/287 4163/311/286 4164/312/286 
s 2
f 4165/313/288 4166/314/1239 4162/315/287 4161/316/287 
s 1
f 4167/317/289 4168/318/1316 4166/314/1239 4165/313/288 
s 2
f 4169/319/290 4170/320/1280 4168/318/1316 4167/317/289 
s 1
f 4171/321/721 4172/322/721 4170/320/1280 4169/319/290 
s 2
f 4173/323/722 4174/324/1317 4172/322/721 4171/321/721 
s 1
f 4175/325/293 4176/326/293 4174/324/1317 4173/323/722 
s 2
f 4164/312/286 4163/311/286 4176/326/293 4175/325/293 
s 1
f 4177/309/295 4178/310/295 4179/311/730 4180/312/294 
s 2
f 4181/313/296 4182/314/955 4178/315/295 4177/316/295 
s 1
f 4183/317/297 4184/318/297 4182/314/955 4181/313/296 
s 2
f 4185/319/1129 4186/320/1129 4184/318/297 4183/317/297 
s 1
f 4187/321/956 4188/322/1128 4186/320/1129 4185/319/1129 
s 2
f 4189/323/300 4190/324/300 4188/322/1128 4187/321/956 
s 1
f 4191/325/729 4192/326/729 4190/324/300 4189/323/300 
s 2
f 4180/312/294 4179/311/730 4192/326/729 4191/325/729 
s 1
f 4193/309/1242 4194/310/1242 4195/311/1135 4196/312/1282 
s 2
f 4197/313/306 4198/314/959 4194/315/1242 4193/316/1242 
s 1
f 4199/317/307 4200/318/307 4198/314/959 4197/313/306 
s 2
f 4201/319/309 4202/320/1133 4200/318/307 4199/317/307 
s 1
f 4203/321/960 4204/322/960 4202/320/1133 4201/319/309 
s 2
f 4205/323/1243 4206/324/1243 4204/322/960 4203/321/960 
s 1
f 4207/325/314 4208/326/314 4206/324/1243 4205/323/1243 
s 2
f 4196/312/1282 4195/311/1135 4208/326/314 4207/325/314 
s 1
f 4209/309/317 4210/310/316 4211/311/315 4212/312/315 
s 2
f 4213/313/318 4214/314/318 4210/315/316 4209/316/317 
s 1
f 4215/317/319 4216/318/319 4214/314/318 4213/313/318 
s 2
f 4217/319/320 4218/320/320 4216/318/319 4215/317/319 
s 1
f 4219/321/321 4220/322/321 4218/320/320 4217/319/320 
s 2
f 4221/323/322 4222/324/322 4220/322/321 4219/321/321 
s 1
f 4223/325/323 4224/326/323 4222/324/322 4221/323/322 
s 2
f 4212/312/315 4211/311/315 4224/326/323 4223/325/323 
s 1
f 4225/309/326 4226/310/325 4227/311/963 4228/312/963 
s 2
f 4229/313/1318 4230/314/751 4226/315/325 4225/316/326 
s 1
f 4231/317/330 4232/318/330 4230/314/751 4229/313/1318 
s 2
f 4233/319/747 4234/320/747 4232/318/330 4231/317/330 
s 1
f 4235/321/965 4236/322/965 4234/320/747 4233/319/747 
s 2
f 4237/323/335 4238/324/335 4236/322/965 4235/321/965 
s 1
f 4239/325/967 4240/326/967 4238/324/335 4237/323/335 
s 2
f 4228/312/963 4227/311/963 4240/326/967 4239/325/967 
s 1
f 4241/309/339 4242/310/339 4243/311/338 4244/312/338 
s 2
f 4245/313/758 4246/314/758 4242/315/339 4241/316/339 
s 1
f 4247/317/341 4248/318/341 4246/314/758 4245/313/758 
s 2
f 4249/319/342 4250/320/342 4248/318/341 4247/317/341 
s 1
f 4251/321/343 4252/322/343 4250/320/342 4249/319/342 
s 2
f 4253/323/344 4254/324/344 4252/322/343 4251/321/343 
s 1
f 4255/325/345 4256/326/345 4254/324/344 4253/323/344 
s 2
f 4244/312/338 4243/311/338 4256/326/345 4255/325/345 
s 1
f 4257/309/348 4258/310/347 4259/311/760 4260/312/760 
s 2
f 4261/313/972 4262/314/972 4258/315/347 4257/316/348 
s 1
f 4263/317/352 4264/318/351 4262/314/972 4261/313/972 
s 2
f 4265/319/973 4266/320/1247 4264/318/351 4263/317/352 
s 1
f 4267/321/354 4268/322/354 4266/320/1247 4265/319/973 
s 2
f 4269/323/356 4270/324/356 4268/322/354 4267/321/354 
s 1
f 4271/325/357 4272/326/357 4270/324/356 4269/323/356 
s 2
f 4260/312/760 4259/311/760 4272/326/357 4271/325/357 
s 1
f 4273/309/359 4274/310/767 4275/311/978 4276/312/360 
s 2
f 4277/313/979 4278/314/979 4274/315/767 4273/316/359 
s 1
f 4279/317/980 4280/318/980 4278/314/979 4277/313/979 
s 2
f 4281/319/364 4282/320/982 4280/318/980 4279/317/980 
s 1
f 4283/321/366 4284/322/366 4282/320/982 4281/319/364 
s 2
f 4285/323/367 4286/324/367 4284/322/366 4283/321/366 
s 1
f 4287/325/368 4288/326/983 4286/324/367 4285/323/367 
s 2
f 4276/312/360 4275/311/978 4288/326/983 4287/325/368 
s 1
f 4289/309/370 4290/310/370 4291/311/987 4292/312/369 
s 2
f 4293/313/371 4294/314/988 4290/315/370 4289/316/370 
s 1
f 4295/317/373 4296/318/372 4294/314/988 4293/313/371 
s 2
f 4297/319/374 4298/320/374 4296/318/372 4295/317/373 
s 1
f 4299/321/375 4300/322/375 4298/320/374 4297/319/374 
s 2
f 4301/323/376 4302/324/376 4300/322/375 4299/321/375 
s 1
f 4303/325/773 4304/326/773 4302/324/376 4301/323/376 
s 2
f 4292/312/369 4291/311/987 4304/326/773 4303/325/773 
s 1
f 4305/309/379 4306/310/991 4307/311/779 4308/312/779 
s 2
f 4309/313/780 4310/314/780 4306/315/991 4305/316/379 
s 1
f 4311/317/993 4312/318/381 4310/314/780 4309/313/780 
s 2
f 4313/319/994 4314/320/994 4312/318/381 4311/317/993 
s 1
f 4315/321/995 4316/322/383 4314/320/994 4313/319/994 
s 2
f 4317/323/996 4318/324/996 4316/322/383 4315/321/995 
s 1
f 4319/325/385 4320/326/385 4318/324/996 4317/323/996 
s 2
f 4308/312/779 4307/311/779 4320/326/385 4319/325/385 
s 1
f 4321/309/388 4322/310/387 4323/311/1153 4324/312/386 
s 2
f 4325/313/785 4326/314/785 4322/315/387 4321/316/388 
s 1
f 4327/317/1319 4328/318/390 4326/314/785 4325/313/785 
s 2
f 4329/319/1249 4330/320/1249 4328/318/390 4327/317/1319 
s 1
f 4331/321/781 4332/322/781 4330/320/1249 4329/319/1249 
s 2
f 4333/323/395 4334/324/395 4332/322/781 4331/321/781 
s 1
f 4335/325/1000 4336/326/1000 4334/324/395 4333/323/395 
s 2
f 4324/312/386 4323/311/1153 4336/326/1000 4335/325/1000 
s 1
f 4337/309/398 4338/310/793 4339/311/397 4340/312/792 
s 2
f 4341/313/399 4342/314/399 4338/315/793 4337/316/398 
s 1
f 4343/317/1002 4344/318/1250 4342/314/399 4341/313/399 
s 2
f 4345/319/402 4346/320/786 4344/318/1250 4343/317/1002 
s 1
f 4347/321/403 4348/322/1320 4346/320/786 4345/319/402 
s 2
f 4349/323/404 4350/324/404 4348/322/1320 4347/321/403 
s 1
f 4351/325/791 4352/326/1251 4350/324/404 4349/323/404 
s 2
f 4340/312/792 4339/311/397 4352/326/1251 4351/325/791 
s 1
f 4353/309/407 4354/310/407 4355/311/800 4356/312/406 
s 2
f 4357/313/1003 4358/314/801 4354/315/407 4353/316/407 
s 1
f 4359/317/409 4360/318/410 4358/314/801 4357/313/1003 
s 2
f 4361/319/411 4362/320/795 4360/318/410 4359/317/409 
s 1
f 4363/321/412 4364/322/412 4362/320/795 4361/319/411 
s 2
f 4365/323/413 4366/324/413 4364/322/412 4363/321/412 
s 1
f 4367/325/415 4368/326/415 4366/324/413 4365/323/413 
s 2
f 4356/312/406 4355/311/800 4368/326/415 4367/325/415 
s 1
f 4369/309/417 4370/310/417 4371/311/416 4372/312/416 
s 2
f 4373/313/419 4374/314/419 4370/315/417 4369/316/417 
s 1
f 4375/317/803 4376/318/803 4374/314/419 4373/313/419 
s 2
f 4377/319/422 4378/320/422 4376/318/803 4375/317/803 
s 1
f 4379/321/1006 4380/322/1006 4378/320/422 4377/319/422 
s 2
f 4381/323/425 4382/324/425 4380/322/1006 4379/321/1006 
s 1
f 4383/325/427 4384/326/426 4382/324/425 4381/323/425 
s 2
f 4372/312/416 4371/311/416 4384/326/426 4383/325/427 
s 1
f 4385/309/430 4386/310/817 4387/311/428 4388/312/428 
s 2
f 4389/313/431 4390/314/431 4386/315/817 4385/316/430 
s 1
f 4391/317/433 4392/318/432 4390/314/431 4389/313/431 
s 2
f 4393/319/434 4394/320/1009 4392/318/432 4391/317/433 
s 1
f 4395/321/435 4396/322/435 4394/320/1009 4393/319/434 
s 2
f 4397/323/436 4398/324/436 4396/322/435 4395/321/435 
s 1
f 4399/325/437 4400/326/437 4398/324/436 4397/323/436 
s 2
f 4388/312/428 4387/311/428 4400/326/437 4399/325/437 
s 1
f 4401/309/439 4402/310/439 4403/311/438 4404/312/438 
s 2
f 4405/313/441 4406/314/440 4402/315/439 4401/316/439 
s 1
f 4407/317/443 4408/318/442 4406/314/440 4405/313/441 
s 2
f 4409/319/1010 4410/320/1010 4408/318/442 4407/317/443 
s 1
f 4411/321/446 4412/322/446 4410/320/1010 4409/319/1010 
s 2
f 4413/323/447 4414/324/447 4412/322/446 4411/321/446 
s 1
f 4415/325/449 4416/326/1321 4414/324/447 4413/323/447 
s 2
f 4404/312/438 4403/311/438 4416/326/1321 4415/325/449 
s 1
f 4417/309/1012 4418/310/1012 4419/311/450 4420/312/450 
s 2
f 4421/313/452 4422/314/452 4418/315/1012 4417/316/1012 
s 1
f 4423/317/453 4424/318/453 4422/314/452 4421/313/452 
s 2
f 4425/319/454 4426/320/454 4424/318/453 4423/317/453 
s 1
f 4427/321/456 4428/322/456 4426/320/454 4425/319/454 
s 2
f 4429/323/1014 4430/324/1014 4428/322/456 4427/321/456 
s 1
f 4431/325/459 4432/326/459 4430/324/1014 4429/323/1014 
s 2
f 4420/312/450 4419/311/450 4432/326/459 4431/325/459 
s 1
f 4433/309/461 4434/310/461 4435/311/1017 4436/312/460 
s 2
f 4437/313/462 4438/314/462 4434/315/461 4433/316/461 
s 1
f 4439/317/832 4440/318/832 4438/314/462 4437/313/462 
s 2
f 4441/319/464 4442/320/464 4440/318/832 4439/317/832 
s 1
f 4443/321/1019 4444/322/1019 4442/320/464 4441/319/464 
s 2
f 4445/323/1021 4446/324/1179 4444/322/1019 4443/321/1019 
s 1
f 4447/325/467 4448/326/829 4446/324/1179 4445/323/1021 
s 2
f 4436/312/460 4435/311/1017 4448/326/829 4447/325/467 
s 1
f 4449/309/469 4450/310/469 4451/311/468 4452/312/468 
s 2
f 4453/313/470 4454/314/470 4450/315/469 4449/316/469 
s 1
f 4455/317/1025 4456/318/1025 4454/314/470 4453/313/470 
s 2
f 4457/319/834 4458/320/472 4456/318/1025 4455/317/1025 
s 1
f 4459/321/835 4460/322/473 4458/320/472 4457/319/834 
s 2
f 4461/323/1322 4462/324/474 4460/322/473 4459/321/835 
s 1
f 4463/325/1323 4464/326/476 4462/324/474 4461/323/1322 
s 2
f 4452/312/468 4451/311/468 4464/326/476 4463/325/1323 
s 1
f 4465/309/480 4466/310/480 4467/311/478 4468/312/478 
s 2
f 4469/313/844 4470/314/844 4466/315/480 4465/316/480 
s 1
f 4471/317/482 4472/318/845 4470/314/844 4469/313/844 
s 2
f 4473/319/484 4474/320/483 4472/318/845 4471/317/482 
s 1
f 4475/321/1028 4476/322/1324 4474/320/483 4473/319/484 
s 2
f 4477/323/486 4478/324/1029 4476/322/1324 4475/321/1028 
s 1
f 4479/325/487 4480/326/487 4478/324/1029 4477/323/486 
s 2
f 4468/312/478 4467/311/478 4480/326/487 4479/325/487 
s 1
f 4481/309/489 4482/310/489 4483/311/488 4484/312/488 
s 2
f 4485/313/491 4486/314/1258 4482/315/489 4481/316/489 
s 1
f 4487/317/492 4488/318/850 4486/314/1258 4485/313/491 
s 2
f 4489/319/493 4490/320/846 4488/318/850 4487/317/492 
s 1
f 4491/321/494 4492/322/494 4490/320/846 4489/319/493 
s 2
f 4493/323/495 4494/324/495 4492/322/494 4491/321/494 
s 1
f 4495/325/496 4496/326/1325 4494/324/495 4493/323/495 
s 2
f 4484/312/488 4483/311/488 4496/326/1325 4495/325/496 
s 1
f 4497/309/499 4498/310/498 4499/311/497 4500/312/497 
s 2
f 4501/313/1036 4502/314/1036 4498/315/498 4497/316/499 
s 1
f 4503/317/502 4504/318/501 4502/314/1036 4501/313/1036 
s 2
f 4505/319/503 4506/320/503 4504/318/501 4503/317/502 
s 1
f 4507/321/853 4508/322/852 4506/320/503 4505/319/503 
s 2
f 4509/323/505 4510/324/505 4508/322/852 4507/321/853 
s 1
f 4511/325/506 4512/326/506 4510/324/505 4509/323/505 
s 2
f 4500/312/497 4499/311/497 4512/326/506 4511/325/506 
s 1
f 4513/309/1038 4514/310/1038 4515/311/1039 4516/312/509 
s 2
f 4517/313/511 4518/314/511 4514/315/1038 4513/316/1038 
s 1
f 4519/317/512 4520/318/1040 4518/314/511 4517/313/511 
s 2
f 4521/319/1186 4522/320/1186 4520/318/1040 4519/317/512 
s 1
f 4523/321/514 4524/322/514 4522/320/1186 4521/319/1186 
s 2
f 4525/323/516 4526/324/516 4524/322/514 4523/321/514 
s 1
f 4527/325/517 4528/326/517 4526/324/516 4525/323/516 
s 2
f 4516/312/509 4515/311/1039 4528/326/517 4527/325/517 
s 1
f 4529/309/1043 4530/310/1043 4531/311/859 4532/312/859 
s 2
f 4533/313/521 4534/314/860 4530/315/1043 4529/316/1043 
s 1
f 4535/317/861 4536/318/861 4534/314/860 4533/313/521 
s 2
f 4537/319/523 4538/320/523 4536/318/861 4535/317/861 
s 1
f 4539/321/1045 4540/322/1045 4538/320/523 4537/319/523 
s 2
f 4541/323/526 4542/324/526 4540/322/1045 4539/321/1045 
s 1
f 4543/325/858 4544/326/858 4542/324/526 4541/323/526 
s 2
f 4532/312/859 4531/311/859 4544/326/858 4543/325/858 
s 1
f 4545/309/529 4546/310/530 4547/311/528 4548/312/528 
s 2
f 4549/313/1047 4550/314/865 4546/315/530 4545/316/529 
s 1
f 4551/317/866 4552/318/866 4550/314/865 4549/313/1047 
s 2
f 4553/319/536 4554/320/535 4552/318/866 4551/317/866 
s 1
f 4555/321/537 4556/322/537 4554/320/535 4553/319/536 
s 2
f 4557/323/538 4558/324/538 4556/322/537 4555/321/537 
s 1
f 4559/325/539 4560/326/1048 4558/324/538 4557/323/538 
s 2
f 4548/312/528 4547/311/528 4560/326/1048 4559/325/539 
s 1
f 4561/309/541 4562/310/541 4563/311/1262 4564/312/1262 
s 2
f 4565/313/543 4566/314/543 4562/315/541 4561/316/541 
s 1
f 4567/317/545 4568/318/545 4566/314/543 4565/313/543 
s 2
f 4569/319/1049 4570/320/867 4568/318/545 4567/317/545 
s 1
f 4571/321/1326 4572/322/1263 4570/320/867 4569/319/1049 
s 2
f 4573/323/1051 4574/324/868 4572/322/1263 4571/321/1326 
s 1
f 4575/325/1052 4576/326/1052 4574/324/868 4573/323/1051 
s 2
f 4564/312/1262 4563/311/1262 4576/326/1052 4575/325/1052 
s 1
f 4577/309/1053 4578/310/1053 4579/311/550 4580/312/1054 
s 2
f 4581/313/1055 4582/314/1055 4578/315/1053 4577/316/1053 
s 1
f 4583/317/1056 4584/318/1056 4582/314/1055 4581/313/1055 
s 2
f 4585/319/1327 4586/320/555 4584/318/1056 4583/317/1056 
s 1
f 4587/321/556 4588/322/556 4586/320/555 4585/319/1327 
s 2
f 4589/323/557 4590/324/557 4588/322/556 4587/321/556 
s 1
f 4591/325/558 4592/326/558 4590/324/557 4589/323/557 
s 2
f 4580/312/1054 4579/311/550 4592/326/558 4591/325/558 
s 1
f 4593/309/560 4594/310/560 4595/311/559 4596/312/559 
s 2
f 4597/313/561 4598/314/561 4594/315/560 4593/316/560 
s 1
f 4599/317/1060 4600/318/1060 4598/314/561 4597/313/561 
s 2
f 4601/319/564 4602/320/563 4600/318/1060 4599/317/1060 
s 1
f 4603/321/565 4604/322/565 4602/320/563 4601/319/564 
s 2
f 4605/323/878 4606/324/1265 4604/322/565 4603/321/565 
s 1
f 4607/325/567 4608/326/567 4606/324/1265 4605/323/878 
s 2
f 4596/312/559 4595/311/559 4608/326/567 4607/325/567 
s 1
f 4609/309/569 4610/310/888 4611/311/568 4612/312/568 
s 2
f 4613/313/570 4614/314/1062 4610/315/888 4609/316/569 
s 1
f 4615/317/572 4616/318/890 4614/314/1062 4613/313/570 
s 2
f 4617/319/573 4618/320/883 4616/318/890 4615/317/572 
s 1
f 4619/321/1065 4620/322/884 4618/320/883 4617/319/573 
s 2
f 4621/323/885 4622/324/1266 4620/322/884 4619/321/1065 
s 1
f 4623/325/887 4624/326/887 4622/324/1266 4621/323/885 
s 2
f 4612/312/568 4611/311/568 4624/326/887 4623/325/887 
s 1
f 4625/309/580 4626/310/896 4627/311/1067 4628/312/579 
s 2
f 4629/313/582 4630/314/581 4626/315/896 4625/316/580 
s 1
f 4631/317/899 4632/318/899 4630/314/581 4629/313/582 
s 2
f 4633/319/1202 4634/320/584 4632/318/899 4631/317/899 
s 1
f 4635/321/586 4636/322/1068 4634/320/584 4633/319/1202 
s 2
f 4637/323/587 4638/324/587 4636/322/1068 4635/321/586 
s 1
f 4639/325/893 4640/326/1328 4638/324/587 4637/323/587 
s 2
f 4628/312/579 4627/311/1067 4640/326/1328 4639/325/893 
s 1
f 4641/309/592 4642/310/591 4643/311/904 4644/312/1069 
s 2
f 4645/313/594 4646/314/1070 4642/315/591 4641/316/592 
s 1
f 4647/317/595 4648/318/595 4646/314/1070 4645/313/594 
s 2
f 4649/319/596 4650/320/1072 4648/318/595 4647/317/595 
s 1
f 4651/321/598 4652/322/598 4650/320/1072 4649/319/596 
s 2
f 4653/323/599 4654/324/599 4652/322/598 4651/321/598 
s 1
f 4655/325/600 4656/326/903 4654/324/599 4653/323/599 
s 2
f 4644/312/1069 4643/311/904 4656/326/903 4655/325/600 
s 1
f 4657/309/1075 4658/310/913 4659/311/601 4660/312/601 
s 2
f 4661/313/1329 4662/314/603 4658/315/913 4657/316/1075 
s 1
f 4663/317/915 4664/318/915 4662/314/603 4661/313/1329 
s 2
f 4665/319/908 4666/320/908 4664/318/915 4663/317/915 
s 1
f 4667/321/606 4668/322/909 4666/320/908 4665/319/908 
s 2
f 4669/323/608 4670/324/1330 4668/322/909 4667/321/606 
s 1
f 4671/325/610 4672/326/911 4670/324/1330 4669/323/608 
s 2
f 4660/312/601 4659/311/601 4672/326/911 4671/325/610 
s 1
f 4673/309/612 4674/310/612 4675/311/1331 4676/312/921 
s 2
f 4677/313/615 4678/314/615 4674/315/612 4673/316/612 
s 1
f 4679/317/616 4680/318/1080 4678/314/615 4677/313/615 
s 2
f 4681/319/918 4682/320/617 4680/318/1080 4679/317/616 
s 1
f 4683/321/618 4684/322/618 4682/320/617 4681/319/918 
s 2
f 4685/323/620 4686/324/620 4684/322/618 4683/321/618 
s 1
f 4687/325/622 4688/326/622 4686/324/620 4685/323/620 
s 2
f 4676/312/921 4675/311/1331 4688/326/622 4687/325/622 
s 1
f 4689/309/1081 4690/310/925 4691/311/924 4692/312/924 
s 2
f 4693/313/926 4694/314/1271 4690/315/925 4689/316/1081 
s 1
f 4695/317/628 4696/318/1082 4694/314/1271 4693/313/926 
s 2
f 4697/319/1332 4698/320/629 4696/318/1082 4695/317/628 
s 1
f 4699/321/630 4700/322/630 4698/320/629 4697/319/1332 
s 2
f 4701/323/1085 4702/324/1085 4700/322/630 4699/321/630 
s 1
f 4703/325/633 4704/326/1086 4702/324/1085 4701/323/1085 
s 2
f 4692/312/924 4691/311/924 4704/326/1086 4703/325/633 
s 1
f 4705/309/636 4706/310/635 4707/311/634 4708/312/634 
s 2
f 4709/313/638 4710/314/1088 4706/315/635 4705/316/636 
s 1
f 4711/317/640 4712/318/639 4710/314/1088 4709/313/638 
s 2
f 4713/319/1333 4714/320/1090 4712/318/639 4711/317/640 
s 1
f 4715/321/642 4716/322/1091 4714/320/1090 4713/319/1333 
s 2
f 4717/323/643 4718/324/1093 4716/322/1091 4715/321/642 
s 1
f 4719/325/644 4720/326/644 4718/324/1093 4717/323/643 
s 2
f 4708/312/634 4707/311/634 4720/326/644 4719/325/644 
s 1
f 4721/309/647 4722/310/1094 4723/311/1096 4724/312/645 
s 2
f 4725/313/931 4726/314/1334 4722/315/1094 4721/316/647 
s 1
f 4727/317/932 4728/318/932 4726/314/1334 4725/313/931 
s 2
f 4729/319/651 4730/320/651 4728/318/932 4727/317/932 
s 1
f 4731/321/1335 4732/322/652 4730/320/651 4729/319/651 
s 2
f 4733/323/654 4734/324/1098 4732/322/652 4731/321/1335 
s 1
f 4735/325/655 4736/326/1099 4734/324/1098 4733/323/654 
s 2
f 4724/312/645 4723/311/1096 4736/326/1099 4735/325/655 
s 1
f 4737/309/938 4738/310/938 4739/311/656 4740/312/658 
s 2
f 4741/313/940 4742/314/939 4738/315/938 4737/316/938 
s 1
f 4743/317/1100 4744/318/1220 4742/314/939 4741/313/940 
s 2
f 4745/319/662 4746/320/662 4744/318/1220 4743/317/1100 
s 1
f 4747/321/663 4748/322/663 4746/320/662 4745/319/662 
s 2
f 4749/323/1336 4750/324/934 4748/322/663 4747/321/663 
s 1
f 4751/325/665 4752/326/665 4750/324/934 4749/323/1336 
s 2
f 4740/312/658 4739/311/656 4752/326/665 4751/325/665 
s 1
f 4753/309/944 4754/310/944 4755/311/1103 4756/312/666 
s 2
f 4757/313/668 4758/314/668 4754/315/944 4753/316/944 
s 1
f 4759/317/669 4760/318/669 4758/314/668 4757/313/668 
s 2
f 4761/319/671 4762/320/670 4760/318/669 4759/317/669 
s 1
f 4763/321/1105 4764/322/1105 4762/320/670 4761/319/671 
s 2
f 4765/323/674 4766/324/674 4764/322/1105 4763/321/1105 
s 1
f 4767/325/943 4768/326/943 4766/324/674 4765/323/674 
s 2
f 4756/312/666 4755/311/1103 4768/326/943 4767/325/943 
s 1
f 4769/309/227 4770/310/227 4771/311/225 4772/312/225 
s 2
f 4773/313/676 4774/314/676 4770/315/227 4769/316/227 
s 1
f 4775/317/230 4776/318/230 4774/314/676 4773/313/676 
s 2
f 4777/319/951 4778/320/951 4776/318/230 4775/317/230 
s 1
f 4779/321/222 4780/322/222 4778/320/951 4777/319/951 
s 2
f 4781/323/680 4782/324/679 4780/322/222 4779/321/222 
s 1
f 4783/325/224 4784/326/224 4782/324/679 4781/323/680 
s 2
f 4772/312/225 4771/311/225 4784/326/224 4783/325/224 
s 1
f 4785/309/683 4786/310/1107 4787/311/682 4788/312/682 
s 2
f 4789/313/239 4790/314/239 4786/315/1107 4785/316/683 
s 1
f 4791/317/685 4792/318/685 4790/314/239 4789/313/239 
s 2
f 4793/319/1337 4794/320/232 4792/318/685 4791/317/685 
s 1
f 4795/321/1109 4796/322/233 4794/320/232 4793/319/1337 
s 2
f 4797/323/235 4798/324/687 4796/322/233 4795/321/1109 
s 1
f 4799/325/1274 4800/326/236 4798/324/687 4797/323/235 
s 2
f 4788/312/682 4787/311/682 4800/326/236 4799/325/1274 
s 1
f 4801/309/248 4802/310/248 4803/311/689 4804/312/689 
s 2
f 4805/313/249 4806/314/249 4802/315/248 4801/316/248 
s 1
f 4807/317/691 4808/318/250 4806/314/249 4805/313/249 
s 2
f 4809/319/243 4810/320/243 4808/318/250 4807/317/691 
s 1
f 4811/321/1113 4812/322/1113 4810/320/243 4809/319/243 
s 2
f 4813/323/693 4814/324/693 4812/322/1113 4811/321/1113 
s 1
f 4815/325/1338 4816/326/246 4814/324/693 4813/323/693 
s 2
f 4804/312/689 4803/311/689 4816/326/246 4815/325/1338 
s 1
f 4817/309/257 4818/310/257 4819/311/697 4820/312/697 
s 2
f 4821/313/698 4822/314/1116 4818/315/257 4817/316/257 
s 1
f 4823/317/260 4824/318/261 4822/314/1116 4821/313/698 
s 2
f 4825/319/700 4826/320/700 4824/318/261 4823/317/260 
s 1
f 4827/321/252 4828/322/252 4826/320/700 4825/319/700 
s 2
f 4829/323/254 4830/324/1339 4828/322/252 4827/321/252 
s 1
f 4831/325/705 4832/326/704 4830/324/1339 4829/323/254 
s 2
f 4820/312/697 4819/311/697 4832/326/704 4831/325/705 
s 1
f 4833/309/271 4834/310/271 4835/311/1118 4836/312/1118 
s 2
f 4837/313/1340 4838/314/272 4834/315/271 4833/316/271 
s 1
f 4839/317/273 4840/318/273 4838/314/272 4837/313/1340 
s 2
f 4841/319/262 4842/320/1341 4840/318/273 4839/317/273 
s 1
f 4843/321/264 4844/322/263 4842/320/1341 4841/319/262 
s 2
f 4845/323/1120 4846/324/1120 4844/322/263 4843/321/264 
s 1
f 4847/325/715 4848/326/267 4846/324/1120 4845/323/1120 
s 2
f 4836/312/1118 4835/311/1118 4848/326/267 4847/325/715 
s 1
f 4849/309/1342 4850/310/282 4851/311/280 4852/312/280 
s 2
f 4853/313/284 4854/314/283 4850/315/282 4849/316/1342 
s 1
f 4855/317/285 4856/318/285 4854/314/283 4853/313/284 
s 2
f 4857/319/274 4858/320/1121 4856/318/285 4855/317/285 
s 1
f 4859/321/276 4860/322/276 4858/320/1121 4857/319/274 
s 2
f 4861/323/719 4862/324/277 4860/322/276 4859/321/276 
s 1
f 4863/325/278 4864/326/278 4862/324/277 4861/323/719 
s 2
f 4852/312/280 4851/311/280 4864/326/278 4863/325/278 
s 1
f 4865/309/721 4866/310/1122 4867/311/290 4868/312/290 
s 2
f 4869/313/1124 4870/314/1241 4866/315/1122 4865/316/721 
s 1
f 4871/317/293 4872/318/293 4870/314/1241 4869/313/1124 
s 2
f 4873/319/1343 4874/320/286 4872/318/293 4871/317/293 
s 1
f 4875/321/725 4876/322/287 4874/320/286 4873/319/1343 
s 2
f 4877/323/1127 4878/324/1127 4876/322/287 4875/321/725 
s 1
f 4879/325/289 4880/326/289 4878/324/1127 4877/323/1127 
s 2
f 4868/312/290 4867/311/290 4880/326/289 4879/325/289 
s 1
f 4881/309/299 4882/310/1128 4883/311/1129 4884/312/298 
s 2
f 4885/313/728 4886/314/727 4882/315/1128 4881/316/299 
s 1
f 4887/317/729 4888/318/301 4886/314/727 4885/313/728 
s 2
f 4889/319/730 4890/320/730 4888/318/301 4887/317/729 
s 1
f 4891/321/295 4892/322/295 4890/320/730 4889/319/730 
s 2
f 4893/323/733 4894/324/733 4892/322/295 4891/321/295 
s 1
f 4895/325/297 4896/326/297 4894/324/733 4893/323/733 
s 2
f 4884/312/298 4883/311/1129 4896/326/297 4895/325/297 
s 1
f 4897/309/1132 4898/310/1132 4899/311/1133 4900/312/1344 
s 2
f 4901/313/737 4902/314/737 4898/315/1132 4897/316/1132 
s 1
f 4903/317/1134 4904/318/1134 4902/314/737 4901/313/737 
s 2
f 4905/319/302 4906/320/302 4904/318/1134 4903/317/1134 
s 1
f 4907/321/739 4908/322/303 4906/320/302 4905/319/302 
s 2
f 4909/323/741 4910/324/741 4908/322/303 4907/321/739 
s 1
f 4911/325/307 4912/326/307 4910/324/741 4909/323/741 
s 2
f 4900/312/1344 4899/311/1133 4912/326/307 4911/325/307 
s 1
f 4913/309/1137 4914/310/1137 4915/311/320 4916/312/320 
s 2
f 4917/313/322 4918/314/1345 4914/315/1137 4913/316/1137 
s 1
f 4919/317/745 4920/318/745 4918/314/1345 4917/313/322 
s 2
f 4921/319/315 4922/320/315 4920/318/745 4919/317/745 
s 1
f 4923/321/317 4924/322/316 4922/320/315 4921/319/315 
s 2
f 4925/323/318 4926/324/318 4924/322/316 4923/321/317 
s 1
f 4927/325/1140 4928/326/1140 4926/324/318 4925/323/318 
s 2
f 4916/312/320 4915/311/320 4928/326/1140 4927/325/1140 
s 1
f 4929/309/333 4930/310/333 4931/311/747 4932/312/747 
s 2
f 4933/313/334 4934/314/334 4930/315/333 4929/316/333 
s 1
f 4935/317/336 4936/318/336 4934/314/334 4933/313/334 
s 2
f 4937/319/324 4938/320/324 4936/318/336 4935/317/336 
s 1
f 4939/321/325 4940/322/325 4938/320/324 4937/319/324 
s 2
f 4941/323/1318 4942/324/751 4940/322/325 4939/321/325 
s 1
f 4943/325/329 4944/326/329 4942/324/751 4941/323/1318 
s 2
f 4932/312/747 4931/311/747 4944/326/329 4943/325/329 
s 1
f 4945/309/1142 4946/310/1142 4947/311/1143 4948/312/342 
s 2
f 4949/313/1144 4950/314/1144 4946/315/1142 4945/316/1142 
s 1
f 4951/317/969 4952/318/1284 4950/314/1144 4949/313/1144 
s 2
f 4953/319/338 4954/320/755 4952/318/1284 4951/317/969 
s 1
f 4955/321/757 4956/322/757 4954/320/755 4953/319/338 
s 2
f 4957/323/1147 4958/324/1285 4956/322/757 4955/321/757 
s 1
f 4959/325/759 4960/326/1148 4958/324/1285 4957/323/1147 
s 2
f 4948/312/342 4947/311/1143 4960/326/1148 4959/325/759 
s 1
f 4961/309/354 4962/310/354 4963/311/353 4964/312/353 
s 2
f 4965/313/356 4966/314/356 4962/315/354 4961/316/354 
s 1
f 4967/317/357 4968/318/357 4966/314/356 4965/313/356 
s 2
f 4969/319/346 4970/320/760 4968/318/357 4967/317/357 
s 1
f 4971/321/347 4972/322/347 4970/320/760 4969/319/346 
s 2
f 4973/323/761 4974/324/761 4972/322/347 4971/321/347 
s 1
f 4975/325/762 4976/326/762 4974/324/761 4973/323/761 
s 2
f 4964/312/353 4963/311/353 4976/326/762 4975/325/762 
s 1
f 4977/309/764 4978/310/365 4979/311/982 4980/312/763 
s 2
f 4981/313/1346 4982/314/1346 4978/315/365 4977/316/764 
s 1
f 4983/317/368 4984/318/984 4982/314/1346 4981/313/1346 
s 2
f 4985/319/978 4986/320/358 4984/318/984 4983/317/368 
s 1
f 4987/321/767 4988/322/1286 4986/320/358 4985/319/978 
s 2
f 4989/323/1347 4990/324/979 4988/322/1286 4987/321/767 
s 1
f 4991/325/769 4992/326/362 4990/324/979 4989/323/1347 
s 2
f 4980/312/763 4979/311/982 4992/326/362 4991/325/769 
s 1
f 4993/309/990 4994/310/771 4995/311/374 4996/312/374 
s 2
f 4997/313/1150 4998/314/376 4994/315/771 4993/316/990 
s 1
f 4999/317/377 5000/318/377 4998/314/376 4997/313/1150 
s 2
f 5001/319/369 5002/320/987 5000/318/377 4999/317/377 
s 1
f 5003/321/776 5004/322/776 5002/320/987 5001/319/369 
s 2
f 5005/323/988 5006/324/988 5004/322/776 5003/321/776 
s 1
f 5007/325/373 5008/326/373 5006/324/988 5005/323/988 
s 2
f 4996/312/374 4995/311/374 5008/326/373 5007/325/373 
s 1
f 5009/309/383 5010/310/383 5011/311/382 5012/312/382 
s 2
f 5013/313/996 5014/314/996 5010/315/383 5009/316/383 
s 1
f 5015/317/385 5016/318/778 5014/314/996 5013/313/996 
s 2
f 5017/319/378 5018/320/378 5016/318/778 5015/317/385 
s 1
f 5019/321/379 5020/322/379 5018/320/378 5017/319/378 
s 2
f 5021/323/780 5022/324/780 5020/322/379 5019/321/379 
s 1
f 5023/325/381 5024/326/381 5022/324/780 5021/323/780 
s 2
f 5012/312/382 5011/311/382 5024/326/381 5023/325/381 
s 1
f 5025/309/781 5026/310/393 5027/311/1249 5028/312/1249 
s 2
f 5029/313/394 5030/314/395 5026/315/393 5025/316/781 
s 1
f 5031/317/396 5032/318/396 5030/314/395 5029/313/394 
s 2
f 5033/319/1153 5034/320/1153 5032/318/396 5031/317/396 
s 1
f 5035/321/387 5036/322/388 5034/320/1153 5033/319/1153 
s 2
f 5037/323/785 5038/324/785 5036/322/388 5035/321/387 
s 1
f 5039/325/390 5040/326/998 5038/324/785 5037/323/785 
s 2
f 5028/312/1249 5027/311/1249 5040/326/998 5039/325/390 
s 1
f 5041/309/788 5042/310/403 5043/311/402 5044/312/786 
s 2
f 5045/313/789 5046/314/404 5042/315/403 5041/316/788 
s 1
f 5047/317/1251 5048/318/405 5046/314/404 5045/313/789 
s 2
f 5049/319/397 5050/320/792 5048/318/405 5047/317/1251 
s 1
f 5051/321/793 5052/322/793 5050/320/792 5049/319/397 
s 2
f 5053/323/794 5054/324/399 5052/322/793 5051/321/793 
s 1
f 5055/325/401 5056/326/1002 5054/324/399 5053/323/794 
s 2
f 5044/312/786 5043/311/402 5056/326/1002 5055/325/401 
s 1
f 5057/309/796 5058/310/412 5059/311/411 5060/312/795 
s 2
f 5061/313/797 5062/314/413 5058/315/412 5057/316/796 
s 1
f 5063/317/415 5064/318/414 5062/314/413 5061/313/797 
s 2
f 5065/319/800 5066/320/406 5064/318/414 5063/317/415 
s 1
f 5067/321/407 5068/322/407 5066/320/406 5065/319/800 
s 2
f 5069/323/801 5070/324/1155 5068/322/407 5067/321/407 
s 1
f 5071/325/409 5072/326/409 5070/324/1155 5069/323/801 
s 2
f 5060/312/795 5059/311/411 5072/326/409 5071/325/409 
s 1
f 5073/309/1006 5074/310/1006 5075/311/1005 5076/312/422 
s 2
f 5077/313/1007 5078/314/1007 5074/315/1006 5073/316/1006 
s 1
f 5079/317/426 5080/318/426 5078/314/1007 5077/313/1007 
s 2
f 5081/319/416 5082/320/1004 5080/318/426 5079/317/426 
s 1
f 5083/321/1158 5084/322/1158 5082/320/1004 5081/319/416 
s 2
f 5085/323/418 5086/324/419 5084/322/1158 5083/321/1158 
s 1
f 5087/325/803 5088/326/421 5086/324/419 5085/323/418 
s 2
f 5076/312/422 5075/311/1005 5088/326/421 5087/325/803 
s 1
f 5089/309/805 5090/310/1160 5091/311/216 5092/312/216 
s 2
f 5093/313/1162 5094/314/1162 5090/315/1160 5089/316/805 
s 1
f 5095/317/808 5096/318/808 5094/314/1162 5093/313/1162 
s 2
f 5097/319/810 5098/320/809 5096/318/808 5095/317/808 
s 1
f 5099/321/811 5100/322/811 5098/320/809 5097/319/810 
s 2
f 5101/323/213 5102/324/213 5100/322/811 5099/321/811 
s 1
f 5103/325/1294 5104/326/1294 5102/324/213 5101/323/213 
s 2
f 5092/312/216 5091/311/216 5104/326/1294 5103/325/1294 
s 1
f 5105/309/814 5106/310/1168 5107/311/1009 5108/312/1009 
s 2
f 5109/313/436 5110/314/436 5106/315/1168 5105/316/814 
s 1
f 5111/317/815 5112/318/815 5110/314/436 5109/313/436 
s 2
f 5113/319/816 5114/320/428 5112/318/815 5111/317/815 
s 1
f 5115/321/429 5116/322/429 5114/320/428 5113/319/816 
s 2
f 5117/323/431 5118/324/431 5116/322/429 5115/321/429 
s 1
f 5119/325/818 5120/326/818 5118/324/431 5117/323/431 
s 2
f 5108/312/1009 5107/311/1009 5120/326/818 5119/325/818 
s 1
f 5121/309/1011 5122/310/1011 5123/311/444 5124/312/444 
s 2
f 5125/313/447 5126/314/447 5122/315/1011 5121/316/1011 
s 1
f 5127/317/448 5128/318/448 5126/314/447 5125/313/447 
s 2
f 5129/319/819 5130/320/438 5128/318/448 5127/317/448 
s 1
f 5131/321/1171 5132/322/1171 5130/320/438 5129/319/819 
s 2
f 5133/323/440 5134/324/440 5132/322/1171 5131/321/1171 
s 1
f 5135/325/821 5136/326/821 5134/324/440 5133/323/440 
s 2
f 5124/312/444 5123/311/444 5136/326/821 5135/325/821 
s 1
f 5137/309/455 5138/310/1013 5139/311/1174 5140/312/454 
s 2
f 5141/313/822 5142/314/822 5138/315/1013 5137/316/455 
s 1
f 5143/317/459 5144/318/459 5142/314/822 5141/313/822 
s 2
f 5145/319/823 5146/320/450 5144/318/459 5143/317/459 
s 1
f 5147/321/824 5148/322/824 5146/320/450 5145/319/823 
s 2
f 5149/323/825 5150/324/452 5148/322/824 5147/321/824 
s 1
f 5151/325/1177 5152/326/1177 5150/324/452 5149/323/825 
s 2
f 5140/312/454 5139/311/1174 5152/326/1177 5151/325/1177 
s 1
f 5153/309/828 5154/310/1178 5155/311/1348 5156/312/464 
s 2
f 5157/313/1179 5158/314/1179 5154/315/1178 5153/316/828 
s 1
f 5159/317/830 5160/318/829 5158/314/1179 5157/313/1179 
s 2
f 5161/319/460 5162/320/460 5160/318/829 5159/317/830 
s 1
f 5163/321/831 5164/322/831 5162/320/460 5161/319/460 
s 2
f 5165/323/1349 5166/324/462 5164/322/831 5163/321/831 
s 1
f 5167/325/833 5168/326/1018 5166/324/462 5165/323/1349 
s 2
f 5156/312/464 5155/311/1348 5168/326/1018 5167/325/833 
s 1
f 5169/309/835 5170/310/835 5171/311/834 5172/312/834 
s 2
f 5173/313/836 5174/314/836 5170/315/835 5169/316/835 
s 1
f 5175/317/837 5176/318/1182 5174/314/836 5173/313/836 
s 2
f 5177/319/1023 5178/320/1350 5176/318/1182 5175/317/837 
s 1
f 5179/321/838 5180/322/838 5178/320/1350 5177/319/1023 
s 2
f 5181/323/839 5182/324/839 5180/322/838 5179/321/838 
s 1
f 5183/325/840 5184/326/840 5182/324/839 5181/323/839 
s 2
f 5172/312/834 5171/311/834 5184/326/840 5183/325/840 
s 1
f 5185/309/485 5186/310/485 5187/311/483 5188/312/483 
s 2
f 5189/313/841 5190/314/486 5186/315/485 5185/316/485 
s 1
f 5191/317/1030 5192/318/1030 5190/314/486 5189/313/841 
s 2
f 5193/319/842 5194/320/478 5192/318/1030 5191/317/1030 
s 1
f 5195/321/479 5196/322/479 5194/320/478 5193/319/842 
s 2
f 5197/323/844 5198/324/843 5196/322/479 5195/321/479 
s 1
f 5199/325/482 5200/326/482 5198/324/843 5197/323/844 
s 2
f 5188/312/483 5187/311/483 5200/326/482 5199/325/482 
s 1
f 5201/309/847 5202/310/494 5203/311/493 5204/312/493 
s 2
f 5205/313/495 5206/314/495 5202/315/494 5201/316/847 
s 1
f 5207/317/496 5208/318/496 5206/314/495 5205/313/495 
s 2
f 5209/319/488 5210/320/488 5208/318/496 5207/317/496 
s 1
f 5211/321/489 5212/322/489 5210/320/488 5209/319/488 
s 2
f 5213/323/848 5214/324/848 5212/322/489 5211/321/489 
s 1
f 5215/325/849 5216/326/849 5214/324/848 5213/323/848 
s 2
f 5204/312/493 5203/311/493 5216/326/849 5215/325/849 
s 1
f 5217/309/1185 5218/310/1185 5219/311/503 5220/312/503 
s 2
f 5221/313/505 5222/314/505 5218/315/1185 5217/316/1185 
s 1
f 5223/317/506 5224/318/506 5222/314/505 5221/313/505 
s 2
f 5225/319/497 5226/320/497 5224/318/506 5223/317/506 
s 1
f 5227/321/498 5228/322/498 5226/320/497 5225/319/497 
s 2
f 5229/323/1036 5230/324/1036 5228/322/498 5227/321/498 
s 1
f 5231/325/501 5232/326/501 5230/324/1036 5229/323/1036 
s 2
f 5220/312/503 5219/311/503 5232/326/501 5231/325/501 
s 1
f 5233/309/514 5234/310/514 5235/311/1186 5236/312/1186 
s 2
f 5237/313/1187 5238/314/1042 5234/315/514 5233/316/514 
s 1
f 5239/317/1351 5240/318/856 5238/314/1042 5237/313/1187 
s 2
f 5241/319/509 5242/320/1039 5240/318/856 5239/317/1351 
s 1
f 5243/321/508 5244/322/1038 5242/320/1039 5241/319/509 
s 2
f 5245/323/510 5246/324/510 5244/322/1038 5243/321/508 
s 1
f 5247/325/1040 5248/326/1040 5246/324/510 5245/323/510 
s 2
f 5236/312/1186 5235/311/1186 5248/326/1040 5247/325/1040 
s 1
f 5249/309/525 5250/310/525 5251/311/523 5252/312/523 
s 2
f 5253/313/526 5254/314/526 5250/315/525 5249/316/525 
s 1
f 5255/317/858 5256/318/527 5254/314/526 5253/313/526 
s 2
f 5257/319/859 5258/320/518 5256/318/527 5255/317/858 
s 1
f 5259/321/520 5260/322/520 5258/320/518 5257/319/859 
s 2
f 5261/323/1352 5262/324/521 5260/322/520 5259/321/520 
s 1
f 5263/325/1353 5264/326/522 5262/324/521 5261/323/1352 
s 2
f 5252/312/523 5251/311/523 5264/326/522 5263/325/1353 
s 1
f 5265/309/1190 5266/310/1190 5267/311/535 5268/312/535 
s 2
f 5269/313/538 5270/314/862 5266/315/1190 5265/316/1190 
s 1
f 5271/317/539 5272/318/539 5270/314/862 5269/313/538 
s 2
f 5273/319/863 5274/320/528 5272/318/539 5271/317/539 
s 1
f 5275/321/864 5276/322/529 5274/320/528 5273/319/863 
s 2
f 5277/323/531 5278/324/531 5276/322/529 5275/321/864 
s 1
f 5279/325/866 5280/326/866 5278/324/531 5277/323/531 
s 2
f 5268/312/535 5267/311/535 5280/326/866 5279/325/866 
s 1
f 5281/309/547 5282/310/547 5283/311/867 5284/312/867 
s 2
f 5285/313/1192 5286/314/548 5282/315/547 5281/316/547 
s 1
f 5287/317/1052 5288/318/1298 5286/314/548 5285/313/1192 
s 2
f 5289/319/1193 5290/320/540 5288/318/1298 5287/317/1052 
s 1
f 5291/321/542 5292/322/542 5290/320/540 5289/319/1193 
s 2
f 5293/323/870 5294/324/870 5292/322/542 5291/321/542 
s 1
f 5295/325/544 5296/326/544 5294/324/870 5293/323/870 
s 2
f 5284/312/867 5283/311/867 5296/326/544 5295/325/544 
s 1
f 5297/309/871 5298/310/556 5299/311/1264 5300/312/1264 
s 2
f 5301/313/872 5302/314/557 5298/315/556 5297/316/871 
s 1
f 5303/317/558 5304/318/558 5302/314/557 5301/313/872 
s 2
f 5305/319/550 5306/320/550 5304/318/558 5303/317/558 
s 1
f 5307/321/552 5308/322/873 5306/320/550 5305/319/550 
s 2
f 5309/323/553 5310/324/1299 5308/322/873 5307/321/552 
s 1
f 5311/325/554 5312/326/554 5310/324/1299 5309/323/553 
s 2
f 5300/312/1264 5299/311/1264 5312/326/554 5311/325/554 
s 1
f 5313/309/1354 5314/310/875 5315/311/563 5316/312/564 
s 2
f 5317/313/877 5318/314/877 5314/315/875 5313/316/1354 
s 1
f 5319/317/1195 5320/318/1195 5318/314/877 5317/313/877 
s 2
f 5321/319/559 5322/320/1355 5320/318/1195 5319/317/1195 
s 1
f 5323/321/1356 5324/322/1356 5322/320/1355 5321/319/559 
s 2
f 5325/323/1357 5326/324/1357 5324/322/1356 5323/321/1356 
s 1
f 5327/325/882 5328/326/1198 5326/324/1357 5325/323/1357 
s 2
f 5316/312/564 5315/311/563 5328/326/1198 5327/325/882 
s 1
f 5329/309/1358 5330/310/1065 5331/311/1199 5332/312/883 
s 2
f 5333/313/885 5334/314/576 5330/315/1065 5329/316/1358 
s 1
f 5335/317/578 5336/318/578 5334/314/576 5333/313/885 
s 2
f 5337/319/568 5338/320/568 5336/318/578 5335/317/578 
s 1
f 5339/321/1200 5340/322/569 5338/320/568 5337/319/568 
s 2
f 5341/323/889 5342/324/889 5340/322/569 5339/321/1200 
s 1
f 5343/325/890 5344/326/1063 5342/324/889 5341/323/889 
s 2
f 5332/312/883 5331/311/1199 5344/326/1063 5343/325/890 
s 1
f 5345/309/891 5346/310/1068 5347/311/1202 5348/312/584 
s 2
f 5349/313/587 5350/314/587 5346/315/1068 5345/316/891 
s 1
f 5351/317/893 5352/318/588 5350/314/587 5349/313/587 
s 2
f 5353/319/579 5354/320/1067 5352/318/588 5351/317/893 
s 1
f 5355/321/580 5356/322/580 5354/320/1067 5353/319/579 
s 2
f 5357/323/582 5358/324/582 5356/322/580 5355/321/580 
s 1
f 5359/325/1203 5360/326/1203 5358/324/582 5357/323/582 
s 2
f 5348/312/584 5347/311/1202 5360/326/1203 5359/325/1203 
s 1
f 5361/309/900 5362/310/598 5363/311/1072 5364/312/596 
s 2
f 5365/313/902 5366/314/1205 5362/315/598 5361/316/900 
s 1
f 5367/317/600 5368/318/1359 5366/314/1205 5365/313/902 
s 2
f 5369/319/905 5370/320/904 5368/318/1359 5367/317/600 
s 1
f 5371/321/906 5372/322/906 5370/320/904 5369/319/905 
s 2
f 5373/323/907 5374/324/907 5372/322/906 5371/321/906 
s 1
f 5375/325/1071 5376/326/595 5374/324/907 5373/323/907 
s 2
f 5364/312/596 5363/311/1072 5376/326/595 5375/325/1071 
s 1
f 5377/309/606 5378/310/606 5379/311/908 5380/312/605 
s 2
f 5381/313/1208 5382/314/1208 5378/315/606 5377/316/606 
s 1
f 5383/317/610 5384/318/610 5382/314/1208 5381/313/1208 
s 2
f 5385/319/601 5386/320/601 5384/318/610 5383/317/610 
s 1
f 5387/321/913 5388/322/913 5386/320/601 5385/319/601 
s 2
f 5389/323/914 5390/324/914 5388/322/913 5387/321/913 
s 1
f 5391/325/604 5392/326/604 5390/324/914 5389/323/914 
s 2
f 5380/312/605 5379/311/908 5392/326/604 5391/325/604 
s 1
f 5393/309/618 5394/310/618 5395/311/617 5396/312/617 
s 2
f 5397/313/919 5398/314/1210 5394/315/618 5393/316/618 
s 1
f 5399/317/622 5400/318/622 5398/314/1210 5397/313/919 
s 2
f 5401/319/921 5402/320/921 5400/318/622 5399/317/622 
s 1
f 5403/321/613 5404/322/613 5402/320/921 5401/319/921 
s 2
f 5405/323/614 5406/324/922 5404/322/613 5403/321/613 
s 1
f 5407/325/616 5408/326/1080 5406/324/922 5405/323/614 
s 2
f 5396/312/617 5395/311/617 5408/326/1080 5407/325/616 
s 1
f 5409/309/630 5410/310/630 5411/311/1084 5412/312/1083 
s 2
f 5413/313/632 5414/314/632 5410/315/630 5409/316/630 
s 1
f 5415/317/1086 5416/318/1086 5414/314/632 5413/313/632 
s 2
f 5417/319/623 5418/320/924 5416/318/1086 5415/317/1086 
s 1
f 5419/321/925 5420/322/925 5418/320/924 5417/319/623 
s 2
f 5421/323/926 5422/324/627 5420/322/925 5419/321/925 
s 1
f 5423/325/1082 5424/326/1082 5422/324/627 5421/323/926 
s 2
f 5412/312/1083 5411/311/1084 5424/326/1082 5423/325/1082 
s 1
f 5425/309/1092 5426/310/1092 5427/311/1213 5428/312/641 
s 2
f 5429/313/1093 5430/314/1093 5426/315/1092 5425/316/1092 
s 1
f 5431/317/644 5432/318/644 5430/314/1093 5429/313/1093 
s 2
f 5433/319/634 5434/320/634 5432/318/644 5431/317/644 
s 1
f 5435/321/635 5436/322/635 5434/320/634 5433/319/634 
s 2
f 5437/323/638 5438/324/638 5436/322/635 5435/321/635 
s 1
f 5439/325/640 5440/326/639 5438/324/638 5437/323/638 
s 2
f 5428/312/641 5427/311/1213 5440/326/639 5439/325/640 
s 1
f 5441/309/652 5442/310/652 5443/311/651 5444/312/927 
s 2
f 5445/313/654 5446/314/654 5442/315/652 5441/316/652 
s 1
f 5447/317/1099 5448/318/1099 5446/314/654 5445/313/654 
s 2
f 5449/319/1360 5450/320/1096 5448/318/1099 5447/317/1099 
s 1
f 5451/321/647 5452/322/1310 5450/320/1096 5449/319/1360 
s 2
f 5453/323/1217 5454/324/1217 5452/322/1310 5451/321/647 
s 1
f 5455/325/932 5456/326/932 5454/324/1217 5453/323/1217 
s 2
f 5444/312/927 5443/311/651 5456/326/932 5455/325/932 
s 1
f 5457/309/933 5458/310/933 5459/311/662 5460/312/662 
s 2
f 5461/313/1218 5462/314/1218 5458/315/933 5457/316/933 
s 1
f 5463/317/935 5464/318/665 5462/314/1218 5461/313/1218 
s 2
f 5465/319/658 5466/320/656 5464/318/665 5463/317/935 
s 1
f 5467/321/938 5468/322/1219 5466/320/656 5465/319/658 
s 2
f 5469/323/940 5470/324/940 5468/322/1219 5467/321/938 
s 1
f 5471/325/661 5472/326/941 5470/324/940 5469/323/940 
s 2
f 5460/312/662 5459/311/662 5472/326/941 5471/325/661 
s 1
f 5473/309/1105 5474/310/1105 5475/311/671 5476/312/670 
s 2
f 5477/313/674 5478/314/673 5474/315/1105 5473/316/1105 
s 1
f 5479/317/1361 5480/318/675 5478/314/673 5477/313/674 
s 2
f 5481/319/1362 5482/320/666 5480/318/675 5479/317/1361 
s 1
f 5483/321/667 5484/322/667 5482/320/666 5481/319/1362 
s 2
f 5485/323/945 5486/324/1222 5484/322/667 5483/321/667 
s 1
f 5487/325/1223 5488/326/1363 5486/324/1222 5485/323/945 
s 2
f 5476/312/670 5475/311/671 5488/326/1363 5487/325/1223 
s 1
f 4050/310/211 1937/282/211 1940/285/209 4051/311/209 
s 2
f 4054/314/212 1941/286/212 1937/289/211 4050/315/211 
s 1
f 4056/318/948 1943/290/948 1941/286/212 4054/314/212 
s 2
f 4058/320/949 1945/292/949 1943/290/948 4056/318/948 
s 1
f 4060/322/1225 1947/294/217 1945/292/949 4058/320/949 
s 2
f 4062/324/806 1949/296/806 1947/294/217 4060/322/1225 
s 1
f 4064/326/950 1951/298/950 1949/296/806 4062/324/806 
s 2
f 4051/311/209 1940/285/209 1951/298/950 4064/326/950 
s 1
f 4066/310/678 1953/282/222 1956/285/221 4067/311/221 
s 2
f 4070/314/223 1957/286/223 1953/289/222 4066/315/678 
s 1
f 4072/318/681 1959/290/224 1957/286/223 4070/314/223 
s 2
f 4074/320/952 1961/292/952 1959/290/224 4072/318/681 
s 1
f 4076/322/227 1963/294/227 1961/292/952 4074/320/952 
s 2
f 4078/324/676 1965/296/953 1963/294/227 4076/322/227 
s 1
f 4080/326/230 1967/298/230 1965/296/953 4078/324/676 
s 2
f 4067/311/221 1956/285/221 1967/298/230 4080/326/230 
s 1
f 4082/310/1228 5489/282/233 5490/285/232 4083/311/232 
s 2
f 4086/314/234 5491/286/234 5489/289/233 4082/315/1228 
s 1
f 4088/318/1112 5492/290/1112 5491/286/234 4086/314/234 
s 2
f 4090/320/682 5493/292/682 5492/290/1112 4088/318/1112 
s 1
f 4092/322/683 5494/294/1107 5493/292/682 4090/320/682 
s 2
f 4094/324/1229 5495/296/1229 5494/294/1107 4092/322/683 
s 1
f 4096/326/241 5496/298/241 5495/296/1229 4094/324/1229 
s 2
f 4083/311/232 5490/285/232 5496/298/241 4096/326/241 
s 1
f 4098/310/244 5497/282/244 5498/285/243 4099/311/1230 
s 2
f 4102/314/693 5499/286/693 5497/289/244 4098/315/244 
s 1
f 4104/318/694 5500/290/1364 5499/286/693 4102/314/693 
s 2
f 4106/320/689 5501/292/1365 5500/290/1364 4104/318/694 
s 1
f 4108/322/248 5502/294/248 5501/292/1365 4106/320/689 
s 2
f 4110/324/249 5503/296/249 5502/294/248 4108/322/248 
s 1
f 4112/326/691 5504/298/250 5503/296/249 4110/324/249 
s 2
f 4099/311/1230 5498/285/243 5504/298/250 4112/326/691 
s 1
f 4114/310/1232 5505/282/701 5506/285/700 4115/311/700 
s 2
f 4118/314/1117 5507/286/1117 5505/289/701 4114/315/1232 
s 1
f 4120/318/255 5508/290/255 5507/286/1117 4118/314/1117 
s 2
f 4122/320/697 5509/292/1235 5508/290/255 4120/318/255 
s 1
f 4124/322/696 5510/294/1366 5509/292/1235 4122/320/697 
s 2
f 4126/324/258 5511/296/1116 5510/294/1366 4124/322/696 
s 1
f 4128/326/699 5512/298/699 5511/296/1116 4126/324/258 
s 2
f 4115/311/700 5506/285/700 5512/298/699 4128/326/699 
s 1
f 4130/310/263 5513/282/263 5514/285/262 4131/311/262 
s 2
f 4134/314/713 5515/286/713 5513/289/263 4130/315/263 
s 1
f 4136/318/266 5516/290/266 5515/286/713 4134/314/713 
s 2
f 4138/320/268 5517/292/268 5516/290/266 4136/318/266 
s 1
f 4140/322/271 5518/294/271 5517/292/268 4138/320/268 
s 2
f 4142/324/272 5519/296/272 5518/294/271 4140/322/271 
s 1
f 4144/326/273 5520/298/273 5519/296/272 4142/324/272 
s 2
f 4131/311/262 5514/285/262 5520/298/273 4144/326/273 
s 1
f 4146/310/718 5521/282/276 5522/285/274 4147/311/274 
s 2
f 4150/314/719 5523/286/719 5521/289/276 4146/315/718 
s 1
f 4152/318/720 5524/290/720 5523/286/719 4150/314/719 
s 2
f 4154/320/279 5525/292/279 5524/290/720 4152/318/720 
s 1
f 4156/322/1279 5526/294/1279 5525/292/279 4154/320/279 
s 2
f 4158/324/283 5527/296/283 5526/294/1279 4156/322/1279 
s 1
f 4160/326/285 5528/298/285 5527/296/283 4158/324/283 
s 2
f 4147/311/274 5522/285/274 5528/298/285 4160/326/285 
s 1
f 4162/310/287 5529/282/287 5530/285/1126 4163/311/286 
s 2
f 4166/314/1239 5531/286/1239 5529/289/287 4162/315/287 
s 1
f 4168/318/1316 5532/290/1316 5531/286/1239 4166/314/1239 
s 2
f 4170/320/1280 5533/292/1280 5532/290/1316 4168/318/1316 
s 1
f 4172/322/721 5534/294/721 5533/292/1280 4170/320/1280 
s 2
f 4174/324/1317 5535/296/1317 5534/294/721 4172/322/721 
s 1
f 4176/326/293 5536/298/293 5535/296/1317 4174/324/1317 
s 2
f 4163/311/286 5530/285/1126 5536/298/293 4176/326/293 
s 1
f 4178/310/295 1969/282/295 1972/285/730 4179/311/730 
s 2
f 4182/314/955 1973/286/296 1969/289/295 4178/315/295 
s 1
f 4184/318/297 1975/290/297 1973/286/296 4182/314/955 
s 2
f 4186/320/1129 1977/292/298 1975/290/297 4184/318/297 
s 1
f 4188/322/1128 1979/294/299 1977/292/298 4186/320/1129 
s 2
f 4190/324/300 1981/296/300 1979/294/299 4188/322/1128 
s 1
f 4192/326/729 1983/298/301 1981/296/300 4190/324/300 
s 2
f 4179/311/730 1972/285/730 1983/298/301 4192/326/729 
s 1
f 4194/310/1242 1985/282/304 1988/285/302 4195/311/1135 
s 2
f 4198/314/959 1989/286/959 1985/289/304 4194/315/1242 
s 1
f 4200/318/307 1991/290/308 1989/286/959 4198/314/959 
s 2
f 4202/320/1133 1993/292/310 1991/290/308 4200/318/307 
s 1
f 4204/322/960 1995/294/311 1993/292/310 4202/320/1133 
s 2
f 4206/324/1243 1997/296/313 1995/294/311 4204/322/960 
s 1
f 4208/326/314 1999/298/314 1997/296/313 4206/324/1243 
s 2
f 4195/311/1135 1988/285/302 1999/298/314 4208/326/314 
s 1
f 4210/310/316 2001/282/316 2004/285/315 4211/311/315 
s 2
f 4214/314/318 2005/286/318 2001/289/316 4210/315/316 
s 1
f 4216/318/319 2007/290/319 2005/286/318 4214/314/318 
s 2
f 4218/320/320 2009/292/320 2007/290/319 4216/318/319 
s 1
f 4220/322/321 2011/294/321 2009/292/320 4218/320/320 
s 2
f 4222/324/322 2013/296/322 2011/294/321 4220/322/321 
s 1
f 4224/326/323 2015/298/323 2013/296/322 4222/324/322 
s 2
f 4211/311/315 2004/285/315 2015/298/323 4224/326/323 
s 1
f 4226/310/325 2017/282/325 2020/285/963 4227/311/963 
s 2
f 4230/314/751 2021/286/328 2017/289/325 4226/315/325 
s 1
f 4232/318/330 2023/290/329 2021/286/328 4230/314/751 
s 2
f 4234/320/747 2025/292/331 2023/290/329 4232/318/330 
s 1
f 4236/322/965 2027/294/332 2025/292/331 4234/320/747 
s 2
f 4238/324/335 2029/296/335 2027/294/332 4236/322/965 
s 1
f 4240/326/967 2031/298/336 2029/296/335 4238/324/335 
s 2
f 4227/311/963 2020/285/963 2031/298/336 4240/326/967 
s 1
f 4242/310/339 2033/282/339 2036/285/338 4243/311/338 
s 2
f 4246/314/758 2037/286/758 2033/289/339 4242/315/339 
s 1
f 4248/318/341 2039/290/341 2037/286/758 4246/314/758 
s 2
f 4250/320/342 2041/292/342 2039/290/341 4248/318/341 
s 1
f 4252/322/343 2043/294/343 2041/292/342 4250/320/342 
s 2
f 4254/324/344 2045/296/344 2043/294/343 4252/322/343 
s 1
f 4256/326/345 2047/298/345 2045/296/344 4254/324/344 
s 2
f 4243/311/338 2036/285/338 2047/298/345 4256/326/345 
s 1
f 4258/310/347 2049/282/347 2052/285/346 4259/311/760 
s 2
f 4262/314/972 2053/286/972 2049/289/347 4258/315/347 
s 1
f 4264/318/351 2055/290/351 2053/286/972 4262/314/972 
s 2
f 4266/320/1247 2057/292/353 2055/290/351 4264/318/351 
s 1
f 4268/322/354 2059/294/354 2057/292/353 4266/320/1247 
s 2
f 4270/324/356 2061/296/356 2059/294/354 4268/322/354 
s 1
f 4272/326/357 2063/298/976 2061/296/356 4270/324/356 
s 2
f 4259/311/760 2052/285/346 2063/298/976 4272/326/357 
s 1
f 4274/310/767 2065/282/767 2068/285/978 4275/311/978 
s 2
f 4278/314/979 2069/286/361 2065/289/767 4274/315/767 
s 1
f 4280/318/980 2071/290/980 2069/286/361 4278/314/979 
s 2
f 4282/320/982 2073/292/982 2071/290/980 4280/318/980 
s 1
f 4284/322/366 2075/294/366 2073/292/982 4282/320/982 
s 2
f 4286/324/367 2077/296/367 2075/294/366 4284/322/366 
s 1
f 4288/326/983 2079/298/983 2077/296/367 4286/324/367 
s 2
f 4275/311/978 2068/285/978 2079/298/983 4288/326/983 
s 1
f 4290/310/370 2081/282/776 2084/285/987 4291/311/987 
s 2
f 4294/314/988 2085/286/988 2081/289/776 4290/315/370 
s 1
f 4296/318/372 2087/290/372 2085/286/988 4294/314/988 
s 2
f 4298/320/374 2089/292/989 2087/290/372 4296/318/372 
s 1
f 4300/322/375 2091/294/990 2089/292/989 4298/320/374 
s 2
f 4302/324/376 2093/296/376 2091/294/990 4300/322/375 
s 1
f 4304/326/773 2095/298/377 2093/296/376 4302/324/376 
s 2
f 4291/311/987 2084/285/987 2095/298/377 4304/326/773 
s 1
f 4306/310/991 2097/282/991 2100/285/378 4307/311/779 
s 2
f 4310/314/780 2101/286/380 2097/289/991 4306/315/991 
s 1
f 4312/318/381 2103/290/381 2101/286/380 4310/314/780 
s 2
f 4314/320/994 2105/292/382 2103/290/381 4312/318/381 
s 1
f 4316/322/383 2107/294/383 2105/292/382 4314/320/994 
s 2
f 4318/324/996 2109/296/384 2107/294/383 4316/322/383 
s 1
f 4320/326/385 2111/298/385 2109/296/384 4318/324/996 
s 2
f 4307/311/779 2100/285/378 2111/298/385 4320/326/385 
s 1
f 4322/310/387 2113/282/387 2116/285/386 4323/311/1153 
s 2
f 4326/314/785 2117/286/389 2113/289/387 4322/315/387 
s 1
f 4328/318/390 2119/290/390 2117/286/389 4326/314/785 
s 2
f 4330/320/1249 2121/292/999 2119/290/390 4328/318/390 
s 1
f 4332/322/781 2123/294/393 2121/292/999 4330/320/1249 
s 2
f 4334/324/395 2125/296/394 2123/294/393 4332/322/781 
s 1
f 4336/326/1000 2127/298/396 2125/296/394 4334/324/395 
s 2
f 4323/311/1153 2116/285/386 2127/298/396 4336/326/1000 
s 1
f 4338/310/793 2129/282/398 2132/285/397 4339/311/397 
s 2
f 4342/314/399 2133/286/1001 2129/289/398 4338/315/793 
s 1
f 4344/318/1250 2135/290/401 2133/286/1001 4342/314/399 
s 2
f 4346/320/786 2137/292/402 2135/290/401 4344/318/1250 
s 1
f 4348/322/1320 2139/294/403 2137/292/402 4346/320/786 
s 2
f 4350/324/404 2141/296/404 2139/294/403 4348/322/1320 
s 1
f 4352/326/1251 2143/298/405 2141/296/404 4350/324/404 
s 2
f 4339/311/397 2132/285/397 2143/298/405 4352/326/1251 
s 1
f 4354/310/407 2145/282/407 2148/285/406 4355/311/800 
s 2
f 4358/314/801 2149/286/408 2145/289/407 4354/315/407 
s 1
f 4360/318/410 2151/290/410 2149/286/408 4358/314/801 
s 2
f 4362/320/795 2153/292/411 2151/290/410 4360/318/410 
s 1
f 4364/322/412 2155/294/412 2153/292/411 4362/320/795 
s 2
f 4366/324/413 2157/296/413 2155/294/412 4364/322/412 
s 1
f 4368/326/415 2159/298/415 2157/296/413 4366/324/413 
s 2
f 4355/311/800 2148/285/406 2159/298/415 4368/326/415 
s 1
f 4370/310/417 2161/282/417 2164/285/1004 4371/311/416 
s 2
f 4374/314/419 2165/286/419 2161/289/417 4370/315/417 
s 1
f 4376/318/803 2167/290/421 2165/286/419 4374/314/419 
s 2
f 4378/320/422 2169/292/422 2167/290/421 4376/318/803 
s 1
f 4380/322/1006 2171/294/424 2169/292/422 4378/320/422 
s 2
f 4382/324/425 2173/296/425 2171/294/424 4380/322/1006 
s 1
f 4384/326/426 2175/298/426 2173/296/425 4382/324/425 
s 2
f 4371/311/416 2164/285/1004 2175/298/426 4384/326/426 
s 1
f 4386/310/817 2177/282/817 2180/285/428 4387/311/428 
s 2
f 4390/314/431 2181/286/431 2177/289/817 4386/315/817 
s 1
f 4392/318/432 2183/290/432 2181/286/431 4390/314/431 
s 2
f 4394/320/1009 2185/292/1009 2183/290/432 4392/318/432 
s 1
f 4396/322/435 2187/294/435 2185/292/1009 4394/320/1009 
s 2
f 4398/324/436 2189/296/436 2187/294/435 4396/322/435 
s 1
f 4400/326/437 2191/298/437 2189/296/436 4398/324/436 
s 2
f 4387/311/428 2180/285/428 2191/298/437 4400/326/437 
s 1
f 4402/310/439 2193/282/439 2196/285/438 4403/311/438 
s 2
f 4406/314/440 2197/286/440 2193/289/439 4402/315/439 
s 1
f 4408/318/442 2199/290/442 2197/286/440 4406/314/440 
s 2
f 4410/320/1010 2201/292/444 2199/290/442 4408/318/442 
s 1
f 4412/322/446 2203/294/1011 2201/292/444 4410/320/1010 
s 2
f 4414/324/447 2205/296/447 2203/294/1011 4412/322/446 
s 1
f 4416/326/1321 2207/298/449 2205/296/447 4414/324/447 
s 2
f 4403/311/438 2196/285/438 2207/298/449 4416/326/1321 
s 1
f 4418/310/1012 2209/282/451 2212/285/450 4419/311/450 
s 2
f 4422/314/452 2213/286/452 2209/289/451 4418/315/1012 
s 1
f 4424/318/453 2215/290/453 2213/286/452 4422/314/452 
s 2
f 4426/320/454 2217/292/454 2215/290/453 4424/318/453 
s 1
f 4428/322/456 2219/294/456 2217/292/454 4426/320/454 
s 2
f 4430/324/1014 2221/296/1014 2219/294/456 4428/322/456 
s 1
f 4432/326/459 2223/298/459 2221/296/1014 4430/324/1014 
s 2
f 4419/311/450 2212/285/450 2223/298/459 4432/326/459 
s 1
f 4434/310/461 2225/282/461 2228/285/1017 4435/311/1017 
s 2
f 4438/314/462 2229/286/462 2225/289/461 4434/315/461 
s 1
f 4440/318/832 2231/290/1018 2229/286/462 4438/314/462 
s 2
f 4442/320/464 2233/292/464 2231/290/1018 4440/318/832 
s 1
f 4444/322/1019 2235/294/1019 2233/292/464 4442/320/464 
s 2
f 4446/324/1179 2237/296/466 2235/294/1019 4444/322/1019 
s 1
f 4448/326/829 2239/298/829 2237/296/466 4446/324/1179 
s 2
f 4435/311/1017 2228/285/1017 2239/298/829 4448/326/829 
s 1
f 4450/310/469 2241/282/469 2244/285/468 4451/311/468 
s 2
f 4454/314/470 2245/286/470 2241/289/469 4450/315/469 
s 1
f 4456/318/1025 2247/290/471 2245/286/470 4454/314/470 
s 2
f 4458/320/472 2249/292/472 2247/290/471 4456/318/1025 
s 1
f 4460/322/473 2251/294/473 2249/292/472 4458/320/472 
s 2
f 4462/324/474 2253/296/474 2251/294/473 4460/322/473 
s 1
f 4464/326/476 2255/298/476 2253/296/474 4462/324/474 
s 2
f 4451/311/468 2244/285/468 2255/298/476 4464/326/476 
s 1
f 4466/310/480 2257/282/479 2260/285/842 4467/311/478 
s 2
f 4470/314/844 2261/286/844 2257/289/479 4466/315/480 
s 1
f 4472/318/845 2263/290/845 2261/286/844 4470/314/844 
s 2
f 4474/320/483 2265/292/483 2263/290/845 4472/318/845 
s 1
f 4476/322/1324 2267/294/1027 2265/292/483 4474/320/483 
s 2
f 4478/324/1029 2269/296/1029 2267/294/1027 4476/322/1324 
s 1
f 4480/326/487 2271/298/487 2269/296/1029 4478/324/1029 
s 2
f 4467/311/478 2260/285/842 2271/298/487 4480/326/487 
s 1
f 4482/310/489 2273/282/489 2276/285/1033 4483/311/488 
s 2
f 4486/314/1258 2277/286/490 2273/289/489 4482/315/489 
s 1
f 4488/318/850 2279/290/850 2277/286/490 4486/314/1258 
s 2
f 4490/320/846 2281/292/846 2279/290/850 4488/318/850 
s 1
f 4492/322/494 2283/294/494 2281/292/846 4490/320/846 
s 2
f 4494/324/495 2285/296/495 2283/294/494 4492/322/494 
s 1
f 4496/326/1325 2287/298/496 2285/296/495 4494/324/495 
s 2
f 4483/311/488 2276/285/1033 2287/298/496 4496/326/1325 
s 1
f 4498/310/498 2289/282/498 2292/285/497 4499/311/497 
s 2
f 4502/314/1036 2293/286/500 2289/289/498 4498/315/498 
s 1
f 4504/318/501 2295/290/501 2293/286/500 4502/314/1036 
s 2
f 4506/320/503 2297/292/503 2295/290/501 4504/318/501 
s 1
f 4508/322/852 2299/294/504 2297/292/503 4506/320/503 
s 2
f 4510/324/505 2301/296/505 2299/294/504 4508/322/852 
s 1
f 4512/326/506 2303/298/506 2301/296/505 4510/324/505 
s 2
f 4499/311/497 2292/285/497 2303/298/506 4512/326/506 
s 1
f 4514/310/1038 2305/282/1037 2308/285/1039 4515/311/1039 
s 2
f 4518/314/511 2309/286/510 2305/289/1037 4514/315/1038 
s 1
f 4520/318/1040 2311/290/1040 2309/286/510 4518/314/511 
s 2
f 4522/320/1186 2313/292/513 2311/290/1040 4520/318/1040 
s 1
f 4524/322/514 2315/294/1041 2313/292/513 4522/320/1186 
s 2
f 4526/324/516 2317/296/516 2315/294/1041 4524/322/514 
s 1
f 4528/326/517 2319/298/517 2317/296/516 4526/324/516 
s 2
f 4515/311/1039 2308/285/1039 2319/298/517 4528/326/517 
s 1
f 4530/310/1043 2321/282/520 2324/285/518 4531/311/859 
s 2
f 4534/314/860 2325/286/521 2321/289/520 4530/315/1043 
s 1
f 4536/318/861 2327/290/522 2325/286/521 4534/314/860 
s 2
f 4538/320/523 2329/292/523 2327/290/522 4536/318/861 
s 1
f 4540/322/1045 2331/294/525 2329/292/523 4538/320/523 
s 2
f 4542/324/526 2333/296/526 2331/294/525 4540/322/1045 
s 1
f 4544/326/858 2335/298/527 2333/296/526 4542/324/526 
s 2
f 4531/311/859 2324/285/518 2335/298/527 4544/326/858 
s 1
f 4546/310/530 2337/282/530 2340/285/528 4547/311/528 
s 2
f 4550/314/865 2341/286/531 2337/289/530 4546/315/530 
s 1
f 4552/318/866 2343/290/534 2341/286/531 4550/314/865 
s 2
f 4554/320/535 2345/292/535 2343/290/534 4552/318/866 
s 1
f 4556/322/537 2347/294/537 2345/292/535 4554/320/535 
s 2
f 4558/324/538 2349/296/538 2347/294/537 4556/322/537 
s 1
f 4560/326/1048 2351/298/539 2349/296/538 4558/324/538 
s 2
f 4547/311/528 2340/285/528 2351/298/539 4560/326/1048 
s 1
f 4562/310/541 2353/282/542 2356/285/540 4563/311/1262 
s 2
f 4566/314/543 2357/286/543 2353/289/542 4562/315/541 
s 1
f 4568/318/545 2359/290/545 2357/286/543 4566/314/543 
s 2
f 4570/320/867 2361/292/867 2359/290/545 4568/318/545 
s 1
f 4572/322/1263 2363/294/547 2361/292/867 4570/320/867 
s 2
f 4574/324/868 2365/296/548 2363/294/547 4572/322/1263 
s 1
f 4576/326/1052 2367/298/549 2365/296/548 4574/324/868 
s 2
f 4563/311/1262 2356/285/540 2367/298/549 4576/326/1052 
s 1
f 4578/310/1053 2369/282/1053 2372/285/550 4579/311/550 
s 2
f 4582/314/1055 2373/286/553 2369/289/1053 4578/315/1053 
s 1
f 4584/318/1056 2375/290/554 2373/286/553 4582/314/1055 
s 2
f 4586/320/555 2377/292/555 2375/290/554 4584/318/1056 
s 1
f 4588/322/556 2379/294/556 2377/292/555 4586/320/555 
s 2
f 4590/324/557 2381/296/557 2379/294/556 4588/322/556 
s 1
f 4592/326/558 2383/298/558 2381/296/557 4590/324/557 
s 2
f 4579/311/550 2372/285/550 2383/298/558 4592/326/558 
s 1
f 4594/310/560 2385/282/560 2388/285/559 4595/311/559 
s 2
f 4598/314/561 2389/286/561 2385/289/560 4594/315/560 
s 1
f 4600/318/1060 2391/290/562 2389/286/561 4598/314/561 
s 2
f 4602/320/563 2393/292/563 2391/290/562 4600/318/1060 
s 1
f 4604/322/565 2395/294/875 2393/292/563 4602/320/563 
s 2
f 4606/324/1265 2397/296/566 2395/294/875 4604/322/565 
s 1
f 4608/326/567 2399/298/567 2397/296/566 4606/324/1265 
s 2
f 4595/311/559 2388/285/559 2399/298/567 4608/326/567 
s 1
f 4610/310/888 2401/282/888 2404/285/568 4611/311/568 
s 2
f 4614/314/1062 2405/286/1062 2401/289/888 4610/315/888 
s 1
f 4616/318/890 2407/290/1063 2405/286/1062 4614/314/1062 
s 2
f 4618/320/883 2409/292/883 2407/290/1063 4616/318/890 
s 1
f 4620/322/884 2411/294/884 2409/292/883 4618/320/883 
s 2
f 4622/324/1266 2413/296/1066 2411/294/884 4620/322/884 
s 1
f 4624/326/887 2415/298/578 2413/296/1066 4622/324/1266 
s 2
f 4611/311/568 2404/285/568 2415/298/578 4624/326/887 
s 1
f 4626/310/896 2417/282/580 2420/285/1067 4627/311/1067 
s 2
f 4630/314/581 2421/286/581 2417/289/580 4626/315/896 
s 1
f 4632/318/899 2423/290/583 2421/286/581 4630/314/581 
s 2
f 4634/320/584 2425/292/584 2423/290/583 4632/318/899 
s 1
f 4636/322/1068 2427/294/1068 2425/292/584 4634/320/584 
s 2
f 4638/324/587 2429/296/587 2427/294/1068 4636/322/1068 
s 1
f 4640/326/1328 2431/298/588 2429/296/587 4638/324/587 
s 2
f 4627/311/1067 2420/285/1067 2431/298/588 4640/326/1328 
s 1
f 4642/310/591 2433/282/591 2436/285/904 4643/311/904 
s 2
f 4646/314/1070 2437/286/1070 2433/289/591 4642/315/591 
s 1
f 4648/318/595 2439/290/595 2437/286/1070 4646/314/1070 
s 2
f 4650/320/1072 2441/292/1072 2439/290/595 4648/318/595 
s 1
f 4652/322/598 2443/294/598 2441/292/1072 4650/320/1072 
s 2
f 4654/324/599 2445/296/599 2443/294/598 4652/322/598 
s 1
f 4656/326/903 2447/298/600 2445/296/599 4654/324/599 
s 2
f 4643/311/904 2436/285/904 2447/298/600 4656/326/903 
s 1
f 4658/310/913 2449/282/1075 2452/285/601 4659/311/601 
s 2
f 4662/314/603 2453/286/603 2449/289/1075 4658/315/913 
s 1
f 4664/318/915 2455/290/915 2453/286/603 4662/314/603 
s 2
f 4666/320/908 2457/292/908 2455/290/915 4664/318/915 
s 1
f 4668/322/909 2459/294/909 2457/292/908 4666/320/908 
s 2
f 4670/324/1330 2461/296/609 2459/294/909 4668/322/909 
s 1
f 4672/326/911 2463/298/911 2461/296/609 4670/324/1330 
s 2
f 4659/311/601 2452/285/601 2463/298/911 4672/326/911 
s 1
f 4674/310/612 2465/282/613 2468/285/1079 4675/311/1331 
s 2
f 4678/314/615 2469/286/615 2465/289/613 4674/315/612 
s 1
f 4680/318/1080 2471/290/1080 2469/286/615 4678/314/615 
s 2
f 4682/320/617 2473/292/617 2471/290/1080 4680/318/1080 
s 1
f 4684/322/618 2475/294/619 2473/292/617 4682/320/617 
s 2
f 4686/324/620 2477/296/621 2475/294/619 4684/322/618 
s 1
f 4688/326/622 2479/298/920 2477/296/621 4686/324/620 
s 2
f 4675/311/1331 2468/285/1079 2479/298/920 4688/326/622 
s 1
f 4690/310/925 2481/282/625 2484/285/623 4691/311/924 
s 2
f 4694/314/1271 2485/286/627 2481/289/625 4690/315/925 
s 1
f 4696/318/1082 2487/290/1082 2485/286/627 4694/314/1271 
s 2
f 4698/320/629 2489/292/1083 2487/290/1082 4696/318/1082 
s 1
f 4700/322/630 2491/294/631 2489/292/1083 4698/320/629 
s 2
f 4702/324/1085 2493/296/632 2491/294/631 4700/322/630 
s 1
f 4704/326/1086 2495/298/1086 2493/296/632 4702/324/1085 
s 2
f 4691/311/924 2484/285/623 2495/298/1086 4704/326/1086 
s 1
f 4706/310/635 2497/282/635 2500/285/634 4707/311/634 
s 2
f 4710/314/1088 2501/286/1088 2497/289/635 4706/315/635 
s 1
f 4712/318/639 2503/290/639 2501/286/1088 4710/314/1088 
s 2
f 4714/320/1090 2505/292/1090 2503/290/639 4712/318/639 
s 1
f 4716/322/1091 2507/294/1091 2505/292/1090 4714/320/1090 
s 2
f 4718/324/1093 2509/296/1093 2507/294/1091 4716/322/1091 
s 1
f 4720/326/644 2511/298/644 2509/296/1093 4718/324/1093 
s 2
f 4707/311/634 2500/285/634 2511/298/644 4720/326/644 
s 1
f 4722/310/1094 2513/282/1094 2516/285/1096 4723/311/1096 
s 2
f 4726/314/1334 2517/286/649 2513/289/1094 4722/315/1094 
s 1
f 4728/318/932 2519/290/650 2517/286/649 4726/314/1334 
s 2
f 4730/320/651 2521/292/651 2519/290/650 4728/318/932 
s 1
f 4732/322/652 2523/294/652 2521/292/651 4730/320/651 
s 2
f 4734/324/1098 2525/296/1098 2523/294/652 4732/322/652 
s 1
f 4736/326/1099 2527/298/1099 2525/296/1098 4734/324/1098 
s 2
f 4723/311/1096 2516/285/1096 2527/298/1099 4736/326/1099 
s 1
f 4738/310/938 2529/282/657 2532/285/656 4739/311/656 
s 2
f 4742/314/939 2533/286/660 2529/289/657 4738/315/938 
s 1
f 4744/318/1220 2535/290/661 2533/286/660 4742/314/939 
s 2
f 4746/320/662 2537/292/662 2535/290/661 4744/318/1220 
s 1
f 4748/322/663 2539/294/663 2537/292/662 4746/320/662 
s 2
f 4750/324/934 2541/296/934 2539/294/663 4748/322/663 
s 1
f 4752/326/665 2543/298/665 2541/296/934 4750/324/934 
s 2
f 4739/311/656 2532/285/656 2543/298/665 4752/326/665 
s 1
f 4754/310/944 2545/282/667 2548/285/1104 4755/311/1103 
s 2
f 4758/314/668 2549/286/668 2545/289/667 4754/315/944 
s 1
f 4760/318/669 2551/290/669 2549/286/668 4758/314/668 
s 2
f 4762/320/670 2553/292/670 2551/290/669 4760/318/669 
s 1
f 4764/322/1105 2555/294/672 2553/292/670 4762/320/670 
s 2
f 4766/324/674 2557/296/674 2555/294/672 4764/322/1105 
s 1
f 4768/326/943 2559/298/675 2557/296/674 4766/324/674 
s 2
f 4755/311/1103 2548/285/1104 2559/298/675 4768/326/943 
s 1
f 4770/310/227 2561/282/227 2564/285/225 4771/311/225 
s 2
f 4774/314/676 2565/286/676 2561/289/227 4770/315/227 
s 1
f 4776/318/230 2567/290/230 2565/286/676 4774/314/676 
s 2
f 4778/320/951 2569/292/677 2567/290/230 4776/318/230 
s 1
f 4780/322/222 2571/294/222 2569/292/677 4778/320/951 
s 2
f 4782/324/679 2573/296/679 2571/294/222 4780/322/222 
s 1
f 4784/326/224 2575/298/224 2573/296/679 4782/324/679 
s 2
f 4771/311/225 2564/285/225 2575/298/224 4784/326/224 
s 1
f 4786/310/1107 2577/282/1107 2580/285/682 4787/311/682 
s 2
f 4790/314/239 2581/286/684 2577/289/1107 4786/315/1107 
s 1
f 4792/318/685 2583/290/685 2581/286/684 4790/314/239 
s 2
f 4794/320/232 2585/292/686 2583/290/685 4792/318/685 
s 1
f 4796/322/233 2587/294/233 2585/292/686 4794/320/232 
s 2
f 4798/324/687 2589/296/1110 2587/294/233 4796/322/233 
s 1
f 4800/326/236 2591/298/1111 2589/296/1110 4798/324/687 
s 2
f 4787/311/682 2580/285/682 2591/298/1111 4800/326/236 
s 1
f 4802/310/248 2593/282/248 2596/285/689 4803/311/689 
s 2
f 4806/314/249 2597/286/690 2593/289/248 4802/315/248 
s 1
f 4808/318/250 2599/290/250 2597/286/690 4806/314/249 
s 2
f 4810/320/243 2601/292/243 2599/290/250 4808/318/250 
s 1
f 4812/322/1113 2603/294/244 2601/292/243 4810/320/243 
s 2
f 4814/324/693 2605/296/693 2603/294/244 4812/322/1113 
s 1
f 4816/326/246 2607/298/694 2605/296/693 4814/324/693 
s 2
f 4803/311/689 2596/285/689 2607/298/694 4816/326/246 
s 1
f 4818/310/257 2609/282/696 2612/285/1115 4819/311/697 
s 2
f 4822/314/1116 2613/286/1116 2609/289/696 4818/315/257 
s 1
f 4824/318/261 2615/290/699 2613/286/1116 4822/314/1116 
s 2
f 4826/320/700 2617/292/253 2615/290/699 4824/318/261 
s 1
f 4828/322/252 2619/294/701 2617/292/253 4826/320/700 
s 2
f 4830/324/1339 2621/296/703 2619/294/701 4828/322/252 
s 1
f 4832/326/704 2623/298/704 2621/296/703 4830/324/1339 
s 2
f 4819/311/697 2612/285/1115 2623/298/704 4832/326/704 
s 1
f 4834/310/271 2625/282/270 2628/285/706 4835/311/1118 
s 2
f 4838/314/272 2629/286/272 2625/289/270 4834/315/271 
s 1
f 4840/318/273 2631/290/710 2629/286/272 4838/314/272 
s 2
f 4842/320/1341 2633/292/1119 2631/290/710 4840/318/273 
s 1
f 4844/322/263 2635/294/712 2633/292/1119 4842/320/1341 
s 2
f 4846/324/1120 2637/296/714 2635/294/712 4844/322/263 
s 1
f 4848/326/267 2639/298/715 2637/296/714 4846/324/1120 
s 2
f 4835/311/1118 2628/285/706 2639/298/715 4848/326/267 
s 1
f 4850/310/282 2641/282/282 2644/285/279 4851/311/280 
s 2
f 4854/314/283 2645/286/716 2641/289/282 4850/315/282 
s 1
f 4856/318/285 2647/290/285 2645/286/716 4854/314/283 
s 2
f 4858/320/1121 2649/292/1121 2647/290/285 4856/318/285 
s 1
f 4860/322/276 2651/294/718 2649/292/1121 4858/320/1121 
s 2
f 4862/324/277 2653/296/277 2651/294/718 4860/322/276 
s 1
f 4864/326/278 2655/298/720 2653/296/277 4862/324/277 
s 2
f 4851/311/280 2644/285/279 2655/298/720 4864/326/278 
s 1
f 4866/310/1122 2657/282/1122 2660/285/290 4867/311/290 
s 2
f 4870/314/1241 2661/286/292 2657/289/1122 4866/315/1122 
s 1
f 4872/318/293 2663/290/293 2661/286/292 4870/314/1241 
s 2
f 4874/320/286 2665/292/286 2663/290/293 4872/318/293 
s 1
f 4876/322/287 2667/294/287 2665/292/286 4874/320/286 
s 2
f 4878/324/1127 2669/296/1127 2667/294/287 4876/322/287 
s 1
f 4880/326/289 2671/298/289 2669/296/1127 4878/324/1127 
s 2
f 4867/311/290 2660/285/290 2671/298/289 4880/326/289 
s 1
f 4882/310/1128 2673/282/1128 2676/285/1129 4883/311/1129 
s 2
f 4886/314/727 2677/286/728 2673/289/1128 4882/315/1128 
s 1
f 4888/318/301 2679/290/301 2677/286/728 4886/314/727 
s 2
f 4890/320/730 2681/292/730 2679/290/301 4888/318/301 
s 1
f 4892/322/295 2683/294/295 2681/292/730 4890/320/730 
s 2
f 4894/324/733 2685/296/733 2683/294/295 4892/322/295 
s 1
f 4896/326/297 2687/298/297 2685/296/733 4894/324/733 
s 2
f 4883/311/1129 2676/285/1129 2687/298/297 4896/326/297 
s 1
f 4898/310/1132 2689/282/736 2692/285/1133 4899/311/1133 
s 2
f 4902/314/737 2693/286/737 2689/289/736 4898/315/1132 
s 1
f 4904/318/1134 2695/290/738 2693/286/737 4902/314/737 
s 2
f 4906/320/302 2697/292/302 2695/290/738 4904/318/1134 
s 1
f 4908/322/303 2699/294/303 2697/292/302 4906/320/302 
s 2
f 4910/324/741 2701/296/741 2699/294/303 4908/322/303 
s 1
f 4912/326/307 2703/298/307 2701/296/741 4910/324/741 
s 2
f 4899/311/1133 2692/285/1133 2703/298/307 4912/326/307 
s 1
f 4914/310/1137 2705/282/743 2708/285/320 4915/311/320 
s 2
f 4918/314/1345 2709/286/1138 2705/289/743 4914/315/1137 
s 1
f 4920/318/745 2711/290/323 2709/286/1138 4918/314/1345 
s 2
f 4922/320/315 2713/292/315 2711/290/323 4920/318/745 
s 1
f 4924/322/316 2715/294/316 2713/292/315 4922/320/315 
s 2
f 4926/324/318 2717/296/318 2715/294/316 4924/322/316 
s 1
f 4928/326/1140 2719/298/319 2717/296/318 4926/324/318 
s 2
f 4915/311/320 2708/285/320 2719/298/319 4928/326/1140 
s 1
f 4930/310/333 2721/282/333 2724/285/331 4931/311/747 
s 2
f 4934/314/334 2725/286/334 2721/289/333 4930/315/333 
s 1
f 4936/318/336 2727/290/749 2725/286/334 4934/314/334 
s 2
f 4938/320/324 2729/292/750 2727/290/749 4936/318/336 
s 1
f 4940/322/325 2731/294/325 2729/292/750 4938/320/324 
s 2
f 4942/324/751 2733/296/751 2731/294/325 4940/322/325 
s 1
f 4944/326/329 2735/298/329 2733/296/751 4942/324/751 
s 2
f 4931/311/747 2724/285/331 2735/298/329 4944/326/329 
s 1
f 4946/310/1142 2737/282/752 2740/285/342 4947/311/1143 
s 2
f 4950/314/1144 2741/286/1144 2737/289/752 4946/315/1142 
s 1
f 4952/318/1284 2743/290/754 2741/286/1144 4950/314/1144 
s 2
f 4954/320/755 2745/292/755 2743/290/754 4952/318/1284 
s 1
f 4956/322/757 2747/294/1146 2745/292/755 4954/320/755 
s 2
f 4958/324/1285 2749/296/758 2747/294/1146 4956/322/757 
s 1
f 4960/326/1148 2751/298/1148 2749/296/758 4958/324/1285 
s 2
f 4947/311/1143 2740/285/342 2751/298/1148 4960/326/1148 
s 1
f 4962/310/354 2753/282/354 2756/285/353 4963/311/353 
s 2
f 4966/314/356 2757/286/356 2753/289/354 4962/315/354 
s 1
f 4968/318/357 2759/290/357 2757/286/356 4966/314/356 
s 2
f 4970/320/760 2761/292/760 2759/290/357 4968/318/357 
s 1
f 4972/322/347 2763/294/347 2761/292/760 4970/320/760 
s 2
f 4974/324/761 2765/296/761 2763/294/347 4972/322/347 
s 1
f 4976/326/762 2767/298/762 2765/296/761 4974/324/761 
s 2
f 4963/311/353 2756/285/353 2767/298/762 4976/326/762 
s 1
f 4978/310/365 2769/282/366 2772/285/364 4979/311/982 
s 2
f 4982/314/1346 2773/286/765 2769/289/366 4978/315/365 
s 1
f 4984/318/984 2775/290/984 2773/286/765 4982/314/1346 
s 2
f 4986/320/358 2777/292/360 2775/290/984 4984/318/984 
s 1
f 4988/322/1286 2779/294/359 2777/292/360 4986/320/358 
s 2
f 4990/324/979 2781/296/979 2779/294/359 4988/322/1286 
s 1
f 4992/326/362 2783/298/362 2781/296/979 4990/324/979 
s 2
f 4979/311/982 2772/285/364 2783/298/362 4992/326/362 
s 1
f 4994/310/771 2785/282/375 2788/285/374 4995/311/374 
s 2
f 4998/314/376 2789/286/772 2785/289/375 4994/315/771 
s 1
f 5000/318/377 2791/290/377 2789/286/772 4998/314/376 
s 2
f 5002/320/987 2793/292/987 2791/290/377 5000/318/377 
s 1
f 5004/322/776 2795/294/776 2793/292/987 5002/320/987 
s 2
f 5006/324/988 2797/296/988 2795/294/776 5004/322/776 
s 1
f 5008/326/373 2799/298/372 2797/296/988 5006/324/988 
s 2
f 4995/311/374 2788/285/374 2799/298/372 5008/326/373 
s 1
f 5010/310/383 2801/282/777 2804/285/382 5011/311/382 
s 2
f 5014/314/996 2805/286/384 2801/289/777 5010/315/383 
s 1
f 5016/318/778 2807/290/778 2805/286/384 5014/314/996 
s 2
f 5018/320/378 2809/292/378 2807/290/778 5016/318/778 
s 1
f 5020/322/379 2811/294/379 2809/292/378 5018/320/378 
s 2
f 5022/324/780 2813/296/780 2811/294/379 5020/322/379 
s 1
f 5024/326/381 2815/298/381 2813/296/780 5022/324/780 
s 2
f 5011/311/382 2804/285/382 2815/298/381 5024/326/381 
s 1
f 5026/310/393 2817/282/781 2820/285/392 5027/311/1249 
s 2
f 5030/314/395 2821/286/394 2817/289/781 5026/315/393 
s 1
f 5032/318/396 2823/290/396 2821/286/394 5030/314/395 
s 2
f 5034/320/1153 2825/292/1153 2823/290/396 5032/318/396 
s 1
f 5036/322/388 2827/294/387 2825/292/1153 5034/320/1153 
s 2
f 5038/324/785 2829/296/785 2827/294/387 5036/322/388 
s 1
f 5040/326/998 2831/298/998 2829/296/785 5038/324/785 
s 2
f 5027/311/1249 2820/285/392 2831/298/998 5040/326/998 
s 1
f 5042/310/403 2833/282/403 2836/285/402 5043/311/402 
s 2
f 5046/314/404 2837/286/404 2833/289/403 5042/315/403 
s 1
f 5048/318/405 2839/290/405 2837/286/404 5046/314/404 
s 2
f 5050/320/792 2841/292/792 2839/290/405 5048/318/405 
s 1
f 5052/322/793 2843/294/793 2841/292/792 5050/320/792 
s 2
f 5054/324/399 2845/296/794 2843/294/793 5052/322/793 
s 1
f 5056/326/1002 2847/298/401 2845/296/794 5054/324/399 
s 2
f 5043/311/402 2836/285/402 2847/298/401 5056/326/1002 
s 1
f 5058/310/412 2849/282/412 2852/285/1154 5059/311/411 
s 2
f 5062/314/413 2853/286/413 2849/289/412 5058/315/412 
s 1
f 5064/318/414 2855/290/415 2853/286/413 5062/314/413 
s 2
f 5066/320/406 2857/292/800 2855/290/415 5064/318/414 
s 1
f 5068/322/407 2859/294/407 2857/292/800 5066/320/406 
s 2
f 5070/324/1155 2861/296/1155 2859/294/407 5068/322/407 
s 1
f 5072/326/409 2863/298/409 2861/296/1155 5070/324/1155 
s 2
f 5059/311/411 2852/285/1154 2863/298/409 5072/326/409 
s 1
f 5074/310/1006 2865/282/424 2868/285/422 5075/311/1005 
s 2
f 5078/314/1007 2869/286/425 2865/289/424 5074/315/1006 
s 1
f 5080/318/426 2871/290/427 2869/286/425 5078/314/1007 
s 2
f 5082/320/1004 2873/292/1004 2871/290/427 5080/318/426 
s 1
f 5084/322/1158 2875/294/1157 2873/292/1004 5082/320/1004 
s 2
f 5086/324/419 2877/296/802 2875/294/1157 5084/322/1158 
s 1
f 5088/326/421 2879/298/420 2877/296/802 5086/324/419 
s 2
f 5075/311/1005 2868/285/422 2879/298/420 5088/326/421 
s 1
f 5090/310/1160 2881/282/805 2884/285/216 5091/311/216 
s 2
f 5094/314/1162 2885/286/218 2881/289/805 5090/315/1160 
s 1
f 5096/318/808 2887/290/220 2885/286/218 5094/314/1162 
s 2
f 5098/320/809 2889/292/1164 2887/290/220 5096/318/808 
s 1
f 5100/322/811 2891/294/210 2889/292/1164 5098/320/809 
s 2
f 5102/324/213 2893/296/212 2891/294/210 5100/322/811 
s 1
f 5104/326/1294 2895/298/1166 2893/296/212 5102/324/213 
s 2
f 5091/311/216 2884/285/216 2895/298/1166 5104/326/1294 
s 1
f 5106/310/1168 2897/282/1168 2900/285/434 5107/311/1009 
s 2
f 5110/314/436 2901/286/436 2897/289/1168 5106/315/1168 
s 1
f 5112/318/815 2903/290/815 2901/286/436 5110/314/436 
s 2
f 5114/320/428 2905/292/428 2903/290/815 5112/318/815 
s 1
f 5116/322/429 2907/294/429 2905/292/428 5114/320/428 
s 2
f 5118/324/431 2909/296/431 2907/294/429 5116/322/429 
s 1
f 5120/326/818 2911/298/818 2909/296/431 5118/324/431 
s 2
f 5107/311/1009 2900/285/434 2911/298/818 5120/326/818 
s 1
f 5122/310/1011 2913/282/446 2916/285/444 5123/311/444 
s 2
f 5126/314/447 2917/286/447 2913/289/446 5122/315/1011 
s 1
f 5128/318/448 2919/290/448 2917/286/447 5126/314/447 
s 2
f 5130/320/438 2921/292/438 2919/290/448 5128/318/448 
s 1
f 5132/322/1171 2923/294/1171 2921/292/438 5130/320/438 
s 2
f 5134/324/440 2925/296/440 2923/294/1171 5132/322/1171 
s 1
f 5136/326/821 2927/298/821 2925/296/440 5134/324/440 
s 2
f 5123/311/444 2916/285/444 2927/298/821 5136/326/821 
s 1
f 5138/310/1013 2929/282/1173 2932/285/1174 5139/311/1174 
s 2
f 5142/314/822 2933/286/457 2929/289/1173 5138/315/1013 
s 1
f 5144/318/459 2935/290/1175 2933/286/457 5142/314/822 
s 2
f 5146/320/450 2937/292/450 2935/290/1175 5144/318/459 
s 1
f 5148/322/824 2939/294/1176 2937/292/450 5146/320/450 
s 2
f 5150/324/452 2941/296/452 2939/294/1176 5148/322/824 
s 1
f 5152/326/1177 2943/298/827 2941/296/452 5150/324/452 
s 2
f 5139/311/1174 2932/285/1174 2943/298/827 5152/326/1177 
s 1
f 5154/310/1178 2945/282/1178 2948/285/464 5155/311/1348 
s 2
f 5158/314/1179 2949/286/466 2945/289/1178 5154/315/1178 
s 1
f 5160/318/829 2951/290/829 2949/286/466 5158/314/1179 
s 2
f 5162/320/460 2953/292/460 2951/290/829 5160/318/829 
s 1
f 5164/322/831 2955/294/831 2953/292/460 5162/320/460 
s 2
f 5166/324/462 2957/296/462 2955/294/831 5164/322/831 
s 1
f 5168/326/1018 2959/298/832 2957/296/462 5166/324/462 
s 2
f 5155/311/1348 2948/285/464 2959/298/832 5168/326/1018 
s 1
f 5170/310/835 2961/282/835 2964/285/834 5171/311/834 
s 2
f 5174/314/836 2965/286/836 2961/289/835 5170/315/835 
s 1
f 5176/318/1182 2967/290/1182 2965/286/836 5174/314/836 
s 2
f 5178/320/1350 2969/292/1183 2967/290/1182 5176/318/1182 
s 1
f 5180/322/838 2971/294/838 2969/292/1183 5178/320/1350 
s 2
f 5182/324/839 2973/296/839 2971/294/838 5180/322/838 
s 1
f 5184/326/840 2975/298/840 2973/296/839 5182/324/839 
s 2
f 5171/311/834 2964/285/834 2975/298/840 5184/326/840 
s 1
f 5186/310/485 2977/282/485 2980/285/483 5187/311/483 
s 2
f 5190/314/486 2981/286/486 2977/289/485 5186/315/485 
s 1
f 5192/318/1030 2983/290/487 2981/286/486 5190/314/486 
s 2
f 5194/320/478 2985/292/478 2983/290/487 5192/318/1030 
s 1
f 5196/322/479 2987/294/480 2985/292/478 5194/320/478 
s 2
f 5198/324/843 2989/296/843 2987/294/480 5196/322/479 
s 1
f 5200/326/482 2991/298/845 2989/296/843 5198/324/843 
s 2
f 5187/311/483 2980/285/483 2991/298/845 5200/326/482 
s 1
f 5202/310/494 2993/282/494 2996/285/846 5203/311/493 
s 2
f 5206/314/495 2997/286/495 2993/289/494 5202/315/494 
s 1
f 5208/318/496 2999/290/496 2997/286/495 5206/314/495 
s 2
f 5210/320/488 3001/292/488 2999/290/496 5208/318/496 
s 1
f 5212/322/489 3003/294/489 3001/292/488 5210/320/488 
s 2
f 5214/324/848 3005/296/848 3003/294/489 5212/322/489 
s 1
f 5216/326/849 3007/298/849 3005/296/848 5214/324/848 
s 2
f 5203/311/493 2996/285/846 3007/298/849 5216/326/849 
s 1
f 5218/310/1185 3009/282/1185 3012/285/851 5219/311/503 
s 2
f 5222/314/505 3013/286/505 3009/289/1185 5218/315/1185 
s 1
f 5224/318/506 3015/290/855 3013/286/505 5222/314/505 
s 2
f 5226/320/497 3017/292/497 3015/290/855 5224/318/506 
s 1
f 5228/322/498 3019/294/498 3017/292/497 5226/320/497 
s 2
f 5230/324/1036 3021/296/500 3019/294/498 5228/322/498 
s 1
f 5232/326/501 3023/298/501 3021/296/500 5230/324/1036 
s 2
f 5219/311/503 3012/285/851 3023/298/501 5232/326/501 
s 1
f 5234/310/514 3025/282/514 3028/285/1186 5235/311/1186 
s 2
f 5238/314/1042 3029/286/1042 3025/289/514 5234/315/514 
s 1
f 5240/318/856 3031/290/517 3029/286/1042 5238/314/1042 
s 2
f 5242/320/1039 3033/292/1039 3031/290/517 5240/318/856 
s 1
f 5244/322/1038 3035/294/1038 3033/292/1039 5242/320/1039 
s 2
f 5246/324/510 3037/296/511 3035/294/1038 5244/322/1038 
s 1
f 5248/326/1040 3039/298/1040 3037/296/511 5246/324/510 
s 2
f 5235/311/1186 3028/285/1186 3039/298/1040 5248/326/1040 
s 1
f 5250/310/525 3041/282/525 3044/285/523 5251/311/523 
s 2
f 5254/314/526 3045/286/526 3041/289/525 5250/315/525 
s 1
f 5256/318/527 3047/290/527 3045/286/526 5254/314/526 
s 2
f 5258/320/518 3049/292/518 3047/290/527 5256/318/527 
s 1
f 5260/322/520 3051/294/520 3049/292/518 5258/320/518 
s 2
f 5262/324/521 3053/296/860 3051/294/520 5260/322/520 
s 1
f 5264/326/522 3055/298/861 3053/296/860 5262/324/521 
s 2
f 5251/311/523 3044/285/523 3055/298/861 5264/326/522 
s 1
f 5266/310/1190 3057/282/537 3060/285/535 5267/311/535 
s 2
f 5270/314/862 3061/286/862 3057/289/537 5266/315/1190 
s 1
f 5272/318/539 3063/290/539 3061/286/862 5270/314/862 
s 2
f 5274/320/528 3065/292/528 3063/290/539 5272/318/539 
s 1
f 5276/322/529 3067/294/529 3065/292/528 5274/320/528 
s 2
f 5278/324/531 3069/296/865 3067/294/529 5276/322/529 
s 1
f 5280/326/866 3071/298/866 3069/296/865 5278/324/531 
s 2
f 5267/311/535 3060/285/535 3071/298/866 5280/326/866 
s 1
f 5282/310/547 3073/282/547 3076/285/867 5283/311/867 
s 2
f 5286/314/548 3077/286/868 3073/289/547 5282/315/547 
s 1
f 5288/318/1298 3079/290/869 3077/286/868 5286/314/548 
s 2
f 5290/320/540 3081/292/540 3079/290/869 5288/318/1298 
s 1
f 5292/322/542 3083/294/541 3081/292/540 5290/320/540 
s 2
f 5294/324/870 3085/296/870 3083/294/541 5292/322/542 
s 1
f 5296/326/544 3087/298/544 3085/296/870 5294/324/870 
s 2
f 5283/311/867 3076/285/867 3087/298/544 5296/326/544 
s 1
f 5298/310/556 3089/282/556 3092/285/555 5299/311/1264 
s 2
f 5302/314/557 3093/286/557 3089/289/556 5298/315/556 
s 1
f 5304/318/558 3095/290/558 3093/286/557 5302/314/557 
s 2
f 5306/320/550 3097/292/550 3095/290/558 5304/318/558 
s 1
f 5308/322/873 3099/294/873 3097/292/550 5306/320/550 
s 2
f 5310/324/1299 3101/296/874 3099/294/873 5308/322/873 
s 1
f 5312/326/554 3103/298/554 3101/296/874 5310/324/1299 
s 2
f 5299/311/1264 3092/285/555 3103/298/554 5312/326/554 
s 1
f 5314/310/875 3105/282/565 3108/285/564 5315/311/563 
s 2
f 5318/314/877 3109/286/878 3105/289/565 5314/315/875 
s 1
f 5320/318/1195 3111/290/1195 3109/286/878 5318/314/877 
s 2
f 5322/320/1355 3113/292/1197 3111/290/1195 5320/318/1195 
s 1
f 5324/322/1356 3115/294/880 3113/292/1197 5322/320/1355 
s 2
f 5326/324/1357 3117/296/881 3115/294/880 5324/322/1356 
s 1
f 5328/326/1198 3119/298/1198 3117/296/881 5326/324/1357 
s 2
f 5315/311/563 3108/285/564 3119/298/1198 5328/326/1198 
s 1
f 5330/310/1065 3121/282/1065 3124/285/1199 5331/311/1199 
s 2
f 5334/314/576 3125/286/576 3121/289/1065 5330/315/1065 
s 1
f 5336/318/578 3127/290/577 3125/286/576 5334/314/576 
s 2
f 5338/320/568 3129/292/568 3127/290/577 5336/318/578 
s 1
f 5340/322/569 3131/294/888 3129/292/568 5338/320/568 
s 2
f 5342/324/889 3133/296/889 3131/294/888 5340/322/569 
s 1
f 5344/326/1063 3135/298/1063 3133/296/889 5342/324/889 
s 2
f 5331/311/1199 3124/285/1199 3135/298/1063 5344/326/1063 
s 1
f 5346/310/1068 3137/282/586 3140/285/584 5347/311/1202 
s 2
f 5350/314/587 3141/286/892 3137/289/586 5346/315/1068 
s 1
f 5352/318/588 3143/290/588 3141/286/892 5350/314/587 
s 2
f 5354/320/1067 3145/292/579 3143/290/588 5352/318/588 
s 1
f 5356/322/580 3147/294/896 3145/292/579 5354/320/1067 
s 2
f 5358/324/582 3149/296/581 3147/294/896 5356/322/580 
s 1
f 5360/326/1203 3151/298/898 3149/296/581 5358/324/582 
s 2
f 5347/311/1202 3140/285/584 3151/298/898 5360/326/1203 
s 1
f 5362/310/598 3153/282/598 3156/285/597 5363/311/1072 
s 2
f 5366/314/1205 3157/286/902 3153/289/598 5362/315/598 
s 1
f 5368/318/1359 3159/290/903 3157/286/902 5366/314/1205 
s 2
f 5370/320/904 3161/292/1206 3159/290/903 5368/318/1359 
s 1
f 5372/322/906 3163/294/906 3161/292/1206 5370/320/904 
s 2
f 5374/324/907 3165/296/907 3163/294/906 5372/322/906 
s 1
f 5376/326/595 3167/298/1071 3165/296/907 5374/324/907 
s 2
f 5363/311/1072 3156/285/597 3167/298/1071 5376/326/595 
s 1
f 5378/310/606 3169/282/909 3172/285/908 5379/311/908 
s 2
f 5382/314/1208 3173/286/910 3169/289/909 5378/315/606 
s 1
f 5384/318/610 3175/290/911 3173/286/910 5382/314/1208 
s 2
f 5386/320/601 3177/292/601 3175/290/911 5384/318/610 
s 1
f 5388/322/913 3179/294/913 3177/292/601 5386/320/601 
s 2
f 5390/324/914 3181/296/914 3179/294/913 5388/322/913 
s 1
f 5392/326/604 3183/298/915 3181/296/914 5390/324/914 
s 2
f 5379/311/908 3172/285/908 3183/298/915 5392/326/604 
s 1
f 5394/310/618 3185/282/619 3188/285/918 5395/311/617 
s 2
f 5398/314/1210 3189/286/1210 3185/289/619 5394/315/618 
s 1
f 5400/318/622 3191/290/920 3189/286/1210 5398/314/1210 
s 2
f 5402/320/921 3193/292/921 3191/290/920 5400/318/622 
s 1
f 5404/322/613 3195/294/613 3193/292/921 5402/320/921 
s 2
f 5406/324/922 3197/296/922 3195/294/613 5404/322/613 
s 1
f 5408/326/1080 3199/298/616 3197/296/922 5406/324/922 
s 2
f 5395/311/617 3188/285/918 3199/298/616 5408/326/1080 
s 1
f 5410/310/630 3201/282/923 3204/285/1083 5411/311/1084 
s 2
f 5414/314/632 3205/286/632 3201/289/923 5410/315/630 
s 1
f 5416/318/1086 3207/290/633 3205/286/632 5414/314/632 
s 2
f 5418/320/924 3209/292/924 3207/290/633 5416/318/1086 
s 1
f 5420/322/925 3211/294/925 3209/292/924 5418/320/924 
s 2
f 5422/324/627 3213/296/627 3211/294/925 5420/322/925 
s 1
f 5424/326/1082 3215/298/628 3213/296/627 5422/324/627 
s 2
f 5411/311/1084 3204/285/1083 3215/298/628 5424/326/1082 
s 1
f 5426/310/1092 3217/282/642 3220/285/641 5427/311/1213 
s 2
f 5430/314/1093 3221/286/643 3217/289/642 5426/315/1092 
s 1
f 5432/318/644 3223/290/1214 3221/286/643 5430/314/1093 
s 2
f 5434/320/634 3225/292/634 3223/290/1214 5432/318/644 
s 1
f 5436/322/635 3227/294/635 3225/292/634 5434/320/634 
s 2
f 5438/324/638 3229/296/638 3227/294/635 5436/322/635 
s 1
f 5440/326/639 3231/298/640 3229/296/638 5438/324/638 
s 2
f 5427/311/1213 3220/285/641 3231/298/640 5440/326/639 
s 1
f 5442/310/652 3233/282/928 3236/285/1216 5443/311/651 
s 2
f 5446/314/654 3237/286/653 3233/289/928 5442/315/652 
s 1
f 5448/318/1099 3239/290/655 3237/286/653 5446/314/654 
s 2
f 5450/320/1096 3241/292/929 3239/290/655 5448/318/1099 
s 1
f 5452/322/1310 3243/294/930 3241/292/929 5450/320/1096 
s 2
f 5454/324/1217 3245/296/931 3243/294/930 5452/322/1310 
s 1
f 5456/326/932 3247/298/932 3245/296/931 5454/324/1217 
s 2
f 5443/311/651 3236/285/1216 3247/298/932 5456/326/932 
s 1
f 5458/310/933 3249/282/933 3252/285/662 5459/311/662 
s 2
f 5462/314/1218 3253/286/1218 3249/289/933 5458/315/933 
s 1
f 5464/318/665 3255/290/665 3253/286/1218 5462/314/1218 
s 2
f 5466/320/656 3257/292/656 3255/290/665 5464/318/665 
s 1
f 5468/322/1219 3259/294/1219 3257/292/656 5466/320/656 
s 2
f 5470/324/940 3261/296/940 3259/294/1219 5468/322/1219 
s 1
f 5472/326/941 3263/298/941 3261/296/940 5470/324/940 
s 2
f 5459/311/662 3252/285/662 3263/298/941 5472/326/941 
s 1
f 5474/310/1105 3265/282/672 3268/285/1221 5475/311/671 
s 2
f 5478/314/673 3269/286/942 3265/289/672 5474/315/1105 
s 1
f 5480/318/675 3271/290/943 3269/286/942 5478/314/673 
s 2
f 5482/320/666 3273/292/666 3271/290/943 5480/318/675 
s 1
f 5484/322/667 3275/294/944 3273/292/666 5482/320/666 
s 2
f 5486/324/1222 3277/296/1222 3275/294/944 5484/322/667 
s 1
f 5488/326/1363 3279/298/669 3277/296/1222 5486/324/1222 
s 2
f 5475/311/671 3268/285/1221 3279/298/669 5488/326/1363 
s 1
f 499/266/211 4049/309/211 4052/312/209 500/267/209 
s 2
f 502/270/213 4053/313/212 4049/316/211 499/271/211 
s 1
f 504/273/214 4055/317/214 4053/313/212 502/270/213 
s 2
f 506/275/216 4057/319/215 4055/317/214 504/273/214 
s 1
f 508/277/217 4059/321/1293 4057/319/215 506/275/216 
s 2
f 510/279/219 4061/323/219 4059/321/1293 508/277/217 
s 1
f 512/281/220 4063/325/220 4061/323/219 510/279/219 
s 2
f 500/267/209 4052/312/209 4063/325/220 512/281/220 
s 1
f 515/266/222 4065/309/678 4068/312/677 516/267/221 
s 2
f 518/270/223 4069/313/679 4065/316/678 515/271/222 
s 1
f 520/273/224 4071/317/681 4069/313/679 518/270/223 
s 2
f 522/275/226 4073/319/226 4071/317/681 520/273/224 
s 1
f 524/277/228 4075/321/228 4073/319/226 522/275/226 
s 2
f 526/279/229 4077/323/954 4075/321/228 524/277/228 
s 1
f 528/281/231 4079/325/231 4077/323/954 526/279/229 
s 2
f 516/267/221 4068/312/677 4079/325/231 528/281/231 
s 1
f 531/266/233 4081/309/1228 4084/312/232 532/267/232 
s 2
f 534/270/235 4085/313/235 4081/316/1228 531/271/233 
s 1
f 536/273/236 4087/317/1112 4085/313/235 534/270/235 
s 2
f 538/275/237 4089/319/682 4087/317/1112 536/273/236 
s 1
f 540/277/238 4091/321/683 4089/319/682 538/275/237 
s 2
f 542/279/240 4093/323/240 4091/321/683 540/277/238 
s 1
f 544/281/242 4095/325/1314 4093/323/240 542/279/240 
s 2
f 532/267/232 4084/312/232 4095/325/1314 544/281/242 
s 1
f 547/266/244 4097/309/244 4100/312/1230 548/267/243 
s 2
f 550/270/245 4101/313/693 4097/316/244 547/271/244 
s 1
f 552/273/246 4103/317/246 4101/313/693 550/270/245 
s 2
f 554/275/247 4105/319/689 4103/317/246 552/273/246 
s 1
f 556/277/248 4107/321/248 4105/319/689 554/275/247 
s 2
f 558/279/249 4109/323/249 4107/321/248 556/277/248 
s 1
f 560/281/250 4111/325/691 4109/323/249 558/279/249 
s 2
f 548/267/243 4100/312/1230 4111/325/691 560/281/250 
s 1
f 563/266/252 4113/309/1232 4116/312/700 564/267/253 
s 2
f 566/270/254 4117/313/254 4113/316/1232 563/271/252 
s 1
f 568/273/255 4119/317/1234 4117/313/254 566/270/254 
s 2
f 570/275/256 4121/319/1115 4119/317/1234 568/273/255 
s 1
f 572/277/257 4123/321/696 4121/319/1115 570/275/256 
s 2
f 574/279/259 4125/323/259 4123/321/696 572/277/257 
s 1
f 576/281/261 4127/325/261 4125/323/259 574/279/259 
s 2
f 564/267/253 4116/312/700 4127/325/261 576/281/261 
s 1
f 579/266/264 4129/309/263 4132/312/262 580/267/262 
s 2
f 582/270/265 4133/313/714 4129/316/263 579/271/264 
s 1
f 584/273/267 4135/317/1315 4133/313/714 582/270/265 
s 2
f 586/275/269 4137/319/1118 4135/317/1315 584/273/267 
s 1
f 588/277/271 4139/321/271 4137/319/1118 586/275/269 
s 2
f 590/279/272 4141/323/272 4139/321/271 588/277/271 
s 1
f 592/281/273 4143/325/273 4141/323/272 590/279/272 
s 2
f 580/267/262 4132/312/262 4143/325/273 592/281/273 
s 1
f 595/266/276 4145/309/718 4148/312/274 596/267/274 
s 2
f 598/270/277 4149/313/719 4145/316/718 595/271/276 
s 1
f 600/273/278 4151/317/720 4149/313/719 598/270/277 
s 2
f 602/275/280 4153/319/280 4151/317/720 600/273/278 
s 1
f 604/277/282 4155/321/1279 4153/319/280 602/275/280 
s 2
f 606/279/284 4157/323/283 4155/321/1279 604/277/282 
s 1
f 608/281/285 4159/325/285 4157/323/283 606/279/284 
s 2
f 596/267/274 4148/312/274 4159/325/285 608/281/285 
s 1
f 611/266/287 4161/309/287 4164/312/286 612/267/286 
s 2
f 614/270/288 4165/313/288 4161/316/287 611/271/287 
s 1
f 616/273/289 4167/317/289 4165/313/288 614/270/288 
s 2
f 618/275/290 4169/319/290 4167/317/289 616/273/289 
s 1
f 620/277/291 4171/321/721 4169/319/290 618/275/290 
s 2
f 622/279/292 4173/323/722 4171/321/721 620/277/291 
s 1
f 624/281/293 4175/325/293 4173/323/722 622/279/292 
s 2
f 612/267/286 4164/312/286 4175/325/293 624/281/293 
s 1
f 627/266/295 4177/309/295 4180/312/294 628/267/294 
s 2
f 630/270/296 4181/313/296 4177/316/295 627/271/295 
s 1
f 632/273/297 4183/317/297 4181/313/296 630/270/296 
s 2
f 634/275/298 4185/319/1129 4183/317/297 632/273/297 
s 1
f 636/277/299 4187/321/956 4185/319/1129 634/275/298 
s 2
f 638/279/300 4189/323/300 4187/321/956 636/277/299 
s 1
f 640/281/301 4191/325/729 4189/323/300 638/279/300 
s 2
f 628/267/294 4180/312/294 4191/325/729 640/281/301 
s 1
f 643/266/304 4193/309/1242 4196/312/1282 644/267/305 
s 2
f 646/270/306 4197/313/306 4193/316/1242 643/271/304 
s 1
f 648/273/308 4199/317/307 4197/313/306 646/270/306 
s 2
f 650/275/310 4201/319/309 4199/317/307 648/273/308 
s 1
f 652/277/311 4203/321/960 4201/319/309 650/275/310 
s 2
f 654/279/313 4205/323/1243 4203/321/960 652/277/311 
s 1
f 656/281/314 4207/325/314 4205/323/1243 654/279/313 
s 2
f 644/267/305 4196/312/1282 4207/325/314 656/281/314 
s 1
f 659/266/317 4209/309/317 4212/312/315 660/267/315 
s 2
f 662/270/318 4213/313/318 4209/316/317 659/271/317 
s 1
f 664/273/319 4215/317/319 4213/313/318 662/270/318 
s 2
f 666/275/320 4217/319/320 4215/317/319 664/273/319 
s 1
f 668/277/321 4219/321/321 4217/319/320 666/275/320 
s 2
f 670/279/322 4221/323/322 4219/321/321 668/277/321 
s 1
f 672/281/323 4223/325/323 4221/323/322 670/279/322 
s 2
f 660/267/315 4212/312/315 4223/325/323 672/281/323 
s 1
f 675/266/326 4225/309/326 4228/312/963 676/267/324 
s 2
f 678/270/328 4229/313/1318 4225/316/326 675/271/326 
s 1
f 680/273/330 4231/317/330 4229/313/1318 678/270/328 
s 2
f 682/275/331 4233/319/747 4231/317/330 680/273/330 
s 1
f 684/277/333 4235/321/965 4233/319/747 682/275/331 
s 2
f 686/279/335 4237/323/335 4235/321/965 684/277/333 
s 1
f 688/281/337 4239/325/967 4237/323/335 686/279/335 
s 2
f 676/267/324 4228/312/963 4239/325/967 688/281/337 
s 1
f 691/266/339 4241/309/339 4244/312/338 692/267/338 
s 2
f 694/270/340 4245/313/758 4241/316/339 691/271/339 
s 1
f 696/273/341 4247/317/341 4245/313/758 694/270/340 
s 2
f 698/275/342 4249/319/342 4247/317/341 696/273/341 
s 1
f 700/277/343 4251/321/343 4249/319/342 698/275/342 
s 2
f 702/279/344 4253/323/344 4251/321/343 700/277/343 
s 1
f 704/281/345 4255/325/345 4253/323/344 702/279/344 
s 2
f 692/267/338 4244/312/338 4255/325/345 704/281/345 
s 1
f 707/266/348 4257/309/348 4260/312/760 708/267/346 
s 2
f 710/270/350 4261/313/972 4257/316/348 707/271/348 
s 1
f 712/273/352 4263/317/352 4261/313/972 710/270/350 
s 2
f 714/275/353 4265/319/973 4263/317/352 712/273/352 
s 1
f 716/277/355 4267/321/354 4265/319/973 714/275/353 
s 2
f 718/279/356 4269/323/356 4267/321/354 716/277/355 
s 1
f 720/281/357 4271/325/357 4269/323/356 718/279/356 
s 2
f 708/267/346 4260/312/760 4271/325/357 720/281/357 
s 1
f 723/266/359 4273/309/359 4276/312/360 724/267/360 
s 2
f 726/270/361 4277/313/979 4273/316/359 723/271/359 
s 1
f 728/273/362 4279/317/980 4277/313/979 726/270/361 
s 2
f 730/275/364 4281/319/364 4279/317/980 728/273/362 
s 1
f 732/277/366 4283/321/366 4281/319/364 730/275/364 
s 2
f 734/279/367 4285/323/367 4283/321/366 732/277/366 
s 1
f 736/281/368 4287/325/368 4285/323/367 734/279/367 
s 2
f 724/267/360 4276/312/360 4287/325/368 736/281/368 
s 1
f 739/266/370 4289/309/370 4292/312/369 740/267/369 
s 2
f 742/270/371 4293/313/371 4289/316/370 739/271/370 
s 1
f 744/273/373 4295/317/373 4293/313/371 742/270/371 
s 2
f 746/275/374 4297/319/374 4295/317/373 744/273/373 
s 1
f 748/277/375 4299/321/375 4297/319/374 746/275/374 
s 2
f 750/279/376 4301/323/376 4299/321/375 748/277/375 
s 1
f 752/281/377 4303/325/773 4301/323/376 750/279/376 
s 2
f 740/267/369 4292/312/369 4303/325/773 752/281/377 
s 1
f 755/266/379 4305/309/379 4308/312/779 756/267/378 
s 2
f 758/270/380 4309/313/780 4305/316/379 755/271/379 
s 1
f 760/273/381 4311/317/993 4309/313/780 758/270/380 
s 2
f 762/275/382 4313/319/994 4311/317/993 760/273/381 
s 1
f 764/277/383 4315/321/995 4313/319/994 762/275/382 
s 2
f 766/279/384 4317/323/996 4315/321/995 764/277/383 
s 1
f 768/281/385 4319/325/385 4317/323/996 766/279/384 
s 2
f 756/267/378 4308/312/779 4319/325/385 768/281/385 
s 1
f 771/266/388 4321/309/388 4324/312/386 772/267/386 
s 2
f 774/270/389 4325/313/785 4321/316/388 771/271/388 
s 1
f 776/273/391 4327/317/1319 4325/313/785 774/270/389 
s 2
f 778/275/392 4329/319/1249 4327/317/1319 776/273/391 
s 1
f 780/277/393 4331/321/781 4329/319/1249 778/275/392 
s 2
f 782/279/395 4333/323/395 4331/321/781 780/277/393 
s 1
f 784/281/396 4335/325/1000 4333/323/395 782/279/395 
s 2
f 772/267/386 4324/312/386 4335/325/1000 784/281/396 
s 1
f 787/266/398 4337/309/398 4340/312/792 788/267/397 
s 2
f 790/270/399 4341/313/399 4337/316/398 787/271/398 
s 1
f 792/273/401 4343/317/1002 4341/313/399 790/270/399 
s 2
f 794/275/402 4345/319/402 4343/317/1002 792/273/401 
s 1
f 796/277/403 4347/321/403 4345/319/402 794/275/402 
s 2
f 798/279/404 4349/323/404 4347/321/403 796/277/403 
s 1
f 800/281/405 4351/325/791 4349/323/404 798/279/404 
s 2
f 788/267/397 4340/312/792 4351/325/791 800/281/405 
s 1
f 803/266/407 4353/309/407 4356/312/406 804/267/406 
s 2
f 806/270/408 4357/313/1003 4353/316/407 803/271/407 
s 1
f 808/273/410 4359/317/409 4357/313/1003 806/270/408 
s 2
f 810/275/411 4361/319/411 4359/317/409 808/273/410 
s 1
f 812/277/412 4363/321/412 4361/319/411 810/275/411 
s 2
f 814/279/413 4365/323/413 4363/321/412 812/277/412 
s 1
f 816/281/415 4367/325/415 4365/323/413 814/279/413 
s 2
f 804/267/406 4356/312/406 4367/325/415 816/281/415 
s 1
f 819/266/417 4369/309/417 4372/312/416 820/267/416 
s 2
f 822/270/419 4373/313/419 4369/316/417 819/271/417 
s 1
f 824/273/421 4375/317/803 4373/313/419 822/270/419 
s 2
f 826/275/423 4377/319/422 4375/317/803 824/273/421 
s 1
f 828/277/424 4379/321/1006 4377/319/422 826/275/423 
s 2
f 830/279/425 4381/323/425 4379/321/1006 828/277/424 
s 1
f 832/281/427 4383/325/427 4381/323/425 830/279/425 
s 2
f 820/267/416 4372/312/416 4383/325/427 832/281/427 
s 1
f 835/266/430 4385/309/430 4388/312/428 836/267/428 
s 2
f 838/270/431 4389/313/431 4385/316/430 835/271/430 
s 1
f 840/273/433 4391/317/433 4389/313/431 838/270/431 
s 2
f 842/275/434 4393/319/434 4391/317/433 840/273/433 
s 1
f 844/277/435 4395/321/435 4393/319/434 842/275/434 
s 2
f 846/279/436 4397/323/436 4395/321/435 844/277/435 
s 1
f 848/281/437 4399/325/437 4397/323/436 846/279/436 
s 2
f 836/267/428 4388/312/428 4399/325/437 848/281/437 
s 1
f 851/266/439 4401/309/439 4404/312/438 852/267/438 
s 2
f 854/270/441 4405/313/441 4401/316/439 851/271/439 
s 1
f 856/273/443 4407/317/443 4405/313/441 854/270/441 
s 2
f 858/275/444 4409/319/1010 4407/317/443 856/273/443 
s 1
f 860/277/446 4411/321/446 4409/319/1010 858/275/444 
s 2
f 862/279/447 4413/323/447 4411/321/446 860/277/446 
s 1
f 864/281/449 4415/325/449 4413/323/447 862/279/447 
s 2
f 852/267/438 4404/312/438 4415/325/449 864/281/449 
s 1
f 867/266/451 4417/309/1012 4420/312/450 868/267/450 
s 2
f 870/270/452 4421/313/452 4417/316/1012 867/271/451 
s 1
f 872/273/453 4423/317/453 4421/313/452 870/270/452 
s 2
f 874/275/454 4425/319/454 4423/317/453 872/273/453 
s 1
f 876/277/456 4427/321/456 4425/319/454 874/275/454 
s 2
f 878/279/458 4429/323/1014 4427/321/456 876/277/456 
s 1
f 880/281/459 4431/325/459 4429/323/1014 878/279/458 
s 2
f 868/267/450 4420/312/450 4431/325/459 880/281/459 
s 1
f 883/266/461 4433/309/461 4436/312/460 884/267/460 
s 2
f 886/270/462 4437/313/462 4433/316/461 883/271/461 
s 1
f 888/273/463 4439/317/832 4437/313/462 886/270/462 
s 2
f 890/275/464 4441/319/464 4439/317/832 888/273/463 
s 1
f 892/277/465 4443/321/1019 4441/319/464 890/275/464 
s 2
f 894/279/466 4445/323/1021 4443/321/1019 892/277/465 
s 1
f 896/281/467 4447/325/467 4445/323/1021 894/279/466 
s 2
f 884/267/460 4436/312/460 4447/325/467 896/281/467 
s 1
f 899/266/469 4449/309/469 4452/312/468 900/267/468 
s 2
f 902/270/470 4453/313/470 4449/316/469 899/271/469 
s 1
f 904/273/471 4455/317/1025 4453/313/470 902/270/470 
s 2
f 906/275/472 4457/319/834 4455/317/1025 904/273/471 
s 1
f 908/277/473 4459/321/835 4457/319/834 906/275/472 
s 2
f 910/279/475 4461/323/1322 4459/321/835 908/277/473 
s 1
f 912/281/477 4463/325/1323 4461/323/1322 910/279/475 
s 2
f 900/267/468 4452/312/468 4463/325/1323 912/281/477 
s 1
f 915/266/480 4465/309/480 4468/312/478 916/267/478 
s 2
f 918/270/481 4469/313/844 4465/316/480 915/271/480 
s 1
f 920/273/482 4471/317/482 4469/313/844 918/270/481 
s 2
f 922/275/484 4473/319/484 4471/317/482 920/273/482 
s 1
f 924/277/485 4475/321/1028 4473/319/484 922/275/484 
s 2
f 926/279/486 4477/323/486 4475/321/1028 924/277/485 
s 1
f 928/281/487 4479/325/487 4477/323/486 926/279/486 
s 2
f 916/267/478 4468/312/478 4479/325/487 928/281/487 
s 1
f 931/266/489 4481/309/489 4484/312/488 932/267/488 
s 2
f 934/270/491 4485/313/491 4481/316/489 931/271/489 
s 1
f 936/273/492 4487/317/492 4485/313/491 934/270/491 
s 2
f 938/275/493 4489/319/493 4487/317/492 936/273/492 
s 1
f 940/277/494 4491/321/494 4489/319/493 938/275/493 
s 2
f 942/279/495 4493/323/495 4491/321/494 940/277/494 
s 1
f 944/281/496 4495/325/496 4493/323/495 942/279/495 
s 2
f 932/267/488 4484/312/488 4495/325/496 944/281/496 
s 1
f 947/266/499 4497/309/499 4500/312/497 948/267/497 
s 2
f 950/270/500 4501/313/1036 4497/316/499 947/271/499 
s 1
f 952/273/502 4503/317/502 4501/313/1036 950/270/500 
s 2
f 954/275/503 4505/319/503 4503/317/502 952/273/502 
s 1
f 956/277/504 4507/321/853 4505/319/503 954/275/503 
s 2
f 958/279/505 4509/323/505 4507/321/853 956/277/504 
s 1
f 960/281/506 4511/325/506 4509/323/505 958/279/505 
s 2
f 948/267/497 4500/312/497 4511/325/506 960/281/506 
s 1
f 963/266/508 4513/309/1038 4516/312/509 964/267/509 
s 2
f 966/270/511 4517/313/511 4513/316/1038 963/271/508 
s 1
f 968/273/512 4519/317/512 4517/313/511 966/270/511 
s 2
f 970/275/513 4521/319/1186 4519/317/512 968/273/512 
s 1
f 972/277/515 4523/321/514 4521/319/1186 970/275/513 
s 2
f 974/279/516 4525/323/516 4523/321/514 972/277/515 
s 1
f 976/281/517 4527/325/517 4525/323/516 974/279/516 
s 2
f 964/267/509 4516/312/509 4527/325/517 976/281/517 
s 1
f 979/266/520 4529/309/1043 4532/312/859 980/267/518 
s 2
f 982/270/521 4533/313/521 4529/316/1043 979/271/520 
s 1
f 984/273/522 4535/317/861 4533/313/521 982/270/521 
s 2
f 986/275/523 4537/319/523 4535/317/861 984/273/522 
s 1
f 988/277/525 4539/321/1045 4537/319/523 986/275/523 
s 2
f 990/279/526 4541/323/526 4539/321/1045 988/277/525 
s 1
f 992/281/527 4543/325/858 4541/323/526 990/279/526 
s 2
f 980/267/518 4532/312/859 4543/325/858 992/281/527 
s 1
f 995/266/530 4545/309/529 4548/312/528 996/267/528 
s 2
f 998/270/532 4549/313/1047 4545/316/529 995/271/530 
s 1
f 1000/273/534 4551/317/866 4549/313/1047 998/270/532 
s 2
f 1002/275/536 4553/319/536 4551/317/866 1000/273/534 
s 1
f 1004/277/537 4555/321/537 4553/319/536 1002/275/536 
s 2
f 1006/279/538 4557/323/538 4555/321/537 1004/277/537 
s 1
f 1008/281/539 4559/325/539 4557/323/538 1006/279/538 
s 2
f 996/267/528 4548/312/528 4559/325/539 1008/281/539 
s 1
f 1011/266/542 4561/309/541 4564/312/1262 1012/267/540 
s 2
f 1014/270/543 4565/313/543 4561/316/541 1011/271/542 
s 1
f 1016/273/545 4567/317/545 4565/313/543 1014/270/543 
s 2
f 1018/275/546 4569/319/1049 4567/317/545 1016/273/545 
s 1
f 1020/277/547 4571/321/1326 4569/319/1049 1018/275/546 
s 2
f 1022/279/548 4573/323/1051 4571/321/1326 1020/277/547 
s 1
f 1024/281/549 4575/325/1052 4573/323/1051 1022/279/548 
s 2
f 1012/267/540 4564/312/1262 4575/325/1052 1024/281/549 
s 1
f 1027/266/552 4577/309/1053 4580/312/1054 1028/267/550 
s 2
f 1030/270/553 4581/313/1055 4577/316/1053 1027/271/552 
s 1
f 1032/273/554 4583/317/1056 4581/313/1055 1030/270/553 
s 2
f 1034/275/555 4585/319/1327 4583/317/1056 1032/273/554 
s 1
f 1036/277/556 4587/321/556 4585/319/1327 1034/275/555 
s 2
f 1038/279/557 4589/323/557 4587/321/556 1036/277/556 
s 1
f 1040/281/558 4591/325/558 4589/323/557 1038/279/557 
s 2
f 1028/267/550 4580/312/1054 4591/325/558 1040/281/558 
s 1
f 1043/266/560 4593/309/560 4596/312/559 1044/267/559 
s 2
f 1046/270/561 4597/313/561 4593/316/560 1043/271/560 
s 1
f 1048/273/562 4599/317/1060 4597/313/561 1046/270/561 
s 2
f 1050/275/564 4601/319/564 4599/317/1060 1048/273/562 
s 1
f 1052/277/565 4603/321/565 4601/319/564 1050/275/564 
s 2
f 1054/279/566 4605/323/878 4603/321/565 1052/277/565 
s 1
f 1056/281/567 4607/325/567 4605/323/878 1054/279/566 
s 2
f 1044/267/559 4596/312/559 4607/325/567 1056/281/567 
s 1
f 1059/266/569 4609/309/569 4612/312/568 1060/267/568 
s 2
f 1062/270/570 4613/313/570 4609/316/569 1059/271/569 
s 1
f 1064/273/572 4615/317/572 4613/313/570 1062/270/570 
s 2
f 1066/275/573 4617/319/573 4615/317/572 1064/273/572 
s 1
f 1068/277/574 4619/321/1065 4617/319/573 1066/275/573 
s 2
f 1070/279/576 4621/323/885 4619/321/1065 1068/277/574 
s 1
f 1072/281/578 4623/325/887 4621/323/885 1070/279/576 
s 2
f 1060/267/568 4612/312/568 4623/325/887 1072/281/578 
s 1
f 1075/266/580 4625/309/580 4628/312/579 1076/267/579 
s 2
f 1078/270/582 4629/313/582 4625/316/580 1075/271/580 
s 1
f 1080/273/583 4631/317/899 4629/313/582 1078/270/582 
s 2
f 1082/275/585 4633/319/1202 4631/317/899 1080/273/583 
s 1
f 1084/277/586 4635/321/586 4633/319/1202 1082/275/585 
s 2
f 1086/279/587 4637/323/587 4635/321/586 1084/277/586 
s 1
f 1088/281/589 4639/325/893 4637/323/587 1086/279/587 
s 2
f 1076/267/579 4628/312/579 4639/325/893 1088/281/589 
s 1
f 1091/266/592 4641/309/592 4644/312/1069 1092/267/590 
s 2
f 1094/270/594 4645/313/594 4641/316/592 1091/271/592 
s 1
f 1096/273/595 4647/317/595 4645/313/594 1094/270/594 
s 2
f 1098/275/597 4649/319/596 4647/317/595 1096/273/595 
s 1
f 1100/277/598 4651/321/598 4649/319/596 1098/275/597 
s 2
f 1102/279/599 4653/323/599 4651/321/598 1100/277/598 
s 1
f 1104/281/600 4655/325/600 4653/323/599 1102/279/599 
s 2
f 1092/267/590 4644/312/1069 4655/325/600 1104/281/600 
s 1
f 1107/266/602 4657/309/1075 4660/312/601 1108/267/601 
s 2
f 1110/270/603 4661/313/1329 4657/316/1075 1107/271/602 
s 1
f 1112/273/604 4663/317/915 4661/313/1329 1110/270/603 
s 2
f 1114/275/605 4665/319/908 4663/317/915 1112/273/604 
s 1
f 1116/277/607 4667/321/606 4665/319/908 1114/275/605 
s 2
f 1118/279/609 4669/323/608 4667/321/606 1116/277/607 
s 1
f 1120/281/610 4671/325/610 4669/323/608 1118/279/609 
s 2
f 1108/267/601 4660/312/601 4671/325/610 1120/281/610 
s 1
f 1123/266/613 4673/309/612 4676/312/921 1124/267/611 
s 2
f 1126/270/615 4677/313/615 4673/316/612 1123/271/613 
s 1
f 1128/273/616 4679/317/616 4677/313/615 1126/270/615 
s 2
f 1130/275/617 4681/319/918 4679/317/616 1128/273/616 
s 1
f 1132/277/619 4683/321/618 4681/319/918 1130/275/617 
s 2
f 1134/279/621 4685/323/620 4683/321/618 1132/277/619 
s 1
f 1136/281/622 4687/325/622 4685/323/620 1134/279/621 
s 2
f 1124/267/611 4676/312/921 4687/325/622 1136/281/622 
s 1
f 1139/266/625 4689/309/1081 4692/312/924 1140/267/623 
s 2
f 1142/270/627 4693/313/926 4689/316/1081 1139/271/625 
s 1
f 1144/273/628 4695/317/628 4693/313/926 1142/270/627 
s 2
f 1146/275/629 4697/319/1332 4695/317/628 1144/273/628 
s 1
f 1148/277/631 4699/321/630 4697/319/1332 1146/275/629 
s 2
f 1150/279/632 4701/323/1085 4699/321/630 1148/277/631 
s 1
f 1152/281/633 4703/325/633 4701/323/1085 1150/279/632 
s 2
f 1140/267/623 4692/312/924 4703/325/633 1152/281/633 
s 1
f 1155/266/636 4705/309/636 4708/312/634 1156/267/634 
s 2
f 1158/270/638 4709/313/638 4705/316/636 1155/271/636 
s 1
f 1160/273/640 4711/317/640 4709/313/638 1158/270/638 
s 2
f 1162/275/641 4713/319/1333 4711/317/640 1160/273/640 
s 1
f 1164/277/642 4715/321/642 4713/319/1333 1162/275/641 
s 2
f 1166/279/643 4717/323/643 4715/321/642 1164/277/642 
s 1
f 1168/281/644 4719/325/644 4717/323/643 1166/279/643 
s 2
f 1156/267/634 4708/312/634 4719/325/644 1168/281/644 
s 1
f 1171/266/647 4721/309/647 4724/312/645 1172/267/645 
s 2
f 1174/270/649 4725/313/931 4721/316/647 1171/271/647 
s 1
f 1176/273/650 4727/317/932 4725/313/931 1174/270/649 
s 2
f 1178/275/651 4729/319/651 4727/317/932 1176/273/650 
s 1
f 1180/277/652 4731/321/1335 4729/319/651 1178/275/651 
s 2
f 1182/279/654 4733/323/654 4731/321/1335 1180/277/652 
s 1
f 1184/281/655 4735/325/655 4733/323/654 1182/279/654 
s 2
f 1172/267/645 4724/312/645 4735/325/655 1184/281/655 
s 1
f 1187/266/657 4737/309/938 4740/312/658 1188/267/658 
s 2
f 1190/270/660 4741/313/940 4737/316/938 1187/271/657 
s 1
f 1192/273/661 4743/317/1100 4741/313/940 1190/270/660 
s 2
f 1194/275/662 4745/319/662 4743/317/1100 1192/273/661 
s 1
f 1196/277/663 4747/321/663 4745/319/662 1194/275/662 
s 2
f 1198/279/664 4749/323/1336 4747/321/663 1196/277/663 
s 1
f 1200/281/665 4751/325/665 4749/323/1336 1198/279/664 
s 2
f 1188/267/658 4740/312/658 4751/325/665 1200/281/665 
s 1
f 1203/266/667 4753/309/944 4756/312/666 1204/267/666 
s 2
f 1206/270/668 4757/313/668 4753/316/944 1203/271/667 
s 1
f 1208/273/669 4759/317/669 4757/313/668 1206/270/668 
s 2
f 1210/275/671 4761/319/671 4759/317/669 1208/273/669 
s 1
f 1212/277/672 4763/321/1105 4761/319/671 1210/275/671 
s 2
f 1214/279/674 4765/323/674 4763/321/1105 1212/277/672 
s 1
f 1216/281/675 4767/325/943 4765/323/674 1214/279/674 
s 2
f 1204/267/666 4756/312/666 4767/325/943 1216/281/675 
s 1
f 1219/266/227 4769/309/227 4772/312/225 1220/267/225 
s 2
f 1222/270/676 4773/313/676 4769/316/227 1219/271/227 
s 1
f 1224/273/230 4775/317/230 4773/313/676 1222/270/676 
s 2
f 1226/275/677 4777/319/951 4775/317/230 1224/273/230 
s 1
f 1228/277/678 4779/321/222 4777/319/951 1226/275/677 
s 2
f 1230/279/680 4781/323/680 4779/321/222 1228/277/678 
s 1
f 1232/281/681 4783/325/224 4781/323/680 1230/279/680 
s 2
f 1220/267/225 4772/312/225 4783/325/224 1232/281/681 
s 1
f 1235/266/683 4785/309/683 4788/312/682 1236/267/682 
s 2
f 1238/270/684 4789/313/239 4785/316/683 1235/271/683 
s 1
f 1240/273/685 4791/317/685 4789/313/239 1238/270/684 
s 2
f 1242/275/686 4793/319/1337 4791/317/685 1240/273/685 
s 1
f 1244/277/233 4795/321/1109 4793/319/1337 1242/275/686 
s 2
f 1246/279/687 4797/323/235 4795/321/1109 1244/277/233 
s 1
f 1248/281/236 4799/325/1274 4797/323/235 1246/279/687 
s 2
f 1236/267/682 4788/312/682 4799/325/1274 1248/281/236 
s 1
f 1251/266/248 4801/309/248 4804/312/689 1252/267/689 
s 2
f 1254/270/690 4805/313/249 4801/316/248 1251/271/248 
s 1
f 1256/273/691 4807/317/691 4805/313/249 1254/270/690 
s 2
f 1258/275/243 4809/319/243 4807/317/691 1256/273/691 
s 1
f 1260/277/244 4811/321/1113 4809/319/243 1258/275/243 
s 2
f 1262/279/693 4813/323/693 4811/321/1113 1260/277/244 
s 1
f 1264/281/694 4815/325/1338 4813/323/693 1262/279/693 
s 2
f 1252/267/689 4804/312/689 4815/325/1338 1264/281/694 
s 1
f 1267/266/696 4817/309/257 4820/312/697 1268/267/697 
s 2
f 1270/270/698 4821/313/698 4817/316/257 1267/271/696 
s 1
f 1272/273/699 4823/317/260 4821/313/698 1270/270/698 
s 2
f 1274/275/253 4825/319/700 4823/317/260 1272/273/699 
s 1
f 1276/277/701 4827/321/252 4825/319/700 1274/275/253 
s 2
f 1278/279/703 4829/323/254 4827/321/252 1276/277/701 
s 1
f 1280/281/705 4831/325/705 4829/323/254 1278/279/703 
s 2
f 1268/267/697 4820/312/697 4831/325/705 1280/281/705 
s 1
f 1283/266/270 4833/309/271 4836/312/1118 1284/267/706 
s 2
f 1286/270/709 4837/313/1340 4833/316/271 1283/271/270 
s 1
f 1288/273/710 4839/317/273 4837/313/1340 1286/270/709 
s 2
f 1290/275/711 4841/319/262 4839/317/273 1288/273/710 
s 1
f 1292/277/712 4843/321/264 4841/319/262 1290/275/711 
s 2
f 1294/279/714 4845/323/1120 4843/321/264 1292/277/712 
s 1
f 1296/281/715 4847/325/715 4845/323/1120 1294/279/714 
s 2
f 1284/267/706 4836/312/1118 4847/325/715 1296/281/715 
s 1
f 1299/266/281 4849/309/1342 4852/312/280 1300/267/280 
s 2
f 1302/270/716 4853/313/284 4849/316/1342 1299/271/281 
s 1
f 1304/273/717 4855/317/285 4853/313/284 1302/270/716 
s 2
f 1306/275/274 4857/319/274 4855/317/285 1304/273/717 
s 1
f 1308/277/718 4859/321/276 4857/319/274 1306/275/274 
s 2
f 1310/279/719 4861/323/719 4859/321/276 1308/277/718 
s 1
f 1312/281/720 4863/325/278 4861/323/719 1310/279/719 
s 2
f 1300/267/280 4852/312/280 4863/325/278 1312/281/720 
s 1
f 1315/266/721 4865/309/721 4868/312/290 1316/267/290 
s 2
f 1318/270/722 4869/313/1124 4865/316/721 1315/271/721 
s 1
f 1320/273/293 4871/317/293 4869/313/1124 1318/270/722 
s 2
f 1322/275/723 4873/319/1343 4871/317/293 1320/273/293 
s 1
f 1324/277/725 4875/321/725 4873/319/1343 1322/275/723 
s 2
f 1326/279/726 4877/323/1127 4875/321/725 1324/277/725 
s 1
f 1328/281/289 4879/325/289 4877/323/1127 1326/279/726 
s 2
f 1316/267/290 4868/312/290 4879/325/289 1328/281/289 
s 1
f 1331/266/299 4881/309/299 4884/312/298 1332/267/298 
s 2
f 1334/270/728 4885/313/728 4881/316/299 1331/271/299 
s 1
f 1336/273/729 4887/317/729 4885/313/728 1334/270/728 
s 2
f 1338/275/730 4889/319/730 4887/317/729 1336/273/729 
s 1
f 1340/277/295 4891/321/295 4889/319/730 1338/275/730 
s 2
f 1342/279/733 4893/323/733 4891/321/295 1340/277/295 
s 1
f 1344/281/734 4895/325/297 4893/323/733 1342/279/733 
s 2
f 1332/267/298 4884/312/298 4895/325/297 1344/281/734 
s 1
f 1347/266/736 4897/309/1132 4900/312/1344 1348/267/310 
s 2
f 1350/270/737 4901/313/737 4897/316/1132 1347/271/736 
s 1
f 1352/273/738 4903/317/1134 4901/313/737 1350/270/737 
s 2
f 1354/275/305 4905/319/302 4903/317/1134 1352/273/738 
s 1
f 1356/277/739 4907/321/739 4905/319/302 1354/275/305 
s 2
f 1358/279/741 4909/323/741 4907/321/739 1356/277/739 
s 1
f 1360/281/307 4911/325/307 4909/323/741 1358/279/741 
s 2
f 1348/267/310 4900/312/1344 4911/325/307 1360/281/307 
s 1
f 1363/266/743 4913/309/1137 4916/312/320 1364/267/320 
s 2
f 1366/270/744 4917/313/322 4913/316/1137 1363/271/743 
s 1
f 1368/273/745 4919/317/745 4917/313/322 1366/270/744 
s 2
f 1370/275/746 4921/319/315 4919/317/745 1368/273/745 
s 1
f 1372/277/317 4923/321/317 4921/319/315 1370/275/746 
s 2
f 1374/279/318 4925/323/318 4923/321/317 1372/277/317 
s 1
f 1376/281/319 4927/325/1140 4925/323/318 1374/279/318 
s 2
f 1364/267/320 4916/312/320 4927/325/1140 1376/281/319 
s 1
f 1379/266/333 4929/309/333 4932/312/747 1380/267/747 
s 2
f 1382/270/334 4933/313/334 4929/316/333 1379/271/333 
s 1
f 1384/273/749 4935/317/336 4933/313/334 1382/270/334 
s 2
f 1386/275/750 4937/319/324 4935/317/336 1384/273/749 
s 1
f 1388/277/325 4939/321/325 4937/319/324 1386/275/750 
s 2
f 1390/279/751 4941/323/1318 4939/321/325 1388/277/325 
s 1
f 1392/281/329 4943/325/329 4941/323/1318 1390/279/751 
s 2
f 1380/267/747 4932/312/747 4943/325/329 1392/281/329 
s 1
f 1395/266/752 4945/309/1142 4948/312/342 1396/267/342 
s 2
f 1398/270/753 4949/313/1144 4945/316/1142 1395/271/752 
s 1
f 1400/273/754 4951/317/969 4949/313/1144 1398/270/753 
s 2
f 1402/275/755 4953/319/338 4951/317/969 1400/273/754 
s 1
f 1404/277/757 4955/321/757 4953/319/338 1402/275/755 
s 2
f 1406/279/758 4957/323/1147 4955/321/757 1404/277/757 
s 1
f 1408/281/759 4959/325/759 4957/323/1147 1406/279/758 
s 2
f 1396/267/342 4948/312/342 4959/325/759 1408/281/759 
s 1
f 1411/266/354 4961/309/354 4964/312/353 1412/267/353 
s 2
f 1414/270/356 4965/313/356 4961/316/354 1411/271/354 
s 1
f 1416/273/357 4967/317/357 4965/313/356 1414/270/356 
s 2
f 1418/275/346 4969/319/346 4967/317/357 1416/273/357 
s 1
f 1420/277/347 4971/321/347 4969/319/346 1418/275/346 
s 2
f 1422/279/761 4973/323/761 4971/321/347 1420/277/347 
s 1
f 1424/281/762 4975/325/762 4973/323/761 1422/279/761 
s 2
f 1412/267/353 4964/312/353 4975/325/762 1424/281/762 
s 1
f 1427/266/764 4977/309/764 4980/312/763 1428/267/763 
s 2
f 1430/270/765 4981/313/1346 4977/316/764 1427/271/764 
s 1
f 1432/273/368 4983/317/368 4981/313/1346 1430/270/765 
s 2
f 1434/275/360 4985/319/978 4983/317/368 1432/273/368 
s 1
f 1436/277/767 4987/321/767 4985/319/978 1434/275/360 
s 2
f 1438/279/361 4989/323/1347 4987/321/767 1436/277/767 
s 1
f 1440/281/769 4991/325/769 4989/323/1347 1438/279/361 
s 2
f 1428/267/763 4980/312/763 4991/325/769 1440/281/769 
s 1
f 1443/266/375 4993/309/990 4996/312/374 1444/267/374 
s 2
f 1446/270/772 4997/313/1150 4993/316/990 1443/271/375 
s 1
f 1448/273/774 4999/317/377 4997/313/1150 1446/270/772 
s 2
f 1450/275/369 5001/319/369 4999/317/377 1448/273/774 
s 1
f 1452/277/776 5003/321/776 5001/319/369 1450/275/369 
s 2
f 1454/279/371 5005/323/988 5003/321/776 1452/277/776 
s 1
f 1456/281/372 5007/325/373 5005/323/988 1454/279/371 
s 2
f 1444/267/374 4996/312/374 5007/325/373 1456/281/372 
s 1
f 1459/266/777 5009/309/383 5012/312/382 1460/267/382 
s 2
f 1462/270/384 5013/313/996 5009/316/383 1459/271/777 
s 1
f 1464/273/778 5015/317/385 5013/313/996 1462/270/384 
s 2
f 1466/275/779 5017/319/378 5015/317/385 1464/273/778 
s 1
f 1468/277/379 5019/321/379 5017/319/378 1466/275/779 
s 2
f 1470/279/780 5021/323/780 5019/321/379 1468/277/379 
s 1
f 1472/281/381 5023/325/381 5021/323/780 1470/279/780 
s 2
f 1460/267/382 5012/312/382 5023/325/381 1472/281/381 
s 1
f 1475/266/781 5025/309/781 5028/312/1249 1476/267/392 
s 2
f 1478/270/394 5029/313/394 5025/316/781 1475/271/781 
s 1
f 1480/273/783 5031/317/396 5029/313/394 1478/270/394 
s 2
f 1482/275/386 5033/319/1153 5031/317/396 1480/273/783 
s 1
f 1484/277/387 5035/321/387 5033/319/1153 1482/275/386 
s 2
f 1486/279/785 5037/323/785 5035/321/387 1484/277/387 
s 1
f 1488/281/390 5039/325/390 5037/323/785 1486/279/785 
s 2
f 1476/267/392 5028/312/1249 5039/325/390 1488/281/390 
s 1
f 1491/266/788 5041/309/788 5044/312/786 1492/267/786 
s 2
f 1494/270/789 5045/313/789 5041/316/788 1491/271/788 
s 1
f 1496/273/791 5047/317/1251 5045/313/789 1494/270/789 
s 2
f 1498/275/397 5049/319/397 5047/317/1251 1496/273/791 
s 1
f 1500/277/793 5051/321/793 5049/319/397 1498/275/397 
s 2
f 1502/279/794 5053/323/794 5051/321/793 1500/277/793 
s 1
f 1504/281/401 5055/325/401 5053/323/794 1502/279/794 
s 2
f 1492/267/786 5044/312/786 5055/325/401 1504/281/401 
s 1
f 1507/266/796 5057/309/796 5060/312/795 1508/267/795 
s 2
f 1510/270/797 5061/313/797 5057/316/796 1507/271/796 
s 1
f 1512/273/415 5063/317/415 5061/313/797 1510/270/797 
s 2
f 1514/275/800 5065/319/800 5063/317/415 1512/273/415 
s 1
f 1516/277/407 5067/321/407 5065/319/800 1514/275/800 
s 2
f 1518/279/801 5069/323/801 5067/321/407 1516/277/407 
s 1
f 1520/281/409 5071/325/409 5069/323/801 1518/279/801 
s 2
f 1508/267/795 5060/312/795 5071/325/409 1520/281/409 
s 1
f 1523/266/424 5073/309/1006 5076/312/422 1524/267/422 
s 2
f 1526/270/425 5077/313/1007 5073/316/1006 1523/271/424 
s 1
f 1528/273/427 5079/317/426 5077/313/1007 1526/270/425 
s 2
f 1530/275/416 5081/319/416 5079/317/426 1528/273/427 
s 1
f 1532/277/417 5083/321/1158 5081/319/416 1530/275/416 
s 2
f 1534/279/802 5085/323/418 5083/321/1158 1532/277/417 
s 1
f 1536/281/803 5087/325/803 5085/323/418 1534/279/802 
s 2
f 1524/267/422 5076/312/422 5087/325/803 1536/281/803 
s 1
f 1539/266/805 5089/309/805 5092/312/216 1540/267/216 
s 2
f 1542/270/218 5093/313/1162 5089/316/805 1539/271/805 
s 1
f 1544/273/808 5095/317/808 5093/313/1162 1542/270/218 
s 2
f 1546/275/810 5097/319/810 5095/317/808 1544/273/808 
s 1
f 1548/277/811 5099/321/811 5097/319/810 1546/275/810 
s 2
f 1550/279/812 5101/323/213 5099/321/811 1548/277/811 
s 1
f 1552/281/813 5103/325/1294 5101/323/213 1550/279/812 
s 2
f 1540/267/216 5092/312/216 5103/325/1294 1552/281/813 
s 1
f 1555/266/814 5105/309/814 5108/312/1009 1556/267/434 
s 2
f 1558/270/436 5109/313/436 5105/316/814 1555/271/814 
s 1
f 1560/273/815 5111/317/815 5109/313/436 1558/270/436 
s 2
f 1562/275/816 5113/319/816 5111/317/815 1560/273/815 
s 1
f 1564/277/817 5115/321/429 5113/319/816 1562/275/816 
s 2
f 1566/279/431 5117/323/431 5115/321/429 1564/277/817 
s 1
f 1568/281/818 5119/325/818 5117/323/431 1566/279/431 
s 2
f 1556/267/434 5108/312/1009 5119/325/818 1568/281/818 
s 1
f 1571/266/446 5121/309/1011 5124/312/444 1572/267/444 
s 2
f 1574/270/447 5125/313/447 5121/316/1011 1571/271/446 
s 1
f 1576/273/448 5127/317/448 5125/313/447 1574/270/447 
s 2
f 1578/275/819 5129/319/819 5127/317/448 1576/273/448 
s 1
f 1580/277/820 5131/321/1171 5129/319/819 1578/275/819 
s 2
f 1582/279/440 5133/323/440 5131/321/1171 1580/277/820 
s 1
f 1584/281/821 5135/325/821 5133/323/440 1582/279/440 
s 2
f 1572/267/444 5124/312/444 5135/325/821 1584/281/821 
s 1
f 1587/266/456 5137/309/455 5140/312/454 1588/267/454 
s 2
f 1590/270/457 5141/313/822 5137/316/455 1587/271/456 
s 1
f 1592/273/459 5143/317/459 5141/313/822 1590/270/457 
s 2
f 1594/275/450 5145/319/823 5143/317/459 1592/273/459 
s 1
f 1596/277/824 5147/321/824 5145/319/823 1594/275/450 
s 2
f 1598/279/826 5149/323/825 5147/321/824 1596/277/824 
s 1
f 1600/281/827 5151/325/1177 5149/323/825 1598/279/826 
s 2
f 1588/267/454 5140/312/454 5151/325/1177 1600/281/827 
s 1
f 1603/266/828 5153/309/828 5156/312/464 1604/267/464 
s 2
f 1606/270/466 5157/313/1179 5153/316/828 1603/271/828 
s 1
f 1608/273/830 5159/317/830 5157/313/1179 1606/270/466 
s 2
f 1610/275/460 5161/319/460 5159/317/830 1608/273/830 
s 1
f 1612/277/831 5163/321/831 5161/319/460 1610/275/460 
s 2
f 1614/279/462 5165/323/1349 5163/321/831 1612/277/831 
s 1
f 1616/281/833 5167/325/833 5165/323/1349 1614/279/462 
s 2
f 1604/267/464 5156/312/464 5167/325/833 1616/281/833 
s 1
f 1619/266/835 5169/309/835 5172/312/834 1620/267/834 
s 2
f 1622/270/836 5173/313/836 5169/316/835 1619/271/835 
s 1
f 1624/273/837 5175/317/837 5173/313/836 1622/270/836 
s 2
f 1626/275/468 5177/319/1023 5175/317/837 1624/273/837 
s 1
f 1628/277/838 5179/321/838 5177/319/1023 1626/275/468 
s 2
f 1630/279/839 5181/323/839 5179/321/838 1628/277/838 
s 1
f 1632/281/840 5183/325/840 5181/323/839 1630/279/839 
s 2
f 1620/267/834 5172/312/834 5183/325/840 1632/281/840 
s 1
f 1635/266/485 5185/309/485 5188/312/483 1636/267/483 
s 2
f 1638/270/841 5189/313/841 5185/316/485 1635/271/485 
s 1
f 1640/273/487 5191/317/1030 5189/313/841 1638/270/841 
s 2
f 1642/275/842 5193/319/842 5191/317/1030 1640/273/487 
s 1
f 1644/277/480 5195/321/479 5193/319/842 1642/275/842 
s 2
f 1646/279/844 5197/323/844 5195/321/479 1644/277/480 
s 1
f 1648/281/845 5199/325/482 5197/323/844 1646/279/844 
s 2
f 1636/267/483 5188/312/483 5199/325/482 1648/281/845 
s 1
f 1651/266/847 5201/309/847 5204/312/493 1652/267/846 
s 2
f 1654/270/495 5205/313/495 5201/316/847 1651/271/847 
s 1
f 1656/273/496 5207/317/496 5205/313/495 1654/270/495 
s 2
f 1658/275/488 5209/319/488 5207/317/496 1656/273/496 
s 1
f 1660/277/489 5211/321/489 5209/319/488 1658/275/488 
s 2
f 1662/279/848 5213/323/848 5211/321/489 1660/277/489 
s 1
f 1664/281/850 5215/325/849 5213/323/848 1662/279/848 
s 2
f 1652/267/846 5204/312/493 5215/325/849 1664/281/850 
s 1
f 1667/266/853 5217/309/1185 5220/312/503 1668/267/851 
s 2
f 1670/270/854 5221/313/505 5217/316/1185 1667/271/853 
s 1
f 1672/273/855 5223/317/506 5221/313/505 1670/270/854 
s 2
f 1674/275/497 5225/319/497 5223/317/506 1672/273/855 
s 1
f 1676/277/498 5227/321/498 5225/319/497 1674/275/497 
s 2
f 1678/279/500 5229/323/1036 5227/321/498 1676/277/498 
s 1
f 1680/281/501 5231/325/501 5229/323/1036 1678/279/500 
s 2
f 1668/267/851 5220/312/503 5231/325/501 1680/281/501 
s 1
f 1683/266/514 5233/309/514 5236/312/1186 1684/267/513 
s 2
f 1686/270/516 5237/313/1187 5233/316/514 1683/271/514 
s 1
f 1688/273/856 5239/317/1351 5237/313/1187 1686/270/516 
s 2
f 1690/275/509 5241/319/509 5239/317/1351 1688/273/856 
s 1
f 1692/277/508 5243/321/508 5241/319/509 1690/275/509 
s 2
f 1694/279/511 5245/323/510 5243/321/508 1692/277/508 
s 1
f 1696/281/512 5247/325/1040 5245/323/510 1694/279/511 
s 2
f 1684/267/513 5236/312/1186 5247/325/1040 1696/281/512 
s 1
f 1699/266/525 5249/309/525 5252/312/523 1700/267/523 
s 2
f 1702/270/857 5253/313/526 5249/316/525 1699/271/525 
s 1
f 1704/273/858 5255/317/858 5253/313/526 1702/270/857 
s 2
f 1706/275/859 5257/319/859 5255/317/858 1704/273/858 
s 1
f 1708/277/520 5259/321/520 5257/319/859 1706/275/859 
s 2
f 1710/279/860 5261/323/1352 5259/321/520 1708/277/520 
s 1
f 1712/281/861 5263/325/1353 5261/323/1352 1710/279/860 
s 2
f 1700/267/523 5252/312/523 5263/325/1353 1712/281/861 
s 1
f 1715/266/537 5265/309/1190 5268/312/535 1716/267/535 
s 2
f 1718/270/862 5269/313/538 5265/316/1190 1715/271/537 
s 1
f 1720/273/539 5271/317/539 5269/313/538 1718/270/862 
s 2
f 1722/275/863 5273/319/863 5271/317/539 1720/273/539 
s 1
f 1724/277/864 5275/321/864 5273/319/863 1722/275/863 
s 2
f 1726/279/865 5277/323/531 5275/321/864 1724/277/864 
s 1
f 1728/281/866 5279/325/866 5277/323/531 1726/279/865 
s 2
f 1716/267/535 5268/312/535 5279/325/866 1728/281/866 
s 1
f 1731/266/547 5281/309/547 5284/312/867 1732/267/867 
s 2
f 1734/270/868 5285/313/1192 5281/316/547 1731/271/547 
s 1
f 1736/273/549 5287/317/1052 5285/313/1192 1734/270/868 
s 2
f 1738/275/540 5289/319/1193 5287/317/1052 1736/273/549 
s 1
f 1740/277/541 5291/321/542 5289/319/1193 1738/275/540 
s 2
f 1742/279/870 5293/323/870 5291/321/542 1740/277/541 
s 1
f 1744/281/544 5295/325/544 5293/323/870 1742/279/870 
s 2
f 1732/267/867 5284/312/867 5295/325/544 1744/281/544 
s 1
f 1747/266/871 5297/309/871 5300/312/1264 1748/267/555 
s 2
f 1750/270/872 5301/313/872 5297/316/871 1747/271/871 
s 1
f 1752/273/558 5303/317/558 5301/313/872 1750/270/872 
s 2
f 1754/275/550 5305/319/550 5303/317/558 1752/273/558 
s 1
f 1756/277/551 5307/321/552 5305/319/550 1754/275/550 
s 2
f 1758/279/874 5309/323/553 5307/321/552 1756/277/551 
s 1
f 1760/281/554 5311/325/554 5309/323/553 1758/279/874 
s 2
f 1748/267/555 5300/312/1264 5311/325/554 1760/281/554 
s 1
f 1763/266/876 5313/309/1354 5316/312/564 1764/267/564 
s 2
f 1766/270/878 5317/313/877 5313/316/1354 1763/271/876 
s 1
f 1768/273/567 5319/317/1195 5317/313/877 1766/270/878 
s 2
f 1770/275/559 5321/319/559 5319/317/1195 1768/273/567 
s 1
f 1772/277/880 5323/321/1356 5321/319/559 1770/275/559 
s 2
f 1774/279/881 5325/323/1357 5323/321/1356 1772/277/880 
s 1
f 1776/281/882 5327/325/882 5325/323/1357 1774/279/881 
s 2
f 1764/267/564 5316/312/564 5327/325/882 1776/281/882 
s 1
f 1779/266/884 5329/309/1358 5332/312/883 1780/267/883 
s 2
f 1782/270/885 5333/313/885 5329/316/1358 1779/271/884 
s 1
f 1784/273/887 5335/317/578 5333/313/885 1782/270/885 
s 2
f 1786/275/568 5337/319/568 5335/317/578 1784/273/887 
s 1
f 1788/277/888 5339/321/1200 5337/319/568 1786/275/568 
s 2
f 1790/279/889 5341/323/889 5339/321/1200 1788/277/888 
s 1
f 1792/281/890 5343/325/890 5341/323/889 1790/279/889 
s 2
f 1780/267/883 5332/312/883 5343/325/890 1792/281/890 
s 1
f 1795/266/891 5345/309/891 5348/312/584 1796/267/584 
s 2
f 1798/270/892 5349/313/587 5345/316/891 1795/271/891 
s 1
f 1800/273/893 5351/317/893 5349/313/587 1798/270/892 
s 2
f 1802/275/579 5353/319/579 5351/317/893 1800/273/893 
s 1
f 1804/277/896 5355/321/580 5353/319/579 1802/275/579 
s 2
f 1806/279/581 5357/323/582 5355/321/580 1804/277/896 
s 1
f 1808/281/899 5359/325/1203 5357/323/582 1806/279/581 
s 2
f 1796/267/584 5348/312/584 5359/325/1203 1808/281/899 
s 1
f 1811/266/900 5361/309/900 5364/312/596 1812/267/596 
s 2
f 1814/270/902 5365/313/902 5361/316/900 1811/271/900 
s 1
f 1816/273/903 5367/317/600 5365/313/902 1814/270/902 
s 2
f 1818/275/905 5369/319/905 5367/317/600 1816/273/903 
s 1
f 1820/277/906 5371/321/906 5369/319/905 1818/275/905 
s 2
f 1822/279/907 5373/323/907 5371/321/906 1820/277/906 
s 1
f 1824/281/595 5375/325/1071 5373/323/907 1822/279/907 
s 2
f 1812/267/596 5364/312/596 5375/325/1071 1824/281/595 
s 1
f 1827/266/909 5377/309/606 5380/312/605 1828/267/605 
s 2
f 1830/270/910 5381/313/1208 5377/316/606 1827/271/909 
s 1
f 1832/273/911 5383/317/610 5381/313/1208 1830/270/910 
s 2
f 1834/275/912 5385/319/601 5383/317/610 1832/273/911 
s 1
f 1836/277/913 5387/321/913 5385/319/601 1834/275/912 
s 2
f 1838/279/914 5389/323/914 5387/321/913 1836/277/913 
s 1
f 1840/281/915 5391/325/604 5389/323/914 1838/279/914 
s 2
f 1828/267/605 5380/312/605 5391/325/604 1840/281/915 
s 1
f 1843/266/619 5393/309/618 5396/312/617 1844/267/918 
s 2
f 1846/270/919 5397/313/919 5393/316/618 1843/271/619 
s 1
f 1848/273/920 5399/317/622 5397/313/919 1846/270/919 
s 2
f 1850/275/921 5401/319/921 5399/317/622 1848/273/920 
s 1
f 1852/277/613 5403/321/613 5401/319/921 1850/275/921 
s 2
f 1854/279/922 5405/323/614 5403/321/613 1852/277/613 
s 1
f 1856/281/616 5407/325/616 5405/323/614 1854/279/922 
s 2
f 1844/267/918 5396/312/617 5407/325/616 1856/281/616 
s 1
f 1859/266/923 5409/309/630 5412/312/1083 1860/267/629 
s 2
f 1862/270/632 5413/313/632 5409/316/630 1859/271/923 
s 1
f 1864/273/633 5415/317/1086 5413/313/632 1862/270/632 
s 2
f 1866/275/924 5417/319/623 5415/317/1086 1864/273/633 
s 1
f 1868/277/925 5419/321/925 5417/319/623 1866/275/924 
s 2
f 1870/279/926 5421/323/926 5419/321/925 1868/277/925 
s 1
f 1872/281/628 5423/325/1082 5421/323/926 1870/279/926 
s 2
f 1860/267/629 5412/312/1083 5423/325/1082 1872/281/628 
s 1
f 1875/266/642 5425/309/1092 5428/312/641 1876/267/641 
s 2
f 1878/270/643 5429/313/1093 5425/316/1092 1875/271/642 
s 1
f 1880/273/644 5431/317/644 5429/313/1093 1878/270/643 
s 2
f 1882/275/634 5433/319/634 5431/317/644 1880/273/644 
s 1
f 1884/277/635 5435/321/635 5433/319/634 1882/275/634 
s 2
f 1886/279/638 5437/323/638 5435/321/635 1884/277/635 
s 1
f 1888/281/640 5439/325/640 5437/323/638 1886/279/638 
s 2
f 1876/267/641 5428/312/641 5439/325/640 1888/281/640 
s 1
f 1891/266/928 5441/309/652 5444/312/927 1892/267/927 
s 2
f 1894/270/653 5445/313/654 5441/316/652 1891/271/928 
s 1
f 1896/273/655 5447/317/1099 5445/313/654 1894/270/653 
s 2
f 1898/275/645 5449/319/1360 5447/317/1099 1896/273/655 
s 1
f 1900/277/930 5451/321/647 5449/319/1360 1898/275/645 
s 2
f 1902/279/931 5453/323/1217 5451/321/647 1900/277/930 
s 1
f 1904/281/932 5455/325/932 5453/323/1217 1902/279/931 
s 2
f 1892/267/927 5444/312/927 5455/325/932 1904/281/932 
s 1
f 1907/266/933 5457/309/933 5460/312/662 1908/267/662 
s 2
f 1910/270/934 5461/313/1218 5457/316/933 1907/271/933 
s 1
f 1912/273/935 5463/317/935 5461/313/1218 1910/270/934 
s 2
f 1914/275/658 5465/319/658 5463/317/935 1912/273/935 
s 1
f 1916/277/938 5467/321/938 5465/319/658 1914/275/658 
s 2
f 1918/279/940 5469/323/940 5467/321/938 1916/277/938 
s 1
f 1920/281/661 5471/325/661 5469/323/940 1918/279/940 
s 2
f 1908/267/662 5460/312/662 5471/325/661 1920/281/661 
s 1
f 1923/266/672 5473/309/1105 5476/312/670 1924/267/670 
s 2
f 1926/270/942 5477/313/674 5473/316/1105 1923/271/672 
s 1
f 1928/273/943 5479/317/1361 5477/313/674 1926/270/942 
s 2
f 1930/275/666 5481/319/1362 5479/317/1361 1928/273/943 
s 1
f 1932/277/944 5483/321/667 5481/319/1362 1930/275/666 
s 2
f 1934/279/945 5485/323/945 5483/321/667 1932/277/944 
s 1
f 1936/281/669 5487/325/1223 5485/323/945 1934/279/945 
s 2
f 1924/267/670 5476/312/670 5487/325/1223 1936/281/669 
# 4272 polygons

#
# object JailDoor_Module002
#

v  1.2570 9.8530 3.7743
v  1.2414 9.8530 3.7516
v  1.2414 11.0578 3.7516
v  1.2570 11.0578 3.7743
v  1.2143 9.8530 3.7465
v  1.2143 11.0578 3.7465
v  1.1915 9.8530 3.7621
v  1.1915 11.0578 3.7621
v  1.1864 9.8530 3.7892
v  1.1864 11.0578 3.7892
v  1.2020 9.8530 3.8119
v  1.2020 11.0578 3.8119
v  1.2291 9.8530 3.8170
v  1.2291 11.0578 3.8170
v  1.2519 9.8530 3.8014
v  1.2519 11.0578 3.8014
v  0.9634 9.8530 3.8363
v  0.9478 9.8530 3.8135
v  0.9478 11.0578 3.8135
v  0.9634 11.0578 3.8363
v  0.9207 9.8530 3.8085
v  0.9207 11.0578 3.8085
v  0.8980 9.8530 3.8241
v  0.8980 11.0578 3.8241
v  0.8929 9.8530 3.8512
v  0.8929 11.0578 3.8512
v  0.9085 9.8530 3.8739
v  0.9085 11.0578 3.8739
v  0.9356 9.8530 3.8790
v  0.9356 11.0578 3.8790
v  0.9584 9.8530 3.8634
v  0.9584 11.0578 3.8634
v  0.6699 9.8530 3.8983
v  0.6543 9.8530 3.8755
v  0.6543 11.0578 3.8755
v  0.6699 11.0578 3.8983
v  0.6272 9.8530 3.8704
v  0.6272 11.0578 3.8704
v  0.6045 9.8530 3.8860
v  0.6045 11.0578 3.8860
v  0.5994 9.8530 3.9131
v  0.5994 11.0578 3.9131
v  0.6150 9.8530 3.9359
v  0.6150 11.0578 3.9359
v  0.6421 9.8530 3.9409
v  0.6421 11.0578 3.9409
v  0.6648 9.8530 3.9254
v  0.6648 11.0578 3.9254
v  0.3764 9.8530 3.9602
v  0.3608 9.8530 3.9375
v  0.3608 12.6454 3.9375
v  0.3764 12.6454 3.9602
v  0.3337 9.8530 3.9324
v  0.3337 12.6454 3.9324
v  0.3109 9.8530 3.9480
v  0.3109 12.6454 3.9480
v  0.3059 9.8530 3.9751
v  0.3059 12.6454 3.9751
v  0.3214 9.8530 3.9979
v  0.3214 12.6454 3.9979
v  0.3486 9.8530 4.0029
v  0.3486 12.6454 4.0029
v  0.3713 9.8530 3.9873
v  0.3713 12.6454 3.9873
v  1.5472 9.8530 3.7130
v  1.5316 9.8530 3.6903
v  1.5316 12.6454 3.6903
v  1.5472 12.6454 3.7130
v  1.5045 9.8530 3.6852
v  1.5045 12.6454 3.6852
v  1.4817 9.8530 3.7008
v  1.4817 12.6454 3.7008
v  1.4767 9.8530 3.7279
v  1.4767 12.6454 3.7279
v  1.4923 9.8530 3.7507
v  1.4923 12.6454 3.7507
v  1.5194 9.8530 3.7557
v  1.5194 12.6454 3.7557
v  1.5421 9.8530 3.7401
v  1.5421 12.6454 3.7401
v  0.1450 12.6260 3.9644
v  0.9188 12.6260 3.8010
v  0.9363 12.6260 3.8841
v  0.1626 12.6260 4.0474
v  0.1418 12.7112 3.9491
v  0.9155 12.7112 3.7858
v  0.9155 12.6377 3.7858
v  0.1418 12.6377 3.9491
v  0.1626 12.7229 4.0474
v  0.9363 12.7229 3.8841
v  0.9188 12.7229 3.8010
v  0.1450 12.7229 3.9644
v  0.1658 12.6377 4.0627
v  0.9395 12.6377 3.8993
v  0.9395 12.7112 3.8993
v  0.1658 12.7112 4.0627
v  0.1530 12.6348 4.0415
v  0.1387 12.6348 3.9736
v  0.1360 12.6444 3.9611
v  0.1360 12.7045 3.9611
v  0.1387 12.7141 3.9736
v  0.1530 12.7141 4.0415
v  0.1556 12.7045 4.0540
v  0.1556 12.6444 4.0540
v  0.1531 12.6448 4.0418
v  0.1386 12.6448 3.9734
v  0.1386 12.7041 3.9734
v  0.1531 12.7041 4.0418
v  1.6925 12.6260 3.6377
v  1.7100 12.6260 3.7207
v  1.6893 12.7112 3.6224
v  1.6893 12.6377 3.6224
v  1.7100 12.7229 3.7207
v  1.6925 12.7229 3.6377
v  1.7133 12.6377 3.7360
v  1.7133 12.7112 3.7360
v  1.7021 12.6348 3.6436
v  1.7164 12.6348 3.7115
v  1.6994 12.7045 3.6311
v  1.6994 12.6444 3.6311
v  1.7164 12.7141 3.7115
v  1.7021 12.7141 3.6436
v  1.7190 12.6444 3.7240
v  1.7190 12.7045 3.7240
v  1.7020 12.6448 3.6433
v  1.7164 12.6448 3.7117
v  1.7020 12.7041 3.6433
v  1.7164 12.7041 3.7117
v  0.1450 9.8456 3.9644
v  0.9188 9.8456 3.8010
v  0.9363 9.8456 3.8841
v  0.1626 9.8456 4.0474
v  0.1418 9.9307 3.9491
v  0.9155 9.9307 3.7858
v  0.9155 9.8573 3.7858
v  0.1418 9.8573 3.9491
v  0.1626 9.9424 4.0474
v  0.9363 9.9424 3.8841
v  0.9188 9.9424 3.8010
v  0.1450 9.9424 3.9644
v  0.1658 9.8573 4.0627
v  0.9395 9.8573 3.8993
v  0.9395 9.9307 3.8993
v  0.1658 9.9307 4.0627
v  0.1530 9.8544 4.0415
v  0.1387 9.8544 3.9736
v  0.1360 9.8639 3.9611
v  0.1360 9.9241 3.9611
v  0.1387 9.9336 3.9736
v  0.1530 9.9336 4.0415
v  0.1556 9.9241 4.0540
v  0.1556 9.8639 4.0540
v  0.1531 9.8643 4.0418
v  0.1386 9.8643 3.9734
v  0.1386 9.9237 3.9734
v  0.1531 9.9237 4.0418
v  1.6925 9.8456 3.6377
v  1.7100 9.8456 3.7207
v  1.6893 9.9307 3.6224
v  1.6893 9.8573 3.6224
v  1.7100 9.9424 3.7207
v  1.6925 9.9424 3.6377
v  1.7133 9.8573 3.7360
v  1.7133 9.9307 3.7360
v  1.7021 9.8544 3.6436
v  1.7164 9.8544 3.7115
v  1.6994 9.9241 3.6311
v  1.6994 9.8639 3.6311
v  1.7164 9.9336 3.7115
v  1.7021 9.9336 3.6436
v  1.7190 9.8639 3.7240
v  1.7190 9.9241 3.7240
v  1.7020 9.8643 3.6433
v  1.7164 9.8643 3.7117
v  1.7020 9.9237 3.6433
v  1.7164 9.9237 3.7117
v  1.7036 12.6855 3.7123
v  1.7036 9.9087 3.7123
v  1.6906 9.9087 3.6504
v  1.6906 12.6855 3.6504
v  0.2130 9.9087 3.9624
v  0.2130 12.6855 3.9624
v  0.2261 12.6855 4.0243
v  0.2261 9.9087 4.0243
v  0.1414 9.9087 3.9775
v  0.1414 12.6855 3.9775
v  1.6321 9.9087 3.7275
v  1.6321 12.6855 3.7275
v  1.6190 12.6855 3.6655
v  1.6190 9.9087 3.6655
v  0.1545 12.6855 4.0394
v  0.1545 9.9087 4.0394
v  1.2414 11.3516 3.7516
v  1.2414 12.6454 3.7516
v  1.2570 12.6454 3.7743
v  1.2570 11.3516 3.7743
v  1.2143 11.3516 3.7465
v  1.2143 12.6454 3.7465
v  1.1915 11.3516 3.7621
v  1.1915 12.6454 3.7621
v  1.1864 11.3516 3.7892
v  1.1864 12.6454 3.7892
v  1.2020 11.3516 3.8119
v  1.2020 12.6454 3.8119
v  1.2291 11.3516 3.8170
v  1.2291 12.6454 3.8170
v  1.2519 11.3516 3.8014
v  1.2519 12.6454 3.8014
v  0.9478 11.3516 3.8135
v  0.9478 12.6454 3.8135
v  0.9634 12.6454 3.8363
v  0.9634 11.3516 3.8363
v  0.9207 11.3516 3.8085
v  0.9207 12.6454 3.8085
v  0.8980 11.3516 3.8241
v  0.8980 12.6454 3.8241
v  0.8929 11.3516 3.8512
v  0.8929 12.6454 3.8512
v  0.9085 11.3516 3.8739
v  0.9085 12.6454 3.8739
v  0.9356 11.3516 3.8790
v  0.9356 12.6454 3.8790
v  0.9584 11.3516 3.8634
v  0.9584 12.6454 3.8634
v  0.6543 11.3516 3.8755
v  0.6543 12.6454 3.8755
v  0.6699 12.6454 3.8983
v  0.6699 11.3516 3.8983
v  0.6272 11.3516 3.8704
v  0.6272 12.6454 3.8704
v  0.6045 11.3516 3.8860
v  0.6045 12.6454 3.8860
v  0.5994 11.3516 3.9131
v  0.5994 12.6454 3.9131
v  0.6150 11.3516 3.9359
v  0.6150 12.6454 3.9359
v  0.6421 11.3516 3.9409
v  0.6421 12.6454 3.9409
v  0.6648 11.3516 3.9254
v  0.6648 12.6454 3.9254
v  1.6561 11.2874 3.6454
v  0.1741 11.2874 3.9583
v  0.1709 11.2991 3.9430
v  1.6529 11.2991 3.6301
v  1.6529 11.3521 3.6301
v  0.1709 11.3521 3.9430
v  0.1741 11.3637 3.9583
v  1.6561 11.3637 3.6454
v  1.6737 11.3637 3.7284
v  0.1917 11.3637 4.0413
v  0.1949 11.3521 4.0565
v  1.6769 11.3521 3.7437
v  1.6769 11.2991 3.7437
v  0.1949 11.2991 4.0565
v  0.1917 11.2874 4.0413
v  1.6737 11.2874 3.7284
v  1.6536 11.0121 3.6459
v  0.1728 11.0121 3.9585
v  0.1696 11.0238 3.9432
v  1.6503 11.0238 3.6306
v  1.6503 11.0767 3.6306
v  0.1696 11.0767 3.9432
v  0.1728 11.0884 3.9585
v  1.6536 11.0884 3.6459
v  1.6711 11.0884 3.7289
v  0.1904 11.0884 4.0415
v  0.1936 11.0767 4.0568
v  1.6743 11.0767 3.7442
v  1.6743 11.0238 3.7442
v  0.1936 11.0238 4.0568
v  0.1904 11.0121 4.0415
v  1.6711 11.0121 3.7289
v  1.6735 11.3060 3.6539
v  1.6861 11.3060 3.7135
v  1.6735 11.3452 3.6539
v  1.6861 11.3452 3.7135
v  1.6709 11.0306 3.6545
v  1.6835 11.0306 3.7141
v  1.6709 11.0699 3.6545
v  1.6835 11.0699 3.7141
v  0.1617 11.3060 3.9731
v  0.1617 11.3452 3.9731
v  0.1743 11.3452 4.0327
v  0.1743 11.3060 4.0327
v  0.1730 11.0306 4.0330
v  0.1604 11.0306 3.9734
v  0.1604 11.0699 3.9734
v  0.1730 11.0699 4.0330
v  1.6561 11.3552 3.6454
v  1.1766 11.3552 3.7466
v  1.1734 11.3669 3.7313
v  1.6529 11.3669 3.6301
v  1.6529 11.5946 3.6301
v  1.1734 11.5946 3.7313
v  1.1766 11.6063 3.7466
v  1.6561 11.6063 3.6454
v  1.6737 11.6063 3.7284
v  1.1942 11.6063 3.8296
v  1.1974 11.5946 3.8449
v  1.6769 11.5946 3.7437
v  1.6769 11.3669 3.7437
v  1.1974 11.3669 3.8449
v  1.1942 11.3552 3.8296
v  1.6737 11.3552 3.7284
v  1.6735 11.3738 3.6539
v  1.6861 11.3738 3.7135
v  1.6735 11.5877 3.6539
v  1.6861 11.5877 3.7135
v  1.1642 11.3738 3.7614
v  1.1642 11.5877 3.7614
v  1.1768 11.5877 3.8211
v  1.1768 11.3738 3.8211
v  1.5773 11.5291 3.7841
v  1.5962 11.4825 3.7802
v  1.5802 11.4825 3.7043
v  1.5613 11.5291 3.7083
v  1.5318 11.5484 3.7938
v  1.5158 11.5484 3.7179
v  1.4862 11.5291 3.8034
v  1.4702 11.5291 3.7275
v  1.4673 11.4825 3.8074
v  1.4513 11.4825 3.7315
v  1.4862 11.4360 3.8034
v  1.4702 11.4360 3.7275
v  1.5318 11.4167 3.7938
v  1.5158 11.4167 3.7179
v  1.5773 11.4360 3.7841
v  1.5613 11.4360 3.7083
v  1.5637 11.4825 3.7815
v  1.5540 11.5064 3.7835
v  1.5307 11.4825 3.7884
v  1.5307 11.5164 3.7884
v  1.5073 11.5064 3.7934
v  1.4976 11.4825 3.7954
v  1.5073 11.4586 3.7934
v  1.5307 11.4487 3.7884
v  1.5540 11.4586 3.7835
v  1.5589 11.5098 3.7902
v  1.5699 11.4825 3.7879
v  1.5322 11.5211 3.7958
v  1.5055 11.5098 3.8015
v  1.4945 11.4825 3.8038
v  1.5055 11.4553 3.8015
v  1.5322 11.4440 3.7958
v  1.5589 11.4553 3.7902
v  1.5453 11.5291 3.6324
v  1.5642 11.4825 3.6284
v  1.4997 11.5484 3.6420
v  1.4542 11.5291 3.6516
v  1.4353 11.4825 3.6556
v  1.4542 11.4360 3.6516
v  1.4997 11.4167 3.6420
v  1.5453 11.4360 3.6324
v  1.5339 11.4825 3.6403
v  1.5009 11.4825 3.6473
v  1.5243 11.5064 3.6424
v  1.5009 11.5164 3.6473
v  1.4775 11.5064 3.6523
v  1.4678 11.4825 3.6543
v  1.4775 11.4586 3.6523
v  1.5009 11.4487 3.6473
v  1.5243 11.4586 3.6424
v  1.5370 11.4825 3.6319
v  1.5260 11.5098 3.6343
v  1.4993 11.5211 3.6399
v  1.4726 11.5098 3.6455
v  1.4616 11.4825 3.6479
v  1.4726 11.4553 3.6455
v  1.4993 11.4440 3.6399
v  1.5260 11.4553 3.6343
v  0.1624 10.0904 4.0477
v  0.1448 10.0904 4.0221
v  0.1448 10.2737 4.0221
v  0.1624 10.2737 4.0477
v  0.1142 10.0904 4.0163
v  0.1142 10.2737 4.0163
v  0.0886 10.0904 4.0339
v  0.0886 10.2737 4.0339
v  0.0829 10.0904 4.0645
v  0.0829 10.2737 4.0645
v  0.1004 10.0904 4.0902
v  0.1004 10.2737 4.0902
v  0.1310 10.0904 4.0959
v  0.1310 10.2737 4.0959
v  0.1567 10.0904 4.0783
v  0.1567 10.2737 4.0783
v  0.1448 11.4929 4.0221
v  0.1624 11.4929 4.0477
v  0.1624 11.3095 4.0477
v  0.1448 11.3095 4.0221
v  0.1142 11.4929 4.0163
v  0.1142 11.3095 4.0163
v  0.0886 11.4929 4.0339
v  0.0886 11.3095 4.0339
v  0.0829 11.4929 4.0645
v  0.0829 11.3095 4.0645
v  0.1004 11.4929 4.0902
v  0.1004 11.3095 4.0902
v  0.1310 11.4929 4.0959
v  0.1310 11.3095 4.0959
v  0.1567 11.4929 4.0783
v  0.1567 11.3095 4.0783
v  0.1624 12.1619 4.0477
v  0.1448 12.1619 4.0221
v  0.1448 12.3453 4.0221
v  0.1624 12.3453 4.0477
v  0.1142 12.1619 4.0163
v  0.1142 12.3453 4.0163
v  0.0886 12.1619 4.0339
v  0.0886 12.3453 4.0339
v  0.0829 12.1619 4.0645
v  0.0829 12.3453 4.0645
v  0.1004 12.1619 4.0902
v  0.1004 12.3453 4.0902
v  0.1310 12.1619 4.0959
v  0.1310 12.3453 4.0959
v  0.1567 12.1619 4.0783
v  0.1567 12.3453 4.0783
v  0.1448 10.4571 4.0221
v  0.1624 10.4571 4.0477
v  0.1142 10.4571 4.0163
v  0.0886 10.4571 4.0339
v  0.0829 10.4571 4.0645
v  0.1004 10.4571 4.0902
v  0.1310 10.4571 4.0959
v  0.1567 10.4571 4.0783
v  0.1448 12.5287 4.0221
v  0.1624 12.5287 4.0477
v  0.1142 12.5287 4.0163
v  0.0886 12.5287 4.0339
v  0.0829 12.5287 4.0645
v  0.1004 12.5287 4.0902
v  0.1310 12.5287 4.0959
v  0.1567 12.5287 4.0783
v  0.1624 11.1261 4.0477
v  0.1448 11.1261 4.0221
v  0.1142 11.1261 4.0163
v  0.0886 11.1261 4.0339
v  0.0829 11.1261 4.0645
v  0.1004 11.1261 4.0902
v  0.1310 11.1261 4.0959
v  0.1567 11.1261 4.0783
v  0.1398 10.0818 4.0298
v  0.1533 10.0818 4.0496
v  0.1226 10.0818 4.0561
v  0.1161 10.0818 4.0254
v  0.0963 10.0818 4.0390
v  0.0919 10.0818 4.0626
v  0.1055 10.0818 4.0824
v  0.1291 10.0818 4.0868
v  0.1489 10.0818 4.0732
v  0.1533 11.5014 4.0496
v  0.1398 11.5014 4.0298
v  0.1226 11.5014 4.0561
v  0.1161 11.5014 4.0254
v  0.0963 11.5014 4.0390
v  0.0919 11.5014 4.0626
v  0.1055 11.5014 4.0824
v  0.1291 11.5014 4.0868
v  0.1489 11.5014 4.0732
v  0.1398 12.1534 4.0298
v  0.1533 12.1534 4.0496
v  0.1226 12.1534 4.0561
v  0.1161 12.1534 4.0254
v  0.0963 12.1534 4.0390
v  0.0919 12.1534 4.0626
v  0.1055 12.1534 4.0824
v  0.1291 12.1534 4.0868
v  0.1489 12.1534 4.0732
v  0.1533 10.4656 4.0496
v  0.1398 10.4656 4.0298
v  0.1226 10.4656 4.0561
v  0.1161 10.4656 4.0254
v  0.0963 10.4656 4.0390
v  0.0919 10.4656 4.0626
v  0.1055 10.4656 4.0824
v  0.1291 10.4656 4.0868
v  0.1489 10.4656 4.0732
v  0.1533 12.5372 4.0496
v  0.1398 12.5372 4.0298
v  0.1226 12.5372 4.0561
v  0.1161 12.5372 4.0254
v  0.0963 12.5372 4.0390
v  0.0919 12.5372 4.0626
v  0.1055 12.5372 4.0824
v  0.1291 12.5372 4.0868
v  0.1489 12.5372 4.0732
v  0.1398 11.1176 4.0298
v  0.1533 11.1176 4.0496
v  0.1226 11.1176 4.0561
v  0.1161 11.1176 4.0254
v  0.0963 11.1176 4.0390
v  0.0919 11.1176 4.0626
v  0.1055 11.1176 4.0824
v  0.1291 11.1176 4.0868
v  0.1489 11.1176 4.0732
# 496 vertices

vn 0.9784 0.0000 -0.2066
vn 0.5458 0.0000 -0.8379
vn -0.2066 0.0000 -0.9784
vn -0.8379 0.0000 -0.5458
vn -0.9784 0.0000 0.2066
vn -0.5458 0.0000 0.8379
vn 0.2066 0.0000 0.9784
vn 0.8379 0.0000 0.5458
vn 0.2065 0.0000 0.9784
vn 0.8380 0.0000 0.5457
vn -0.2065 0.0000 -0.9784
vn -0.8380 0.0000 -0.5457
vn -0.4714 -0.8568 -0.2092
vn -0.0652 -0.9489 -0.3087
vn 0.0652 -0.9489 0.3087
vn -0.3466 -0.8568 0.3818
vn -0.5843 0.4094 -0.7007
vn -0.1847 0.4480 -0.8748
vn -0.1847 -0.4479 -0.8748
vn -0.5842 -0.4095 -0.7007
vn -0.3466 0.8568 0.3818
vn 0.0652 0.9489 0.3087
vn -0.0652 0.9489 -0.3087
vn -0.4714 0.8568 -0.2092
vn -0.2511 -0.4095 0.8771
vn 0.1847 -0.4479 0.8748
vn 0.1847 0.4480 0.8748
vn -0.2512 0.4094 0.8771
vn -0.8852 -0.3727 0.2785
vn -0.9222 -0.3727 0.1031
vn -0.9805 -0.1492 -0.1277
vn -0.9805 0.1492 -0.1277
vn -0.9222 0.3727 0.1031
vn -0.8852 0.3727 0.2785
vn -0.8452 0.1492 0.5132
vn -0.8452 -0.1492 0.5132
vn 0.3466 -0.8568 -0.3818
vn 0.4714 -0.8568 0.2092
vn 0.2512 0.4094 -0.8771
vn 0.2511 -0.4095 -0.8771
vn 0.4714 0.8568 0.2092
vn 0.3466 0.8568 -0.3818
vn 0.5842 -0.4095 0.7007
vn 0.5843 0.4094 0.7007
vn 0.8852 -0.3727 -0.2785
vn 0.9222 -0.3727 -0.1031
vn 0.8452 0.1492 -0.5132
vn 0.8452 -0.1492 -0.5132
vn 0.9222 0.3727 -0.1031
vn 0.8852 0.3727 -0.2785
vn 0.9805 -0.1492 0.1277
vn 0.9805 0.1492 0.1277
vn -0.1847 0.4479 -0.8748
vn -0.5843 -0.4094 -0.7007
vn -0.2512 -0.4094 0.8771
vn 0.1847 0.4479 0.8748
vn -0.8852 -0.3726 0.2785
vn -0.9222 -0.3726 0.1031
vn 0.2512 -0.4094 -0.8771
vn 0.5843 -0.4094 0.7007
vn 0.8852 -0.3726 -0.2785
vn 0.9222 -0.3726 -0.1031
vn 0.3556 -0.8554 -0.3766
vn -0.4779 -0.8552 -0.2005
vn -0.6113 -0.3897 -0.6888
vn 0.2804 -0.3897 -0.8772
vn 0.2803 0.3897 -0.8772
vn -0.6113 0.3896 -0.6888
vn -0.4779 0.8552 -0.2005
vn 0.3556 0.8554 -0.3766
vn 0.4775 0.8554 0.2007
vn -0.3561 0.8552 0.3766
vn -0.2807 0.3896 0.8771
vn 0.6110 0.3897 0.6890
vn 0.6110 -0.3897 0.6890
vn -0.2807 -0.3896 0.8771
vn -0.3561 -0.8552 0.3766
vn 0.4775 -0.8554 0.2007
vn 0.3562 -0.8551 -0.3766
vn -0.4776 -0.8553 -0.2006
vn -0.6111 -0.3897 -0.6890
vn 0.2809 -0.3896 -0.8771
vn 0.2809 0.3896 -0.8771
vn -0.6112 0.3897 -0.6890
vn -0.4776 0.8553 -0.2006
vn 0.3563 0.8551 -0.3766
vn 0.4781 0.8551 0.2004
vn -0.3558 0.8553 0.3766
vn -0.2805 0.3897 0.8772
vn 0.6115 0.3896 0.6887
vn 0.6115 -0.3896 0.6887
vn -0.2804 -0.3897 0.8772
vn -0.3558 -0.8553 0.3766
vn 0.4781 -0.8551 0.2005
vn 0.8784 -0.2842 -0.3842
vn 0.9588 -0.2842 -0.0037
vn 0.8784 0.2842 -0.3842
vn 0.9588 0.2842 -0.0037
vn 0.8789 -0.2835 -0.3837
vn 0.9590 -0.2835 -0.0043
vn 0.8789 0.2835 -0.3837
vn 0.9590 0.2835 -0.0043
vn -0.9589 -0.2837 0.0042
vn -0.9589 0.2837 0.0042
vn -0.8787 0.2837 0.3838
vn -0.8787 -0.2837 0.3838
vn -0.8785 -0.2840 0.3840
vn -0.9588 -0.2840 0.0039
vn -0.9588 0.2840 0.0039
vn -0.8785 0.2840 0.3840
vn -0.2808 -0.3896 0.8771
vn -0.8788 -0.2837 0.3838
vn 0.6756 0.5625 0.4766
vn 0.9035 0.0000 0.4285
vn 0.6919 0.7071 -0.1461
vn 0.1252 0.7955 0.5928
vn 0.0000 1.0000 -0.0000
vn -0.4252 0.5625 0.7090
vn -0.6919 0.7071 0.1461
vn -0.6532 0.0000 0.7572
vn -0.4252 -0.5625 0.7090
vn -0.6919 -0.7071 0.1461
vn 0.1252 -0.7955 0.5928
vn 0.0000 -1.0000 -0.0000
vn 0.6756 -0.5625 0.4766
vn 0.6919 -0.7071 -0.1461
vn -0.3839 0.0000 0.9234
vn -0.2215 -0.4004 0.8891
vn 0.1703 -0.5663 0.8064
vn 0.5620 -0.4004 0.7237
vn 0.7244 0.0000 0.6894
vn 0.5620 0.4004 0.7237
vn 0.1703 0.5663 0.8064
vn -0.2215 0.4004 0.8891
vn -0.0376 -0.2373 0.9707
vn -0.1338 -0.0000 0.9910
vn 0.1946 -0.3356 0.9217
vn 0.4268 -0.2373 0.8727
vn 0.5230 0.0000 0.8523
vn 0.4268 0.2373 0.8727
vn 0.1946 0.3356 0.9217
vn -0.0376 0.2373 0.9707
vn 0.4252 0.5625 -0.7090
vn 0.6532 0.0000 -0.7572
vn -0.1252 0.7955 -0.5928
vn -0.6756 0.5625 -0.4766
vn -0.9035 0.0000 -0.4285
vn -0.6756 -0.5625 -0.4766
vn -0.1252 -0.7955 -0.5928
vn 0.4252 -0.5625 -0.7090
vn -0.7244 0.0000 -0.6894
vn -0.5620 -0.4004 -0.7237
vn -0.1703 -0.5663 -0.8064
vn 0.2215 -0.4004 -0.8891
vn 0.3839 0.0000 -0.9234
vn 0.2215 0.4004 -0.8891
vn -0.1703 0.5663 -0.8064
vn -0.5620 0.4004 -0.7237
vn -0.5230 -0.0000 -0.8523
vn -0.4268 -0.2373 -0.8727
vn -0.1946 -0.3356 -0.9217
vn 0.0376 -0.2373 -0.9707
vn 0.1338 0.0000 -0.9910
vn 0.0376 0.2373 -0.9707
vn -0.1946 0.3356 -0.9217
vn -0.4268 0.2373 -0.8727
vn 0.9094 -0.3689 -0.1920
vn 0.5073 -0.3689 -0.7788
vn -0.1920 -0.3689 -0.9094
vn -0.7788 -0.3689 -0.5073
vn -0.9094 -0.3689 0.1920
vn -0.5073 -0.3689 0.7788
vn 0.1920 -0.3689 0.9094
vn 0.7789 -0.3689 0.5073
vn 0.5073 0.3689 -0.7788
vn 0.9094 0.3689 -0.1920
vn -0.1920 0.3689 -0.9094
vn -0.7788 0.3689 -0.5073
vn -0.9094 0.3689 0.1920
vn -0.5073 0.3689 0.7788
vn 0.1920 0.3689 0.9094
vn 0.7789 0.3689 0.5073
vn 0.5073 0.3688 -0.7788
vn 0.9094 0.3688 -0.1920
vn -0.1920 0.3688 -0.9094
vn -0.9094 0.3688 0.1920
vn 0.9094 -0.3688 -0.1920
vn 0.2389 -0.8991 -0.3668
vn 0.4283 -0.8991 -0.0904
vn -0.0904 -0.8991 -0.4283
vn -0.3667 -0.8991 -0.2389
vn -0.4283 -0.8991 0.0904
vn -0.2389 -0.8991 0.3667
vn 0.0904 -0.8991 0.4283
vn 0.3668 -0.8991 0.2389
vn 0.4283 0.8991 -0.0904
vn 0.2389 0.8991 -0.3668
vn -0.0000 1.0000 0.0000
vn -0.0904 0.8991 -0.4283
vn -0.3667 0.8991 -0.2389
vn -0.4283 0.8991 0.0904
vn -0.2389 0.8991 0.3668
vn 0.0904 0.8991 0.4283
vn 0.3668 0.8991 0.2389
vn -0.0000 -1.0000 0.0000
vn -0.2389 -0.8991 0.3668
vn -0.2389 0.8991 0.3667
# 207 vertex normals

vt 0.7500 0.0000 1.0000
vt 0.8750 0.0000 1.0000
vt 0.8750 0.1220 1.0000
vt 0.7500 0.1220 1.0000
vt -0.1250 0.0000 1.0000
vt 0.0000 0.0000 1.0000
vt 0.0000 0.1220 1.0000
vt -0.1250 0.1220 1.0000
vt 0.1250 0.0000 1.0000
vt 0.1250 0.1220 1.0000
vt 0.2500 0.0000 1.0000
vt 0.2500 0.1220 1.0000
vt 0.3750 0.0000 1.0000
vt 0.3750 0.1220 1.0000
vt 0.5000 0.0000 1.0000
vt 0.5000 0.1220 1.0000
vt 0.6250 0.0000 1.0000
vt 0.6250 0.1220 1.0000
vt 0.8750 0.4878 1.0000
vt 0.7500 0.4878 1.0000
vt 0.0000 0.4878 1.0000
vt -0.1250 0.4878 1.0000
vt 0.1250 0.4878 1.0000
vt 0.2500 0.4878 1.0000
vt 0.3750 0.4878 1.0000
vt 0.5000 0.4878 1.0000
vt 0.6250 0.4878 1.0000
vt 0.8414 0.2658 1.0000
vt 0.8414 0.3914 1.0000
vt 0.6586 0.3914 1.0000
vt 0.6586 0.2658 1.0000
vt 0.1045 0.2658 1.0000
vt 0.1045 0.3914 1.0000
vt -0.1045 0.3914 1.0000
vt -0.1045 0.2658 1.0000
vt 0.3414 0.2658 1.0000
vt 0.3414 0.3914 1.0000
vt 0.1586 0.3914 1.0000
vt 0.1586 0.2658 1.0000
vt 0.6045 0.2658 1.0000
vt 0.6045 0.3914 1.0000
vt 0.3955 0.3914 1.0000
vt 0.3955 0.2658 1.0000
vt 0.8750 0.2658 1.0000
vt 0.6316 0.2658 1.0000
vt 0.8582 0.2658 1.0000
vt 0.1316 0.2658 1.0000
vt 0.3684 0.2658 1.0000
vt 0.8750 0.3914 1.0000
vt 0.4714 0.5000 1.0000
vt 0.4714 0.2500 1.0000
vt 0.0286 0.2500 1.0000
vt 0.0286 0.5000 1.0000
vt 0.8750 0.2500 1.0000
vt 0.8750 0.5000 1.0000
vt 0.6250 0.5000 1.0000
vt 0.6250 0.2500 1.0000
vt -0.0286 0.2500 1.0000
vt -0.0286 0.5000 1.0000
vt -0.1250 0.5000 1.0000
vt -0.1250 0.2500 1.0000
vt 0.3750 0.2500 1.0000
vt 0.3750 0.5000 1.0000
vt 0.1250 0.5000 1.0000
vt 0.1250 0.2500 1.0000
vt 0.5286 0.5000 1.0000
vt 0.5286 0.2500 1.0000
vt 0.8750 0.2439 1.0000
vt 0.7500 0.2439 1.0000
vt 0.0000 0.2439 1.0000
vt -0.1250 0.2439 1.0000
vt 0.1250 0.2439 1.0000
vt 0.2500 0.2439 1.0000
vt 0.3750 0.2439 1.0000
vt 0.5000 0.2439 1.0000
vt 0.6250 0.2439 1.0000
vt 0.8414 0.5110 1.0000
vt 0.8414 0.2706 1.0000
vt 0.8750 0.2706 1.0000
vt 0.8750 0.5110 1.0000
vt 0.1045 0.5110 1.0000
vt 0.1045 0.2706 1.0000
vt 0.1586 0.2706 1.0000
vt 0.1586 0.5110 1.0000
vt 0.3414 0.5110 1.0000
vt 0.3414 0.2706 1.0000
vt 0.3955 0.2706 1.0000
vt 0.3955 0.5110 1.0000
vt 0.6045 0.5110 1.0000
vt 0.6045 0.2706 1.0000
vt 0.6586 0.2706 1.0000
vt 0.6586 0.5110 1.0000
vt 0.8414 0.5106 1.0000
vt 0.8414 0.2704 1.0000
vt 0.8750 0.2704 1.0000
vt 0.8750 0.5106 1.0000
vt 0.1045 0.5106 1.0000
vt 0.1045 0.2704 1.0000
vt 0.1586 0.2704 1.0000
vt 0.1586 0.5106 1.0000
vt 0.3414 0.5106 1.0000
vt 0.3414 0.2704 1.0000
vt 0.3955 0.2704 1.0000
vt 0.3955 0.5106 1.0000
vt 0.6045 0.5106 1.0000
vt 0.6045 0.2704 1.0000
vt 0.6586 0.2704 1.0000
vt 0.6586 0.5106 1.0000
vt -0.1045 0.5110 1.0000
vt -0.1045 0.2706 1.0000
vt -0.1045 0.5106 1.0000
vt -0.1045 0.2704 1.0000
vt 0.8582 0.5110 1.0000
vt 0.6316 0.5110 1.0000
vt 0.1316 0.5110 1.0000
vt 0.3684 0.5110 1.0000
vt 0.8582 0.5106 1.0000
vt 0.6316 0.5106 1.0000
vt 0.1316 0.5106 1.0000
vt 0.3684 0.5106 1.0000
vt 0.8582 0.2706 1.0000
vt 0.1316 0.2706 1.0000
vt 0.3684 0.2706 1.0000
vt 0.6316 0.2706 1.0000
vt 0.6316 0.2704 1.0000
vt 0.8582 0.2704 1.0000
vt 0.1316 0.2704 1.0000
vt 0.3684 0.2704 1.0000
vt 0.8750 0.3987 1.0000
vt 0.7500 0.3987 1.0000
vt 0.7500 0.3558 1.0000
vt 0.8750 0.3558 1.0000
vt 0.0000 0.3987 1.0000
vt -0.1250 0.3987 1.0000
vt -0.1250 0.3558 1.0000
vt 0.0000 0.3558 1.0000
vt 0.1250 0.3987 1.0000
vt 0.1250 0.3558 1.0000
vt 0.2500 0.3987 1.0000
vt 0.2500 0.3558 1.0000
vt 0.3750 0.3987 1.0000
vt 0.3750 0.3558 1.0000
vt 0.5000 0.3987 1.0000
vt 0.5000 0.3558 1.0000
vt 0.6250 0.3987 1.0000
vt 0.6250 0.3558 1.0000
vt 0.6645 0.4007 1.0000
vt 0.7610 0.4007 1.0000
vt 0.3750 0.4007 1.0000
vt -0.0110 0.4007 1.0000
vt 0.0855 0.4007 1.0000
vt 0.1820 0.4007 1.0000
vt 0.2785 0.4007 1.0000
vt 0.4715 0.4007 1.0000
vt 0.5680 0.4007 1.0000
vt 0.7500 0.0707 1.0000
vt 0.8750 0.0707 1.0000
vt 0.8750 0.1136 1.0000
vt 0.7500 0.1136 1.0000
vt -0.1250 0.0707 1.0000
vt 0.0000 0.0707 1.0000
vt 0.0000 0.1136 1.0000
vt -0.1250 0.1136 1.0000
vt 0.1250 0.0707 1.0000
vt 0.1250 0.1136 1.0000
vt 0.2500 0.0707 1.0000
vt 0.2500 0.1136 1.0000
vt 0.3750 0.0707 1.0000
vt 0.3750 0.1136 1.0000
vt 0.5000 0.0707 1.0000
vt 0.5000 0.1136 1.0000
vt 0.6250 0.0707 1.0000
vt 0.6250 0.1136 1.0000
vt 0.7500 0.5552 1.0000
vt 0.8750 0.5552 1.0000
vt 0.8750 0.5981 1.0000
vt 0.7500 0.5981 1.0000
vt -0.1250 0.5552 1.0000
vt 0.0000 0.5552 1.0000
vt 0.0000 0.5981 1.0000
vt -0.1250 0.5981 1.0000
vt 0.1250 0.5552 1.0000
vt 0.1250 0.5981 1.0000
vt 0.2500 0.5552 1.0000
vt 0.2500 0.5981 1.0000
vt 0.3750 0.5552 1.0000
vt 0.3750 0.5981 1.0000
vt 0.5000 0.5552 1.0000
vt 0.5000 0.5981 1.0000
vt 0.6250 0.5552 1.0000
vt 0.6250 0.5981 1.0000
vt 0.8750 0.1565 1.0000
vt 0.7500 0.1565 1.0000
vt 0.0000 0.1565 1.0000
vt -0.1250 0.1565 1.0000
vt 0.1250 0.1565 1.0000
vt 0.2500 0.1565 1.0000
vt 0.3750 0.1565 1.0000
vt 0.5000 0.1565 1.0000
vt 0.6250 0.1565 1.0000
vt 0.8750 0.6410 1.0000
vt 0.7500 0.6410 1.0000
vt 0.0000 0.6410 1.0000
vt -0.1250 0.6410 1.0000
vt 0.1250 0.6410 1.0000
vt 0.2500 0.6410 1.0000
vt 0.3750 0.6410 1.0000
vt 0.5000 0.6410 1.0000
vt 0.6250 0.6410 1.0000
vt 0.7500 0.3130 1.0000
vt 0.8750 0.3130 1.0000
vt -0.1250 0.3130 1.0000
vt 0.0000 0.3130 1.0000
vt 0.1250 0.3130 1.0000
vt 0.2500 0.3130 1.0000
vt 0.3750 0.3130 1.0000
vt 0.5000 0.3130 1.0000
vt 0.6250 0.3130 1.0000
vt 0.7610 0.0687 1.0000
vt 0.6645 0.0687 1.0000
vt 0.3750 0.0687 1.0000
vt 0.0855 0.0687 1.0000
vt -0.0110 0.0687 1.0000
vt 0.1820 0.0687 1.0000
vt 0.2785 0.0687 1.0000
vt 0.4715 0.0687 1.0000
vt 0.5680 0.0687 1.0000
vt 0.7610 0.5532 1.0000
vt 0.6645 0.5532 1.0000
vt 0.3750 0.5532 1.0000
vt 0.0855 0.5532 1.0000
vt -0.0110 0.5532 1.0000
vt 0.1820 0.5532 1.0000
vt 0.2785 0.5532 1.0000
vt 0.4715 0.5532 1.0000
vt 0.5680 0.5532 1.0000
vt 0.6645 0.1585 1.0000
vt 0.7610 0.1585 1.0000
vt 0.3750 0.1585 1.0000
vt -0.0110 0.1585 1.0000
vt 0.0855 0.1585 1.0000
vt 0.1820 0.1585 1.0000
vt 0.2785 0.1585 1.0000
vt 0.4715 0.1585 1.0000
vt 0.5680 0.1585 1.0000
vt 0.6645 0.6430 1.0000
vt 0.7610 0.6430 1.0000
vt 0.3750 0.6430 1.0000
vt -0.0110 0.6430 1.0000
vt 0.0855 0.6430 1.0000
vt 0.1820 0.6430 1.0000
vt 0.2785 0.6430 1.0000
vt 0.4715 0.6430 1.0000
vt 0.5680 0.6430 1.0000
vt 0.7610 0.3110 1.0000
vt 0.6645 0.3110 1.0000
vt 0.3750 0.3110 1.0000
vt 0.0855 0.3110 1.0000
vt -0.0110 0.3110 1.0000
vt 0.1820 0.3110 1.0000
vt 0.2785 0.3110 1.0000
vt 0.4715 0.3110 1.0000
vt 0.5680 0.3110 1.0000
# 263 texture coords

o JailDoor_Module002
g JailDoor_Module002
usemtl Material__65
s 1
f 5537/327/1367 5538/328/1368 5539/329/1368 5540/330/1367 
s 2
f 5538/331/1368 5541/332/1369 5542/333/1369 5539/334/1368 
s 1
f 5541/332/1369 5543/335/1370 5544/336/1370 5542/333/1369 
s 2
f 5543/335/1370 5545/337/1371 5546/338/1371 5544/336/1370 
s 1
f 5545/337/1371 5547/339/1372 5548/340/1372 5546/338/1371 
s 2
f 5547/339/1372 5549/341/1373 5550/342/1373 5548/340/1372 
s 1
f 5549/341/1373 5551/343/1374 5552/344/1374 5550/342/1373 
s 2
f 5551/343/1374 5537/327/1367 5540/330/1367 5552/344/1374 
s 1
f 5553/327/1367 5554/328/1368 5555/329/1368 5556/330/1367 
s 2
f 5554/331/1368 5557/332/1369 5558/333/1369 5555/334/1368 
s 1
f 5557/332/1369 5559/335/1370 5560/336/1370 5558/333/1369 
s 2
f 5559/335/1370 5561/337/1371 5562/338/1371 5560/336/1370 
s 1
f 5561/337/1371 5563/339/1372 5564/340/1372 5562/338/1371 
s 2
f 5563/339/1372 5565/341/1375 5566/342/1375 5564/340/1372 
s 1
f 5565/341/1375 5567/343/1376 5568/344/1376 5566/342/1375 
s 2
f 5567/343/1376 5553/327/1367 5556/330/1367 5568/344/1376 
s 1
f 5569/327/1367 5570/328/1368 5571/329/1368 5572/330/1367 
s 2
f 5570/331/1368 5573/332/1369 5574/333/1369 5571/334/1368 
s 1
f 5573/332/1369 5575/335/1370 5576/336/1370 5574/333/1369 
s 2
f 5575/335/1370 5577/337/1371 5578/338/1371 5576/336/1370 
s 1
f 5577/337/1371 5579/339/1372 5580/340/1372 5578/338/1371 
s 2
f 5579/339/1372 5581/341/1373 5582/342/1373 5580/340/1372 
s 1
f 5581/341/1373 5583/343/1374 5584/344/1374 5582/342/1373 
s 2
f 5583/343/1374 5569/327/1367 5572/330/1367 5584/344/1374 
s 1
f 5585/327/1367 5586/328/1368 5587/345/1368 5588/346/1367 
s 2
f 5586/331/1368 5589/332/1377 5590/347/1377 5587/348/1368 
s 1
f 5589/332/1377 5591/335/1378 5592/349/1378 5590/347/1377 
s 2
f 5591/335/1378 5593/337/1371 5594/350/1371 5592/349/1378 
s 1
f 5593/337/1371 5595/339/1372 5596/351/1372 5594/350/1371 
s 2
f 5595/339/1372 5597/341/1373 5598/352/1373 5596/351/1372 
s 1
f 5597/341/1373 5599/343/1374 5600/353/1374 5598/352/1373 
s 2
f 5599/343/1374 5585/327/1367 5588/346/1367 5600/353/1374 
s 1
f 5601/327/1367 5602/328/1368 5603/345/1368 5604/346/1367 
s 2
f 5602/331/1368 5605/332/1369 5606/347/1369 5603/348/1368 
s 1
f 5605/332/1369 5607/335/1370 5608/349/1370 5606/347/1369 
s 2
f 5607/335/1370 5609/337/1371 5610/350/1371 5608/349/1370 
s 1
f 5609/337/1371 5611/339/1372 5612/351/1372 5610/350/1371 
s 2
f 5611/339/1372 5613/341/1373 5614/352/1373 5612/351/1372 
s 1
f 5613/341/1373 5615/343/1374 5616/353/1374 5614/352/1373 
s 2
f 5615/343/1374 5601/327/1367 5604/346/1367 5616/353/1374 
s 1
f 5617/354/1379 5618/355/1380 5619/356/1381 5620/357/1382 
f 5621/358/1383 5622/359/1384 5623/360/1385 5624/361/1386 
f 5625/362/1387 5626/363/1388 5627/364/1389 5628/365/1390 
f 5629/366/1391 5630/367/1392 5631/368/1393 5632/369/1394 
s 2
f 5617/354/1379 5620/357/1382 5633/357/1395 5634/354/1396 
s 4
f 5621/358/1383 5624/361/1386 5635/361/1397 5636/358/1398 
s 2
f 5625/362/1387 5628/365/1390 5637/365/1399 5638/362/1400 
s 4
f 5629/366/1391 5632/369/1394 5639/369/1401 5640/366/1402 
s 2
f 5624/370/1386 5617/354/1379 5634/354/1396 5635/370/1397 
f 5628/365/1390 5621/358/1383 5636/358/1398 5637/365/1399 
f 5632/369/1394 5625/362/1387 5638/362/1400 5639/369/1401 
f 5620/357/1382 5629/366/1391 5640/366/1402 5633/357/1395 
s 1
f 5634/354/1396 5633/357/1395 5641/371/1371 5642/372/1371 
f 5636/358/1398 5635/361/1397 5642/361/1371 5643/373/1371 
f 5638/362/1400 5637/365/1399 5643/373/1371 5644/374/1371 
f 5640/366/1402 5639/369/1401 5644/374/1371 5641/371/1371 
f 5635/370/1397 5634/354/1396 5642/372/1371 
f 5637/365/1399 5636/358/1398 5643/373/1371 
f 5639/369/1401 5638/362/1400 5644/374/1371 
f 5633/357/1395 5640/366/1402 5641/371/1371 
f 5641/371/1371 5644/374/1371 5643/373/1371 5642/361/1371 
s 8
f 5618/355/1380 5617/354/1379 5624/370/1386 5623/375/1385 
f 5622/359/1384 5621/358/1383 5628/365/1390 5627/364/1389 
f 5626/363/1388 5625/362/1387 5632/369/1394 5631/368/1393 
f 5630/367/1392 5629/366/1391 5620/357/1382 5619/356/1381 
s 1
f 5645/354/1403 5646/357/1404 5619/356/1381 5618/355/1380 
f 5647/358/1405 5648/361/1406 5623/360/1385 5622/359/1384 
f 5649/362/1407 5650/365/1408 5627/364/1389 5626/363/1388 
f 5651/366/1409 5652/369/1410 5631/368/1393 5630/367/1392 
s 2
f 5645/354/1403 5653/354/1411 5654/357/1412 5646/357/1404 
s 4
f 5647/358/1405 5655/358/1413 5656/361/1414 5648/361/1406 
s 2
f 5649/362/1407 5657/362/1415 5658/365/1416 5650/365/1408 
s 4
f 5651/366/1409 5659/366/1417 5660/369/1418 5652/369/1410 
s 2
f 5648/370/1406 5656/370/1414 5653/354/1411 5645/354/1403 
f 5650/365/1408 5658/365/1416 5655/358/1413 5647/358/1405 
f 5652/369/1410 5660/369/1418 5657/362/1415 5649/362/1407 
f 5646/357/1404 5654/357/1412 5659/366/1417 5651/366/1409 
s 1
f 5653/354/1411 5661/372/1367 5662/371/1367 5654/357/1412 
f 5655/358/1413 5663/373/1367 5661/361/1367 5656/361/1414 
f 5657/362/1415 5664/374/1367 5663/373/1367 5658/365/1416 
f 5659/366/1417 5662/371/1367 5664/374/1367 5660/369/1418 
f 5656/370/1414 5661/372/1367 5653/354/1411 
f 5658/365/1416 5663/373/1367 5655/358/1413 
f 5660/369/1418 5664/374/1367 5657/362/1415 
f 5654/357/1412 5662/371/1367 5659/366/1417 
f 5662/371/1367 5661/361/1367 5663/373/1367 5664/374/1367 
s 8
f 5618/355/1380 5623/375/1385 5648/370/1406 5645/354/1403 
f 5622/359/1384 5627/364/1389 5650/365/1408 5647/358/1405 
f 5626/363/1388 5631/368/1393 5652/369/1410 5649/362/1407 
f 5630/367/1392 5619/356/1381 5646/357/1404 5651/366/1409 
s 1
f 5665/354/1379 5666/355/1380 5667/356/1381 5668/357/1382 
f 5669/358/1383 5670/359/1419 5671/360/1385 5672/361/1420 
f 5673/362/1387 5674/363/1388 5675/364/1389 5676/365/1390 
f 5677/366/1421 5678/367/1392 5679/368/1422 5680/369/1394 
s 2
f 5665/354/1379 5668/357/1382 5681/357/1423 5682/354/1424 
s 4
f 5669/358/1383 5672/361/1420 5683/361/1397 5684/358/1398 
s 2
f 5673/362/1387 5676/365/1390 5685/365/1399 5686/362/1400 
s 4
f 5677/366/1421 5680/369/1394 5687/369/1401 5688/366/1402 
s 2
f 5672/370/1420 5665/354/1379 5682/354/1424 5683/370/1397 
f 5676/365/1390 5669/358/1383 5684/358/1398 5685/365/1399 
f 5680/369/1394 5673/362/1387 5686/362/1400 5687/369/1401 
f 5668/357/1382 5677/366/1421 5688/366/1402 5681/357/1423 
s 1
f 5682/354/1424 5681/357/1423 5689/371/1371 5690/372/1371 
f 5684/358/1398 5683/361/1397 5690/361/1371 5691/373/1371 
f 5686/362/1400 5685/365/1399 5691/373/1371 5692/374/1371 
f 5688/366/1402 5687/369/1401 5692/374/1371 5689/371/1371 
f 5683/370/1397 5682/354/1424 5690/372/1371 
f 5685/365/1399 5684/358/1398 5691/373/1371 
f 5687/369/1401 5686/362/1400 5692/374/1371 
f 5681/357/1423 5688/366/1402 5689/371/1371 
f 5689/371/1371 5692/374/1371 5691/373/1371 5690/361/1371 
s 8
f 5666/355/1380 5665/354/1379 5672/370/1420 5671/375/1385 
f 5670/359/1419 5669/358/1383 5676/365/1390 5675/364/1389 
f 5674/363/1388 5673/362/1387 5680/369/1394 5679/368/1422 
f 5678/367/1392 5677/366/1421 5668/357/1382 5667/356/1381 
s 1
f 5693/354/1403 5694/357/1404 5667/356/1381 5666/355/1380 
f 5695/358/1405 5696/361/1425 5671/360/1385 5670/359/1419 
f 5697/362/1407 5698/365/1408 5675/364/1389 5674/363/1388 
f 5699/366/1426 5700/369/1410 5679/368/1422 5678/367/1392 
s 2
f 5693/354/1403 5701/354/1427 5702/357/1428 5694/357/1404 
s 4
f 5695/358/1405 5703/358/1413 5704/361/1414 5696/361/1425 
s 2
f 5697/362/1407 5705/362/1415 5706/365/1416 5698/365/1408 
s 4
f 5699/366/1426 5707/366/1417 5708/369/1418 5700/369/1410 
s 2
f 5696/370/1425 5704/370/1414 5701/354/1427 5693/354/1403 
f 5698/365/1408 5706/365/1416 5703/358/1413 5695/358/1405 
f 5700/369/1410 5708/369/1418 5705/362/1415 5697/362/1407 
f 5694/357/1404 5702/357/1428 5707/366/1417 5699/366/1426 
s 1
f 5701/354/1427 5709/372/1367 5710/371/1367 5702/357/1428 
f 5703/358/1413 5711/373/1367 5709/361/1367 5704/361/1414 
f 5705/362/1415 5712/374/1367 5711/373/1367 5706/365/1416 
f 5707/366/1417 5710/371/1367 5712/374/1367 5708/369/1418 
f 5704/370/1414 5709/372/1367 5701/354/1427 
f 5706/365/1416 5711/373/1367 5703/358/1413 
f 5708/369/1418 5712/374/1367 5705/362/1415 
f 5702/357/1428 5710/371/1367 5707/366/1417 
f 5710/371/1367 5709/361/1367 5711/373/1367 5712/374/1367 
s 8
f 5666/355/1380 5671/375/1385 5696/370/1425 5693/354/1403 
f 5670/359/1419 5675/364/1389 5698/365/1408 5695/358/1405 
f 5674/363/1388 5679/368/1422 5700/369/1410 5697/362/1407 
f 5678/367/1392 5667/356/1381 5694/357/1404 5699/366/1426 
s 1
f 5713/376/1374 5714/377/1374 5715/378/1368 5716/379/1368 
f 5717/380/1368 5718/381/1368 5719/382/1374 5720/383/1374 
s 2
f 5721/384/1370 5722/385/1370 5718/386/1368 5717/387/1368 
s 1
f 5723/388/1372 5724/389/1372 5725/390/1370 5726/391/1370 
s 2
f 5714/377/1374 5713/376/1374 5724/389/1372 5723/388/1372 
f 5720/383/1374 5719/382/1374 5727/392/1372 5728/393/1372 
f 5726/391/1370 5725/390/1370 5716/379/1368 5715/378/1368 
s 1
f 5728/393/1372 5727/392/1372 5722/385/1370 5721/384/1370 
f 5729/394/1368 5730/345/1368 5731/346/1367 5732/395/1367 
s 2
f 5733/396/1369 5734/347/1369 5730/348/1368 5729/397/1368 
s 1
f 5735/398/1370 5736/349/1370 5734/347/1369 5733/396/1369 
s 2
f 5737/399/1371 5738/350/1371 5736/349/1370 5735/398/1370 
s 1
f 5739/400/1372 5740/351/1372 5738/350/1371 5737/399/1371 
s 2
f 5741/401/1373 5742/352/1373 5740/351/1372 5739/400/1372 
s 1
f 5743/402/1374 5744/353/1374 5742/352/1373 5741/401/1373 
s 2
f 5732/395/1367 5731/346/1367 5744/353/1374 5743/402/1374 
s 1
f 5745/394/1368 5746/345/1368 5747/346/1367 5748/395/1367 
s 2
f 5749/396/1369 5750/347/1369 5746/348/1368 5745/397/1368 
s 1
f 5751/398/1370 5752/349/1370 5750/347/1369 5749/396/1369 
s 2
f 5753/399/1371 5754/350/1371 5752/349/1370 5751/398/1370 
s 1
f 5755/400/1372 5756/351/1372 5754/350/1371 5753/399/1371 
s 2
f 5757/401/1375 5758/352/1375 5756/351/1372 5755/400/1372 
s 1
f 5759/402/1376 5760/353/1376 5758/352/1375 5757/401/1375 
s 2
f 5748/395/1367 5747/346/1367 5760/353/1376 5759/402/1376 
s 1
f 5761/394/1368 5762/345/1368 5763/346/1367 5764/395/1367 
s 2
f 5765/396/1369 5766/347/1369 5762/348/1368 5761/397/1368 
s 1
f 5767/398/1370 5768/349/1370 5766/347/1369 5765/396/1369 
s 2
f 5769/399/1371 5770/350/1371 5768/349/1370 5767/398/1370 
s 1
f 5771/400/1372 5772/351/1372 5770/350/1371 5769/399/1371 
s 2
f 5773/401/1373 5774/352/1373 5772/351/1372 5771/400/1372 
s 1
f 5775/402/1374 5776/353/1374 5774/352/1373 5773/401/1373 
s 2
f 5764/395/1367 5763/346/1367 5776/353/1374 5775/402/1374 
s 1
f 5777/403/1429 5778/404/1430 5779/405/1431 5780/406/1432 
f 5781/407/1433 5782/408/1434 5783/409/1435 5784/410/1436 
f 5785/411/1437 5786/412/1438 5787/413/1439 5788/414/1440 
f 5789/415/1441 5790/416/1442 5791/417/1443 5792/418/1444 
f 5793/419/1445 5794/420/1446 5795/421/1447 5796/422/1448 
f 5797/423/1449 5798/424/1450 5799/425/1451 5800/426/1452 
f 5801/427/1453 5802/428/1454 5803/429/1455 5804/430/1456 
f 5805/431/1457 5806/432/1458 5807/433/1459 5808/434/1460 
s 2
f 5778/404/1430 5777/403/1429 5792/418/1444 5791/417/1443 
f 5782/408/1434 5781/407/1433 5780/435/1432 5779/436/1431 
f 5786/412/1438 5785/411/1437 5784/410/1436 5783/409/1435 
f 5790/416/1442 5789/415/1441 5788/414/1440 5787/413/1439 
f 5794/420/1446 5793/419/1445 5808/434/1460 5807/433/1459 
f 5798/424/1450 5797/423/1449 5796/437/1448 5795/438/1447 
f 5802/428/1454 5801/427/1453 5800/426/1452 5799/425/1451 
f 5806/432/1458 5805/431/1457 5804/430/1456 5803/429/1455 
s 4
f 5792/418/1444 5777/403/1429 5809/439/1461 5810/440/1462 
f 5780/435/1432 5781/407/1433 5811/441/1463 5809/435/1461 
f 5784/410/1436 5785/411/1437 5812/442/1464 5811/441/1463 
f 5788/414/1440 5789/415/1441 5810/440/1462 5812/442/1464 
f 5777/403/1429 5780/406/1432 5809/439/1461 
f 5781/407/1433 5784/410/1436 5811/441/1463 
f 5785/411/1437 5788/414/1440 5812/442/1464 
f 5789/415/1441 5792/418/1444 5810/440/1462 
f 5808/434/1460 5793/419/1445 5813/443/1465 5814/444/1466 
f 5796/437/1448 5797/423/1449 5815/445/1467 5813/437/1465 
f 5800/426/1452 5801/427/1453 5816/446/1468 5815/445/1467 
f 5804/430/1456 5805/431/1457 5814/444/1466 5816/446/1468 
f 5793/419/1445 5796/422/1448 5813/443/1465 
f 5797/423/1449 5800/426/1452 5815/445/1467 
f 5801/427/1453 5804/430/1456 5816/446/1468 
f 5805/431/1457 5808/434/1460 5814/444/1466 
f 5779/405/1431 5778/404/1430 5817/447/1469 
f 5783/409/1435 5782/408/1434 5818/448/1470 
f 5787/413/1439 5786/412/1438 5819/449/1471 
f 5791/417/1443 5790/416/1442 5820/450/1472 
f 5778/404/1430 5791/417/1443 5820/450/1472 5817/447/1469 
f 5782/408/1434 5779/436/1431 5817/436/1469 5818/448/1470 
f 5786/412/1438 5783/409/1435 5818/448/1470 5819/449/1471 
f 5790/416/1442 5787/413/1439 5819/449/1471 5820/450/1472 
f 5794/420/1446 5807/433/1459 5821/451/1473 5822/452/1474 
f 5798/424/1450 5795/438/1447 5822/438/1474 5823/453/1475 
f 5802/428/1454 5799/425/1451 5823/453/1475 5824/454/1476 
f 5806/432/1458 5803/429/1455 5824/454/1476 5821/451/1473 
f 5795/421/1447 5794/420/1446 5822/452/1474 
f 5799/425/1451 5798/424/1450 5823/453/1475 
f 5803/429/1455 5802/428/1454 5824/454/1476 
f 5807/433/1459 5806/432/1458 5821/451/1473 
f 5809/439/1461 5811/441/1463 5812/442/1464 5810/440/1462 
f 5813/443/1465 5815/445/1467 5816/446/1468 5814/444/1466 
f 5820/450/1472 5819/449/1471 5818/448/1470 5817/436/1469 
f 5821/451/1473 5824/454/1476 5823/453/1475 5822/438/1474 
s 1
f 5825/403/1429 5826/404/1430 5827/405/1431 5828/406/1432 
f 5829/407/1433 5830/408/1434 5831/409/1435 5832/410/1436 
f 5833/411/1437 5834/412/1438 5835/413/1439 5836/414/1440 
f 5837/415/1441 5838/416/1477 5839/417/1443 5840/418/1444 
s 2
f 5826/404/1430 5825/403/1429 5840/418/1444 5839/417/1443 
f 5830/408/1434 5829/407/1433 5828/435/1432 5827/436/1431 
f 5834/412/1438 5833/411/1437 5832/410/1436 5831/409/1435 
f 5838/416/1477 5837/415/1441 5836/414/1440 5835/413/1439 
s 4
f 5840/418/1444 5825/403/1429 5841/439/1461 5842/440/1462 
f 5828/435/1432 5829/407/1433 5843/441/1463 5841/435/1461 
f 5832/410/1436 5833/411/1437 5844/442/1464 5843/441/1463 
f 5836/414/1440 5837/415/1441 5842/440/1462 5844/442/1464 
f 5825/403/1429 5828/406/1432 5841/439/1461 
f 5829/407/1433 5832/410/1436 5843/441/1463 
f 5833/411/1437 5836/414/1440 5844/442/1464 
f 5837/415/1441 5840/418/1444 5842/440/1462 
f 5827/405/1431 5826/404/1430 5845/447/1469 
f 5831/409/1435 5830/408/1434 5846/448/1470 
f 5835/413/1439 5834/412/1438 5847/449/1471 
f 5839/417/1443 5838/416/1477 5848/450/1478 
f 5826/404/1430 5839/417/1443 5848/450/1478 5845/447/1469 
f 5830/408/1434 5827/436/1431 5845/436/1469 5846/448/1470 
f 5834/412/1438 5831/409/1435 5846/448/1470 5847/449/1471 
f 5838/416/1477 5835/413/1439 5847/449/1471 5848/450/1478 
f 5841/439/1461 5843/441/1463 5844/442/1464 5842/440/1462 
f 5848/450/1478 5847/449/1471 5846/448/1470 5845/436/1469 
s 1
f 5849/455/1479 5850/456/1480 5851/457/1367 5852/458/1481 
s 2
f 5853/459/1482 5849/460/1479 5852/461/1481 5854/462/1483 
s 1
f 5855/463/1484 5853/459/1482 5854/462/1483 5856/464/1485 
s 2
f 5857/465/1486 5855/463/1484 5856/464/1485 5858/466/1371 
s 1
f 5859/467/1487 5857/465/1486 5858/466/1371 5860/468/1488 
s 2
f 5861/469/1489 5859/467/1487 5860/468/1488 5862/470/1490 
s 1
f 5863/471/1491 5861/469/1489 5862/470/1490 5864/472/1492 
s 2
f 5850/456/1480 5863/471/1491 5864/472/1492 5851/457/1367 
s 1
f 5865/473/1493 5866/474/1494 5867/475/1373 
f 5866/476/1494 5868/477/1495 5867/475/1373 
f 5868/477/1495 5869/478/1496 5867/475/1373 
f 5869/478/1496 5870/479/1497 5867/475/1373 
f 5870/479/1497 5871/475/1498 5867/475/1373 
f 5871/475/1498 5872/480/1499 5867/475/1373 
f 5872/480/1499 5873/481/1500 5867/475/1373 
f 5873/481/1500 5865/473/1493 5867/475/1373 
s 4
f 5850/456/1480 5849/455/1479 5874/474/1501 5875/473/1502 
s 8
f 5849/460/1479 5853/459/1482 5876/477/1503 5874/476/1501 
s 4
f 5853/459/1482 5855/463/1484 5877/478/1504 5876/477/1503 
s 8
f 5855/463/1484 5857/465/1486 5878/479/1505 5877/478/1504 
s 4
f 5857/465/1486 5859/467/1487 5879/475/1506 5878/479/1505 
s 8
f 5859/467/1487 5861/469/1489 5880/480/1507 5879/475/1506 
s 4
f 5861/469/1489 5863/471/1491 5881/481/1508 5880/480/1507 
s 8
f 5863/471/1491 5850/456/1480 5875/473/1502 5881/481/1508 
s off
f 5875/473/1502 5874/474/1501 5866/474/1494 5865/473/1493 
f 5874/476/1501 5876/477/1503 5868/477/1495 5866/476/1494 
f 5876/477/1503 5877/478/1504 5869/478/1496 5868/477/1495 
f 5877/478/1504 5878/479/1505 5870/479/1497 5869/478/1496 
f 5878/479/1505 5879/475/1506 5871/475/1498 5870/479/1497 
f 5879/475/1506 5880/480/1507 5872/480/1499 5871/475/1498 
f 5880/480/1507 5881/481/1508 5873/481/1500 5872/480/1499 
f 5881/481/1508 5875/473/1502 5865/473/1493 5873/481/1500 
s 1
f 5882/455/1509 5852/458/1481 5851/457/1367 5883/456/1510 
s 2
f 5884/459/1511 5854/462/1483 5852/461/1481 5882/460/1509 
s 1
f 5885/463/1512 5856/464/1485 5854/462/1483 5884/459/1511 
s 2
f 5886/465/1513 5858/466/1371 5856/464/1485 5885/463/1512 
s 1
f 5887/467/1514 5860/468/1488 5858/466/1371 5886/465/1513 
s 2
f 5888/469/1515 5862/470/1490 5860/468/1488 5887/467/1514 
s 1
f 5889/471/1516 5864/472/1492 5862/470/1490 5888/469/1515 
s 2
f 5883/456/1510 5851/457/1367 5864/472/1492 5889/471/1516 
s 1
f 5890/473/1517 5891/475/1369 5892/474/1518 
f 5892/476/1518 5891/475/1369 5893/477/1519 
f 5893/477/1519 5891/475/1369 5894/478/1520 
f 5894/478/1520 5891/475/1369 5895/479/1521 
f 5895/479/1521 5891/475/1369 5896/475/1522 
f 5896/475/1522 5891/475/1369 5897/480/1523 
f 5897/480/1523 5891/475/1369 5898/481/1524 
f 5898/481/1524 5891/475/1369 5890/473/1517 
s 4
f 5883/456/1510 5899/473/1525 5900/474/1526 5882/455/1509 
s 8
f 5882/460/1509 5900/476/1526 5901/477/1527 5884/459/1511 
s 4
f 5884/459/1511 5901/477/1527 5902/478/1528 5885/463/1512 
s 8
f 5885/463/1512 5902/478/1528 5903/479/1529 5886/465/1513 
s 4
f 5886/465/1513 5903/479/1529 5904/475/1530 5887/467/1514 
s 8
f 5887/467/1514 5904/475/1530 5905/480/1531 5888/469/1515 
s 4
f 5888/469/1515 5905/480/1531 5906/481/1532 5889/471/1516 
s 8
f 5889/471/1516 5906/481/1532 5899/473/1525 5883/456/1510 
s off
f 5899/473/1525 5890/473/1517 5892/474/1518 5900/474/1526 
f 5900/476/1526 5892/476/1518 5893/477/1519 5901/477/1527 
f 5901/477/1527 5893/477/1519 5894/478/1520 5902/478/1528 
f 5902/478/1528 5894/478/1520 5895/479/1521 5903/479/1529 
f 5903/479/1529 5895/479/1521 5896/475/1522 5904/475/1530 
f 5904/475/1530 5896/475/1522 5897/480/1523 5905/480/1531 
f 5905/480/1531 5897/480/1523 5898/481/1524 5906/481/1532 
f 5906/481/1532 5898/481/1524 5890/473/1517 5899/473/1525 
s 1
f 5907/482/1533 5908/483/1534 5909/484/1368 5910/485/1367 
s 2
f 5908/486/1534 5911/487/1535 5912/488/1369 5909/489/1368 
s 1
f 5911/487/1535 5913/490/1536 5914/491/1370 5912/488/1369 
s 2
f 5913/490/1536 5915/492/1537 5916/493/1371 5914/491/1370 
s 1
f 5915/492/1537 5917/494/1538 5918/495/1372 5916/493/1371 
s 2
f 5917/494/1538 5919/496/1539 5920/497/1373 5918/495/1372 
s 1
f 5919/496/1539 5921/498/1540 5922/499/1376 5920/497/1373 
s 2
f 5921/498/1540 5907/482/1533 5910/485/1367 5922/499/1376 
s 1
f 5923/455/1541 5924/456/1542 5925/457/1367 5926/458/1368 
s 2
f 5927/459/1543 5923/460/1541 5926/461/1368 5928/462/1369 
s 1
f 5929/463/1544 5927/459/1543 5928/462/1369 5930/464/1370 
s 2
f 5931/465/1545 5929/463/1544 5930/464/1370 5932/466/1371 
s 1
f 5933/467/1546 5931/465/1545 5932/466/1371 5934/468/1372 
s 2
f 5935/469/1547 5933/467/1546 5934/468/1372 5936/470/1373 
s 1
f 5937/471/1548 5935/469/1547 5936/470/1373 5938/472/1376 
s 2
f 5924/456/1542 5937/471/1548 5938/472/1376 5925/457/1367 
s 1
f 5939/500/1533 5940/501/1534 5941/502/1368 5942/503/1367 
s 2
f 5940/504/1534 5943/505/1535 5944/506/1369 5941/507/1368 
s 1
f 5943/505/1535 5945/508/1536 5946/509/1370 5944/506/1369 
s 2
f 5945/508/1536 5947/510/1537 5948/511/1371 5946/509/1370 
s 1
f 5947/510/1537 5949/512/1538 5950/513/1372 5948/511/1371 
s 2
f 5949/512/1538 5951/514/1539 5952/515/1373 5950/513/1372 
s 1
f 5951/514/1539 5953/516/1540 5954/517/1376 5952/515/1373 
s 2
f 5953/516/1540 5939/500/1533 5942/503/1367 5954/517/1376 
s 1
f 5955/518/1549 5956/519/1550 5910/485/1367 5909/484/1368 
s 2
f 5957/520/1551 5955/521/1549 5909/489/1368 5912/488/1369 
s 1
f 5958/522/1544 5957/520/1551 5912/488/1369 5914/491/1370 
s 2
f 5959/523/1552 5958/522/1544 5914/491/1370 5916/493/1371 
s 1
f 5960/524/1546 5959/523/1552 5916/493/1371 5918/495/1372 
s 2
f 5961/525/1547 5960/524/1546 5918/495/1372 5920/497/1373 
s 1
f 5962/526/1548 5961/525/1547 5920/497/1373 5922/499/1376 
s 2
f 5956/519/1550 5962/526/1548 5922/499/1376 5910/485/1367 
s 1
f 5963/527/1541 5964/528/1542 5942/503/1367 5941/502/1368 
s 2
f 5965/529/1543 5963/530/1541 5941/507/1368 5944/506/1369 
s 1
f 5966/531/1544 5965/529/1543 5944/506/1369 5946/509/1370 
s 2
f 5967/532/1545 5966/531/1544 5946/509/1370 5948/511/1371 
s 1
f 5968/533/1546 5967/532/1545 5948/511/1371 5950/513/1372 
s 2
f 5969/534/1547 5968/533/1546 5950/513/1372 5952/515/1373 
s 1
f 5970/535/1548 5969/534/1547 5952/515/1373 5954/517/1376 
s 2
f 5964/528/1542 5970/535/1548 5954/517/1376 5942/503/1367 
s 1
f 5971/536/1553 5972/537/1534 5926/458/1368 5925/457/1367 
s 2
f 5972/538/1534 5973/539/1535 5928/462/1369 5926/461/1368 
s 1
f 5973/539/1535 5974/540/1536 5930/464/1370 5928/462/1369 
s 2
f 5974/540/1536 5975/541/1537 5932/466/1371 5930/464/1370 
s 1
f 5975/541/1537 5976/542/1538 5934/468/1372 5932/466/1371 
s 2
f 5976/542/1538 5977/543/1539 5936/470/1373 5934/468/1372 
s 1
f 5977/543/1539 5978/544/1540 5938/472/1376 5936/470/1373 
s 2
f 5978/544/1540 5971/536/1553 5925/457/1367 5938/472/1376 
s 1
f 5979/545/1554 5980/546/1555 5981/547/1490 
f 5982/548/1556 5979/549/1554 5981/547/1490 
f 5983/550/1557 5982/548/1556 5981/547/1490 
f 5984/551/1558 5983/550/1557 5981/547/1490 
f 5985/547/1559 5984/551/1558 5981/547/1490 
f 5986/552/1560 5985/547/1559 5981/547/1490 
f 5987/553/1561 5986/552/1560 5981/547/1490 
f 5980/546/1555 5987/553/1561 5981/547/1490 
f 5988/473/1562 5989/474/1563 5990/475/1564 
f 5989/476/1563 5991/477/1565 5990/475/1564 
f 5991/477/1565 5992/478/1566 5990/475/1564 
f 5992/478/1566 5993/479/1567 5990/475/1564 
f 5993/479/1567 5994/475/1568 5990/475/1564 
f 5994/475/1568 5995/480/1569 5990/475/1564 
f 5995/480/1569 5996/481/1570 5990/475/1564 
f 5996/481/1570 5988/473/1562 5990/475/1564 
f 5997/554/1554 5998/555/1555 5999/556/1571 
f 6000/557/1556 5997/558/1554 5999/556/1571 
f 6001/559/1557 6000/557/1556 5999/556/1571 
f 6002/560/1558 6001/559/1557 5999/556/1571 
f 6003/556/1572 6002/560/1558 5999/556/1571 
f 6004/561/1560 6003/556/1572 5999/556/1571 
f 6005/562/1561 6004/561/1560 5999/556/1571 
f 5998/555/1555 6005/562/1561 5999/556/1571 
f 6006/563/1562 6007/564/1563 6008/565/1564 
f 6007/566/1563 6009/567/1565 6008/565/1564 
f 6009/567/1565 6010/568/1566 6008/565/1564 
f 6010/568/1566 6011/569/1567 6008/565/1564 
f 6011/569/1567 6012/565/1568 6008/565/1564 
f 6012/565/1568 6013/570/1569 6008/565/1564 
f 6013/570/1569 6014/571/1570 6008/565/1564 
f 6014/571/1570 6006/563/1562 6008/565/1564 
f 6015/572/1562 6016/573/1563 6017/574/1483 
f 6016/575/1563 6018/576/1565 6017/574/1483 
f 6018/576/1565 6019/577/1566 6017/574/1483 
f 6019/577/1566 6020/578/1567 6017/574/1483 
f 6020/578/1567 6021/574/1573 6017/574/1483 
f 6021/574/1573 6022/579/1569 6017/574/1483 
f 6022/579/1569 6023/580/1570 6017/574/1483 
f 6023/580/1570 6015/572/1562 6017/574/1483 
f 6024/581/1554 6025/582/1555 6026/583/1490 
f 6027/584/1556 6024/585/1554 6026/583/1490 
f 6028/586/1557 6027/584/1556 6026/583/1490 
f 6029/587/1558 6028/586/1557 6026/583/1490 
f 6030/583/1572 6029/587/1558 6026/583/1490 
f 6031/588/1560 6030/583/1572 6026/583/1490 
f 6032/589/1561 6031/588/1560 6026/583/1490 
f 6025/582/1555 6032/589/1561 6026/583/1490 
s 4
f 5908/483/1534 5907/482/1533 5980/546/1555 5979/545/1554 
s 8
f 5911/487/1535 5908/486/1534 5979/549/1554 5982/548/1556 
s 4
f 5913/490/1536 5911/487/1535 5982/548/1556 5983/550/1557 
s 8
f 5915/492/1537 5913/490/1536 5983/550/1557 5984/551/1558 
s 4
f 5917/494/1538 5915/492/1537 5984/551/1558 5985/547/1559 
s 8
f 5919/496/1539 5917/494/1538 5985/547/1559 5986/552/1560 
s 4
f 5921/498/1540 5919/496/1539 5986/552/1560 5987/553/1561 
s 8
f 5907/482/1533 5921/498/1540 5987/553/1561 5980/546/1555 
s 4
f 5924/456/1542 5923/455/1541 5989/474/1563 5988/473/1562 
s 8
f 5923/460/1541 5927/459/1543 5991/477/1565 5989/476/1563 
s 4
f 5927/459/1543 5929/463/1544 5992/478/1566 5991/477/1565 
s 8
f 5929/463/1544 5931/465/1545 5993/479/1567 5992/478/1566 
s 4
f 5931/465/1545 5933/467/1546 5994/475/1568 5993/479/1567 
s 8
f 5933/467/1546 5935/469/1547 5995/480/1569 5994/475/1568 
s 4
f 5935/469/1547 5937/471/1548 5996/481/1570 5995/480/1569 
s 8
f 5937/471/1548 5924/456/1542 5988/473/1562 5996/481/1570 
s 4
f 5940/501/1534 5939/500/1533 5998/555/1555 5997/554/1554 
s 8
f 5943/505/1535 5940/504/1534 5997/558/1554 6000/557/1556 
s 4
f 5945/508/1536 5943/505/1535 6000/557/1556 6001/559/1557 
s 8
f 5947/510/1537 5945/508/1536 6001/559/1557 6002/560/1558 
s 4
f 5949/512/1538 5947/510/1537 6002/560/1558 6003/556/1572 
s 8
f 5951/514/1539 5949/512/1538 6003/556/1572 6004/561/1560 
s 4
f 5953/516/1540 5951/514/1539 6004/561/1560 6005/562/1561 
s 8
f 5939/500/1533 5953/516/1540 6005/562/1561 5998/555/1555 
s 4
f 5956/519/1550 5955/518/1549 6007/564/1563 6006/563/1562 
s 8
f 5955/521/1549 5957/520/1551 6009/567/1565 6007/566/1563 
s 4
f 5957/520/1551 5958/522/1544 6010/568/1566 6009/567/1565 
s 8
f 5958/522/1544 5959/523/1552 6011/569/1567 6010/568/1566 
s 4
f 5959/523/1552 5960/524/1546 6012/565/1568 6011/569/1567 
s 8
f 5960/524/1546 5961/525/1547 6013/570/1569 6012/565/1568 
s 4
f 5961/525/1547 5962/526/1548 6014/571/1570 6013/570/1569 
s 8
f 5962/526/1548 5956/519/1550 6006/563/1562 6014/571/1570 
s 4
f 5964/528/1542 5963/527/1541 6016/573/1563 6015/572/1562 
s 8
f 5963/530/1541 5965/529/1543 6018/576/1565 6016/575/1563 
s 4
f 5965/529/1543 5966/531/1544 6019/577/1566 6018/576/1565 
s 8
f 5966/531/1544 5967/532/1545 6020/578/1567 6019/577/1566 
s 4
f 5967/532/1545 5968/533/1546 6021/574/1573 6020/578/1567 
s 8
f 5968/533/1546 5969/534/1547 6022/579/1569 6021/574/1573 
s 4
f 5969/534/1547 5970/535/1548 6023/580/1570 6022/579/1569 
s 8
f 5970/535/1548 5964/528/1542 6015/572/1562 6023/580/1570 
s 4
f 5972/537/1534 5971/536/1553 6025/582/1555 6024/581/1554 
s 8
f 5973/539/1535 5972/538/1534 6024/585/1554 6027/584/1556 
s 4
f 5974/540/1536 5973/539/1535 6027/584/1556 6028/586/1557 
s 8
f 5975/541/1537 5974/540/1536 6028/586/1557 6029/587/1558 
s 4
f 5976/542/1538 5975/541/1537 6029/587/1558 6030/583/1572 
s 8
f 5977/543/1539 5976/542/1538 6030/583/1572 6031/588/1560 
s 4
f 5978/544/1540 5977/543/1539 6031/588/1560 6032/589/1561 
s 8
f 5971/536/1553 5978/544/1540 6032/589/1561 6025/582/1555 
# 354 polygons - 104 triangles

#
# object JailDoor_Module003
#

v  0.9029 14.8875 4.9263
v  0.9157 14.8875 4.9019
v  0.9157 16.0923 4.9019
v  0.9029 16.0923 4.9263
v  0.9075 14.8875 4.8756
v  0.9075 16.0923 4.8756
v  0.8831 14.8875 4.8628
v  0.8831 16.0923 4.8628
v  0.8568 14.8875 4.8710
v  0.8568 16.0923 4.8710
v  0.8440 14.8875 4.8954
v  0.8440 16.0923 4.8954
v  0.8522 14.8875 4.9217
v  0.8522 16.0923 4.9217
v  0.8766 14.8875 4.9345
v  0.8766 16.0923 4.9345
v  0.7107 14.8875 4.6960
v  0.7235 14.8875 4.6716
v  0.7235 16.0923 4.6716
v  0.7107 16.0923 4.6960
v  0.7153 14.8875 4.6453
v  0.7153 16.0923 4.6453
v  0.6908 14.8875 4.6325
v  0.6908 16.0923 4.6325
v  0.6645 14.8875 4.6407
v  0.6645 16.0923 4.6407
v  0.6517 14.8875 4.6651
v  0.6517 16.0923 4.6651
v  0.6599 14.8875 4.6914
v  0.6599 16.0923 4.6914
v  0.6844 14.8875 4.7042
v  0.6844 16.0923 4.7042
v  0.5185 14.8875 4.4657
v  0.5312 14.8875 4.4413
v  0.5312 16.0923 4.4413
v  0.5185 16.0923 4.4657
v  0.5230 14.8875 4.4149
v  0.5230 16.0923 4.4149
v  0.4986 14.8875 4.4021
v  0.4986 16.0923 4.4021
v  0.4723 14.8875 4.4104
v  0.4723 16.0923 4.4104
v  0.4595 14.8875 4.4348
v  0.4595 16.0923 4.4348
v  0.4677 14.8875 4.4611
v  0.4677 16.0923 4.4611
v  0.4921 14.8875 4.4739
v  0.4921 16.0923 4.4739
v  0.3262 14.8875 4.2354
v  0.3390 14.8875 4.2110
v  0.3390 17.6798 4.2110
v  0.3262 17.6798 4.2354
v  0.3308 14.8875 4.1846
v  0.3308 17.6798 4.1846
v  0.3064 14.8875 4.1718
v  0.3064 17.6798 4.1718
v  0.2800 14.8875 4.1801
v  0.2800 17.6798 4.1801
v  0.2672 14.8875 4.2045
v  0.2672 17.6798 4.2045
v  0.2755 14.8875 4.2308
v  0.2755 17.6798 4.2308
v  0.2999 14.8875 4.2436
v  0.2999 17.6798 4.2436
v  1.0930 14.8875 5.1540
v  1.1058 14.8875 5.1296
v  1.1058 17.6798 5.1296
v  1.0930 17.6798 5.1540
v  1.0976 14.8875 5.1033
v  1.0976 17.6798 5.1033
v  1.0732 14.8875 5.0905
v  1.0732 17.6798 5.0905
v  1.0468 14.8875 5.0987
v  1.0468 17.6798 5.0987
v  1.0340 14.8875 5.1231
v  1.0340 17.6798 5.1231
v  1.0423 14.8875 5.1494
v  1.0423 17.6798 5.1494
v  1.0667 14.8875 5.1622
v  1.0667 17.6798 5.1622
v  0.2142 17.6605 4.0330
v  0.7209 17.6605 4.6400
v  0.6558 17.6605 4.6944
v  0.1490 17.6605 4.0873
v  0.2262 17.7456 4.0229
v  0.7329 17.7456 4.6300
v  0.7329 17.6721 4.6300
v  0.2262 17.6721 4.0229
v  0.1490 17.7573 4.0873
v  0.6558 17.7573 4.6944
v  0.7209 17.7573 4.6400
v  0.2142 17.7573 4.0330
v  0.1370 17.6721 4.0973
v  0.6438 17.6721 4.7044
v  0.6438 17.7456 4.7044
v  0.1370 17.7456 4.0973
v  0.1497 17.6693 4.0761
v  0.2030 17.6693 4.0317
v  0.2128 17.6788 4.0235
v  0.2128 17.7389 4.0235
v  0.2030 17.7485 4.0317
v  0.1497 17.7485 4.0761
v  0.1399 17.7389 4.0843
v  0.1399 17.6788 4.0843
v  0.1495 17.6792 4.0763
v  0.2032 17.6792 4.0315
v  0.2032 17.7385 4.0315
v  0.1495 17.7385 4.0763
v  1.2277 17.6605 5.2471
v  1.1625 17.6605 5.3015
v  1.2397 17.7456 5.2371
v  1.2397 17.6721 5.2371
v  1.1625 17.7573 5.3015
v  1.2277 17.7573 5.2471
v  1.1505 17.6721 5.3115
v  1.1505 17.7456 5.3115
v  1.2269 17.6693 5.2583
v  1.1737 17.6693 5.3028
v  1.2368 17.7389 5.2501
v  1.2368 17.6788 5.2501
v  1.1737 17.7485 5.3028
v  1.2269 17.7485 5.2583
v  1.1639 17.6788 5.3110
v  1.1639 17.7389 5.3110
v  1.2272 17.6792 5.2581
v  1.1735 17.6792 5.3030
v  1.2272 17.7385 5.2581
v  1.1735 17.7385 5.3030
v  0.2142 14.8800 4.0330
v  0.7209 14.8800 4.6400
v  0.6558 14.8800 4.6944
v  0.1490 14.8800 4.0873
v  0.2262 14.9652 4.0229
v  0.7329 14.9652 4.6300
v  0.7329 14.8917 4.6300
v  0.2262 14.8917 4.0229
v  0.1490 14.9768 4.0873
v  0.6558 14.9768 4.6944
v  0.7209 14.9768 4.6400
v  0.2142 14.9768 4.0330
v  0.1370 14.8917 4.0973
v  0.6438 14.8917 4.7044
v  0.6438 14.9652 4.7044
v  0.1370 14.9652 4.0973
v  0.1497 14.8888 4.0761
v  0.2030 14.8888 4.0317
v  0.2128 14.8984 4.0235
v  0.2128 14.9585 4.0235
v  0.2030 14.9680 4.0317
v  0.1497 14.9680 4.0761
v  0.1399 14.9585 4.0843
v  0.1399 14.8984 4.0843
v  0.1495 14.8988 4.0763
v  0.2032 14.8988 4.0315
v  0.2032 14.9581 4.0315
v  0.1495 14.9581 4.0763
v  1.2277 14.8800 5.2471
v  1.1625 14.8800 5.3015
v  1.2397 14.9652 5.2371
v  1.2397 14.8917 5.2371
v  1.1625 14.9768 5.3015
v  1.2277 14.9768 5.2471
v  1.1505 14.8917 5.3115
v  1.1505 14.9652 5.3115
v  1.2269 14.8888 5.2583
v  1.1737 14.8888 5.3028
v  1.2368 14.9585 5.2501
v  1.2368 14.8984 5.2501
v  1.1737 14.9680 5.3028
v  1.2269 14.9680 5.2583
v  1.1639 14.8984 5.3110
v  1.1639 14.9585 5.3110
v  1.2272 14.8988 5.2581
v  1.1735 14.8988 5.3030
v  1.2272 14.9581 5.2581
v  1.1735 14.9581 5.3030
v  1.1669 17.7199 5.2919
v  1.1669 14.9431 5.2919
v  1.2155 14.9431 5.2514
v  1.2155 17.7199 5.2514
v  0.2478 14.9431 4.0921
v  0.2478 17.7199 4.0921
v  0.1992 17.7199 4.1326
v  0.1992 14.9431 4.1326
v  0.2009 14.9431 4.0359
v  0.2009 17.7199 4.0359
v  1.1200 14.9431 5.2358
v  1.1200 17.7199 5.2358
v  1.1686 17.7199 5.1952
v  1.1686 14.9431 5.1952
v  0.1523 17.7199 4.0765
v  0.1523 14.9431 4.0765
v  0.9157 16.3860 4.9019
v  0.9157 17.6798 4.9019
v  0.9029 17.6798 4.9263
v  0.9029 16.3860 4.9263
v  0.9075 16.3860 4.8756
v  0.9075 17.6798 4.8756
v  0.8831 16.3860 4.8628
v  0.8831 17.6798 4.8628
v  0.8568 16.3860 4.8710
v  0.8568 17.6798 4.8710
v  0.8440 16.3860 4.8954
v  0.8440 17.6798 4.8954
v  0.8522 16.3860 4.9217
v  0.8522 17.6798 4.9217
v  0.8766 16.3860 4.9345
v  0.8766 17.6798 4.9345
v  0.7235 16.3860 4.6716
v  0.7235 17.6798 4.6716
v  0.7107 17.6798 4.6960
v  0.7107 16.3860 4.6960
v  0.7153 16.3860 4.6453
v  0.7153 17.6798 4.6453
v  0.6908 16.3860 4.6325
v  0.6908 17.6798 4.6325
v  0.6645 16.3860 4.6407
v  0.6645 17.6798 4.6407
v  0.6517 16.3860 4.6651
v  0.6517 17.6798 4.6651
v  0.6599 16.3860 4.6914
v  0.6599 17.6798 4.6914
v  0.6844 16.3860 4.7042
v  0.6844 17.6798 4.7042
v  0.5312 16.3860 4.4413
v  0.5312 17.6798 4.4413
v  0.5185 17.6798 4.4657
v  0.5185 16.3860 4.4657
v  0.5230 16.3860 4.4149
v  0.5230 17.6798 4.4149
v  0.4986 16.3860 4.4021
v  0.4986 17.6798 4.4021
v  0.4723 16.3860 4.4104
v  0.4723 17.6798 4.4104
v  0.4595 16.3860 4.4348
v  0.4595 17.6798 4.4348
v  0.4677 16.3860 4.4611
v  0.4677 17.6798 4.4611
v  0.4921 16.3860 4.4739
v  0.4921 17.6798 4.4739
v  1.2038 16.3219 5.2186
v  0.2332 16.3219 4.0558
v  0.2452 16.3335 4.0458
v  1.2158 16.3335 5.2086
v  1.2158 16.3865 5.2086
v  0.2452 16.3865 4.0458
v  0.2332 16.3982 4.0558
v  1.2038 16.3982 5.2186
v  1.1387 16.3982 5.2730
v  0.1681 16.3982 4.1102
v  0.1561 16.3865 4.1202
v  1.1267 16.3865 5.2830
v  1.1267 16.3335 5.2830
v  0.1561 16.3335 4.1202
v  0.1681 16.3219 4.1102
v  1.1387 16.3219 5.2730
v  1.2022 16.0465 5.2166
v  0.2324 16.0465 4.0548
v  0.2444 16.0582 4.0448
v  1.2141 16.0582 5.2066
v  1.2141 16.1112 5.2066
v  0.2444 16.1112 4.0448
v  0.2324 16.1228 4.0548
v  1.2022 16.1228 5.2166
v  1.1370 16.1228 5.2709
v  0.1672 16.1228 4.1091
v  0.1553 16.1112 4.1192
v  1.1250 16.1112 5.2809
v  1.1250 16.0582 5.2809
v  0.1553 16.0582 4.1192
v  0.1672 16.0465 4.1091
v  1.1370 16.0465 5.2709
v  1.2044 16.3404 5.2379
v  1.1576 16.3404 5.2770
v  1.2044 16.3796 5.2379
v  1.1576 16.3796 5.2770
v  1.2027 16.0651 5.2359
v  1.1559 16.0651 5.2749
v  1.2027 16.1043 5.2359
v  1.1559 16.1043 5.2749
v  0.2143 16.3404 4.0518
v  0.2143 16.3796 4.0518
v  0.1675 16.3796 4.0908
v  0.1675 16.3404 4.0908
v  0.1667 16.0651 4.0898
v  0.2135 16.0651 4.0507
v  0.2135 16.1043 4.0507
v  0.1667 16.1043 4.0898
v  1.2038 16.3897 5.2186
v  0.8898 16.3897 4.8424
v  0.9018 16.4013 4.8324
v  1.2158 16.4013 5.2086
v  1.2158 16.6290 5.2086
v  0.9018 16.6290 4.8324
v  0.8898 16.6407 4.8424
v  1.2038 16.6407 5.2186
v  1.1387 16.6407 5.2730
v  0.8247 16.6407 4.8967
v  0.8127 16.6290 4.9067
v  1.1267 16.6290 5.2830
v  1.1267 16.4013 5.2830
v  0.8127 16.4013 4.9067
v  0.8247 16.3897 4.8967
v  1.1387 16.3897 5.2730
v  1.2044 16.4082 5.2379
v  1.1576 16.4082 5.2770
v  1.2044 16.6222 5.2379
v  1.1576 16.6222 5.2770
v  0.8709 16.4082 4.8384
v  0.8709 16.6222 4.8384
v  0.8241 16.6222 4.8774
v  0.8241 16.4082 4.8774
v  1.0443 16.5635 5.2140
v  1.0567 16.5170 5.2288
v  1.1162 16.5170 5.1791
v  1.1039 16.5635 5.1643
v  1.0145 16.5828 5.1782
v  1.0740 16.5828 5.1285
v  0.9846 16.5635 5.1425
v  1.0442 16.5635 5.0928
v  0.9723 16.5170 5.1277
v  1.0318 16.5170 5.0780
v  0.9846 16.4704 5.1425
v  1.0442 16.4704 5.0928
v  1.0145 16.4511 5.1782
v  1.0740 16.4511 5.1285
v  1.0443 16.4704 5.2140
v  1.1039 16.4704 5.1643
v  1.0403 16.5170 5.2007
v  1.0340 16.5409 5.1931
v  1.0187 16.5170 5.1747
v  1.0187 16.5508 5.1747
v  1.0033 16.5409 5.1564
v  0.9970 16.5170 5.1488
v  1.0033 16.4931 5.1564
v  1.0187 16.4832 5.1747
v  1.0340 16.4931 5.1931
v  1.0303 16.5442 5.2005
v  1.0376 16.5170 5.2092
v  1.0128 16.5555 5.1796
v  0.9954 16.5442 5.1587
v  0.9881 16.5170 5.1500
v  0.9954 16.4897 5.1587
v  1.0128 16.4784 5.1796
v  1.0303 16.4897 5.2005
v  1.1634 16.5635 5.1146
v  1.1758 16.5170 5.1294
v  1.1336 16.5828 5.0788
v  1.1037 16.5635 5.0431
v  1.0914 16.5170 5.0283
v  1.1037 16.4704 5.0431
v  1.1336 16.4511 5.0788
v  1.1634 16.4704 5.1146
v  1.1511 16.5170 5.1083
v  1.1294 16.5170 5.0823
v  1.1447 16.5409 5.1007
v  1.1294 16.5508 5.0823
v  1.1141 16.5409 5.0640
v  1.1077 16.5170 5.0564
v  1.1141 16.4931 5.0640
v  1.1294 16.4832 5.0823
v  1.1447 16.4931 5.1007
v  1.1599 16.5170 5.1071
v  1.1527 16.5442 5.0984
v  1.1352 16.5555 5.0775
v  1.1177 16.5442 5.0565
v  1.1105 16.5170 5.0479
v  1.1177 16.4897 5.0565
v  1.1352 16.4784 5.0775
v  1.1527 16.4897 5.0984
v  0.1487 15.1248 4.0873
v  0.1631 15.1248 4.0598
v  0.1631 15.3081 4.0598
v  0.1487 15.3081 4.0873
v  0.1538 15.1248 4.0301
v  0.1538 15.3081 4.0301
v  0.1263 15.1248 4.0156
v  0.1263 15.3081 4.0156
v  0.0966 15.1248 4.0249
v  0.0966 15.3081 4.0249
v  0.0821 15.1248 4.0525
v  0.0821 15.3081 4.0525
v  0.0914 15.1248 4.0822
v  0.0914 15.3081 4.0822
v  0.1190 15.1248 4.0966
v  0.1190 15.3081 4.0966
v  0.1631 16.5273 4.0598
v  0.1487 16.5273 4.0873
v  0.1487 16.3439 4.0873
v  0.1631 16.3439 4.0598
v  0.1538 16.5273 4.0301
v  0.1538 16.3439 4.0301
v  0.1263 16.5273 4.0156
v  0.1263 16.3439 4.0156
v  0.0966 16.5273 4.0249
v  0.0966 16.3439 4.0249
v  0.0821 16.5273 4.0525
v  0.0821 16.3439 4.0525
v  0.0914 16.5273 4.0822
v  0.0914 16.3439 4.0822
v  0.1190 16.5273 4.0966
v  0.1190 16.3439 4.0966
v  0.1487 17.1963 4.0873
v  0.1631 17.1963 4.0598
v  0.1631 17.3797 4.0598
v  0.1487 17.3797 4.0873
v  0.1538 17.1963 4.0301
v  0.1538 17.3797 4.0301
v  0.1263 17.1963 4.0156
v  0.1263 17.3797 4.0156
v  0.0966 17.1963 4.0249
v  0.0966 17.3797 4.0249
v  0.0821 17.1963 4.0525
v  0.0821 17.3797 4.0525
v  0.0914 17.1963 4.0822
v  0.0914 17.3797 4.0822
v  0.1190 17.1963 4.0966
v  0.1190 17.3797 4.0966
v  0.1631 15.4915 4.0598
v  0.1487 15.4915 4.0873
v  0.1538 15.4915 4.0301
v  0.1263 15.4915 4.0156
v  0.0966 15.4915 4.0249
v  0.0821 15.4915 4.0525
v  0.0914 15.4915 4.0822
v  0.1190 15.4915 4.0966
v  0.1631 17.5631 4.0598
v  0.1487 17.5631 4.0873
v  0.1538 17.5631 4.0301
v  0.1263 17.5631 4.0156
v  0.0966 17.5631 4.0249
v  0.0821 17.5631 4.0525
v  0.0914 17.5631 4.0822
v  0.1190 17.5631 4.0966
v  0.1487 16.1606 4.0873
v  0.1631 16.1606 4.0598
v  0.1538 16.1606 4.0301
v  0.1263 16.1606 4.0156
v  0.0966 16.1606 4.0249
v  0.0821 16.1606 4.0525
v  0.0914 16.1606 4.0822
v  0.1190 16.1606 4.0966
v  0.1539 15.1162 4.0589
v  0.1427 15.1162 4.0802
v  0.1226 15.1162 4.0561
v  0.1467 15.1162 4.0360
v  0.1254 15.1162 4.0249
v  0.1025 15.1162 4.0320
v  0.0914 15.1162 4.0533
v  0.0985 15.1162 4.0762
v  0.1198 15.1162 4.0874
v  0.1427 16.5359 4.0802
v  0.1539 16.5359 4.0589
v  0.1226 16.5359 4.0561
v  0.1467 16.5359 4.0360
v  0.1254 16.5359 4.0249
v  0.1025 16.5359 4.0320
v  0.0914 16.5359 4.0533
v  0.0985 16.5359 4.0762
v  0.1198 16.5359 4.0874
v  0.1539 17.1878 4.0589
v  0.1427 17.1878 4.0802
v  0.1226 17.1878 4.0561
v  0.1467 17.1878 4.0360
v  0.1254 17.1878 4.0249
v  0.1025 17.1878 4.0320
v  0.0914 17.1878 4.0533
v  0.0985 17.1878 4.0762
v  0.1198 17.1878 4.0874
v  0.1427 15.5001 4.0802
v  0.1539 15.5001 4.0589
v  0.1226 15.5001 4.0561
v  0.1467 15.5001 4.0360
v  0.1254 15.5001 4.0249
v  0.1025 15.5001 4.0320
v  0.0914 15.5001 4.0533
v  0.0985 15.5001 4.0762
v  0.1198 15.5001 4.0874
v  0.1427 17.5716 4.0802
v  0.1539 17.5716 4.0589
v  0.1226 17.5716 4.0561
v  0.1467 17.5716 4.0360
v  0.1254 17.5716 4.0249
v  0.1025 17.5716 4.0320
v  0.0914 17.5716 4.0533
v  0.0985 17.5716 4.0762
v  0.1198 17.5716 4.0874
v  0.1539 16.1520 4.0589
v  0.1427 16.1520 4.0802
v  0.1226 16.1520 4.0561
v  0.1467 16.1520 4.0360
v  0.1254 16.1520 4.0249
v  0.1025 16.1520 4.0320
v  0.0914 16.1520 4.0533
v  0.0985 16.1520 4.0762
v  0.1198 16.1520 4.0874
# 496 vertices

vn 0.6408 0.0000 0.7677
vn 0.9960 0.0000 0.0897
vn 0.7677 0.0000 -0.6408
vn 0.0897 0.0000 -0.9960
vn -0.6408 0.0000 -0.7677
vn -0.9960 0.0000 -0.0897
vn -0.7677 0.0000 0.6408
vn -0.0897 0.0000 0.9960
vn 0.9960 0.0000 0.0898
vn -0.9960 0.0000 -0.0898
vn -0.0360 -0.8568 -0.5144
vn 0.2422 -0.9489 -0.2022
vn -0.2422 -0.9489 0.2022
vn -0.4997 -0.8568 -0.1274
vn 0.3454 0.4094 -0.8444
vn 0.6864 0.4480 -0.5729
vn 0.6864 -0.4479 -0.5730
vn 0.3454 -0.4095 -0.8444
vn -0.4997 0.8568 -0.1274
vn -0.2422 0.9489 0.2022
vn 0.2422 0.9489 -0.2022
vn -0.0360 0.8568 -0.5144
vn -0.8925 -0.4095 0.1890
vn -0.6864 -0.4479 0.5730
vn -0.6864 0.4480 0.5729
vn -0.8926 0.4094 0.1889
vn -0.6607 -0.3727 -0.6516
vn -0.5230 -0.3727 -0.7665
vn -0.3464 -0.1492 -0.9261
vn -0.3464 0.1492 -0.9261
vn -0.5230 0.3727 -0.7665
vn -0.6607 0.3727 -0.6516
vn -0.8493 0.1492 -0.5064
vn -0.8493 -0.1492 -0.5064
vn 0.4997 -0.8568 0.1274
vn 0.0360 -0.8568 0.5144
vn 0.8926 0.4094 -0.1889
vn 0.8925 -0.4095 -0.1890
vn 0.0360 0.8568 0.5144
vn 0.4997 0.8568 0.1274
vn -0.3454 -0.4095 0.8444
vn -0.3454 0.4094 0.8444
vn 0.6607 -0.3727 0.6516
vn 0.5230 -0.3727 0.7665
vn 0.8493 0.1492 0.5064
vn 0.8493 -0.1492 0.5064
vn 0.5230 0.3727 0.7665
vn 0.6607 0.3727 0.6516
vn 0.3464 -0.1492 0.9261
vn 0.3464 0.1492 0.9261
vn 0.6864 0.4479 -0.5729
vn 0.3454 -0.4094 -0.8444
vn -0.8926 -0.4094 0.1889
vn -0.6864 0.4479 0.5729
vn -0.6607 -0.3726 -0.6516
vn -0.5230 -0.3726 -0.7665
vn 0.8926 -0.4094 -0.1889
vn -0.3454 -0.4094 0.8444
vn 0.6607 -0.3726 0.6516
vn 0.5230 -0.3726 0.7665
vn 0.4993 -0.8554 0.1377
vn -0.0467 -0.8552 -0.5162
vn 0.3222 -0.3897 -0.8627
vn 0.9064 -0.3897 -0.1632
vn 0.9064 0.3897 -0.1632
vn 0.3222 0.3896 -0.8628
vn -0.0467 0.8552 -0.5162
vn 0.4993 0.8554 0.1378
vn 0.0463 0.8554 0.5159
vn -0.4995 0.8552 -0.1382
vn -0.9065 0.3896 0.1628
vn -0.3226 0.3897 0.8626
vn -0.3226 -0.3897 0.8626
vn -0.9065 -0.3896 0.1628
vn -0.4995 -0.8552 -0.1382
vn 0.0463 -0.8554 0.5159
vn 0.4996 -0.8551 0.1383
vn -0.0465 -0.8553 -0.5160
vn 0.3225 -0.3897 -0.8626
vn 0.9065 -0.3896 -0.1626
vn 0.9065 0.3896 -0.1626
vn 0.3224 0.3897 -0.8627
vn -0.0465 0.8553 -0.5160
vn 0.4996 0.8551 0.1384
vn 0.0469 0.8551 0.5163
vn -0.4994 0.8553 -0.1379
vn -0.9064 0.3897 0.1631
vn -0.3220 0.3896 0.8629
vn -0.3220 -0.3896 0.8629
vn -0.9064 -0.3897 0.1631
vn -0.4994 -0.8553 -0.1379
vn 0.0468 -0.8551 0.5163
vn 0.7509 -0.2842 0.5962
vn 0.4524 -0.2842 0.8453
vn 0.7509 0.2842 0.5962
vn 0.4524 0.2842 0.8453
vn 0.7506 -0.2835 0.5968
vn 0.4530 -0.2835 0.8452
vn 0.7506 0.2835 0.5968
vn 0.4530 0.2835 0.8452
vn -0.4528 -0.2837 -0.8452
vn -0.4528 0.2837 -0.8452
vn -0.7507 0.2837 -0.5966
vn -0.7507 -0.2837 -0.5966
vn -0.7508 -0.2840 -0.5963
vn -0.4525 -0.2840 -0.8453
vn -0.4525 0.2840 -0.8453
vn -0.7508 0.2840 -0.5963
vn 0.3222 -0.3897 -0.8628
vn -0.4529 -0.2837 -0.8452
vn -0.1047 0.5625 0.8201
vn 0.0447 0.0000 0.9990
vn 0.4531 0.7071 0.5428
vn -0.4651 0.7955 0.3883
vn 0.0000 1.0000 -0.0000
vn -0.8256 0.5625 -0.0436
vn -0.4531 0.7071 -0.5428
vn -0.9749 0.0000 -0.2225
vn -0.8256 -0.5625 -0.0436
vn -0.4531 -0.7071 -0.5428
vn -0.4651 -0.7955 0.3883
vn 0.0000 -1.0000 -0.0000
vn -0.1047 -0.5625 0.8201
vn 0.4531 -0.7071 0.5428
vn -0.9956 0.0000 0.0933
vn -0.8893 -0.4004 0.2208
vn -0.6327 -0.5663 0.5281
vn -0.3762 -0.4004 0.8356
vn -0.2698 0.0000 0.9629
vn -0.3762 0.4004 0.8356
vn -0.6327 0.5663 0.5282
vn -0.8893 0.4004 0.2208
vn -0.8752 -0.2373 0.4215
vn -0.9383 -0.0000 0.3459
vn -0.7232 -0.3356 0.6036
vn -0.5711 -0.2373 0.7858
vn -0.5080 0.0000 0.8613
vn -0.5711 0.2373 0.7858
vn -0.7232 0.3356 0.6036
vn -0.8752 0.2373 0.4215
vn 0.8256 0.5625 0.0436
vn 0.9749 0.0000 0.2224
vn 0.4651 0.7955 -0.3883
vn 0.1047 0.5625 -0.8201
vn -0.0446 0.0000 -0.9990
vn 0.1047 -0.5625 -0.8201
vn 0.4651 -0.7955 -0.3883
vn 0.8256 -0.5625 0.0436
vn 0.2698 0.0000 -0.9629
vn 0.3762 -0.4004 -0.8356
vn 0.6327 -0.5663 -0.5281
vn 0.8893 -0.4004 -0.2208
vn 0.9956 0.0000 -0.0933
vn 0.8893 0.4004 -0.2208
vn 0.6327 0.5663 -0.5282
vn 0.3762 0.4004 -0.8356
vn 0.5080 -0.0000 -0.8613
vn 0.5711 -0.2373 -0.7858
vn 0.7232 -0.3356 -0.6036
vn 0.8752 -0.2373 -0.4215
vn 0.9383 0.0000 -0.3459
vn 0.8752 0.2373 -0.4215
vn 0.7232 0.3356 -0.6036
vn 0.5711 0.2373 -0.7858
vn 0.5956 -0.3689 0.7136
vn 0.9257 -0.3689 0.0834
vn 0.7136 -0.3689 -0.5956
vn 0.0834 -0.3689 -0.9257
vn -0.5956 -0.3689 -0.7136
vn -0.9257 -0.3689 -0.0834
vn -0.7136 -0.3689 0.5956
vn -0.0834 -0.3689 0.9257
vn 0.9257 0.3689 0.0834
vn 0.5956 0.3689 0.7136
vn 0.7136 0.3689 -0.5956
vn 0.0834 0.3689 -0.9257
vn -0.5956 0.3689 -0.7136
vn -0.9257 0.3689 -0.0834
vn -0.7136 0.3689 0.5956
vn -0.0834 0.3689 0.9257
vn 0.9257 0.3688 0.0834
vn 0.5956 0.3688 0.7136
vn 0.7136 0.3688 -0.5956
vn -0.5956 0.3688 -0.7136
vn 0.5956 -0.3688 0.7136
vn 0.4359 -0.8991 0.0393
vn 0.2805 -0.8991 0.3360
vn 0.3360 -0.8991 -0.2805
vn 0.0393 -0.8991 -0.4359
vn -0.2805 -0.8991 -0.3360
vn -0.4359 -0.8991 -0.0392
vn -0.3360 -0.8991 0.2805
vn -0.0393 -0.8991 0.4360
vn 0.2805 0.8991 0.3360
vn 0.4359 0.8991 0.0393
vn -0.0000 1.0000 -0.0000
vn 0.3360 0.8991 -0.2805
vn 0.0393 0.8991 -0.4359
vn -0.2805 0.8991 -0.3360
vn -0.4359 0.8991 -0.0392
vn -0.3360 0.8991 0.2805
vn -0.0393 0.8991 0.4360
vn -0.0000 -1.0000 -0.0000
vn 0.0000 -1.0000 0.0000
# 204 vertex normals

vt 0.7500 0.0000 1.0000
vt 0.8750 0.0000 1.0000
vt 0.8750 0.1220 1.0000
vt 0.7500 0.1220 1.0000
vt -0.1250 0.0000 1.0000
vt 0.0000 0.0000 1.0000
vt 0.0000 0.1220 1.0000
vt -0.1250 0.1220 1.0000
vt 0.1250 0.0000 1.0000
vt 0.1250 0.1220 1.0000
vt 0.2500 0.0000 1.0000
vt 0.2500 0.1220 1.0000
vt 0.3750 0.0000 1.0000
vt 0.3750 0.1220 1.0000
vt 0.5000 0.0000 1.0000
vt 0.5000 0.1220 1.0000
vt 0.6250 0.0000 1.0000
vt 0.6250 0.1220 1.0000
vt 0.8750 0.4878 1.0000
vt 0.7500 0.4878 1.0000
vt 0.0000 0.4878 1.0000
vt -0.1250 0.4878 1.0000
vt 0.1250 0.4878 1.0000
vt 0.2500 0.4878 1.0000
vt 0.3750 0.4878 1.0000
vt 0.5000 0.4878 1.0000
vt 0.6250 0.4878 1.0000
vt 0.8414 0.2658 1.0000
vt 0.8414 0.3914 1.0000
vt 0.6586 0.3914 1.0000
vt 0.6586 0.2658 1.0000
vt 0.1045 0.2658 1.0000
vt 0.1045 0.3914 1.0000
vt -0.1045 0.3914 1.0000
vt -0.1045 0.2658 1.0000
vt 0.3414 0.2658 1.0000
vt 0.3414 0.3914 1.0000
vt 0.1586 0.3914 1.0000
vt 0.1586 0.2658 1.0000
vt 0.6045 0.2658 1.0000
vt 0.6045 0.3914 1.0000
vt 0.3955 0.3914 1.0000
vt 0.3955 0.2658 1.0000
vt 0.8750 0.2658 1.0000
vt 0.6316 0.2658 1.0000
vt 0.8582 0.2658 1.0000
vt 0.1316 0.2658 1.0000
vt 0.3684 0.2658 1.0000
vt 0.8750 0.3914 1.0000
vt 0.4714 0.5000 1.0000
vt 0.4714 0.2500 1.0000
vt 0.0286 0.2500 1.0000
vt 0.0286 0.5000 1.0000
vt 0.8750 0.2500 1.0000
vt 0.8750 0.5000 1.0000
vt 0.6250 0.5000 1.0000
vt 0.6250 0.2500 1.0000
vt -0.0286 0.2500 1.0000
vt -0.0286 0.5000 1.0000
vt -0.1250 0.5000 1.0000
vt -0.1250 0.2500 1.0000
vt 0.3750 0.2500 1.0000
vt 0.3750 0.5000 1.0000
vt 0.1250 0.5000 1.0000
vt 0.1250 0.2500 1.0000
vt 0.5286 0.5000 1.0000
vt 0.5286 0.2500 1.0000
vt 0.8750 0.2439 1.0000
vt 0.7500 0.2439 1.0000
vt 0.0000 0.2439 1.0000
vt -0.1250 0.2439 1.0000
vt 0.1250 0.2439 1.0000
vt 0.2500 0.2439 1.0000
vt 0.3750 0.2439 1.0000
vt 0.5000 0.2439 1.0000
vt 0.6250 0.2439 1.0000
vt 0.8414 0.5110 1.0000
vt 0.8414 0.2706 1.0000
vt 0.8750 0.2706 1.0000
vt 0.8750 0.5110 1.0000
vt 0.1045 0.5110 1.0000
vt 0.1045 0.2706 1.0000
vt 0.1586 0.2706 1.0000
vt 0.1586 0.5110 1.0000
vt 0.3414 0.5110 1.0000
vt 0.3414 0.2706 1.0000
vt 0.3955 0.2706 1.0000
vt 0.3955 0.5110 1.0000
vt 0.6045 0.5110 1.0000
vt 0.6045 0.2706 1.0000
vt 0.6586 0.2706 1.0000
vt 0.6586 0.5110 1.0000
vt 0.8414 0.5106 1.0000
vt 0.8414 0.2704 1.0000
vt 0.8750 0.2704 1.0000
vt 0.8750 0.5106 1.0000
vt 0.1045 0.5106 1.0000
vt 0.1045 0.2704 1.0000
vt 0.1586 0.2704 1.0000
vt 0.1586 0.5106 1.0000
vt 0.3414 0.5106 1.0000
vt 0.3414 0.2704 1.0000
vt 0.3955 0.2704 1.0000
vt 0.3955 0.5106 1.0000
vt 0.6045 0.5106 1.0000
vt 0.6045 0.2704 1.0000
vt 0.6586 0.2704 1.0000
vt 0.6586 0.5106 1.0000
vt -0.1045 0.5110 1.0000
vt -0.1045 0.2706 1.0000
vt -0.1045 0.5106 1.0000
vt -0.1045 0.2704 1.0000
vt 0.8582 0.5110 1.0000
vt 0.6316 0.5110 1.0000
vt 0.1316 0.5110 1.0000
vt 0.3684 0.5110 1.0000
vt 0.8582 0.5106 1.0000
vt 0.6316 0.5106 1.0000
vt 0.1316 0.5106 1.0000
vt 0.3684 0.5106 1.0000
vt 0.8582 0.2706 1.0000
vt 0.1316 0.2706 1.0000
vt 0.3684 0.2706 1.0000
vt 0.6316 0.2706 1.0000
vt 0.6316 0.2704 1.0000
vt 0.8582 0.2704 1.0000
vt 0.1316 0.2704 1.0000
vt 0.3684 0.2704 1.0000
vt 0.8750 0.3987 1.0000
vt 0.7500 0.3987 1.0000
vt 0.7500 0.3558 1.0000
vt 0.8750 0.3558 1.0000
vt 0.0000 0.3987 1.0000
vt -0.1250 0.3987 1.0000
vt -0.1250 0.3558 1.0000
vt 0.0000 0.3558 1.0000
vt 0.1250 0.3987 1.0000
vt 0.1250 0.3558 1.0000
vt 0.2500 0.3987 1.0000
vt 0.2500 0.3558 1.0000
vt 0.3750 0.3987 1.0000
vt 0.3750 0.3558 1.0000
vt 0.5000 0.3987 1.0000
vt 0.5000 0.3558 1.0000
vt 0.6250 0.3987 1.0000
vt 0.6250 0.3558 1.0000
vt 0.6645 0.4007 1.0000
vt 0.7610 0.4007 1.0000
vt 0.3750 0.4007 1.0000
vt -0.0110 0.4007 1.0000
vt 0.0855 0.4007 1.0000
vt 0.1820 0.4007 1.0000
vt 0.2785 0.4007 1.0000
vt 0.4715 0.4007 1.0000
vt 0.5680 0.4007 1.0000
vt 0.7500 0.0707 1.0000
vt 0.8750 0.0707 1.0000
vt 0.8750 0.1136 1.0000
vt 0.7500 0.1136 1.0000
vt -0.1250 0.0707 1.0000
vt 0.0000 0.0707 1.0000
vt 0.0000 0.1136 1.0000
vt -0.1250 0.1136 1.0000
vt 0.1250 0.0707 1.0000
vt 0.1250 0.1136 1.0000
vt 0.2500 0.0707 1.0000
vt 0.2500 0.1136 1.0000
vt 0.3750 0.0707 1.0000
vt 0.3750 0.1136 1.0000
vt 0.5000 0.0707 1.0000
vt 0.5000 0.1136 1.0000
vt 0.6250 0.0707 1.0000
vt 0.6250 0.1136 1.0000
vt 0.7500 0.5552 1.0000
vt 0.8750 0.5552 1.0000
vt 0.8750 0.5981 1.0000
vt 0.7500 0.5981 1.0000
vt -0.1250 0.5552 1.0000
vt 0.0000 0.5552 1.0000
vt 0.0000 0.5981 1.0000
vt -0.1250 0.5981 1.0000
vt 0.1250 0.5552 1.0000
vt 0.1250 0.5981 1.0000
vt 0.2500 0.5552 1.0000
vt 0.2500 0.5981 1.0000
vt 0.3750 0.5552 1.0000
vt 0.3750 0.5981 1.0000
vt 0.5000 0.5552 1.0000
vt 0.5000 0.5981 1.0000
vt 0.6250 0.5552 1.0000
vt 0.6250 0.5981 1.0000
vt 0.8750 0.1565 1.0000
vt 0.7500 0.1565 1.0000
vt 0.0000 0.1565 1.0000
vt -0.1250 0.1565 1.0000
vt 0.1250 0.1565 1.0000
vt 0.2500 0.1565 1.0000
vt 0.3750 0.1565 1.0000
vt 0.5000 0.1565 1.0000
vt 0.6250 0.1565 1.0000
vt 0.8750 0.6410 1.0000
vt 0.7500 0.6410 1.0000
vt 0.0000 0.6410 1.0000
vt -0.1250 0.6410 1.0000
vt 0.1250 0.6410 1.0000
vt 0.2500 0.6410 1.0000
vt 0.3750 0.6410 1.0000
vt 0.5000 0.6410 1.0000
vt 0.6250 0.6410 1.0000
vt 0.7500 0.3130 1.0000
vt 0.8750 0.3130 1.0000
vt -0.1250 0.3130 1.0000
vt 0.0000 0.3130 1.0000
vt 0.1250 0.3130 1.0000
vt 0.2500 0.3130 1.0000
vt 0.3750 0.3130 1.0000
vt 0.5000 0.3130 1.0000
vt 0.6250 0.3130 1.0000
vt 0.7610 0.0687 1.0000
vt 0.6645 0.0687 1.0000
vt 0.3750 0.0687 1.0000
vt 0.0855 0.0687 1.0000
vt -0.0110 0.0687 1.0000
vt 0.1820 0.0687 1.0000
vt 0.2785 0.0687 1.0000
vt 0.4715 0.0687 1.0000
vt 0.5680 0.0687 1.0000
vt 0.7610 0.5532 1.0000
vt 0.6645 0.5532 1.0000
vt 0.3750 0.5532 1.0000
vt 0.0855 0.5532 1.0000
vt -0.0110 0.5532 1.0000
vt 0.1820 0.5532 1.0000
vt 0.2785 0.5532 1.0000
vt 0.4715 0.5532 1.0000
vt 0.5680 0.5532 1.0000
vt 0.6645 0.1585 1.0000
vt 0.7610 0.1585 1.0000
vt 0.3750 0.1585 1.0000
vt -0.0110 0.1585 1.0000
vt 0.0855 0.1585 1.0000
vt 0.1820 0.1585 1.0000
vt 0.2785 0.1585 1.0000
vt 0.4715 0.1585 1.0000
vt 0.5680 0.1585 1.0000
vt 0.6645 0.6430 1.0000
vt 0.7610 0.6430 1.0000
vt 0.3750 0.6430 1.0000
vt -0.0110 0.6430 1.0000
vt 0.0855 0.6430 1.0000
vt 0.1820 0.6430 1.0000
vt 0.2785 0.6430 1.0000
vt 0.4715 0.6430 1.0000
vt 0.5680 0.6430 1.0000
vt 0.7610 0.3110 1.0000
vt 0.6645 0.3110 1.0000
vt 0.3750 0.3110 1.0000
vt 0.0855 0.3110 1.0000
vt -0.0110 0.3110 1.0000
vt 0.1820 0.3110 1.0000
vt 0.2785 0.3110 1.0000
vt 0.4715 0.3110 1.0000
vt 0.5680 0.3110 1.0000
# 263 texture coords

o JailDoor_Module003
g JailDoor_Module003
usemtl Material__65
s 1
f 6033/590/1574 6034/591/1575 6035/592/1575 6036/593/1574 
s 2
f 6034/594/1575 6037/595/1576 6038/596/1576 6035/597/1575 
s 1
f 6037/595/1576 6039/598/1577 6040/599/1577 6038/596/1576 
s 2
f 6039/598/1577 6041/600/1578 6042/601/1578 6040/599/1577 
s 1
f 6041/600/1578 6043/602/1579 6044/603/1579 6042/601/1578 
s 2
f 6043/602/1579 6045/604/1580 6046/605/1580 6044/603/1579 
s 1
f 6045/604/1580 6047/606/1581 6048/607/1581 6046/605/1580 
s 2
f 6047/606/1581 6033/590/1574 6036/593/1574 6048/607/1581 
s 1
f 6049/590/1574 6050/591/1582 6051/592/1582 6052/593/1574 
s 2
f 6050/594/1582 6053/595/1576 6054/596/1576 6051/597/1582 
s 1
f 6053/595/1576 6055/598/1577 6056/599/1577 6054/596/1576 
s 2
f 6055/598/1577 6057/600/1578 6058/601/1578 6056/599/1577 
s 1
f 6057/600/1578 6059/602/1579 6060/603/1579 6058/601/1578 
s 2
f 6059/602/1579 6061/604/1580 6062/605/1580 6060/603/1579 
s 1
f 6061/604/1580 6063/606/1581 6064/607/1581 6062/605/1580 
s 2
f 6063/606/1581 6049/590/1574 6052/593/1574 6064/607/1581 
s 1
f 6065/590/1574 6066/591/1575 6067/592/1575 6068/593/1574 
s 2
f 6066/594/1575 6069/595/1576 6070/596/1576 6067/597/1575 
s 1
f 6069/595/1576 6071/598/1577 6072/599/1577 6070/596/1576 
s 2
f 6071/598/1577 6073/600/1578 6074/601/1578 6072/599/1577 
s 1
f 6073/600/1578 6075/602/1579 6076/603/1579 6074/601/1578 
s 2
f 6075/602/1579 6077/604/1580 6078/605/1580 6076/603/1579 
s 1
f 6077/604/1580 6079/606/1581 6080/607/1581 6078/605/1580 
s 2
f 6079/606/1581 6065/590/1574 6068/593/1574 6080/607/1581 
s 1
f 6081/590/1574 6082/591/1575 6083/608/1575 6084/609/1574 
s 2
f 6082/594/1575 6085/595/1576 6086/610/1576 6083/611/1575 
s 1
f 6085/595/1576 6087/598/1577 6088/612/1577 6086/610/1576 
s 2
f 6087/598/1577 6089/600/1578 6090/613/1578 6088/612/1577 
s 1
f 6089/600/1578 6091/602/1583 6092/614/1583 6090/613/1578 
s 2
f 6091/602/1583 6093/604/1580 6094/615/1580 6092/614/1583 
s 1
f 6093/604/1580 6095/606/1581 6096/616/1581 6094/615/1580 
s 2
f 6095/606/1581 6081/590/1574 6084/609/1574 6096/616/1581 
s 1
f 6097/590/1574 6098/591/1575 6099/608/1575 6100/609/1574 
s 2
f 6098/594/1575 6101/595/1576 6102/610/1576 6099/611/1575 
s 1
f 6101/595/1576 6103/598/1577 6104/612/1577 6102/610/1576 
s 2
f 6103/598/1577 6105/600/1578 6106/613/1578 6104/612/1577 
s 1
f 6105/600/1578 6107/602/1579 6108/614/1579 6106/613/1578 
s 2
f 6107/602/1579 6109/604/1580 6110/615/1580 6108/614/1579 
s 1
f 6109/604/1580 6111/606/1581 6112/616/1581 6110/615/1580 
s 2
f 6111/606/1581 6097/590/1574 6100/609/1574 6112/616/1581 
s 1
f 6113/617/1584 6114/618/1585 6115/619/1586 6116/620/1587 
f 6117/621/1588 6118/622/1589 6119/623/1590 6120/624/1591 
f 6121/625/1592 6122/626/1593 6123/627/1594 6124/628/1595 
f 6125/629/1596 6126/630/1597 6127/631/1598 6128/632/1599 
s 2
f 6113/617/1584 6116/620/1587 6129/620/1600 6130/617/1601 
s 4
f 6117/621/1588 6120/624/1591 6131/624/1602 6132/621/1603 
s 2
f 6121/625/1592 6124/628/1595 6133/628/1604 6134/625/1605 
s 4
f 6125/629/1596 6128/632/1599 6135/632/1606 6136/629/1607 
s 2
f 6120/633/1591 6113/617/1584 6130/617/1601 6131/633/1602 
f 6124/628/1595 6117/621/1588 6132/621/1603 6133/628/1604 
f 6128/632/1599 6121/625/1592 6134/625/1605 6135/632/1606 
f 6116/620/1587 6125/629/1596 6136/629/1607 6129/620/1600 
s 1
f 6130/617/1601 6129/620/1600 6137/634/1578 6138/635/1578 
f 6132/621/1603 6131/624/1602 6138/624/1578 6139/636/1578 
f 6134/625/1605 6133/628/1604 6139/636/1578 6140/637/1578 
f 6136/629/1607 6135/632/1606 6140/637/1578 6137/634/1578 
f 6131/633/1602 6130/617/1601 6138/635/1578 
f 6133/628/1604 6132/621/1603 6139/636/1578 
f 6135/632/1606 6134/625/1605 6140/637/1578 
f 6129/620/1600 6136/629/1607 6137/634/1578 
f 6137/634/1578 6140/637/1578 6139/636/1578 6138/624/1578 
s 8
f 6114/618/1585 6113/617/1584 6120/633/1591 6119/638/1590 
f 6118/622/1589 6117/621/1588 6124/628/1595 6123/627/1594 
f 6122/626/1593 6121/625/1592 6128/632/1599 6127/631/1598 
f 6126/630/1597 6125/629/1596 6116/620/1587 6115/619/1586 
s 1
f 6141/617/1608 6142/620/1609 6115/619/1586 6114/618/1585 
f 6143/621/1610 6144/624/1611 6119/623/1590 6118/622/1589 
f 6145/625/1612 6146/628/1613 6123/627/1594 6122/626/1593 
f 6147/629/1614 6148/632/1615 6127/631/1598 6126/630/1597 
s 2
f 6141/617/1608 6149/617/1616 6150/620/1617 6142/620/1609 
s 4
f 6143/621/1610 6151/621/1618 6152/624/1619 6144/624/1611 
s 2
f 6145/625/1612 6153/625/1620 6154/628/1621 6146/628/1613 
s 4
f 6147/629/1614 6155/629/1622 6156/632/1623 6148/632/1615 
s 2
f 6144/633/1611 6152/633/1619 6149/617/1616 6141/617/1608 
f 6146/628/1613 6154/628/1621 6151/621/1618 6143/621/1610 
f 6148/632/1615 6156/632/1623 6153/625/1620 6145/625/1612 
f 6142/620/1609 6150/620/1617 6155/629/1622 6147/629/1614 
s 1
f 6149/617/1616 6157/635/1574 6158/634/1574 6150/620/1617 
f 6151/621/1618 6159/636/1574 6157/624/1574 6152/624/1619 
f 6153/625/1620 6160/637/1574 6159/636/1574 6154/628/1621 
f 6155/629/1622 6158/634/1574 6160/637/1574 6156/632/1623 
f 6152/633/1619 6157/635/1574 6149/617/1616 
f 6154/628/1621 6159/636/1574 6151/621/1618 
f 6156/632/1623 6160/637/1574 6153/625/1620 
f 6150/620/1617 6158/634/1574 6155/629/1622 
f 6158/634/1574 6157/624/1574 6159/636/1574 6160/637/1574 
s 8
f 6114/618/1585 6119/638/1590 6144/633/1611 6141/617/1608 
f 6118/622/1589 6123/627/1594 6146/628/1613 6143/621/1610 
f 6122/626/1593 6127/631/1598 6148/632/1615 6145/625/1612 
f 6126/630/1597 6115/619/1586 6142/620/1609 6147/629/1614 
s 1
f 6161/617/1584 6162/618/1585 6163/619/1586 6164/620/1587 
f 6165/621/1588 6166/622/1624 6167/623/1590 6168/624/1625 
f 6169/625/1592 6170/626/1593 6171/627/1594 6172/628/1595 
f 6173/629/1626 6174/630/1597 6175/631/1627 6176/632/1599 
s 2
f 6161/617/1584 6164/620/1587 6177/620/1628 6178/617/1629 
s 4
f 6165/621/1588 6168/624/1625 6179/624/1602 6180/621/1603 
s 2
f 6169/625/1592 6172/628/1595 6181/628/1604 6182/625/1605 
s 4
f 6173/629/1626 6176/632/1599 6183/632/1606 6184/629/1607 
s 2
f 6168/633/1625 6161/617/1584 6178/617/1629 6179/633/1602 
f 6172/628/1595 6165/621/1588 6180/621/1603 6181/628/1604 
f 6176/632/1599 6169/625/1592 6182/625/1605 6183/632/1606 
f 6164/620/1587 6173/629/1626 6184/629/1607 6177/620/1628 
s 1
f 6178/617/1629 6177/620/1628 6185/634/1578 6186/635/1578 
f 6180/621/1603 6179/624/1602 6186/624/1578 6187/636/1578 
f 6182/625/1605 6181/628/1604 6187/636/1578 6188/637/1578 
f 6184/629/1607 6183/632/1606 6188/637/1578 6185/634/1578 
f 6179/633/1602 6178/617/1629 6186/635/1578 
f 6181/628/1604 6180/621/1603 6187/636/1578 
f 6183/632/1606 6182/625/1605 6188/637/1578 
f 6177/620/1628 6184/629/1607 6185/634/1578 
f 6185/634/1578 6188/637/1578 6187/636/1578 6186/624/1578 
s 8
f 6162/618/1585 6161/617/1584 6168/633/1625 6167/638/1590 
f 6166/622/1624 6165/621/1588 6172/628/1595 6171/627/1594 
f 6170/626/1593 6169/625/1592 6176/632/1599 6175/631/1627 
f 6174/630/1597 6173/629/1626 6164/620/1587 6163/619/1586 
s 1
f 6189/617/1608 6190/620/1609 6163/619/1586 6162/618/1585 
f 6191/621/1610 6192/624/1630 6167/623/1590 6166/622/1624 
f 6193/625/1612 6194/628/1613 6171/627/1594 6170/626/1593 
f 6195/629/1631 6196/632/1615 6175/631/1627 6174/630/1597 
s 2
f 6189/617/1608 6197/617/1632 6198/620/1633 6190/620/1609 
s 4
f 6191/621/1610 6199/621/1618 6200/624/1619 6192/624/1630 
s 2
f 6193/625/1612 6201/625/1620 6202/628/1621 6194/628/1613 
s 4
f 6195/629/1631 6203/629/1622 6204/632/1623 6196/632/1615 
s 2
f 6192/633/1630 6200/633/1619 6197/617/1632 6189/617/1608 
f 6194/628/1613 6202/628/1621 6199/621/1618 6191/621/1610 
f 6196/632/1615 6204/632/1623 6201/625/1620 6193/625/1612 
f 6190/620/1609 6198/620/1633 6203/629/1622 6195/629/1631 
s 1
f 6197/617/1632 6205/635/1574 6206/634/1574 6198/620/1633 
f 6199/621/1618 6207/636/1574 6205/624/1574 6200/624/1619 
f 6201/625/1620 6208/637/1574 6207/636/1574 6202/628/1621 
f 6203/629/1622 6206/634/1574 6208/637/1574 6204/632/1623 
f 6200/633/1619 6205/635/1574 6197/617/1632 
f 6202/628/1621 6207/636/1574 6199/621/1618 
f 6204/632/1623 6208/637/1574 6201/625/1620 
f 6198/620/1633 6206/634/1574 6203/629/1622 
f 6206/634/1574 6205/624/1574 6207/636/1574 6208/637/1574 
s 8
f 6162/618/1585 6167/638/1590 6192/633/1630 6189/617/1608 
f 6166/622/1624 6171/627/1594 6194/628/1613 6191/621/1610 
f 6170/626/1593 6175/631/1627 6196/632/1615 6193/625/1612 
f 6174/630/1597 6163/619/1586 6190/620/1609 6195/629/1631 
s 1
f 6209/639/1581 6210/640/1581 6211/641/1575 6212/642/1575 
f 6213/643/1575 6214/644/1575 6215/645/1581 6216/646/1581 
s 2
f 6217/647/1577 6218/648/1577 6214/649/1575 6213/650/1575 
s 1
f 6219/651/1579 6220/652/1579 6221/653/1577 6222/654/1577 
s 2
f 6210/640/1581 6209/639/1581 6220/652/1579 6219/651/1579 
f 6216/646/1581 6215/645/1581 6223/655/1579 6224/656/1579 
f 6222/654/1577 6221/653/1577 6212/642/1575 6211/641/1575 
s 1
f 6224/656/1579 6223/655/1579 6218/648/1577 6217/647/1577 
f 6225/657/1575 6226/608/1575 6227/609/1574 6228/658/1574 
s 2
f 6229/659/1576 6230/610/1576 6226/611/1575 6225/660/1575 
s 1
f 6231/661/1577 6232/612/1577 6230/610/1576 6229/659/1576 
s 2
f 6233/662/1578 6234/613/1578 6232/612/1577 6231/661/1577 
s 1
f 6235/663/1579 6236/614/1579 6234/613/1578 6233/662/1578 
s 2
f 6237/664/1580 6238/615/1580 6236/614/1579 6235/663/1579 
s 1
f 6239/665/1581 6240/616/1581 6238/615/1580 6237/664/1580 
s 2
f 6228/658/1574 6227/609/1574 6240/616/1581 6239/665/1581 
s 1
f 6241/657/1582 6242/608/1582 6243/609/1574 6244/658/1574 
s 2
f 6245/659/1576 6246/610/1576 6242/611/1582 6241/660/1582 
s 1
f 6247/661/1577 6248/612/1577 6246/610/1576 6245/659/1576 
s 2
f 6249/662/1578 6250/613/1578 6248/612/1577 6247/661/1577 
s 1
f 6251/663/1579 6252/614/1579 6250/613/1578 6249/662/1578 
s 2
f 6253/664/1580 6254/615/1580 6252/614/1579 6251/663/1579 
s 1
f 6255/665/1581 6256/616/1581 6254/615/1580 6253/664/1580 
s 2
f 6244/658/1574 6243/609/1574 6256/616/1581 6255/665/1581 
s 1
f 6257/657/1575 6258/608/1575 6259/609/1574 6260/658/1574 
s 2
f 6261/659/1576 6262/610/1576 6258/611/1575 6257/660/1575 
s 1
f 6263/661/1577 6264/612/1577 6262/610/1576 6261/659/1576 
s 2
f 6265/662/1578 6266/613/1578 6264/612/1577 6263/661/1577 
s 1
f 6267/663/1579 6268/614/1579 6266/613/1578 6265/662/1578 
s 2
f 6269/664/1580 6270/615/1580 6268/614/1579 6267/663/1579 
s 1
f 6271/665/1581 6272/616/1581 6270/615/1580 6269/664/1580 
s 2
f 6260/658/1574 6259/609/1574 6272/616/1581 6271/665/1581 
s 1
f 6273/666/1634 6274/667/1635 6275/668/1636 6276/669/1637 
f 6277/670/1638 6278/671/1639 6279/672/1640 6280/673/1641 
f 6281/674/1642 6282/675/1643 6283/676/1644 6284/677/1645 
f 6285/678/1646 6286/679/1647 6287/680/1648 6288/681/1649 
f 6289/682/1650 6290/683/1651 6291/684/1652 6292/685/1653 
f 6293/686/1654 6294/687/1655 6295/688/1656 6296/689/1657 
f 6297/690/1658 6298/691/1659 6299/692/1660 6300/693/1661 
f 6301/694/1662 6302/695/1663 6303/696/1664 6304/697/1665 
s 2
f 6274/667/1635 6273/666/1634 6288/681/1649 6287/680/1648 
f 6278/671/1639 6277/670/1638 6276/698/1637 6275/699/1636 
f 6282/675/1643 6281/674/1642 6280/673/1641 6279/672/1640 
f 6286/679/1647 6285/678/1646 6284/677/1645 6283/676/1644 
f 6290/683/1651 6289/682/1650 6304/697/1665 6303/696/1664 
f 6294/687/1655 6293/686/1654 6292/700/1653 6291/701/1652 
f 6298/691/1659 6297/690/1658 6296/689/1657 6295/688/1656 
f 6302/695/1663 6301/694/1662 6300/693/1661 6299/692/1660 
s 4
f 6288/681/1649 6273/666/1634 6305/702/1666 6306/703/1667 
f 6276/698/1637 6277/670/1638 6307/704/1668 6305/698/1666 
f 6280/673/1641 6281/674/1642 6308/705/1669 6307/704/1668 
f 6284/677/1645 6285/678/1646 6306/703/1667 6308/705/1669 
f 6273/666/1634 6276/669/1637 6305/702/1666 
f 6277/670/1638 6280/673/1641 6307/704/1668 
f 6281/674/1642 6284/677/1645 6308/705/1669 
f 6285/678/1646 6288/681/1649 6306/703/1667 
f 6304/697/1665 6289/682/1650 6309/706/1670 6310/707/1671 
f 6292/700/1653 6293/686/1654 6311/708/1672 6309/700/1670 
f 6296/689/1657 6297/690/1658 6312/709/1673 6311/708/1672 
f 6300/693/1661 6301/694/1662 6310/707/1671 6312/709/1673 
f 6289/682/1650 6292/685/1653 6309/706/1670 
f 6293/686/1654 6296/689/1657 6311/708/1672 
f 6297/690/1658 6300/693/1661 6312/709/1673 
f 6301/694/1662 6304/697/1665 6310/707/1671 
f 6275/668/1636 6274/667/1635 6313/710/1674 
f 6279/672/1640 6278/671/1639 6314/711/1675 
f 6283/676/1644 6282/675/1643 6315/712/1676 
f 6287/680/1648 6286/679/1647 6316/713/1677 
f 6274/667/1635 6287/680/1648 6316/713/1677 6313/710/1674 
f 6278/671/1639 6275/699/1636 6313/699/1674 6314/711/1675 
f 6282/675/1643 6279/672/1640 6314/711/1675 6315/712/1676 
f 6286/679/1647 6283/676/1644 6315/712/1676 6316/713/1677 
f 6290/683/1651 6303/696/1664 6317/714/1678 6318/715/1679 
f 6294/687/1655 6291/701/1652 6318/701/1679 6319/716/1680 
f 6298/691/1659 6295/688/1656 6319/716/1680 6320/717/1681 
f 6302/695/1663 6299/692/1660 6320/717/1681 6317/714/1678 
f 6291/684/1652 6290/683/1651 6318/715/1679 
f 6295/688/1656 6294/687/1655 6319/716/1680 
f 6299/692/1660 6298/691/1659 6320/717/1681 
f 6303/696/1664 6302/695/1663 6317/714/1678 
f 6305/702/1666 6307/704/1668 6308/705/1669 6306/703/1667 
f 6309/706/1670 6311/708/1672 6312/709/1673 6310/707/1671 
f 6316/713/1677 6315/712/1676 6314/711/1675 6313/699/1674 
f 6317/714/1678 6320/717/1681 6319/716/1680 6318/701/1679 
s 1
f 6321/666/1634 6322/667/1635 6323/668/1682 6324/669/1637 
f 6325/670/1638 6326/671/1639 6327/672/1640 6328/673/1641 
f 6329/674/1642 6330/675/1643 6331/676/1644 6332/677/1645 
f 6333/678/1646 6334/679/1647 6335/680/1648 6336/681/1649 
s 2
f 6322/667/1635 6321/666/1634 6336/681/1649 6335/680/1648 
f 6326/671/1639 6325/670/1638 6324/698/1637 6323/699/1682 
f 6330/675/1643 6329/674/1642 6328/673/1641 6327/672/1640 
f 6334/679/1647 6333/678/1646 6332/677/1645 6331/676/1644 
s 4
f 6336/681/1649 6321/666/1634 6337/702/1666 6338/703/1667 
f 6324/698/1637 6325/670/1638 6339/704/1668 6337/698/1666 
f 6328/673/1641 6329/674/1642 6340/705/1669 6339/704/1668 
f 6332/677/1645 6333/678/1646 6338/703/1667 6340/705/1669 
f 6321/666/1634 6324/669/1637 6337/702/1666 
f 6325/670/1638 6328/673/1641 6339/704/1668 
f 6329/674/1642 6332/677/1645 6340/705/1669 
f 6333/678/1646 6336/681/1649 6338/703/1667 
f 6323/668/1682 6322/667/1635 6341/710/1683 
f 6327/672/1640 6326/671/1639 6342/711/1675 
f 6331/676/1644 6330/675/1643 6343/712/1676 
f 6335/680/1648 6334/679/1647 6344/713/1677 
f 6322/667/1635 6335/680/1648 6344/713/1677 6341/710/1683 
f 6326/671/1639 6323/699/1682 6341/699/1683 6342/711/1675 
f 6330/675/1643 6327/672/1640 6342/711/1675 6343/712/1676 
f 6334/679/1647 6331/676/1644 6343/712/1676 6344/713/1677 
f 6337/702/1666 6339/704/1668 6340/705/1669 6338/703/1667 
f 6344/713/1677 6343/712/1676 6342/711/1675 6341/699/1683 
s 1
f 6345/718/1684 6346/719/1685 6347/720/1574 6348/721/1686 
s 2
f 6349/722/1687 6345/723/1684 6348/724/1686 6350/725/1688 
s 1
f 6351/726/1689 6349/722/1687 6350/725/1688 6352/727/1690 
s 2
f 6353/728/1691 6351/726/1689 6352/727/1690 6354/729/1578 
s 1
f 6355/730/1692 6353/728/1691 6354/729/1578 6356/731/1693 
s 2
f 6357/732/1694 6355/730/1692 6356/731/1693 6358/733/1695 
s 1
f 6359/734/1696 6357/732/1694 6358/733/1695 6360/735/1697 
s 2
f 6346/719/1685 6359/734/1696 6360/735/1697 6347/720/1574 
s 1
f 6361/736/1698 6362/737/1699 6363/738/1580 
f 6362/739/1699 6364/740/1700 6363/738/1580 
f 6364/740/1700 6365/741/1701 6363/738/1580 
f 6365/741/1701 6366/742/1702 6363/738/1580 
f 6366/742/1702 6367/738/1703 6363/738/1580 
f 6367/738/1703 6368/743/1704 6363/738/1580 
f 6368/743/1704 6369/744/1705 6363/738/1580 
f 6369/744/1705 6361/736/1698 6363/738/1580 
s 4
f 6346/719/1685 6345/718/1684 6370/737/1706 6371/736/1707 
s 8
f 6345/723/1684 6349/722/1687 6372/740/1708 6370/739/1706 
s 4
f 6349/722/1687 6351/726/1689 6373/741/1709 6372/740/1708 
s 8
f 6351/726/1689 6353/728/1691 6374/742/1710 6373/741/1709 
s 4
f 6353/728/1691 6355/730/1692 6375/738/1711 6374/742/1710 
s 8
f 6355/730/1692 6357/732/1694 6376/743/1712 6375/738/1711 
s 4
f 6357/732/1694 6359/734/1696 6377/744/1713 6376/743/1712 
s 8
f 6359/734/1696 6346/719/1685 6371/736/1707 6377/744/1713 
s off
f 6371/736/1707 6370/737/1706 6362/737/1699 6361/736/1698 
f 6370/739/1706 6372/740/1708 6364/740/1700 6362/739/1699 
f 6372/740/1708 6373/741/1709 6365/741/1701 6364/740/1700 
f 6373/741/1709 6374/742/1710 6366/742/1702 6365/741/1701 
f 6374/742/1710 6375/738/1711 6367/738/1703 6366/742/1702 
f 6375/738/1711 6376/743/1712 6368/743/1704 6367/738/1703 
f 6376/743/1712 6377/744/1713 6369/744/1705 6368/743/1704 
f 6377/744/1713 6371/736/1707 6361/736/1698 6369/744/1705 
s 1
f 6378/718/1714 6348/721/1686 6347/720/1574 6379/719/1715 
s 2
f 6380/722/1716 6350/725/1688 6348/724/1686 6378/723/1714 
s 1
f 6381/726/1717 6352/727/1690 6350/725/1688 6380/722/1716 
s 2
f 6382/728/1718 6354/729/1578 6352/727/1690 6381/726/1717 
s 1
f 6383/730/1719 6356/731/1693 6354/729/1578 6382/728/1718 
s 2
f 6384/732/1720 6358/733/1695 6356/731/1693 6383/730/1719 
s 1
f 6385/734/1721 6360/735/1697 6358/733/1695 6384/732/1720 
s 2
f 6379/719/1715 6347/720/1574 6360/735/1697 6385/734/1721 
s 1
f 6386/736/1722 6387/738/1576 6388/737/1723 
f 6388/739/1723 6387/738/1576 6389/740/1724 
f 6389/740/1724 6387/738/1576 6390/741/1725 
f 6390/741/1725 6387/738/1576 6391/742/1726 
f 6391/742/1726 6387/738/1576 6392/738/1727 
f 6392/738/1727 6387/738/1576 6393/743/1728 
f 6393/743/1728 6387/738/1576 6394/744/1729 
f 6394/744/1729 6387/738/1576 6386/736/1722 
s 4
f 6379/719/1715 6395/736/1730 6396/737/1731 6378/718/1714 
s 8
f 6378/723/1714 6396/739/1731 6397/740/1732 6380/722/1716 
s 4
f 6380/722/1716 6397/740/1732 6398/741/1733 6381/726/1717 
s 8
f 6381/726/1717 6398/741/1733 6399/742/1734 6382/728/1718 
s 4
f 6382/728/1718 6399/742/1734 6400/738/1735 6383/730/1719 
s 8
f 6383/730/1719 6400/738/1735 6401/743/1736 6384/732/1720 
s 4
f 6384/732/1720 6401/743/1736 6402/744/1737 6385/734/1721 
s 8
f 6385/734/1721 6402/744/1737 6395/736/1730 6379/719/1715 
s off
f 6395/736/1730 6386/736/1722 6388/737/1723 6396/737/1731 
f 6396/739/1731 6388/739/1723 6389/740/1724 6397/740/1732 
f 6397/740/1732 6389/740/1724 6390/741/1725 6398/741/1733 
f 6398/741/1733 6390/741/1725 6391/742/1726 6399/742/1734 
f 6399/742/1734 6391/742/1726 6392/738/1727 6400/738/1735 
f 6400/738/1735 6392/738/1727 6393/743/1728 6401/743/1736 
f 6401/743/1736 6393/743/1728 6394/744/1729 6402/744/1737 
f 6402/744/1737 6394/744/1729 6386/736/1722 6395/736/1730 
s 1
f 6403/745/1738 6404/746/1739 6405/747/1575 6406/748/1574 
s 2
f 6404/749/1739 6407/750/1740 6408/751/1576 6405/752/1575 
s 1
f 6407/750/1740 6409/753/1741 6410/754/1577 6408/751/1576 
s 2
f 6409/753/1741 6411/755/1742 6412/756/1578 6410/754/1577 
s 1
f 6411/755/1742 6413/757/1743 6414/758/1583 6412/756/1578 
s 2
f 6413/757/1743 6415/759/1744 6416/760/1580 6414/758/1583 
s 1
f 6415/759/1744 6417/761/1745 6418/762/1581 6416/760/1580 
s 2
f 6417/761/1745 6403/745/1738 6406/748/1574 6418/762/1581 
s 1
f 6419/718/1746 6420/719/1747 6421/720/1574 6422/721/1575 
s 2
f 6423/722/1748 6419/723/1746 6422/724/1575 6424/725/1576 
s 1
f 6425/726/1749 6423/722/1748 6424/725/1576 6426/727/1577 
s 2
f 6427/728/1750 6425/726/1749 6426/727/1577 6428/729/1578 
s 1
f 6429/730/1751 6427/728/1750 6428/729/1578 6430/731/1583 
s 2
f 6431/732/1752 6429/730/1751 6430/731/1583 6432/733/1580 
s 1
f 6433/734/1753 6431/732/1752 6432/733/1580 6434/735/1581 
s 2
f 6420/719/1747 6433/734/1753 6434/735/1581 6421/720/1574 
s 1
f 6435/763/1738 6436/764/1739 6437/765/1575 6438/766/1574 
s 2
f 6436/767/1739 6439/768/1740 6440/769/1576 6437/770/1575 
s 1
f 6439/768/1740 6441/771/1741 6442/772/1577 6440/769/1576 
s 2
f 6441/771/1741 6443/773/1742 6444/774/1578 6442/772/1577 
s 1
f 6443/773/1742 6445/775/1743 6446/776/1583 6444/774/1578 
s 2
f 6445/775/1743 6447/777/1744 6448/778/1580 6446/776/1583 
s 1
f 6447/777/1744 6449/779/1745 6450/780/1581 6448/778/1580 
s 2
f 6449/779/1745 6435/763/1738 6438/766/1574 6450/780/1581 
s 1
f 6451/781/1754 6452/782/1755 6406/748/1574 6405/747/1575 
s 2
f 6453/783/1756 6451/784/1754 6405/752/1575 6408/751/1576 
s 1
f 6454/785/1749 6453/783/1756 6408/751/1576 6410/754/1577 
s 2
f 6455/786/1757 6454/785/1749 6410/754/1577 6412/756/1578 
s 1
f 6456/787/1751 6455/786/1757 6412/756/1578 6414/758/1583 
s 2
f 6457/788/1752 6456/787/1751 6414/758/1583 6416/760/1580 
s 1
f 6458/789/1753 6457/788/1752 6416/760/1580 6418/762/1581 
s 2
f 6452/782/1755 6458/789/1753 6418/762/1581 6406/748/1574 
s 1
f 6459/790/1746 6460/791/1747 6438/766/1574 6437/765/1575 
s 2
f 6461/792/1748 6459/793/1746 6437/770/1575 6440/769/1576 
s 1
f 6462/794/1749 6461/792/1748 6440/769/1576 6442/772/1577 
s 2
f 6463/795/1750 6462/794/1749 6442/772/1577 6444/774/1578 
s 1
f 6464/796/1751 6463/795/1750 6444/774/1578 6446/776/1583 
s 2
f 6465/797/1752 6464/796/1751 6446/776/1583 6448/778/1580 
s 1
f 6466/798/1753 6465/797/1752 6448/778/1580 6450/780/1581 
s 2
f 6460/791/1747 6466/798/1753 6450/780/1581 6438/766/1574 
s 1
f 6467/799/1758 6468/800/1739 6422/721/1575 6421/720/1574 
s 2
f 6468/801/1739 6469/802/1740 6424/725/1576 6422/724/1575 
s 1
f 6469/802/1740 6470/803/1741 6426/727/1577 6424/725/1576 
s 2
f 6470/803/1741 6471/804/1742 6428/729/1578 6426/727/1577 
s 1
f 6471/804/1742 6472/805/1743 6430/731/1583 6428/729/1578 
s 2
f 6472/805/1743 6473/806/1744 6432/733/1580 6430/731/1583 
s 1
f 6473/806/1744 6474/807/1745 6434/735/1581 6432/733/1580 
s 2
f 6474/807/1745 6467/799/1758 6421/720/1574 6434/735/1581 
s 1
f 6475/808/1759 6476/809/1760 6477/810/1695 
f 6478/811/1761 6475/812/1759 6477/810/1695 
f 6479/813/1762 6478/811/1761 6477/810/1695 
f 6480/814/1763 6479/813/1762 6477/810/1695 
f 6481/810/1764 6480/814/1763 6477/810/1695 
f 6482/815/1765 6481/810/1764 6477/810/1695 
f 6483/816/1766 6482/815/1765 6477/810/1695 
f 6476/809/1760 6483/816/1766 6477/810/1695 
f 6484/736/1767 6485/737/1768 6486/738/1769 
f 6485/739/1768 6487/740/1770 6486/738/1769 
f 6487/740/1770 6488/741/1771 6486/738/1769 
f 6488/741/1771 6489/742/1772 6486/738/1769 
f 6489/742/1772 6490/738/1773 6486/738/1769 
f 6490/738/1773 6491/743/1774 6486/738/1769 
f 6491/743/1774 6492/744/1775 6486/738/1769 
f 6492/744/1775 6484/736/1767 6486/738/1769 
f 6493/817/1759 6494/818/1760 6495/819/1776 
f 6496/820/1761 6493/821/1759 6495/819/1776 
f 6497/822/1762 6496/820/1761 6495/819/1776 
f 6498/823/1763 6497/822/1762 6495/819/1776 
f 6499/819/1764 6498/823/1763 6495/819/1776 
f 6500/824/1765 6499/819/1764 6495/819/1776 
f 6501/825/1766 6500/824/1765 6495/819/1776 
f 6494/818/1760 6501/825/1766 6495/819/1776 
f 6502/826/1767 6503/827/1768 6504/828/1769 
f 6503/829/1768 6505/830/1770 6504/828/1769 
f 6505/830/1770 6506/831/1771 6504/828/1769 
f 6506/831/1771 6507/832/1772 6504/828/1769 
f 6507/832/1772 6508/828/1773 6504/828/1769 
f 6508/828/1773 6509/833/1774 6504/828/1769 
f 6509/833/1774 6510/834/1775 6504/828/1769 
f 6510/834/1775 6502/826/1767 6504/828/1769 
f 6511/835/1767 6512/836/1768 6513/837/1688 
f 6512/838/1768 6514/839/1770 6513/837/1688 
f 6514/839/1770 6515/840/1771 6513/837/1688 
f 6515/840/1771 6516/841/1772 6513/837/1688 
f 6516/841/1772 6517/837/1773 6513/837/1688 
f 6517/837/1773 6518/842/1774 6513/837/1688 
f 6518/842/1774 6519/843/1775 6513/837/1688 
f 6519/843/1775 6511/835/1767 6513/837/1688 
f 6520/844/1759 6521/845/1760 6522/846/1777 
f 6523/847/1761 6520/848/1759 6522/846/1777 
f 6524/849/1762 6523/847/1761 6522/846/1777 
f 6525/850/1763 6524/849/1762 6522/846/1777 
f 6526/846/1764 6525/850/1763 6522/846/1777 
f 6527/851/1765 6526/846/1764 6522/846/1777 
f 6528/852/1766 6527/851/1765 6522/846/1777 
f 6521/845/1760 6528/852/1766 6522/846/1777 
s 4
f 6404/746/1739 6403/745/1738 6476/809/1760 6475/808/1759 
s 8
f 6407/750/1740 6404/749/1739 6475/812/1759 6478/811/1761 
s 4
f 6409/753/1741 6407/750/1740 6478/811/1761 6479/813/1762 
s 8
f 6411/755/1742 6409/753/1741 6479/813/1762 6480/814/1763 
s 4
f 6413/757/1743 6411/755/1742 6480/814/1763 6481/810/1764 
s 8
f 6415/759/1744 6413/757/1743 6481/810/1764 6482/815/1765 
s 4
f 6417/761/1745 6415/759/1744 6482/815/1765 6483/816/1766 
s 8
f 6403/745/1738 6417/761/1745 6483/816/1766 6476/809/1760 
s 4
f 6420/719/1747 6419/718/1746 6485/737/1768 6484/736/1767 
s 8
f 6419/723/1746 6423/722/1748 6487/740/1770 6485/739/1768 
s 4
f 6423/722/1748 6425/726/1749 6488/741/1771 6487/740/1770 
s 8
f 6425/726/1749 6427/728/1750 6489/742/1772 6488/741/1771 
s 4
f 6427/728/1750 6429/730/1751 6490/738/1773 6489/742/1772 
s 8
f 6429/730/1751 6431/732/1752 6491/743/1774 6490/738/1773 
s 4
f 6431/732/1752 6433/734/1753 6492/744/1775 6491/743/1774 
s 8
f 6433/734/1753 6420/719/1747 6484/736/1767 6492/744/1775 
s 4
f 6436/764/1739 6435/763/1738 6494/818/1760 6493/817/1759 
s 8
f 6439/768/1740 6436/767/1739 6493/821/1759 6496/820/1761 
s 4
f 6441/771/1741 6439/768/1740 6496/820/1761 6497/822/1762 
s 8
f 6443/773/1742 6441/771/1741 6497/822/1762 6498/823/1763 
s 4
f 6445/775/1743 6443/773/1742 6498/823/1763 6499/819/1764 
s 8
f 6447/777/1744 6445/775/1743 6499/819/1764 6500/824/1765 
s 4
f 6449/779/1745 6447/777/1744 6500/824/1765 6501/825/1766 
s 8
f 6435/763/1738 6449/779/1745 6501/825/1766 6494/818/1760 
s 4
f 6452/782/1755 6451/781/1754 6503/827/1768 6502/826/1767 
s 8
f 6451/784/1754 6453/783/1756 6505/830/1770 6503/829/1768 
s 4
f 6453/783/1756 6454/785/1749 6506/831/1771 6505/830/1770 
s 8
f 6454/785/1749 6455/786/1757 6507/832/1772 6506/831/1771 
s 4
f 6455/786/1757 6456/787/1751 6508/828/1773 6507/832/1772 
s 8
f 6456/787/1751 6457/788/1752 6509/833/1774 6508/828/1773 
s 4
f 6457/788/1752 6458/789/1753 6510/834/1775 6509/833/1774 
s 8
f 6458/789/1753 6452/782/1755 6502/826/1767 6510/834/1775 
s 4
f 6460/791/1747 6459/790/1746 6512/836/1768 6511/835/1767 
s 8
f 6459/793/1746 6461/792/1748 6514/839/1770 6512/838/1768 
s 4
f 6461/792/1748 6462/794/1749 6515/840/1771 6514/839/1770 
s 8
f 6462/794/1749 6463/795/1750 6516/841/1772 6515/840/1771 
s 4
f 6463/795/1750 6464/796/1751 6517/837/1773 6516/841/1772 
s 8
f 6464/796/1751 6465/797/1752 6518/842/1774 6517/837/1773 
s 4
f 6465/797/1752 6466/798/1753 6519/843/1775 6518/842/1774 
s 8
f 6466/798/1753 6460/791/1747 6511/835/1767 6519/843/1775 
s 4
f 6468/800/1739 6467/799/1758 6521/845/1760 6520/844/1759 
s 8
f 6469/802/1740 6468/801/1739 6520/848/1759 6523/847/1761 
s 4
f 6470/803/1741 6469/802/1740 6523/847/1761 6524/849/1762 
s 8
f 6471/804/1742 6470/803/1741 6524/849/1762 6525/850/1763 
s 4
f 6472/805/1743 6471/804/1742 6525/850/1763 6526/846/1764 
s 8
f 6473/806/1744 6472/805/1743 6526/846/1764 6527/851/1765 
s 4
f 6474/807/1745 6473/806/1744 6527/851/1765 6528/852/1766 
s 8
f 6467/799/1758 6474/807/1745 6528/852/1766 6521/845/1760 
# 354 polygons - 104 triangles

