# 3ds Max Wavefront OBJ Exporter v0.99 - (c)2007 guruware
# File Created: 15.01.2026 03:08:13

mtllib LiftProp_Planter01.mtl

#
# object LiftProp_Planter01
#

v  -0.0021 0.3627 -0.0060
v  -0.0022 0.3628 -0.0058
v  -0.0130 0.5489 -0.0118
v  -0.0135 0.5488 -0.0130
v  -0.0158 0.5786 -0.0238
v  -0.0153 0.5793 -0.0226
v  -0.0149 0.5800 -0.0233
v  -0.0154 0.5790 -0.0240
v  -0.0155 0.5610 -0.0117
v  -0.0101 0.5610 -0.0146
v  -0.0112 0.5703 -0.0170
v  -0.0168 0.5703 -0.0143
v  -0.0173 0.5593 -0.0142
v  -0.0165 0.5602 -0.0126
v  -0.0177 0.5695 -0.0151
v  -0.0186 0.5683 -0.0167
v  -0.0152 0.5725 -0.0232
v  -0.0167 0.5746 -0.0167
v  -0.0123 0.5749 -0.0190
v  -0.0146 0.5784 -0.0210
v  -0.0182 0.5731 -0.0189
v  -0.0175 0.5741 -0.0175
v  -0.0146 0.5670 -0.0219
v  -0.0116 0.5479 -0.0157
v  -0.0121 0.5496 -0.0110
v  -0.0095 0.5495 -0.0126
v  -0.0133 0.5581 -0.0191
v  -0.0021 0.3629 -0.0057
v  -0.0141 0.5797 -0.0221
v  -0.0084 0.5485 -0.0165
v  -0.0074 0.5486 -0.0155
v  -0.0018 0.3627 -0.0060
v  -0.0151 0.5786 -0.0242
v  -0.0141 0.5793 -0.0234
v  -0.0054 0.5605 -0.0184
v  -0.0066 0.5697 -0.0211
v  -0.0072 0.5588 -0.0209
v  -0.0083 0.5678 -0.0236
v  -0.0070 0.5689 -0.0221
v  -0.0059 0.5596 -0.0196
v  -0.0086 0.5742 -0.0221
v  -0.0130 0.5783 -0.0220
v  -0.0101 0.5727 -0.0243
v  -0.0090 0.5736 -0.0231
v  -0.0070 0.5493 -0.0144
v  -0.0018 0.3629 -0.0059
v  -0.0020 0.3628 -0.0058
v  -0.0000 0.3584 -0.0028
v  -0.0002 0.3584 -0.0029
v  -0.0035 0.5406 -0.0116
v  -0.0021 0.5411 -0.0108
v  -0.0012 0.5812 -0.0135
v  -0.0027 0.5814 -0.0146
v  -0.0028 0.5826 -0.0134
v  -0.0015 0.5817 -0.0129
v  -0.0006 0.5732 -0.0109
v  0.0009 0.5733 -0.0153
v  -0.0041 0.5726 -0.0211
v  -0.0062 0.5740 -0.0173
v  -0.0044 0.5795 -0.0150
v  -0.0004 0.5718 -0.0200
v  -0.0025 0.5723 -0.0211
v  0.0009 0.5581 -0.0134
v  -0.0004 0.5573 -0.0195
v  -0.0028 0.5576 -0.0206
v  -0.0011 0.5413 -0.0074
v  -0.0052 0.5411 -0.0116
v  -0.0063 0.5418 -0.0085
v  -0.0071 0.5595 -0.0157
v  -0.0046 0.5582 -0.0207
v  -0.0004 0.3585 -0.0029
v  -0.0044 0.5817 -0.0137
v  -0.0077 0.5602 -0.0101
v  -0.0066 0.5743 -0.0127
v  -0.0067 0.5422 -0.0062
v  -0.0008 0.5590 -0.0081
v  -0.0022 0.5420 -0.0050
v  -0.0005 0.3586 -0.0025
v  -0.0002 0.3586 -0.0021
v  -0.0049 0.5433 0.0001
v  -0.0066 0.5430 0.0002
v  -0.0005 0.3586 -0.0020
v  -0.0015 0.5815 -0.0121
v  -0.0033 0.5819 -0.0120
v  -0.0013 0.5751 -0.0067
v  -0.0085 0.5760 -0.0042
v  -0.0052 0.5802 -0.0118
v  -0.0084 0.5758 -0.0088
v  -0.0048 0.5753 -0.0030
v  -0.0071 0.5759 -0.0033
v  -0.0059 0.5617 0.0019
v  -0.0019 0.5603 -0.0026
v  -0.0085 0.5622 0.0016
v  -0.0024 0.5423 -0.0022
v  -0.0080 0.5434 -0.0008
v  -0.0101 0.5626 0.0006
v  -0.0098 0.5617 -0.0051
v  -0.0074 0.5427 -0.0040
v  -0.0006 0.3587 -0.0022
v  -0.0001 0.3585 -0.0024
v  -0.0008 0.3559 -0.0055
v  -0.0003 0.3561 -0.0052
v  -0.0047 0.5399 -0.0041
v  -0.0067 0.5398 -0.0031
v  -0.0142 0.5787 0.0015
v  -0.0121 0.5800 0.0000
v  -0.0240 0.5883 -0.0066
v  -0.0250 0.5868 -0.0055
v  -0.0029 0.5595 -0.0012
v  -0.0114 0.5579 -0.0120
v  -0.0150 0.5724 -0.0116
v  -0.0067 0.5741 -0.0003
v  -0.0065 0.5572 0.0024
v  -0.0040 0.5584 0.0008
v  -0.0076 0.5731 0.0014
v  -0.0101 0.5715 0.0033
v  -0.0237 0.5768 -0.0047
v  -0.0111 0.5807 -0.0016
v  -0.0178 0.5799 -0.0105
v  -0.0224 0.5877 -0.0080
v  -0.0217 0.5681 -0.0048
v  -0.0127 0.5379 -0.0070
v  -0.0039 0.5408 -0.0059
v  -0.0083 0.5399 -0.0112
v  -0.0177 0.5540 -0.0057
v  -0.0002 0.3562 -0.0055
v  -0.0160 0.5378 -0.0136
v  -0.0149 0.5378 -0.0155
v  -0.0010 0.3559 -0.0061
v  -0.0273 0.5767 -0.0171
v  -0.0288 0.5755 -0.0149
v  -0.0211 0.5555 -0.0216
v  -0.0252 0.5701 -0.0211
v  -0.0246 0.5533 -0.0180
v  -0.0286 0.5675 -0.0176
v  -0.0268 0.5690 -0.0202
v  -0.0229 0.5543 -0.0205
v  -0.0257 0.5776 -0.0180
v  -0.0132 0.5388 -0.0163
v  -0.0008 0.3561 -0.0062
v  -0.0005 0.3561 -0.0058
v  -0.0021 0.3482 0.0007
v  -0.0016 0.3484 0.0004
v  -0.0074 0.5258 0.0096
v  -0.0111 0.5253 0.0119
v  -0.0371 0.5782 0.0195
v  -0.0333 0.5800 0.0166
v  -0.0354 0.5809 0.0157
v  -0.0377 0.5787 0.0184
v  -0.0044 0.5570 0.0128
v  -0.0082 0.5568 0.0041
v  -0.0120 0.5667 0.0060
v  -0.0091 0.5666 0.0150
v  -0.0124 0.5525 0.0210
v  -0.0070 0.5553 0.0165
v  -0.0115 0.5650 0.0186
v  -0.0167 0.5623 0.0231
v  -0.0286 0.5478 0.0125
v  -0.0243 0.5357 0.0101
v  -0.0190 0.5367 0.0158
v  -0.0233 0.5487 0.0198
v  -0.0356 0.5663 0.0176
v  -0.0323 0.5684 0.0237
v  -0.0158 0.5738 0.0159
v  -0.0184 0.5744 0.0088
v  -0.0285 0.5790 0.0126
v  -0.0228 0.5702 0.0234
v  -0.0184 0.5724 0.0195
v  -0.0278 0.5589 0.0229
v  -0.0053 0.5407 0.0143
v  -0.0098 0.5398 0.0175
v  -0.0170 0.5231 0.0116
v  -0.0052 0.5272 0.0063
v  -0.0080 0.5267 0.0022
v  -0.0063 0.5421 0.0034
v  -0.0025 0.5425 0.0104
v  -0.0013 0.3486 -0.0001
v  -0.0318 0.5809 0.0120
v  -0.0190 0.5639 0.0012
v  -0.0239 0.5722 0.0050
v  -0.0324 0.5571 0.0153
v  -0.0107 0.5260 -0.0001
v  -0.0121 0.5405 -0.0016
v  -0.0190 0.5231 0.0079
v  -0.0155 0.5547 -0.0010
v  -0.0018 0.3484 -0.0003
v  -0.0028 0.3481 -0.0002
v  -0.0223 0.5229 -0.0007
v  -0.0197 0.5232 -0.0042
v  -0.0025 0.3482 -0.0006
v  -0.0386 0.5779 0.0178
v  -0.0359 0.5795 0.0136
v  -0.0278 0.5520 -0.0136
v  -0.0313 0.5619 -0.0105
v  -0.0231 0.5643 -0.0069
v  -0.0198 0.5543 -0.0091
v  -0.0359 0.5473 -0.0051
v  -0.0391 0.5574 -0.0020
v  -0.0347 0.5600 -0.0077
v  -0.0314 0.5500 -0.0109
v  -0.0352 0.5460 0.0068
v  -0.0293 0.5345 0.0043
v  -0.0412 0.5664 0.0137
v  -0.0332 0.5702 -0.0045
v  -0.0318 0.5783 0.0086
v  -0.0271 0.5726 -0.0014
v  -0.0404 0.5664 0.0034
v  -0.0366 0.5686 -0.0017
v  -0.0395 0.5563 0.0101
v  -0.0303 0.5353 -0.0055
v  -0.0267 0.5361 -0.0098
v  -0.0224 0.5219 0.0055
v  -0.0164 0.5248 -0.0063
v  -0.0229 0.5381 -0.0126
v  -0.0164 0.5399 -0.0081
v  -0.0127 0.5257 -0.0031
v  -0.0021 0.3484 -0.0009
v  -0.0024 0.3482 0.0002
v  -0.0039 0.3434 -0.0067
v  -0.0037 0.3436 -0.0060
v  -0.0252 0.5191 -0.0120
v  -0.0273 0.5180 -0.0171
v  -0.0354 0.5898 -0.0475
v  -0.0335 0.5923 -0.0425
v  -0.0320 0.5939 -0.0448
v  -0.0340 0.5908 -0.0480
v  -0.0362 0.5587 -0.0089
v  -0.0246 0.5604 -0.0122
v  -0.0269 0.5737 -0.0166
v  -0.0385 0.5717 -0.0142
v  -0.0436 0.5514 -0.0202
v  -0.0399 0.5559 -0.0127
v  -0.0418 0.5691 -0.0178
v  -0.0455 0.5650 -0.0249
v  -0.0282 0.5481 -0.0390
v  -0.0250 0.5319 -0.0340
v  -0.0334 0.5318 -0.0283
v  -0.0387 0.5473 -0.0338
v  -0.0330 0.5736 -0.0464
v  -0.0413 0.5750 -0.0431
v  -0.0378 0.5821 -0.0219
v  -0.0289 0.5844 -0.0241
v  -0.0304 0.5910 -0.0363
v  -0.0441 0.5765 -0.0315
v  -0.0411 0.5799 -0.0255
v  -0.0416 0.5613 -0.0386
v  -0.0349 0.5371 -0.0105
v  -0.0380 0.5352 -0.0168
v  -0.0253 0.5153 -0.0247
v  -0.0217 0.5216 -0.0086
v  -0.0159 0.5220 -0.0115
v  -0.0212 0.5414 -0.0097
v  -0.0310 0.5402 -0.0062
v  -0.0032 0.3440 -0.0056
v  -0.0289 0.5940 -0.0402
v  -0.0189 0.5714 -0.0247
v  -0.0226 0.5825 -0.0304
v  -0.0309 0.5607 -0.0432
v  -0.0123 0.5216 -0.0144
v  -0.0135 0.5406 -0.0162
v  -0.0202 0.5162 -0.0266
v  -0.0163 0.5590 -0.0206
v  -0.0027 0.3439 -0.0062
v  -0.0026 0.3434 -0.0075
v  -0.0086 0.5180 -0.0292
v  -0.0048 0.5191 -0.0252
v  -0.0021 0.3436 -0.0070
v  -0.0329 0.5898 -0.0491
v  -0.0292 0.5923 -0.0453
v  0.0026 0.5587 -0.0340
v  -0.0014 0.5717 -0.0382
v  -0.0083 0.5737 -0.0287
v  -0.0052 0.5604 -0.0247
v  -0.0047 0.5514 -0.0454
v  -0.0082 0.5650 -0.0490
v  -0.0033 0.5691 -0.0427
v  0.0006 0.5559 -0.0389
v  -0.0191 0.5473 -0.0464
v  -0.0163 0.5318 -0.0393
v  -0.0266 0.5750 -0.0526
v  -0.0086 0.5821 -0.0408
v  -0.0248 0.5910 -0.0399
v  -0.0143 0.5844 -0.0336
v  -0.0148 0.5765 -0.0505
v  -0.0106 0.5799 -0.0452
v  -0.0223 0.5613 -0.0511
v  -0.0039 0.5352 -0.0388
v  0.0006 0.5371 -0.0334
v  -0.0163 0.5153 -0.0305
v  -0.0031 0.5216 -0.0207
v  0.0029 0.5402 -0.0281
v  -0.0043 0.5414 -0.0206
v  -0.0081 0.5220 -0.0165
v  -0.0019 0.3440 -0.0064
v  -0.0032 0.3435 -0.0070
v  0.0013 0.3383 -0.0022
v  0.0006 0.3385 -0.0024
v  0.0014 0.5127 -0.0167
v  0.0069 0.5126 -0.0153
v  0.0362 0.5960 -0.0032
v  0.0303 0.5981 -0.0047
v  0.0316 0.6000 -0.0012
v  0.0359 0.5970 -0.0012
v  0.0011 0.5583 -0.0321
v  -0.0027 0.5596 -0.0161
v  0.0022 0.5749 -0.0157
v  0.0069 0.5734 -0.0309
v  0.0159 0.5525 -0.0322
v  0.0067 0.5561 -0.0335
v  0.0123 0.5712 -0.0321
v  0.0211 0.5679 -0.0311
v  0.0242 0.5498 -0.0003
v  0.0184 0.5312 -0.0001
v  0.0181 0.5311 -0.0140
v  0.0254 0.5493 -0.0163
v  0.0339 0.5783 -0.0009
v  0.0357 0.5801 -0.0130
v  0.0136 0.5854 -0.0247
v  0.0102 0.5875 -0.0127
v  0.0225 0.5959 -0.0056
v  0.0265 0.5808 -0.0249
v  0.0189 0.5836 -0.0258
v  0.0316 0.5651 -0.0164
v  0.0030 0.5344 -0.0291
v  0.0104 0.5336 -0.0279
v  0.0125 0.5105 -0.0074
v  -0.0037 0.5146 -0.0152
v  -0.0045 0.5149 -0.0064
v  -0.0056 0.5377 -0.0139
v  -0.0031 0.5369 -0.0278
v  -0.0001 0.3388 -0.0022
v  0.0252 0.5995 -0.0011
v  0.0051 0.5726 -0.0005
v  0.0125 0.5855 -0.0007
v  0.0296 0.5641 -0.0006
v  -0.0040 0.5146 -0.0000
v  -0.0042 0.5370 -0.0000
v  0.0112 0.5113 -0.0000
v  0.0001 0.5584 -0.0002
v  0.0002 0.3387 -0.0011
v  0.0013 0.3383 -0.0001
v  0.0069 0.5126 0.0153
v  0.0014 0.5127 0.0167
v  0.0006 0.3385 0.0001
v  0.0363 0.5960 0.0008
v  0.0304 0.5981 0.0024
v  0.0015 0.5581 0.0316
v  0.0073 0.5731 0.0299
v  0.0024 0.5748 0.0148
v  -0.0025 0.5595 0.0156
v  0.0165 0.5521 0.0316
v  0.0217 0.5675 0.0299
v  0.0128 0.5708 0.0310
v  0.0072 0.5557 0.0330
v  0.0258 0.5491 0.0157
v  0.0182 0.5310 0.0139
v  0.0359 0.5799 0.0111
v  0.0138 0.5852 0.0232
v  0.0226 0.5959 0.0036
v  0.0103 0.5874 0.0112
v  0.0269 0.5805 0.0231
v  0.0193 0.5834 0.0242
v  0.0320 0.5649 0.0151
v  0.0106 0.5334 0.0278
v  0.0032 0.5342 0.0290
v  0.0125 0.5105 0.0074
v  -0.0037 0.5146 0.0152
v  -0.0029 0.5367 0.0278
v  -0.0055 0.5376 0.0138
v  -0.0045 0.5149 0.0064
v  -0.0001 0.3388 -0.0001
v  0.0012 0.3384 -0.0011
v  0.0085 0.3244 -0.0101
v  0.0152 0.4785 -0.0426
v  0.0191 0.4811 -0.0371
v  0.0090 0.3249 -0.0094
v  -0.0440 0.5347 -0.0869
v  -0.0483 0.5372 -0.0890
v  -0.0484 0.5416 -0.0871
v  -0.0440 0.5416 -0.0855
v  0.0155 0.5305 -0.0611
v  0.0063 0.5418 -0.0667
v  0.0004 0.5412 -0.0570
v  0.0106 0.5287 -0.0513
v  0.0087 0.5200 -0.0793
v  0.0009 0.5286 -0.0822
v  0.0047 0.5375 -0.0743
v  0.0133 0.5276 -0.0708
v  -0.0060 0.5480 -0.0704
v  -0.0387 0.5443 -0.0743
v  -0.0128 0.5467 -0.0640
v  -0.0101 0.5336 -0.0839
v  -0.0067 0.5434 -0.0763
v  -0.0096 0.5206 -0.0819
v  -0.0188 0.5266 -0.0850
v  0.0175 0.4977 -0.0607
v  0.0217 0.5028 -0.0539
v  0.0048 0.4725 -0.0442
v  0.0179 0.4842 -0.0298
v  0.0232 0.5066 -0.0462
v  0.0182 0.5075 -0.0381
v  0.0113 0.4828 -0.0260
v  0.0075 0.4924 -0.0607
v  0.0154 0.5087 -0.0713
v  0.0197 0.5151 -0.0632
v  0.0215 0.5186 -0.0541
v  0.0158 0.5177 -0.0457
v  0.0089 0.3253 -0.0087
v  -0.0221 0.5432 -0.0576
v  -0.0299 0.5394 -0.0546
v  -0.0234 0.5314 -0.0466
v  -0.0094 0.5378 -0.0489
v  -0.0167 0.5045 -0.0717
v  -0.0030 0.5121 -0.0783
v  0.0031 0.5020 -0.0704
v  -0.0114 0.4954 -0.0644
v  -0.0296 0.5206 -0.0825
v  -0.0259 0.4980 -0.0668
v  -0.0318 0.5064 -0.0735
v  -0.0225 0.5128 -0.0776
v  0.0076 0.5051 -0.0314
v  -0.0057 0.4995 -0.0295
v  0.0025 0.4797 -0.0239
v  -0.0041 0.4687 -0.0412
v  -0.0148 0.4813 -0.0546
v  -0.0046 0.4869 -0.0573
v  -0.0002 0.5251 -0.0424
v  -0.0169 0.5204 -0.0400
v  -0.0111 0.5102 -0.0343
v  0.0045 0.5149 -0.0376
v  -0.0204 0.4894 -0.0608
v  0.0078 0.3249 -0.0084
v  -0.0374 0.5153 -0.0796
v  -0.0445 0.5428 -0.0793
v  0.0064 0.3239 -0.0089
v  0.0066 0.3242 -0.0081
v  -0.0161 0.4719 -0.0176
v  -0.0178 0.4699 -0.0244
v  -0.0477 0.5337 -0.0849
v  -0.0492 0.5402 -0.0827
v  -0.0526 0.5128 -0.0235
v  -0.0417 0.5151 -0.0224
v  -0.0464 0.5290 -0.0311
v  -0.0572 0.5253 -0.0317
v  -0.0600 0.5021 -0.0413
v  -0.0582 0.5089 -0.0313
v  -0.0609 0.5204 -0.0381
v  -0.0621 0.5122 -0.0474
v  -0.0568 0.5347 -0.0423
v  -0.0481 0.5375 -0.0446
v  -0.0436 0.5430 -0.0716
v  -0.0603 0.5205 -0.0562
v  -0.0595 0.5297 -0.0471
v  -0.0546 0.5173 -0.0652
v  -0.0541 0.5090 -0.0574
v  -0.0391 0.4870 -0.0204
v  -0.0407 0.4825 -0.0286
v  -0.0120 0.4681 -0.0349
v  -0.0109 0.4767 -0.0140
v  -0.0043 0.4788 -0.0174
v  -0.0265 0.4958 -0.0133
v  -0.0350 0.4914 -0.0141
v  -0.0341 0.4815 -0.0378
v  -0.0504 0.4969 -0.0246
v  -0.0524 0.4910 -0.0338
v  -0.0355 0.5043 -0.0174
v  -0.0451 0.5012 -0.0174
v  0.0070 0.3248 -0.0076
v  -0.0373 0.5392 -0.0492
v  -0.0342 0.5313 -0.0353
v  -0.0365 0.4993 -0.0608
v  -0.0295 0.4906 -0.0544
v  -0.0435 0.4898 -0.0447
v  -0.0509 0.4996 -0.0518
v  -0.0454 0.5165 -0.0738
v  -0.0418 0.5078 -0.0670
v  -0.0160 0.4978 -0.0205
v  -0.0238 0.4819 -0.0467
v  -0.0283 0.5178 -0.0270
v  -0.0227 0.5078 -0.0226
v  0.0075 0.3242 -0.0094
v  0.0044 0.3144 -0.0014
v  -0.0262 0.4647 0.0033
v  -0.0217 0.4669 -0.0055
v  0.0049 0.3148 -0.0025
v  -0.0528 0.5630 0.0784
v  -0.0530 0.5681 0.0837
v  -0.0513 0.5740 0.0814
v  -0.0521 0.5723 0.0755
v  -0.0572 0.5344 -0.0031
v  -0.0601 0.5532 0.0070
v  -0.0448 0.5542 0.0092
v  -0.0420 0.5336 -0.0019
v  -0.0740 0.5229 0.0180
v  -0.0738 0.5376 0.0257
v  -0.0677 0.5481 0.0142
v  -0.0673 0.5313 0.0056
v  -0.0579 0.5661 0.0213
v  -0.0424 0.5736 0.0629
v  -0.0461 0.5667 0.0267
v  -0.0697 0.5487 0.0377
v  -0.0639 0.5604 0.0265
v  -0.0663 0.5307 0.0406
v  -0.0650 0.5425 0.0508
v  -0.0531 0.4896 0.0046
v  -0.0476 0.4950 -0.0059
v  -0.0216 0.4602 0.0187
v  -0.0123 0.4715 -0.0090
v  -0.0392 0.4996 -0.0133
v  -0.0264 0.5026 -0.0121
v  -0.0037 0.4720 -0.0027
v  -0.0470 0.4859 0.0186
v  -0.0669 0.5050 0.0096
v  -0.0602 0.5121 -0.0020
v  -0.0501 0.5162 -0.0104
v  -0.0363 0.5171 -0.0080
v  0.0058 0.3155 -0.0030
v  -0.0325 0.5652 0.0356
v  -0.0238 0.5629 0.0446
v  -0.0171 0.5494 0.0355
v  -0.0290 0.5529 0.0179
v  -0.0480 0.5111 0.0495
v  -0.0650 0.5165 0.0340
v  -0.0579 0.5003 0.0262
v  -0.0412 0.4966 0.0425
v  -0.0548 0.5383 0.0642
v  -0.0359 0.5056 0.0599
v  -0.0413 0.5194 0.0673
v  -0.0525 0.5248 0.0562
v  -0.0117 0.5032 -0.0021
v  -0.0013 0.5002 0.0148
v  0.0041 0.4709 0.0078
v  -0.0125 0.4582 0.0292
v  -0.0254 0.4787 0.0459
v  -0.0352 0.4827 0.0331
v  -0.0244 0.5326 0.0075
v  -0.0113 0.5321 0.0279
v  -0.0060 0.5164 0.0209
v  -0.0194 0.5173 0.0022
v  -0.0310 0.4918 0.0532
v  0.0067 0.3153 -0.0017
v  -0.0460 0.5340 0.0738
v  -0.0447 0.5739 0.0726
v  0.0070 0.3144 0.0007
v  0.0080 0.3148 -0.0001
v  0.0234 0.4669 0.0296
v  0.0160 0.4647 0.0361
v  -0.0481 0.5630 0.0821
v  -0.0454 0.5723 0.0806
v  0.0303 0.5345 0.0644
v  0.0251 0.5336 0.0501
v  0.0153 0.5542 0.0558
v  0.0214 0.5532 0.0701
v  0.0148 0.5233 0.0857
v  0.0248 0.5315 0.0763
v  0.0167 0.5483 0.0792
v  0.0075 0.5379 0.0878
v  0.0072 0.5661 0.0719
v  -0.0010 0.5666 0.0618
v  -0.0362 0.5735 0.0678
v  -0.0050 0.5489 0.0873
v  0.0039 0.5605 0.0790
v  -0.0186 0.5427 0.0861
v  -0.0087 0.5310 0.0844
v  0.0302 0.4950 0.0546
v  0.0215 0.4896 0.0625
v  -0.0000 0.4602 0.0355
v  0.0245 0.4715 0.0196
v  0.0163 0.4720 0.0128
v  0.0310 0.5026 0.0325
v  0.0354 0.4996 0.0446
v  0.0064 0.4859 0.0600
v  0.0299 0.5123 0.0674
v  0.0206 0.5053 0.0766
v  0.0295 0.5171 0.0431
v  0.0353 0.5162 0.0559
v  0.0083 0.3155 -0.0011
v  -0.0131 0.5652 0.0508
v  0.0028 0.5530 0.0426
v  -0.0224 0.5113 0.0688
v  -0.0178 0.4967 0.0603
v  0.0024 0.5006 0.0721
v  -0.0029 0.5169 0.0811
v  -0.0343 0.5384 0.0797
v  -0.0275 0.5249 0.0752
v  0.0160 0.5016 0.0230
v  -0.0106 0.4827 0.0522
v  0.0115 0.5326 0.0354
v  0.0154 0.5173 0.0292
v  0.0058 0.3145 -0.0004
v  0.0023 0.3087 0.0088
v  -0.0146 0.4496 0.0559
v  -0.0184 0.4513 0.0486
v  0.0017 0.3090 0.0079
v  0.0131 0.5609 0.1346
v  0.0236 0.5669 0.1314
v  0.0229 0.5716 0.1281
v  0.0122 0.5652 0.1303
v  -0.0384 0.5014 0.0896
v  -0.0207 0.5382 0.1167
v  -0.0169 0.5083 0.0758
v  -0.0348 0.4883 0.1102
v  -0.0172 0.5289 0.1339
v  -0.0214 0.5357 0.1225
v  -0.0396 0.4973 0.0963
v  0.0110 0.5630 0.1230
v  0.0174 0.5470 0.1001
v  0.0049 0.4876 0.1095
v  0.0121 0.5288 0.1336
v  -0.0325 0.4704 0.0829
v  -0.0362 0.4731 0.0737
v  0.0040 0.4444 0.0629
v  -0.0175 0.4560 0.0411
v  -0.0356 0.4782 0.0655
v  -0.0146 0.4859 0.0509
v  -0.0066 0.4610 0.0317
v  0.0036 0.4644 0.0882
v  0.0019 0.3098 0.0069
v  0.0123 0.5095 0.0715
v  0.0207 0.4863 0.1087
v  0.0250 0.5266 0.1345
v  0.0074 0.4893 0.0439
v  0.0051 0.4615 0.0297
v  0.0121 0.4433 0.0614
v  0.0166 0.4647 0.0859
v  0.0034 0.3104 0.0058
v  0.0215 0.5692 0.1213
v  0.0055 0.3092 0.0074
v  0.0056 0.3097 0.0063
v  0.0328 0.4599 0.0277
v  0.0326 0.4573 0.0370
v  0.0342 0.5628 0.1288
v  0.0332 0.5671 0.1246
v  0.0637 0.5166 0.0519
v  0.0396 0.5168 0.0550
v  0.0574 0.5481 0.0907
v  0.0692 0.5025 0.0735
v  0.0675 0.5129 0.0571
v  0.0604 0.5459 0.0953
v  0.0618 0.5381 0.1083
v  0.0314 0.5648 0.1174
v  0.0360 0.5313 0.1264
v  0.0348 0.4916 0.0991
v  0.0568 0.4874 0.0384
v  0.0572 0.4840 0.0492
v  0.0195 0.4467 0.0570
v  0.0290 0.4640 0.0218
v  0.0143 0.4647 0.0228
v  0.0291 0.4928 0.0339
v  0.0531 0.4920 0.0317
v  0.0286 0.4680 0.0789
v  0.0050 0.3103 0.0055
v  0.0039 0.3090 0.0080
v  -0.0057 0.3087 0.0004
v  -0.0539 0.4496 0.0002
v  -0.0483 0.4513 -0.0058
v  -0.0051 0.3090 -0.0004
v  -0.1184 0.5609 0.0532
v  -0.1118 0.5669 0.0620
v  -0.1089 0.5716 0.0601
v  -0.1147 0.5652 0.0509
v  -0.0937 0.5014 -0.0106
v  -0.1131 0.5382 0.0153
v  -0.0734 0.5083 0.0049
v  -0.1119 0.4883 -0.0002
v  -0.1281 0.5289 0.0245
v  -0.1188 0.5357 0.0166
v  -0.1005 0.4973 -0.0095
v  -0.1082 0.5630 0.0472
v  -0.0845 0.5470 0.0455
v  -0.0976 0.4876 0.0369
v  -0.1178 0.5288 0.0519
v  -0.0854 0.4704 -0.0073
v  -0.0780 0.4731 -0.0139
v  -0.0541 0.4444 0.0201
v  -0.0410 0.4560 -0.0076
v  -0.0701 0.4782 -0.0162
v  -0.0492 0.4859 -0.0015
v  -0.0285 0.4610 -0.0005
v  -0.0780 0.4644 0.0284
v  -0.0041 0.3098 -0.0006
v  -0.0594 0.5095 0.0309
v  -0.0914 0.4863 0.0515
v  -0.1142 0.5266 0.0644
v  -0.0351 0.4893 0.0168
v  -0.0225 0.4615 0.0097
v  -0.0500 0.4433 0.0272
v  -0.0714 0.4647 0.0398
v  -0.0026 0.3104 0.0004
v  -0.1030 0.5692 0.0565
v  -0.0034 0.3092 0.0030
v  -0.0022 0.3097 0.0026
v  -0.0112 0.4599 0.0351
v  -0.0200 0.4573 0.0381
v  -0.1057 0.5628 0.0711
v  -0.1021 0.5671 0.0686
v  -0.0233 0.5166 0.0725
v  -0.0346 0.5168 0.0509
v  -0.0620 0.5481 0.0798
v  -0.0418 0.5025 0.0850
v  -0.0270 0.5129 0.0778
v  -0.0653 0.5459 0.0842
v  -0.0770 0.5381 0.0899
v  -0.0959 0.5648 0.0645
v  -0.1028 0.5313 0.0719
v  -0.0776 0.4916 0.0614
v  -0.0131 0.4874 0.0613
v  -0.0230 0.4840 0.0654
v  -0.0433 0.4467 0.0327
v  -0.0069 0.4640 0.0295
v  -0.0129 0.4647 0.0161
v  -0.0183 0.4928 0.0338
v  -0.0080 0.4920 0.0555
v  -0.0607 0.4680 0.0487
v  -0.0017 0.3103 0.0019
v  -0.0044 0.3090 0.0016
v  -0.0006 0.3087 -0.0100
v  -0.0150 0.4496 -0.0557
v  -0.0075 0.4513 -0.0526
v  0.0004 0.3090 -0.0097
v  -0.0869 0.5609 -0.0982
v  -0.0928 0.5669 -0.0891
v  -0.0901 0.5716 -0.0870
v  -0.0834 0.5652 -0.0955
v  -0.0184 0.5014 -0.0969
v  -0.0495 0.5382 -0.1062
v  -0.0261 0.5083 -0.0725
v  -0.0345 0.4883 -0.1103
v  -0.0632 0.5289 -0.1171
v  -0.0526 0.5357 -0.1111
v  -0.0218 0.4973 -0.1028
v  -0.0778 0.5630 -0.0906
v  -0.0680 0.5470 -0.0690
v  -0.0644 0.4876 -0.0843
v  -0.0855 0.5288 -0.0981
v  -0.0187 0.4704 -0.0879
v  -0.0100 0.4731 -0.0832
v  -0.0338 0.4444 -0.0491
v  -0.0033 0.4560 -0.0462
v  -0.0052 0.4782 -0.0766
v  -0.0118 0.4859 -0.0519
v  -0.0056 0.4610 -0.0321
v  -0.0498 0.4644 -0.0688
v  0.0009 0.3098 -0.0088
v  -0.0457 0.5095 -0.0504
v  -0.0760 0.4863 -0.0735
v  -0.0959 0.5266 -0.0905
v  -0.0242 0.4893 -0.0324
v  -0.0132 0.4615 -0.0230
v  -0.0390 0.4433 -0.0428
v  -0.0582 0.4647 -0.0587
v  0.0005 0.3104 -0.0070
v  -0.0847 0.5692 -0.0826
v  -0.0022 0.3092 -0.0069
v  -0.0015 0.3097 -0.0060
v  -0.0332 0.4599 -0.0037
v  -0.0391 0.4573 -0.0109
v  -0.0993 0.5628 -0.0802
v  -0.0958 0.5671 -0.0777
v  -0.0725 0.5166 -0.0023
v  -0.0560 0.5168 -0.0203
v  -0.0926 0.5481 -0.0361
v  -0.0905 0.5025 -0.0154
v  -0.0787 0.5129 -0.0039
v  -0.0979 0.5459 -0.0377
v  -0.1072 0.5381 -0.0468
v  -0.0898 0.5648 -0.0732
v  -0.0991 0.5313 -0.0772
v  -0.0806 0.4916 -0.0571
v  -0.0585 0.4874 0.0035
v  -0.0657 0.4840 -0.0044
v  -0.0419 0.4467 -0.0347
v  -0.0265 0.4640 -0.0015
v  -0.0159 0.4647 -0.0118
v  -0.0344 0.4928 -0.0108
v  -0.0513 0.4920 0.0063
v  -0.0629 0.4680 -0.0456
v  -0.0006 0.3103 -0.0057
v  -0.0013 0.3090 -0.0084
v  0.0109 0.3087 -0.0087
v  0.0508 0.4496 -0.0383
v  0.0505 0.4513 -0.0302
v  0.0109 0.3090 -0.0077
v  0.0662 0.5609 -0.1204
v  0.0555 0.5669 -0.1229
v  0.0545 0.5716 -0.1196
v  0.0648 0.5652 -0.1162
v  0.0883 0.5014 -0.0556
v  0.0865 0.5382 -0.0880
v  0.0628 0.5083 -0.0545
v  0.0955 0.4883 -0.0753
v  0.0921 0.5289 -0.1046
v  0.0900 0.5357 -0.0926
v  0.0927 0.4973 -0.0608
v  0.0622 0.5630 -0.1092
v  0.0452 0.5470 -0.0927
v  0.0608 0.4876 -0.0945
v  0.0666 0.5288 -0.1190
v  0.0798 0.4704 -0.0528
v  0.0784 0.4731 -0.0430
v  0.0382 0.4444 -0.0537
v  0.0459 0.4560 -0.0241
v  0.0738 0.4782 -0.0362
v  0.0483 0.4859 -0.0340
v  0.0319 0.4610 -0.0214
v  0.0512 0.4644 -0.0754
v  0.0103 0.3098 -0.0069
v  0.0353 0.5095 -0.0653
v  0.0467 0.4863 -0.1017
v  0.0558 0.5266 -0.1263
v  0.0258 0.4893 -0.0390
v  0.0207 0.4615 -0.0255
v  0.0305 0.4433 -0.0565
v  0.0388 0.4647 -0.0799
v  0.0085 0.3104 -0.0067
v  0.0523 0.5692 -0.1131
v  0.0075 0.3092 -0.0092
v  0.0068 0.3097 -0.0082
v  -0.0043 0.4599 -0.0377
v  0.0005 0.4573 -0.0456
v  0.0450 0.5628 -0.1259
v  0.0438 0.5671 -0.1218
v  -0.0190 0.5166 -0.0740
v  0.0035 0.5168 -0.0647
v  0.0059 0.5481 -0.1045
v  -0.0129 0.5025 -0.0955
v  -0.0196 0.5129 -0.0805
v  0.0056 0.5459 -0.1100
v  0.0109 0.5381 -0.1219
v  0.0417 0.5648 -0.1146
v  0.0422 0.5313 -0.1247
v  0.0297 0.4916 -0.1004
v  -0.0197 0.4874 -0.0589
v  -0.0147 0.4840 -0.0684
v  0.0219 0.4467 -0.0564
v  -0.0040 0.4640 -0.0306
v  0.0092 0.4647 -0.0242
v  0.0020 0.4928 -0.0412
v  -0.0198 0.4920 -0.0512
v  0.0249 0.4680 -0.0799
v  0.0069 0.3103 -0.0073
v  0.0092 0.3090 -0.0088
v  0.0040 0.2795 0.0155
v  0.0043 0.4029 0.0836
v  -0.0024 0.4100 0.0766
v  0.0031 0.2801 0.0147
v  0.0944 0.4909 0.1911
v  0.1014 0.4934 0.1913
v  0.0995 0.5033 0.1871
v  0.0917 0.5018 0.1856
v  -0.0041 0.4813 0.1275
v  0.0115 0.4963 0.1503
v  0.0341 0.5034 0.1297
v  0.0208 0.4869 0.1073
v  0.0035 0.4559 0.1451
v  0.0190 0.4717 0.1677
v  0.0122 0.4872 0.1579
v  -0.0037 0.4719 0.1354
v  0.0051 0.2822 0.0125
v  0.0122 0.4203 0.0587
v  0.0243 0.4190 0.0528
v  0.0349 0.5048 0.1671
v  0.0850 0.5093 0.1725
v  0.0539 0.5118 0.1518
v  0.0423 0.4824 0.1838
v  0.0362 0.4959 0.1752
v  0.0518 0.4522 0.1687
v  0.0703 0.4686 0.1868
v  -0.0042 0.4329 0.1163
v  -0.0113 0.4428 0.1069
v  0.0239 0.3876 0.0872
v  -0.0016 0.4200 0.0671
v  -0.0123 0.4533 0.0986
v  0.0100 0.4568 0.0820
v  0.0251 0.4175 0.1136
v  0.0031 0.2817 0.0137
v  0.0763 0.5051 0.1428
v  0.0625 0.4963 0.1169
v  0.0371 0.4370 0.1430
v  0.0649 0.4391 0.1252
v  0.0774 0.4534 0.1479
v  0.0352 0.4545 0.0693
v  0.0354 0.3935 0.0747
v  0.0502 0.4170 0.0996
v  0.0501 0.4825 0.0945
v  0.0891 0.4688 0.1693
v  0.0936 0.5117 0.1753
v  0.0081 0.2803 0.0132
v  0.0079 0.2813 0.0119
v  0.0582 0.4119 0.0398
v  0.0602 0.4044 0.0500
v  0.1047 0.4916 0.1847
v  0.1022 0.5024 0.1791
v  0.1098 0.4840 0.0598
v  0.0771 0.4891 0.0729
v  0.0893 0.5055 0.0961
v  0.1205 0.4988 0.0856
v  0.1185 0.4587 0.0770
v  0.1157 0.4745 0.0648
v  0.1259 0.4897 0.0906
v  0.1291 0.4746 0.1025
v  0.0355 0.4212 0.0444
v  0.0072 0.2827 0.0113
v  0.1202 0.5078 0.1157
v  0.0963 0.5138 0.1257
v  0.0957 0.5100 0.1658
v  0.1284 0.4856 0.1321
v  0.1256 0.4990 0.1214
v  0.1134 0.4708 0.1606
v  0.1086 0.4545 0.1346
v  0.0928 0.4459 0.0443
v  0.0962 0.4358 0.0561
v  0.0519 0.3880 0.0706
v  0.0501 0.4219 0.0355
v  0.0593 0.4590 0.0516
v  0.0869 0.4566 0.0386
v  0.0755 0.4192 0.0832
v  0.0948 0.4390 0.1085
v  0.0060 0.2800 0.0143
v  -0.0102 0.2795 0.0070
v  -0.0675 0.4029 0.0408
v  -0.0648 0.4100 0.0314
v  -0.0101 0.2801 0.0058
v  -0.1156 0.4909 0.1725
v  -0.1123 0.4934 0.1787
v  -0.1096 0.5033 0.1750
v  -0.1122 0.5018 0.1675
v  -0.1097 0.4813 0.0555
v  -0.1216 0.4963 0.0804
v  -0.0925 0.5034 0.0897
v  -0.0798 0.4869 0.0669
v  -0.1212 0.4559 0.0708
v  -0.1330 0.4717 0.0956
v  -0.1279 0.4872 0.0848
v  -0.1164 0.4719 0.0598
v  -0.0071 0.2822 0.0064
v  -0.0420 0.4203 0.0351
v  -0.0308 0.4190 0.0427
v  -0.1245 0.5048 0.1090
v  -0.1042 0.5093 0.1551
v  -0.1017 0.5118 0.1178
v  -0.1353 0.4824 0.1237
v  -0.1309 0.4959 0.1142
v  -0.1175 0.4522 0.1244
v  -0.1238 0.4686 0.1495
v  -0.1001 0.4329 0.0497
v  -0.0955 0.4428 0.0389
v  -0.0608 0.3876 0.0595
v  -0.0562 0.4200 0.0274
v  -0.0888 0.4533 0.0339
v  -0.0632 0.4568 0.0449
v  -0.0831 0.4175 0.0738
v  -0.0092 0.2817 0.0053
v  -0.0827 0.5051 0.1327
v  -0.0672 0.4963 0.1078
v  -0.1026 0.4370 0.0989
v  -0.0733 0.4391 0.1141
v  -0.0867 0.4534 0.1362
v  -0.0397 0.4545 0.0604
v  -0.0442 0.3935 0.0632
v  -0.0584 0.4170 0.0886
v  -0.0540 0.4825 0.0858
v  -0.0993 0.4688 0.1571
v  -0.1023 0.5117 0.1640
v  -0.0062 0.2803 0.0093
v  -0.0052 0.2813 0.0086
v  -0.0026 0.4119 0.0656
v  -0.0105 0.4044 0.0723
v  -0.1049 0.4916 0.1783
v  -0.1012 0.5024 0.1733
v  0.0058 0.4840 0.1202
v  -0.0219 0.4891 0.0985
v  -0.0359 0.5055 0.1206
v  -0.0111 0.4988 0.1424
v  -0.0047 0.4587 0.1364
v  0.0045 0.4745 0.1278
v  -0.0127 0.4897 0.1496
v  -0.0215 0.4746 0.1583
v  -0.0180 0.4212 0.0482
v  -0.0051 0.2827 0.0076
v  -0.0373 0.5078 0.1572
v  -0.0580 0.5138 0.1415
v  -0.0930 0.5100 0.1610
v  -0.0474 0.4856 0.1725
v  -0.0396 0.4990 0.1648
v  -0.0796 0.4708 0.1737
v  -0.0595 0.4545 0.1566
v  0.0108 0.4459 0.0978
v  0.0022 0.4358 0.1066
v  -0.0325 0.3880 0.0755
v  -0.0029 0.4219 0.0564
v  -0.0123 0.4590 0.0724
v  0.0127 0.4566 0.0898
v  -0.0315 0.4192 0.1022
v  -0.0438 0.4390 0.1316
v  -0.0082 0.2800 0.0081
v  -0.0100 0.2795 -0.0096
v  -0.0664 0.4029 -0.0428
v  -0.0569 0.4100 -0.0452
v  -0.0089 0.2801 -0.0101
v  -0.2045 0.4909 -0.0186
v  -0.2081 0.4934 -0.0126
v  -0.2036 0.5033 -0.0122
v  -0.1984 0.5018 -0.0182
v  -0.1002 0.4813 -0.0720
v  -0.1277 0.4963 -0.0699
v  -0.1212 0.5034 -0.0401
v  -0.0951 0.4869 -0.0404
v  -0.1192 0.4559 -0.0743
v  -0.1465 0.4717 -0.0722
v  -0.1346 0.4872 -0.0731
v  -0.1072 0.4719 -0.0756
v  -0.0079 0.2822 -0.0072
v  -0.0487 0.4203 -0.0235
v  -0.0496 0.4190 -0.0101
v  -0.1539 0.5048 -0.0581
v  -0.1836 0.5093 -0.0174
v  -0.1501 0.5118 -0.0339
v  -0.1721 0.4824 -0.0601
v  -0.1616 0.4959 -0.0610
v  -0.1638 0.4522 -0.0443
v  -0.1887 0.4686 -0.0372
v  -0.0904 0.4329 -0.0666
v  -0.0787 0.4428 -0.0680
v  -0.0792 0.3876 -0.0277
v  -0.0490 0.4200 -0.0397
v  -0.0710 0.4533 -0.0647
v  -0.0678 0.4568 -0.0371
v  -0.1027 0.4175 -0.0398
v  -0.0080 0.2817 -0.0095
v  -0.1536 0.5051 -0.0100
v  -0.1242 0.4963 -0.0091
v  -0.1342 0.4370 -0.0441
v  -0.1327 0.4391 -0.0112
v  -0.1586 0.4534 -0.0117
v  -0.0694 0.4545 -0.0089
v  -0.0741 0.3935 -0.0114
v  -0.1032 0.4170 -0.0111
v  -0.0986 0.4825 -0.0086
v  -0.1830 0.4688 -0.0122
v  -0.1904 0.5117 -0.0113
v  -0.0100 0.2803 -0.0049
v  -0.0089 0.2813 -0.0045
v  -0.0554 0.4119 0.0258
v  -0.0651 0.4044 0.0224
v  -0.2041 0.4916 -0.0064
v  -0.1979 0.5024 -0.0058
v  -0.0984 0.4840 0.0604
v  -0.0935 0.4891 0.0255
v  -0.1196 0.5055 0.0245
v  -0.1261 0.4988 0.0568
v  -0.1177 0.4587 0.0594
v  -0.1057 0.4745 0.0631
v  -0.1332 0.4897 0.0590
v  -0.1450 0.4746 0.0558
v  -0.0480 0.4212 0.0038
v  -0.0080 0.2827 -0.0049
v  -0.1520 0.5078 0.0415
v  -0.1488 0.5138 0.0158
v  -0.1832 0.5100 -0.0048
v  -0.1703 0.4856 0.0404
v  -0.1597 0.4990 0.0433
v  -0.1875 0.4708 0.0132
v  -0.1626 0.4545 0.0220
v  -0.0766 0.4459 0.0535
v  -0.0885 0.4358 0.0505
v  -0.0788 0.3880 0.0049
v  -0.0475 0.4219 0.0209
v  -0.0661 0.4590 0.0208
v  -0.0686 0.4566 0.0512
v  -0.1015 0.4192 0.0190
v  -0.1331 0.4390 0.0231
v  -0.0100 0.2800 -0.0073
v  0.0060 0.2797 -0.0181
v  0.0122 0.4045 -0.0843
v  0.0198 0.4118 -0.0774
v  0.0070 0.2804 -0.0173
v  -0.0810 0.4914 -0.1917
v  -0.0883 0.4936 -0.1919
v  -0.0857 0.5037 -0.1878
v  -0.0774 0.5025 -0.1863
v  0.0224 0.4834 -0.1284
v  0.0064 0.4983 -0.1511
v  -0.0149 0.5057 -0.1307
v  -0.0012 0.4894 -0.1083
v  0.0125 0.4574 -0.1457
v  -0.0034 0.4730 -0.1683
v  0.0048 0.4889 -0.1586
v  0.0211 0.4738 -0.1362
v  0.0051 0.2825 -0.0151
v  0.0063 0.4225 -0.0596
v  -0.0062 0.4210 -0.0537
v  -0.0176 0.5067 -0.1679
v  -0.0694 0.5104 -0.1732
v  -0.0358 0.5139 -0.1526
v  -0.0272 0.4836 -0.1843
v  -0.0198 0.4974 -0.1759
v  -0.0377 0.4531 -0.1691
v  -0.0568 0.4693 -0.1871
v  0.0207 0.4345 -0.1170
v  0.0288 0.4447 -0.1077
v  -0.0089 0.3887 -0.0877
v  0.0201 0.4221 -0.0680
v  0.0308 0.4555 -0.0995
v  0.0095 0.4593 -0.0830
v  -0.0097 0.4187 -0.1141
v  0.0071 0.2821 -0.0163
v  -0.0595 0.5066 -0.1436
v  -0.0444 0.4982 -0.1178
v  -0.0224 0.4381 -0.1435
v  -0.0506 0.4398 -0.1259
v  -0.0638 0.4539 -0.1486
v  -0.0164 0.4567 -0.0703
v  -0.0202 0.3945 -0.0753
v  -0.0355 0.4178 -0.1003
v  -0.0314 0.4846 -0.0954
v  -0.0760 0.4691 -0.1699
v  -0.0786 0.5126 -0.1761
v  0.0018 0.2805 -0.0158
v  0.0020 0.2815 -0.0146
v  -0.0430 0.4125 -0.0409
v  -0.0457 0.4048 -0.0510
v  -0.0919 0.4917 -0.1854
v  -0.0885 0.5028 -0.1798
v  -0.0965 0.4837 -0.0611
v  -0.0601 0.4905 -0.0740
v  -0.0728 0.5066 -0.0972
v  -0.1076 0.4983 -0.0869
v  -0.1072 0.4574 -0.0785
v  -0.1034 0.4738 -0.0661
v  -0.1140 0.4888 -0.0920
v  -0.1182 0.4731 -0.1039
v  -0.0178 0.4230 -0.0453
v  0.0029 0.2829 -0.0140
v  -0.1069 0.5075 -0.1170
v  -0.0804 0.5148 -0.1268
v  -0.0807 0.5107 -0.1667
v  -0.1171 0.4845 -0.1334
v  -0.1134 0.4983 -0.1228
v  -0.1018 0.4701 -0.1615
v  -0.0970 0.4538 -0.1356
v  -0.0794 0.4457 -0.0456
v  -0.0837 0.4351 -0.0575
v  -0.0380 0.3884 -0.0714
v  -0.0335 0.4231 -0.0365
v  -0.0419 0.4606 -0.0527
v  -0.0724 0.4569 -0.0398
v  -0.0621 0.4192 -0.0842
v  -0.0825 0.4386 -0.1095
v  0.0039 0.2802 -0.0169
v  0.0187 0.2795 -0.0092
v  0.0785 0.4029 -0.0408
v  0.0758 0.4100 -0.0314
v  0.0186 0.2801 -0.0080
v  0.1266 0.4909 -0.1725
v  0.1232 0.4934 -0.1787
v  0.1206 0.5033 -0.1750
v  0.1231 0.5018 -0.1675
v  0.1207 0.4813 -0.0555
v  0.1326 0.4963 -0.0804
v  0.1035 0.5034 -0.0897
v  0.0908 0.4869 -0.0669
v  0.1322 0.4559 -0.0708
v  0.1440 0.4717 -0.0956
v  0.1388 0.4872 -0.0848
v  0.1273 0.4719 -0.0598
v  0.0156 0.2822 -0.0087
v  0.0530 0.4203 -0.0351
v  0.0418 0.4190 -0.0427
v  0.1355 0.5048 -0.1090
v  0.1151 0.5093 -0.1551
v  0.1127 0.5118 -0.1178
v  0.1463 0.4824 -0.1237
v  0.1419 0.4959 -0.1142
v  0.1285 0.4522 -0.1244
v  0.1348 0.4686 -0.1495
v  0.1111 0.4329 -0.0497
v  0.1065 0.4428 -0.0389
v  0.0718 0.3876 -0.0595
v  0.0671 0.4200 -0.0274
v  0.0997 0.4533 -0.0339
v  0.0742 0.4568 -0.0449
v  0.0941 0.4175 -0.0738
v  0.0177 0.2817 -0.0075
v  0.0937 0.5051 -0.1327
v  0.0782 0.4963 -0.1078
v  0.1136 0.4370 -0.0989
v  0.0843 0.4391 -0.1141
v  0.0977 0.4534 -0.1362
v  0.0507 0.4545 -0.0604
v  0.0552 0.3935 -0.0632
v  0.0694 0.4170 -0.0886
v  0.0650 0.4825 -0.0858
v  0.1103 0.4688 -0.1571
v  0.1133 0.5117 -0.1640
v  0.0147 0.2803 -0.0116
v  0.0137 0.2813 -0.0109
v  0.0136 0.4119 -0.0656
v  0.0215 0.4044 -0.0723
v  0.1158 0.4916 -0.1783
v  0.1122 0.5024 -0.1733
v  0.0051 0.4840 -0.1202
v  0.0329 0.4891 -0.0985
v  0.0469 0.5055 -0.1206
v  0.0221 0.4988 -0.1424
v  0.0157 0.4587 -0.1364
v  0.0065 0.4745 -0.1278
v  0.0237 0.4897 -0.1496
v  0.0325 0.4746 -0.1583
v  0.0290 0.4212 -0.0482
v  0.0136 0.2827 -0.0099
v  0.0483 0.5078 -0.1572
v  0.0689 0.5138 -0.1415
v  0.1040 0.5100 -0.1610
v  0.0584 0.4856 -0.1725
v  0.0506 0.4990 -0.1648
v  0.0906 0.4708 -0.1737
v  0.0705 0.4545 -0.1566
v  0.0002 0.4459 -0.0978
v  0.0088 0.4358 -0.1066
v  0.0435 0.3880 -0.0755
v  0.0139 0.4219 -0.0564
v  0.0233 0.4590 -0.0724
v  -0.0018 0.4566 -0.0898
v  0.0425 0.4192 -0.1022
v  0.0548 0.4390 -0.1316
v  0.0167 0.2800 -0.0104
v  0.0378 0.2621 0.0024
v  0.0681 0.3449 0.0791
v  0.0556 0.3515 0.0803
v  0.0366 0.2631 0.0023
v  0.1990 0.4388 0.1428
v  0.2140 0.4461 0.1387
v  0.2132 0.4535 0.1399
v  0.1953 0.4455 0.1422
v  0.0671 0.4214 0.1422
v  0.0943 0.4375 0.1551
v  0.1205 0.4513 0.1138
v  0.0948 0.4330 0.1003
v  0.0839 0.3923 0.1496
v  0.1127 0.4075 0.1617
v  0.0993 0.4252 0.1599
v  0.0712 0.4096 0.1477
v  0.1258 0.4478 0.1588
v  0.1821 0.4526 0.1366
v  0.1533 0.4574 0.1257
v  0.1446 0.4214 0.1637
v  0.1320 0.4364 0.1632
v  0.1616 0.3907 0.1301
v  0.1854 0.4103 0.1398
v  0.0671 0.3718 0.1214
v  0.0552 0.3816 0.1187
v  0.0937 0.3322 0.0661
v  0.0556 0.3614 0.0692
v  0.0499 0.3937 0.1137
v  0.0720 0.3992 0.0817
v  0.0653 0.3639 0.0546
v  0.1158 0.3533 0.0903
v  0.0366 0.2642 0.0013
v  0.1645 0.4476 0.1117
v  0.1388 0.4398 0.0962
v  0.1369 0.3738 0.1133
v  0.1505 0.3805 0.0892
v  0.1724 0.3952 0.1043
v  0.0933 0.3964 0.0603
v  0.0793 0.3611 0.0418
v  0.0985 0.3414 0.0504
v  0.1243 0.3599 0.0702
v  0.1168 0.4270 0.0813
v  0.0388 0.2639 -0.0010
v  0.1933 0.4104 0.1190
v  0.2066 0.4565 0.1367
v  0.0420 0.2620 -0.0024
v  0.0417 0.2629 -0.0035
v  0.1119 0.3535 0.0126
v  0.1161 0.3467 0.0211
v  0.2144 0.4397 0.1242
v  0.2109 0.4462 0.1235
v  0.1622 0.4253 0.0311
v  0.1286 0.4346 0.0609
v  0.1494 0.4522 0.0802
v  0.1832 0.4411 0.0515
v  0.1792 0.3974 0.0368
v  0.1704 0.4141 0.0314
v  0.1911 0.4296 0.0523
v  0.2004 0.4131 0.0576
v  0.1983 0.4506 0.0741
v  0.1740 0.4580 0.1016
v  0.1982 0.4532 0.1176
v  0.2144 0.4257 0.0805
v  0.2065 0.4400 0.0756
v  0.2118 0.4123 0.1075
v  0.1958 0.3932 0.0886
v  0.1413 0.3864 0.0163
v  0.1495 0.3764 0.0231
v  0.1147 0.3330 0.0407
v  0.1007 0.3617 0.0171
v  0.0865 0.3663 0.0273
v  0.1083 0.4015 0.0386
v  0.1331 0.3980 0.0151
v  0.1443 0.3542 0.0568
v  0.0408 0.2640 -0.0035
v  0.1720 0.3757 0.0715
v  0.0397 0.2624 -0.0002
v  0.0018 0.2682 0.0212
v  -0.0236 0.3548 0.0937
v  -0.0312 0.3616 0.0852
v  0.0012 0.2692 0.0202
v  0.0205 0.4428 0.2366
v  0.0342 0.4487 0.2459
v  0.0343 0.4549 0.2467
v  0.0203 0.4483 0.2341
v  -0.0556 0.4287 0.1372
v  -0.0468 0.4434 0.1667
v  0.0009 0.4508 0.1621
v  -0.0073 0.4351 0.1330
v  -0.0546 0.4025 0.1528
v  -0.0454 0.4177 0.1823
v  -0.0490 0.4334 0.1724
v  -0.0584 0.4186 0.1429
v  -0.0304 0.4519 0.1932
v  0.0189 0.4538 0.2217
v  0.0120 0.4568 0.1943
v  -0.0281 0.4299 0.2079
v  -0.0319 0.4429 0.1995
v  0.0000 0.3995 0.1976
v  0.0093 0.4179 0.2223
v  -0.0477 0.3819 0.1214
v  -0.0518 0.3917 0.1110
v  -0.0016 0.3414 0.1042
v  -0.0227 0.3718 0.0780
v  -0.0504 0.4025 0.1044
v  -0.0141 0.4060 0.1011
v  -0.0068 0.3740 0.0760
v  -0.0023 0.3628 0.1370
v  0.0018 0.2705 0.0195
v  0.0278 0.4482 0.1929
v  0.0233 0.4407 0.1637
v  -0.0039 0.3832 0.1680
v  0.0233 0.3888 0.1632
v  0.0273 0.4027 0.1898
v  0.0139 0.4027 0.1034
v  0.0101 0.3711 0.0781
v  0.0129 0.3510 0.0977
v  0.0182 0.3690 0.1306
v  0.0192 0.4292 0.1370
v  0.0045 0.2703 0.0196
v  0.0309 0.4168 0.2155
v  0.0338 0.4572 0.2401
v  0.0072 0.2682 0.0212
v  0.0078 0.2692 0.0202
v  0.0520 0.3616 0.0845
v  0.0471 0.3549 0.0929
v  0.0458 0.4425 0.2369
v  0.0456 0.4481 0.2344
v  0.0887 0.4272 0.1396
v  0.0439 0.4347 0.1338
v  0.0449 0.4504 0.1629
v  0.0886 0.4419 0.1690
v  0.0917 0.4004 0.1551
v  0.0926 0.4168 0.1455
v  0.0918 0.4315 0.1750
v  0.0911 0.4154 0.1848
v  0.0811 0.4507 0.1950
v  0.0437 0.4565 0.1948
v  0.0442 0.4535 0.2220
v  0.0824 0.4282 0.2098
v  0.0837 0.4414 0.2014
v  0.0532 0.4171 0.2230
v  0.0557 0.3985 0.1985
v  0.0783 0.3915 0.1118
v  0.0773 0.3815 0.1222
v  0.0291 0.3415 0.1038
v  0.0423 0.3704 0.0788
v  0.0262 0.3753 0.0746
v  0.0406 0.4060 0.1015
v  0.0753 0.4024 0.1053
v  0.0406 0.3618 0.1376
v  0.0072 0.2705 0.0195
v  0.0511 0.3820 0.1689
v  0.0045 0.2686 0.0209
v  -0.0148 0.2682 0.0109
v  -0.0891 0.3548 0.0320
v  -0.0868 0.3616 0.0218
v  -0.0144 0.2692 0.0099
v  -0.1827 0.4428 0.1383
v  -0.1816 0.4487 0.1541
v  -0.1822 0.4549 0.1546
v  -0.1808 0.4483 0.1368
v  -0.1459 0.4287 0.0310
v  -0.1655 0.4434 0.0526
v  -0.1322 0.4508 0.0850
v  -0.1124 0.4351 0.0641
v  -0.1584 0.4025 0.0400
v  -0.1777 0.4177 0.0620
v  -0.1716 0.4334 0.0541
v  -0.1525 0.4186 0.0320
v  -0.1779 0.4519 0.0782
v  -0.1714 0.4538 0.1291
v  -0.1526 0.4568 0.1096
v  -0.1888 0.4299 0.0877
v  -0.1840 0.4429 0.0805
v  -0.1628 0.3995 0.1026
v  -0.1779 0.4179 0.1223
v  -0.1276 0.3819 0.0286
v  -0.1214 0.3917 0.0201
v  -0.0840 0.3414 0.0542
v  -0.0754 0.3718 0.0243
v  -0.1150 0.4025 0.0176
v  -0.0895 0.4060 0.0428
v  -0.0636 0.3740 0.0353
v  -0.1124 0.3628 0.0703
v  -0.0135 0.2705 0.0098
v  -0.1412 0.4482 0.1211
v  -0.1191 0.4407 0.1030
v  -0.1400 0.3832 0.0847
v  -0.1185 0.3888 0.1029
v  -0.1387 0.4027 0.1194
v  -0.0735 0.4027 0.0654
v  -0.0545 0.3711 0.0494
v  -0.0691 0.3510 0.0619
v  -0.0938 0.3690 0.0827
v  -0.0988 0.4292 0.0864
v  -0.0118 0.2703 0.0120
v  -0.1583 0.4168 0.1353
v  -0.1772 0.4572 0.1504
v  -0.0113 0.2682 0.0151
v  -0.0102 0.2692 0.0149
v  -0.0324 0.3616 0.0857
v  -0.0427 0.3549 0.0862
v  -0.1664 0.4425 0.1583
v  -0.1645 0.4481 0.1568
v  -0.0544 0.4272 0.1440
v  -0.0799 0.4347 0.1042
v  -0.1042 0.4504 0.1195
v  -0.0796 0.4419 0.1590
v  -0.0654 0.4004 0.1546
v  -0.0567 0.4168 0.1503
v  -0.0823 0.4315 0.1648
v  -0.0911 0.4154 0.1694
v  -0.1069 0.4507 0.1659
v  -0.1324 0.4565 0.1346
v  -0.1551 0.4535 0.1491
v  -0.1184 0.4282 0.1748
v  -0.1105 0.4414 0.1715
v  -0.1498 0.4171 0.1571
v  -0.1273 0.3985 0.1465
v  -0.0379 0.3915 0.1210
v  -0.0473 0.3815 0.1257
v  -0.0638 0.3415 0.0777
v  -0.0341 0.3704 0.0749
v  -0.0412 0.3753 0.0600
v  -0.0544 0.4060 0.0853
v  -0.0345 0.4024 0.1152
v  -0.0851 0.3618 0.1039
v  -0.0100 0.2705 0.0140
v  -0.1050 0.3820 0.1279
v  -0.0128 0.2686 0.0128
v  -0.0176 0.2682 -0.0084
v  -0.0807 0.3548 -0.0528
v  -0.0714 0.3616 -0.0575
v  -0.0166 0.2692 -0.0087
v  -0.2223 0.4428 -0.0561
v  -0.2337 0.4487 -0.0451
v  -0.2344 0.4549 -0.0453
v  -0.2199 0.4483 -0.0557
v  -0.1164 0.4287 -0.0969
v  -0.1456 0.4434 -0.0980
v  -0.1489 0.4508 -0.0517
v  -0.1203 0.4351 -0.0500
v  -0.1313 0.4025 -0.1007
v  -0.1606 0.4177 -0.1014
v  -0.1507 0.4334 -0.1017
v  -0.1214 0.4186 -0.1013
v  -0.1732 0.4519 -0.0911
v  -0.2079 0.4538 -0.0534
v  -0.1809 0.4568 -0.0515
v  -0.1874 0.4299 -0.0933
v  -0.1789 0.4429 -0.0943
v  -0.1822 0.3995 -0.0638
v  -0.2069 0.4179 -0.0627
v  -0.1029 0.3819 -0.0844
v  -0.0923 0.3917 -0.0852
v  -0.0944 0.3414 -0.0345
v  -0.0660 0.3718 -0.0472
v  -0.0863 0.4025 -0.0819
v  -0.0892 0.4060 -0.0461
v  -0.0668 0.3740 -0.0311
v  -0.1250 0.3628 -0.0459
v  -0.0159 0.2705 -0.0081
v  -0.1824 0.4482 -0.0354
v  -0.1543 0.4407 -0.0301
v  -0.1537 0.3832 -0.0578
v  -0.1539 0.3888 -0.0297
v  -0.1795 0.4027 -0.0346
v  -0.0962 0.4027 -0.0193
v  -0.0717 0.3711 -0.0150
v  -0.0907 0.3510 -0.0183
v  -0.1226 0.3690 -0.0238
v  -0.1286 0.4292 -0.0252
v  -0.0165 0.2703 -0.0054
v  -0.2043 0.4168 -0.0394
v  -0.2280 0.4572 -0.0441
v  -0.0185 0.2682 -0.0030
v  -0.0177 0.2692 -0.0023
v  -0.0853 0.3616 0.0252
v  -0.0924 0.3549 0.0176
v  -0.2272 0.4425 -0.0308
v  -0.2247 0.4481 -0.0303
v  -0.1441 0.4272 0.0459
v  -0.1301 0.4347 0.0007
v  -0.1574 0.4504 -0.0081
v  -0.1718 0.4419 0.0362
v  -0.1594 0.4004 0.0443
v  -0.1505 0.4168 0.0481
v  -0.1781 0.4315 0.0378
v  -0.1872 0.4154 0.0341
v  -0.1947 0.4507 0.0197
v  -0.1871 0.4565 -0.0199
v  -0.2128 0.4535 -0.0280
v  -0.2089 0.4282 0.0166
v  -0.2013 0.4414 0.0206
v  -0.2155 0.4171 -0.0188
v  -0.1930 0.3985 -0.0084
v  -0.1160 0.3915 0.0437
v  -0.1256 0.3815 0.0395
v  -0.0994 0.3415 -0.0040
v  -0.0781 0.3704 0.0170
v  -0.0713 0.3753 0.0019
v  -0.0992 0.4060 0.0081
v  -0.1093 0.4024 0.0426
v  -0.1332 0.3618 -0.0035
v  -0.0169 0.2705 -0.0027
v  -0.1644 0.3820 -0.0033
v  -0.0178 0.2686 -0.0056
v  0.0019 0.2548 -0.0309
v  -0.0045 0.3428 -0.1079
v  0.0046 0.3509 -0.1031
v  0.0029 0.2557 -0.0304
v  -0.0950 0.4354 -0.2159
v  -0.1110 0.4421 -0.2171
v  -0.1116 0.4491 -0.2174
v  -0.0942 0.4418 -0.2133
v  0.0026 0.4247 -0.1590
v  -0.0154 0.4397 -0.1818
v  -0.0529 0.4471 -0.1547
v  -0.0355 0.4307 -0.1321
v  -0.0027 0.3956 -0.1746
v  -0.0210 0.4108 -0.1974
v  -0.0154 0.4286 -0.1888
v  0.0031 0.4136 -0.1662
v  -0.0382 0.4477 -0.1988
v  -0.0887 0.4483 -0.2021
v  -0.0734 0.4527 -0.1794
v  -0.0442 0.4227 -0.2129
v  -0.0389 0.4375 -0.2060
v  -0.0616 0.3884 -0.1923
v  -0.0789 0.4079 -0.2099
v  0.0039 0.3733 -0.1433
v  0.0106 0.3845 -0.1348
v  -0.0264 0.3277 -0.1078
v  -0.0003 0.3619 -0.0918
v  0.0114 0.3965 -0.1274
v  -0.0174 0.3992 -0.1072
v  -0.0131 0.3641 -0.0821
v  -0.0377 0.3498 -0.1380
v  0.0029 0.2569 -0.0295
v  -0.0861 0.4436 -0.1707
v  -0.0722 0.4362 -0.1456
v  -0.0475 0.3713 -0.1671
v  -0.0698 0.3781 -0.1485
v  -0.0827 0.3926 -0.1708
v  -0.0422 0.3956 -0.0955
v  -0.0285 0.3611 -0.0757
v  -0.0370 0.3383 -0.0938
v  -0.0536 0.3571 -0.1213
v  -0.0593 0.4242 -0.1230
v  0.0004 0.2568 -0.0282
v  -0.0953 0.4075 -0.1925
v  -0.1086 0.4519 -0.2115
v  -0.0029 0.2550 -0.0281
v  -0.0028 0.2559 -0.0270
v  -0.0689 0.3533 -0.0593
v  -0.0670 0.3453 -0.0702
v  -0.1177 0.4362 -0.2029
v  -0.1165 0.4427 -0.2004
v  -0.1208 0.4288 -0.0883
v  -0.0793 0.4324 -0.1069
v  -0.0902 0.4489 -0.1332
v  -0.1310 0.4439 -0.1157
v  -0.1310 0.3984 -0.1015
v  -0.1272 0.4173 -0.0919
v  -0.1368 0.4323 -0.1196
v  -0.1408 0.4137 -0.1294
v  -0.1335 0.4517 -0.1440
v  -0.1004 0.4541 -0.1637
v  -0.1107 0.4494 -0.1893
v  -0.1414 0.4256 -0.1576
v  -0.1388 0.4411 -0.1487
v  -0.1189 0.4090 -0.1871
v  -0.1121 0.3897 -0.1635
v  -0.1026 0.3886 -0.0690
v  -0.1061 0.3767 -0.0794
v  -0.0536 0.3291 -0.0912
v  -0.0580 0.3622 -0.0590
v  -0.0418 0.3666 -0.0637
v  -0.0651 0.4011 -0.0795
v  -0.0970 0.4008 -0.0644
v  -0.0764 0.3507 -0.1159
v  -0.0019 0.2571 -0.0267
v  -0.0973 0.3724 -0.1388
v  -0.0003 0.2552 -0.0292
v  0.0054 0.2499 -0.0337
v  0.0626 0.3372 -0.0885
v  0.0664 0.3455 -0.0776
v  0.0055 0.2508 -0.0327
v  0.0956 0.4351 -0.2215
v  0.0875 0.4424 -0.2337
v  0.0883 0.4496 -0.2338
v  0.0952 0.4416 -0.2186
v  0.1181 0.4223 -0.1091
v  0.1246 0.4379 -0.1372
v  0.0805 0.4470 -0.1475
v  0.0731 0.4299 -0.1205
v  0.1218 0.3911 -0.1263
v  0.1280 0.4071 -0.1545
v  0.1282 0.4260 -0.1427
v  0.1223 0.4104 -0.1144
v  0.1226 0.4464 -0.1655
v  0.0916 0.4485 -0.2063
v  0.0858 0.4528 -0.1792
v  0.1250 0.4199 -0.1819
v  0.1259 0.4356 -0.1717
v  0.0927 0.3851 -0.1847
v  0.0972 0.4060 -0.2078
v  0.0996 0.3682 -0.1025
v  0.0997 0.3802 -0.0905
v  0.0465 0.3228 -0.1060
v  0.0563 0.3577 -0.0729
v  0.0965 0.3932 -0.0839
v  0.0620 0.3971 -0.0928
v  0.0410 0.3606 -0.0761
v  0.0637 0.3454 -0.1333
v  0.0047 0.2519 -0.0322
v  0.0699 0.4437 -0.1838
v  0.0597 0.4360 -0.1571
v  0.0812 0.3674 -0.1586
v  0.0550 0.3760 -0.1619
v  0.0650 0.3912 -0.1855
v  0.0370 0.3941 -0.1042
v  0.0262 0.3581 -0.0836
v  0.0310 0.3347 -0.1038
v  0.0428 0.3542 -0.1332
v  0.0500 0.4237 -0.1331
v  0.0022 0.2520 -0.0331
v  0.0747 0.4066 -0.2082
v  0.0862 0.4525 -0.2273
v  0.0004 0.2503 -0.0353
v  -0.0004 0.2513 -0.0346
v  -0.0095 0.3514 -0.1023
v  -0.0017 0.3431 -0.1090
v  0.0724 0.4366 -0.2296
v  0.0720 0.4431 -0.2267
v  -0.0153 0.4255 -0.1585
v  0.0260 0.4316 -0.1377
v  0.0399 0.4483 -0.1625
v  -0.0008 0.4406 -0.1838
v  -0.0121 0.3968 -0.1745
v  -0.0168 0.4145 -0.1656
v  -0.0016 0.4296 -0.1907
v  0.0030 0.4122 -0.1999
v  0.0194 0.4492 -0.2036
v  0.0565 0.4539 -0.1898
v  0.0683 0.4497 -0.2146
v  0.0238 0.4248 -0.2183
v  0.0193 0.4393 -0.2107
v  0.0574 0.4090 -0.2216
v  0.0427 0.3892 -0.2019
v  -0.0196 0.3869 -0.1323
v  -0.0145 0.3755 -0.1419
v  0.0189 0.3260 -0.1144
v  -0.0027 0.3603 -0.0938
v  0.0105 0.3644 -0.0848
v  0.0118 0.4000 -0.1104
v  -0.0192 0.3988 -0.1249
v  0.0254 0.3486 -0.1463
v  -0.0003 0.2523 -0.0338
v  0.0319 0.3713 -0.1756
v  0.0028 0.2505 -0.0342
v  0.0331 0.2595 0.0257
v  0.0328 0.2605 0.0248
v  0.1142 0.3319 0.0601
v  0.1181 0.3249 0.0669
v  0.1770 0.3694 0.0782
v  0.1456 0.3844 0.0972
v  0.1723 0.3849 0.1301
v  0.1950 0.3748 0.1126
v  0.1793 0.3552 0.0794
v  0.1797 0.3646 0.0767
v  0.1974 0.3704 0.1112
v  0.1964 0.3626 0.1123
v  0.1370 0.3337 0.1321
v  0.1182 0.3231 0.1143
v  0.1421 0.3228 0.0937
v  0.1650 0.3280 0.1093
v  0.0305 0.2613 0.0264
v  0.0893 0.3489 0.0687
v  0.0319 0.2617 0.0247
v  0.2006 0.3755 0.1369
v  0.1886 0.3906 0.1811
v  0.1876 0.3812 0.1798
v  0.1836 0.3454 0.1361
v  0.1505 0.3507 0.0596
v  0.1541 0.3434 0.0656
v  0.1131 0.3047 0.0899
v  0.1068 0.3409 0.0589
v  0.1161 0.3731 0.0742
v  0.1454 0.3588 0.0593
v  0.1966 0.3805 0.1376
v  0.1832 0.3917 0.1761
v  0.1240 0.3805 0.1209
v  0.1528 0.3813 0.1477
v  0.1689 0.3534 0.1620
v  0.0825 0.3439 0.0798
v  0.0975 0.3697 0.0953
v  0.0990 0.3104 0.0963
v  0.1905 0.3626 0.1570
v  0.0298 0.2593 0.0290
v  0.0697 0.3224 0.1146
v  0.0634 0.3294 0.1103
v  0.0290 0.2603 0.0287
v  0.0805 0.3713 0.1693
v  0.1157 0.3755 0.1880
v  0.1337 0.3868 0.1656
v  0.0994 0.3855 0.1405
v  0.0818 0.3548 0.1722
v  0.1158 0.3613 0.1901
v  0.1144 0.3701 0.1908
v  0.0790 0.3656 0.1722
v  0.1129 0.3239 0.1610
v  0.0966 0.3197 0.1385
v  0.0716 0.3475 0.0865
v  0.1412 0.3762 0.1934
v  0.1403 0.3443 0.1771
v  0.0689 0.3405 0.1481
v  0.0633 0.3484 0.1441
v  0.0920 0.3035 0.1107
v  0.0624 0.3387 0.1030
v  0.0631 0.3570 0.1390
v  0.0774 0.3717 0.1122
v  0.0289 0.2615 0.0278
v  0.1419 0.3818 0.1893
v  0.1629 0.3632 0.1825
v  0.0315 0.2590 0.0275
v  0.0054 0.2595 0.0382
v  0.0059 0.2605 0.0374
v  0.0324 0.3319 0.1184
v  0.0294 0.3249 0.1259
v  0.0572 0.3694 0.1748
v  0.0219 0.3844 0.1660
v  0.0118 0.3849 0.2075
v  0.0403 0.3748 0.2112
v  0.0577 0.3552 0.1773
v  0.0602 0.3646 0.1756
v  0.0430 0.3704 0.2120
v  0.0415 0.3626 0.2120
v  -0.0112 0.3337 0.1844
v  -0.0084 0.3231 0.1590
v  0.0228 0.3228 0.1613
v  0.0244 0.3280 0.1880
v  0.0032 0.2613 0.0369
v  0.0099 0.3489 0.1071
v  0.0054 0.2617 0.0367
v  0.0240 0.3755 0.2319
v  -0.0191 0.3906 0.2544
v  -0.0186 0.3812 0.2527
v  0.0141 0.3454 0.2196
v  0.0555 0.3507 0.1434
v  0.0530 0.3434 0.1501
v  0.0080 0.3047 0.1384
v  0.0286 0.3409 0.1124
v  0.0221 0.3731 0.1296
v  0.0526 0.3588 0.1396
v  0.0208 0.3805 0.2297
v  -0.0185 0.3917 0.2471
v  -0.0104 0.3805 0.1676
v  -0.0142 0.3813 0.2062
v  -0.0157 0.3534 0.2274
v  -0.0031 0.3439 0.1101
v  -0.0062 0.3697 0.1313
v  -0.0057 0.3104 0.1330
v  0.0014 0.3626 0.2389
v  0.0008 0.2593 0.0383
v  -0.0380 0.3224 0.1255
v  -0.0386 0.3294 0.1181
v  0.0005 0.2603 0.0374
v  -0.0738 0.3713 0.1712
v  -0.0675 0.3755 0.2087
v  -0.0398 0.3868 0.2054
v  -0.0405 0.3855 0.1641
v  -0.0752 0.3548 0.1742
v  -0.0689 0.3613 0.2102
v  -0.0703 0.3701 0.2097
v  -0.0769 0.3656 0.1722
v  -0.0482 0.3239 0.1879
v  -0.0403 0.3197 0.1608
v  -0.0151 0.3475 0.1072
v  -0.0567 0.3762 0.2301
v  -0.0445 0.3443 0.2181
v  -0.0644 0.3405 0.1484
v  -0.0646 0.3484 0.1417
v  -0.0213 0.3035 0.1383
v  -0.0335 0.3387 0.1123
v  -0.0609 0.3570 0.1380
v  -0.0317 0.3717 0.1291
v  0.0010 0.2615 0.0367
v  -0.0532 0.3818 0.2277
v  -0.0355 0.3632 0.2375
v  0.0031 0.2590 0.0383
v  -0.0226 0.2595 0.0277
v  -0.0217 0.2605 0.0274
v  -0.0546 0.3319 0.1087
v  -0.0614 0.3249 0.1126
v  -0.0727 0.3694 0.1715
v  -0.0917 0.3844 0.1401
v  -0.1246 0.3849 0.1668
v  -0.1071 0.3748 0.1895
v  -0.0739 0.3552 0.1738
v  -0.0712 0.3646 0.1742
v  -0.1057 0.3704 0.1919
v  -0.1068 0.3626 0.1909
v  -0.1266 0.3337 0.1315
v  -0.1088 0.3231 0.1127
v  -0.0882 0.3228 0.1366
v  -0.1038 0.3280 0.1595
v  -0.0233 0.2613 0.0251
v  -0.0632 0.3489 0.0839
v  -0.0216 0.2617 0.0266
v  -0.1314 0.3755 0.1951
v  -0.1756 0.3906 0.1831
v  -0.1743 0.3812 0.1821
v  -0.1306 0.3454 0.1781
v  -0.0541 0.3507 0.1450
v  -0.0601 0.3434 0.1486
v  -0.0844 0.3047 0.1076
v  -0.0534 0.3409 0.1013
v  -0.0687 0.3731 0.1106
v  -0.0538 0.3588 0.1399
v  -0.1321 0.3805 0.1911
v  -0.1706 0.3917 0.1777
v  -0.1155 0.3805 0.1185
v  -0.1422 0.3813 0.1473
v  -0.1565 0.3534 0.1634
v  -0.0743 0.3439 0.0770
v  -0.0898 0.3697 0.0920
v  -0.0908 0.3104 0.0935
v  -0.1515 0.3626 0.1850
v  -0.0259 0.2593 0.0244
v  -0.1091 0.3224 0.0643
v  -0.1048 0.3294 0.0579
v  -0.0256 0.2603 0.0236
v  -0.1638 0.3713 0.0750
v  -0.1826 0.3755 0.1102
v  -0.1601 0.3868 0.1282
v  -0.1350 0.3855 0.0939
v  -0.1668 0.3548 0.0763
v  -0.1846 0.3613 0.1103
v  -0.1853 0.3701 0.1089
v  -0.1667 0.3656 0.0735
v  -0.1555 0.3239 0.1074
v  -0.1330 0.3197 0.0911
v  -0.0810 0.3475 0.0661
v  -0.1879 0.3762 0.1357
v  -0.1716 0.3443 0.1348
v  -0.1427 0.3405 0.0634
v  -0.1386 0.3484 0.0578
v  -0.1052 0.3035 0.0865
v  -0.0975 0.3387 0.0569
v  -0.1335 0.3570 0.0576
v  -0.1067 0.3717 0.0719
v  -0.0247 0.2615 0.0235
v  -0.1838 0.3818 0.1364
v  -0.1770 0.3632 0.1574
v  -0.0243 0.2590 0.0261
v  -0.0351 0.2595 0.0003
v  -0.0343 0.2605 0.0007
v  -0.1139 0.3319 0.0344
v  -0.1215 0.3249 0.0323
v  -0.1710 0.3694 0.0660
v  -0.1623 0.3844 0.0304
v  -0.2044 0.3849 0.0259
v  -0.2081 0.3748 0.0544
v  -0.1736 0.3552 0.0667
v  -0.1719 0.3646 0.0690
v  -0.2089 0.3704 0.0571
v  -0.2089 0.3626 0.0556
v  -0.1809 0.3337 -0.0004
v  -0.1551 0.3231 -0.0011
v  -0.1574 0.3228 0.0303
v  -0.1845 0.3280 0.0355
v  -0.0338 0.2613 -0.0020
v  -0.1024 0.3489 0.0107
v  -0.0336 0.2617 0.0002
v  -0.2292 0.3755 0.0412
v  -0.2521 0.3906 0.0014
v  -0.2504 0.3812 0.0017
v  -0.2167 0.3454 0.0297
v  -0.1392 0.3507 0.0603
v  -0.1460 0.3434 0.0587
v  -0.1342 0.3047 0.0125
v  -0.1078 0.3409 0.0300
v  -0.1252 0.3731 0.0258
v  -0.1353 0.3588 0.0570
v  -0.2269 0.3805 0.0378
v  -0.2447 0.3917 0.0011
v  -0.1638 0.3805 -0.0017
v  -0.2031 0.3813 -0.0003
v  -0.2246 0.3534 0.0010
v  -0.1054 0.3439 -0.0020
v  -0.1269 0.3697 -0.0024
v  -0.1287 0.3104 -0.0020
v  -0.2364 0.3626 0.0198
v  -0.0352 0.2593 -0.0044
v  -0.1210 0.3224 -0.0356
v  -0.1135 0.3294 -0.0371
v  -0.0343 0.2603 -0.0047
v  -0.1672 0.3713 -0.0667
v  -0.2054 0.3755 -0.0550
v  -0.2022 0.3868 -0.0265
v  -0.1603 0.3855 -0.0330
v  -0.1703 0.3548 -0.0678
v  -0.2069 0.3613 -0.0564
v  -0.2064 0.3701 -0.0579
v  -0.1683 0.3656 -0.0698
v  -0.1843 0.3239 -0.0379
v  -0.1568 0.3197 -0.0335
v  -0.1024 0.3475 -0.0144
v  -0.2273 0.3762 -0.0408
v  -0.2151 0.3443 -0.0299
v  -0.1441 0.3405 -0.0599
v  -0.1373 0.3484 -0.0610
v  -0.1340 0.3035 -0.0171
v  -0.1076 0.3387 -0.0326
v  -0.1336 0.3570 -0.0575
v  -0.1247 0.3717 -0.0285
v  -0.0336 0.2615 -0.0042
v  -0.2249 0.3818 -0.0374
v  -0.2348 0.3632 -0.0177
v  -0.0353 0.2590 -0.0021
v  -0.0246 0.2595 -0.0280
v  -0.0243 0.2605 -0.0271
v  -0.1032 0.3319 -0.0601
v  -0.1071 0.3249 -0.0669
v  -0.1660 0.3694 -0.0782
v  -0.1346 0.3844 -0.0972
v  -0.1613 0.3849 -0.1301
v  -0.1840 0.3748 -0.1126
v  -0.1683 0.3552 -0.0794
v  -0.1687 0.3646 -0.0767
v  -0.1864 0.3704 -0.1112
v  -0.1854 0.3626 -0.1123
v  -0.1260 0.3337 -0.1321
v  -0.1072 0.3231 -0.1143
v  -0.1311 0.3228 -0.0937
v  -0.1540 0.3280 -0.1093
v  -0.0220 0.2613 -0.0287
v  -0.0784 0.3489 -0.0687
v  -0.0234 0.2617 -0.0270
v  -0.1896 0.3755 -0.1369
v  -0.1776 0.3906 -0.1811
v  -0.1766 0.3812 -0.1798
v  -0.1726 0.3454 -0.1361
v  -0.1395 0.3507 -0.0596
v  -0.1431 0.3434 -0.0656
v  -0.1021 0.3047 -0.0899
v  -0.0959 0.3409 -0.0589
v  -0.1052 0.3731 -0.0742
v  -0.1344 0.3588 -0.0593
v  -0.1856 0.3805 -0.1376
v  -0.1722 0.3917 -0.1761
v  -0.1130 0.3805 -0.1209
v  -0.1418 0.3813 -0.1477
v  -0.1580 0.3534 -0.1620
v  -0.0715 0.3439 -0.0798
v  -0.0865 0.3697 -0.0953
v  -0.0880 0.3104 -0.0963
v  -0.1795 0.3626 -0.1570
v  -0.0213 0.2593 -0.0313
v  -0.0588 0.3224 -0.1146
v  -0.0524 0.3294 -0.1103
v  -0.0205 0.2603 -0.0310
v  -0.0695 0.3713 -0.1693
v  -0.1047 0.3755 -0.1880
v  -0.1227 0.3868 -0.1656
v  -0.0884 0.3855 -0.1405
v  -0.0708 0.3548 -0.1722
v  -0.1048 0.3613 -0.1901
v  -0.1034 0.3701 -0.1908
v  -0.0680 0.3656 -0.1722
v  -0.1019 0.3239 -0.1610
v  -0.0856 0.3197 -0.1385
v  -0.0606 0.3475 -0.0865
v  -0.1302 0.3762 -0.1934
v  -0.1293 0.3443 -0.1771
v  -0.0579 0.3405 -0.1481
v  -0.0523 0.3484 -0.1441
v  -0.0810 0.3035 -0.1107
v  -0.0514 0.3387 -0.1030
v  -0.0522 0.3570 -0.1390
v  -0.0664 0.3717 -0.1122
v  -0.0204 0.2615 -0.0301
v  -0.1309 0.3818 -0.1893
v  -0.1519 0.3632 -0.1825
v  -0.0230 0.2590 -0.0297
v  0.0029 0.2595 -0.0405
v  0.0025 0.2605 -0.0397
v  -0.0289 0.3319 -0.1194
v  -0.0268 0.3249 -0.1270
v  -0.0605 0.3694 -0.1765
v  -0.0249 0.3844 -0.1678
v  -0.0204 0.3849 -0.2099
v  -0.0489 0.3748 -0.2136
v  -0.0612 0.3552 -0.1791
v  -0.0635 0.3646 -0.1774
v  -0.0516 0.3704 -0.2144
v  -0.0501 0.3626 -0.2144
v  0.0059 0.3337 -0.1864
v  0.0066 0.3231 -0.1605
v  -0.0248 0.3228 -0.1629
v  -0.0300 0.3280 -0.1900
v  0.0052 0.2613 -0.0392
v  -0.0052 0.3489 -0.1078
v  0.0030 0.2617 -0.0390
v  -0.0357 0.3755 -0.2347
v  0.0041 0.3906 -0.2576
v  0.0038 0.3812 -0.2559
v  -0.0242 0.3454 -0.2222
v  -0.0548 0.3507 -0.1447
v  -0.0532 0.3434 -0.1515
v  -0.0070 0.3047 -0.1397
v  -0.0245 0.3409 -0.1133
v  -0.0203 0.3731 -0.1307
v  -0.0515 0.3588 -0.1408
v  -0.0323 0.3805 -0.2324
v  0.0044 0.3917 -0.2502
v  0.0072 0.3805 -0.1693
v  0.0058 0.3813 -0.2086
v  0.0045 0.3534 -0.2301
v  0.0074 0.3439 -0.1109
v  0.0078 0.3697 -0.1324
v  0.0074 0.3104 -0.1342
v  -0.0143 0.3626 -0.2419
v  0.0075 0.2593 -0.0405
v  0.0411 0.3224 -0.1265
v  0.0426 0.3294 -0.1190
v  0.0079 0.2603 -0.0397
v  0.0722 0.3713 -0.1727
v  0.0605 0.3755 -0.2109
v  0.0320 0.3868 -0.2077
v  0.0385 0.3855 -0.1657
v  0.0733 0.3548 -0.1757
v  0.0619 0.3613 -0.2124
v  0.0633 0.3701 -0.2119
v  0.0753 0.3656 -0.1738
v  0.0434 0.3239 -0.1898
v  0.0390 0.3197 -0.1623
v  0.0199 0.3475 -0.1079
v  0.0463 0.3762 -0.2328
v  0.0354 0.3443 -0.2206
v  0.0654 0.3405 -0.1496
v  0.0665 0.3484 -0.1428
v  0.0226 0.3035 -0.1394
v  0.0381 0.3387 -0.1131
v  0.0630 0.3570 -0.1390
v  0.0340 0.3717 -0.1302
v  0.0073 0.2615 -0.0390
v  0.0429 0.3818 -0.2303
v  0.0232 0.3632 -0.2403
v  0.0052 0.2590 -0.0406
v  0.0311 0.2595 -0.0300
v  0.0302 0.2605 -0.0297
v  0.0656 0.3319 -0.1087
v  0.0724 0.3249 -0.1126
v  0.0837 0.3694 -0.1715
v  0.1026 0.3844 -0.1401
v  0.1356 0.3849 -0.1668
v  0.1181 0.3748 -0.1895
v  0.0849 0.3552 -0.1738
v  0.0822 0.3646 -0.1742
v  0.1167 0.3704 -0.1919
v  0.1178 0.3626 -0.1909
v  0.1376 0.3337 -0.1315
v  0.1198 0.3231 -0.1127
v  0.0992 0.3228 -0.1366
v  0.1147 0.3280 -0.1595
v  0.0318 0.2613 -0.0274
v  0.0742 0.3489 -0.0839
v  0.0301 0.2617 -0.0288
v  0.1424 0.3755 -0.1951
v  0.1866 0.3906 -0.1831
v  0.1852 0.3812 -0.1821
v  0.1416 0.3454 -0.1781
v  0.0651 0.3507 -0.1450
v  0.0711 0.3434 -0.1486
v  0.0954 0.3047 -0.1076
v  0.0644 0.3409 -0.1013
v  0.0797 0.3731 -0.1106
v  0.0648 0.3588 -0.1399
v  0.1431 0.3805 -0.1911
v  0.1816 0.3917 -0.1777
v  0.1264 0.3805 -0.1185
v  0.1532 0.3813 -0.1473
v  0.1675 0.3534 -0.1634
v  0.0853 0.3439 -0.0770
v  0.1008 0.3697 -0.0920
v  0.1018 0.3104 -0.0935
v  0.1625 0.3626 -0.1850
v  0.0344 0.2593 -0.0267
v  0.1201 0.3224 -0.0643
v  0.1158 0.3294 -0.0579
v  0.0341 0.2603 -0.0259
v  0.1748 0.3713 -0.0750
v  0.1935 0.3755 -0.1102
v  0.1711 0.3868 -0.1282
v  0.1460 0.3855 -0.0939
v  0.1777 0.3548 -0.0763
v  0.1956 0.3613 -0.1103
v  0.1962 0.3701 -0.1089
v  0.1777 0.3656 -0.0735
v  0.1665 0.3239 -0.1074
v  0.1440 0.3197 -0.0911
v  0.0920 0.3475 -0.0661
v  0.1989 0.3762 -0.1357
v  0.1826 0.3443 -0.1348
v  0.1536 0.3405 -0.0634
v  0.1496 0.3484 -0.0578
v  0.1162 0.3035 -0.0865
v  0.1085 0.3387 -0.0569
v  0.1445 0.3570 -0.0576
v  0.1177 0.3717 -0.0719
v  0.0332 0.2615 -0.0258
v  0.1948 0.3818 -0.1364
v  0.1879 0.3632 -0.1574
v  0.0329 0.2590 -0.0284
v  0.0137 0.3087 0.0025
v  0.0570 0.4496 0.0295
v  0.0492 0.4513 0.0319
v  0.0127 0.3090 0.0029
v  0.1394 0.5609 0.0158
v  0.1381 0.5669 0.0050
v  0.1346 0.5716 0.0051
v  0.1350 0.5652 0.0160
v  0.0861 0.5014 0.0588
v  0.1159 0.5382 0.0460
v  0.0763 0.5083 0.0352
v  0.1070 0.4883 0.0588
v  0.1334 0.5289 0.0456
v  0.1214 0.5357 0.0477
v  0.0925 0.4973 0.0612
v  0.1275 0.5630 0.0159
v  0.1061 0.5470 0.0056
v  0.1132 0.4876 0.0196
v  0.1382 0.5288 0.0167
v  0.0806 0.4704 0.0518
v  0.0708 0.4731 0.0538
v  0.0672 0.4444 0.0124
v  0.0419 0.4560 0.0298
v  0.0629 0.4782 0.0518
v  0.0521 0.4859 0.0286
v  0.0346 0.4610 0.0175
v  0.0920 0.4644 0.0171
v  0.0117 0.3098 0.0026
v  0.0771 0.5095 0.0057
v  0.1152 0.4863 0.0039
v  0.1414 0.5266 0.0041
v  0.0490 0.4893 0.0057
v  0.0346 0.4615 0.0056
v  0.0671 0.4433 0.0042
v  0.0920 0.4647 0.0040
v  0.0109 0.3104 0.0009
v  0.1277 0.5692 0.0053
v  0.0129 0.3092 -0.0009
v  0.0118 0.3097 -0.0012
v  0.0375 0.4599 -0.0221
v  0.0466 0.4573 -0.0203
v  0.1373 0.5628 -0.0060
v  0.1330 0.5671 -0.0056
v  0.0667 0.5166 -0.0484
v  0.0656 0.5168 -0.0240
v  0.1038 0.5481 -0.0354
v  0.0890 0.5025 -0.0499
v  0.0725 0.5129 -0.0511
v  0.1089 0.5459 -0.0375
v  0.1219 0.5381 -0.0366
v  0.1256 0.5648 -0.0052
v  0.1353 0.5313 -0.0081
v  0.1081 0.4916 -0.0116
v  0.0523 0.4874 -0.0438
v  0.0629 0.4840 -0.0424
v  0.0641 0.4467 -0.0039
v  0.0310 0.4640 -0.0194
v  0.0295 0.4647 -0.0047
v  0.0430 0.4928 -0.0173
v  0.0450 0.4920 -0.0413
v  0.0872 0.4680 -0.0091
v  0.0109 0.3103 -0.0007
v  0.0131 0.3090 0.0008
v  0.0004 0.3180 -0.0036
v  0.0158 0.4671 0.0137
v  0.0076 0.4690 0.0152
v  -0.0006 0.3184 -0.0033
v  0.0872 0.5594 -0.0073
v  0.0914 0.5648 -0.0099
v  0.0889 0.5698 -0.0099
v  0.0848 0.5675 -0.0063
v  0.0277 0.5257 0.0376
v  0.0372 0.5427 0.0344
v  0.0302 0.5430 0.0231
v  0.0205 0.5250 0.0269
v  0.0517 0.5174 0.0379
v  0.0580 0.5314 0.0338
v  0.0466 0.5394 0.0357
v  0.0394 0.5237 0.0399
v  0.0470 0.5554 0.0256
v  0.0697 0.5660 -0.0062
v  0.0443 0.5556 0.0149
v  0.0653 0.5425 0.0249
v  0.0542 0.5515 0.0268
v  0.0644 0.5260 0.0212
v  0.0721 0.5379 0.0151
v  0.0305 0.4880 0.0309
v  0.0207 0.4926 0.0326
v  0.0237 0.4634 0.0027
v  0.0004 0.4729 0.0108
v  0.0115 0.4965 0.0309
v  0.0056 0.4990 0.0217
v  0.0002 0.4733 0.0018
v  0.0366 0.4849 0.0196
v  0.0411 0.5010 0.0374
v  0.0297 0.5070 0.0390
v  0.0190 0.5104 0.0366
v  0.0135 0.5111 0.0262
v  -0.0014 0.3189 -0.0036
v  0.0430 0.5542 0.0013
v  0.0446 0.5525 -0.0091
v  0.0337 0.5393 -0.0089
v  0.0277 0.5418 0.0080
v  0.0595 0.5077 0.0045
v  0.0580 0.5123 0.0237
v  0.0477 0.4972 0.0230
v  0.0501 0.4940 0.0035
v  0.0761 0.5347 0.0014
v  0.0601 0.5028 -0.0090
v  0.0695 0.5164 -0.0092
v  0.0679 0.5211 0.0040
v  0.0047 0.4995 0.0069
v  0.0106 0.4970 -0.0088
v  0.0031 0.4723 -0.0088
v  0.0259 0.4617 -0.0088
v  0.0436 0.4789 -0.0088
v  0.0402 0.4823 0.0043
v  0.0177 0.5242 0.0103
v  0.0247 0.5238 -0.0088
v  0.0171 0.5105 -0.0088
v  0.0115 0.5113 0.0097
v  0.0520 0.4899 -0.0088
v  -0.0010 0.3188 -0.0050
v  0.0780 0.5310 -0.0094
v  0.0784 0.5678 -0.0097
v  0.0004 0.3180 -0.0064
v  -0.0006 0.3184 -0.0066
v  0.0076 0.4690 -0.0328
v  0.0158 0.4671 -0.0313
v  0.0872 0.5594 -0.0123
v  0.0849 0.5676 -0.0133
v  0.0278 0.5260 -0.0553
v  0.0205 0.5250 -0.0445
v  0.0303 0.5433 -0.0409
v  0.0373 0.5433 -0.0523
v  0.0518 0.5183 -0.0559
v  0.0395 0.5244 -0.0577
v  0.0467 0.5401 -0.0539
v  0.0581 0.5323 -0.0521
v  0.0471 0.5559 -0.0439
v  0.0443 0.5560 -0.0332
v  0.0697 0.5660 -0.0129
v  0.0654 0.5433 -0.0436
v  0.0543 0.5521 -0.0453
v  0.0721 0.5385 -0.0339
v  0.0645 0.5267 -0.0396
v  0.0207 0.4926 -0.0502
v  0.0305 0.4880 -0.0485
v  0.0237 0.4634 -0.0203
v  0.0004 0.4729 -0.0284
v  0.0002 0.4733 -0.0194
v  0.0056 0.4990 -0.0394
v  0.0115 0.4965 -0.0485
v  0.0366 0.4849 -0.0372
v  0.0297 0.5070 -0.0566
v  0.0411 0.5013 -0.0551
v  0.0135 0.5111 -0.0438
v  0.0190 0.5104 -0.0542
v  -0.0014 0.3189 -0.0063
v  0.0430 0.5544 -0.0195
v  0.0277 0.5419 -0.0258
v  0.0596 0.5079 -0.0225
v  0.0501 0.4942 -0.0212
v  0.0477 0.4975 -0.0407
v  0.0581 0.5130 -0.0417
v  0.0761 0.5350 -0.0202
v  0.0680 0.5214 -0.0224
v  0.0071 0.4982 -0.0245
v  0.0402 0.4823 -0.0219
v  0.0177 0.5242 -0.0279
v  0.0115 0.5113 -0.0273
v  0.0003 0.3181 -0.0050
v  0.0185 0.2795 0.0074
v  0.0774 0.4029 0.0428
v  0.0679 0.4100 0.0452
v  0.0174 0.2801 0.0078
v  0.2155 0.4909 0.0186
v  0.2191 0.4934 0.0126
v  0.2146 0.5033 0.0122
v  0.2093 0.5018 0.0182
v  0.1111 0.4813 0.0720
v  0.1387 0.4963 0.0699
v  0.1322 0.5034 0.0401
v  0.1061 0.4869 0.0404
v  0.1302 0.4559 0.0743
v  0.1575 0.4717 0.0722
v  0.1456 0.4872 0.0731
v  0.1182 0.4719 0.0756
v  0.0165 0.2822 0.0050
v  0.0597 0.4203 0.0235
v  0.0606 0.4190 0.0101
v  0.1649 0.5048 0.0581
v  0.1946 0.5093 0.0174
v  0.1611 0.5118 0.0339
v  0.1831 0.4824 0.0601
v  0.1726 0.4959 0.0610
v  0.1748 0.4522 0.0443
v  0.1997 0.4686 0.0372
v  0.1014 0.4329 0.0666
v  0.0897 0.4428 0.0680
v  0.0902 0.3876 0.0277
v  0.0600 0.4200 0.0397
v  0.0820 0.4533 0.0647
v  0.0787 0.4568 0.0371
v  0.1137 0.4175 0.0398
v  0.0165 0.2817 0.0073
v  0.1645 0.5051 0.0100
v  0.1352 0.4963 0.0091
v  0.1452 0.4370 0.0441
v  0.1437 0.4391 0.0112
v  0.1696 0.4534 0.0117
v  0.0804 0.4545 0.0089
v  0.0851 0.3935 0.0114
v  0.1142 0.4170 0.0111
v  0.1096 0.4825 0.0086
v  0.1940 0.4688 0.0122
v  0.2014 0.5117 0.0113
v  0.0185 0.2803 0.0027
v  0.0174 0.2813 0.0022
v  0.0664 0.4119 -0.0258
v  0.0761 0.4044 -0.0224
v  0.2151 0.4916 0.0064
v  0.2089 0.5024 0.0058
v  0.1094 0.4840 -0.0604
v  0.1045 0.4891 -0.0255
v  0.1306 0.5055 -0.0245
v  0.1371 0.4988 -0.0568
v  0.1287 0.4587 -0.0594
v  0.1167 0.4745 -0.0631
v  0.1441 0.4897 -0.0590
v  0.1560 0.4746 -0.0558
v  0.0589 0.4212 -0.0038
v  0.0165 0.2827 0.0026
v  0.1630 0.5078 -0.0415
v  0.1598 0.5138 -0.0158
v  0.1942 0.5100 0.0048
v  0.1813 0.4856 -0.0404
v  0.1707 0.4990 -0.0433
v  0.1985 0.4708 -0.0132
v  0.1736 0.4545 -0.0220
v  0.0875 0.4459 -0.0535
v  0.0995 0.4358 -0.0505
v  0.0898 0.3880 -0.0049
v  0.0585 0.4219 -0.0209
v  0.0771 0.4590 -0.0208
v  0.0796 0.4566 -0.0512
v  0.1125 0.4192 -0.0190
v  0.1441 0.4390 -0.0231
v  0.0185 0.2800 0.0050
v  0.0281 0.2653 -0.0071
v  0.1079 0.3511 -0.0009
v  0.1014 0.3596 0.0077
v  0.0274 0.2663 -0.0062
v  0.2292 0.4460 -0.0690
v  0.2336 0.4517 -0.0841
v  0.2337 0.4594 -0.0844
v  0.2262 0.4531 -0.0682
v  0.1558 0.4364 0.0193
v  0.1809 0.4525 0.0057
v  0.1589 0.4635 -0.0359
v  0.1336 0.4470 -0.0231
v  0.1737 0.4035 0.0152
v  0.1987 0.4202 0.0011
v  0.1885 0.4397 0.0063
v  0.1636 0.4234 0.0206
v  0.2012 0.4613 -0.0141
v  0.2135 0.4610 -0.0641
v  0.1875 0.4676 -0.0522
v  0.2174 0.4335 -0.0193
v  0.2089 0.4498 -0.0142
v  0.2009 0.3969 -0.0420
v  0.2209 0.4172 -0.0555
v  0.1419 0.3806 0.0153
v  0.1319 0.3930 0.0211
v  0.1117 0.3358 -0.0233
v  0.0899 0.3733 0.0014
v  0.1235 0.4071 0.0213
v  0.1066 0.4139 -0.0111
v  0.0818 0.3773 -0.0130
v  0.1437 0.3573 -0.0288
v  0.0265 0.2677 -0.0065
v  0.1819 0.4565 -0.0669
v  0.1541 0.4505 -0.0574
v  0.1739 0.3793 -0.0330
v  0.1593 0.3863 -0.0575
v  0.1838 0.4006 -0.0661
v  0.0995 0.4103 -0.0377
v  0.0782 0.3743 -0.0293
v  0.0990 0.3483 -0.0357
v  0.1294 0.3659 -0.0469
v  0.1293 0.4393 -0.0487
v  0.0255 0.2677 -0.0091
v  0.2073 0.4154 -0.0743
v  0.2270 0.4628 -0.0822
v  0.0260 0.2657 -0.0122
v  0.0249 0.2669 -0.0124
v  0.0706 0.3636 -0.0707
v  0.0813 0.3550 -0.0676
v  0.2214 0.4442 -0.0933
v  0.2184 0.4513 -0.0924
v  0.1095 0.4328 -0.1178
v  0.1173 0.4456 -0.0718
v  0.1452 0.4616 -0.0778
v  0.1384 0.4472 -0.1233
v  0.1260 0.4009 -0.1240
v  0.1150 0.4201 -0.1230
v  0.1442 0.4343 -0.1279
v  0.1555 0.4151 -0.1291
v  0.1665 0.4558 -0.1205
v  0.1777 0.4658 -0.0825
v  0.2057 0.4594 -0.0884
v  0.1830 0.4276 -0.1250
v  0.1730 0.4439 -0.1246
v  0.2073 0.4144 -0.0976
v  0.1832 0.3944 -0.0953
v  0.0872 0.3949 -0.1020
v  0.0987 0.3826 -0.1031
v  0.0999 0.3379 -0.0522
v  0.0675 0.3744 -0.0601
v  0.0684 0.3804 -0.0437
v  0.0880 0.4145 -0.0629
v  0.0809 0.4083 -0.0977
v  0.1290 0.3578 -0.0696
v  0.0244 0.2681 -0.0116
v  0.1559 0.3780 -0.0854
v  0.0268 0.2660 -0.0095
v  0.0436 0.2595 -0.0025
v  0.0428 0.2605 -0.0029
v  0.1249 0.3319 -0.0344
v  0.1324 0.3249 -0.0323
v  0.1820 0.3694 -0.0660
v  0.1733 0.3844 -0.0304
v  0.2154 0.3849 -0.0259
v  0.2191 0.3748 -0.0544
v  0.1846 0.3552 -0.0667
v  0.1829 0.3646 -0.0690
v  0.2198 0.3704 -0.0571
v  0.2199 0.3626 -0.0556
v  0.1919 0.3337 0.0004
v  0.1660 0.3231 0.0011
v  0.1684 0.3228 -0.0303
v  0.1955 0.3280 -0.0355
v  0.0423 0.2613 -0.0002
v  0.1133 0.3489 -0.0107
v  0.0421 0.2617 -0.0024
v  0.2402 0.3755 -0.0412
v  0.2631 0.3906 -0.0014
v  0.2614 0.3812 -0.0017
v  0.2277 0.3454 -0.0297
v  0.1502 0.3507 -0.0603
v  0.1570 0.3434 -0.0587
v  0.1451 0.3047 -0.0125
v  0.1188 0.3409 -0.0300
v  0.1362 0.3731 -0.0258
v  0.1463 0.3588 -0.0570
v  0.2379 0.3805 -0.0378
v  0.2557 0.3917 -0.0011
v  0.1748 0.3805 0.0017
v  0.2141 0.3813 0.0003
v  0.2356 0.3534 -0.0010
v  0.1164 0.3439 0.0020
v  0.1379 0.3697 0.0024
v  0.1397 0.3104 0.0020
v  0.2474 0.3626 -0.0198
v  0.0437 0.2593 0.0021
v  0.1319 0.3224 0.0356
v  0.1244 0.3294 0.0371
v  0.0428 0.2603 0.0025
v  0.1782 0.3713 0.0667
v  0.2164 0.3755 0.0550
v  0.2132 0.3868 0.0265
v  0.1712 0.3855 0.0330
v  0.1812 0.3548 0.0678
v  0.2179 0.3613 0.0564
v  0.2174 0.3701 0.0579
v  0.1793 0.3656 0.0698
v  0.1953 0.3239 0.0379
v  0.1678 0.3197 0.0335
v  0.1134 0.3475 0.0144
v  0.2383 0.3762 0.0408
v  0.2260 0.3443 0.0299
v  0.1551 0.3405 0.0599
v  0.1483 0.3484 0.0610
v  0.1449 0.3035 0.0171
v  0.1185 0.3387 0.0326
v  0.1445 0.3570 0.0575
v  0.1356 0.3717 0.0285
v  0.0422 0.2615 0.0019
v  0.2358 0.3818 0.0374
v  0.2458 0.3632 0.0177
v  0.0438 0.2590 -0.0002
# 2535 vertices

vn -0.5387 -0.0756 -0.8391
vn -0.9973 -0.0562 0.0473
vn -0.7824 -0.0989 0.6148
vn -0.9725 -0.2221 -0.0699
vn -0.8026 0.2647 -0.5345
vn -0.6506 0.6864 0.3249
vn -0.1592 0.9351 -0.3166
vn -0.4813 0.4344 -0.7614
vn -0.1562 0.1482 0.9766
vn 0.5470 0.2235 0.8067
vn 0.5305 0.3520 0.7712
vn -0.2434 0.3690 0.8970
vn -0.9684 -0.2491 -0.0083
vn -0.7733 -0.0696 0.6302
vn -0.8353 0.1629 0.5250
vn -0.9963 -0.0690 -0.0521
vn -0.5487 -0.2038 -0.8108
vn -0.2727 0.6345 0.7232
vn 0.4887 0.5291 0.6937
vn -0.0093 0.7170 0.6970
vn -0.9812 0.1264 -0.1458
vn -0.8386 0.4196 0.3474
vn -0.5401 -0.2874 -0.7910
vn -0.5562 -0.2001 -0.8066
vn -0.0148 0.0376 0.9992
vn 0.5526 0.1131 0.8257
vn -0.5333 -0.3349 -0.7768
vn 0.0098 0.0261 0.9996
vn 0.2509 0.9193 0.3032
vn 0.2848 -0.2495 -0.9256
vn 0.8564 -0.1226 -0.5015
vn 0.4084 -0.0343 -0.9122
vn -0.1613 0.2299 -0.9597
vn 0.6017 0.6184 -0.5055
vn 0.9692 0.0871 0.2304
vn 0.9464 0.3044 0.1081
vn 0.3478 -0.3205 -0.8811
vn 0.3319 -0.1411 -0.9327
vn 0.8177 0.0732 -0.5710
vn 0.8729 -0.1590 -0.4613
vn 0.8179 0.5753 0.0000
vn 0.6983 0.6786 0.2278
vn 0.2546 0.0594 -0.9652
vn 0.6750 0.3375 -0.6561
vn 0.9256 0.0120 0.3782
vn 0.9492 0.0378 0.3125
vn 0.5465 0.0523 0.8358
vn 0.9184 -0.0130 -0.3955
vn 0.3078 -0.0396 -0.9506
vn 0.2367 -0.2289 -0.9442
vn 0.8111 -0.2064 -0.5473
vn 0.8463 0.5031 -0.1749
vn 0.0697 0.6360 -0.7685
vn 0.0807 0.9804 -0.1797
vn 0.7586 0.6484 0.0640
vn 0.9685 0.0876 0.2332
vn 0.9882 0.1499 -0.0320
vn -0.3858 0.3099 -0.8690
vn -0.9021 0.2449 -0.3554
vn -0.4683 0.5140 -0.7187
vn 0.7331 0.1893 -0.6532
vn 0.2732 0.2635 -0.9252
vn 0.9981 -0.0525 0.0333
vn 0.7405 -0.2208 -0.6348
vn 0.1779 -0.2663 -0.9473
vn 0.9944 -0.0320 0.1005
vn -0.6709 -0.2158 -0.7095
vn -0.9701 -0.0859 -0.2269
vn -0.9570 -0.0620 -0.2835
vn -0.5098 -0.1799 -0.8413
vn -0.6055 -0.0561 -0.7939
vn -0.6373 0.7057 -0.3096
vn -0.9692 -0.0424 -0.2426
vn -0.9532 0.1290 -0.2735
vn -0.9678 -0.0715 -0.2413
vn 0.9680 0.0006 0.2509
vn 0.9695 -0.0099 0.2449
vn -0.9744 -0.0358 -0.2219
vn 0.7019 0.0026 0.7123
vn 0.4138 -0.0362 0.9096
vn -0.2588 -0.0530 0.9645
vn -0.2421 -0.0200 0.9700
vn 0.7101 0.6106 0.3505
vn -0.2372 0.8782 0.4153
vn 0.8678 0.2449 0.4324
vn -0.7157 0.5702 0.4033
vn -0.6983 0.6956 0.1687
vn -0.9354 0.2713 -0.2266
vn 0.3569 0.4862 0.7976
vn -0.1673 0.6111 0.7737
vn 0.3328 0.1009 0.9376
vn 0.8877 0.0347 0.4592
vn -0.3121 0.1203 0.9424
vn 0.8953 -0.0024 0.4455
vn -0.9229 -0.0897 0.3744
vn -0.8585 0.0953 0.5038
vn -0.9795 -0.0442 -0.1968
vn -0.9690 -0.0873 -0.2311
vn -0.9722 -0.0436 0.2302
vn 0.9672 0.0141 0.2536
vn -0.7571 -0.0500 0.6514
vn 0.1450 -0.0027 0.9894
vn 0.7275 -0.0863 0.6807
vn -0.0522 -0.1782 0.9826
vn -0.1456 0.3107 0.9393
vn 0.3602 0.6285 0.6894
vn -0.3032 0.9490 0.0868
vn -0.7067 0.4580 0.5394
vn 0.9904 0.1308 -0.0450
vn 0.7259 0.1453 -0.6723
vn 0.6920 0.2755 -0.6673
vn 0.9034 0.4274 0.0362
vn 0.0715 -0.1857 0.9800
vn 0.7494 -0.0302 0.6615
vn 0.6171 0.3076 0.7243
vn 0.0074 0.0651 0.9979
vn -0.7330 -0.1081 0.6716
vn 0.6913 0.7219 0.0297
vn 0.6232 0.4498 -0.6398
vn 0.2854 0.8620 -0.4190
vn -0.7109 -0.2095 0.6714
vn -0.7183 -0.1511 0.6791
vn 0.9807 0.0064 -0.1953
vn 0.7423 0.0535 -0.6679
vn -0.6973 -0.2580 0.6687
vn 0.9780 0.0145 -0.2080
vn -0.9513 -0.3081 0.0073
vn -0.5904 -0.2622 -0.7633
vn -0.9682 -0.0858 -0.2352
vn -0.7391 0.3905 -0.5488
vn -0.9917 0.1275 -0.0137
vn 0.1543 -0.0502 -0.9868
vn 0.0080 0.2336 -0.9723
vn -0.9090 -0.3979 -0.1243
vn -0.9819 -0.1490 -0.1165
vn -0.6780 0.0272 -0.7345
vn -0.5358 -0.3083 -0.7861
vn -0.0697 0.5572 -0.8274
vn 0.3279 -0.0971 -0.9397
vn 0.2109 -0.0443 -0.9765
vn 0.7534 0.0123 -0.6575
vn -0.2340 -0.0920 0.9679
vn 0.6781 -0.0160 0.7348
vn 0.7153 -0.1500 0.6825
vn 0.3036 -0.2298 0.9247
vn -0.5280 0.3938 0.7525
vn 0.2668 0.8468 0.4601
vn -0.3066 0.9432 0.1280
vn -0.6663 0.5628 0.4893
vn 0.9563 0.2706 0.1112
vn 0.7289 0.2620 -0.6326
vn 0.6412 0.5203 -0.5641
vn 0.8250 0.5190 0.2238
vn 0.3446 -0.1187 0.9312
vn 0.7262 0.0795 0.6828
vn 0.6316 0.3057 0.7125
vn 0.3259 0.0762 0.9423
vn -0.6300 -0.4044 0.6630
vn -0.6540 -0.3752 0.6569
vn -0.3595 -0.3662 0.8583
vn -0.3767 -0.4151 0.8281
vn -0.6798 -0.2947 0.6716
vn -0.4431 -0.0463 0.8953
vn 0.5691 0.7823 0.2534
vn 0.4355 0.7824 -0.4452
vn 0.4112 0.8943 0.1767
vn 0.2054 0.3749 0.9040
vn 0.4306 0.6076 0.6674
vn -0.3734 -0.3299 0.8670
vn 0.7277 -0.1700 0.6645
vn 0.3105 -0.2775 0.9092
vn -0.5054 -0.2029 0.8387
vn 0.9938 -0.0773 -0.0801
vn 0.7460 0.0003 -0.6659
vn 0.7817 0.0454 -0.6220
vn 0.9980 -0.0126 0.0627
vn 0.9761 0.0207 -0.2165
vn 0.0664 0.9719 -0.2257
vn 0.6069 0.4996 -0.6181
vn 0.4875 0.6877 -0.5380
vn -0.6241 -0.4203 0.6587
vn 0.7424 0.0215 -0.6696
vn 0.7348 0.1008 -0.6707
vn -0.7035 -0.2550 0.6634
vn 0.6867 0.3042 -0.6603
vn 0.7566 0.0425 -0.6525
vn -0.9884 -0.1271 0.0828
vn -0.8584 -0.3892 -0.3341
vn -0.5898 -0.3106 -0.7454
vn -0.6978 -0.0827 -0.7115
vn -0.8607 0.3170 0.3983
vn -0.5960 0.6956 -0.4013
vn -0.0802 0.0901 -0.9927
vn -0.2584 0.3622 -0.8956
vn 0.5450 0.4983 -0.6743
vn 0.6621 0.2409 -0.7097
vn -0.8868 -0.2883 -0.3613
vn -0.9340 -0.0622 -0.3519
vn -0.7385 0.1239 -0.6628
vn -0.6477 -0.1324 -0.7503
vn -0.7885 -0.4710 0.3955
vn -0.8217 -0.4594 0.3371
vn -0.9124 -0.0963 0.3979
vn -0.3478 0.6409 -0.6843
vn -0.3245 0.7822 -0.5319
vn 0.3648 0.7714 -0.5215
vn -0.9334 0.2250 -0.2795
vn -0.7491 0.4258 -0.5074
vn -0.8470 -0.3663 0.3852
vn -0.8033 -0.4878 -0.3416
vn -0.5269 -0.4188 -0.7396
vn -0.8371 -0.2390 0.4920
vn 0.2329 -0.1839 -0.9550
vn 0.0667 -0.2029 -0.9769
vn 0.7021 0.0262 -0.7116
vn 0.7548 0.0030 -0.6560
vn 0.1957 -0.0218 -0.9804
vn -0.7312 -0.0989 0.6750
vn -0.9111 -0.1683 -0.3763
vn -0.8395 -0.0844 0.5368
vn -0.7522 -0.2416 0.6130
vn -0.9205 -0.3542 0.1650
vn -0.7072 0.3503 -0.6141
vn -0.6233 0.7590 0.1881
vn -0.2014 0.9288 -0.3112
vn -0.4631 0.5226 -0.7158
vn -0.3014 0.1949 0.9334
vn 0.4779 0.2771 0.8336
vn 0.4147 0.4702 0.7791
vn -0.4099 0.4251 0.8070
vn -0.9702 -0.2004 0.1365
vn -0.8059 -0.0219 0.5916
vn -0.8559 0.2106 0.4723
vn -0.9954 0.0203 0.0939
vn -0.5079 -0.3549 -0.7849
vn -0.4932 -0.4192 -0.7623
vn -0.7390 -0.4521 -0.4995
vn -0.7154 -0.3978 -0.5744
vn -0.5310 -0.2112 -0.8207
vn -0.7761 -0.0269 -0.6300
vn -0.4285 0.7031 0.5675
vn 0.3094 0.7405 0.5965
vn -0.3573 0.8289 0.4304
vn -0.9566 0.2910 -0.0132
vn -0.8204 0.4993 0.2786
vn -0.7594 -0.2682 -0.5928
vn -0.7271 -0.2846 0.6247
vn -0.8989 -0.4063 0.1641
vn -0.7092 -0.2980 -0.6390
vn -0.0347 -0.0778 0.9964
vn 0.5465 0.0722 0.8344
vn 0.4868 0.1285 0.8640
vn -0.2081 -0.0471 0.9770
vn 0.0114 0.0082 0.9999
vn 0.1251 0.9731 0.1934
vn 0.4864 0.4454 0.7517
vn 0.4264 0.6195 0.6591
vn -0.5132 -0.3278 -0.7932
vn 0.5417 0.0900 0.8357
vn 0.5334 0.1892 0.8244
vn -0.5110 -0.3333 -0.7923
vn 0.5150 0.3183 0.7959
vn 0.5388 0.0730 0.8393
vn 0.0397 -0.1450 -0.9886
vn 0.5260 -0.3388 -0.7801
vn 0.8682 -0.2209 -0.4443
vn 0.8264 -0.0455 -0.5613
vn -0.2704 0.3503 -0.8968
vn 0.4270 0.7590 -0.4914
vn 0.9749 0.1949 0.1076
vn 0.9041 0.4251 -0.0432
vn 0.5407 0.4702 0.6975
vn 0.5645 0.2771 0.7775
vn 0.5221 -0.2004 -0.8290
vn 0.4935 0.0203 -0.8695
vn 0.7816 0.2106 -0.5872
vn 0.8699 -0.0219 -0.4927
vn -0.2308 -0.3978 -0.8880
vn -0.1528 -0.4521 -0.8788
vn -0.2566 -0.0269 -0.9661
vn 0.6933 0.7031 -0.1583
vn 0.5391 0.8289 -0.1496
vn 0.4173 0.7405 0.5267
vn 0.3800 0.2910 -0.8780
vn 0.5903 0.4993 -0.6342
vn -0.2295 -0.2682 -0.9356
vn 0.5181 -0.4063 -0.7527
vn 0.8679 -0.2846 -0.4072
vn -0.3008 -0.2917 -0.9080
vn 0.9234 -0.0676 0.3779
vn 0.9765 -0.0471 0.2105
vn 0.5887 0.1285 0.7981
vn 0.5359 0.0723 0.8412
vn 0.9183 0.0279 0.3949
vn -0.5381 -0.1466 -0.8300
vn 0.8289 -0.0911 -0.5519
vn 0.0243 -0.0818 -0.9963
vn -0.0744 -0.2805 -0.9570
vn 0.5137 -0.3320 -0.7911
vn 0.8797 0.4120 -0.2376
vn 0.1133 0.8271 -0.5506
vn 0.2831 0.9591 -0.0042
vn 0.8375 0.5464 -0.0031
vn -0.6803 0.1591 -0.7155
vn -0.9751 0.2192 -0.0350
vn -0.9008 0.4307 -0.0553
vn -0.5174 0.4385 -0.7348
vn 0.4720 -0.2170 -0.8545
vn -0.0787 -0.0393 -0.9961
vn 0.0418 0.2495 -0.9675
vn 0.5096 0.0324 -0.8598
vn 0.9455 -0.3254 -0.0122
vn 0.9475 -0.3198 -0.0069
vn 0.8859 -0.3662 -0.2847
vn 0.8947 -0.3712 -0.2482
vn 0.9776 -0.2103 -0.0117
vn 0.9557 -0.0083 -0.2944
vn -0.3155 0.7381 -0.5964
vn -0.7083 0.7043 -0.0473
vn -0.2622 0.8578 -0.4421
vn 0.5616 0.3428 -0.7531
vn 0.1691 0.5783 -0.7981
vn 0.9202 -0.2677 -0.2855
vn -0.1089 -0.3462 -0.9318
vn 0.4514 -0.4165 -0.7892
vn 0.9635 -0.1815 -0.1965
vn -0.8362 -0.1728 -0.5205
vn -0.9994 -0.0334 0.0059
vn -0.9985 0.0328 -0.0444
vn -0.7417 -0.1355 -0.6569
vn -0.8453 -0.0665 -0.5301
vn -0.3151 0.9491 0.0017
vn -0.9111 0.4120 0.0064
vn -0.8089 0.5879 0.0056
vn 0.9465 -0.3224 -0.0132
vn -0.9999 -0.0166 -0.0002
vn -0.9958 0.0916 0.0023
vn 0.9782 -0.2075 -0.0005
vn -0.9646 0.2638 0.0063
vn -0.9998 -0.0183 0.0009
vn 0.8304 -0.0981 0.5485
vn 0.5095 -0.3406 0.7902
vn -0.0764 -0.2872 0.9548
vn 0.0207 -0.0947 0.9953
vn 0.8834 0.4126 0.2220
vn 0.1259 0.8283 0.5460
vn -0.6628 0.1756 0.7279
vn -0.4967 0.4525 0.7406
vn -0.8992 0.4319 0.0706
vn -0.9737 0.2221 0.0500
vn 0.4879 -0.2002 0.8496
vn 0.5282 0.0558 0.8473
vn 0.0653 0.2716 0.9602
vn -0.0600 -0.0170 0.9981
vn 0.9001 -0.3697 0.2306
vn 0.8872 -0.3695 0.2761
vn 0.9619 0.0020 0.2735
vn -0.2994 0.7432 0.5984
vn -0.2457 0.8604 0.4465
vn -0.7068 0.7049 0.0591
vn 0.5743 0.3576 0.7364
vn 0.1888 0.5876 0.7868
vn 0.9287 -0.2582 0.2662
vn 0.4530 -0.4136 0.7897
vn -0.1048 -0.3374 0.9355
vn 0.9619 -0.1874 0.1990
vn -0.8360 -0.1726 0.5208
vn -0.7366 -0.1244 0.6648
vn -0.9980 0.0362 0.0509
vn -0.9995 -0.0320 -0.0055
vn -0.8490 -0.0729 0.5234
vn 0.9983 -0.0574 0.0002
vn 0.0680 -0.2462 -0.9668
vn 0.6731 -0.4080 -0.6168
vn 0.9850 -0.1363 -0.1055
vn 0.9461 -0.1149 -0.3029
vn 0.3847 0.2142 -0.8978
vn -0.4911 0.0413 -0.8701
vn -0.4844 0.6719 -0.5602
vn 0.2020 0.6779 -0.7069
vn 0.8290 0.5568 0.0513
vn 0.6485 0.7575 -0.0751
vn 0.3592 0.8026 0.4762
vn 0.5373 0.6123 0.5800
vn 0.5147 -0.0619 -0.8551
vn 0.3584 0.1695 -0.9180
vn 0.5814 0.5340 -0.6139
vn 0.8100 0.3331 -0.4826
vn 0.2526 0.9564 -0.1466
vn -0.4751 0.8117 0.3397
vn -0.0143 0.9487 0.3158
vn 0.1832 0.3169 -0.9306
vn 0.2875 0.6552 -0.6986
vn 0.0815 -0.3411 -0.9365
vn 0.0828 -0.1950 -0.9773
vn 0.6835 -0.4850 -0.5455
vn 0.9513 -0.1694 -0.2575
vn 0.1471 -0.4575 -0.8770
vn 0.7505 0.1965 0.6311
vn 0.9803 0.0898 0.1759
vn 0.6573 0.3670 0.6582
vn 0.3253 0.1876 0.9268
vn 0.2296 -0.6427 -0.7309
vn 0.6479 -0.3063 -0.6975
vn 0.9292 0.0805 -0.3607
vn 0.9194 0.3699 0.1338
vn 0.5415 0.5745 0.6138
vn 0.7481 0.0370 0.6625
vn -0.1418 0.8786 0.4560
vn 0.0079 0.8986 0.4387
vn 0.2051 0.6878 0.6963
vn 0.0683 0.6860 0.7243
vn -0.0194 -0.6103 -0.7919
vn 0.0620 -0.4799 -0.8751
vn 0.1292 -0.6180 -0.7755
vn 0.0302 -0.6216 -0.7827
vn -0.0076 -0.4256 -0.9049
vn -0.2174 -0.6697 -0.7101
vn -0.2151 -0.6732 -0.7075
vn 0.0246 -0.5407 -0.8409
vn 0.1965 0.4215 0.8853
vn 0.2679 0.4355 0.8594
vn 0.3972 0.2446 0.8845
vn -0.2840 -0.5219 -0.8043
vn -0.1753 -0.7289 -0.6618
vn 0.0926 -0.6159 -0.7823
vn 0.2150 0.5276 0.8218
vn 0.2634 0.5959 0.7586
vn 0.2878 0.5524 0.7823
vn 0.2213 0.5406 0.8117
vn -0.2194 -0.6667 -0.7123
vn 0.4946 0.1036 0.8629
vn -0.2701 -0.5842 -0.7653
vn -0.2484 0.9686 0.0076
vn -0.8657 -0.2242 -0.4475
vn -0.9064 -0.1128 0.4070
vn -0.6351 -0.3230 0.7017
vn -0.7929 -0.6078 0.0430
vn -0.9793 -0.1414 -0.1448
vn -0.9183 0.3858 -0.0884
vn -0.5491 0.1975 0.8121
vn -0.0116 0.4692 0.8830
vn -0.0860 0.6865 0.7220
vn -0.6445 0.4204 0.6387
vn -0.8995 -0.4306 -0.0745
vn -0.8848 -0.1088 0.4530
vn -0.9622 0.1316 0.2382
vn -0.9665 -0.1759 -0.1866
vn -0.5966 0.7350 0.3222
vn -0.0998 0.9264 0.3630
vn 0.1820 0.9830 -0.0231
vn -0.9526 0.0208 -0.3037
vn -0.9421 0.3346 -0.0198
vn -0.7498 -0.4120 -0.5177
vn -0.6609 -0.5346 -0.5267
vn -0.5775 -0.5679 0.5865
vn -0.5669 -0.8110 0.1447
vn -0.6328 -0.5524 -0.5425
vn 0.0879 0.1156 0.9894
vn 0.5491 0.2579 0.7950
vn 0.1520 0.2802 0.9478
vn -0.3406 -0.2546 0.9051
vn -0.4487 -0.8195 -0.3565
vn -0.7453 -0.3560 0.5637
vn -0.7407 -0.6683 0.0691
vn 0.0280 0.4406 0.8973
vn -0.4531 0.0121 0.8914
vn -0.1881 0.0109 0.9821
vn 0.0979 0.9411 0.3237
vn 0.2908 0.7441 0.6015
vn -0.3962 -0.7086 -0.5839
vn -0.4073 -0.7357 -0.5412
vn -0.4480 -0.7685 -0.4568
vn -0.5499 -0.6394 -0.5374
vn -0.5627 -0.5703 -0.5985
vn -0.4822 -0.6728 -0.5611
vn 0.4911 0.4536 0.7437
vn -0.4376 -0.7542 -0.4897
vn 0.3623 0.5660 0.7405
vn 0.3907 0.4885 0.7802
vn -0.4141 -0.2273 -0.8814
vn -0.9226 -0.2472 0.2962
vn -0.8322 -0.5055 -0.2278
vn -0.5261 -0.2753 -0.8047
vn -0.7394 -0.1422 -0.6581
vn -0.9903 0.1368 0.0250
vn -0.5888 0.1893 0.7858
vn -0.3750 0.7827 0.4967
vn -0.7882 0.6151 -0.0225
vn -0.3357 0.3174 -0.8869
vn -0.3927 0.5572 -0.7317
vn 0.2339 0.6551 -0.7184
vn 0.2616 0.4463 -0.8558
vn -0.9857 -0.1584 -0.0570
vn -0.9926 0.1055 0.0596
vn -0.8506 0.3752 -0.3683
vn -0.8009 0.1221 -0.5863
vn -0.3178 0.8580 -0.4035
vn 0.4337 0.9001 0.0419
vn 0.2279 0.8981 -0.3761
vn -0.9413 0.2805 0.1876
vn -0.8225 0.5610 -0.0938
vn -0.8523 -0.2815 0.4408
vn -0.8945 -0.1501 0.4211
vn -0.7175 -0.6416 -0.2713
vn -0.5915 -0.4026 -0.6986
vn -0.8071 -0.4722 0.3545
vn 0.2570 0.0739 -0.9636
vn -0.2348 -0.1563 -0.9594
vn 0.3030 0.1955 -0.9327
vn 0.7046 0.1247 -0.6985
vn -0.6946 -0.6763 0.2453
vn -0.8715 -0.4487 -0.1980
vn -0.7069 -0.1554 -0.6900
vn -0.2802 0.1249 -0.9518
vn 0.2861 0.4238 -0.8594
vn 0.1648 -0.0308 -0.9858
vn 0.4130 0.8565 -0.3097
vn 0.3409 0.8318 -0.4381
vn 0.5040 0.5671 -0.6515
vn 0.5742 0.6141 -0.5414
vn -0.6684 -0.5220 0.5299
vn -0.7831 -0.4203 0.4584
vn -0.7067 -0.6006 0.3741
vn -0.6741 -0.5709 0.4688
vn -0.7821 -0.3363 0.5247
vn -0.5107 -0.5289 0.6778
vn -0.5126 -0.5230 0.6810
vn -0.7357 -0.4553 0.5015
vn 0.6859 0.3645 -0.6298
vn 0.6327 0.3600 -0.6856
vn 0.6022 0.1723 -0.7795
vn -0.5328 -0.4903 0.6897
vn -0.4653 -0.6507 0.6000
vn -0.6919 -0.6105 0.3853
vn 0.6104 0.4475 -0.6536
vn 0.5360 0.4847 -0.6912
vn 0.5447 0.4600 -0.7012
vn 0.5963 0.4729 -0.6487
vn -0.5059 -0.5483 0.6660
vn 0.6153 0.0588 -0.7861
vn -0.5464 -0.4208 0.7241
vn 0.0299 0.9988 -0.0384
vn -0.0705 -0.2732 0.9594
vn 0.8269 -0.1874 0.5302
vn 0.9061 -0.2973 0.3009
vn 0.4288 -0.5218 0.7375
vn 0.2403 0.1202 0.9632
vn 0.2346 0.6142 0.7534
vn 0.9457 0.3144 0.0823
vn 0.7598 0.4432 -0.4756
vn 0.6352 0.6541 -0.4106
vn 0.8123 0.5544 0.1811
vn 0.3181 -0.1700 0.9327
vn 0.7825 0.1138 0.6122
vn 0.5894 0.3676 0.7193
vn 0.2101 0.0871 0.9738
vn 0.4734 0.8569 0.2041
vn 0.3078 0.8986 -0.3127
vn -0.1582 0.9012 -0.4035
vn 0.0699 0.2646 0.9618
vn 0.3150 0.5577 0.7679
vn -0.1680 -0.1683 0.9713
vn -0.1975 -0.2970 0.9342
vn 0.8227 -0.4045 0.3994
vn 0.4341 -0.6395 0.6345
vn -0.1368 -0.4815 0.8657
vn 0.8713 0.0643 -0.4865
vn 0.4886 0.1642 -0.8569
vn 0.7757 0.2390 -0.5841
vn 0.9876 -0.1565 -0.0104
vn -0.0717 -0.6672 0.7415
vn 0.8485 -0.1611 0.5041
vn 0.4130 -0.4488 0.7925
vn 0.7625 0.4208 -0.4914
vn 0.9925 0.1189 0.0297
vn 0.9005 -0.0489 -0.4322
vn 0.1954 0.8594 -0.4725
vn 0.3786 0.6157 -0.6911
vn -0.3263 -0.5224 0.7878
vn -0.2735 -0.5650 0.7785
vn -0.1823 -0.5897 0.7868
vn -0.2338 -0.4242 0.8749
vn -0.2920 -0.3449 0.8921
vn -0.2801 -0.4610 0.8421
vn 0.4373 0.3213 -0.8400
vn -0.2021 -0.6063 0.7691
vn 0.4785 0.4466 -0.7560
vn 0.5066 0.3790 -0.7744
vn -0.5952 -0.2343 0.7687
vn -0.2472 -0.4032 0.8811
vn -0.6290 -0.6271 0.4594
vn -0.9347 -0.3552 -0.0093
vn -0.9653 -0.1883 0.1810
vn -0.1288 0.3334 0.9339
vn 0.1989 0.4156 0.8875
vn 0.0097 0.9597 0.2809
vn -0.5311 0.7779 0.3357
vn -0.8564 0.4162 -0.3056
vn -0.7018 0.6925 -0.1670
vn -0.3850 0.6702 -0.6345
vn -0.6117 -0.4694 0.6368
vn -0.4878 0.0053 0.8730
vn -0.8216 0.4578 0.3397
vn -0.9897 0.0639 0.1278
vn -0.5293 0.7672 -0.3623
vn -0.2987 0.7105 -0.6372
vn -0.0017 -0.5918 0.8061
vn -0.0546 -0.2588 0.9644
vn -0.5923 -0.7261 0.3493
vn -0.9186 -0.3949 -0.0178
vn -0.1962 -0.6017 0.7742
vn -0.8288 0.0011 -0.5595
vn -0.8786 0.1025 -0.4665
vn -0.4803 0.5347 -0.6953
vn -0.4213 0.3104 -0.8521
vn -0.0417 -0.7302 0.6819
vn -0.8775 -0.0074 -0.4796
vn -0.3246 0.6990 -0.6372
vn 0.3082 -0.6314 0.7116
vn 0.2808 -0.2703 0.9209
vn -0.3652 0.6374 -0.6785
vn -0.4246 0.2934 -0.8565
vn 0.3594 -0.5526 0.7520
vn 0.3232 -0.7279 0.6047
vn -0.4237 0.1460 -0.8940
vn -0.1843 0.8659 -0.4650
vn 0.7541 -0.3239 0.5713
vn 0.9558 -0.1361 -0.2605
vn 0.8625 -0.3049 -0.4040
vn 0.8702 -0.4880 0.0680
vn 0.5360 0.3269 0.7783
vn 0.5384 0.8346 0.1167
vn 0.5055 0.5605 -0.6559
vn -0.2653 0.7120 -0.6502
vn 0.3905 0.8249 -0.4086
vn 0.9043 -0.3713 0.2109
vn 0.9513 0.1355 -0.2769
vn 0.8439 0.5365 -0.0033
vn 0.8659 0.0501 0.4977
vn 0.1132 0.8511 -0.5126
vn 0.6222 -0.2428 0.7443
vn 0.6062 -0.5349 0.5886
vn 0.8593 -0.3260 -0.3940
vn 0.8002 -0.5997 -0.0064
vn 0.7445 -0.4846 0.4592
vn 0.3242 0.0741 -0.9431
vn -0.3892 0.3365 -0.8575
vn -0.2279 0.5813 -0.7812
vn 0.4729 0.2056 -0.8568
vn 0.6160 -0.6388 0.4610
vn 0.4108 0.0271 -0.9113
vn 0.4056 -0.3594 0.8404
vn -0.9170 -0.3923 0.0714
vn -0.6494 -0.6238 -0.4349
vn -0.3106 -0.3535 -0.8824
vn -0.5041 -0.1853 -0.8436
vn -0.9217 0.3334 0.1984
vn -0.7660 0.4156 0.4904
vn -0.2606 0.9597 0.1051
vn -0.4971 0.7779 -0.3843
vn -0.0057 0.4162 -0.9092
vn -0.0831 0.6925 -0.7166
vn 0.4645 0.6702 -0.5788
vn -0.8076 -0.4694 -0.3570
vn -0.9871 0.0053 -0.1598
vn -0.6002 0.4578 -0.6559
vn -0.4586 0.0639 -0.8864
vn 0.1595 0.7672 -0.6213
vn 0.4966 0.7105 -0.4986
vn -0.7581 -0.5918 0.2741
vn -0.9249 -0.2588 0.2785
vn -0.5308 -0.7261 -0.4371
vn -0.2974 -0.3949 -0.8692
vn -0.7980 -0.5971 0.0823
vn 0.2442 -0.0009 -0.9697
vn 0.1379 0.1025 -0.9851
vn 0.4891 0.5347 -0.6891
vn 0.6587 0.3059 -0.6874
vn -0.6551 -0.7302 0.1941
vn 0.1501 -0.0123 -0.9886
vn 0.4877 0.6990 -0.5230
vn -0.5633 -0.6314 0.5330
vn -0.7694 -0.2703 0.5788
vn 0.5127 0.6374 -0.5752
vn 0.6610 0.2881 -0.6928
vn -0.5862 -0.5476 0.5971
vn -0.4577 -0.7279 0.5105
vn 0.6966 0.1356 -0.7045
vn 0.3740 0.8659 -0.3322
vn -0.2850 -0.3188 0.9039
vn 0.5715 -0.1409 0.8084
vn 0.6758 -0.3074 0.6699
vn 0.2344 -0.4877 0.8410
vn -0.5481 0.3269 0.7699
vn 0.0745 0.8346 0.5459
vn 0.7893 0.5605 0.2507
vn 0.5202 0.7120 -0.4716
vn 0.5176 0.8249 0.2272
vn 0.1111 -0.3713 0.9219
vn 0.5856 0.1355 0.7992
vn 0.2917 0.5365 0.7919
vn -0.1716 0.0501 0.9839
vn 0.5204 0.8511 -0.0689
vn -0.4866 -0.2428 0.8392
vn -0.3457 -0.5349 0.7710
vn 0.6642 -0.3260 0.6727
vn 0.2797 -0.5997 0.7498
vn -0.1779 -0.4820 0.8579
vn 0.9974 0.0693 -0.0198
vn 0.6745 0.3318 -0.6595
vn 0.6561 0.5813 -0.4813
vn 0.9669 0.2056 0.1514
vn -0.2225 -0.6388 0.7365
vn 0.9973 0.0157 0.0712
vn -0.6546 -0.3497 0.6703
vn -0.3865 -0.3902 -0.8357
vn 0.1878 -0.6251 -0.7576
vn 0.7236 -0.3583 -0.5899
vn 0.6216 -0.1946 -0.7587
vn -0.5016 0.3334 -0.7983
vn -0.7229 0.4156 -0.5521
vn -0.1879 0.9597 -0.2090
vn 0.1910 0.7779 -0.5986
vn 0.8524 0.4162 -0.3164
vn 0.6450 0.6925 -0.3232
vn 0.7027 0.6702 0.2386
vn 0.0593 -0.4694 -0.8810
vn -0.1875 0.0053 -0.9823
vn 0.4111 0.4578 -0.7883
vn 0.6761 0.0639 -0.7341
vn 0.6384 0.7672 -0.0626
vn 0.6384 0.7105 0.2961
vn -0.5168 -0.5918 -0.6186
vn -0.5781 -0.2588 -0.7739
vn 0.2292 -0.7261 -0.6483
vn 0.7151 -0.3949 -0.5768
vn -0.3502 -0.5956 -0.7229
vn 0.9950 -0.0063 -0.0996
vn 0.9729 0.1025 -0.2074
vn 0.8148 0.5347 0.2239
vn 0.8724 0.3015 0.3847
vn -0.4064 -0.7302 -0.5492
vn 0.9814 -0.0237 -0.1904
vn 0.6583 0.6990 0.2795
vn -0.6935 -0.6314 -0.3471
vn -0.8070 -0.2703 -0.5250
vn 0.7159 0.6374 0.2850
vn 0.8779 0.2831 0.3863
vn -0.7635 -0.5431 -0.3494
vn -0.6362 -0.7279 -0.2555
vn 0.9002 0.1259 0.4170
vn 0.4401 0.8659 0.2378
vn -0.9507 -0.3075 0.0388
vn -0.5699 -0.1328 0.8109
vn -0.3999 -0.3033 0.8649
vn -0.7132 -0.4832 0.5078
vn -0.9109 0.3269 -0.2517
vn -0.4875 0.8346 0.2567
vn 0.0344 0.5605 0.8274
vn 0.6211 0.7120 0.3276
vn -0.0365 0.8249 0.5641
vn -0.8283 -0.3713 0.4197
vn -0.5507 0.1355 0.8236
vn -0.6444 0.5365 0.5449
vn -0.9832 0.0501 0.1753
vn 0.2428 0.8511 0.4655
vn -0.9550 -0.2428 -0.1702
vn -0.8427 -0.5349 -0.0612
vn -0.4050 -0.3260 0.8542
vn -0.6089 -0.5997 0.5192
vn -0.8700 -0.4772 0.1237
vn 0.3611 0.0691 0.9300
vn 0.8518 0.3278 0.4087
vn 0.6767 0.5813 0.4519
vn 0.1885 0.2056 0.9603
vn -0.7682 -0.6388 0.0429
vn 0.2696 0.0141 0.9629
vn -0.8560 -0.3404 -0.3891
vn 0.6486 -0.3996 -0.6478
vn 0.7731 -0.6292 -0.0806
vn 0.7994 -0.3631 0.4787
vn 0.9217 -0.2040 0.3300
vn 0.5786 0.3334 -0.7444
vn 0.2715 0.4156 -0.8681
vn 0.1321 0.9597 -0.2481
vn 0.6278 0.7779 -0.0252
vn 0.5888 0.4162 0.6928
vn 0.5243 0.6925 0.4955
vn 0.0162 0.6702 0.7420
vn 0.8481 -0.4694 -0.2456
vn 0.8589 0.0053 -0.5121
vn 0.8814 0.4578 0.1166
vn 0.9210 0.0639 0.3842
vn 0.2772 0.7672 0.5784
vn -0.0599 0.7105 0.7012
vn 0.4046 -0.5918 -0.6972
vn 0.5295 -0.2588 -0.8079
vn 0.6876 -0.7261 -0.0063
vn 0.7866 -0.3949 0.4747
vn 0.5589 -0.5994 -0.5730
vn 0.4341 -0.0080 0.9008
vn 0.5276 0.1025 0.8433
vn 0.0682 0.5347 0.8423
vn -0.0619 0.3030 0.9510
vn 0.3770 -0.7302 -0.5698
vn 0.5103 -0.0266 0.8596
vn -0.0375 0.6990 0.7141
vn 0.0889 -0.6314 -0.7704
vn 0.2173 -0.2703 -0.9379
vn -0.0230 0.6374 0.7702
vn -0.0634 0.2850 0.9564
vn 0.0681 -0.5452 -0.8355
vn 0.0225 -0.7279 -0.6853
vn -0.0854 0.1297 0.9879
vn -0.0729 0.8659 0.4948
vn -0.3656 -0.3050 -0.8794
vn -0.9570 -0.1224 -0.2629
vn -0.9509 -0.2980 -0.0834
vn -0.7212 -0.4806 -0.4989
vn -0.0750 0.3269 -0.9421
vn -0.4080 0.8346 -0.3703
vn -0.7658 0.5605 0.3153
vn -0.0954 0.7120 0.6957
vn -0.5425 0.8249 0.1586
vn -0.6776 -0.3713 -0.6348
vn -0.9623 0.1355 -0.2358
vn -0.7324 0.5365 -0.4191
vn -0.5010 0.0501 -0.8640
vn -0.3544 0.8511 0.3873
vn -0.1667 -0.2428 -0.9557
vn -0.2307 -0.5349 -0.8128
vn -0.9412 -0.3260 -0.0884
vn -0.6962 -0.5997 -0.3946
vn -0.4129 -0.4765 -0.7762
vn -0.7507 0.0737 0.6565
vn -0.0915 0.3299 0.9396
vn -0.1932 0.5813 0.7905
vn -0.8380 0.2056 0.5056
vn -0.3030 -0.6388 -0.7072
vn -0.8162 0.0246 0.5773
vn 0.0729 -0.3439 -0.9362
vn -0.1201 -0.5585 0.8208
vn -0.7138 -0.4973 0.4931
vn -0.9683 -0.2214 0.1158
vn -0.8850 -0.2303 0.4046
vn -0.0705 0.0803 0.9943
vn 0.4980 -0.0740 0.8640
vn 0.3854 0.6172 0.6860
vn -0.2401 0.6070 0.7576
vn -0.8213 0.5677 -0.0568
vn -0.6717 0.7065 0.2230
vn -0.2401 0.9108 -0.3359
vn -0.3519 0.7647 -0.5399
vn -0.6794 -0.3949 0.6184
vn -0.6014 -0.2211 0.7677
vn -0.7553 0.2515 0.6053
vn -0.9176 0.0726 0.3909
vn -0.5309 0.2948 -0.7945
vn -0.4224 0.3945 -0.8160
vn -0.4861 0.3958 -0.7791
vn -0.3837 0.8048 0.4528
vn -0.2924 0.7466 0.5976
vn -0.0643 0.9943 -0.0846
vn -0.3693 0.0020 0.9293
vn -0.4429 0.4507 0.7750
vn -0.0355 -0.7876 0.6152
vn 0.1034 -0.5611 0.8212
vn -0.6814 -0.5481 0.4850
vn -0.9650 -0.1894 0.1816
vn 0.1907 -0.6027 0.7749
vn -0.7910 0.2471 -0.5597
vn -0.9031 0.3101 -0.2970
vn -0.4494 0.5660 -0.6911
vn -0.0246 -0.7506 0.6603
vn -0.9037 0.1294 -0.4082
vn -0.1417 0.9726 -0.1846
vn -0.2162 0.9232 -0.3177
vn -0.0366 -0.8387 0.5434
vn 0.3018 -0.8385 0.4536
vn 0.2882 -0.8609 0.4193
vn -0.4325 0.6083 -0.6655
vn 0.3925 -0.6578 0.6428
vn 0.3372 -0.7882 0.5149
vn -0.3245 0.8081 -0.4916
vn 0.3477 -0.7909 0.5035
vn 0.1590 0.9423 0.2946
vn 0.7997 -0.5238 0.2933
vn 0.8250 -0.2051 -0.5266
vn 0.5991 -0.2651 -0.7555
vn 0.7899 -0.5218 -0.3222
vn 0.8983 0.0833 0.4314
vn 0.7696 0.5942 0.2338
vn 0.3934 0.5528 -0.7346
vn -0.3285 0.7667 -0.5516
vn -0.2031 0.9126 -0.3549
vn 0.5600 0.7087 -0.4291
vn 0.8645 -0.4556 -0.2122
vn 0.8348 -0.0029 -0.5506
vn 0.9426 0.2083 -0.2608
vn 0.9652 -0.2590 -0.0369
vn -0.5533 0.3918 -0.7351
vn 0.0649 0.1502 -0.9865
vn 0.5691 0.8203 -0.0574
vn -0.0905 0.9936 -0.0678
vn 0.6752 0.7282 0.1179
vn 0.9725 -0.0092 0.2326
vn 0.8984 0.4286 0.0955
vn 0.6668 -0.5605 0.4910
vn 0.5553 -0.7787 0.2921
vn 0.6321 -0.2815 -0.7219
vn 0.7309 -0.6071 -0.3118
vn 0.5645 -0.5799 0.5874
vn -0.1407 0.2432 -0.9597
vn -0.4316 0.5625 -0.7052
vn 0.1744 0.2816 -0.9435
vn 0.5959 -0.7414 0.3084
vn 0.4958 -0.8318 0.2497
vn 0.5073 -0.5034 0.6995
vn -0.7756 -0.5500 0.3098
vn -0.7866 -0.4944 -0.3699
vn -0.5852 -0.2193 -0.7806
vn -0.7977 -0.2257 -0.5593
vn -0.8963 0.0803 0.4361
vn -0.4993 -0.0740 0.8633
vn -0.4014 0.6172 0.6767
vn -0.7761 0.6070 0.1709
vn -0.3614 0.5677 -0.7397
vn -0.5290 0.7065 -0.4701
vn 0.1709 0.9108 -0.3759
vn 0.2916 0.7647 -0.5747
vn -0.8753 -0.3949 -0.2792
vn -0.9656 -0.2211 -0.1370
vn -0.9018 0.2515 -0.3514
vn -0.7973 0.0726 -0.5992
vn 0.4249 0.2875 -0.8584
vn 0.4964 0.3908 -0.7752
vn 0.4322 0.3919 -0.8121
vn -0.5840 0.8048 -0.1059
vn -0.6637 0.7466 0.0456
vn 0.0411 0.9943 -0.0980
vn -0.9894 0.0020 0.1449
vn -0.8927 0.4507 0.0040
vn -0.5505 -0.7876 0.2768
vn -0.6595 -0.5611 0.5002
vn -0.7607 -0.5481 -0.3476
vn -0.6397 -0.1894 -0.7449
vn -0.5766 -0.5983 0.5564
vn 0.0908 0.2459 -0.9650
vn -0.1943 0.3101 -0.9306
vn 0.3738 0.5660 -0.7348
vn -0.5842 -0.7506 0.3088
vn -0.1008 0.1261 -0.9869
vn 0.0890 0.9726 -0.2150
vn 0.1671 0.9232 -0.3461
vn -0.4889 -0.8387 0.2401
vn -0.2419 -0.8385 0.4882
vn -0.2191 -0.8609 0.4592
vn 0.3601 0.6083 -0.7073
vn -0.3625 -0.6551 0.6629
vn -0.2773 -0.7882 0.5494
vn 0.2634 0.8081 -0.5268
vn -0.2622 -0.7909 0.5529
vn -0.1757 0.9423 0.2850
vn 0.1408 -0.5235 0.8403
vn 0.8697 -0.2118 0.4459
vn 0.9536 -0.2685 0.1364
vn 0.6747 -0.5231 0.5207
vn 0.0756 0.0833 0.9937
vn 0.1823 0.5942 0.7834
vn 0.8329 0.5528 -0.0266
vn 0.3135 0.7667 -0.5603
vn 0.2058 0.9126 -0.3533
vn 0.6516 0.7087 0.2705
vn 0.6160 -0.4556 0.6426
vn 0.8942 -0.0029 0.4476
vn 0.6972 0.2083 0.6859
vn 0.5145 -0.2590 0.8174
vn 0.3610 0.3884 -0.8478
vn 0.8850 0.1409 -0.4437
vn 0.3342 0.8203 0.4642
vn 0.0135 0.9936 -0.1123
vn 0.2355 0.7282 0.6436
vn 0.2848 -0.0092 0.9585
vn 0.3665 0.4286 0.8258
vn -0.0918 -0.5605 0.8230
vn 0.0247 -0.7787 0.6269
vn 0.9413 -0.2815 0.1864
vn 0.6355 -0.6071 0.4771
vn -0.2248 -0.5775 0.7848
vn 0.7607 0.2394 -0.6033
vn 0.3949 0.5625 -0.7264
vn 0.9043 0.2816 -0.3207
vn 0.0309 -0.7414 0.6703
vn 0.0317 -0.8318 0.5542
vn -0.3550 -0.4971 0.7917
vn -0.6615 -0.5455 -0.5147
vn -0.0720 -0.4945 -0.8662
vn 0.3866 -0.2217 -0.8952
vn 0.0867 -0.2298 -0.9694
vn -0.8258 0.0803 -0.5582
vn -0.9973 -0.0740 -0.0007
vn -0.7868 0.6172 -0.0093
vn -0.5361 0.6070 -0.5867
vn 0.4598 0.5677 -0.6828
vn 0.1427 0.7065 -0.6932
vn 0.4110 0.9108 -0.0399
vn 0.6435 0.7647 -0.0348
vn -0.1959 -0.3949 -0.8976
vn -0.3641 -0.2211 -0.9047
vn -0.1465 0.2515 -0.9567
vn 0.1203 0.0726 -0.9901
vn 0.9590 0.2772 -0.0592
vn 0.9215 0.3860 0.0421
vn 0.9217 0.3867 -0.0315
vn -0.2003 0.8048 -0.5587
vn -0.3713 0.7466 -0.5520
vn 0.1054 0.9943 -0.0134
vn -0.6202 0.0020 -0.7845
vn -0.4498 0.4507 -0.7711
vn -0.5150 -0.7876 -0.3384
vn -0.7629 -0.5611 -0.3210
vn -0.0793 -0.5481 -0.8326
vn 0.3252 -0.1894 -0.9265
vn -0.7725 -0.5946 -0.2229
vn 0.8828 0.2420 -0.4025
vn 0.7088 0.3101 -0.6336
vn 0.8232 0.5660 -0.0436
vn -0.5595 -0.7506 -0.3515
vn 0.8092 0.1171 -0.5758
vn 0.2307 0.9726 -0.0304
vn 0.3833 0.9232 -0.0284
vn -0.4523 -0.8387 -0.3034
vn -0.5438 -0.8385 0.0346
vn -0.5072 -0.8609 0.0399
vn 0.7926 0.6083 -0.0418
vn -0.7586 -0.6514 0.0180
vn -0.6145 -0.7882 0.0346
vn 0.5880 0.8081 -0.0353
vn -0.6100 -0.7909 0.0494
vn -0.3346 0.9423 -0.0097
vn -0.6649 -0.5158 0.5403
vn 0.0444 -0.2102 0.9766
vn 0.3598 -0.2681 0.8937
vn -0.1155 -0.5210 0.8457
vn -0.8228 0.0833 0.5623
vn -0.5873 0.5942 0.5496
vn 0.4395 0.5528 0.7080
vn 0.6419 0.7667 -0.0087
vn 0.4089 0.9126 0.0015
vn 0.0916 0.7087 0.6995
vn -0.2485 -0.4556 0.8548
vn 0.0594 -0.0029 0.9982
vn -0.2454 0.2083 0.9468
vn -0.4507 -0.2590 0.8543
vn 0.9168 0.3835 -0.1110
vn 0.8271 0.1333 0.5460
vn -0.2349 0.8203 0.5215
vn 0.1040 0.9936 -0.0444
vn -0.4397 0.7282 0.5258
vn -0.6877 -0.0092 0.7259
vn -0.5319 0.4286 0.7303
vn -0.7587 -0.5605 0.3320
vn -0.5306 -0.7787 0.3348
vn 0.3092 -0.2815 0.9084
vn -0.0955 -0.6071 0.7889
vn -0.7957 -0.5725 0.1975
vn 0.9042 0.2367 0.3556
vn 0.8265 0.5625 -0.0212
vn 0.7299 0.2816 0.6228
vn -0.5651 -0.7414 0.3619
vn -0.4641 -0.8318 0.3045
vn -0.8687 -0.4878 0.0866
vn 0.0914 -0.5508 -0.8296
vn 0.6858 -0.5177 -0.5115
vn 0.9507 -0.2717 -0.1498
vn 0.8596 -0.2792 -0.4280
vn 0.0728 0.0745 -0.9946
vn -0.5010 -0.0707 -0.8625
vn -0.3811 0.6218 -0.6842
vn 0.2184 0.5879 -0.7789
vn 0.8394 0.5433 0.0167
vn 0.6816 0.6821 -0.2649
vn 0.2436 0.9148 0.3221
vn 0.3603 0.7653 0.5333
vn 0.6542 -0.4149 -0.6324
vn 0.5781 -0.2461 -0.7780
vn 0.7393 0.2015 -0.6425
vn 0.9004 0.0235 -0.4345
vn 0.5091 0.2568 0.8215
vn 0.4220 0.3733 0.8262
vn 0.4729 0.3722 0.7987
vn 0.3841 0.7849 -0.4862
vn 0.2650 0.7331 -0.6264
vn 0.0556 0.9961 0.0691
vn 0.3508 -0.0185 -0.9363
vn 0.4283 0.4131 -0.8037
vn 0.0384 -0.7883 -0.6140
vn -0.0968 -0.5643 -0.8199
vn 0.6580 -0.5629 -0.5002
vn 0.9463 -0.2317 -0.2253
vn -0.2036 -0.5907 -0.7808
vn 0.8089 0.2097 0.5492
vn 0.9221 0.2827 0.2641
vn 0.4585 0.5583 0.6914
vn 0.0325 -0.7494 -0.6613
vn 0.9016 0.0747 0.4260
vn 0.1111 0.9776 0.1789
vn 0.1860 0.9296 0.3181
vn 0.0419 -0.8386 -0.5432
vn -0.2705 -0.8445 -0.4622
vn -0.2549 -0.8675 -0.4271
vn 0.4120 0.6055 0.6810
vn -0.3916 -0.6490 -0.6523
vn -0.3073 -0.7931 -0.5260
vn 0.2978 0.8129 0.5004
vn -0.3136 -0.7961 -0.5175
vn -0.1538 0.9392 -0.3072
vn -0.8098 -0.5019 -0.3039
vn -0.8129 -0.1672 0.5578
vn -0.5632 -0.2396 0.7908
vn -0.7767 -0.5115 0.3676
vn -0.8874 0.1272 -0.4430
vn -0.7448 0.6280 -0.2256
vn -0.3934 0.5511 0.7359
vn 0.2874 0.7706 0.5689
vn 0.1640 0.9172 0.3631
vn -0.5564 0.7122 0.4281
vn -0.8559 -0.4616 0.2331
vn -0.8136 0.0254 0.5808
vn -0.9269 0.2513 0.2787
vn -0.9679 -0.2479 0.0422
vn 0.5294 0.3712 0.7629
vn -0.0672 0.1395 0.9879
vn -0.5591 0.8274 0.0530
vn 0.0605 0.9957 0.0701
vn -0.6568 0.7468 -0.1045
vn -0.9703 0.0161 -0.2415
vn -0.8762 0.4735 -0.0903
vn -0.6490 -0.5578 -0.5174
vn -0.5265 -0.7937 -0.3048
vn -0.6016 -0.2661 0.7532
vn -0.7078 -0.6201 0.3383
vn -0.5620 -0.5721 -0.5974
vn 0.1384 0.2462 0.9593
vn 0.3931 0.5588 0.7302
vn -0.1741 0.2782 0.9446
vn -0.5641 -0.7589 -0.3253
vn -0.4574 -0.8509 -0.2583
vn -0.4868 -0.4767 -0.7320
vn 0.7678 -0.5582 -0.3144
vn 0.7803 -0.5005 0.3751
vn 0.5772 -0.2280 0.7841
vn 0.7849 -0.2431 0.5699
vn 0.8963 0.0803 -0.4361
vn 0.4993 -0.0740 -0.8633
vn 0.4014 0.6172 -0.6767
vn 0.7761 0.6070 -0.1709
vn 0.3614 0.5677 0.7397
vn 0.5290 0.7065 0.4701
vn -0.1709 0.9108 0.3759
vn -0.2916 0.7647 0.5747
vn 0.8753 -0.3949 0.2792
vn 0.9656 -0.2211 0.1370
vn 0.9018 0.2515 0.3514
vn 0.7973 0.0726 0.5992
vn -0.4270 0.2817 0.8593
vn -0.4964 0.3889 0.7761
vn -0.4338 0.3893 0.8126
vn 0.5840 0.8048 0.1059
vn 0.6637 0.7466 -0.0456
vn -0.0411 0.9943 0.0980
vn 0.9894 0.0020 -0.1449
vn 0.8927 0.4507 -0.0040
vn 0.5505 -0.7876 -0.2768
vn 0.6595 -0.5611 -0.5002
vn 0.7607 -0.5481 0.3476
vn 0.6397 -0.1894 0.7449
vn 0.5803 -0.6000 -0.5507
vn -0.0918 0.2406 0.9663
vn 0.1943 0.3101 0.9306
vn -0.3738 0.5660 0.7348
vn 0.5842 -0.7506 -0.3088
vn 0.0828 0.1149 0.9899
vn -0.0890 0.9726 0.2150
vn -0.1671 0.9232 0.3461
vn 0.4889 -0.8387 -0.2401
vn 0.2419 -0.8385 -0.4882
vn 0.2191 -0.8609 -0.4592
vn -0.3601 0.6083 0.7073
vn 0.3609 -0.6531 -0.6657
vn 0.2773 -0.7882 -0.5494
vn -0.2634 0.8081 0.5268
vn 0.2622 -0.7909 -0.5529
vn 0.1757 0.9423 -0.2850
vn -0.1404 -0.5088 -0.8493
vn -0.8640 -0.1952 -0.4642
vn -0.9547 -0.2605 -0.1437
vn -0.6731 -0.5162 -0.5296
vn -0.0756 0.0833 -0.9937
vn -0.1823 0.5942 -0.7834
vn -0.8329 0.5528 0.0266
vn -0.3135 0.7667 0.5603
vn -0.2058 0.9126 0.3533
vn -0.6516 0.7087 -0.2705
vn -0.6160 -0.4556 -0.6426
vn -0.8942 -0.0029 -0.4476
vn -0.6972 0.2083 -0.6859
vn -0.5145 -0.2590 -0.8174
vn -0.3614 0.3854 0.8490
vn -0.8915 0.1447 0.4293
vn -0.3342 0.8203 -0.4642
vn -0.0135 0.9936 0.1123
vn -0.2355 0.7282 -0.6436
vn -0.2848 -0.0092 -0.9585
vn -0.3665 0.4286 -0.8258
vn 0.0918 -0.5605 -0.8230
vn -0.0247 -0.7787 -0.6269
vn -0.9413 -0.2815 -0.1864
vn -0.6355 -0.6071 -0.4771
vn 0.2321 -0.5725 -0.7864
vn -0.7596 0.2416 0.6039
vn -0.3949 0.5625 0.7264
vn -0.9043 0.2816 0.3207
vn -0.0309 -0.7414 -0.6703
vn -0.0317 -0.8318 -0.5542
vn 0.3581 -0.4912 -0.7941
vn 0.0961 -0.7679 0.6333
vn -0.1867 -0.7505 0.6340
vn -0.8140 -0.3914 0.4292
vn -0.8095 -0.2814 0.5153
vn 0.3194 -0.0466 0.9465
vn 0.8104 -0.2176 0.5440
vn 0.6640 0.5474 0.5094
vn 0.0826 0.3809 0.9209
vn -0.7778 0.5223 0.3496
vn -0.4782 0.6613 0.5779
vn -0.2603 0.9267 -0.2712
vn -0.5044 0.7596 -0.4107
vn -0.2464 -0.5564 0.7936
vn -0.0168 -0.4071 0.9132
vn -0.2864 0.0797 0.9548
vn -0.6175 -0.0759 0.7829
vn -0.1320 0.7656 0.6296
vn 0.0038 0.7785 0.6276
vn 0.0451 0.9901 -0.1331
vn 0.2255 -0.2156 0.9501
vn 0.0443 0.2316 0.9718
vn 0.3967 -0.8142 0.4240
vn 0.5781 -0.5813 0.5726
vn -0.3419 -0.7341 0.5867
vn -0.7680 -0.3848 0.5119
vn 0.4803 -0.7995 0.3608
vn -0.9239 0.2884 -0.2514
vn -0.9711 0.2324 0.0534
vn -0.6379 0.5931 -0.4913
vn -0.6360 0.5250 -0.5655
vn 0.4175 -0.8364 0.3553
vn -0.9036 0.3370 -0.2643
vn -0.2111 0.9748 -0.0721
vn -0.3073 0.9366 -0.1685
vn 0.3587 -0.8514 0.3828
vn 0.4104 -0.8590 0.3060
vn 0.4037 -0.8683 0.2882
vn -0.6149 0.6272 -0.4780
vn -0.7103 0.5177 -0.4770
vn 0.5040 -0.7925 0.3436
vn 0.4137 -0.8577 0.3053
vn -0.4646 0.8179 -0.3394
vn -0.6524 0.4910 -0.5773
vn 0.5070 -0.7748 0.3776
vn 0.1692 0.9622 0.2135
vn 0.6644 -0.7461 0.0434
vn 0.5147 -0.2533 -0.8191
vn 0.2651 -0.0838 -0.9606
vn 0.6403 -0.5545 -0.5316
vn 0.9872 0.1553 -0.0370
vn 0.7415 0.6123 -0.2742
vn 0.0921 0.6031 -0.7924
vn -0.5235 0.7662 -0.3728
vn -0.3611 0.9243 -0.1235
vn 0.2919 0.7002 -0.6515
vn 0.6916 -0.3397 -0.6374
vn 0.4965 0.1665 -0.8519
vn 0.6603 0.2780 -0.6977
vn 0.8255 -0.2085 -0.5244
vn 0.4609 0.8141 -0.3533
vn -0.1401 0.9738 0.1792
vn 0.4294 0.8788 -0.2082
vn 0.9582 -0.0340 -0.2842
vn 0.8074 0.4312 -0.4027
vn 0.7902 -0.5332 0.3022
vn 0.6117 -0.7798 0.1332
vn 0.3527 -0.0597 -0.9338
vn 0.5621 -0.4715 -0.6794
vn 0.5358 -0.8058 0.2524
vn -0.3415 0.3260 -0.8815
vn -0.6644 0.5258 -0.5311
vn -0.6065 0.6186 -0.4995
vn -0.1392 0.3941 -0.9085
vn 0.5251 -0.8314 0.1820
vn -0.2779 0.3282 -0.9028
vn 0.5422 -0.8302 0.1292
vn 0.4908 -0.7469 0.4486
vn -0.4433 -0.7242 0.5282
vn -0.6899 -0.6651 0.2857
vn -0.9230 -0.2584 -0.2850
vn -0.9612 -0.2199 -0.1662
vn -0.5407 0.0052 0.8412
vn 0.0207 -0.3310 0.9434
vn 0.0556 0.5177 0.8537
vn -0.6202 0.5262 0.5818
vn -0.6943 0.6316 -0.3449
vn -0.6542 0.7557 -0.0300
vn 0.1083 0.9284 -0.3554
vn 0.0459 0.8106 -0.5838
vn -0.8171 -0.4783 0.3218
vn -0.7730 -0.3333 0.5398
vn -0.9188 0.2044 0.3376
vn -0.9980 0.0558 0.0287
vn -0.4823 0.8389 0.2522
vn -0.3788 0.8773 0.2945
vn 0.1829 0.9796 -0.0829
vn -0.6384 -0.1642 0.7520
vn -0.7226 0.3480 0.5973
vn -0.1386 -0.8127 0.5659
vn -0.1428 -0.6090 0.7802
vn -0.7489 -0.6462 0.1470
vn -0.9456 -0.2535 -0.2037
vn 0.0051 -0.7934 0.6087
vn -0.4370 0.3561 -0.8260
vn -0.6810 0.3478 -0.6444
vn -0.0100 0.6805 -0.7327
vn 0.0161 0.5552 -0.8315
vn -0.0423 -0.8359 0.5473
vn -0.5047 0.3218 -0.8011
vn -0.0031 0.9752 -0.2213
vn 0.0002 0.9450 -0.3270
vn -0.1123 -0.8485 0.5171
vn -0.0243 -0.8682 0.4956
vn -0.0253 -0.8805 0.4733
vn 0.0040 0.7076 -0.7066
vn -0.0568 0.5640 -0.8238
vn 0.0472 -0.7947 0.6052
vn -0.0121 -0.8657 0.5004
vn 0.0083 0.8591 -0.5118
vn -0.0073 0.4813 -0.8766
vn -0.0256 -0.8074 0.5894
vn 0.0296 0.9779 0.2069
vn 0.4020 -0.7621 0.5075
vn 0.9298 -0.2757 -0.2438
vn 0.8600 -0.2103 -0.4649
vn 0.7374 -0.6685 0.0968
vn 0.6046 0.0033 0.7965
vn 0.6897 0.5476 0.4737
vn 0.6760 0.5746 -0.4614
vn -0.0178 0.8196 -0.5727
vn -0.0844 0.9387 -0.3343
vn 0.6961 0.6916 -0.1927
vn 0.8559 -0.5056 0.1082
vn 0.9788 0.0431 -0.2003
vn 0.9803 0.1796 0.0826
vn 0.8665 -0.3649 0.3406
vn 0.5700 0.8076 0.1515
vn -0.1622 0.9861 -0.0358
vn 0.4045 0.8929 0.1979
vn 0.7573 -0.1721 0.6300
vn 0.8320 0.3507 0.4298
vn 0.1616 -0.6132 0.7733
vn 0.1541 -0.8272 0.5403
vn 0.8915 -0.2126 -0.4001
vn 0.7717 -0.6325 -0.0659
vn 0.0618 -0.8100 0.5832
vn 0.4603 0.2880 -0.8397
vn -0.0021 0.5768 -0.8169
vn 0.0187 0.6999 -0.7140
vn 0.6015 0.3517 -0.7173
vn 0.0808 -0.8579 0.5074
vn 0.4632 0.2957 -0.8355
vn 0.1176 -0.8662 0.4857
vn 0.0162 -0.7311 0.6821
vn -0.6749 -0.7377 0.0185
vn -0.6172 -0.6690 -0.4141
vn -0.2951 -0.2559 -0.9206
vn -0.4576 -0.2481 -0.8538
vn -0.9956 0.0020 0.0940
vn -0.7332 -0.3290 0.5952
vn -0.6609 0.5179 0.5431
vn -0.8255 0.5435 -0.1518
vn -0.1082 0.6016 -0.7914
vn -0.3387 0.7313 -0.5921
vn 0.3367 0.9312 -0.1399
vn 0.4801 0.8080 -0.3415
vn -0.7068 -0.4912 -0.5091
vn -0.8703 -0.3462 -0.3504
vn -0.7739 0.1958 -0.6023
vn -0.5598 0.0479 -0.8272
vn -0.4892 0.8310 -0.2648
vn -0.4333 0.8915 -0.1324
vn 0.1598 0.9818 0.1025
vn -0.9822 -0.1661 -0.0876
vn -0.8977 0.3543 -0.2620
vn -0.5298 -0.8155 0.2332
vn -0.7021 -0.6072 0.3720
vn -0.5275 -0.6492 -0.5479
vn -0.3490 -0.2428 -0.9051
vn -0.4851 -0.7871 0.3811
vn 0.3803 0.3442 -0.8585
vn 0.1255 0.3345 -0.9340
vn 0.5610 0.6719 -0.4835
vn 0.6538 0.5489 -0.5208
vn -0.4600 -0.8347 0.3028
vn 0.3155 0.3022 -0.8995
vn 0.1803 0.9740 -0.1369
vn 0.2636 0.9429 -0.2037
vn -0.4714 -0.8526 0.2255
vn -0.3997 -0.8655 0.3019
vn -0.3808 -0.8783 0.2890
vn 0.5502 0.7012 -0.4535
vn 0.6041 0.5517 -0.5750
vn -0.4686 -0.7860 0.4033
vn -0.4014 -0.8621 0.3094
vn 0.4070 0.8550 -0.3214
vn 0.6709 0.4694 -0.5741
vn -0.4711 -0.8041 0.3626
vn -0.1577 0.9780 0.1366
vn -0.1320 -0.7417 0.6576
vn 0.7712 -0.2597 0.5812
vn 0.8818 -0.2222 0.4160
vn 0.3145 -0.6734 0.6691
vn -0.2920 0.0109 0.9564
vn -0.0098 0.5406 0.8412
vn 0.7493 0.5997 0.2809
vn 0.4378 0.8136 -0.3827
vn 0.2179 0.9333 -0.2854
vn 0.5165 0.7211 0.4618
vn 0.3683 -0.5008 0.7833
vn 0.7012 0.0526 0.7110
vn 0.4361 0.1976 0.8779
vn 0.1635 -0.3523 0.9215
vn 0.1695 0.8237 0.5411
vn -0.0564 0.9849 -0.1636
vn 0.0535 0.8852 0.4621
vn -0.1195 -0.1677 0.9786
vn 0.0772 0.3531 0.9324
vn -0.5241 -0.6051 0.5994
vn -0.3553 -0.8157 0.4566
vn 0.8333 -0.2259 0.5045
vn 0.4710 -0.6434 0.6035
vn -0.4339 -0.7998 0.4147
vn 0.9402 0.2915 -0.1763
vn 0.6405 0.5642 -0.5210
vn 0.5651 0.6952 -0.4443
vn 0.9333 0.3557 0.0496
vn -0.3684 -0.8475 0.3822
vn 0.9415 0.2923 -0.1678
vn -0.3318 -0.8540 0.4007
vn -0.5265 -0.7204 0.4514
vn -0.4499 -0.7394 -0.5009
vn -0.0771 -0.6703 -0.7380
vn 0.5185 -0.2591 -0.8149
vn 0.3665 -0.2550 -0.8948
vn -0.7120 0.0020 -0.7022
vn -0.9272 -0.3290 -0.1791
vn -0.8408 0.5179 -0.1572
vn -0.4143 0.5435 -0.7300
vn 0.5367 0.6016 -0.5916
vn 0.2358 0.7313 -0.6400
vn 0.3236 0.9312 0.1680
vn 0.5702 0.8080 0.1483
vn -0.0644 -0.4912 -0.8687
vn -0.2910 -0.3462 -0.8919
vn -0.0360 0.1958 -0.9800
vn 0.2738 0.0479 -0.9606
vn -0.1116 0.8310 -0.5450
vn -0.1771 0.8915 -0.4170
vn 0.0242 0.9818 0.1883
vn -0.5642 -0.1661 -0.8087
vn -0.3763 0.3543 -0.8561
vn -0.5191 -0.8155 -0.2559
vn -0.7363 -0.6072 -0.2987
vn 0.0807 -0.6492 -0.7563
vn 0.4691 -0.2428 -0.8491
vn -0.6043 -0.7862 -0.1292
vn 0.9036 0.3407 -0.2596
vn 0.7961 0.3345 -0.5043
vn 0.7310 0.6719 0.1190
vn 0.8206 0.5468 0.1658
vn -0.5276 -0.8347 -0.1577
vn 0.8962 0.2960 -0.3305
vn 0.2207 0.9740 0.0501
vn 0.3255 0.9429 0.0710
vn -0.4758 -0.8526 -0.2162
vn -0.4882 -0.8655 -0.1121
vn -0.4661 -0.8783 -0.1060
vn 0.7010 0.7012 0.1300
vn 0.8302 0.5494 0.0943
vn -0.6120 -0.7847 -0.0984
vn -0.4950 -0.8621 -0.1086
vn 0.5078 0.8550 0.1052
vn 0.8734 0.4650 0.1449
vn -0.5805 -0.8041 -0.1278
vn -0.2060 0.9780 -0.0330
vn -0.5937 -0.7367 0.3238
vn 0.0428 -0.2555 0.9659
vn 0.2467 -0.2194 0.9439
vn -0.3142 -0.6711 0.6715
vn -0.9203 0.0109 0.3911
vn -0.6507 0.5406 0.5332
vn 0.2664 0.5997 0.7546
vn 0.5746 0.8136 0.0894
vn 0.3587 0.9333 -0.0165
vn -0.0217 0.7211 0.6925
vn -0.3633 -0.5008 0.7857
vn -0.0939 0.0526 0.9942
vn -0.3922 0.1976 0.8984
vn -0.6008 -0.3523 0.7176
vn -0.3056 0.8237 0.4777
vn 0.0891 0.9849 -0.1484
vn -0.3196 0.8852 0.3381
vn -0.8265 -0.1677 0.5374
vn -0.6646 0.3531 0.6585
vn -0.7960 -0.6051 -0.0162
vn -0.5781 -0.8157 0.0214
vn 0.1492 -0.2259 0.9627
vn -0.1595 -0.6434 0.7487
vn -0.5985 -0.7982 -0.0680
vn 0.7395 0.2919 0.6066
vn 0.8121 0.5626 0.1551
vn 0.7036 0.6952 0.1474
vn 0.5619 0.3557 0.7468
vn -0.5295 -0.8475 -0.0365
vn 0.7314 0.2907 0.6170
vn -0.5202 -0.8540 0.0033
vn -0.6870 -0.7175 -0.1149
vn 0.0702 -0.7400 -0.6689
vn 0.5901 -0.6049 -0.5346
vn 0.9719 -0.2028 -0.1198
vn 0.8968 -0.2781 -0.3441
vn 0.0798 0.0551 -0.9953
vn -0.4713 -0.2854 -0.8345
vn -0.4295 0.5131 -0.7431
vn 0.2939 0.5456 -0.7848
vn 0.7886 0.6129 0.0497
vn 0.6342 0.7415 -0.2193
vn 0.0634 0.9258 0.3726
vn 0.2542 0.7844 0.5657
vn 0.6790 -0.4096 -0.6093
vn 0.5485 -0.2740 -0.7900
vn 0.7352 0.2385 -0.6345
vn 0.9149 0.1008 -0.3909
vn 0.3358 0.8323 -0.4410
vn 0.2160 0.8687 -0.4458
vn -0.1638 0.9786 0.1248
vn 0.2970 -0.1119 -0.9483
vn 0.4201 0.3829 -0.8227
vn -0.1138 -0.7894 -0.6032
vn -0.2423 -0.5632 -0.7900
vn 0.7007 -0.5621 -0.4393
vn 0.9698 -0.1639 -0.1804
vn -0.2556 -0.7837 -0.5662
vn 0.7851 0.3178 0.5316
vn 0.8866 0.3512 0.3011
vn 0.3839 0.6330 0.6723
vn 0.4106 0.5127 0.7540
vn -0.1888 -0.8215 -0.5380
vn 0.8476 0.2773 0.4524
vn 0.1321 0.9755 0.1757
vn 0.1943 0.9398 0.2812
vn -0.1079 -0.8343 -0.5406
vn -0.2711 -0.8526 -0.4468
vn -0.2630 -0.8664 -0.4244
vn 0.3946 0.6619 0.6374
vn 0.4802 0.5183 0.7076
vn -0.3381 -0.7777 -0.5300
vn -0.2751 -0.8494 -0.4504
vn 0.2990 0.8364 0.4593
vn 0.4693 0.4465 0.7618
vn -0.3256 -0.7810 -0.5330
vn -0.1275 0.9659 -0.2254
vn -0.6481 -0.7269 -0.2272
vn -0.6905 -0.2427 0.6814
vn -0.5701 -0.2369 0.7866
vn -0.7395 -0.6463 0.1882
vn -0.8973 0.0103 -0.4412
vn -0.8503 0.4924 -0.1858
vn -0.3614 0.6160 0.7000
vn 0.3925 0.7821 0.4840
vn 0.3249 0.9189 0.2237
vn -0.5132 0.7457 0.4249
vn -0.8626 -0.4319 0.2635
vn -0.8134 0.0803 0.5761
vn -0.9352 0.2162 0.2804
vn -0.9570 -0.2879 0.0355
vn -0.5402 0.8403 0.0470
vn 0.2361 0.9668 -0.0977
vn -0.4879 0.8682 -0.0902
vn -0.9591 -0.1190 -0.2570
vn -0.9307 0.3535 -0.0939
vn -0.5552 -0.5703 -0.6054
vn -0.4599 -0.7916 -0.4023
vn -0.6347 -0.1972 0.7472
vn -0.7025 -0.5934 0.3929
vn -0.3544 -0.7861 -0.5065
vn 0.0395 0.2479 0.9680
vn 0.4440 0.5270 0.7246
vn 0.4224 0.6504 0.6313
vn -0.1608 0.3540 0.9213
vn -0.3689 -0.8303 -0.4179
vn 0.0554 0.2888 0.9558
vn -0.4106 -0.8345 -0.3675
vn -0.3758 -0.7181 -0.5858
vn 0.5604 -0.7542 -0.3422
vn 0.7478 -0.6618 0.0534
vn 0.7188 -0.3198 0.6173
vn 0.7911 -0.2422 0.5617
vn 0.8135 -0.0160 -0.5814
vn 0.3003 -0.2529 -0.9197
vn 0.3219 0.5266 -0.7868
vn 0.8443 0.4431 -0.3013
vn 0.5284 0.5324 0.6614
vn 0.6494 0.6774 0.3455
vn -0.2120 0.9266 0.3107
vn -0.2501 0.7708 0.5859
vn 0.8605 -0.5028 0.0820
vn 0.9206 -0.3648 -0.1395
vn 0.9900 0.0970 0.1027
vn 0.9090 -0.0499 0.4137
vn 0.6201 0.7837 -0.0341
vn 0.5451 0.8272 -0.1361
vn -0.1681 0.9854 -0.0253
vn 0.8881 -0.1884 -0.4193
vn 0.9311 0.2637 -0.2521
vn 0.3178 -0.7904 -0.5237
vn 0.3928 -0.5576 -0.7313
vn 0.7314 -0.6502 0.2054
vn 0.7469 -0.3125 0.5870
vn 0.1754 -0.7719 -0.6111
vn 0.1295 0.2346 0.9634
vn 0.3643 0.2499 0.8971
vn -0.2558 0.6016 0.7567
vn -0.2930 0.4921 0.8198
vn 0.2122 -0.8093 -0.5477
vn 0.1540 0.2744 0.9492
vn -0.0311 0.9728 0.2298
vn -0.0829 0.9352 0.3442
vn 0.2760 -0.8319 -0.4815
vn 0.1208 -0.8362 -0.5350
vn 0.1099 -0.8505 -0.5143
vn -0.2214 0.6324 0.7423
vn -0.1829 0.4895 0.8526
vn 0.1372 -0.7663 -0.6276
vn 0.1171 -0.8327 -0.5412
vn -0.1623 0.8234 0.5438
vn -0.2438 0.4348 0.8669
vn 0.1608 -0.7606 -0.6290
vn 0.1442 0.9651 -0.2186
vn -0.2430 -0.6944 -0.6773
vn -0.9408 -0.2442 -0.2349
vn -0.9879 -0.1388 0.0687
vn -0.7220 -0.5421 -0.4300
vn -0.2695 0.0900 -0.9588
vn -0.4130 0.5557 -0.7215
vn -0.7760 0.6123 0.1513
vn -0.1421 0.7776 0.6125
vn 0.0138 0.9187 0.3948
vn -0.6687 0.7325 -0.1278
vn -0.7694 -0.3993 -0.4986
vn -0.9610 0.0938 -0.2600
vn -0.8172 0.2295 -0.5287
vn -0.6570 -0.2601 -0.7076
vn -0.4031 0.8358 -0.3727
vn 0.2123 0.9696 0.1218
vn -0.2639 0.8782 -0.3989
vn -0.4414 -0.0803 -0.8937
vn -0.5368 0.3795 -0.7536
vn 0.0834 -0.5344 -0.8411
vn -0.0101 -0.7653 -0.6436
vn -0.9891 -0.1450 -0.0268
vn -0.8001 -0.5160 -0.3057
vn 0.0822 -0.7736 -0.6283
vn -0.7205 0.2727 0.6376
vn -0.2349 0.5100 0.8275
vn -0.2138 0.6328 0.7442
vn -0.8059 0.3806 0.4536
vn 0.0299 -0.8062 -0.5909
vn -0.7487 0.2812 0.6003
vn -0.0114 -0.8080 -0.5891
vn 0.1612 -0.7170 -0.6782
vn 0.5958 -0.7455 -0.2988
vn 0.5087 -0.1634 -0.8453
vn 0.3271 -0.2389 -0.9143
vn 0.4774 -0.6102 -0.6322
vn 0.3969 0.7160 -0.5743
vn 0.0005 0.9726 -0.2323
vn 0.0767 0.9902 -0.1171
vn 0.5782 0.7619 -0.2921
vn 0.7257 -0.4455 -0.5244
vn 0.6841 0.1706 -0.7092
vn 0.9263 0.1879 -0.3266
vn 0.8814 -0.4359 -0.1819
vn 0.3094 -0.9181 0.2479
vn 0.3144 -0.9129 0.2605
vn 0.4086 -0.9074 -0.0985
vn 0.4461 -0.8950 0.0045
vn -0.5625 0.6482 -0.5132
vn -0.5444 0.6815 -0.4890
vn -0.2130 0.4768 -0.8528
vn 0.9932 0.1153 0.0151
vn 0.5823 0.5721 0.5776
vn 0.6648 -0.3278 0.6713
vn 0.6065 -0.7599 0.2338
vn 0.3339 -0.1629 -0.9284
vn 0.4758 -0.6135 -0.6303
vn 0.4316 -0.8472 0.3099
vn -0.0468 0.3270 -0.9439
vn -0.2552 0.7976 -0.5466
vn 0.1112 0.4213 -0.9001
vn 0.5341 0.8368 -0.1203
vn 0.0507 0.9983 0.0302
vn -0.0874 0.9887 -0.1215
vn -0.0650 0.9905 -0.1212
vn 0.4104 -0.7999 0.4378
vn -0.5545 0.6558 -0.5123
vn -0.3933 0.8372 -0.3800
vn 0.3349 -0.8913 0.3057
vn 0.7305 -0.5498 0.4051
vn -0.2981 -0.7634 0.5730
vn -0.6490 -0.5935 0.4760
vn -0.9246 -0.2093 0.3184
vn -0.8624 -0.1437 0.4853
vn -0.6020 0.6987 0.3866
vn -0.2898 0.7282 0.6210
vn -0.0905 0.9930 0.0760
vn -0.2463 0.9682 -0.0438
vn -0.5581 -0.3729 0.7413
vn -0.1793 -0.4252 0.8872
vn -0.3183 0.1805 0.9307
vn -0.7214 0.1800 0.6687
vn 0.0255 -0.8796 0.4750
vn -0.1045 -0.9179 0.3829
vn -0.5411 0.6632 -0.5170
vn 0.0371 0.1075 0.9935
vn 0.2761 -0.7039 0.6544
vn -0.6523 -0.5719 0.4974
vn -0.9377 -0.1363 0.3197
vn 0.2914 -0.8649 0.4087
vn -0.9501 0.3096 -0.0375
vn -0.9188 0.3846 0.0886
vn -0.5798 0.7706 -0.2646
vn -0.8630 0.4705 -0.1838
vn -0.1206 0.8630 0.4907
vn 0.3941 -0.5373 0.7457
vn 0.3572 -0.8816 0.3085
vn 0.6435 -0.7233 0.2503
vn 0.9711 -0.1494 -0.1861
vn 0.9032 -0.2543 -0.3458
vn 0.7843 -0.6198 -0.0274
vn 0.6829 0.7291 -0.0452
vn 0.1621 0.9762 -0.1444
vn 0.1301 0.9915 -0.0094
vn 0.5854 0.7617 0.2777
vn 0.8625 -0.4395 0.2509
vn 0.9793 0.1813 0.0904
vn 0.8321 0.1910 0.5207
vn 0.7031 -0.4207 0.5733
vn 0.0444 -0.9133 0.4049
vn 0.0391 -0.9084 0.4164
vn 0.3543 -0.8942 0.2737
vn 0.2951 -0.8850 0.3602
vn -0.0381 0.6400 -0.7674
vn -0.0242 0.6687 -0.7432
vn 0.4802 0.4748 -0.7375
vn 0.6374 0.1162 0.7617
vn -0.0518 0.5727 0.8181
vn -0.0316 -0.3247 0.9453
vn 0.2387 -0.7463 0.6214
vn 0.9254 -0.1653 -0.3409
vn 0.7859 -0.6180 -0.0223
vn 0.0635 -0.8430 0.5341
vn 0.6596 0.3312 -0.6748
vn 0.2165 0.8032 -0.5550
vn 0.7452 0.4353 -0.5052
vn 0.4437 0.8281 0.3426
vn 0.0147 0.9981 0.0605
vn 0.0262 0.9889 -0.1466
vn 0.0426 0.9908 -0.1282
vn -0.0151 -0.7963 0.6047
vn -0.0219 0.6486 -0.7608
vn -0.0099 0.8331 -0.5531
vn 0.0023 -0.8882 0.4595
vn 0.2073 -0.5383 0.8169
vn -0.6004 -0.7820 0.1671
vn -0.7935 -0.5734 -0.2041
vn -0.8482 -0.1912 -0.4939
vn -0.9355 -0.1602 -0.3150
vn -0.6989 0.6779 -0.2281
vn -0.6772 0.7197 0.1529
vn -0.1274 0.9914 -0.0305
vn -0.1464 0.9628 -0.2271
vn -0.9290 -0.3696 0.0188
vn -0.7976 -0.4305 0.4224
vn -0.9272 0.1739 0.3317
vn -0.9760 0.1669 -0.1401
vn -0.3370 -0.8859 0.3186
vn -0.3488 -0.9252 0.1494
vn -0.0034 0.6629 -0.7487
vn -0.7273 0.1070 0.6779
vn -0.2910 -0.7115 0.6396
vn -0.8061 -0.5591 -0.1940
vn -0.8515 -0.1317 -0.5076
vn -0.1079 -0.8641 0.4916
vn -0.6181 0.2978 -0.7275
vn -0.6822 0.3633 -0.6345
vn -0.2133 0.7581 -0.6163
vn -0.4549 0.4592 -0.7630
vn -0.4575 0.8616 0.2198
vn -0.2676 -0.5419 0.7967
vn 0.0415 -0.8765 0.4797
vn 0.2964 -0.7509 0.5902
vn 0.8502 -0.1746 0.4966
vn 0.9157 -0.2437 0.3196
vn 0.6341 -0.6118 0.4729
vn 0.5743 0.7160 0.3969
vn 0.2323 0.9726 0.0005
vn 0.1171 0.9902 0.0767
vn 0.2921 0.7619 0.5782
vn 0.5244 -0.4455 0.7257
vn 0.7092 0.1706 0.6841
vn 0.3266 0.1879 0.9263
vn 0.1819 -0.4359 0.8814
vn -0.2479 -0.9181 0.3094
vn -0.2605 -0.9129 0.3144
vn 0.0985 -0.9074 0.4086
vn -0.0045 -0.8950 0.4461
vn 0.5196 0.6395 -0.5667
vn 0.4930 0.6771 -0.5463
vn 0.8559 0.4650 -0.2263
vn -0.0151 0.1153 0.9932
vn -0.5776 0.5721 0.5823
vn -0.6713 -0.3278 0.6648
vn -0.2338 -0.7599 0.6065
vn 0.9284 -0.1629 0.3339
vn 0.6303 -0.6135 0.4758
vn -0.3083 -0.8465 0.4340
vn 0.9459 0.3202 -0.0524
vn 0.5466 0.7976 -0.2552
vn 0.9001 0.4213 0.1112
vn 0.1203 0.8368 0.5341
vn -0.0302 0.9983 0.0507
vn 0.1215 0.9887 -0.0874
vn 0.1212 0.9905 -0.0650
vn -0.4378 -0.7999 0.4104
vn 0.5137 0.6513 -0.5585
vn 0.3800 0.8372 -0.3933
vn -0.3102 -0.8895 0.3355
vn -0.4051 -0.5498 0.7305
vn -0.5826 -0.7578 -0.2937
vn -0.4809 -0.5908 -0.6478
vn -0.3214 -0.2056 -0.9243
vn -0.4937 -0.1400 -0.8583
vn -0.3866 0.6987 -0.6020
vn -0.6210 0.7282 -0.2898
vn -0.0760 0.9930 -0.0905
vn 0.0438 0.9682 -0.2463
vn -0.7413 -0.3729 -0.5581
vn -0.8872 -0.4252 -0.1793
vn -0.9307 0.1805 -0.3183
vn -0.6687 0.1800 -0.7214
vn -0.4750 -0.8796 0.0255
vn -0.3829 -0.9179 -0.1045
vn 0.5207 0.6595 -0.5421
vn -0.9935 0.1075 0.0371
vn -0.6544 -0.7039 0.2761
vn -0.4974 -0.5719 -0.6523
vn -0.3197 -0.1363 -0.9377
vn -0.4102 -0.8629 0.2952
vn 0.0384 0.3105 -0.9498
vn -0.0886 0.3846 -0.9188
vn 0.2646 0.7706 -0.5798
vn 0.1808 0.4638 -0.8673
vn -0.4907 0.8630 -0.1206
vn -0.7457 -0.5373 0.3941
vn -0.3141 -0.8783 0.3606
vn -0.2126 -0.7490 0.6276
vn 0.2475 -0.1746 0.9530
vn 0.4214 -0.2426 0.8738
vn 0.1124 -0.6108 0.7838
vn 0.1254 0.7160 0.6868
vn 0.1639 0.9726 0.1646
vn 0.0286 0.9902 0.1370
vn -0.2023 0.7619 0.6154
vn -0.1423 -0.4455 0.8839
vn 0.0177 0.1706 0.9852
vn -0.4240 0.1879 0.8859
vn -0.4946 -0.4359 0.7519
vn -0.3941 -0.9181 0.0435
vn -0.4065 -0.9129 0.0381
vn -0.2193 -0.9074 0.3586
vn -0.3186 -0.8950 0.3123
vn 0.7734 0.6331 -0.0334
vn 0.7373 0.6745 -0.0383
vn 0.7678 0.4592 0.4468
vn -0.7130 0.1153 0.6916
vn -0.8202 0.5721 0.0033
vn -0.9447 -0.3278 -0.0046
vn -0.5942 -0.7599 0.2636
vn 0.4204 -0.1629 0.8926
vn 0.1093 -0.6135 0.7821
vn -0.5270 -0.8453 0.0886
vn 0.7070 0.3195 0.6309
vn 0.5670 0.7976 0.2061
vn 0.5578 0.4213 0.7151
vn -0.2926 0.8368 0.4628
vn -0.0573 0.9983 0.0145
vn 0.1477 0.9887 0.0241
vn 0.1316 0.9905 0.0397
vn -0.5998 -0.7999 -0.0194
vn 0.7610 0.6480 -0.0309
vn 0.5468 0.8372 -0.0094
vn -0.4590 -0.8882 0.0187
vn -0.8030 -0.5498 0.2301
vn -0.2050 -0.7598 -0.6171
vn 0.1196 -0.5913 -0.7975
vn 0.4292 -0.2076 -0.8790
vn 0.2627 -0.1452 -0.9539
vn 0.1523 0.6987 -0.6990
vn -0.2342 0.7282 -0.6441
vn 0.0103 0.9930 -0.1177
vn 0.2051 0.9682 -0.1432
vn -0.1296 -0.3729 -0.9188
vn -0.5005 -0.4252 -0.7541
vn -0.4330 0.1805 -0.8831
vn 0.0372 0.1800 -0.9830
vn -0.3539 -0.8796 -0.3178
vn -0.1969 -0.9179 -0.3446
vn 0.7541 0.6565 -0.0154
vn -0.7287 0.1075 -0.6763
vn -0.6580 -0.7039 -0.2675
vn 0.1096 -0.5719 -0.8130
vn 0.4370 -0.1363 -0.8891
vn -0.4998 -0.8622 -0.0826
vn 0.7016 0.3073 -0.6429
vn 0.5870 0.3846 -0.7124
vn 0.5971 0.7706 -0.2228
vn 0.7474 0.4566 -0.4826
vn -0.2617 0.8630 -0.4322
vn -0.8059 -0.5373 -0.2486
vn -0.4818 -0.8757 0.0333
vn -0.6004 -0.7447 0.2915
vn -0.5063 -0.1698 0.8454
vn -0.3233 -0.2396 0.9155
vn -0.4784 -0.6091 0.6326
vn -0.3969 0.7160 0.5743
vn -0.0005 0.9726 0.2323
vn -0.0767 0.9902 0.1171
vn -0.5782 0.7619 0.2921
vn -0.7257 -0.4455 0.5244
vn -0.6841 0.1706 0.7092
vn -0.9263 0.1879 0.3266
vn -0.8814 -0.4359 0.1819
vn -0.3094 -0.9181 -0.2479
vn -0.3144 -0.9129 -0.2605
vn -0.4086 -0.9074 0.0985
vn -0.4461 -0.8950 -0.0045
vn 0.5726 0.6304 0.5242
vn 0.5498 0.6736 0.4939
vn 0.2219 0.4585 0.8605
vn -0.9932 0.1153 -0.0151
vn -0.5823 0.5721 -0.5776
vn -0.6648 -0.3278 -0.6713
vn -0.6065 -0.7599 -0.2338
vn -0.3339 -0.1629 0.9284
vn -0.4758 -0.6135 0.6303
vn -0.4354 -0.8443 -0.3124
vn 0.0529 0.3217 0.9454
vn 0.2552 0.7976 0.5466
vn -0.1112 0.4213 0.9001
vn -0.5341 0.8368 0.1203
vn -0.0507 0.9983 -0.0302
vn 0.0874 0.9887 0.1215
vn 0.0650 0.9905 0.1212
vn -0.4104 -0.7999 -0.4378
vn 0.5597 0.6467 0.5182
vn 0.3933 0.8372 0.3800
vn -0.3399 -0.8877 -0.3106
vn -0.7305 -0.5498 -0.4051
vn 0.2909 -0.7641 -0.5758
vn 0.6498 -0.5929 -0.4757
vn 0.9259 -0.2111 -0.3133
vn 0.8639 -0.1521 -0.4802
vn 0.6020 0.6987 -0.3866
vn 0.2898 0.7282 -0.6210
vn 0.0905 0.9930 -0.0760
vn 0.2463 0.9682 0.0438
vn 0.5581 -0.3729 -0.7413
vn 0.1793 -0.4252 -0.8872
vn 0.3183 0.1805 -0.9307
vn 0.7214 0.1800 -0.6687
vn -0.0255 -0.8796 -0.4750
vn 0.1045 -0.9179 -0.3829
vn 0.5457 0.6551 0.5225
vn -0.0371 0.1075 -0.9935
vn -0.2761 -0.7039 -0.6544
vn 0.6523 -0.5719 -0.4974
vn 0.9377 -0.1363 -0.3197
vn -0.2932 -0.8623 -0.4128
vn 0.9518 0.3036 0.0443
vn 0.9188 0.3846 -0.0886
vn 0.5798 0.7706 0.2646
vn 0.8704 0.4521 0.1950
vn 0.1206 0.8630 -0.4907
vn -0.3941 -0.5373 -0.7457
vn -0.3665 -0.8745 -0.3178
vn -0.6342 -0.7407 -0.2218
vn -0.9591 -0.1631 0.2315
vn -0.8787 -0.2362 0.4149
vn -0.7871 -0.6077 0.1057
vn -0.6868 0.7160 0.1254
vn -0.1646 0.9726 0.1639
vn -0.1370 0.9902 0.0286
vn -0.6154 0.7619 -0.2023
vn -0.8839 -0.4455 -0.1423
vn -0.9852 0.1706 0.0177
vn -0.8859 0.1879 -0.4240
vn -0.7519 -0.4359 -0.4946
vn -0.0435 -0.9181 -0.3941
vn -0.0381 -0.9129 -0.4065
vn -0.3586 -0.9074 -0.2193
vn -0.3122 -0.8950 -0.3186
vn 0.0352 0.6330 0.7733
vn 0.0406 0.6751 0.7366
vn -0.4566 0.4633 0.7595
vn -0.6916 0.1153 -0.7130
vn -0.0033 0.5721 -0.8202
vn 0.0046 -0.3278 -0.9447
vn -0.2636 -0.7599 -0.5942
vn -0.8926 -0.1629 0.4204
vn -0.7821 -0.6135 0.1093
vn -0.0851 -0.8442 -0.5293
vn -0.6322 0.3254 0.7032
vn -0.2061 0.7976 0.5670
vn -0.7151 0.4213 0.5578
vn -0.4628 0.8368 -0.2926
vn -0.0145 0.9983 -0.0573
vn -0.0241 0.9887 0.1477
vn -0.0397 0.9905 0.1316
vn 0.0194 -0.7999 -0.5998
vn 0.0279 0.6481 0.7611
vn 0.0094 0.8372 0.5468
vn -0.0227 -0.8882 -0.4589
vn -0.2301 -0.5498 -0.8030
vn 0.6096 -0.7681 -0.1959
vn 0.7940 -0.5946 0.1263
vn 0.8743 -0.2141 0.4356
vn 0.9476 -0.1564 0.2784
vn 0.6990 0.6987 0.1523
vn 0.6441 0.7282 -0.2342
vn 0.1177 0.9930 0.0103
vn 0.1432 0.9682 0.2051
vn 0.9188 -0.3729 -0.1296
vn 0.7541 -0.4252 -0.5005
vn 0.8831 0.1805 -0.4330
vn 0.9830 0.1800 0.0372
vn 0.3178 -0.8796 -0.3539
vn 0.3446 -0.9179 -0.1969
vn 0.0176 0.6560 0.7545
vn 0.6763 0.1075 -0.7287
vn 0.2675 -0.7039 -0.6580
vn 0.8130 -0.5719 0.1096
vn 0.8891 -0.1363 0.4370
vn 0.0860 -0.8633 -0.4973
vn 0.6415 0.3017 0.7053
vn 0.7124 0.3846 0.5870
vn 0.2228 0.7706 0.5971
vn 0.4734 0.4532 0.7553
vn 0.4322 0.8630 -0.2617
vn 0.2486 -0.5373 -0.8059
vn -0.0355 -0.8754 -0.4820
vn -0.2938 -0.7393 -0.6059
vn -0.8403 -0.1584 -0.5184
vn -0.9140 -0.2347 -0.3309
vn -0.6307 -0.6075 -0.4829
vn -0.5743 0.7160 -0.3969
vn -0.2323 0.9726 -0.0005
vn -0.1171 0.9902 -0.0767
vn -0.2921 0.7619 -0.5782
vn -0.5244 -0.4455 -0.7257
vn -0.7092 0.1706 -0.6841
vn -0.3266 0.1879 -0.9263
vn -0.1819 -0.4359 -0.8814
vn 0.2479 -0.9181 -0.3094
vn 0.2605 -0.9129 -0.3144
vn -0.0985 -0.9074 -0.4086
vn 0.0045 -0.8950 -0.4461
vn -0.5178 0.6394 0.5684
vn -0.4900 0.6780 0.5479
vn -0.8574 0.4706 0.2085
vn 0.0151 0.1153 -0.9932
vn 0.5776 0.5721 -0.5823
vn 0.6713 -0.3278 -0.6648
vn 0.2338 -0.7599 -0.6065
vn -0.9284 -0.1629 -0.3339
vn -0.6303 -0.6135 -0.4758
vn 0.3140 -0.8450 -0.4329
vn -0.9433 0.3285 0.0473
vn -0.5466 0.7976 0.2552
vn -0.9001 0.4213 -0.1112
vn -0.1203 0.8368 -0.5341
vn 0.0302 0.9983 -0.0507
vn -0.1215 0.9887 0.0874
vn -0.1212 0.9905 0.0650
vn 0.4378 -0.7999 -0.4104
vn -0.5167 0.6514 0.5556
vn -0.3800 0.8372 0.3933
vn 0.3061 -0.8895 -0.3393
vn 0.4051 -0.5498 -0.7305
vn 0.5662 -0.7696 0.2953
vn 0.4708 -0.5955 0.6510
vn 0.3104 -0.2147 0.9260
vn 0.4719 -0.1557 0.8678
vn 0.3866 0.6987 0.6020
vn 0.6210 0.7282 0.2898
vn 0.0760 0.9930 0.0905
vn -0.0438 0.9682 0.2463
vn 0.7413 -0.3729 0.5581
vn 0.8872 -0.4252 0.1793
vn 0.9307 0.1805 0.3183
vn 0.6687 0.1800 0.7214
vn 0.4750 -0.8796 -0.0255
vn 0.3829 -0.9179 0.1045
vn -0.5189 0.6588 0.5447
vn 0.9935 0.1075 -0.0371
vn 0.6544 -0.7039 -0.2761
vn 0.4974 -0.5719 0.6523
vn 0.3197 -0.1363 0.9377
vn 0.4111 -0.8644 -0.2894
vn -0.0434 0.3028 0.9521
vn 0.0886 0.3846 0.9188
vn -0.2646 0.7706 0.5798
vn -0.1977 0.4591 0.8661
vn 0.4907 0.8630 0.1206
vn 0.7457 -0.5373 -0.3941
vn 0.3121 -0.8779 -0.3630
vn 0.8252 -0.4082 0.3904
vn 0.3399 -0.6307 0.6976
vn -0.1743 -0.3618 0.9158
vn 0.0040 -0.2010 0.9796
vn 0.8974 0.3334 0.2891
vn 0.9086 0.4156 -0.0417
vn 0.2783 0.9597 0.0393
vn 0.2384 0.7779 0.5814
vn -0.4496 0.4162 0.7903
vn -0.2863 0.6925 0.6622
vn -0.6917 0.6702 0.2689
vn 0.5209 -0.4694 0.7130
vn 0.7750 0.0053 0.6320
vn 0.1918 0.4578 0.8681
vn -0.0460 0.0639 0.9969
vn -0.4487 0.7672 0.4583
vn -0.6794 0.7105 0.1836
vn 0.7936 -0.5918 0.1417
vn 0.9403 -0.2588 0.2212
vn 0.2411 -0.7261 0.6439
vn -0.1770 -0.3949 0.9015
vn 0.7267 -0.6033 0.3286
vn -0.6960 -0.0038 0.7180
vn -0.6120 0.1025 0.7842
vn -0.7682 0.5347 0.3522
vn -0.9128 0.3084 0.2677
vn 0.6644 -0.7302 0.1594
vn -0.6308 -0.0171 0.7758
vn -0.6839 0.6990 0.2090
vn 0.7543 -0.6314 -0.1799
vn 0.9557 -0.2703 -0.1166
vn -0.7316 0.6374 0.2419
vn -0.9183 0.2913 0.2681
vn 0.8045 -0.5510 -0.2218
vn 0.6516 -0.7279 -0.2132
vn -0.9554 0.1420 0.2591
vn -0.4900 0.8659 0.1007
vn 0.6954 -0.3145 -0.6462
vn -0.0835 -0.1236 -0.9888
vn -0.2457 -0.2984 -0.9223
vn 0.2213 -0.4832 -0.8471
vn 0.8596 0.3269 -0.3927
vn 0.2084 0.8346 -0.5100
vn -0.5582 0.5605 -0.6118
vn -0.6864 0.7120 0.1483
vn -0.3346 0.8249 -0.4556
vn 0.3647 -0.3713 -0.8539
vn -0.1075 0.1355 -0.9849
vn 0.1433 0.5365 -0.8316
vn 0.6405 0.0501 -0.7663
vn -0.4852 0.8511 -0.2005
vn 0.8410 -0.2428 -0.4835
vn 0.6849 -0.5349 -0.4948
vn -0.2388 -0.3260 -0.9147
vn 0.1327 -0.5997 -0.7892
vn 0.5850 -0.4809 -0.6531
vn -0.8724 0.0771 -0.4827
vn -0.9122 0.3353 0.2355
vn -0.8089 0.5813 0.0888
vn -0.7617 0.2056 -0.6145
vn 0.5609 -0.6388 -0.5266
vn -0.8217 0.0331 -0.5690
vn 0.9000 -0.3554 -0.2525
vn 0.8186 -0.1894 0.5423
vn 0.3370 -0.4884 0.8049
vn -0.3158 -0.2672 0.9104
vn -0.0487 -0.1194 0.9917
vn 0.5779 0.1031 0.8096
vn 0.9804 0.1965 -0.0136
vn 0.5560 0.8312 -0.0067
vn 0.3508 0.6062 0.7137
vn -0.4921 0.3179 0.8104
vn -0.3651 0.5390 0.7591
vn -0.7187 0.6464 0.2562
vn -0.8302 0.4550 0.3221
vn 0.5392 -0.1803 0.8226
vn 0.6170 0.0637 0.7844
vn 0.1745 0.3534 0.9191
vn 0.0134 0.1108 0.9938
vn -0.2004 0.8291 0.5220
vn -0.3441 0.8721 -0.3480
vn -0.5074 0.8599 0.0551
vn 0.6725 0.2455 0.6982
vn 0.3352 0.5487 0.7659
vn 0.8476 -0.3225 0.4215
vn 0.8546 -0.1972 0.4804
vn 0.2236 -0.6426 0.7329
vn -0.1892 -0.4026 0.8956
vn 0.7890 -0.4471 0.4214
vn -0.9212 0.0672 0.3832
vn -0.6138 -0.1563 0.7738
vn -0.9226 0.1955 0.3326
vn -0.9855 0.1104 -0.1285
vn 0.6151 -0.6807 0.3979
vn 0.3689 -0.4523 0.8120
vn -0.1136 -0.1543 0.9815
vn -0.5801 0.1292 0.8042
vn -0.8537 0.4250 0.3008
vn -0.8734 -0.0454 0.4849
vn -0.5551 0.8215 -0.1300
vn -0.6067 0.7949 0.0047
vn -0.8185 0.5745 0.0021
vn -0.7824 0.6100 -0.1255
vn 0.8156 -0.5377 0.2135
vn 0.8252 -0.4449 0.3480
vn 0.7175 -0.6107 0.3348
vn 0.7693 -0.5868 0.2526
vn 0.8752 -0.3689 0.3129
vn 0.8368 -0.5475 -0.0037
vn 0.8426 -0.5385 -0.0047
vn 0.8322 -0.4753 0.2855
vn -0.9181 0.3645 -0.1556
vn -0.9296 0.3600 -0.0794
vn -0.9878 0.1559 0.0024
vn 0.8868 -0.4621 -0.0021
vn 0.7488 -0.6628 0.0002
vn 0.7204 -0.6202 0.3106
vn -0.8854 0.4567 -0.0859
vn -0.8655 0.5010 -0.0007
vn -0.8842 0.4672 -0.0000
vn -0.8779 0.4732 -0.0733
vn 0.8191 -0.5736 -0.0015
vn -0.9996 0.0271 -0.0041
vn 0.8943 -0.4475 -0.0044
vn -0.2079 0.9781 0.0088
vn 0.8209 -0.2161 -0.5286
vn -0.0715 -0.1672 -0.9833
vn -0.3208 -0.2903 -0.9016
vn 0.3256 -0.5059 -0.7988
vn 0.5657 0.0911 -0.8196
vn 0.3378 0.6092 -0.7175
vn -0.5053 0.3132 -0.8041
vn -0.8337 0.4515 -0.3179
vn -0.7265 0.6407 -0.2485
vn -0.3853 0.5331 -0.7532
vn 0.5282 -0.1859 -0.8285
vn -0.0047 0.1048 -0.9945
vn 0.1505 0.3499 -0.9246
vn 0.6037 0.0567 -0.7952
vn -0.2143 0.8302 -0.5146
vn -0.5112 0.8583 -0.0438
vn -0.3332 0.8701 0.3633
vn 0.6635 0.2453 -0.7069
vn 0.3151 0.5546 -0.7701
vn 0.8486 -0.2055 -0.4875
vn 0.8413 -0.3305 -0.4278
vn -0.1891 -0.4025 -0.8957
vn 0.2272 -0.6397 -0.7343
vn 0.7814 -0.4576 -0.4243
vn -0.9209 0.0577 -0.3854
vn -0.9787 0.1501 0.1399
vn -0.9371 0.2390 -0.2545
vn -0.6138 -0.1563 -0.7738
vn 0.6187 -0.6772 -0.3982
vn -0.1139 -0.1606 -0.9804
vn 0.3721 -0.4526 -0.8104
vn -0.8538 0.4249 -0.3008
vn -0.5805 0.1261 -0.8045
vn -0.8879 -0.0653 -0.4554
vn -0.5527 0.8215 0.1402
vn -0.7828 0.6082 0.1314
vn 0.8128 -0.5389 -0.2212
vn 0.7689 -0.5855 -0.2571
vn 0.7204 -0.6063 -0.3369
vn 0.8219 -0.4468 -0.3533
vn 0.8700 -0.3756 -0.3195
vn 0.8267 -0.4800 -0.2936
vn -0.9317 0.3213 0.1697
vn 0.7213 -0.6191 -0.3106
vn -0.8859 0.4558 0.0865
vn -0.9219 0.3803 0.0746
vn 0.9845 -0.1754 -0.0012
vn 0.6508 -0.5627 0.5098
vn 0.0663 -0.5003 0.8633
vn -0.3874 -0.2257 0.8939
vn -0.0999 -0.2389 0.9659
vn 0.8258 0.0803 0.5582
vn 0.9973 -0.0740 0.0007
vn 0.7868 0.6172 0.0093
vn 0.5361 0.6070 0.5867
vn -0.4598 0.5677 0.6828
vn -0.1427 0.7065 0.6932
vn -0.4110 0.9108 0.0399
vn -0.6435 0.7647 0.0348
vn 0.1959 -0.3949 0.8976
vn 0.3641 -0.2211 0.9047
vn 0.1465 0.2515 0.9567
vn -0.1203 0.0726 0.9901
vn -0.9544 0.2919 0.0619
vn -0.9183 0.3936 -0.0420
vn -0.9184 0.3945 0.0309
vn 0.2003 0.8048 0.5587
vn 0.3713 0.7466 0.5520
vn -0.1054 0.9943 0.0134
vn 0.6202 0.0020 0.7845
vn 0.4498 0.4507 0.7711
vn 0.5150 -0.7876 0.3384
vn 0.7629 -0.5611 0.3210
vn 0.0793 -0.5481 0.8326
vn -0.3252 -0.1894 0.9265
vn 0.7648 -0.6035 0.2253
vn -0.8810 0.2444 0.4050
vn -0.7088 0.3101 0.6336
vn -0.8232 0.5660 0.0436
vn 0.5595 -0.7506 0.3515
vn -0.8111 0.1239 0.5716
vn -0.2307 0.9726 0.0304
vn -0.3833 0.9232 0.0284
vn 0.4523 -0.8387 0.3034
vn 0.5438 -0.8385 -0.0346
vn 0.5072 -0.8609 -0.0399
vn -0.7926 0.6083 0.0418
vn 0.7537 -0.6569 -0.0199
vn 0.6145 -0.7882 -0.0346
vn -0.5880 0.8081 0.0353
vn 0.6100 -0.7909 -0.0494
vn 0.3346 0.9423 0.0097
vn 0.6579 -0.5165 -0.5480
vn -0.0343 -0.1969 -0.9798
vn -0.3518 -0.2611 -0.8989
vn 0.1201 -0.5184 -0.8467
vn 0.8228 0.0833 -0.5623
vn 0.5873 0.5942 -0.5496
vn -0.4395 0.5528 -0.7080
vn -0.6419 0.7667 0.0087
vn -0.4089 0.9126 -0.0015
vn -0.0916 0.7087 -0.6995
vn 0.2485 -0.4556 -0.8548
vn -0.0594 -0.0029 -0.9982
vn 0.2454 0.2083 -0.9468
vn 0.4507 -0.2590 -0.8543
vn -0.9139 0.3902 0.1118
vn -0.8173 0.1521 -0.5558
vn 0.2349 0.8203 -0.5215
vn -0.1040 0.9936 0.0444
vn 0.4397 0.7282 -0.5258
vn 0.6877 -0.0092 -0.7259
vn 0.5319 0.4286 -0.7303
vn 0.7587 -0.5605 -0.3320
vn 0.5306 -0.7787 -0.3348
vn -0.3092 -0.2815 -0.9084
vn 0.0955 -0.6071 -0.7889
vn 0.7934 -0.5775 -0.1925
vn -0.9014 0.2443 -0.3574
vn -0.8265 0.5625 0.0212
vn -0.7299 0.2816 -0.6228
vn 0.5651 -0.7414 -0.3619
vn 0.4641 -0.8318 -0.3045
vn 0.8612 -0.5005 -0.0888
vn 0.6120 -0.7666 0.1944
vn 0.4013 -0.6265 0.6682
vn -0.0347 -0.2419 0.9697
vn 0.1339 -0.2497 0.9590
vn 0.9576 0.0743 0.2783
vn 0.9275 -0.2353 -0.2905
vn 0.8047 0.5181 -0.2900
vn 0.7455 0.5179 0.4195
vn -0.1636 0.5520 0.8176
vn 0.1316 0.6991 0.7028
vn -0.3568 0.9342 -0.0053
vn -0.6065 0.7738 0.1826
vn 0.4954 -0.4250 0.7576
vn 0.7042 -0.2704 0.6565
vn 0.5190 0.2045 0.8300
vn 0.2384 0.0582 0.9694
vn 0.3933 0.8156 0.4244
vn 0.4572 0.8472 0.2705
vn -0.0573 0.9734 -0.2218
vn 0.8908 -0.0881 0.4459
vn 0.7553 0.3580 0.5489
vn 0.6299 -0.7766 -0.0128
vn 0.8427 -0.5312 -0.0883
vn 0.2996 -0.5885 0.7509
vn 0.0023 -0.2028 0.9792
vn 0.5728 -0.7960 -0.1955
vn -0.6328 0.2683 0.7263
vn -0.4329 0.2808 0.8566
vn -0.7372 0.5953 0.3196
vn -0.8143 0.4876 0.3150
vn 0.5550 -0.8209 -0.1342
vn -0.5793 0.2716 0.7686
vn -0.1760 0.9843 0.0102
vn -0.2992 0.9523 0.0603
vn 0.5594 -0.8281 -0.0360
vn 0.4917 -0.8582 -0.1474
vn 0.4827 -0.8674 -0.1209
vn -0.7207 0.6401 0.2662
vn -0.7794 0.4986 0.3794
vn 0.5600 -0.7942 -0.2361
vn 0.4771 -0.8615 -0.1736
vn -0.5206 0.8402 0.1514
vn -0.8178 0.4413 0.3694
vn 0.6246 -0.7663 -0.1505
vn 0.2758 0.9512 -0.1388
vn 0.3117 -0.7335 -0.6039
vn -0.5160 -0.2501 -0.8193
vn -0.6740 -0.2293 -0.7023
vn -0.1303 -0.6322 -0.7637
vn 0.6070 0.0373 -0.7939
vn 0.3243 0.4717 -0.8200
vn -0.5937 0.5474 -0.5898
vn -0.5790 0.7965 0.1739
vn -0.2898 0.9455 0.1482
vn -0.3021 0.6633 -0.6846
vn -0.1022 -0.4841 -0.8690
vn -0.3964 0.0214 -0.9178
vn -0.0917 0.1612 -0.9827
vn 0.1450 -0.3407 -0.9289
vn 0.0590 0.7674 -0.6384
vn 0.0683 0.9898 0.1253
vn 0.1739 0.8042 -0.5683
vn 0.4391 -0.1587 -0.8843
vn 0.2618 0.3137 -0.9127
vn 0.7425 -0.5554 -0.3746
vn 0.5062 -0.8048 -0.3100
vn -0.6030 -0.2336 -0.7627
vn -0.2809 -0.6119 -0.7394
vn 0.5325 -0.8091 -0.2488
vn -0.9526 0.2286 -0.2006
vn -0.7979 0.5233 0.2991
vn -0.7352 0.6429 0.2149
vn -0.8583 0.3163 -0.4041
vn 0.4642 -0.8502 -0.2484
vn -0.9508 0.2789 -0.1349
vn 0.4427 -0.8537 -0.2742
vn 0.6013 -0.7375 -0.3073
vn 0.2158 -0.7413 -0.6355
vn -0.2303 -0.1586 -0.9601
vn -0.4125 -0.2358 -0.8799
vn -0.1061 -0.6085 -0.7864
vn -0.1254 0.7160 -0.6868
vn -0.1639 0.9726 -0.1646
vn -0.0286 0.9902 -0.1370
vn 0.2023 0.7619 -0.6154
vn 0.1423 -0.4455 -0.8839
vn -0.0177 0.1706 -0.9852
vn 0.4240 0.1879 -0.8859
vn 0.4946 -0.4359 -0.7519
vn 0.3941 -0.9181 -0.0435
vn 0.4065 -0.9129 -0.0381
vn 0.2193 -0.9074 -0.3586
vn 0.3186 -0.8950 -0.3122
vn -0.7628 0.6456 0.0356
vn -0.7315 0.6807 0.0404
vn -0.7512 0.4762 -0.4571
vn 0.7130 0.1153 -0.6916
vn 0.8202 0.5721 -0.0033
vn 0.9447 -0.3278 0.0046
vn 0.5942 -0.7599 -0.2636
vn -0.4204 -0.1629 -0.8926
vn -0.1093 -0.6135 -0.7821
vn 0.5260 -0.8463 -0.0845
vn -0.6994 0.3291 -0.6345
vn -0.5670 0.7976 -0.2061
vn -0.5578 0.4213 -0.7151
vn 0.2926 0.8368 -0.4628
vn 0.0573 0.9983 -0.0145
vn -0.1477 0.9887 -0.0241
vn -0.1316 0.9905 -0.0397
vn 0.5998 -0.7999 0.0194
vn -0.7555 0.6546 0.0283
vn -0.5468 0.8372 0.0094
vn 0.4539 -0.8908 -0.0226
vn 0.8030 -0.5498 -0.2301
vn 0.1910 -0.7676 0.6118
vn -0.1257 -0.5950 0.7938
vn -0.4324 -0.2127 0.8762
vn -0.2751 -0.1504 0.9496
vn -0.1523 0.6987 0.6990
vn 0.2342 0.7282 0.6441
vn -0.0103 0.9930 0.1177
vn -0.2051 0.9682 0.1432
vn 0.1296 -0.3729 0.9188
vn 0.5005 -0.4252 0.7541
vn 0.4330 0.1805 0.8831
vn -0.0372 0.1800 0.9830
vn 0.3539 -0.8796 0.3178
vn 0.1969 -0.9179 0.3446
vn -0.7495 0.6618 0.0181
vn 0.7287 0.1075 0.6763
vn 0.6580 -0.7039 0.2675
vn -0.1096 -0.5719 0.8130
vn -0.4370 -0.1363 0.8891
vn 0.4944 -0.8651 0.0848
vn -0.7011 0.3060 0.6441
vn -0.5870 0.3846 0.7124
vn -0.5971 0.7706 0.2228
vn -0.7460 0.4663 0.4755
vn 0.2617 0.8630 0.4322
vn 0.8059 -0.5373 0.2486
vn 0.4728 -0.8805 -0.0356
# 2535 vertex normals

vt 0.3814 0.1194 0.0000
vt 0.3682 0.1239 0.0000
vt 0.3458 0.0984 0.0000
vt 0.3516 0.0943 0.0000
vt 0.3843 0.0092 0.0000
vt 0.3825 0.0034 0.0000
vt 0.3941 0.0055 0.0000
vt 0.3872 0.0089 0.0000
vt 0.4604 0.0592 0.0000
vt 0.4322 0.0623 0.0000
vt 0.4294 0.0371 0.0000
vt 0.4568 0.0294 0.0000
vt 0.3342 0.0605 0.0000
vt 0.3245 0.0603 0.0000
vt 0.3284 0.0271 0.0000
vt 0.3372 0.0322 0.0000
vt 0.3734 0.0258 0.0000
vt 0.4449 0.0159 0.0000
vt 0.4220 0.0240 0.0000
vt 0.4129 0.0097 0.0000
vt 0.3482 0.0185 0.0000
vt 0.3426 0.0113 0.0000
vt 0.3674 0.0398 0.0000
vt 0.3714 0.0927 0.0000
vt 0.4417 0.0958 0.0000
vt 0.4243 0.0935 0.0000
vt 0.3653 0.0642 0.0000
vt 0.4467 0.1004 0.0000
vt 0.4247 0.1252 0.0000
vt 0.4207 0.1212 0.0000
vt 0.4048 0.0023 0.0000
vt 0.4046 0.0087 0.0000
vt 0.4473 0.0100 0.0000
vt 0.4626 0.0265 0.0000
vt 0.4670 0.0618 0.0000
vt 0.3914 0.0902 0.0000
vt 0.3994 0.0910 0.0000
vt 0.3970 0.1180 0.0000
vt 0.3881 0.0109 0.0000
vt 0.3959 0.0105 0.0000
vt 0.4072 0.0635 0.0000
vt 0.4063 0.0443 0.0000
vt 0.3933 0.0649 0.0000
vt 0.3935 0.0453 0.0000
vt 0.4015 0.0447 0.0000
vt 0.4012 0.0644 0.0000
vt 0.4059 0.0336 0.0000
vt 0.4047 0.0145 0.0000
vt 0.3934 0.0338 0.0000
vt 0.4008 0.0333 0.0000
vt 0.4071 0.0904 0.0000
vt 0.4043 0.1174 0.0000
vt 0.4126 0.1198 0.0000
vt 0.3732 0.1209 0.0000
vt 0.3734 0.0264 0.0000
vt 0.3637 0.0226 0.0000
vt 0.4318 0.0204 0.0000
vt 0.3528 0.0540 0.0000
vt 0.3352 0.0510 0.0000
vt 0.3258 0.0492 0.0000
vt 0.3630 0.0935 0.0000
vt 0.4316 0.0944 0.0000
vt 0.4441 0.0515 0.0000
vt 0.4592 0.0493 0.0000
vt 0.4655 0.0501 0.0000
vt 0.4308 0.0544 0.0000
vt 0.4210 0.0236 0.0000
vt 0.4242 0.0937 0.0000
vt 0.3663 0.0565 0.0000
vt 0.3715 0.0927 0.0000
vt 0.3898 0.1180 0.0000
vt 0.3829 0.0286 0.0000
vt 0.4132 0.0281 0.0000
vt 0.3934 0.0584 0.0000
vt 0.3789 0.0577 0.0000
vt 0.4013 0.0578 0.0000
vt 0.3799 0.0919 0.0000
vt 0.4069 0.0571 0.0000
vt 0.4188 0.0558 0.0000
vt 0.4171 0.0924 0.0000
vt 0.3813 0.1193 0.0000
vt 0.4620 0.0469 0.0000
vt 0.4463 0.0491 0.0000
vt 0.4416 0.0331 0.0000
vt 0.3330 0.0495 0.0000
vt 0.3220 0.0466 0.0000
vt 0.3649 0.0552 0.0000
vt 0.3662 0.0737 0.0000
vt 0.3527 0.0726 0.0000
vt 0.3510 0.0530 0.0000
vt 0.3548 0.0363 0.0000
vt 0.3270 0.0741 0.0000
vt 0.3354 0.0715 0.0000
vt 0.4444 0.0722 0.0000
vt 0.4588 0.0716 0.0000
vt 0.4653 0.0758 0.0000
vt 0.4687 0.0479 0.0000
vt 0.4288 0.0374 0.0000
vt 0.3678 0.0405 0.0000
vt 0.4310 0.0735 0.0000
vt 0.4326 0.0523 0.0000
vt 0.4069 0.0556 0.0000
vt 0.4177 0.0407 0.0000
vt 0.4198 0.0540 0.0000
vt 0.3933 0.0575 0.0000
vt 0.4017 0.0563 0.0000
vt 0.3781 0.0569 0.0000
vt 0.3788 0.0736 0.0000
vt 0.3796 0.0425 0.0000
vt 0.3932 0.0723 0.0000
vt 0.4007 0.0724 0.0000
vt 0.4074 0.0713 0.0000
vt 0.4190 0.0728 0.0000
vt 0.1496 0.2227 0.0000
vt 0.1527 0.1714 0.0000
vt 0.1682 0.1734 0.0000
vt 0.1654 0.2234 0.0000
vt 0.1316 0.0220 0.0000
vt 0.1304 0.0139 0.0000
vt 0.1381 0.0069 0.0000
vt 0.1460 0.0156 0.0000
vt 0.1772 0.1047 0.0000
vt 0.1781 0.0868 0.0000
vt 0.1926 0.0862 0.0000
vt 0.1915 0.1080 0.0000
vt 0.1495 0.0981 0.0000
vt 0.1502 0.0833 0.0000
vt 0.1667 0.0839 0.0000
vt 0.1646 0.1000 0.0000
vt 0.1794 0.0704 0.0000
vt 0.1719 0.0250 0.0000
vt 0.1896 0.0642 0.0000
vt 0.1485 0.0676 0.0000
vt 0.1681 0.0685 0.0000
vt 0.1343 0.0795 0.0000
vt 0.1342 0.0626 0.0000
vt 0.1498 0.1365 0.0000
vt 0.1644 0.1372 0.0000
vt 0.1282 0.1732 0.0000
vt 0.1854 0.1743 0.0000
vt 0.1777 0.1385 0.0000
vt 0.1913 0.1411 0.0000
vt 0.2004 0.1775 0.0000
vt 0.1344 0.1382 0.0000
vt 0.1493 0.1169 0.0000
vt 0.1640 0.1189 0.0000
vt 0.1773 0.1218 0.0000
vt 0.1904 0.1250 0.0000
vt 0.1796 0.2227 0.0000
vt 0.2028 0.0574 0.0000
vt 0.2129 0.0513 0.0000
vt 0.2249 0.0730 0.0000
vt 0.2081 0.0825 0.0000
vt 0.1105 0.0962 0.0000
vt 0.1316 0.0960 0.0000
vt 0.1316 0.1169 0.0000
vt 0.1097 0.1178 0.0000
vt 0.1188 0.0570 0.0000
vt 0.0941 0.0993 0.0000
vt 0.0974 0.0774 0.0000
vt 0.1140 0.0765 0.0000
vt 0.2094 0.1429 0.0000
vt 0.2311 0.1432 0.0000
vt 0.2194 0.1792 0.0000
vt 0.1083 0.1752 0.0000
vt 0.0969 0.1404 0.0000
vt 0.1152 0.1390 0.0000
vt 0.2106 0.1077 0.0000
vt 0.2321 0.0979 0.0000
vt 0.2339 0.1208 0.0000
vt 0.2098 0.1255 0.0000
vt 0.0941 0.1202 0.0000
vt 0.1977 0.2267 0.0000
vt 0.1042 0.0560 0.0000
vt 0.1635 0.0132 0.0000
vt 0.1144 0.2292 0.0000
vt 0.1057 0.2367 0.0000
vt 0.0566 0.1946 0.0000
vt 0.0658 0.1844 0.0000
vt 0.1201 0.0191 0.0000
vt 0.1177 0.0073 0.0000
vt 0.2960 0.0767 0.0000
vt 0.2801 0.0880 0.0000
vt 0.2665 0.0600 0.0000
vt 0.2826 0.0496 0.0000
vt 0.0263 0.0849 0.0000
vt 0.0036 0.0825 0.0000
vt 0.0111 0.0538 0.0000
vt 0.0315 0.0642 0.0000
vt 0.2615 0.0294 0.0000
vt 0.2455 0.0383 0.0000
vt 0.1814 0.0197 0.0000
vt 0.0463 0.0457 0.0000
vt 0.0274 0.0306 0.0000
vt 0.0679 0.0496 0.0000
vt 0.0550 0.0670 0.0000
vt 0.0178 0.1491 0.0000
vt 0.0323 0.1402 0.0000
vt 0.0883 0.1778 0.0000
vt 0.2548 0.1811 0.0000
vt 0.2390 0.1808 0.0000
vt 0.2767 0.1357 0.0000
vt 0.2942 0.1338 0.0000
vt 0.0533 0.1393 0.0000
vt 0.0053 0.1169 0.0000
vt 0.0247 0.1121 0.0000
vt 0.2830 0.1125 0.0000
vt 0.3001 0.1057 0.0000
vt 0.2686 0.1878 0.0000
vt 0.2223 0.2363 0.0000
vt 0.2146 0.2294 0.0000
vt 0.2617 0.0162 0.0000
vt 0.2925 0.0372 0.0000
vt 0.1578 0.0014 0.0000
vt 0.3098 0.1378 0.0000
vt 0.3110 0.0644 0.0000
vt 0.3176 0.1006 0.0000
vt 0.2268 0.0470 0.0000
vt 0.2476 0.0689 0.0000
vt 0.0771 0.0928 0.0000
vt 0.0771 0.1163 0.0000
vt 0.0493 0.1129 0.0000
vt 0.0503 0.0871 0.0000
vt 0.0904 0.0517 0.0000
vt 0.0809 0.0716 0.0000
vt 0.2539 0.1401 0.0000
vt 0.0774 0.1396 0.0000
vt 0.2580 0.0969 0.0000
vt 0.2591 0.1185 0.0000
vt 0.1314 0.2260 0.0000
vt 0.1283 0.6750 0.0000
vt 0.1309 0.6254 0.0000
vt 0.1417 0.6273 0.0000
vt 0.1381 0.6755 0.0000
vt 0.1310 0.4864 0.0000
vt 0.1269 0.4757 0.0000
vt 0.1357 0.4723 0.0000
vt 0.1370 0.4851 0.0000
vt 0.1495 0.5685 0.0000
vt 0.1452 0.5249 0.0000
vt 0.1706 0.5661 0.0000
vt 0.1297 0.5663 0.0000
vt 0.1294 0.5236 0.0000
vt 0.1405 0.5248 0.0000
vt 0.1437 0.5678 0.0000
vt 0.1445 0.4888 0.0000
vt 0.1762 0.5056 0.0000
vt 0.0958 0.5616 0.0000
vt 0.1078 0.5123 0.0000
vt 0.1342 0.5931 0.0000
vt 0.1432 0.5952 0.0000
vt 0.1037 0.6273 0.0000
vt 0.1519 0.6274 0.0000
vt 0.1511 0.5958 0.0000
vt 0.1715 0.5993 0.0000
vt 0.1681 0.6301 0.0000
vt 0.0962 0.5945 0.0000
vt 0.1479 0.6752 0.0000
vt 0.1950 0.5585 0.0000
vt 0.0816 0.5598 0.0000
vt 0.0962 0.5093 0.0000
vt 0.1943 0.5989 0.0000
vt 0.1826 0.6327 0.0000
vt 0.0939 0.6293 0.0000
vt 0.0834 0.5944 0.0000
vt 0.1628 0.6778 0.0000
vt 0.1475 0.4769 0.0000
vt 0.1007 0.6813 0.0000
vt 0.0947 0.6864 0.0000
vt 0.0523 0.6445 0.0000
vt 0.0587 0.6371 0.0000
vt 0.1090 0.4743 0.0000
vt 0.1096 0.4689 0.0000
vt 0.2510 0.5539 0.0000
vt 0.2251 0.5577 0.0000
vt 0.2194 0.4955 0.0000
vt 0.0264 0.5581 0.0000
vt 0.0086 0.5583 0.0000
vt 0.0420 0.4947 0.0000
vt 0.0529 0.5008 0.0000
vt 0.1646 0.4757 0.0000
vt 0.0853 0.5051 0.0000
vt 0.0673 0.5578 0.0000
vt 0.0186 0.6054 0.0000
vt 0.0277 0.5983 0.0000
vt 0.0836 0.6301 0.0000
vt 0.2138 0.6373 0.0000
vt 0.1958 0.6342 0.0000
vt 0.2177 0.5990 0.0000
vt 0.2442 0.5969 0.0000
vt 0.0702 0.5947 0.0000
vt 0.2214 0.6422 0.0000
vt 0.1821 0.6874 0.0000
vt 0.1763 0.6822 0.0000
vt 0.2227 0.4905 0.0000
vt 0.2579 0.5504 0.0000
vt 0.1604 0.4676 0.0000
vt 0.2535 0.5986 0.0000
vt 0.1144 0.6785 0.0000
vt 0.4068 0.5617 0.0000
vt 0.4120 0.5117 0.0000
vt 0.4239 0.5129 0.0000
vt 0.4180 0.5619 0.0000
vt 0.4091 0.3724 0.0000
vt 0.4073 0.3669 0.0000
vt 0.4188 0.3612 0.0000
vt 0.4211 0.3700 0.0000
vt 0.4348 0.4502 0.0000
vt 0.4341 0.4301 0.0000
vt 0.4543 0.4240 0.0000
vt 0.4583 0.4479 0.0000
vt 0.4137 0.4532 0.0000
vt 0.4143 0.4317 0.0000
vt 0.4266 0.4310 0.0000
vt 0.4266 0.4513 0.0000
vt 0.4441 0.5654 0.0000
vt 0.4532 0.5166 0.0000
vt 0.4662 0.5191 0.0000
vt 0.4339 0.4114 0.0000
vt 0.4346 0.3745 0.0000
vt 0.4465 0.4011 0.0000
vt 0.4146 0.4113 0.0000
vt 0.4259 0.4109 0.0000
vt 0.3906 0.4257 0.0000
vt 0.3982 0.4008 0.0000
vt 0.4133 0.4794 0.0000
vt 0.4249 0.4798 0.0000
vt 0.3895 0.5138 0.0000
vt 0.4374 0.5127 0.0000
vt 0.4353 0.4783 0.0000
vt 0.4564 0.4815 0.0000
vt 0.3883 0.4820 0.0000
vt 0.4292 0.5612 0.0000
vt 0.4620 0.3936 0.0000
vt 0.4757 0.4184 0.0000
vt 0.3871 0.4519 0.0000
vt 0.3632 0.4484 0.0000
vt 0.3693 0.4217 0.0000
vt 0.4788 0.4832 0.0000
vt 0.3739 0.5163 0.0000
vt 0.3651 0.4820 0.0000
vt 0.4823 0.4450 0.0000
vt 0.3808 0.3964 0.0000
vt 0.4352 0.3674 0.0000
vt 0.3765 0.5671 0.0000
vt 0.3689 0.5718 0.0000
vt 0.3273 0.5256 0.0000
vt 0.3360 0.5194 0.0000
vt 0.3991 0.3678 0.0000
vt 0.4007 0.3584 0.0000
vt 0.5364 0.4369 0.0000
vt 0.5078 0.4400 0.0000
vt 0.5004 0.4104 0.0000
vt 0.5279 0.4050 0.0000
vt 0.3069 0.4365 0.0000
vt 0.2900 0.4311 0.0000
vt 0.3022 0.3964 0.0000
vt 0.3158 0.4055 0.0000
vt 0.4797 0.5210 0.0000
vt 0.4583 0.5688 0.0000
vt 0.5070 0.3805 0.0000
vt 0.4825 0.3872 0.0000
vt 0.4457 0.3693 0.0000
vt 0.3362 0.3810 0.0000
vt 0.3285 0.3699 0.0000
vt 0.3637 0.3883 0.0000
vt 0.3460 0.4130 0.0000
vt 0.2970 0.4802 0.0000
vt 0.3100 0.4766 0.0000
vt 0.3576 0.5167 0.0000
vt 0.4959 0.5235 0.0000
vt 0.5037 0.4818 0.0000
vt 0.5297 0.4813 0.0000
vt 0.3403 0.4797 0.0000
vt 0.5054 0.5310 0.0000
vt 0.4643 0.5753 0.0000
vt 0.5113 0.3717 0.0000
vt 0.5372 0.4013 0.0000
vt 0.4373 0.3578 0.0000
vt 0.5397 0.4880 0.0000
vt 0.5468 0.4388 0.0000
vt 0.3383 0.4437 0.0000
vt 0.3913 0.5643 0.0000
vt 0.4059 0.3345 0.0000
vt 0.4133 0.2851 0.0000
vt 0.4260 0.2860 0.0000
vt 0.4176 0.3351 0.0000
vt 0.4225 0.1492 0.0000
vt 0.4206 0.1351 0.0000
vt 0.4287 0.1310 0.0000
vt 0.4290 0.1488 0.0000
vt 0.4397 0.2251 0.0000
vt 0.4402 0.2047 0.0000
vt 0.4683 0.1961 0.0000
vt 0.4712 0.2225 0.0000
vt 0.4197 0.2273 0.0000
vt 0.4201 0.2056 0.0000
vt 0.4324 0.2053 0.0000
vt 0.4318 0.2258 0.0000
vt 0.4398 0.1868 0.0000
vt 0.4406 0.1537 0.0000
vt 0.4574 0.1718 0.0000
vt 0.4212 0.1858 0.0000
vt 0.4321 0.1863 0.0000
vt 0.3919 0.1971 0.0000
vt 0.4029 0.1725 0.0000
vt 0.4193 0.2530 0.0000
vt 0.4304 0.2539 0.0000
vt 0.3889 0.2863 0.0000
vt 0.4413 0.2878 0.0000
vt 0.4403 0.2530 0.0000
vt 0.4642 0.2574 0.0000
vt 0.4559 0.2915 0.0000
vt 0.3831 0.2533 0.0000
vt 0.4293 0.3351 0.0000
vt 0.4720 0.1698 0.0000
vt 0.4837 0.1950 0.0000
vt 0.3862 0.2235 0.0000
vt 0.3660 0.2188 0.0000
vt 0.3731 0.1932 0.0000
vt 0.4847 0.2597 0.0000
vt 0.4710 0.2950 0.0000
vt 0.3714 0.2869 0.0000
vt 0.3653 0.2533 0.0000
vt 0.4893 0.2212 0.0000
vt 0.4474 0.3408 0.0000
vt 0.3853 0.1688 0.0000
vt 0.4375 0.1351 0.0000
vt 0.3673 0.3386 0.0000
vt 0.3593 0.3426 0.0000
vt 0.3192 0.2924 0.0000
vt 0.3297 0.2876 0.0000
vt 0.3985 0.1366 0.0000
vt 0.3984 0.1313 0.0000
vt 0.5469 0.2147 0.0000
vt 0.5083 0.2182 0.0000
vt 0.4998 0.1882 0.0000
vt 0.5386 0.1829 0.0000
vt 0.3040 0.2031 0.0000
vt 0.2881 0.1968 0.0000
vt 0.3036 0.1631 0.0000
vt 0.3165 0.1732 0.0000
vt 0.5212 0.1588 0.0000
vt 0.4835 0.1623 0.0000
vt 0.4645 0.1431 0.0000
vt 0.3372 0.1504 0.0000
vt 0.3298 0.1393 0.0000
vt 0.3708 0.1587 0.0000
vt 0.3535 0.1840 0.0000
vt 0.2923 0.2454 0.0000
vt 0.3052 0.2423 0.0000
vt 0.3534 0.2870 0.0000
vt 0.5033 0.3010 0.0000
vt 0.4875 0.2973 0.0000
vt 0.5074 0.2593 0.0000
vt 0.5386 0.2580 0.0000
vt 0.3464 0.2493 0.0000
vt 0.5146 0.3074 0.0000
vt 0.4707 0.3515 0.0000
vt 0.4645 0.3451 0.0000
vt 0.5258 0.1506 0.0000
vt 0.5485 0.1797 0.0000
vt 0.4597 0.1318 0.0000
vt 0.5481 0.2648 0.0000
vt 0.5573 0.2167 0.0000
vt 0.3452 0.2139 0.0000
vt 0.3860 0.3372 0.0000
vt 0.1117 0.4569 0.0000
vt 0.1054 0.4620 0.0000
vt 0.0594 0.4156 0.0000
vt 0.0668 0.4083 0.0000
vt 0.3049 0.3188 0.0000
vt 0.2682 0.3267 0.0000
vt 0.2463 0.2769 0.0000
vt 0.2791 0.2666 0.0000
vt 0.0322 0.3205 0.0000
vt 0.0217 0.3157 0.0000
vt 0.0552 0.2687 0.0000
vt 0.0603 0.2754 0.0000
vt 0.1054 0.3348 0.0000
vt 0.1062 0.3686 0.0000
vt 0.0744 0.3644 0.0000
vt 0.0748 0.3278 0.0000
vt 0.1964 0.4608 0.0000
vt 0.2380 0.4156 0.0000
vt 0.2150 0.4650 0.0000
vt 0.0901 0.2439 0.0000
vt 0.1736 0.2371 0.0000
vt 0.1630 0.2440 0.0000
vt 0.0929 0.2842 0.0000
vt 0.0257 0.3684 0.0000
vt 0.0357 0.3634 0.0000
vt 0.0961 0.4018 0.0000
vt 0.2614 0.4214 0.0000
vt 0.2634 0.3764 0.0000
vt 0.2983 0.3731 0.0000
vt 0.2711 0.4276 0.0000
vt 0.2216 0.4710 0.0000
vt 0.2842 0.2644 0.0000
vt 0.3109 0.3188 0.0000
vt 0.2482 0.2466 0.0000
vt 0.2435 0.2512 0.0000
vt 0.1820 0.2433 0.0000
vt 0.3071 0.3760 0.0000
vt 0.2373 0.3288 0.0000
vt 0.2216 0.2861 0.0000
vt 0.1241 0.2789 0.0000
vt 0.2220 0.4143 0.0000
vt 0.2355 0.3757 0.0000
vt 0.1139 0.4047 0.0000
vt 0.1190 0.2581 0.0000
vt 0.1531 0.4522 0.0000
vt 0.1602 0.4018 0.0000
vt 0.1712 0.4045 0.0000
vt 0.1644 0.4536 0.0000
vt 0.1809 0.3381 0.0000
vt 0.1768 0.3044 0.0000
vt 0.2001 0.2940 0.0000
vt 0.2110 0.3355 0.0000
vt 0.1687 0.3409 0.0000
vt 0.1657 0.3080 0.0000
vt 0.1727 0.3062 0.0000
vt 0.1766 0.3390 0.0000
vt 0.1346 0.3388 0.0000
vt 0.1351 0.3687 0.0000
vt 0.2069 0.4107 0.0000
vt 0.1709 0.2853 0.0000
vt 0.1408 0.3002 0.0000
vt 0.1660 0.3684 0.0000
vt 0.1748 0.3697 0.0000
vt 0.1293 0.4007 0.0000
vt 0.1834 0.4062 0.0000
vt 0.1827 0.3699 0.0000
vt 0.2093 0.3756 0.0000
vt 0.1767 0.4546 0.0000
vt 0.1760 0.2834 0.0000
vt 0.1507 0.2736 0.0000
vt 0.1318 0.4548 0.0000
# 538 texture coords

o LiftProp_Planter01
g LiftProp_Planter01
usemtl LiftProp_Planter01
s 1
f 1/1/1 2/2/2 3/3/3 4/4/4 
f 5/5/5 6/6/6 7/7/7 8/8/8 
f 9/9/9 10/10/10 11/11/11 12/12/12 
f 13/13/13 14/14/14 15/15/15 16/16/16 
f 8/8/8 17/17/17 5/5/5 
f 18/18/18 19/19/19 20/20/20 
f 21/21/21 22/22/22 6/6/6 5/5/5 
f 21/21/21 17/17/17 23/23/23 16/16/16 
f 4/4/4 3/3/3 14/14/14 13/13/13 
f 4/4/4 24/24/24 1/1/1 
f 25/25/25 26/26/26 10/10/10 9/9/9 
f 13/13/13 27/27/27 24/24/24 4/4/4 
f 3/28/3 2/29/2 28/30/28 25/25/25 
f 7/7/7 6/31/6 20/20/20 29/32/29 
f 22/33/22 15/34/15 12/12/12 18/18/18 
f 6/31/6 22/33/22 18/18/18 20/20/20 
f 14/35/14 3/28/3 25/25/25 9/9/9 
f 17/17/17 21/21/21 5/5/5 
f 1/1/1 30/36/30 31/37/31 32/38/32 
f 33/39/33 8/8/8 7/7/7 34/40/34 
f 35/41/35 36/42/36 11/11/11 10/10/10 
f 37/43/37 38/44/38 39/45/39 40/46/40 
f 8/8/8 33/39/33 17/17/17 
f 41/47/41 42/48/42 19/19/19 
f 43/49/43 33/39/33 34/40/34 44/50/44 
f 43/49/43 38/44/38 23/23/23 17/17/17 
f 30/36/30 37/43/37 40/46/40 31/37/31 
f 30/36/30 1/1/1 24/24/24 
f 45/51/45 35/41/35 10/10/10 26/26/26 
f 37/43/37 30/36/30 24/24/24 27/27/27 
f 31/37/31 45/51/45 46/52/46 32/38/32 
f 7/7/7 29/32/29 42/48/42 34/40/34 
f 44/50/44 41/47/41 36/42/36 39/45/39 
f 34/40/34 42/48/42 41/47/41 44/50/44 
f 40/46/40 35/41/35 45/51/45 31/37/31 
f 33/39/33 43/49/43 17/17/17 
f 19/19/19 29/32/29 20/20/20 
f 42/48/42 29/32/29 19/19/19 
f 26/26/26 25/25/25 28/30/28 
f 26/26/26 28/30/28 47/53/47 
f 46/52/46 45/51/45 26/26/26 
f 47/53/47 46/52/46 26/26/26 
f 11/11/11 19/19/19 18/18/18 12/12/12 
f 15/15/15 22/22/22 21/21/21 16/16/16 
f 23/23/23 27/27/27 13/13/13 16/16/16 
f 15/34/15 14/35/14 9/9/9 12/12/12 
f 36/42/36 41/47/41 19/19/19 11/11/11 
f 38/44/38 43/49/43 44/50/44 39/45/39 
f 38/44/38 37/43/37 27/27/27 23/23/23 
f 36/42/36 35/41/35 40/46/40 39/45/39 
f 48/54/48 49/2/49 50/3/50 51/4/51 
f 52/5/52 53/6/53 54/7/54 55/8/55 
f 55/8/55 56/55/56 57/56/57 52/5/52 
f 58/18/58 59/57/59 60/20/60 
f 61/21/61 62/22/62 53/6/53 52/5/52 
f 61/21/61 57/56/57 63/58/63 64/59/64 
f 51/4/51 50/3/50 65/60/65 64/59/64 
f 51/4/51 66/61/66 48/54/48 
f 67/25/67 68/62/68 69/63/69 70/64/70 
f 64/59/64 63/58/63 66/61/66 51/4/51 
f 50/28/50 49/29/49 71/30/71 67/25/67 
f 54/7/54 53/31/53 60/20/60 72/32/72 
f 62/33/62 65/65/65 70/64/70 58/18/58 
f 53/31/53 62/33/62 58/18/58 60/20/60 
f 65/65/65 50/28/50 67/25/67 70/64/70 
f 59/57/59 69/63/69 73/66/73 74/67/74 
f 57/56/57 61/21/61 52/5/52 
f 69/63/69 68/62/68 75/68/75 73/66/73 
f 66/61/66 63/58/63 76/69/76 77/70/77 
f 75/68/75 68/62/68 78/53/78 
f 79/71/79 80/36/80 81/37/81 82/38/82 
f 83/39/83 55/8/55 54/7/54 84/40/84 
f 55/8/55 83/39/83 85/72/85 56/55/56 
f 86/47/86 87/48/87 88/73/88 
f 89/49/89 83/39/83 84/40/84 90/50/90 
f 89/49/89 91/74/91 92/75/92 85/72/85 
f 80/36/80 91/74/91 93/76/93 81/37/81 
f 80/36/80 79/71/79 94/77/94 
f 95/51/95 96/78/96 97/79/97 98/80/98 
f 91/74/91 80/36/80 94/77/94 92/75/92 
f 81/37/81 95/51/95 99/52/99 82/38/82 
f 54/7/54 72/32/72 87/48/87 84/40/84 
f 90/50/90 86/47/86 96/78/96 93/76/93 
f 84/40/84 87/48/87 86/47/86 90/50/90 
f 93/76/93 96/78/96 95/51/95 81/37/81 
f 88/73/88 74/67/74 73/66/73 97/79/97 
f 83/39/83 89/49/89 85/72/85 
f 97/79/97 73/66/73 75/68/75 98/80/98 
f 94/77/94 77/70/77 76/69/76 92/75/92 
f 75/68/75 78/53/78 98/80/98 
f 59/57/59 74/67/74 72/32/72 60/20/60 
f 87/48/87 72/32/72 74/67/74 88/73/88 
f 68/62/68 67/25/67 71/30/71 
f 68/62/68 71/30/71 78/53/78 
f 99/52/99 95/51/95 98/80/98 
f 78/53/78 99/52/99 98/80/98 
f 66/61/66 77/70/77 100/81/100 48/54/48 
f 79/71/79 100/81/100 77/70/77 94/77/94 
f 69/63/69 59/57/59 58/18/58 70/64/70 
f 65/60/65 62/22/62 61/21/61 64/59/64 
f 63/58/63 57/56/57 56/55/56 76/69/76 
f 96/78/96 86/47/86 88/73/88 97/79/97 
f 91/74/91 89/49/89 90/50/90 93/76/93 
f 76/69/76 56/55/56 85/72/85 92/75/92 
f 101/1/101 102/2/102 103/3/103 104/4/104 
f 105/21/105 106/22/106 107/7/107 108/8/108 
f 109/9/109 110/10/110 111/11/111 112/12/112 
f 113/13/113 114/14/114 115/15/115 116/16/116 
f 108/8/108 117/17/117 105/21/105 
f 118/18/118 119/19/119 120/32/120 
f 105/21/105 117/17/117 121/23/121 116/16/116 
f 104/4/104 103/3/103 114/14/114 113/13/113 
f 104/4/104 122/24/122 101/1/101 
f 123/25/123 124/26/124 110/10/110 109/9/109 
f 113/13/113 125/27/125 122/24/122 104/4/104 
f 103/28/103 102/29/102 126/30/126 123/25/123 
f 107/7/107 106/33/106 118/18/118 120/32/120 
f 106/33/106 115/34/115 112/12/112 118/18/118 
f 114/35/114 103/28/103 123/25/123 109/9/109 
f 101/1/101 127/36/127 128/37/128 129/38/129 
f 108/8/108 107/7/107 130/50/130 131/49/131 
f 132/41/132 133/42/133 111/11/111 110/10/110 
f 134/43/134 135/44/135 136/45/136 137/46/137 
f 108/8/108 131/49/131 117/17/117 
f 138/47/138 120/32/120 119/19/119 
f 131/49/131 135/44/135 121/23/121 117/17/117 
f 127/36/127 134/43/134 137/46/137 128/37/128 
f 127/36/127 101/1/101 122/24/122 
f 139/51/139 132/41/132 110/10/110 124/26/124 
f 134/43/134 127/36/127 122/24/122 125/27/125 
f 128/37/128 139/51/139 140/52/140 129/38/129 
f 107/7/107 120/32/120 138/47/138 130/50/130 
f 130/50/130 138/47/138 133/42/133 136/45/136 
f 137/46/137 132/41/132 139/51/139 128/37/128 
f 124/26/124 123/25/123 126/30/126 
f 124/26/124 126/30/126 141/53/141 
f 140/52/140 139/51/139 124/26/124 
f 141/53/141 140/52/140 124/26/124 
f 111/11/111 119/19/119 118/18/118 112/12/112 
f 115/15/115 106/22/106 105/21/105 116/16/116 
f 121/23/121 125/27/125 113/13/113 116/16/116 
f 115/34/115 114/35/114 109/9/109 112/12/112 
f 133/42/133 138/47/138 119/19/119 111/11/111 
f 135/44/135 131/49/131 130/50/130 136/45/136 
f 135/44/135 134/43/134 125/27/125 121/23/121 
f 133/42/133 132/41/132 137/46/137 136/45/136 
f 142/54/142 143/2/143 144/3/144 145/4/145 
f 146/5/146 147/6/147 148/7/148 149/8/149 
f 150/82/150 151/83/151 152/84/152 153/12/153 
f 154/85/154 155/86/155 156/15/156 157/16/157 
f 158/87/158 159/88/159 160/89/160 161/90/161 
f 149/8/149 162/55/162 163/56/163 146/5/146 
f 164/18/164 165/57/165 166/20/166 
f 167/21/167 168/22/168 147/6/147 146/5/146 
f 167/21/167 163/56/163 169/91/169 157/16/157 
f 145/4/145 144/3/144 170/92/170 171/93/171 
f 145/4/145 172/61/172 142/54/142 
f 173/25/173 174/62/174 175/94/175 176/95/176 
f 171/93/171 160/89/160 172/61/172 145/4/145 
f 171/93/171 170/92/170 155/86/155 154/85/154 
f 176/95/176 175/94/175 151/83/151 150/82/150 
f 144/28/144 143/29/143 177/30/177 173/25/173 
f 148/7/148 147/31/147 166/20/166 178/32/178 
f 168/33/168 156/34/156 153/12/153 164/18/164 
f 147/31/147 168/33/168 164/18/164 166/20/166 
f 170/96/170 144/28/144 173/25/173 176/95/176 
f 155/97/155 170/96/170 176/95/176 150/82/150 
f 165/57/165 152/84/152 179/98/179 180/67/180 
f 161/90/161 160/89/160 171/93/171 154/85/154 
f 163/56/163 167/21/167 146/5/146 
f 161/90/161 169/91/169 181/99/181 158/87/158 
f 175/94/175 174/62/174 182/68/182 183/100/183 
f 172/61/172 160/89/160 159/88/159 184/70/184 
f 151/83/151 175/94/175 183/100/183 185/101/185 
f 182/68/182 174/62/174 186/53/186 
f 187/71/187 188/36/188 189/37/189 190/38/190 
f 191/39/191 149/8/149 148/7/148 192/40/192 
f 193/102/193 194/42/194 195/103/195 196/104/196 
f 197/105/197 198/44/198 199/45/199 200/106/200 
f 158/87/158 201/107/201 202/108/202 159/88/159 
f 149/8/149 191/39/191 203/72/203 162/55/162 
f 204/47/204 205/48/205 206/73/206 
f 207/49/207 191/39/191 192/40/192 208/50/208 
f 207/49/207 198/44/198 209/109/209 203/72/203 
f 188/36/188 210/110/210 211/111/211 189/37/189 
f 188/36/188 187/71/187 212/77/212 
f 213/51/213 214/112/214 215/113/215 216/80/216 
f 210/110/210 188/36/188 212/77/212 202/108/202 
f 210/110/210 197/105/197 200/106/200 211/111/211 
f 214/112/214 193/102/193 196/104/196 215/113/215 
f 189/37/189 213/51/213 217/52/217 190/38/190 
f 148/7/148 178/32/178 205/48/205 192/40/192 
f 208/50/208 204/47/204 194/42/194 199/45/199 
f 192/40/192 205/48/205 204/47/204 208/50/208 
f 211/111/211 214/112/214 213/51/213 189/37/189 
f 200/106/200 193/102/193 214/112/214 211/111/211 
f 206/73/206 180/67/180 179/98/179 195/103/195 
f 201/107/201 197/105/197 210/110/210 202/108/202 
f 191/39/191 207/49/207 203/72/203 
f 201/107/201 158/87/158 181/99/181 209/109/209 
f 215/113/215 183/100/183 182/68/182 216/80/216 
f 212/77/212 184/70/184 159/88/159 202/108/202 
f 196/104/196 185/101/185 183/100/183 215/113/215 
f 182/68/182 186/53/186 216/80/216 
f 165/57/165 180/67/180 178/32/178 166/20/166 
f 205/48/205 178/32/178 180/67/180 206/73/206 
f 174/62/174 173/25/173 177/30/177 
f 174/62/174 177/30/177 186/53/186 
f 217/52/217 213/51/213 216/80/216 
f 186/53/186 217/52/217 216/80/216 
f 172/61/172 184/70/184 218/81/218 142/54/142 
f 187/71/187 218/81/218 184/70/184 212/77/212 
f 152/84/152 165/57/165 164/18/164 153/12/153 
f 156/15/156 168/22/168 167/21/167 157/16/157 
f 169/91/169 161/90/161 154/85/154 157/16/157 
f 156/34/156 155/97/155 150/82/150 153/12/153 
f 152/84/152 151/83/151 185/101/185 179/98/179 
f 169/91/169 163/56/163 162/55/162 181/99/181 
f 194/42/194 204/47/204 206/73/206 195/103/195 
f 198/44/198 207/49/207 208/50/208 199/45/199 
f 198/44/198 197/105/197 201/107/201 209/109/209 
f 194/42/194 193/102/193 200/106/200 199/45/199 
f 179/98/179 185/101/185 196/104/196 195/103/195 
f 181/99/181 162/55/162 203/72/203 209/109/209 
f 219/54/219 220/2/220 221/3/221 222/4/222 
f 223/5/223 224/6/224 225/7/225 226/8/226 
f 227/82/227 228/83/228 229/84/229 230/12/230 
f 231/85/231 232/86/232 233/15/233 234/16/234 
f 235/87/235 236/88/236 237/89/237 238/90/238 
f 226/8/226 239/55/239 240/56/240 223/5/223 
f 241/18/241 242/57/242 243/20/243 
f 244/21/244 245/22/245 224/6/224 223/5/223 
f 244/21/244 240/56/240 246/91/246 234/16/234 
f 222/4/222 221/3/221 247/92/247 248/93/248 
f 222/4/222 249/61/249 219/54/219 
f 250/25/250 251/62/251 252/94/252 253/95/253 
f 248/93/248 237/89/237 249/61/249 222/4/222 
f 248/93/248 247/92/247 232/86/232 231/85/231 
f 253/95/253 252/94/252 228/83/228 227/82/227 
f 221/28/221 220/29/220 254/30/254 250/25/250 
f 225/7/225 224/31/224 243/20/243 255/32/255 
f 245/33/245 233/34/233 230/12/230 241/18/241 
f 224/31/224 245/33/245 241/18/241 243/20/243 
f 247/96/247 221/28/221 250/25/250 253/95/253 
f 232/97/232 247/96/247 253/95/253 227/82/227 
f 242/57/242 229/84/229 256/98/256 257/67/257 
f 238/90/238 237/89/237 248/93/248 231/85/231 
f 240/56/240 244/21/244 223/5/223 
f 238/90/238 246/91/246 258/99/258 235/87/235 
f 252/94/252 251/62/251 259/68/259 260/100/260 
f 249/61/249 237/89/237 236/88/236 261/70/261 
f 228/83/228 252/94/252 260/100/260 262/101/262 
f 259/68/259 251/62/251 263/53/263 
f 264/71/264 265/36/265 266/37/266 267/38/267 
f 268/39/268 226/8/226 225/7/225 269/40/269 
f 270/102/270 271/42/271 272/103/272 273/104/273 
f 274/105/274 275/44/275 276/45/276 277/106/277 
f 235/87/235 278/107/278 279/108/279 236/88/236 
f 226/8/226 268/39/268 280/72/280 239/55/239 
f 281/47/281 282/48/282 283/73/283 
f 284/49/284 268/39/268 269/40/269 285/50/285 
f 284/49/284 275/44/275 286/109/286 280/72/280 
f 265/36/265 287/110/287 288/111/288 266/37/266 
f 265/36/265 264/71/264 289/77/289 
f 290/51/290 291/112/291 292/113/292 293/80/293 
f 287/110/287 265/36/265 289/77/289 279/108/279 
f 287/110/287 274/105/274 277/106/277 288/111/288 
f 291/112/291 270/102/270 273/104/273 292/113/292 
f 266/37/266 290/51/290 294/52/294 267/38/267 
f 225/7/225 255/32/255 282/48/282 269/40/269 
f 285/50/285 281/47/281 271/42/271 276/45/276 
f 269/40/269 282/48/282 281/47/281 285/50/285 
f 288/111/288 291/112/291 290/51/290 266/37/266 
f 277/106/277 270/102/270 291/112/291 288/111/288 
f 283/73/283 257/67/257 256/98/256 272/103/272 
f 278/107/278 274/105/274 287/110/287 279/108/279 
f 268/39/268 284/49/284 280/72/280 
f 278/107/278 235/87/235 258/99/258 286/109/286 
f 292/113/292 260/100/260 259/68/259 293/80/293 
f 289/77/289 261/70/261 236/88/236 279/108/279 
f 273/104/273 262/101/262 260/100/260 292/113/292 
f 259/68/259 263/53/263 293/80/293 
f 242/57/242 257/67/257 255/32/255 243/20/243 
f 282/48/282 255/32/255 257/67/257 283/73/283 
f 251/62/251 250/25/250 254/30/254 
f 251/62/251 254/30/254 263/53/263 
f 294/52/294 290/51/290 293/80/293 
f 263/53/263 294/52/294 293/80/293 
f 249/61/249 261/70/261 295/81/295 219/54/219 
f 264/71/264 295/81/295 261/70/261 289/77/289 
f 229/84/229 242/57/242 241/18/241 230/12/230 
f 233/15/233 245/22/245 244/21/244 234/16/234 
f 246/91/246 238/90/238 231/85/231 234/16/234 
f 233/34/233 232/97/232 227/82/227 230/12/230 
f 229/84/229 228/83/228 262/101/262 256/98/256 
f 246/91/246 240/56/240 239/55/239 258/99/258 
f 271/42/271 281/47/281 283/73/283 272/103/272 
f 275/44/275 284/49/284 285/50/285 276/45/276 
f 275/44/275 274/105/274 278/107/278 286/109/286 
f 271/42/271 270/102/270 277/106/277 276/45/276 
f 256/98/256 262/101/262 273/104/273 272/103/272 
f 258/99/258 239/55/239 280/72/280 286/109/286 
f 296/54/296 297/2/297 298/3/298 299/4/299 
f 300/5/300 301/6/301 302/7/302 303/8/303 
f 304/82/304 305/83/305 306/84/306 307/12/307 
f 308/85/308 309/86/309 310/15/310 311/16/311 
f 312/87/312 313/88/313 314/89/314 315/90/315 
f 303/8/303 316/55/316 317/56/317 300/5/300 
f 318/18/318 319/57/319 320/20/320 
f 321/21/321 322/22/322 301/6/301 300/5/300 
f 321/21/321 317/56/317 323/91/323 311/16/311 
f 299/4/299 298/3/298 324/92/324 325/93/325 
f 299/4/299 326/61/326 296/54/296 
f 327/25/327 328/62/328 329/94/329 330/95/330 
f 325/93/325 314/89/314 326/61/326 299/4/299 
f 325/93/325 324/92/324 309/86/309 308/85/308 
f 330/95/330 329/94/329 305/83/305 304/82/304 
f 298/28/298 297/29/297 331/30/331 327/25/327 
f 302/7/302 301/31/301 320/20/320 332/32/332 
f 322/33/322 310/34/310 307/12/307 318/18/318 
f 301/31/301 322/33/322 318/18/318 320/20/320 
f 324/96/324 298/28/298 327/25/327 330/95/330 
f 309/97/309 324/96/324 330/95/330 304/82/304 
f 319/57/319 306/84/306 333/98/333 334/67/334 
f 315/90/315 314/89/314 325/93/325 308/85/308 
f 317/56/317 321/21/321 300/5/300 
f 315/90/315 323/91/323 335/99/335 312/87/312 
f 329/94/329 328/62/328 336/68/336 337/100/337 
f 326/61/326 314/89/314 313/88/313 338/70/338 
f 305/83/305 329/94/329 337/100/337 339/101/339 
f 336/68/336 328/62/328 340/53/340 
f 341/71/341 342/36/342 343/37/343 344/38/344 
f 345/39/345 303/8/303 302/7/302 346/40/346 
f 347/102/347 348/42/348 349/103/349 350/104/350 
f 351/105/351 352/44/352 353/45/353 354/106/354 
f 312/87/312 355/107/355 356/108/356 313/88/313 
f 303/8/303 345/39/345 357/72/357 316/55/316 
f 358/47/358 359/48/359 360/73/360 
f 361/49/361 345/39/345 346/40/346 362/50/362 
f 361/49/361 352/44/352 363/109/363 357/72/357 
f 342/36/342 364/110/364 365/111/365 343/37/343 
f 342/36/342 341/71/341 366/77/366 
f 367/51/367 368/112/368 369/113/369 370/80/370 
f 364/110/364 342/36/342 366/77/366 356/108/356 
f 364/110/364 351/105/351 354/106/354 365/111/365 
f 368/112/368 347/102/347 350/104/350 369/113/369 
f 343/37/343 367/51/367 371/52/371 344/38/344 
f 302/7/302 332/32/332 359/48/359 346/40/346 
f 362/50/362 358/47/358 348/42/348 353/45/353 
f 346/40/346 359/48/359 358/47/358 362/50/362 
f 365/111/365 368/112/368 367/51/367 343/37/343 
f 354/106/354 347/102/347 368/112/368 365/111/365 
f 360/73/360 334/67/334 333/98/333 349/103/349 
f 355/107/355 351/105/351 364/110/364 356/108/356 
f 345/39/345 361/49/361 357/72/357 
f 355/107/355 312/87/312 335/99/335 363/109/363 
f 369/113/369 337/100/337 336/68/336 370/80/370 
f 366/77/366 338/70/338 313/88/313 356/108/356 
f 350/104/350 339/101/339 337/100/337 369/113/369 
f 336/68/336 340/53/340 370/80/370 
f 319/57/319 334/67/334 332/32/332 320/20/320 
f 359/48/359 332/32/332 334/67/334 360/73/360 
f 328/62/328 327/25/327 331/30/331 
f 328/62/328 331/30/331 340/53/340 
f 371/52/371 367/51/367 370/80/370 
f 340/53/340 371/52/371 370/80/370 
f 326/61/326 338/70/338 372/81/372 296/54/296 
f 341/71/341 372/81/372 338/70/338 366/77/366 
f 306/84/306 319/57/319 318/18/318 307/12/307 
f 310/15/310 322/22/322 321/21/321 311/16/311 
f 323/91/323 315/90/315 308/85/308 311/16/311 
f 310/34/310 309/97/309 304/82/304 307/12/307 
f 306/84/306 305/83/305 339/101/339 333/98/333 
f 323/91/323 317/56/317 316/55/316 335/99/335 
f 348/42/348 358/47/358 360/73/360 349/103/349 
f 352/44/352 361/49/361 362/50/362 353/45/353 
f 352/44/352 351/105/351 355/107/355 363/109/363 
f 348/42/348 347/102/347 354/106/354 353/45/353 
f 333/98/333 339/101/339 350/104/350 349/103/349 
f 335/99/335 316/55/316 357/72/357 363/109/363 
f 373/114/373 374/115/374 375/116/375 376/117/376 
f 377/118/377 378/119/378 379/120/379 380/121/380 
f 381/122/381 382/123/382 383/124/383 384/125/384 
f 385/126/385 386/127/386 387/128/387 388/129/388 
f 389/130/389 390/131/390 391/132/391 
f 392/133/392 377/118/377 380/121/380 393/134/393 
f 392/133/392 386/127/386 394/135/394 395/136/395 
f 374/115/374 396/137/396 397/138/397 375/116/375 
f 374/115/374 373/114/373 398/139/398 
f 399/140/399 400/141/400 401/142/401 402/143/402 
f 396/137/396 374/115/374 398/139/398 403/144/403 
f 396/137/396 404/145/404 405/146/405 397/138/397 
f 400/141/400 406/147/406 407/148/407 401/142/401 
f 375/116/375 399/140/399 408/149/408 376/117/376 
f 393/134/393 389/130/389 382/123/382 387/128/387 
f 380/121/380 390/131/390 389/130/389 393/134/393 
f 397/138/397 400/141/400 399/140/399 375/116/375 
f 388/129/388 381/122/381 406/147/406 405/146/405 
f 409/150/409 410/151/410 411/152/411 412/153/412 
f 413/154/413 414/155/414 415/156/415 416/157/416 
f 377/118/377 395/136/395 417/158/417 
f 413/154/413 418/159/418 419/160/419 420/161/420 
f 421/162/421 422/163/422 423/164/423 402/143/402 
f 398/139/398 424/165/424 425/166/425 426/167/426 
f 427/168/427 428/169/428 429/170/429 430/171/430 
f 418/159/418 413/154/413 416/157/416 431/172/431 
f 432/173/432 402/143/402 423/164/423 
f 378/119/378 377/118/377 417/158/417 433/174/433 
f 434/175/434 390/131/390 380/121/380 379/120/379 
f 435/176/435 436/177/436 437/178/437 438/179/438 
f 439/180/439 440/181/440 379/120/379 378/119/378 
f 441/182/441 442/183/442 443/184/443 444/185/444 
f 445/186/445 446/187/446 447/188/447 448/189/448 
f 449/190/449 450/191/450 451/192/451 
f 452/193/452 453/194/453 440/181/440 439/180/439 
f 452/193/452 454/195/454 455/196/455 448/189/448 
f 438/179/438 437/178/437 456/197/456 457/198/457 
f 438/179/438 458/199/458 435/176/435 
f 459/200/459 460/201/460 461/202/461 462/203/462 
f 457/198/457 463/204/463 458/199/458 438/179/438 
f 457/198/457 456/197/456 464/205/464 465/206/465 
f 462/203/462 461/202/461 466/207/466 467/208/467 
f 437/209/437 436/210/436 468/211/468 459/200/459 
f 453/212/453 447/213/447 444/185/444 449/190/449 
f 440/214/440 453/212/453 449/190/449 451/192/451 
f 456/215/456 437/209/437 459/200/459 462/203/462 
f 446/216/446 464/217/464 467/208/467 441/182/441 
f 469/218/469 470/219/470 411/152/411 410/151/410 
f 471/220/471 472/221/472 473/222/473 474/223/474 
f 475/224/475 454/195/454 439/180/439 
f 471/220/471 476/225/476 419/160/419 418/159/418 
f 477/226/477 460/201/460 423/164/423 422/163/422 
f 458/199/458 478/227/478 425/166/425 424/165/424 
f 479/228/479 480/229/480 429/170/429 428/169/428 
f 418/159/418 431/172/431 472/221/472 471/220/471 
f 432/173/432 460/201/460 468/211/468 
f 378/119/378 433/174/433 475/224/475 439/180/439 
f 434/175/434 379/120/379 440/214/440 451/192/451 
f 390/131/390 434/175/434 410/151/410 409/150/409 
f 469/218/469 410/151/410 434/175/434 451/192/451 
f 382/123/382 389/130/389 391/132/391 383/124/383 
f 386/127/386 392/133/392 393/134/393 387/128/387 
f 386/127/386 385/126/385 414/155/414 394/135/394 
f 382/123/382 381/122/381 388/129/388 387/128/387 
f 411/152/411 428/169/428 427/168/427 412/153/412 
f 419/160/419 433/174/433 417/158/417 420/161/420 
f 470/219/470 469/218/469 450/191/450 443/184/443 
f 447/188/447 453/194/453 452/193/452 448/189/448 
f 476/225/476 471/220/471 474/223/474 455/196/455 
f 447/213/447 446/216/446 441/182/441 444/185/444 
f 470/219/470 479/228/479 428/169/428 411/152/411 
f 476/225/476 475/224/475 433/174/433 419/160/419 
f 404/145/404 385/126/385 388/129/388 405/146/405 
f 406/147/406 381/122/381 384/125/384 407/148/407 
f 406/147/406 400/141/400 397/138/397 405/146/405 
f 404/145/404 396/137/396 403/144/403 415/156/415 
f 429/170/429 422/163/422 421/162/421 430/171/430 
f 416/157/416 426/167/426 425/166/425 431/172/431 
f 464/205/464 446/187/446 445/186/445 465/206/465 
f 480/229/480 479/228/479 442/183/442 466/207/466 
f 464/217/464 456/215/456 462/203/462 467/208/467 
f 472/221/472 478/227/478 463/204/463 473/222/473 
f 480/229/480 477/226/477 422/163/422 429/170/429 
f 431/172/431 425/166/425 478/227/478 472/221/472 
f 383/124/383 412/153/412 427/168/427 384/125/384 
f 401/142/401 421/162/421 402/143/402 
f 407/148/407 430/171/430 421/162/421 401/142/401 
f 442/183/442 479/228/479 470/219/470 443/184/443 
f 460/201/460 477/226/477 461/202/461 
f 461/202/461 477/226/477 480/229/480 466/207/466 
f 391/132/391 409/150/409 412/153/412 383/124/383 
f 450/191/450 449/190/449 444/185/444 443/184/443 
f 384/125/384 427/168/427 430/171/430 407/148/407 
f 442/183/442 441/182/441 467/208/467 466/207/466 
f 432/173/432 408/149/408 402/143/402 
f 432/173/432 423/164/423 460/201/460 
f 460/201/460 459/200/459 468/211/468 
f 408/149/408 399/140/399 402/143/402 
f 373/114/373 481/230/481 424/165/424 398/139/398 
f 458/199/458 424/165/424 481/230/481 435/176/435 
f 394/135/394 420/161/420 417/158/417 395/136/395 
f 398/139/398 426/167/426 403/144/403 
f 414/155/414 385/126/385 404/145/404 415/156/415 
f 454/195/454 475/224/475 476/225/476 455/196/455 
f 463/204/463 478/227/478 458/199/458 
f 473/222/473 465/206/465 445/186/445 474/223/474 
f 414/155/414 413/154/413 420/161/420 394/135/394 
f 474/223/474 445/186/445 448/189/448 455/196/455 
f 403/144/403 426/167/426 416/157/416 415/156/415 
f 463/204/463 457/198/457 465/206/465 473/222/473 
f 377/118/377 392/133/392 395/136/395 
f 454/195/454 452/193/452 439/180/439 
f 390/131/390 409/150/409 391/132/391 
f 450/191/450 469/218/469 451/192/451 
f 482/114/482 483/115/483 484/116/484 485/117/485 
f 486/118/486 487/119/487 488/120/488 489/121/489 
f 490/122/490 491/123/491 492/124/492 493/125/493 
f 494/126/494 495/127/495 496/128/496 497/129/497 
f 498/130/498 499/131/499 500/132/500 
f 501/133/501 486/118/486 489/121/489 502/134/502 
f 501/133/501 495/127/495 503/135/503 504/136/504 
f 483/115/483 505/137/505 506/138/506 484/116/484 
f 483/115/483 482/114/482 507/139/507 
f 508/140/508 509/141/509 510/142/510 511/143/511 
f 505/137/505 483/115/483 507/139/507 512/144/512 
f 505/137/505 513/145/513 514/146/514 506/138/506 
f 509/141/509 515/147/515 516/148/516 510/142/510 
f 484/116/484 508/140/508 517/149/517 485/117/485 
f 502/134/502 498/130/498 491/123/491 496/128/496 
f 489/121/489 499/131/499 498/130/498 502/134/502 
f 506/138/506 509/141/509 508/140/508 484/116/484 
f 497/129/497 490/122/490 515/147/515 514/146/514 
f 518/150/518 519/151/519 520/152/520 521/153/521 
f 522/154/522 523/155/523 524/156/524 525/157/525 
f 486/118/486 504/136/504 526/158/526 
f 522/154/522 527/159/527 528/160/528 529/161/529 
f 530/162/530 531/163/531 532/164/532 511/143/511 
f 507/139/507 533/165/533 534/166/534 535/167/535 
f 536/168/536 537/169/537 538/170/538 539/171/539 
f 527/159/527 522/154/522 525/157/525 540/172/540 
f 541/173/541 511/143/511 532/164/532 
f 487/119/487 486/118/486 526/158/526 542/174/542 
f 543/175/543 499/131/499 489/121/489 488/120/488 
f 544/176/544 545/177/545 546/178/546 547/179/547 
f 548/180/548 549/181/549 488/120/488 487/119/487 
f 550/182/550 551/183/551 552/184/552 553/185/553 
f 554/186/554 555/187/555 556/188/556 557/189/557 
f 558/190/558 559/191/559 560/192/560 
f 561/193/561 562/194/562 549/181/549 548/180/548 
f 561/193/561 563/195/563 564/196/564 557/189/557 
f 547/179/547 546/178/546 565/197/565 566/198/566 
f 547/179/547 567/199/567 544/176/544 
f 568/200/568 569/201/569 570/202/570 571/203/571 
f 566/198/566 572/204/572 567/199/567 547/179/547 
f 566/198/566 565/197/565 573/205/573 574/206/574 
f 571/203/571 570/202/570 575/207/575 576/208/576 
f 546/209/546 545/210/545 577/211/577 568/200/568 
f 562/212/562 556/213/556 553/185/553 558/190/558 
f 549/214/549 562/212/562 558/190/558 560/192/560 
f 565/215/565 546/209/546 568/200/568 571/203/571 
f 555/216/555 573/217/573 576/208/576 550/182/550 
f 578/218/578 579/219/579 520/152/520 519/151/519 
f 580/220/580 581/221/581 582/222/582 583/223/583 
f 584/224/584 563/195/563 548/180/548 
f 580/220/580 585/225/585 528/160/528 527/159/527 
f 586/226/586 569/201/569 532/164/532 531/163/531 
f 567/199/567 587/227/587 534/166/534 533/165/533 
f 588/228/588 589/229/589 538/170/538 537/169/537 
f 527/159/527 540/172/540 581/221/581 580/220/580 
f 541/173/541 569/201/569 577/211/577 
f 487/119/487 542/174/542 584/224/584 548/180/548 
f 543/175/543 488/120/488 549/214/549 560/192/560 
f 499/131/499 543/175/543 519/151/519 518/150/518 
f 578/218/578 519/151/519 543/175/543 560/192/560 
f 491/123/491 498/130/498 500/132/500 492/124/492 
f 495/127/495 501/133/501 502/134/502 496/128/496 
f 495/127/495 494/126/494 523/155/523 503/135/503 
f 491/123/491 490/122/490 497/129/497 496/128/496 
f 520/152/520 537/169/537 536/168/536 521/153/521 
f 528/160/528 542/174/542 526/158/526 529/161/529 
f 579/219/579 578/218/578 559/191/559 552/184/552 
f 556/188/556 562/194/562 561/193/561 557/189/557 
f 585/225/585 580/220/580 583/223/583 564/196/564 
f 556/213/556 555/216/555 550/182/550 553/185/553 
f 579/219/579 588/228/588 537/169/537 520/152/520 
f 585/225/585 584/224/584 542/174/542 528/160/528 
f 513/145/513 494/126/494 497/129/497 514/146/514 
f 515/147/515 490/122/490 493/125/493 516/148/516 
f 515/147/515 509/141/509 506/138/506 514/146/514 
f 513/145/513 505/137/505 512/144/512 524/156/524 
f 538/170/538 531/163/531 530/162/530 539/171/539 
f 525/157/525 535/167/535 534/166/534 540/172/540 
f 573/205/573 555/187/555 554/186/554 574/206/574 
f 589/229/589 588/228/588 551/183/551 575/207/575 
f 573/217/573 565/215/565 571/203/571 576/208/576 
f 581/221/581 587/227/587 572/204/572 582/222/582 
f 589/229/589 586/226/586 531/163/531 538/170/538 
f 540/172/540 534/166/534 587/227/587 581/221/581 
f 492/124/492 521/153/521 536/168/536 493/125/493 
f 510/142/510 530/162/530 511/143/511 
f 516/148/516 539/171/539 530/162/530 510/142/510 
f 551/183/551 588/228/588 579/219/579 552/184/552 
f 569/201/569 586/226/586 570/202/570 
f 570/202/570 586/226/586 589/229/589 575/207/575 
f 500/132/500 518/150/518 521/153/521 492/124/492 
f 559/191/559 558/190/558 553/185/553 552/184/552 
f 493/125/493 536/168/536 539/171/539 516/148/516 
f 551/183/551 550/182/550 576/208/576 575/207/575 
f 541/173/541 517/149/517 511/143/511 
f 541/173/541 532/164/532 569/201/569 
f 569/201/569 568/200/568 577/211/577 
f 517/149/517 508/140/508 511/143/511 
f 482/114/482 590/230/590 533/165/533 507/139/507 
f 567/199/567 533/165/533 590/230/590 544/176/544 
f 503/135/503 529/161/529 526/158/526 504/136/504 
f 507/139/507 535/167/535 512/144/512 
f 523/155/523 494/126/494 513/145/513 524/156/524 
f 563/195/563 584/224/584 585/225/585 564/196/564 
f 572/204/572 587/227/587 567/199/567 
f 582/222/582 574/206/574 554/186/554 583/223/583 
f 523/155/523 522/154/522 529/161/529 503/135/503 
f 583/223/583 554/186/554 557/189/557 564/196/564 
f 512/144/512 535/167/535 525/157/525 524/156/524 
f 572/204/572 566/198/566 574/206/574 582/222/582 
f 486/118/486 501/133/501 504/136/504 
f 563/195/563 561/193/561 548/180/548 
f 499/131/499 518/150/518 500/132/500 
f 559/191/559 578/218/578 560/192/560 
f 591/231/591 592/232/592 593/233/593 594/234/594 
f 595/235/595 596/236/596 597/237/597 598/238/598 
f 599/239/599 600/240/600 601/241/601 
f 602/242/602 603/243/603 604/244/604 605/245/605 
f 600/240/600 606/246/606 607/247/607 
f 603/243/603 595/235/595 598/238/598 604/244/604 
f 603/243/603 602/242/602 608/248/608 609/249/609 
f 592/232/592 610/250/610 611/251/611 593/233/593 
f 592/232/592 591/231/591 612/252/612 
f 613/253/613 614/254/614 615/255/615 616/256/616 
f 610/250/610 592/232/592 612/252/612 617/257/617 
f 610/250/610 602/242/602 605/245/605 611/251/611 
f 614/254/614 599/239/599 601/241/601 615/255/615 
f 593/233/593 613/253/613 618/258/618 594/234/594 
f 604/244/604 600/240/600 599/239/599 605/245/605 
f 598/238/598 606/246/606 600/240/600 604/244/604 
f 611/251/611 614/254/614 613/253/613 593/233/593 
f 605/245/605 599/239/599 614/254/614 611/251/611 
f 607/247/607 619/259/619 601/241/601 
f 608/248/608 602/242/602 610/250/610 617/257/617 
f 595/235/595 603/243/603 609/249/609 
f 608/248/608 620/260/620 621/261/621 609/249/609 
f 615/255/615 622/262/622 623/263/623 616/256/616 
f 612/252/612 624/264/624 625/265/625 617/257/617 
f 601/241/601 619/259/619 622/262/622 615/255/615 
f 620/260/620 608/248/608 617/257/617 625/265/625 
f 626/266/626 618/258/618 616/256/616 623/263/623 
f 596/236/596 595/235/595 609/249/609 621/261/621 
f 627/267/627 606/246/606 598/238/598 597/237/597 
f 628/268/628 629/269/629 630/270/630 631/271/631 
f 632/272/632 633/273/633 597/237/597 596/236/596 
f 634/274/634 635/275/635 636/276/636 
f 637/277/637 638/278/638 639/279/639 640/280/640 
f 636/276/636 607/247/607 641/281/641 
f 640/280/640 639/279/639 633/273/633 632/272/632 
f 640/280/640 642/282/642 643/283/643 637/277/637 
f 631/271/631 630/270/630 644/284/644 645/285/645 
f 631/271/631 646/286/646 628/268/628 
f 647/287/647 648/288/648 649/289/649 650/290/650 
f 645/285/645 651/291/651 646/286/646 631/271/631 
f 645/285/645 644/284/644 638/278/638 637/277/637 
f 650/290/650 649/289/649 635/275/635 634/274/634 
f 630/292/630 629/293/629 652/294/652 647/287/647 
f 639/295/639 638/296/638 634/274/634 636/276/636 
f 633/297/633 639/295/639 636/276/636 641/281/641 
f 644/298/644 630/292/630 647/287/647 650/290/650 
f 638/296/638 644/298/644 650/290/650 634/274/634 
f 635/275/635 619/259/619 607/247/607 
f 643/283/643 651/291/651 645/285/645 637/277/637 
f 642/282/642 640/280/640 632/272/632 
f 643/283/643 642/282/642 621/261/621 620/260/620 
f 649/289/649 648/288/648 623/263/623 622/262/622 
f 646/286/646 651/291/651 625/265/625 624/264/624 
f 635/275/635 649/289/649 622/262/622 619/259/619 
f 620/260/620 625/265/625 651/291/651 643/283/643 
f 626/266/626 623/263/623 648/288/648 652/294/652 
f 596/236/596 621/261/621 642/282/642 632/272/632 
f 627/267/627 597/237/597 633/297/633 641/281/641 
f 606/246/606 627/267/627 607/247/607 
f 607/247/607 627/267/627 641/281/641 
f 591/231/591 653/299/653 624/264/624 612/252/612 
f 646/286/646 624/264/624 653/299/653 628/268/628 
f 618/258/618 613/253/613 616/256/616 
f 648/288/648 647/287/647 652/294/652 
f 600/240/600 607/247/607 601/241/601 
f 635/275/635 607/247/607 636/276/636 
f 654/231/654 655/232/655 656/233/656 657/234/657 
f 658/235/658 659/236/659 660/237/660 661/238/661 
f 662/239/662 663/240/663 664/241/664 
f 665/242/665 666/243/666 667/244/667 668/245/668 
f 663/240/663 669/246/669 670/247/670 
f 666/243/666 658/235/658 661/238/661 667/244/667 
f 666/243/666 665/242/665 671/248/671 672/249/672 
f 655/232/655 673/250/673 674/251/674 656/233/656 
f 655/232/655 654/231/654 675/252/675 
f 676/253/676 677/254/677 678/255/678 679/256/679 
f 673/250/673 655/232/655 675/252/675 680/257/680 
f 673/250/673 665/242/665 668/245/668 674/251/674 
f 677/254/677 662/239/662 664/241/664 678/255/678 
f 656/233/656 676/253/676 681/258/681 657/234/657 
f 667/244/667 663/240/663 662/239/662 668/245/668 
f 661/238/661 669/246/669 663/240/663 667/244/667 
f 674/251/674 677/254/677 676/253/676 656/233/656 
f 668/245/668 662/239/662 677/254/677 674/251/674 
f 670/247/670 682/259/682 664/241/664 
f 671/248/671 665/242/665 673/250/673 680/257/680 
f 658/235/658 666/243/666 672/249/672 
f 671/248/671 683/260/683 684/261/684 672/249/672 
f 678/255/678 685/262/685 686/263/686 679/256/679 
f 675/252/675 687/264/687 688/265/688 680/257/680 
f 664/241/664 682/259/682 685/262/685 678/255/678 
f 683/260/683 671/248/671 680/257/680 688/265/688 
f 689/266/689 681/258/681 679/256/679 686/263/686 
f 659/236/659 658/235/658 672/249/672 684/261/684 
f 690/267/690 669/246/669 661/238/661 660/237/660 
f 691/268/691 692/269/692 693/270/693 694/271/694 
f 695/272/695 696/273/696 660/237/660 659/236/659 
f 697/274/697 698/275/698 699/276/699 
f 700/277/700 701/278/701 702/279/702 703/280/703 
f 699/276/699 670/247/670 704/281/704 
f 703/280/703 702/279/702 696/273/696 695/272/695 
f 703/280/703 705/282/705 706/283/706 700/277/700 
f 694/271/694 693/270/693 707/284/707 708/285/708 
f 694/271/694 709/286/709 691/268/691 
f 710/287/710 711/288/711 712/289/712 713/290/713 
f 708/285/708 714/291/714 709/286/709 694/271/694 
f 708/285/708 707/284/707 701/278/701 700/277/700 
f 713/290/713 712/289/712 698/275/698 697/274/697 
f 693/292/693 692/293/692 715/294/715 710/287/710 
f 702/295/702 701/296/701 697/274/697 699/276/699 
f 696/297/696 702/295/702 699/276/699 704/281/704 
f 707/298/707 693/292/693 710/287/710 713/290/713 
f 701/296/701 707/298/707 713/290/713 697/274/697 
f 698/275/698 682/259/682 670/247/670 
f 706/283/706 714/291/714 708/285/708 700/277/700 
f 705/282/705 703/280/703 695/272/695 
f 706/283/706 705/282/705 684/261/684 683/260/683 
f 712/289/712 711/288/711 686/263/686 685/262/685 
f 709/286/709 714/291/714 688/265/688 687/264/687 
f 698/275/698 712/289/712 685/262/685 682/259/682 
f 683/260/683 688/265/688 714/291/714 706/283/706 
f 689/266/689 686/263/686 711/288/711 715/294/715 
f 659/236/659 684/261/684 705/282/705 695/272/695 
f 690/267/690 660/237/660 696/297/696 704/281/704 
f 669/246/669 690/267/690 670/247/670 
f 670/247/670 690/267/690 704/281/704 
f 654/231/654 716/299/716 687/264/687 675/252/675 
f 709/286/709 687/264/687 716/299/716 691/268/691 
f 681/258/681 676/253/676 679/256/679 
f 711/288/711 710/287/710 715/294/715 
f 663/240/663 670/247/670 664/241/664 
f 698/275/698 670/247/670 699/276/699 
f 717/231/717 718/232/718 719/233/719 720/234/720 
f 721/235/721 722/236/722 723/237/723 724/238/724 
f 725/239/725 726/240/726 727/241/727 
f 728/242/728 729/243/729 730/244/730 731/245/731 
f 726/240/726 732/246/732 733/247/733 
f 729/243/729 721/235/721 724/238/724 730/244/730 
f 729/243/729 728/242/728 734/248/734 735/249/735 
f 718/232/718 736/250/736 737/251/737 719/233/719 
f 718/232/718 717/231/717 738/252/738 
f 739/253/739 740/254/740 741/255/741 742/256/742 
f 736/250/736 718/232/718 738/252/738 743/257/743 
f 736/250/736 728/242/728 731/245/731 737/251/737 
f 740/254/740 725/239/725 727/241/727 741/255/741 
f 719/233/719 739/253/739 744/258/744 720/234/720 
f 730/244/730 726/240/726 725/239/725 731/245/731 
f 724/238/724 732/246/732 726/240/726 730/244/730 
f 737/251/737 740/254/740 739/253/739 719/233/719 
f 731/245/731 725/239/725 740/254/740 737/251/737 
f 733/247/733 745/259/745 727/241/727 
f 734/248/734 728/242/728 736/250/736 743/257/743 
f 721/235/721 729/243/729 735/249/735 
f 734/248/734 746/260/746 747/261/747 735/249/735 
f 741/255/741 748/262/748 749/263/749 742/256/742 
f 738/252/738 750/264/750 751/265/751 743/257/743 
f 727/241/727 745/259/745 748/262/748 741/255/741 
f 746/260/746 734/248/734 743/257/743 751/265/751 
f 752/266/752 744/258/744 742/256/742 749/263/749 
f 722/236/722 721/235/721 735/249/735 747/261/747 
f 753/267/753 732/246/732 724/238/724 723/237/723 
f 754/268/754 755/269/755 756/270/756 757/271/757 
f 758/272/758 759/273/759 723/237/723 722/236/722 
f 760/274/760 761/275/761 762/276/762 
f 763/277/763 764/278/764 765/279/765 766/280/766 
f 762/276/762 733/247/733 767/281/767 
f 766/280/766 765/279/765 759/273/759 758/272/758 
f 766/280/766 768/282/768 769/283/769 763/277/763 
f 757/271/757 756/270/756 770/284/770 771/285/771 
f 757/271/757 772/286/772 754/268/754 
f 773/287/773 774/288/774 775/289/775 776/290/776 
f 771/285/771 777/291/777 772/286/772 757/271/757 
f 771/285/771 770/284/770 764/278/764 763/277/763 
f 776/290/776 775/289/775 761/275/761 760/274/760 
f 756/292/756 755/293/755 778/294/778 773/287/773 
f 765/295/765 764/296/764 760/274/760 762/276/762 
f 759/297/759 765/295/765 762/276/762 767/281/767 
f 770/298/770 756/292/756 773/287/773 776/290/776 
f 764/296/764 770/298/770 776/290/776 760/274/760 
f 761/275/761 745/259/745 733/247/733 
f 769/283/769 777/291/777 771/285/771 763/277/763 
f 768/282/768 766/280/766 758/272/758 
f 769/283/769 768/282/768 747/261/747 746/260/746 
f 775/289/775 774/288/774 749/263/749 748/262/748 
f 772/286/772 777/291/777 751/265/751 750/264/750 
f 761/275/761 775/289/775 748/262/748 745/259/745 
f 746/260/746 751/265/751 777/291/777 769/283/769 
f 752/266/752 749/263/749 774/288/774 778/294/778 
f 722/236/722 747/261/747 768/282/768 758/272/758 
f 753/267/753 723/237/723 759/297/759 767/281/767 
f 732/246/732 753/267/753 733/247/733 
f 733/247/733 753/267/753 767/281/767 
f 717/231/717 779/299/779 750/264/750 738/252/738 
f 772/286/772 750/264/750 779/299/779 754/268/754 
f 744/258/744 739/253/739 742/256/742 
f 774/288/774 773/287/773 778/294/778 
f 726/240/726 733/247/733 727/241/727 
f 761/275/761 733/247/733 762/276/762 
f 780/231/780 781/232/781 782/233/782 783/234/783 
f 784/235/784 785/236/785 786/237/786 787/238/787 
f 788/239/788 789/240/789 790/241/790 
f 791/242/791 792/243/792 793/244/793 794/245/794 
f 789/240/789 795/246/795 796/247/796 
f 792/243/792 784/235/784 787/238/787 793/244/793 
f 792/243/792 791/242/791 797/248/797 798/249/798 
f 781/232/781 799/250/799 800/251/800 782/233/782 
f 781/232/781 780/231/780 801/252/801 
f 802/253/802 803/254/803 804/255/804 805/256/805 
f 799/250/799 781/232/781 801/252/801 806/257/806 
f 799/250/799 791/242/791 794/245/794 800/251/800 
f 803/254/803 788/239/788 790/241/790 804/255/804 
f 782/233/782 802/253/802 807/258/807 783/234/783 
f 793/244/793 789/240/789 788/239/788 794/245/794 
f 787/238/787 795/246/795 789/240/789 793/244/793 
f 800/251/800 803/254/803 802/253/802 782/233/782 
f 794/245/794 788/239/788 803/254/803 800/251/800 
f 796/247/796 808/259/808 790/241/790 
f 797/248/797 791/242/791 799/250/799 806/257/806 
f 784/235/784 792/243/792 798/249/798 
f 797/248/797 809/260/809 810/261/810 798/249/798 
f 804/255/804 811/262/811 812/263/812 805/256/805 
f 801/252/801 813/264/813 814/265/814 806/257/806 
f 790/241/790 808/259/808 811/262/811 804/255/804 
f 809/260/809 797/248/797 806/257/806 814/265/814 
f 815/266/815 807/258/807 805/256/805 812/263/812 
f 785/236/785 784/235/784 798/249/798 810/261/810 
f 816/267/816 795/246/795 787/238/787 786/237/786 
f 817/268/817 818/269/818 819/270/819 820/271/820 
f 821/272/821 822/273/822 786/237/786 785/236/785 
f 823/274/823 824/275/824 825/276/825 
f 826/277/826 827/278/827 828/279/828 829/280/829 
f 825/276/825 796/247/796 830/281/830 
f 829/280/829 828/279/828 822/273/822 821/272/821 
f 829/280/829 831/282/831 832/283/832 826/277/826 
f 820/271/820 819/270/819 833/284/833 834/285/834 
f 820/271/820 835/286/835 817/268/817 
f 836/287/836 837/288/837 838/289/838 839/290/839 
f 834/285/834 840/291/840 835/286/835 820/271/820 
f 834/285/834 833/284/833 827/278/827 826/277/826 
f 839/290/839 838/289/838 824/275/824 823/274/823 
f 819/292/819 818/293/818 841/294/841 836/287/836 
f 828/295/828 827/296/827 823/274/823 825/276/825 
f 822/297/822 828/295/828 825/276/825 830/281/830 
f 833/298/833 819/292/819 836/287/836 839/290/839 
f 827/296/827 833/298/833 839/290/839 823/274/823 
f 824/275/824 808/259/808 796/247/796 
f 832/283/832 840/291/840 834/285/834 826/277/826 
f 831/282/831 829/280/829 821/272/821 
f 832/283/832 831/282/831 810/261/810 809/260/809 
f 838/289/838 837/288/837 812/263/812 811/262/811 
f 835/286/835 840/291/840 814/265/814 813/264/813 
f 824/275/824 838/289/838 811/262/811 808/259/808 
f 809/260/809 814/265/814 840/291/840 832/283/832 
f 815/266/815 812/263/812 837/288/837 841/294/841 
f 785/236/785 810/261/810 831/282/831 821/272/821 
f 816/267/816 786/237/786 822/297/822 830/281/830 
f 795/246/795 816/267/816 796/247/796 
f 796/247/796 816/267/816 830/281/830 
f 780/231/780 842/299/842 813/264/813 801/252/801 
f 835/286/835 813/264/813 842/299/842 817/268/817 
f 807/258/807 802/253/802 805/256/805 
f 837/288/837 836/287/836 841/294/841 
f 789/240/789 796/247/796 790/241/790 
f 824/275/824 796/247/796 825/276/825 
f 843/300/843 844/301/844 845/302/845 846/303/846 
f 847/304/847 848/305/848 849/306/849 850/307/850 
f 851/308/851 852/309/852 853/310/853 854/311/854 
f 855/312/855 856/313/856 857/314/857 858/315/858 
f 859/316/859 860/317/860 861/318/861 
f 862/319/862 863/320/863 864/321/864 
f 865/322/865 847/304/847 850/307/850 866/323/866 
f 865/322/865 856/313/856 867/324/867 868/325/868 
f 844/301/844 869/326/869 870/327/870 845/302/845 
f 844/301/844 843/300/843 871/328/871 
f 872/329/872 873/330/873 874/331/874 860/317/860 
f 869/326/869 844/301/844 871/328/871 875/332/875 
f 869/326/869 855/312/855 858/315/858 870/327/870 
f 873/330/873 851/308/851 854/311/854 874/331/874 
f 845/302/845 872/329/872 876/333/876 846/303/846 
f 866/323/866 862/319/862 852/309/852 857/314/857 
f 850/307/850 863/320/863 862/319/862 866/323/866 
f 870/327/870 873/330/873 872/329/872 845/302/845 
f 858/315/858 851/308/851 873/330/873 870/327/870 
f 864/321/864 877/334/877 878/335/878 853/310/853 
f 879/336/879 855/312/855 869/326/869 875/332/875 
f 847/304/847 865/322/865 868/325/868 
f 879/336/879 880/337/880 881/338/881 867/324/867 
f 874/331/874 882/339/882 861/318/861 860/317/860 
f 871/328/871 883/340/883 884/341/884 875/332/875 
f 854/311/854 885/342/885 882/339/882 874/331/874 
f 880/337/880 879/336/879 875/332/875 884/341/884 
f 848/305/848 847/304/847 868/325/868 886/343/886 
f 887/344/887 863/320/863 850/307/850 849/306/849 
f 888/345/888 889/346/889 890/347/890 891/348/891 
f 892/349/892 893/350/893 849/306/849 848/305/848 
f 894/351/894 895/352/895 896/353/896 897/354/897 
f 898/355/898 899/356/899 900/357/900 901/358/901 
f 859/316/859 902/359/902 903/360/903 
f 904/361/904 905/362/905 906/363/906 
f 907/364/907 908/365/908 893/350/893 892/349/892 
f 907/364/907 909/366/909 910/367/910 901/358/901 
f 891/348/891 890/347/890 911/368/911 912/369/912 
f 891/348/891 913/370/913 888/345/888 
f 914/371/914 902/359/902 915/372/915 916/373/916 
f 912/369/912 917/374/917 913/370/913 891/348/891 
f 912/369/912 911/368/911 899/356/899 898/355/898 
f 916/373/916 915/372/915 895/352/895 894/351/894 
f 890/375/890 889/376/889 903/360/903 914/371/914 
f 908/377/908 900/378/900 897/354/897 904/361/904 
f 893/379/893 908/377/908 904/361/904 906/363/906 
f 911/380/911 890/375/890 914/371/914 916/373/916 
f 899/381/899 911/380/911 916/373/916 894/351/894 
f 905/362/905 896/353/896 878/335/878 877/334/877 
f 918/382/918 917/374/917 912/369/912 898/355/898 
f 892/349/892 909/366/909 907/364/907 
f 918/382/918 910/367/910 881/338/881 880/337/880 
f 915/372/915 902/359/902 861/318/861 882/339/882 
f 913/370/913 917/374/917 884/341/884 883/340/883 
f 895/352/895 915/372/915 882/339/882 885/342/885 
f 880/337/880 884/341/884 917/374/917 918/382/918 
f 848/305/848 886/343/886 909/366/909 892/349/892 
f 887/344/887 849/306/849 893/379/893 906/363/906 
f 863/320/863 887/344/887 877/334/877 864/321/864 
f 905/362/905 877/334/877 887/344/887 906/363/906 
f 876/333/876 872/329/872 860/317/860 
f 859/316/859 876/333/876 860/317/860 
f 902/359/902 914/371/914 903/360/903 
f 859/316/859 861/318/861 902/359/902 
f 843/300/843 919/383/919 883/340/883 871/328/871 
f 913/370/913 883/340/883 919/383/919 888/345/888 
f 852/309/852 862/319/862 864/321/864 853/310/853 
f 856/313/856 865/322/865 866/323/866 857/314/857 
f 856/313/856 855/312/855 879/336/879 867/324/867 
f 852/309/852 851/308/851 858/315/858 857/314/857 
f 878/335/878 885/342/885 854/311/854 853/310/853 
f 881/338/881 886/343/886 868/325/868 867/324/867 
f 896/353/896 905/362/905 904/361/904 897/354/897 
f 900/357/900 908/365/908 907/364/907 901/358/901 
f 910/367/910 918/382/918 898/355/898 901/358/901 
f 900/378/900 899/381/899 894/351/894 897/354/897 
f 896/353/896 895/352/895 885/342/885 878/335/878 
f 910/367/910 909/366/909 886/343/886 881/338/881 
f 920/300/920 921/301/921 922/302/922 923/303/923 
f 924/304/924 925/305/925 926/306/926 927/307/927 
f 928/308/928 929/309/929 930/310/930 931/311/931 
f 932/312/932 933/313/933 934/314/934 935/315/935 
f 936/316/936 937/317/937 938/318/938 
f 939/319/939 940/320/940 941/321/941 
f 942/322/942 924/304/924 927/307/927 943/323/943 
f 942/322/942 933/313/933 944/324/944 945/325/945 
f 921/301/921 946/326/946 947/327/947 922/302/922 
f 921/301/921 920/300/920 948/328/948 
f 949/329/949 950/330/950 951/331/951 937/317/937 
f 946/326/946 921/301/921 948/328/948 952/332/952 
f 946/326/946 932/312/932 935/315/935 947/327/947 
f 950/330/950 928/308/928 931/311/931 951/331/951 
f 922/302/922 949/329/949 953/333/953 923/303/923 
f 943/323/943 939/319/939 929/309/929 934/314/934 
f 927/307/927 940/320/940 939/319/939 943/323/943 
f 947/327/947 950/330/950 949/329/949 922/302/922 
f 935/315/935 928/308/928 950/330/950 947/327/947 
f 941/321/941 954/334/954 955/335/955 930/310/930 
f 956/336/956 932/312/932 946/326/946 952/332/952 
f 924/304/924 942/322/942 945/325/945 
f 956/336/956 957/337/957 958/338/958 944/324/944 
f 951/331/951 959/339/959 938/318/938 937/317/937 
f 948/328/948 960/340/960 961/341/961 952/332/952 
f 931/311/931 962/342/962 959/339/959 951/331/951 
f 957/337/957 956/336/956 952/332/952 961/341/961 
f 925/305/925 924/304/924 945/325/945 963/343/963 
f 964/344/964 940/320/940 927/307/927 926/306/926 
f 965/345/965 966/346/966 967/347/967 968/348/968 
f 969/349/969 970/350/970 926/306/926 925/305/925 
f 971/351/971 972/352/972 973/353/973 974/354/974 
f 975/355/975 976/356/976 977/357/977 978/358/978 
f 936/316/936 979/359/979 980/360/980 
f 981/361/981 982/362/982 983/363/983 
f 984/364/984 985/365/985 970/350/970 969/349/969 
f 984/364/984 986/366/986 987/367/987 978/358/978 
f 968/348/968 967/347/967 988/368/988 989/369/989 
f 968/348/968 990/370/990 965/345/965 
f 991/371/991 979/359/979 992/372/992 993/373/993 
f 989/369/989 994/374/994 990/370/990 968/348/968 
f 989/369/989 988/368/988 976/356/976 975/355/975 
f 993/373/993 992/372/992 972/352/972 971/351/971 
f 967/375/967 966/376/966 980/360/980 991/371/991 
f 985/377/985 977/378/977 974/354/974 981/361/981 
f 970/379/970 985/377/985 981/361/981 983/363/983 
f 988/380/988 967/375/967 991/371/991 993/373/993 
f 976/381/976 988/380/988 993/373/993 971/351/971 
f 982/362/982 973/353/973 955/335/955 954/334/954 
f 995/382/995 994/374/994 989/369/989 975/355/975 
f 969/349/969 986/366/986 984/364/984 
f 995/382/995 987/367/987 958/338/958 957/337/957 
f 992/372/992 979/359/979 938/318/938 959/339/959 
f 990/370/990 994/374/994 961/341/961 960/340/960 
f 972/352/972 992/372/992 959/339/959 962/342/962 
f 957/337/957 961/341/961 994/374/994 995/382/995 
f 925/305/925 963/343/963 986/366/986 969/349/969 
f 964/344/964 926/306/926 970/379/970 983/363/983 
f 940/320/940 964/344/964 954/334/954 941/321/941 
f 982/362/982 954/334/954 964/344/964 983/363/983 
f 953/333/953 949/329/949 937/317/937 
f 936/316/936 953/333/953 937/317/937 
f 979/359/979 991/371/991 980/360/980 
f 936/316/936 938/318/938 979/359/979 
f 920/300/920 996/383/996 960/340/960 948/328/948 
f 990/370/990 960/340/960 996/383/996 965/345/965 
f 929/309/929 939/319/939 941/321/941 930/310/930 
f 933/313/933 942/322/942 943/323/943 934/314/934 
f 933/313/933 932/312/932 956/336/956 944/324/944 
f 929/309/929 928/308/928 935/315/935 934/314/934 
f 955/335/955 962/342/962 931/311/931 930/310/930 
f 958/338/958 963/343/963 945/325/945 944/324/944 
f 973/353/973 982/362/982 981/361/981 974/354/974 
f 977/357/977 985/365/985 984/364/984 978/358/978 
f 987/367/987 995/382/995 975/355/975 978/358/978 
f 977/378/977 976/381/976 971/351/971 974/354/974 
f 973/353/973 972/352/972 962/342/962 955/335/955 
f 987/367/987 986/366/986 963/343/963 958/338/958 
f 997/300/997 998/301/998 999/302/999 1000/303/1000 
f 1001/304/1001 1002/305/1002 1003/306/1003 1004/307/1004 
f 1005/308/1005 1006/309/1006 1007/310/1007 1008/311/1008 
f 1009/312/1009 1010/313/1010 1011/314/1011 1012/315/1012 
f 1013/316/1013 1014/317/1014 1015/318/1015 
f 1016/319/1016 1017/320/1017 1018/321/1018 
f 1019/322/1019 1001/304/1001 1004/307/1004 1020/323/1020 
f 1019/322/1019 1010/313/1010 1021/324/1021 1022/325/1022 
f 998/301/998 1023/326/1023 1024/327/1024 999/302/999 
f 998/301/998 997/300/997 1025/328/1025 
f 1026/329/1026 1027/330/1027 1028/331/1028 1014/317/1014 
f 1023/326/1023 998/301/998 1025/328/1025 1029/332/1029 
f 1023/326/1023 1009/312/1009 1012/315/1012 1024/327/1024 
f 1027/330/1027 1005/308/1005 1008/311/1008 1028/331/1028 
f 999/302/999 1026/329/1026 1030/333/1030 1000/303/1000 
f 1020/323/1020 1016/319/1016 1006/309/1006 1011/314/1011 
f 1004/307/1004 1017/320/1017 1016/319/1016 1020/323/1020 
f 1024/327/1024 1027/330/1027 1026/329/1026 999/302/999 
f 1012/315/1012 1005/308/1005 1027/330/1027 1024/327/1024 
f 1018/321/1018 1031/334/1031 1032/335/1032 1007/310/1007 
f 1033/336/1033 1009/312/1009 1023/326/1023 1029/332/1029 
f 1001/304/1001 1019/322/1019 1022/325/1022 
f 1033/336/1033 1034/337/1034 1035/338/1035 1021/324/1021 
f 1028/331/1028 1036/339/1036 1015/318/1015 1014/317/1014 
f 1025/328/1025 1037/340/1037 1038/341/1038 1029/332/1029 
f 1008/311/1008 1039/342/1039 1036/339/1036 1028/331/1028 
f 1034/337/1034 1033/336/1033 1029/332/1029 1038/341/1038 
f 1002/305/1002 1001/304/1001 1022/325/1022 1040/343/1040 
f 1041/344/1041 1017/320/1017 1004/307/1004 1003/306/1003 
f 1042/345/1042 1043/346/1043 1044/347/1044 1045/348/1045 
f 1046/349/1046 1047/350/1047 1003/306/1003 1002/305/1002 
f 1048/351/1048 1049/352/1049 1050/353/1050 1051/354/1051 
f 1052/355/1052 1053/356/1053 1054/357/1054 1055/358/1055 
f 1013/316/1013 1056/359/1056 1057/360/1057 
f 1058/361/1058 1059/362/1059 1060/363/1060 
f 1061/364/1061 1062/365/1062 1047/350/1047 1046/349/1046 
f 1061/364/1061 1063/366/1063 1064/367/1064 1055/358/1055 
f 1045/348/1045 1044/347/1044 1065/368/1065 1066/369/1066 
f 1045/348/1045 1067/370/1067 1042/345/1042 
f 1068/371/1068 1056/359/1056 1069/372/1069 1070/373/1070 
f 1066/369/1066 1071/374/1071 1067/370/1067 1045/348/1045 
f 1066/369/1066 1065/368/1065 1053/356/1053 1052/355/1052 
f 1070/373/1070 1069/372/1069 1049/352/1049 1048/351/1048 
f 1044/375/1044 1043/376/1043 1057/360/1057 1068/371/1068 
f 1062/377/1062 1054/378/1054 1051/354/1051 1058/361/1058 
f 1047/379/1047 1062/377/1062 1058/361/1058 1060/363/1060 
f 1065/380/1065 1044/375/1044 1068/371/1068 1070/373/1070 
f 1053/381/1053 1065/380/1065 1070/373/1070 1048/351/1048 
f 1059/362/1059 1050/353/1050 1032/335/1032 1031/334/1031 
f 1072/382/1072 1071/374/1071 1066/369/1066 1052/355/1052 
f 1046/349/1046 1063/366/1063 1061/364/1061 
f 1072/382/1072 1064/367/1064 1035/338/1035 1034/337/1034 
f 1069/372/1069 1056/359/1056 1015/318/1015 1036/339/1036 
f 1067/370/1067 1071/374/1071 1038/341/1038 1037/340/1037 
f 1049/352/1049 1069/372/1069 1036/339/1036 1039/342/1039 
f 1034/337/1034 1038/341/1038 1071/374/1071 1072/382/1072 
f 1002/305/1002 1040/343/1040 1063/366/1063 1046/349/1046 
f 1041/344/1041 1003/306/1003 1047/379/1047 1060/363/1060 
f 1017/320/1017 1041/344/1041 1031/334/1031 1018/321/1018 
f 1059/362/1059 1031/334/1031 1041/344/1041 1060/363/1060 
f 1030/333/1030 1026/329/1026 1014/317/1014 
f 1013/316/1013 1030/333/1030 1014/317/1014 
f 1056/359/1056 1068/371/1068 1057/360/1057 
f 1013/316/1013 1015/318/1015 1056/359/1056 
f 997/300/997 1073/383/1073 1037/340/1037 1025/328/1025 
f 1067/370/1067 1037/340/1037 1073/383/1073 1042/345/1042 
f 1006/309/1006 1016/319/1016 1018/321/1018 1007/310/1007 
f 1010/313/1010 1019/322/1019 1020/323/1020 1011/314/1011 
f 1010/313/1010 1009/312/1009 1033/336/1033 1021/324/1021 
f 1006/309/1006 1005/308/1005 1012/315/1012 1011/314/1011 
f 1032/335/1032 1039/342/1039 1008/311/1008 1007/310/1007 
f 1035/338/1035 1040/343/1040 1022/325/1022 1021/324/1021 
f 1050/353/1050 1059/362/1059 1058/361/1058 1051/354/1051 
f 1054/357/1054 1062/365/1062 1061/364/1061 1055/358/1055 
f 1064/367/1064 1072/382/1072 1052/355/1052 1055/358/1055 
f 1054/378/1054 1053/381/1053 1048/351/1048 1051/354/1051 
f 1050/353/1050 1049/352/1049 1039/342/1039 1032/335/1032 
f 1064/367/1064 1063/366/1063 1040/343/1040 1035/338/1035 
f 1074/300/1074 1075/301/1075 1076/302/1076 1077/303/1077 
f 1078/304/1078 1079/305/1079 1080/306/1080 1081/307/1081 
f 1082/308/1082 1083/309/1083 1084/310/1084 1085/311/1085 
f 1086/312/1086 1087/313/1087 1088/314/1088 1089/315/1089 
f 1090/316/1090 1091/317/1091 1092/318/1092 
f 1093/319/1093 1094/320/1094 1095/321/1095 
f 1096/322/1096 1078/304/1078 1081/307/1081 1097/323/1097 
f 1096/322/1096 1087/313/1087 1098/324/1098 1099/325/1099 
f 1075/301/1075 1100/326/1100 1101/327/1101 1076/302/1076 
f 1075/301/1075 1074/300/1074 1102/328/1102 
f 1103/329/1103 1104/330/1104 1105/331/1105 1091/317/1091 
f 1100/326/1100 1075/301/1075 1102/328/1102 1106/332/1106 
f 1100/326/1100 1086/312/1086 1089/315/1089 1101/327/1101 
f 1104/330/1104 1082/308/1082 1085/311/1085 1105/331/1105 
f 1076/302/1076 1103/329/1103 1107/333/1107 1077/303/1077 
f 1097/323/1097 1093/319/1093 1083/309/1083 1088/314/1088 
f 1081/307/1081 1094/320/1094 1093/319/1093 1097/323/1097 
f 1101/327/1101 1104/330/1104 1103/329/1103 1076/302/1076 
f 1089/315/1089 1082/308/1082 1104/330/1104 1101/327/1101 
f 1095/321/1095 1108/334/1108 1109/335/1109 1084/310/1084 
f 1110/336/1110 1086/312/1086 1100/326/1100 1106/332/1106 
f 1078/304/1078 1096/322/1096 1099/325/1099 
f 1110/336/1110 1111/337/1111 1112/338/1112 1098/324/1098 
f 1105/331/1105 1113/339/1113 1092/318/1092 1091/317/1091 
f 1102/328/1102 1114/340/1114 1115/341/1115 1106/332/1106 
f 1085/311/1085 1116/342/1116 1113/339/1113 1105/331/1105 
f 1111/337/1111 1110/336/1110 1106/332/1106 1115/341/1115 
f 1079/305/1079 1078/304/1078 1099/325/1099 1117/343/1117 
f 1118/344/1118 1094/320/1094 1081/307/1081 1080/306/1080 
f 1119/345/1119 1120/346/1120 1121/347/1121 1122/348/1122 
f 1123/349/1123 1124/350/1124 1080/306/1080 1079/305/1079 
f 1125/351/1125 1126/352/1126 1127/353/1127 1128/354/1128 
f 1129/355/1129 1130/356/1130 1131/357/1131 1132/358/1132 
f 1090/316/1090 1133/359/1133 1134/360/1134 
f 1135/361/1135 1136/362/1136 1137/363/1137 
f 1138/364/1138 1139/365/1139 1124/350/1124 1123/349/1123 
f 1138/364/1138 1140/366/1140 1141/367/1141 1132/358/1132 
f 1122/348/1122 1121/347/1121 1142/368/1142 1143/369/1143 
f 1122/348/1122 1144/370/1144 1119/345/1119 
f 1145/371/1145 1133/359/1133 1146/372/1146 1147/373/1147 
f 1143/369/1143 1148/374/1148 1144/370/1144 1122/348/1122 
f 1143/369/1143 1142/368/1142 1130/356/1130 1129/355/1129 
f 1147/373/1147 1146/372/1146 1126/352/1126 1125/351/1125 
f 1121/375/1121 1120/376/1120 1134/360/1134 1145/371/1145 
f 1139/377/1139 1131/378/1131 1128/354/1128 1135/361/1135 
f 1124/379/1124 1139/377/1139 1135/361/1135 1137/363/1137 
f 1142/380/1142 1121/375/1121 1145/371/1145 1147/373/1147 
f 1130/381/1130 1142/380/1142 1147/373/1147 1125/351/1125 
f 1136/362/1136 1127/353/1127 1109/335/1109 1108/334/1108 
f 1149/382/1149 1148/374/1148 1143/369/1143 1129/355/1129 
f 1123/349/1123 1140/366/1140 1138/364/1138 
f 1149/382/1149 1141/367/1141 1112/338/1112 1111/337/1111 
f 1146/372/1146 1133/359/1133 1092/318/1092 1113/339/1113 
f 1144/370/1144 1148/374/1148 1115/341/1115 1114/340/1114 
f 1126/352/1126 1146/372/1146 1113/339/1113 1116/342/1116 
f 1111/337/1111 1115/341/1115 1148/374/1148 1149/382/1149 
f 1079/305/1079 1117/343/1117 1140/366/1140 1123/349/1123 
f 1118/344/1118 1080/306/1080 1124/379/1124 1137/363/1137 
f 1094/320/1094 1118/344/1118 1108/334/1108 1095/321/1095 
f 1136/362/1136 1108/334/1108 1118/344/1118 1137/363/1137 
f 1107/333/1107 1103/329/1103 1091/317/1091 
f 1090/316/1090 1107/333/1107 1091/317/1091 
f 1133/359/1133 1145/371/1145 1134/360/1134 
f 1090/316/1090 1092/318/1092 1133/359/1133 
f 1074/300/1074 1150/383/1150 1114/340/1114 1102/328/1102 
f 1144/370/1144 1114/340/1114 1150/383/1150 1119/345/1119 
f 1083/309/1083 1093/319/1093 1095/321/1095 1084/310/1084 
f 1087/313/1087 1096/322/1096 1097/323/1097 1088/314/1088 
f 1087/313/1087 1086/312/1086 1110/336/1110 1098/324/1098 
f 1083/309/1083 1082/308/1082 1089/315/1089 1088/314/1088 
f 1109/335/1109 1116/342/1116 1085/311/1085 1084/310/1084 
f 1112/338/1112 1117/343/1117 1099/325/1099 1098/324/1098 
f 1127/353/1127 1136/362/1136 1135/361/1135 1128/354/1128 
f 1131/357/1131 1139/365/1139 1138/364/1138 1132/358/1132 
f 1141/367/1141 1149/382/1149 1129/355/1129 1132/358/1132 
f 1131/378/1131 1130/381/1130 1125/351/1125 1128/354/1128 
f 1127/353/1127 1126/352/1126 1116/342/1116 1109/335/1109 
f 1141/367/1141 1140/366/1140 1117/343/1117 1112/338/1112 
f 1151/300/1151 1152/301/1152 1153/302/1153 1154/303/1154 
f 1155/304/1155 1156/305/1156 1157/306/1157 1158/307/1158 
f 1159/308/1159 1160/309/1160 1161/310/1161 1162/311/1162 
f 1163/312/1163 1164/313/1164 1165/314/1165 1166/315/1166 
f 1167/316/1167 1168/317/1168 1169/318/1169 
f 1170/319/1170 1171/320/1171 1172/321/1172 
f 1173/322/1173 1155/304/1155 1158/307/1158 1174/323/1174 
f 1173/322/1173 1164/313/1164 1175/324/1175 1176/325/1176 
f 1152/301/1152 1177/326/1177 1178/327/1178 1153/302/1153 
f 1152/301/1152 1151/300/1151 1179/328/1179 
f 1180/329/1180 1181/330/1181 1182/331/1182 1168/317/1168 
f 1177/326/1177 1152/301/1152 1179/328/1179 1183/332/1183 
f 1177/326/1177 1163/312/1163 1166/315/1166 1178/327/1178 
f 1181/330/1181 1159/308/1159 1162/311/1162 1182/331/1182 
f 1153/302/1153 1180/329/1180 1184/333/1184 1154/303/1154 
f 1174/323/1174 1170/319/1170 1160/309/1160 1165/314/1165 
f 1158/307/1158 1171/320/1171 1170/319/1170 1174/323/1174 
f 1178/327/1178 1181/330/1181 1180/329/1180 1153/302/1153 
f 1166/315/1166 1159/308/1159 1181/330/1181 1178/327/1178 
f 1172/321/1172 1185/334/1185 1186/335/1186 1161/310/1161 
f 1187/336/1187 1163/312/1163 1177/326/1177 1183/332/1183 
f 1155/304/1155 1173/322/1173 1176/325/1176 
f 1187/336/1187 1188/337/1188 1189/338/1189 1175/324/1175 
f 1182/331/1182 1190/339/1190 1169/318/1169 1168/317/1168 
f 1179/328/1179 1191/340/1191 1192/341/1192 1183/332/1183 
f 1162/311/1162 1193/342/1193 1190/339/1190 1182/331/1182 
f 1188/337/1188 1187/336/1187 1183/332/1183 1192/341/1192 
f 1156/305/1156 1155/304/1155 1176/325/1176 1194/343/1194 
f 1195/344/1195 1171/320/1171 1158/307/1158 1157/306/1157 
f 1196/345/1196 1197/346/1197 1198/347/1198 1199/348/1199 
f 1200/349/1200 1201/350/1201 1157/306/1157 1156/305/1156 
f 1202/351/1202 1203/352/1203 1204/353/1204 1205/354/1205 
f 1206/355/1206 1207/356/1207 1208/357/1208 1209/358/1209 
f 1167/316/1167 1210/359/1210 1211/360/1211 
f 1212/361/1212 1213/362/1213 1214/363/1214 
f 1215/364/1215 1216/365/1216 1201/350/1201 1200/349/1200 
f 1215/364/1215 1217/366/1217 1218/367/1218 1209/358/1209 
f 1199/348/1199 1198/347/1198 1219/368/1219 1220/369/1220 
f 1199/348/1199 1221/370/1221 1196/345/1196 
f 1222/371/1222 1210/359/1210 1223/372/1223 1224/373/1224 
f 1220/369/1220 1225/374/1225 1221/370/1221 1199/348/1199 
f 1220/369/1220 1219/368/1219 1207/356/1207 1206/355/1206 
f 1224/373/1224 1223/372/1223 1203/352/1203 1202/351/1202 
f 1198/375/1198 1197/376/1197 1211/360/1211 1222/371/1222 
f 1216/377/1216 1208/378/1208 1205/354/1205 1212/361/1212 
f 1201/379/1201 1216/377/1216 1212/361/1212 1214/363/1214 
f 1219/380/1219 1198/375/1198 1222/371/1222 1224/373/1224 
f 1207/381/1207 1219/380/1219 1224/373/1224 1202/351/1202 
f 1213/362/1213 1204/353/1204 1186/335/1186 1185/334/1185 
f 1226/382/1226 1225/374/1225 1220/369/1220 1206/355/1206 
f 1200/349/1200 1217/366/1217 1215/364/1215 
f 1226/382/1226 1218/367/1218 1189/338/1189 1188/337/1188 
f 1223/372/1223 1210/359/1210 1169/318/1169 1190/339/1190 
f 1221/370/1221 1225/374/1225 1192/341/1192 1191/340/1191 
f 1203/352/1203 1223/372/1223 1190/339/1190 1193/342/1193 
f 1188/337/1188 1192/341/1192 1225/374/1225 1226/382/1226 
f 1156/305/1156 1194/343/1194 1217/366/1217 1200/349/1200 
f 1195/344/1195 1157/306/1157 1201/379/1201 1214/363/1214 
f 1171/320/1171 1195/344/1195 1185/334/1185 1172/321/1172 
f 1213/362/1213 1185/334/1185 1195/344/1195 1214/363/1214 
f 1184/333/1184 1180/329/1180 1168/317/1168 
f 1167/316/1167 1184/333/1184 1168/317/1168 
f 1210/359/1210 1222/371/1222 1211/360/1211 
f 1167/316/1167 1169/318/1169 1210/359/1210 
f 1151/300/1151 1227/383/1227 1191/340/1191 1179/328/1179 
f 1221/370/1221 1191/340/1191 1227/383/1227 1196/345/1196 
f 1160/309/1160 1170/319/1170 1172/321/1172 1161/310/1161 
f 1164/313/1164 1173/322/1173 1174/323/1174 1165/314/1165 
f 1164/313/1164 1163/312/1163 1187/336/1187 1175/324/1175 
f 1160/309/1160 1159/308/1159 1166/315/1166 1165/314/1165 
f 1186/335/1186 1193/342/1193 1162/311/1162 1161/310/1161 
f 1189/338/1189 1194/343/1194 1176/325/1176 1175/324/1175 
f 1204/353/1204 1213/362/1213 1212/361/1212 1205/354/1205 
f 1208/357/1208 1216/365/1216 1215/364/1215 1209/358/1209 
f 1218/367/1218 1226/382/1226 1206/355/1206 1209/358/1209 
f 1208/378/1208 1207/381/1207 1202/351/1202 1205/354/1205 
f 1204/353/1204 1203/352/1203 1193/342/1193 1186/335/1186 
f 1218/367/1218 1217/366/1217 1194/343/1194 1189/338/1189 
f 1228/384/1228 1229/385/1229 1230/386/1230 1231/387/1231 
f 1232/388/1232 1233/389/1233 1234/390/1234 1235/391/1235 
f 1236/392/1236 1237/393/1237 1238/394/1238 1239/395/1239 
f 1240/396/1240 1241/397/1241 1242/398/1242 1243/399/1243 
f 1244/400/1244 1245/401/1245 1246/402/1246 
f 1247/403/1247 1232/388/1232 1235/391/1235 1248/404/1248 
f 1247/403/1247 1241/397/1241 1249/405/1249 1250/406/1250 
f 1229/385/1229 1251/407/1251 1252/408/1252 1230/386/1230 
f 1229/385/1229 1228/384/1228 1253/409/1253 
f 1254/410/1254 1255/411/1255 1256/412/1256 1257/413/1257 
f 1251/407/1251 1229/385/1229 1253/409/1253 1258/414/1258 
f 1251/407/1251 1240/396/1240 1243/399/1243 1252/408/1252 
f 1255/411/1255 1236/392/1236 1239/395/1239 1256/412/1256 
f 1230/386/1230 1254/410/1254 1259/415/1259 1231/387/1231 
f 1248/404/1248 1244/400/1244 1237/393/1237 1242/398/1242 
f 1235/391/1235 1245/401/1245 1244/400/1244 1248/404/1248 
f 1252/408/1252 1255/411/1255 1254/410/1254 1230/386/1230 
f 1243/399/1243 1236/392/1236 1255/411/1255 1252/408/1252 
f 1246/402/1246 1260/416/1260 1261/417/1261 1238/394/1238 
f 1262/418/1262 1240/396/1240 1251/407/1251 1258/414/1258 
f 1232/388/1232 1247/403/1247 1250/406/1250 
f 1262/418/1262 1263/419/1263 1264/420/1264 1249/405/1249 
f 1256/412/1256 1265/421/1265 1266/422/1266 1257/413/1257 
f 1253/409/1253 1267/423/1267 1268/424/1268 1258/414/1258 
f 1239/395/1239 1269/425/1269 1265/421/1265 1256/412/1256 
f 1263/419/1263 1262/418/1262 1258/414/1258 1268/424/1268 
f 1270/426/1270 1257/413/1257 1266/422/1266 
f 1233/389/1233 1232/388/1232 1250/406/1250 1271/427/1271 
f 1272/428/1272 1245/401/1245 1235/391/1235 1234/390/1234 
f 1273/429/1273 1274/430/1274 1275/431/1275 1276/432/1276 
f 1277/433/1277 1278/434/1278 1234/390/1234 1233/389/1233 
f 1279/435/1279 1280/436/1280 1281/437/1281 1282/438/1282 
f 1283/439/1283 1284/440/1284 1285/441/1285 1286/442/1286 
f 1287/443/1287 1288/444/1288 1289/445/1289 
f 1290/446/1290 1291/447/1291 1278/434/1278 1277/433/1277 
f 1290/446/1290 1292/448/1292 1293/449/1293 1286/442/1286 
f 1276/432/1276 1275/431/1275 1294/450/1294 1295/451/1295 
f 1276/432/1276 1296/452/1296 1273/429/1273 
f 1297/453/1297 1298/454/1298 1299/455/1299 1300/456/1300 
f 1295/451/1295 1301/457/1301 1296/452/1296 1276/432/1276 
f 1295/451/1295 1294/450/1294 1284/440/1284 1283/439/1283 
f 1300/456/1300 1299/455/1299 1280/436/1280 1279/435/1279 
f 1275/458/1275 1274/459/1274 1302/460/1302 1297/453/1297 
f 1291/461/1291 1285/462/1285 1282/438/1282 1287/443/1287 
f 1278/463/1278 1291/461/1291 1287/443/1287 1289/445/1289 
f 1294/464/1294 1275/458/1275 1297/453/1297 1300/456/1300 
f 1284/465/1284 1294/464/1294 1300/456/1300 1279/435/1279 
f 1288/444/1288 1281/437/1281 1261/417/1261 1260/416/1260 
f 1303/466/1303 1301/457/1301 1295/451/1295 1283/439/1283 
f 1292/448/1292 1290/446/1290 1277/433/1277 
f 1303/466/1303 1293/449/1293 1264/420/1264 1263/419/1263 
f 1299/455/1299 1298/454/1298 1266/422/1266 1265/421/1265 
f 1296/452/1296 1301/457/1301 1268/424/1268 1267/423/1267 
f 1280/436/1280 1299/455/1299 1265/421/1265 1269/425/1269 
f 1263/419/1263 1268/424/1268 1301/457/1301 1303/466/1303 
f 1270/426/1270 1298/454/1298 1302/460/1302 
f 1233/389/1233 1271/427/1271 1292/448/1292 1277/433/1277 
f 1272/428/1272 1234/390/1234 1278/463/1278 1289/445/1289 
f 1245/401/1245 1272/428/1272 1260/416/1260 1246/402/1246 
f 1288/444/1288 1260/416/1260 1272/428/1272 1289/445/1289 
f 1270/426/1270 1259/415/1259 1257/413/1257 
f 1270/426/1270 1266/422/1266 1298/454/1298 
f 1298/454/1298 1297/453/1297 1302/460/1302 
f 1259/415/1259 1254/410/1254 1257/413/1257 
f 1237/393/1237 1244/400/1244 1246/402/1246 1238/394/1238 
f 1241/397/1241 1247/403/1247 1248/404/1248 1242/398/1242 
f 1241/397/1241 1240/396/1240 1262/418/1262 1249/405/1249 
f 1237/393/1237 1236/392/1236 1243/399/1243 1242/398/1242 
f 1261/417/1261 1269/425/1269 1239/395/1239 1238/394/1238 
f 1264/420/1264 1271/427/1271 1250/406/1250 1249/405/1249 
f 1281/437/1281 1288/444/1288 1287/443/1287 1282/438/1282 
f 1285/441/1285 1291/447/1291 1290/446/1290 1286/442/1286 
f 1293/449/1293 1303/466/1303 1283/439/1283 1286/442/1286 
f 1285/462/1285 1284/465/1284 1279/435/1279 1282/438/1282 
f 1281/437/1281 1280/436/1280 1269/425/1269 1261/417/1261 
f 1293/449/1293 1292/448/1292 1271/427/1271 1264/420/1264 
f 1228/384/1228 1304/467/1304 1253/409/1253 
f 1296/452/1296 1304/467/1304 1273/429/1273 
f 1304/467/1304 1267/423/1267 1253/409/1253 
f 1296/452/1296 1267/423/1267 1304/467/1304 
f 1305/384/1305 1306/385/1306 1307/386/1307 1308/387/1308 
f 1309/388/1309 1310/389/1310 1311/390/1311 1312/391/1312 
f 1313/392/1313 1314/393/1314 1315/394/1315 1316/395/1316 
f 1317/396/1317 1318/397/1318 1319/398/1319 1320/399/1320 
f 1321/400/1321 1322/401/1322 1323/402/1323 
f 1324/403/1324 1309/388/1309 1312/391/1312 1325/404/1325 
f 1324/403/1324 1318/397/1318 1326/405/1326 1327/406/1327 
f 1306/385/1306 1328/407/1328 1329/408/1329 1307/386/1307 
f 1306/385/1306 1305/384/1305 1330/409/1330 
f 1331/410/1331 1332/411/1332 1333/412/1333 1334/413/1334 
f 1328/407/1328 1306/385/1306 1330/409/1330 1335/414/1335 
f 1328/407/1328 1317/396/1317 1320/399/1320 1329/408/1329 
f 1332/411/1332 1313/392/1313 1316/395/1316 1333/412/1333 
f 1307/386/1307 1331/410/1331 1336/415/1336 1308/387/1308 
f 1325/404/1325 1321/400/1321 1314/393/1314 1319/398/1319 
f 1312/391/1312 1322/401/1322 1321/400/1321 1325/404/1325 
f 1329/408/1329 1332/411/1332 1331/410/1331 1307/386/1307 
f 1320/399/1320 1313/392/1313 1332/411/1332 1329/408/1329 
f 1323/402/1323 1337/416/1337 1338/417/1338 1315/394/1315 
f 1339/418/1339 1317/396/1317 1328/407/1328 1335/414/1335 
f 1309/388/1309 1324/403/1324 1327/406/1327 
f 1339/418/1339 1340/419/1340 1341/420/1341 1326/405/1326 
f 1333/412/1333 1342/421/1342 1343/422/1343 1334/413/1334 
f 1330/409/1330 1344/423/1344 1345/424/1345 1335/414/1335 
f 1316/395/1316 1346/425/1346 1342/421/1342 1333/412/1333 
f 1340/419/1340 1339/418/1339 1335/414/1335 1345/424/1345 
f 1347/426/1347 1334/413/1334 1343/422/1343 
f 1310/389/1310 1309/388/1309 1327/406/1327 1348/427/1348 
f 1349/428/1349 1322/401/1322 1312/391/1312 1311/390/1311 
f 1350/429/1350 1351/430/1351 1352/431/1352 1353/432/1353 
f 1354/433/1354 1355/434/1355 1311/390/1311 1310/389/1310 
f 1356/435/1356 1357/436/1357 1358/437/1358 1359/438/1359 
f 1360/439/1360 1361/440/1361 1362/441/1362 1363/442/1363 
f 1364/443/1364 1365/444/1365 1366/445/1366 
f 1367/446/1367 1368/447/1368 1355/434/1355 1354/433/1354 
f 1367/446/1367 1369/448/1369 1370/449/1370 1363/442/1363 
f 1353/432/1353 1352/431/1352 1371/450/1371 1372/451/1372 
f 1353/432/1353 1373/452/1373 1350/429/1350 
f 1374/453/1374 1375/454/1375 1376/455/1376 1377/456/1377 
f 1372/451/1372 1378/457/1378 1373/452/1373 1353/432/1353 
f 1372/451/1372 1371/450/1371 1361/440/1361 1360/439/1360 
f 1377/456/1377 1376/455/1376 1357/436/1357 1356/435/1356 
f 1352/458/1352 1351/459/1351 1379/460/1379 1374/453/1374 
f 1368/461/1368 1362/462/1362 1359/438/1359 1364/443/1364 
f 1355/463/1355 1368/461/1368 1364/443/1364 1366/445/1366 
f 1371/464/1371 1352/458/1352 1374/453/1374 1377/456/1377 
f 1361/465/1361 1371/464/1371 1377/456/1377 1356/435/1356 
f 1365/444/1365 1358/437/1358 1338/417/1338 1337/416/1337 
f 1380/466/1380 1378/457/1378 1372/451/1372 1360/439/1360 
f 1369/448/1369 1367/446/1367 1354/433/1354 
f 1380/466/1380 1370/449/1370 1341/420/1341 1340/419/1340 
f 1376/455/1376 1375/454/1375 1343/422/1343 1342/421/1342 
f 1373/452/1373 1378/457/1378 1345/424/1345 1344/423/1344 
f 1357/436/1357 1376/455/1376 1342/421/1342 1346/425/1346 
f 1340/419/1340 1345/424/1345 1378/457/1378 1380/466/1380 
f 1347/426/1347 1375/454/1375 1379/460/1379 
f 1310/389/1310 1348/427/1348 1369/448/1369 1354/433/1354 
f 1349/428/1349 1311/390/1311 1355/463/1355 1366/445/1366 
f 1322/401/1322 1349/428/1349 1337/416/1337 1323/402/1323 
f 1365/444/1365 1337/416/1337 1349/428/1349 1366/445/1366 
f 1347/426/1347 1336/415/1336 1334/413/1334 
f 1347/426/1347 1343/422/1343 1375/454/1375 
f 1375/454/1375 1374/453/1374 1379/460/1379 
f 1336/415/1336 1331/410/1331 1334/413/1334 
f 1314/393/1314 1321/400/1321 1323/402/1323 1315/394/1315 
f 1318/397/1318 1324/403/1324 1325/404/1325 1319/398/1319 
f 1318/397/1318 1317/396/1317 1339/418/1339 1326/405/1326 
f 1314/393/1314 1313/392/1313 1320/399/1320 1319/398/1319 
f 1338/417/1338 1346/425/1346 1316/395/1316 1315/394/1315 
f 1341/420/1341 1348/427/1348 1327/406/1327 1326/405/1326 
f 1358/437/1358 1365/444/1365 1364/443/1364 1359/438/1359 
f 1362/441/1362 1368/447/1368 1367/446/1367 1363/442/1363 
f 1370/449/1370 1380/466/1380 1360/439/1360 1363/442/1363 
f 1362/462/1362 1361/465/1361 1356/435/1356 1359/438/1359 
f 1358/437/1358 1357/436/1357 1346/425/1346 1338/417/1338 
f 1370/449/1370 1369/448/1369 1348/427/1348 1341/420/1341 
f 1305/384/1305 1381/467/1381 1330/409/1330 
f 1373/452/1373 1381/467/1381 1350/429/1350 
f 1381/467/1381 1344/423/1344 1330/409/1330 
f 1373/452/1373 1344/423/1344 1381/467/1381 
f 1382/384/1382 1383/385/1383 1384/386/1384 1385/387/1385 
f 1386/388/1386 1387/389/1387 1388/390/1388 1389/391/1389 
f 1390/392/1390 1391/393/1391 1392/394/1392 1393/395/1393 
f 1394/396/1394 1395/397/1395 1396/398/1396 1397/399/1397 
f 1398/400/1398 1399/401/1399 1400/402/1400 
f 1401/403/1401 1386/388/1386 1389/391/1389 1402/404/1402 
f 1401/403/1401 1395/397/1395 1403/405/1403 1404/406/1404 
f 1383/385/1383 1405/407/1405 1406/408/1406 1384/386/1384 
f 1383/385/1383 1382/384/1382 1407/409/1407 
f 1408/410/1408 1409/411/1409 1410/412/1410 1411/413/1411 
f 1405/407/1405 1383/385/1383 1407/409/1407 1412/414/1412 
f 1405/407/1405 1394/396/1394 1397/399/1397 1406/408/1406 
f 1409/411/1409 1390/392/1390 1393/395/1393 1410/412/1410 
f 1384/386/1384 1408/410/1408 1413/415/1413 1385/387/1385 
f 1402/404/1402 1398/400/1398 1391/393/1391 1396/398/1396 
f 1389/391/1389 1399/401/1399 1398/400/1398 1402/404/1402 
f 1406/408/1406 1409/411/1409 1408/410/1408 1384/386/1384 
f 1397/399/1397 1390/392/1390 1409/411/1409 1406/408/1406 
f 1400/402/1400 1414/416/1414 1415/417/1415 1392/394/1392 
f 1416/418/1416 1394/396/1394 1405/407/1405 1412/414/1412 
f 1386/388/1386 1401/403/1401 1404/406/1404 
f 1416/418/1416 1417/419/1417 1418/420/1418 1403/405/1403 
f 1410/412/1410 1419/421/1419 1420/422/1420 1411/413/1411 
f 1407/409/1407 1421/423/1421 1422/424/1422 1412/414/1412 
f 1393/395/1393 1423/425/1423 1419/421/1419 1410/412/1410 
f 1417/419/1417 1416/418/1416 1412/414/1412 1422/424/1422 
f 1424/426/1424 1411/413/1411 1420/422/1420 
f 1387/389/1387 1386/388/1386 1404/406/1404 1425/427/1425 
f 1426/428/1426 1399/401/1399 1389/391/1389 1388/390/1388 
f 1427/429/1427 1428/430/1428 1429/431/1429 1430/432/1430 
f 1431/433/1431 1432/434/1432 1388/390/1388 1387/389/1387 
f 1433/435/1433 1434/436/1434 1435/437/1435 1436/438/1436 
f 1437/439/1437 1438/440/1438 1439/441/1439 1440/442/1440 
f 1441/443/1441 1442/444/1442 1443/445/1443 
f 1444/446/1444 1445/447/1445 1432/434/1432 1431/433/1431 
f 1444/446/1444 1446/448/1446 1447/449/1447 1440/442/1440 
f 1430/432/1430 1429/431/1429 1448/450/1448 1449/451/1449 
f 1430/432/1430 1450/452/1450 1427/429/1427 
f 1451/453/1451 1452/454/1452 1453/455/1453 1454/456/1454 
f 1449/451/1449 1455/457/1455 1450/452/1450 1430/432/1430 
f 1449/451/1449 1448/450/1448 1438/440/1438 1437/439/1437 
f 1454/456/1454 1453/455/1453 1434/436/1434 1433/435/1433 
f 1429/458/1429 1428/459/1428 1456/460/1456 1451/453/1451 
f 1445/461/1445 1439/462/1439 1436/438/1436 1441/443/1441 
f 1432/463/1432 1445/461/1445 1441/443/1441 1443/445/1443 
f 1448/464/1448 1429/458/1429 1451/453/1451 1454/456/1454 
f 1438/465/1438 1448/464/1448 1454/456/1454 1433/435/1433 
f 1442/444/1442 1435/437/1435 1415/417/1415 1414/416/1414 
f 1457/466/1457 1455/457/1455 1449/451/1449 1437/439/1437 
f 1446/448/1446 1444/446/1444 1431/433/1431 
f 1457/466/1457 1447/449/1447 1418/420/1418 1417/419/1417 
f 1453/455/1453 1452/454/1452 1420/422/1420 1419/421/1419 
f 1450/452/1450 1455/457/1455 1422/424/1422 1421/423/1421 
f 1434/436/1434 1453/455/1453 1419/421/1419 1423/425/1423 
f 1417/419/1417 1422/424/1422 1455/457/1455 1457/466/1457 
f 1424/426/1424 1452/454/1452 1456/460/1456 
f 1387/389/1387 1425/427/1425 1446/448/1446 1431/433/1431 
f 1426/428/1426 1388/390/1388 1432/463/1432 1443/445/1443 
f 1399/401/1399 1426/428/1426 1414/416/1414 1400/402/1400 
f 1442/444/1442 1414/416/1414 1426/428/1426 1443/445/1443 
f 1424/426/1424 1413/415/1413 1411/413/1411 
f 1424/426/1424 1420/422/1420 1452/454/1452 
f 1452/454/1452 1451/453/1451 1456/460/1456 
f 1413/415/1413 1408/410/1408 1411/413/1411 
f 1391/393/1391 1398/400/1398 1400/402/1400 1392/394/1392 
f 1395/397/1395 1401/403/1401 1402/404/1402 1396/398/1396 
f 1395/397/1395 1394/396/1394 1416/418/1416 1403/405/1403 
f 1391/393/1391 1390/392/1390 1397/399/1397 1396/398/1396 
f 1415/417/1415 1423/425/1423 1393/395/1393 1392/394/1392 
f 1418/420/1418 1425/427/1425 1404/406/1404 1403/405/1403 
f 1435/437/1435 1442/444/1442 1441/443/1441 1436/438/1436 
f 1439/441/1439 1445/447/1445 1444/446/1444 1440/442/1440 
f 1447/449/1447 1457/466/1457 1437/439/1437 1440/442/1440 
f 1439/462/1439 1438/465/1438 1433/435/1433 1436/438/1436 
f 1435/437/1435 1434/436/1434 1423/425/1423 1415/417/1415 
f 1447/449/1447 1446/448/1446 1425/427/1425 1418/420/1418 
f 1382/384/1382 1458/467/1458 1407/409/1407 
f 1450/452/1450 1458/467/1458 1427/429/1427 
f 1458/467/1458 1421/423/1421 1407/409/1407 
f 1450/452/1450 1421/423/1421 1458/467/1458 
f 1459/384/1459 1460/385/1460 1461/386/1461 1462/387/1462 
f 1463/388/1463 1464/389/1464 1465/390/1465 1466/391/1466 
f 1467/392/1467 1468/393/1468 1469/394/1469 1470/395/1470 
f 1471/396/1471 1472/397/1472 1473/398/1473 1474/399/1474 
f 1475/400/1475 1476/401/1476 1477/402/1477 
f 1478/403/1478 1463/388/1463 1466/391/1466 1479/404/1479 
f 1478/403/1478 1472/397/1472 1480/405/1480 1481/406/1481 
f 1460/385/1460 1482/407/1482 1483/408/1483 1461/386/1461 
f 1460/385/1460 1459/384/1459 1484/409/1484 
f 1485/410/1485 1486/411/1486 1487/412/1487 1488/413/1488 
f 1482/407/1482 1460/385/1460 1484/409/1484 1489/414/1489 
f 1482/407/1482 1471/396/1471 1474/399/1474 1483/408/1483 
f 1486/411/1486 1467/392/1467 1470/395/1470 1487/412/1487 
f 1461/386/1461 1485/410/1485 1490/415/1490 1462/387/1462 
f 1479/404/1479 1475/400/1475 1468/393/1468 1473/398/1473 
f 1466/391/1466 1476/401/1476 1475/400/1475 1479/404/1479 
f 1483/408/1483 1486/411/1486 1485/410/1485 1461/386/1461 
f 1474/399/1474 1467/392/1467 1486/411/1486 1483/408/1483 
f 1477/402/1477 1491/416/1491 1492/417/1492 1469/394/1469 
f 1493/418/1493 1471/396/1471 1482/407/1482 1489/414/1489 
f 1463/388/1463 1478/403/1478 1481/406/1481 
f 1493/418/1493 1494/419/1494 1495/420/1495 1480/405/1480 
f 1487/412/1487 1496/421/1496 1497/422/1497 1488/413/1488 
f 1484/409/1484 1498/423/1498 1499/424/1499 1489/414/1489 
f 1470/395/1470 1500/425/1500 1496/421/1496 1487/412/1487 
f 1494/419/1494 1493/418/1493 1489/414/1489 1499/424/1499 
f 1501/426/1501 1488/413/1488 1497/422/1497 
f 1464/389/1464 1463/388/1463 1481/406/1481 1502/427/1502 
f 1503/428/1503 1476/401/1476 1466/391/1466 1465/390/1465 
f 1504/429/1504 1505/430/1505 1506/431/1506 1507/432/1507 
f 1508/433/1508 1509/434/1509 1465/390/1465 1464/389/1464 
f 1510/435/1510 1511/436/1511 1512/437/1512 1513/438/1513 
f 1514/439/1514 1515/440/1515 1516/441/1516 1517/442/1517 
f 1518/443/1518 1519/444/1519 1520/445/1520 
f 1521/446/1521 1522/447/1522 1509/434/1509 1508/433/1508 
f 1521/446/1521 1523/448/1523 1524/449/1524 1517/442/1517 
f 1507/432/1507 1506/431/1506 1525/450/1525 1526/451/1526 
f 1507/432/1507 1527/452/1527 1504/429/1504 
f 1528/453/1528 1529/454/1529 1530/455/1530 1531/456/1531 
f 1526/451/1526 1532/457/1532 1527/452/1527 1507/432/1507 
f 1526/451/1526 1525/450/1525 1515/440/1515 1514/439/1514 
f 1531/456/1531 1530/455/1530 1511/436/1511 1510/435/1510 
f 1506/458/1506 1505/459/1505 1533/460/1533 1528/453/1528 
f 1522/461/1522 1516/462/1516 1513/438/1513 1518/443/1518 
f 1509/463/1509 1522/461/1522 1518/443/1518 1520/445/1520 
f 1525/464/1525 1506/458/1506 1528/453/1528 1531/456/1531 
f 1515/465/1515 1525/464/1525 1531/456/1531 1510/435/1510 
f 1519/444/1519 1512/437/1512 1492/417/1492 1491/416/1491 
f 1534/466/1534 1532/457/1532 1526/451/1526 1514/439/1514 
f 1523/448/1523 1521/446/1521 1508/433/1508 
f 1534/466/1534 1524/449/1524 1495/420/1495 1494/419/1494 
f 1530/455/1530 1529/454/1529 1497/422/1497 1496/421/1496 
f 1527/452/1527 1532/457/1532 1499/424/1499 1498/423/1498 
f 1511/436/1511 1530/455/1530 1496/421/1496 1500/425/1500 
f 1494/419/1494 1499/424/1499 1532/457/1532 1534/466/1534 
f 1501/426/1501 1529/454/1529 1533/460/1533 
f 1464/389/1464 1502/427/1502 1523/448/1523 1508/433/1508 
f 1503/428/1503 1465/390/1465 1509/463/1509 1520/445/1520 
f 1476/401/1476 1503/428/1503 1491/416/1491 1477/402/1477 
f 1519/444/1519 1491/416/1491 1503/428/1503 1520/445/1520 
f 1501/426/1501 1490/415/1490 1488/413/1488 
f 1501/426/1501 1497/422/1497 1529/454/1529 
f 1529/454/1529 1528/453/1528 1533/460/1533 
f 1490/415/1490 1485/410/1485 1488/413/1488 
f 1468/393/1468 1475/400/1475 1477/402/1477 1469/394/1469 
f 1472/397/1472 1478/403/1478 1479/404/1479 1473/398/1473 
f 1472/397/1472 1471/396/1471 1493/418/1493 1480/405/1480 
f 1468/393/1468 1467/392/1467 1474/399/1474 1473/398/1473 
f 1492/417/1492 1500/425/1500 1470/395/1470 1469/394/1469 
f 1495/420/1495 1502/427/1502 1481/406/1481 1480/405/1480 
f 1512/437/1512 1519/444/1519 1518/443/1518 1513/438/1513 
f 1516/441/1516 1522/447/1522 1521/446/1521 1517/442/1517 
f 1524/449/1524 1534/466/1534 1514/439/1514 1517/442/1517 
f 1516/462/1516 1515/465/1515 1510/435/1510 1513/438/1513 
f 1512/437/1512 1511/436/1511 1500/425/1500 1492/417/1492 
f 1524/449/1524 1523/448/1523 1502/427/1502 1495/420/1495 
f 1459/384/1459 1535/467/1535 1484/409/1484 
f 1527/452/1527 1535/467/1535 1504/429/1504 
f 1535/467/1535 1498/423/1498 1484/409/1484 
f 1527/452/1527 1498/423/1498 1535/467/1535 
f 1536/384/1536 1537/385/1537 1538/386/1538 1539/387/1539 
f 1540/388/1540 1541/389/1541 1542/390/1542 1543/391/1543 
f 1544/392/1544 1545/393/1545 1546/394/1546 1547/395/1547 
f 1548/396/1548 1549/397/1549 1550/398/1550 1551/399/1551 
f 1552/400/1552 1553/401/1553 1554/402/1554 
f 1555/403/1555 1540/388/1540 1543/391/1543 1556/404/1556 
f 1555/403/1555 1549/397/1549 1557/405/1557 1558/406/1558 
f 1537/385/1537 1559/407/1559 1560/408/1560 1538/386/1538 
f 1537/385/1537 1536/384/1536 1561/409/1561 
f 1562/410/1562 1563/411/1563 1564/412/1564 1565/413/1565 
f 1559/407/1559 1537/385/1537 1561/409/1561 1566/414/1566 
f 1559/407/1559 1548/396/1548 1551/399/1551 1560/408/1560 
f 1563/411/1563 1544/392/1544 1547/395/1547 1564/412/1564 
f 1538/386/1538 1562/410/1562 1567/415/1567 1539/387/1539 
f 1556/404/1556 1552/400/1552 1545/393/1545 1550/398/1550 
f 1543/391/1543 1553/401/1553 1552/400/1552 1556/404/1556 
f 1560/408/1560 1563/411/1563 1562/410/1562 1538/386/1538 
f 1551/399/1551 1544/392/1544 1563/411/1563 1560/408/1560 
f 1554/402/1554 1568/416/1568 1569/417/1569 1546/394/1546 
f 1570/418/1570 1548/396/1548 1559/407/1559 1566/414/1566 
f 1540/388/1540 1555/403/1555 1558/406/1558 
f 1570/418/1570 1571/419/1571 1572/420/1572 1557/405/1557 
f 1564/412/1564 1573/421/1573 1574/422/1574 1565/413/1565 
f 1561/409/1561 1575/423/1575 1576/424/1576 1566/414/1566 
f 1547/395/1547 1577/425/1577 1573/421/1573 1564/412/1564 
f 1571/419/1571 1570/418/1570 1566/414/1566 1576/424/1576 
f 1578/426/1578 1565/413/1565 1574/422/1574 
f 1541/389/1541 1540/388/1540 1558/406/1558 1579/427/1579 
f 1580/428/1580 1553/401/1553 1543/391/1543 1542/390/1542 
f 1581/429/1581 1582/430/1582 1583/431/1583 1584/432/1584 
f 1585/433/1585 1586/434/1586 1542/390/1542 1541/389/1541 
f 1587/435/1587 1588/436/1588 1589/437/1589 1590/438/1590 
f 1591/439/1591 1592/440/1592 1593/441/1593 1594/442/1594 
f 1595/443/1595 1596/444/1596 1597/445/1597 
f 1598/446/1598 1599/447/1599 1586/434/1586 1585/433/1585 
f 1598/446/1598 1600/448/1600 1601/449/1601 1594/442/1594 
f 1584/432/1584 1583/431/1583 1602/450/1602 1603/451/1603 
f 1584/432/1584 1604/452/1604 1581/429/1581 
f 1605/453/1605 1606/454/1606 1607/455/1607 1608/456/1608 
f 1603/451/1603 1609/457/1609 1604/452/1604 1584/432/1584 
f 1603/451/1603 1602/450/1602 1592/440/1592 1591/439/1591 
f 1608/456/1608 1607/455/1607 1588/436/1588 1587/435/1587 
f 1583/458/1583 1582/459/1582 1610/460/1610 1605/453/1605 
f 1599/461/1599 1593/462/1593 1590/438/1590 1595/443/1595 
f 1586/463/1586 1599/461/1599 1595/443/1595 1597/445/1597 
f 1602/464/1602 1583/458/1583 1605/453/1605 1608/456/1608 
f 1592/465/1592 1602/464/1602 1608/456/1608 1587/435/1587 
f 1596/444/1596 1589/437/1589 1569/417/1569 1568/416/1568 
f 1611/466/1611 1609/457/1609 1603/451/1603 1591/439/1591 
f 1600/448/1600 1598/446/1598 1585/433/1585 
f 1611/466/1611 1601/449/1601 1572/420/1572 1571/419/1571 
f 1607/455/1607 1606/454/1606 1574/422/1574 1573/421/1573 
f 1604/452/1604 1609/457/1609 1576/424/1576 1575/423/1575 
f 1588/436/1588 1607/455/1607 1573/421/1573 1577/425/1577 
f 1571/419/1571 1576/424/1576 1609/457/1609 1611/466/1611 
f 1578/426/1578 1606/454/1606 1610/460/1610 
f 1541/389/1541 1579/427/1579 1600/448/1600 1585/433/1585 
f 1580/428/1580 1542/390/1542 1586/463/1586 1597/445/1597 
f 1553/401/1553 1580/428/1580 1568/416/1568 1554/402/1554 
f 1596/444/1596 1568/416/1568 1580/428/1580 1597/445/1597 
f 1578/426/1578 1567/415/1567 1565/413/1565 
f 1578/426/1578 1574/422/1574 1606/454/1606 
f 1606/454/1606 1605/453/1605 1610/460/1610 
f 1567/415/1567 1562/410/1562 1565/413/1565 
f 1545/393/1545 1552/400/1552 1554/402/1554 1546/394/1546 
f 1549/397/1549 1555/403/1555 1556/404/1556 1550/398/1550 
f 1549/397/1549 1548/396/1548 1570/418/1570 1557/405/1557 
f 1545/393/1545 1544/392/1544 1551/399/1551 1550/398/1550 
f 1569/417/1569 1577/425/1577 1547/395/1547 1546/394/1546 
f 1572/420/1572 1579/427/1579 1558/406/1558 1557/405/1557 
f 1589/437/1589 1596/444/1596 1595/443/1595 1590/438/1590 
f 1593/441/1593 1599/447/1599 1598/446/1598 1594/442/1594 
f 1601/449/1601 1611/466/1611 1591/439/1591 1594/442/1594 
f 1593/462/1593 1592/465/1592 1587/435/1587 1590/438/1590 
f 1589/437/1589 1588/436/1588 1577/425/1577 1569/417/1569 
f 1601/449/1601 1600/448/1600 1579/427/1579 1572/420/1572 
f 1536/384/1536 1612/467/1612 1561/409/1561 
f 1604/452/1604 1612/467/1612 1581/429/1581 
f 1612/467/1612 1575/423/1575 1561/409/1561 
f 1604/452/1604 1575/423/1575 1612/467/1612 
f 1613/384/1613 1614/385/1614 1615/386/1615 1616/387/1616 
f 1617/388/1617 1618/389/1618 1619/390/1619 1620/391/1620 
f 1621/392/1621 1622/393/1622 1623/394/1623 1624/395/1624 
f 1625/396/1625 1626/397/1626 1627/398/1627 1628/399/1628 
f 1629/400/1629 1630/401/1630 1631/402/1631 
f 1632/403/1632 1617/388/1617 1620/391/1620 1633/404/1633 
f 1632/403/1632 1626/397/1626 1634/405/1634 1635/406/1635 
f 1614/385/1614 1636/407/1636 1637/408/1637 1615/386/1615 
f 1614/385/1614 1613/384/1613 1638/409/1638 
f 1639/410/1639 1640/411/1640 1641/412/1641 1642/413/1642 
f 1636/407/1636 1614/385/1614 1638/409/1638 1643/414/1643 
f 1636/407/1636 1625/396/1625 1628/399/1628 1637/408/1637 
f 1640/411/1640 1621/392/1621 1624/395/1624 1641/412/1641 
f 1615/386/1615 1639/410/1639 1644/415/1644 1616/387/1616 
f 1633/404/1633 1629/400/1629 1622/393/1622 1627/398/1627 
f 1620/391/1620 1630/401/1630 1629/400/1629 1633/404/1633 
f 1637/408/1637 1640/411/1640 1639/410/1639 1615/386/1615 
f 1628/399/1628 1621/392/1621 1640/411/1640 1637/408/1637 
f 1631/402/1631 1645/416/1645 1646/417/1646 1623/394/1623 
f 1647/418/1647 1625/396/1625 1636/407/1636 1643/414/1643 
f 1617/388/1617 1632/403/1632 1635/406/1635 
f 1647/418/1647 1648/419/1648 1649/420/1649 1634/405/1634 
f 1641/412/1641 1650/421/1650 1651/422/1651 1642/413/1642 
f 1638/409/1638 1652/423/1652 1653/424/1653 1643/414/1643 
f 1624/395/1624 1654/425/1654 1650/421/1650 1641/412/1641 
f 1648/419/1648 1647/418/1647 1643/414/1643 1653/424/1653 
f 1655/426/1655 1642/413/1642 1651/422/1651 
f 1618/389/1618 1617/388/1617 1635/406/1635 1656/427/1656 
f 1657/428/1657 1630/401/1630 1620/391/1620 1619/390/1619 
f 1658/429/1658 1659/430/1659 1660/431/1660 1661/432/1661 
f 1662/433/1662 1663/434/1663 1619/390/1619 1618/389/1618 
f 1664/435/1664 1665/436/1665 1666/437/1666 1667/438/1667 
f 1668/439/1668 1669/440/1669 1670/441/1670 1671/442/1671 
f 1672/443/1672 1673/444/1673 1674/445/1674 
f 1675/446/1675 1676/447/1676 1663/434/1663 1662/433/1662 
f 1675/446/1675 1677/448/1677 1678/449/1678 1671/442/1671 
f 1661/432/1661 1660/431/1660 1679/450/1679 1680/451/1680 
f 1661/432/1661 1681/452/1681 1658/429/1658 
f 1682/453/1682 1683/454/1683 1684/455/1684 1685/456/1685 
f 1680/451/1680 1686/457/1686 1681/452/1681 1661/432/1661 
f 1680/451/1680 1679/450/1679 1669/440/1669 1668/439/1668 
f 1685/456/1685 1684/455/1684 1665/436/1665 1664/435/1664 
f 1660/458/1660 1659/459/1659 1687/460/1687 1682/453/1682 
f 1676/461/1676 1670/462/1670 1667/438/1667 1672/443/1672 
f 1663/463/1663 1676/461/1676 1672/443/1672 1674/445/1674 
f 1679/464/1679 1660/458/1660 1682/453/1682 1685/456/1685 
f 1669/465/1669 1679/464/1679 1685/456/1685 1664/435/1664 
f 1673/444/1673 1666/437/1666 1646/417/1646 1645/416/1645 
f 1688/466/1688 1686/457/1686 1680/451/1680 1668/439/1668 
f 1677/448/1677 1675/446/1675 1662/433/1662 
f 1688/466/1688 1678/449/1678 1649/420/1649 1648/419/1648 
f 1684/455/1684 1683/454/1683 1651/422/1651 1650/421/1650 
f 1681/452/1681 1686/457/1686 1653/424/1653 1652/423/1652 
f 1665/436/1665 1684/455/1684 1650/421/1650 1654/425/1654 
f 1648/419/1648 1653/424/1653 1686/457/1686 1688/466/1688 
f 1655/426/1655 1683/454/1683 1687/460/1687 
f 1618/389/1618 1656/427/1656 1677/448/1677 1662/433/1662 
f 1657/428/1657 1619/390/1619 1663/463/1663 1674/445/1674 
f 1630/401/1630 1657/428/1657 1645/416/1645 1631/402/1631 
f 1673/444/1673 1645/416/1645 1657/428/1657 1674/445/1674 
f 1655/426/1655 1644/415/1644 1642/413/1642 
f 1655/426/1655 1651/422/1651 1683/454/1683 
f 1683/454/1683 1682/453/1682 1687/460/1687 
f 1644/415/1644 1639/410/1639 1642/413/1642 
f 1622/393/1622 1629/400/1629 1631/402/1631 1623/394/1623 
f 1626/397/1626 1632/403/1632 1633/404/1633 1627/398/1627 
f 1626/397/1626 1625/396/1625 1647/418/1647 1634/405/1634 
f 1622/393/1622 1621/392/1621 1628/399/1628 1627/398/1627 
f 1646/417/1646 1654/425/1654 1624/395/1624 1623/394/1623 
f 1649/420/1649 1656/427/1656 1635/406/1635 1634/405/1634 
f 1666/437/1666 1673/444/1673 1672/443/1672 1667/438/1667 
f 1670/441/1670 1676/447/1676 1675/446/1675 1671/442/1671 
f 1678/449/1678 1688/466/1688 1668/439/1668 1671/442/1671 
f 1670/462/1670 1669/465/1669 1664/435/1664 1667/438/1667 
f 1666/437/1666 1665/436/1665 1654/425/1654 1646/417/1646 
f 1678/449/1678 1677/448/1677 1656/427/1656 1649/420/1649 
f 1613/384/1613 1689/467/1689 1638/409/1638 
f 1681/452/1681 1689/467/1689 1658/429/1658 
f 1689/467/1689 1652/423/1652 1638/409/1638 
f 1681/452/1681 1652/423/1652 1689/467/1689 
f 1690/468/1690 1691/469/1691 1692/470/1692 1693/471/1693 
f 1694/472/1694 1695/473/1695 1696/474/1696 1697/475/1697 
f 1698/476/1698 1699/477/1699 1700/478/1700 1701/479/1701 
f 1702/480/1702 1703/481/1703 1704/482/1704 1705/483/1705 
f 1706/484/1706 1707/485/1707 1708/486/1708 
f 1709/487/1709 1710/488/1710 1711/489/1711 
f 1701/479/1701 1712/490/1712 1705/483/1705 1698/476/1698 
f 1693/471/1693 1692/470/1692 1713/491/1713 1714/492/1714 
f 1693/471/1693 1715/493/1715 1690/468/1690 
f 1716/494/1716 1707/485/1707 1717/495/1717 1718/496/1718 
f 1714/492/1714 1704/482/1704 1715/493/1715 1693/471/1693 
f 1714/492/1714 1713/491/1713 1699/477/1699 1698/476/1698 
f 1718/496/1718 1717/495/1717 1695/473/1695 1694/472/1694 
f 1692/497/1692 1691/498/1691 1708/486/1708 1716/494/1716 
f 1700/499/1700 1699/500/1699 1694/472/1694 1697/475/1697 
f 1710/488/1710 1709/501/1709 1719/502/1719 1720/503/1720 
f 1713/504/1713 1692/497/1692 1716/494/1716 1718/496/1718 
f 1699/500/1699 1713/504/1713 1718/496/1718 1694/472/1694 
f 1696/474/1696 1695/473/1695 1721/505/1721 1722/506/1722 
f 1705/483/1705 1704/482/1704 1714/492/1714 1698/476/1698 
f 1705/483/1705 1712/490/1712 1723/507/1723 1702/480/1702 
f 1717/495/1717 1707/485/1707 1724/508/1724 1725/509/1725 
f 1715/493/1715 1704/482/1704 1703/481/1703 1726/510/1726 
f 1695/473/1695 1717/495/1717 1725/509/1725 1721/505/1721 
f 1723/507/1723 1727/511/1727 1711/489/1711 
f 1728/512/1728 1729/513/1729 1730/514/1730 1731/515/1731 
f 1732/516/1732 1733/517/1733 1734/518/1734 1735/519/1735 
f 1736/520/1736 1737/521/1737 1738/522/1738 1739/523/1739 
f 1702/480/1702 1740/524/1740 1741/525/1741 1703/481/1703 
f 1706/484/1706 1742/526/1742 1724/508/1724 
f 1711/489/1711 1710/488/1710 1743/527/1743 
f 1737/521/1737 1736/520/1736 1740/524/1740 1744/528/1744 
f 1729/513/1729 1745/529/1745 1746/530/1746 1730/514/1730 
f 1729/513/1729 1728/512/1728 1747/531/1747 
f 1748/532/1748 1749/533/1749 1750/534/1750 1742/526/1742 
f 1745/529/1745 1729/513/1729 1747/531/1747 1741/525/1741 
f 1745/529/1745 1736/520/1736 1739/523/1739 1746/530/1746 
f 1749/533/1749 1732/516/1732 1735/519/1735 1750/534/1750 
f 1730/514/1730 1748/532/1748 1751/535/1751 1731/515/1731 
f 1738/522/1738 1733/517/1733 1732/516/1732 1739/523/1739 
f 1710/488/1710 1720/503/1720 1752/536/1752 1743/527/1743 
f 1746/530/1746 1749/533/1749 1748/532/1748 1730/514/1730 
f 1739/523/1739 1732/516/1732 1749/533/1749 1746/530/1746 
f 1734/518/1734 1722/506/1722 1721/505/1721 1735/519/1735 
f 1740/524/1740 1736/520/1736 1745/529/1745 1741/525/1741 
f 1740/524/1740 1702/480/1702 1723/507/1723 1744/528/1744 
f 1750/534/1750 1725/509/1725 1724/508/1724 1742/526/1742 
f 1747/531/1747 1726/510/1726 1703/481/1703 1741/525/1741 
f 1735/519/1735 1721/505/1721 1725/509/1725 1750/534/1750 
f 1723/507/1723 1711/489/1711 1753/537/1753 
f 1707/485/1707 1716/494/1716 1708/486/1708 
f 1706/484/1706 1724/508/1724 1707/485/1707 
f 1751/535/1751 1748/532/1748 1742/526/1742 
f 1706/484/1706 1751/535/1751 1742/526/1742 
f 1727/511/1727 1709/487/1709 1711/489/1711 
f 1711/489/1711 1743/527/1743 1753/537/1753 
f 1715/493/1715 1726/510/1726 1754/538/1754 1690/468/1690 
f 1728/512/1728 1754/538/1754 1726/510/1726 1747/531/1747 
f 1727/511/1727 1723/507/1723 1712/490/1712 
f 1744/528/1744 1723/507/1723 1753/537/1753 
f 1697/475/1697 1696/474/1696 1720/503/1720 1719/502/1719 
f 1701/479/1701 1700/478/1700 1709/487/1709 
f 1700/499/1700 1697/475/1697 1719/502/1719 1709/501/1709 
f 1696/474/1696 1722/506/1722 1720/503/1720 
f 1734/518/1734 1733/517/1733 1752/536/1752 1720/503/1720 
f 1738/522/1738 1737/521/1737 1743/527/1743 
f 1733/517/1733 1738/522/1738 1743/527/1743 1752/536/1752 
f 1722/506/1722 1734/518/1734 1720/503/1720 
f 1709/487/1709 1727/511/1727 1712/490/1712 1701/479/1701 
f 1753/537/1753 1743/527/1743 1737/521/1737 1744/528/1744 
f 1755/468/1755 1756/469/1756 1757/470/1757 1758/471/1758 
f 1759/472/1759 1760/473/1760 1761/474/1761 1762/475/1762 
f 1763/476/1763 1764/477/1764 1765/478/1765 1766/479/1766 
f 1767/480/1767 1768/481/1768 1769/482/1769 1770/483/1770 
f 1771/484/1771 1772/485/1772 1773/486/1773 
f 1774/487/1774 1775/488/1775 1776/489/1776 
f 1766/479/1766 1777/490/1777 1770/483/1770 1763/476/1763 
f 1758/471/1758 1757/470/1757 1778/491/1778 1779/492/1779 
f 1758/471/1758 1780/493/1780 1755/468/1755 
f 1781/494/1781 1772/485/1772 1782/495/1782 1783/496/1783 
f 1779/492/1779 1769/482/1769 1780/493/1780 1758/471/1758 
f 1779/492/1779 1778/491/1778 1764/477/1764 1763/476/1763 
f 1783/496/1783 1782/495/1782 1760/473/1760 1759/472/1759 
f 1757/497/1757 1756/498/1756 1773/486/1773 1781/494/1781 
f 1765/499/1765 1764/500/1764 1759/472/1759 1762/475/1762 
f 1775/488/1775 1774/501/1774 1784/502/1784 1785/503/1785 
f 1778/504/1778 1757/497/1757 1781/494/1781 1783/496/1783 
f 1764/500/1764 1778/504/1778 1783/496/1783 1759/472/1759 
f 1761/474/1761 1760/473/1760 1786/505/1786 1787/506/1787 
f 1770/483/1770 1769/482/1769 1779/492/1779 1763/476/1763 
f 1770/483/1770 1777/490/1777 1788/507/1788 1767/480/1767 
f 1782/495/1782 1772/485/1772 1789/508/1789 1790/509/1790 
f 1780/493/1780 1769/482/1769 1768/481/1768 1791/510/1791 
f 1760/473/1760 1782/495/1782 1790/509/1790 1786/505/1786 
f 1788/507/1788 1792/511/1792 1776/489/1776 
f 1793/512/1793 1794/513/1794 1795/514/1795 1796/515/1796 
f 1797/516/1797 1798/517/1798 1799/518/1799 1800/519/1800 
f 1801/520/1801 1802/521/1802 1803/522/1803 1804/523/1804 
f 1767/480/1767 1805/524/1805 1806/525/1806 1768/481/1768 
f 1771/484/1771 1807/526/1807 1789/508/1789 
f 1776/489/1776 1775/488/1775 1808/527/1808 
f 1802/521/1802 1801/520/1801 1805/524/1805 1809/528/1809 
f 1794/513/1794 1810/529/1810 1811/530/1811 1795/514/1795 
f 1794/513/1794 1793/512/1793 1812/531/1812 
f 1813/532/1813 1814/533/1814 1815/534/1815 1807/526/1807 
f 1810/529/1810 1794/513/1794 1812/531/1812 1806/525/1806 
f 1810/529/1810 1801/520/1801 1804/523/1804 1811/530/1811 
f 1814/533/1814 1797/516/1797 1800/519/1800 1815/534/1815 
f 1795/514/1795 1813/532/1813 1816/535/1816 1796/515/1796 
f 1803/522/1803 1798/517/1798 1797/516/1797 1804/523/1804 
f 1775/488/1775 1785/503/1785 1817/536/1817 1808/527/1808 
f 1811/530/1811 1814/533/1814 1813/532/1813 1795/514/1795 
f 1804/523/1804 1797/516/1797 1814/533/1814 1811/530/1811 
f 1799/518/1799 1787/506/1787 1786/505/1786 1800/519/1800 
f 1805/524/1805 1801/520/1801 1810/529/1810 1806/525/1806 
f 1805/524/1805 1767/480/1767 1788/507/1788 1809/528/1809 
f 1815/534/1815 1790/509/1790 1789/508/1789 1807/526/1807 
f 1812/531/1812 1791/510/1791 1768/481/1768 1806/525/1806 
f 1800/519/1800 1786/505/1786 1790/509/1790 1815/534/1815 
f 1788/507/1788 1776/489/1776 1818/537/1818 
f 1772/485/1772 1781/494/1781 1773/486/1773 
f 1771/484/1771 1789/508/1789 1772/485/1772 
f 1816/535/1816 1813/532/1813 1807/526/1807 
f 1771/484/1771 1816/535/1816 1807/526/1807 
f 1792/511/1792 1774/487/1774 1776/489/1776 
f 1776/489/1776 1808/527/1808 1818/537/1818 
f 1780/493/1780 1791/510/1791 1819/538/1819 1755/468/1755 
f 1793/512/1793 1819/538/1819 1791/510/1791 1812/531/1812 
f 1792/511/1792 1788/507/1788 1777/490/1777 
f 1809/528/1809 1788/507/1788 1818/537/1818 
f 1762/475/1762 1761/474/1761 1785/503/1785 1784/502/1784 
f 1766/479/1766 1765/478/1765 1774/487/1774 
f 1765/499/1765 1762/475/1762 1784/502/1784 1774/501/1774 
f 1761/474/1761 1787/506/1787 1785/503/1785 
f 1799/518/1799 1798/517/1798 1817/536/1817 1785/503/1785 
f 1803/522/1803 1802/521/1802 1808/527/1808 
f 1798/517/1798 1803/522/1803 1808/527/1808 1817/536/1817 
f 1787/506/1787 1799/518/1799 1785/503/1785 
f 1774/487/1774 1792/511/1792 1777/490/1777 1766/479/1766 
f 1818/537/1818 1808/527/1808 1802/521/1802 1809/528/1809 
f 1820/468/1820 1821/469/1821 1822/470/1822 1823/471/1823 
f 1824/472/1824 1825/473/1825 1826/474/1826 1827/475/1827 
f 1828/476/1828 1829/477/1829 1830/478/1830 1831/479/1831 
f 1832/480/1832 1833/481/1833 1834/482/1834 1835/483/1835 
f 1836/484/1836 1837/485/1837 1838/486/1838 
f 1839/487/1839 1840/488/1840 1841/489/1841 
f 1831/479/1831 1842/490/1842 1835/483/1835 1828/476/1828 
f 1823/471/1823 1822/470/1822 1843/491/1843 1844/492/1844 
f 1823/471/1823 1845/493/1845 1820/468/1820 
f 1846/494/1846 1837/485/1837 1847/495/1847 1848/496/1848 
f 1844/492/1844 1834/482/1834 1845/493/1845 1823/471/1823 
f 1844/492/1844 1843/491/1843 1829/477/1829 1828/476/1828 
f 1848/496/1848 1847/495/1847 1825/473/1825 1824/472/1824 
f 1822/497/1822 1821/498/1821 1838/486/1838 1846/494/1846 
f 1830/499/1830 1829/500/1829 1824/472/1824 1827/475/1827 
f 1840/488/1840 1839/501/1839 1849/502/1849 1850/503/1850 
f 1843/504/1843 1822/497/1822 1846/494/1846 1848/496/1848 
f 1829/500/1829 1843/504/1843 1848/496/1848 1824/472/1824 
f 1826/474/1826 1825/473/1825 1851/505/1851 1852/506/1852 
f 1835/483/1835 1834/482/1834 1844/492/1844 1828/476/1828 
f 1835/483/1835 1842/490/1842 1853/507/1853 1832/480/1832 
f 1847/495/1847 1837/485/1837 1854/508/1854 1855/509/1855 
f 1845/493/1845 1834/482/1834 1833/481/1833 1856/510/1856 
f 1825/473/1825 1847/495/1847 1855/509/1855 1851/505/1851 
f 1853/507/1853 1857/511/1857 1841/489/1841 
f 1858/512/1858 1859/513/1859 1860/514/1860 1861/515/1861 
f 1862/516/1862 1863/517/1863 1864/518/1864 1865/519/1865 
f 1866/520/1866 1867/521/1867 1868/522/1868 1869/523/1869 
f 1832/480/1832 1870/524/1870 1871/525/1871 1833/481/1833 
f 1836/484/1836 1872/526/1872 1854/508/1854 
f 1841/489/1841 1840/488/1840 1873/527/1873 
f 1867/521/1867 1866/520/1866 1870/524/1870 1874/528/1874 
f 1859/513/1859 1875/529/1875 1876/530/1876 1860/514/1860 
f 1859/513/1859 1858/512/1858 1877/531/1877 
f 1878/532/1878 1879/533/1879 1880/534/1880 1872/526/1872 
f 1875/529/1875 1859/513/1859 1877/531/1877 1871/525/1871 
f 1875/529/1875 1866/520/1866 1869/523/1869 1876/530/1876 
f 1879/533/1879 1862/516/1862 1865/519/1865 1880/534/1880 
f 1860/514/1860 1878/532/1878 1881/535/1881 1861/515/1861 
f 1868/522/1868 1863/517/1863 1862/516/1862 1869/523/1869 
f 1840/488/1840 1850/503/1850 1882/536/1882 1873/527/1873 
f 1876/530/1876 1879/533/1879 1878/532/1878 1860/514/1860 
f 1869/523/1869 1862/516/1862 1879/533/1879 1876/530/1876 
f 1864/518/1864 1852/506/1852 1851/505/1851 1865/519/1865 
f 1870/524/1870 1866/520/1866 1875/529/1875 1871/525/1871 
f 1870/524/1870 1832/480/1832 1853/507/1853 1874/528/1874 
f 1880/534/1880 1855/509/1855 1854/508/1854 1872/526/1872 
f 1877/531/1877 1856/510/1856 1833/481/1833 1871/525/1871 
f 1865/519/1865 1851/505/1851 1855/509/1855 1880/534/1880 
f 1853/507/1853 1841/489/1841 1883/537/1883 
f 1837/485/1837 1846/494/1846 1838/486/1838 
f 1836/484/1836 1854/508/1854 1837/485/1837 
f 1881/535/1881 1878/532/1878 1872/526/1872 
f 1836/484/1836 1881/535/1881 1872/526/1872 
f 1857/511/1857 1839/487/1839 1841/489/1841 
f 1841/489/1841 1873/527/1873 1883/537/1883 
f 1845/493/1845 1856/510/1856 1884/538/1884 1820/468/1820 
f 1858/512/1858 1884/538/1884 1856/510/1856 1877/531/1877 
f 1857/511/1857 1853/507/1853 1842/490/1842 
f 1874/528/1874 1853/507/1853 1883/537/1883 
f 1827/475/1827 1826/474/1826 1850/503/1850 1849/502/1849 
f 1831/479/1831 1830/478/1830 1839/487/1839 
f 1830/499/1830 1827/475/1827 1849/502/1849 1839/501/1839 
f 1826/474/1826 1852/506/1852 1850/503/1850 
f 1864/518/1864 1863/517/1863 1882/536/1882 1850/503/1850 
f 1868/522/1868 1867/521/1867 1873/527/1873 
f 1863/517/1863 1868/522/1868 1873/527/1873 1882/536/1882 
f 1852/506/1852 1864/518/1864 1850/503/1850 
f 1839/487/1839 1857/511/1857 1842/490/1842 1831/479/1831 
f 1883/537/1883 1873/527/1873 1867/521/1867 1874/528/1874 
f 1885/468/1885 1886/469/1886 1887/470/1887 1888/471/1888 
f 1889/472/1889 1890/473/1890 1891/474/1891 1892/475/1892 
f 1893/476/1893 1894/477/1894 1895/478/1895 1896/479/1896 
f 1897/480/1897 1898/481/1898 1899/482/1899 1900/483/1900 
f 1901/484/1901 1902/485/1902 1903/486/1903 
f 1904/487/1904 1905/488/1905 1906/489/1906 
f 1896/479/1896 1907/490/1907 1900/483/1900 1893/476/1893 
f 1888/471/1888 1887/470/1887 1908/491/1908 1909/492/1909 
f 1888/471/1888 1910/493/1910 1885/468/1885 
f 1911/494/1911 1902/485/1902 1912/495/1912 1913/496/1913 
f 1909/492/1909 1899/482/1899 1910/493/1910 1888/471/1888 
f 1909/492/1909 1908/491/1908 1894/477/1894 1893/476/1893 
f 1913/496/1913 1912/495/1912 1890/473/1890 1889/472/1889 
f 1887/497/1887 1886/498/1886 1903/486/1903 1911/494/1911 
f 1895/499/1895 1894/500/1894 1889/472/1889 1892/475/1892 
f 1905/488/1905 1904/501/1904 1914/502/1914 1915/503/1915 
f 1908/504/1908 1887/497/1887 1911/494/1911 1913/496/1913 
f 1894/500/1894 1908/504/1908 1913/496/1913 1889/472/1889 
f 1891/474/1891 1890/473/1890 1916/505/1916 1917/506/1917 
f 1900/483/1900 1899/482/1899 1909/492/1909 1893/476/1893 
f 1900/483/1900 1907/490/1907 1918/507/1918 1897/480/1897 
f 1912/495/1912 1902/485/1902 1919/508/1919 1920/509/1920 
f 1910/493/1910 1899/482/1899 1898/481/1898 1921/510/1921 
f 1890/473/1890 1912/495/1912 1920/509/1920 1916/505/1916 
f 1918/507/1918 1922/511/1922 1906/489/1906 
f 1923/512/1923 1924/513/1924 1925/514/1925 1926/515/1926 
f 1927/516/1927 1928/517/1928 1929/518/1929 1930/519/1930 
f 1931/520/1931 1932/521/1932 1933/522/1933 1934/523/1934 
f 1897/480/1897 1935/524/1935 1936/525/1936 1898/481/1898 
f 1901/484/1901 1937/526/1937 1919/508/1919 
f 1906/489/1906 1905/488/1905 1938/527/1938 
f 1932/521/1932 1931/520/1931 1935/524/1935 1939/528/1939 
f 1924/513/1924 1940/529/1940 1941/530/1941 1925/514/1925 
f 1924/513/1924 1923/512/1923 1942/531/1942 
f 1943/532/1943 1944/533/1944 1945/534/1945 1937/526/1937 
f 1940/529/1940 1924/513/1924 1942/531/1942 1936/525/1936 
f 1940/529/1940 1931/520/1931 1934/523/1934 1941/530/1941 
f 1944/533/1944 1927/516/1927 1930/519/1930 1945/534/1945 
f 1925/514/1925 1943/532/1943 1946/535/1946 1926/515/1926 
f 1933/522/1933 1928/517/1928 1927/516/1927 1934/523/1934 
f 1905/488/1905 1915/503/1915 1947/536/1947 1938/527/1938 
f 1941/530/1941 1944/533/1944 1943/532/1943 1925/514/1925 
f 1934/523/1934 1927/516/1927 1944/533/1944 1941/530/1941 
f 1929/518/1929 1917/506/1917 1916/505/1916 1930/519/1930 
f 1935/524/1935 1931/520/1931 1940/529/1940 1936/525/1936 
f 1935/524/1935 1897/480/1897 1918/507/1918 1939/528/1939 
f 1945/534/1945 1920/509/1920 1919/508/1919 1937/526/1937 
f 1942/531/1942 1921/510/1921 1898/481/1898 1936/525/1936 
f 1930/519/1930 1916/505/1916 1920/509/1920 1945/534/1945 
f 1918/507/1918 1906/489/1906 1948/537/1948 
f 1902/485/1902 1911/494/1911 1903/486/1903 
f 1901/484/1901 1919/508/1919 1902/485/1902 
f 1946/535/1946 1943/532/1943 1937/526/1937 
f 1901/484/1901 1946/535/1946 1937/526/1937 
f 1922/511/1922 1904/487/1904 1906/489/1906 
f 1906/489/1906 1938/527/1938 1948/537/1948 
f 1910/493/1910 1921/510/1921 1949/538/1949 1885/468/1885 
f 1923/512/1923 1949/538/1949 1921/510/1921 1942/531/1942 
f 1922/511/1922 1918/507/1918 1907/490/1907 
f 1939/528/1939 1918/507/1918 1948/537/1948 
f 1892/475/1892 1891/474/1891 1915/503/1915 1914/502/1914 
f 1896/479/1896 1895/478/1895 1904/487/1904 
f 1895/499/1895 1892/475/1892 1914/502/1914 1904/501/1904 
f 1891/474/1891 1917/506/1917 1915/503/1915 
f 1929/518/1929 1928/517/1928 1947/536/1947 1915/503/1915 
f 1933/522/1933 1932/521/1932 1938/527/1938 
f 1928/517/1928 1933/522/1933 1938/527/1938 1947/536/1947 
f 1917/506/1917 1929/518/1929 1915/503/1915 
f 1904/487/1904 1922/511/1922 1907/490/1907 1896/479/1896 
f 1948/537/1948 1938/527/1938 1932/521/1932 1939/528/1939 
f 1950/468/1950 1951/469/1951 1952/470/1952 1953/471/1953 
f 1954/472/1954 1955/473/1955 1956/474/1956 1957/475/1957 
f 1958/476/1958 1959/477/1959 1960/478/1960 1961/479/1961 
f 1962/480/1962 1963/481/1963 1964/482/1964 1965/483/1965 
f 1966/484/1966 1967/485/1967 1968/486/1968 
f 1969/487/1969 1970/488/1970 1971/489/1971 
f 1961/479/1961 1972/490/1972 1965/483/1965 1958/476/1958 
f 1953/471/1953 1952/470/1952 1973/491/1973 1974/492/1974 
f 1953/471/1953 1975/493/1975 1950/468/1950 
f 1976/494/1976 1967/485/1967 1977/495/1977 1978/496/1978 
f 1974/492/1974 1964/482/1964 1975/493/1975 1953/471/1953 
f 1974/492/1974 1973/491/1973 1959/477/1959 1958/476/1958 
f 1978/496/1978 1977/495/1977 1955/473/1955 1954/472/1954 
f 1952/497/1952 1951/498/1951 1968/486/1968 1976/494/1976 
f 1960/499/1960 1959/500/1959 1954/472/1954 1957/475/1957 
f 1970/488/1970 1969/501/1969 1979/502/1979 1980/503/1980 
f 1973/504/1973 1952/497/1952 1976/494/1976 1978/496/1978 
f 1959/500/1959 1973/504/1973 1978/496/1978 1954/472/1954 
f 1956/474/1956 1955/473/1955 1981/505/1981 1982/506/1982 
f 1965/483/1965 1964/482/1964 1974/492/1974 1958/476/1958 
f 1965/483/1965 1972/490/1972 1983/507/1983 1962/480/1962 
f 1977/495/1977 1967/485/1967 1984/508/1984 1985/509/1985 
f 1975/493/1975 1964/482/1964 1963/481/1963 1986/510/1986 
f 1955/473/1955 1977/495/1977 1985/509/1985 1981/505/1981 
f 1983/507/1983 1987/511/1987 1971/489/1971 
f 1988/512/1988 1989/513/1989 1990/514/1990 1991/515/1991 
f 1992/516/1992 1993/517/1993 1994/518/1994 1995/519/1995 
f 1996/520/1996 1997/521/1997 1998/522/1998 1999/523/1999 
f 1962/480/1962 2000/524/2000 2001/525/2001 1963/481/1963 
f 1966/484/1966 2002/526/2002 1984/508/1984 
f 1971/489/1971 1970/488/1970 2003/527/2003 
f 1997/521/1997 1996/520/1996 2000/524/2000 2004/528/2004 
f 1989/513/1989 2005/529/2005 2006/530/2006 1990/514/1990 
f 1989/513/1989 1988/512/1988 2007/531/2007 
f 2008/532/2008 2009/533/2009 2010/534/2010 2002/526/2002 
f 2005/529/2005 1989/513/1989 2007/531/2007 2001/525/2001 
f 2005/529/2005 1996/520/1996 1999/523/1999 2006/530/2006 
f 2009/533/2009 1992/516/1992 1995/519/1995 2010/534/2010 
f 1990/514/1990 2008/532/2008 2011/535/2011 1991/515/1991 
f 1998/522/1998 1993/517/1993 1992/516/1992 1999/523/1999 
f 1970/488/1970 1980/503/1980 2012/536/2012 2003/527/2003 
f 2006/530/2006 2009/533/2009 2008/532/2008 1990/514/1990 
f 1999/523/1999 1992/516/1992 2009/533/2009 2006/530/2006 
f 1994/518/1994 1982/506/1982 1981/505/1981 1995/519/1995 
f 2000/524/2000 1996/520/1996 2005/529/2005 2001/525/2001 
f 2000/524/2000 1962/480/1962 1983/507/1983 2004/528/2004 
f 2010/534/2010 1985/509/1985 1984/508/1984 2002/526/2002 
f 2007/531/2007 1986/510/1986 1963/481/1963 2001/525/2001 
f 1995/519/1995 1981/505/1981 1985/509/1985 2010/534/2010 
f 1983/507/1983 1971/489/1971 2013/537/2013 
f 1967/485/1967 1976/494/1976 1968/486/1968 
f 1966/484/1966 1984/508/1984 1967/485/1967 
f 2011/535/2011 2008/532/2008 2002/526/2002 
f 1966/484/1966 2011/535/2011 2002/526/2002 
f 1987/511/1987 1969/487/1969 1971/489/1971 
f 1971/489/1971 2003/527/2003 2013/537/2013 
f 1975/493/1975 1986/510/1986 2014/538/2014 1950/468/1950 
f 1988/512/1988 2014/538/2014 1986/510/1986 2007/531/2007 
f 1987/511/1987 1983/507/1983 1972/490/1972 
f 2004/528/2004 1983/507/1983 2013/537/2013 
f 1957/475/1957 1956/474/1956 1980/503/1980 1979/502/1979 
f 1961/479/1961 1960/478/1960 1969/487/1969 
f 1960/499/1960 1957/475/1957 1979/502/1979 1969/501/1969 
f 1956/474/1956 1982/506/1982 1980/503/1980 
f 1994/518/1994 1993/517/1993 2012/536/2012 1980/503/1980 
f 1998/522/1998 1997/521/1997 2003/527/2003 
f 1993/517/1993 1998/522/1998 2003/527/2003 2012/536/2012 
f 1982/506/1982 1994/518/1994 1980/503/1980 
f 1969/487/1969 1987/511/1987 1972/490/1972 1961/479/1961 
f 2013/537/2013 2003/527/2003 1997/521/1997 2004/528/2004 
f 2015/468/2015 2016/469/2016 2017/470/2017 2018/471/2018 
f 2019/472/2019 2020/473/2020 2021/474/2021 2022/475/2022 
f 2023/476/2023 2024/477/2024 2025/478/2025 2026/479/2026 
f 2027/480/2027 2028/481/2028 2029/482/2029 2030/483/2030 
f 2031/484/2031 2032/485/2032 2033/486/2033 
f 2034/487/2034 2035/488/2035 2036/489/2036 
f 2026/479/2026 2037/490/2037 2030/483/2030 2023/476/2023 
f 2018/471/2018 2017/470/2017 2038/491/2038 2039/492/2039 
f 2018/471/2018 2040/493/2040 2015/468/2015 
f 2041/494/2041 2032/485/2032 2042/495/2042 2043/496/2043 
f 2039/492/2039 2029/482/2029 2040/493/2040 2018/471/2018 
f 2039/492/2039 2038/491/2038 2024/477/2024 2023/476/2023 
f 2043/496/2043 2042/495/2042 2020/473/2020 2019/472/2019 
f 2017/497/2017 2016/498/2016 2033/486/2033 2041/494/2041 
f 2025/499/2025 2024/500/2024 2019/472/2019 2022/475/2022 
f 2035/488/2035 2034/501/2034 2044/502/2044 2045/503/2045 
f 2038/504/2038 2017/497/2017 2041/494/2041 2043/496/2043 
f 2024/500/2024 2038/504/2038 2043/496/2043 2019/472/2019 
f 2021/474/2021 2020/473/2020 2046/505/2046 2047/506/2047 
f 2030/483/2030 2029/482/2029 2039/492/2039 2023/476/2023 
f 2030/483/2030 2037/490/2037 2048/507/2048 2027/480/2027 
f 2042/495/2042 2032/485/2032 2049/508/2049 2050/509/2050 
f 2040/493/2040 2029/482/2029 2028/481/2028 2051/510/2051 
f 2020/473/2020 2042/495/2042 2050/509/2050 2046/505/2046 
f 2048/507/2048 2052/511/2052 2036/489/2036 
f 2053/512/2053 2054/513/2054 2055/514/2055 2056/515/2056 
f 2057/516/2057 2058/517/2058 2059/518/2059 2060/519/2060 
f 2061/520/2061 2062/521/2062 2063/522/2063 2064/523/2064 
f 2027/480/2027 2065/524/2065 2066/525/2066 2028/481/2028 
f 2031/484/2031 2067/526/2067 2049/508/2049 
f 2036/489/2036 2035/488/2035 2068/527/2068 
f 2062/521/2062 2061/520/2061 2065/524/2065 2069/528/2069 
f 2054/513/2054 2070/529/2070 2071/530/2071 2055/514/2055 
f 2054/513/2054 2053/512/2053 2072/531/2072 
f 2073/532/2073 2074/533/2074 2075/534/2075 2067/526/2067 
f 2070/529/2070 2054/513/2054 2072/531/2072 2066/525/2066 
f 2070/529/2070 2061/520/2061 2064/523/2064 2071/530/2071 
f 2074/533/2074 2057/516/2057 2060/519/2060 2075/534/2075 
f 2055/514/2055 2073/532/2073 2076/535/2076 2056/515/2056 
f 2063/522/2063 2058/517/2058 2057/516/2057 2064/523/2064 
f 2035/488/2035 2045/503/2045 2077/536/2077 2068/527/2068 
f 2071/530/2071 2074/533/2074 2073/532/2073 2055/514/2055 
f 2064/523/2064 2057/516/2057 2074/533/2074 2071/530/2071 
f 2059/518/2059 2047/506/2047 2046/505/2046 2060/519/2060 
f 2065/524/2065 2061/520/2061 2070/529/2070 2066/525/2066 
f 2065/524/2065 2027/480/2027 2048/507/2048 2069/528/2069 
f 2075/534/2075 2050/509/2050 2049/508/2049 2067/526/2067 
f 2072/531/2072 2051/510/2051 2028/481/2028 2066/525/2066 
f 2060/519/2060 2046/505/2046 2050/509/2050 2075/534/2075 
f 2048/507/2048 2036/489/2036 2078/537/2078 
f 2032/485/2032 2041/494/2041 2033/486/2033 
f 2031/484/2031 2049/508/2049 2032/485/2032 
f 2076/535/2076 2073/532/2073 2067/526/2067 
f 2031/484/2031 2076/535/2076 2067/526/2067 
f 2052/511/2052 2034/487/2034 2036/489/2036 
f 2036/489/2036 2068/527/2068 2078/537/2078 
f 2040/493/2040 2051/510/2051 2079/538/2079 2015/468/2015 
f 2053/512/2053 2079/538/2079 2051/510/2051 2072/531/2072 
f 2052/511/2052 2048/507/2048 2037/490/2037 
f 2069/528/2069 2048/507/2048 2078/537/2078 
f 2022/475/2022 2021/474/2021 2045/503/2045 2044/502/2044 
f 2026/479/2026 2025/478/2025 2034/487/2034 
f 2025/499/2025 2022/475/2022 2044/502/2044 2034/501/2034 
f 2021/474/2021 2047/506/2047 2045/503/2045 
f 2059/518/2059 2058/517/2058 2077/536/2077 2045/503/2045 
f 2063/522/2063 2062/521/2062 2068/527/2068 
f 2058/517/2058 2063/522/2063 2068/527/2068 2077/536/2077 
f 2047/506/2047 2059/518/2059 2045/503/2045 
f 2034/487/2034 2052/511/2052 2037/490/2037 2026/479/2026 
f 2078/537/2078 2068/527/2068 2062/521/2062 2069/528/2069 
f 2080/468/2080 2081/469/2081 2082/470/2082 2083/471/2083 
f 2084/472/2084 2085/473/2085 2086/474/2086 2087/475/2087 
f 2088/476/2088 2089/477/2089 2090/478/2090 2091/479/2091 
f 2092/480/2092 2093/481/2093 2094/482/2094 2095/483/2095 
f 2096/484/2096 2097/485/2097 2098/486/2098 
f 2099/487/2099 2100/488/2100 2101/489/2101 
f 2091/479/2091 2102/490/2102 2095/483/2095 2088/476/2088 
f 2083/471/2083 2082/470/2082 2103/491/2103 2104/492/2104 
f 2083/471/2083 2105/493/2105 2080/468/2080 
f 2106/494/2106 2097/485/2097 2107/495/2107 2108/496/2108 
f 2104/492/2104 2094/482/2094 2105/493/2105 2083/471/2083 
f 2104/492/2104 2103/491/2103 2089/477/2089 2088/476/2088 
f 2108/496/2108 2107/495/2107 2085/473/2085 2084/472/2084 
f 2082/497/2082 2081/498/2081 2098/486/2098 2106/494/2106 
f 2090/499/2090 2089/500/2089 2084/472/2084 2087/475/2087 
f 2100/488/2100 2099/501/2099 2109/502/2109 2110/503/2110 
f 2103/504/2103 2082/497/2082 2106/494/2106 2108/496/2108 
f 2089/500/2089 2103/504/2103 2108/496/2108 2084/472/2084 
f 2086/474/2086 2085/473/2085 2111/505/2111 2112/506/2112 
f 2095/483/2095 2094/482/2094 2104/492/2104 2088/476/2088 
f 2095/483/2095 2102/490/2102 2113/507/2113 2092/480/2092 
f 2107/495/2107 2097/485/2097 2114/508/2114 2115/509/2115 
f 2105/493/2105 2094/482/2094 2093/481/2093 2116/510/2116 
f 2085/473/2085 2107/495/2107 2115/509/2115 2111/505/2111 
f 2113/507/2113 2117/511/2117 2101/489/2101 
f 2118/512/2118 2119/513/2119 2120/514/2120 2121/515/2121 
f 2122/516/2122 2123/517/2123 2124/518/2124 2125/519/2125 
f 2126/520/2126 2127/521/2127 2128/522/2128 2129/523/2129 
f 2092/480/2092 2130/524/2130 2131/525/2131 2093/481/2093 
f 2096/484/2096 2132/526/2132 2114/508/2114 
f 2101/489/2101 2100/488/2100 2133/527/2133 
f 2127/521/2127 2126/520/2126 2130/524/2130 2134/528/2134 
f 2119/513/2119 2135/529/2135 2136/530/2136 2120/514/2120 
f 2119/513/2119 2118/512/2118 2137/531/2137 
f 2138/532/2138 2139/533/2139 2140/534/2140 2132/526/2132 
f 2135/529/2135 2119/513/2119 2137/531/2137 2131/525/2131 
f 2135/529/2135 2126/520/2126 2129/523/2129 2136/530/2136 
f 2139/533/2139 2122/516/2122 2125/519/2125 2140/534/2140 
f 2120/514/2120 2138/532/2138 2141/535/2141 2121/515/2121 
f 2128/522/2128 2123/517/2123 2122/516/2122 2129/523/2129 
f 2100/488/2100 2110/503/2110 2142/536/2142 2133/527/2133 
f 2136/530/2136 2139/533/2139 2138/532/2138 2120/514/2120 
f 2129/523/2129 2122/516/2122 2139/533/2139 2136/530/2136 
f 2124/518/2124 2112/506/2112 2111/505/2111 2125/519/2125 
f 2130/524/2130 2126/520/2126 2135/529/2135 2131/525/2131 
f 2130/524/2130 2092/480/2092 2113/507/2113 2134/528/2134 
f 2140/534/2140 2115/509/2115 2114/508/2114 2132/526/2132 
f 2137/531/2137 2116/510/2116 2093/481/2093 2131/525/2131 
f 2125/519/2125 2111/505/2111 2115/509/2115 2140/534/2140 
f 2113/507/2113 2101/489/2101 2143/537/2143 
f 2097/485/2097 2106/494/2106 2098/486/2098 
f 2096/484/2096 2114/508/2114 2097/485/2097 
f 2141/535/2141 2138/532/2138 2132/526/2132 
f 2096/484/2096 2141/535/2141 2132/526/2132 
f 2117/511/2117 2099/487/2099 2101/489/2101 
f 2101/489/2101 2133/527/2133 2143/537/2143 
f 2105/493/2105 2116/510/2116 2144/538/2144 2080/468/2080 
f 2118/512/2118 2144/538/2144 2116/510/2116 2137/531/2137 
f 2117/511/2117 2113/507/2113 2102/490/2102 
f 2134/528/2134 2113/507/2113 2143/537/2143 
f 2087/475/2087 2086/474/2086 2110/503/2110 2109/502/2109 
f 2091/479/2091 2090/478/2090 2099/487/2099 
f 2090/499/2090 2087/475/2087 2109/502/2109 2099/501/2099 
f 2086/474/2086 2112/506/2112 2110/503/2110 
f 2124/518/2124 2123/517/2123 2142/536/2142 2110/503/2110 
f 2128/522/2128 2127/521/2127 2133/527/2133 
f 2123/517/2123 2128/522/2128 2133/527/2133 2142/536/2142 
f 2112/506/2112 2124/518/2124 2110/503/2110 
f 2099/487/2099 2117/511/2117 2102/490/2102 2091/479/2091 
f 2143/537/2143 2133/527/2133 2127/521/2127 2134/528/2134 
f 2145/231/2145 2146/232/2146 2147/233/2147 2148/234/2148 
f 2149/235/2149 2150/236/2150 2151/237/2151 2152/238/2152 
f 2153/239/2153 2154/240/2154 2155/241/2155 
f 2156/242/2156 2157/243/2157 2158/244/2158 2159/245/2159 
f 2154/240/2154 2160/246/2160 2161/247/2161 
f 2157/243/2157 2149/235/2149 2152/238/2152 2158/244/2158 
f 2157/243/2157 2156/242/2156 2162/248/2162 2163/249/2163 
f 2146/232/2146 2164/250/2164 2165/251/2165 2147/233/2147 
f 2146/232/2146 2145/231/2145 2166/252/2166 
f 2167/253/2167 2168/254/2168 2169/255/2169 2170/256/2170 
f 2164/250/2164 2146/232/2146 2166/252/2166 2171/257/2171 
f 2164/250/2164 2156/242/2156 2159/245/2159 2165/251/2165 
f 2168/254/2168 2153/239/2153 2155/241/2155 2169/255/2169 
f 2147/233/2147 2167/253/2167 2172/258/2172 2148/234/2148 
f 2158/244/2158 2154/240/2154 2153/239/2153 2159/245/2159 
f 2152/238/2152 2160/246/2160 2154/240/2154 2158/244/2158 
f 2165/251/2165 2168/254/2168 2167/253/2167 2147/233/2147 
f 2159/245/2159 2153/239/2153 2168/254/2168 2165/251/2165 
f 2161/247/2161 2173/259/2173 2155/241/2155 
f 2162/248/2162 2156/242/2156 2164/250/2164 2171/257/2171 
f 2149/235/2149 2157/243/2157 2163/249/2163 
f 2162/248/2162 2174/260/2174 2175/261/2175 2163/249/2163 
f 2169/255/2169 2176/262/2176 2177/263/2177 2170/256/2170 
f 2166/252/2166 2178/264/2178 2179/265/2179 2171/257/2171 
f 2155/241/2155 2173/259/2173 2176/262/2176 2169/255/2169 
f 2174/260/2174 2162/248/2162 2171/257/2171 2179/265/2179 
f 2180/266/2180 2172/258/2172 2170/256/2170 2177/263/2177 
f 2150/236/2150 2149/235/2149 2163/249/2163 2175/261/2175 
f 2181/267/2181 2160/246/2160 2152/238/2152 2151/237/2151 
f 2182/268/2182 2183/269/2183 2184/270/2184 2185/271/2185 
f 2186/272/2186 2187/273/2187 2151/237/2151 2150/236/2150 
f 2188/274/2188 2189/275/2189 2190/276/2190 
f 2191/277/2191 2192/278/2192 2193/279/2193 2194/280/2194 
f 2190/276/2190 2161/247/2161 2195/281/2195 
f 2194/280/2194 2193/279/2193 2187/273/2187 2186/272/2186 
f 2194/280/2194 2196/282/2196 2197/283/2197 2191/277/2191 
f 2185/271/2185 2184/270/2184 2198/284/2198 2199/285/2199 
f 2185/271/2185 2200/286/2200 2182/268/2182 
f 2201/287/2201 2202/288/2202 2203/289/2203 2204/290/2204 
f 2199/285/2199 2205/291/2205 2200/286/2200 2185/271/2185 
f 2199/285/2199 2198/284/2198 2192/278/2192 2191/277/2191 
f 2204/290/2204 2203/289/2203 2189/275/2189 2188/274/2188 
f 2184/292/2184 2183/293/2183 2206/294/2206 2201/287/2201 
f 2193/295/2193 2192/296/2192 2188/274/2188 2190/276/2190 
f 2187/297/2187 2193/295/2193 2190/276/2190 2195/281/2195 
f 2198/298/2198 2184/292/2184 2201/287/2201 2204/290/2204 
f 2192/296/2192 2198/298/2198 2204/290/2204 2188/274/2188 
f 2189/275/2189 2173/259/2173 2161/247/2161 
f 2197/283/2197 2205/291/2205 2199/285/2199 2191/277/2191 
f 2196/282/2196 2194/280/2194 2186/272/2186 
f 2197/283/2197 2196/282/2196 2175/261/2175 2174/260/2174 
f 2203/289/2203 2202/288/2202 2177/263/2177 2176/262/2176 
f 2200/286/2200 2205/291/2205 2179/265/2179 2178/264/2178 
f 2189/275/2189 2203/289/2203 2176/262/2176 2173/259/2173 
f 2174/260/2174 2179/265/2179 2205/291/2205 2197/283/2197 
f 2180/266/2180 2177/263/2177 2202/288/2202 2206/294/2206 
f 2150/236/2150 2175/261/2175 2196/282/2196 2186/272/2186 
f 2181/267/2181 2151/237/2151 2187/297/2187 2195/281/2195 
f 2160/246/2160 2181/267/2181 2161/247/2161 
f 2161/247/2161 2181/267/2181 2195/281/2195 
f 2145/231/2145 2207/299/2207 2178/264/2178 2166/252/2166 
f 2200/286/2200 2178/264/2178 2207/299/2207 2182/268/2182 
f 2172/258/2172 2167/253/2167 2170/256/2170 
f 2202/288/2202 2201/287/2201 2206/294/2206 
f 2154/240/2154 2161/247/2161 2155/241/2155 
f 2189/275/2189 2161/247/2161 2190/276/2190 
f 2208/114/2208 2209/115/2209 2210/116/2210 2211/117/2211 
f 2212/118/2212 2213/119/2213 2214/120/2214 2215/121/2215 
f 2216/122/2216 2217/123/2217 2218/124/2218 2219/125/2219 
f 2220/126/2220 2221/127/2221 2222/128/2222 2223/129/2223 
f 2224/130/2224 2225/131/2225 2226/132/2226 
f 2227/133/2227 2212/118/2212 2215/121/2215 2228/134/2228 
f 2227/133/2227 2221/127/2221 2229/135/2229 2230/136/2230 
f 2209/115/2209 2231/137/2231 2232/138/2232 2210/116/2210 
f 2209/115/2209 2208/114/2208 2233/139/2233 
f 2234/140/2234 2235/141/2235 2236/142/2236 2237/143/2237 
f 2231/137/2231 2209/115/2209 2233/139/2233 2238/144/2238 
f 2231/137/2231 2239/145/2239 2240/146/2240 2232/138/2232 
f 2235/141/2235 2241/147/2241 2242/148/2242 2236/142/2236 
f 2210/116/2210 2234/140/2234 2243/149/2243 2211/117/2211 
f 2228/134/2228 2224/130/2224 2217/123/2217 2222/128/2222 
f 2215/121/2215 2225/131/2225 2224/130/2224 2228/134/2228 
f 2232/138/2232 2235/141/2235 2234/140/2234 2210/116/2210 
f 2223/129/2223 2216/122/2216 2241/147/2241 2240/146/2240 
f 2244/150/2244 2245/151/2245 2246/152/2246 2247/153/2247 
f 2248/154/2248 2249/155/2249 2250/156/2250 2251/157/2251 
f 2212/118/2212 2230/136/2230 2252/158/2252 
f 2248/154/2248 2253/159/2253 2254/160/2254 2255/161/2255 
f 2256/162/2256 2257/163/2257 2258/164/2258 2237/143/2237 
f 2233/139/2233 2259/165/2259 2260/166/2260 2261/167/2261 
f 2262/168/2262 2263/169/2263 2264/170/2264 2265/171/2265 
f 2253/159/2253 2248/154/2248 2251/157/2251 2266/172/2266 
f 2267/173/2267 2237/143/2237 2258/164/2258 
f 2213/119/2213 2212/118/2212 2252/158/2252 2268/174/2268 
f 2269/175/2269 2225/131/2225 2215/121/2215 2214/120/2214 
f 2270/176/2270 2271/177/2271 2272/178/2272 2273/179/2273 
f 2274/180/2274 2275/181/2275 2214/120/2214 2213/119/2213 
f 2276/182/2276 2277/183/2277 2278/184/2278 2279/185/2279 
f 2280/186/2280 2281/187/2281 2282/188/2282 2283/189/2283 
f 2284/190/2284 2285/191/2285 2286/192/2286 
f 2287/193/2287 2288/194/2288 2275/181/2275 2274/180/2274 
f 2287/193/2287 2289/195/2289 2290/196/2290 2283/189/2283 
f 2273/179/2273 2272/178/2272 2291/197/2291 2292/198/2292 
f 2273/179/2273 2293/199/2293 2270/176/2270 
f 2294/200/2294 2295/201/2295 2296/202/2296 2297/203/2297 
f 2292/198/2292 2298/204/2298 2293/199/2293 2273/179/2273 
f 2292/198/2292 2291/197/2291 2299/205/2299 2300/206/2300 
f 2297/203/2297 2296/202/2296 2301/207/2301 2302/208/2302 
f 2272/209/2272 2271/210/2271 2303/211/2303 2294/200/2294 
f 2288/212/2288 2282/213/2282 2279/185/2279 2284/190/2284 
f 2275/214/2275 2288/212/2288 2284/190/2284 2286/192/2286 
f 2291/215/2291 2272/209/2272 2294/200/2294 2297/203/2297 
f 2281/216/2281 2299/217/2299 2302/208/2302 2276/182/2276 
f 2304/218/2304 2305/219/2305 2246/152/2246 2245/151/2245 
f 2306/220/2306 2307/221/2307 2308/222/2308 2309/223/2309 
f 2310/224/2310 2289/195/2289 2274/180/2274 
f 2306/220/2306 2311/225/2311 2254/160/2254 2253/159/2253 
f 2312/226/2312 2295/201/2295 2258/164/2258 2257/163/2257 
f 2293/199/2293 2313/227/2313 2260/166/2260 2259/165/2259 
f 2314/228/2314 2315/229/2315 2264/170/2264 2263/169/2263 
f 2253/159/2253 2266/172/2266 2307/221/2307 2306/220/2306 
f 2267/173/2267 2295/201/2295 2303/211/2303 
f 2213/119/2213 2268/174/2268 2310/224/2310 2274/180/2274 
f 2269/175/2269 2214/120/2214 2275/214/2275 2286/192/2286 
f 2225/131/2225 2269/175/2269 2245/151/2245 2244/150/2244 
f 2304/218/2304 2245/151/2245 2269/175/2269 2286/192/2286 
f 2217/123/2217 2224/130/2224 2226/132/2226 2218/124/2218 
f 2221/127/2221 2227/133/2227 2228/134/2228 2222/128/2222 
f 2221/127/2221 2220/126/2220 2249/155/2249 2229/135/2229 
f 2217/123/2217 2216/122/2216 2223/129/2223 2222/128/2222 
f 2246/152/2246 2263/169/2263 2262/168/2262 2247/153/2247 
f 2254/160/2254 2268/174/2268 2252/158/2252 2255/161/2255 
f 2305/219/2305 2304/218/2304 2285/191/2285 2278/184/2278 
f 2282/188/2282 2288/194/2288 2287/193/2287 2283/189/2283 
f 2311/225/2311 2306/220/2306 2309/223/2309 2290/196/2290 
f 2282/213/2282 2281/216/2281 2276/182/2276 2279/185/2279 
f 2305/219/2305 2314/228/2314 2263/169/2263 2246/152/2246 
f 2311/225/2311 2310/224/2310 2268/174/2268 2254/160/2254 
f 2239/145/2239 2220/126/2220 2223/129/2223 2240/146/2240 
f 2241/147/2241 2216/122/2216 2219/125/2219 2242/148/2242 
f 2241/147/2241 2235/141/2235 2232/138/2232 2240/146/2240 
f 2239/145/2239 2231/137/2231 2238/144/2238 2250/156/2250 
f 2264/170/2264 2257/163/2257 2256/162/2256 2265/171/2265 
f 2251/157/2251 2261/167/2261 2260/166/2260 2266/172/2266 
f 2299/205/2299 2281/187/2281 2280/186/2280 2300/206/2300 
f 2315/229/2315 2314/228/2314 2277/183/2277 2301/207/2301 
f 2299/217/2299 2291/215/2291 2297/203/2297 2302/208/2302 
f 2307/221/2307 2313/227/2313 2298/204/2298 2308/222/2308 
f 2315/229/2315 2312/226/2312 2257/163/2257 2264/170/2264 
f 2266/172/2266 2260/166/2260 2313/227/2313 2307/221/2307 
f 2218/124/2218 2247/153/2247 2262/168/2262 2219/125/2219 
f 2236/142/2236 2256/162/2256 2237/143/2237 
f 2242/148/2242 2265/171/2265 2256/162/2256 2236/142/2236 
f 2277/183/2277 2314/228/2314 2305/219/2305 2278/184/2278 
f 2295/201/2295 2312/226/2312 2296/202/2296 
f 2296/202/2296 2312/226/2312 2315/229/2315 2301/207/2301 
f 2226/132/2226 2244/150/2244 2247/153/2247 2218/124/2218 
f 2285/191/2285 2284/190/2284 2279/185/2279 2278/184/2278 
f 2219/125/2219 2262/168/2262 2265/171/2265 2242/148/2242 
f 2277/183/2277 2276/182/2276 2302/208/2302 2301/207/2301 
f 2267/173/2267 2243/149/2243 2237/143/2237 
f 2267/173/2267 2258/164/2258 2295/201/2295 
f 2295/201/2295 2294/200/2294 2303/211/2303 
f 2243/149/2243 2234/140/2234 2237/143/2237 
f 2208/114/2208 2316/230/2316 2259/165/2259 2233/139/2233 
f 2293/199/2293 2259/165/2259 2316/230/2316 2270/176/2270 
f 2229/135/2229 2255/161/2255 2252/158/2252 2230/136/2230 
f 2233/139/2233 2261/167/2261 2238/144/2238 
f 2249/155/2249 2220/126/2220 2239/145/2239 2250/156/2250 
f 2289/195/2289 2310/224/2310 2311/225/2311 2290/196/2290 
f 2298/204/2298 2313/227/2313 2293/199/2293 
f 2308/222/2308 2300/206/2300 2280/186/2280 2309/223/2309 
f 2249/155/2249 2248/154/2248 2255/161/2255 2229/135/2229 
f 2309/223/2309 2280/186/2280 2283/189/2283 2290/196/2290 
f 2238/144/2238 2261/167/2261 2251/157/2251 2250/156/2250 
f 2298/204/2298 2292/198/2292 2300/206/2300 2308/222/2308 
f 2212/118/2212 2227/133/2227 2230/136/2230 
f 2289/195/2289 2287/193/2287 2274/180/2274 
f 2225/131/2225 2244/150/2244 2226/132/2226 
f 2285/191/2285 2304/218/2304 2286/192/2286 
f 2317/300/2317 2318/301/2318 2319/302/2319 2320/303/2320 
f 2321/304/2321 2322/305/2322 2323/306/2323 2324/307/2324 
f 2325/308/2325 2326/309/2326 2327/310/2327 2328/311/2328 
f 2329/312/2329 2330/313/2330 2331/314/2331 2332/315/2332 
f 2333/316/2333 2334/317/2334 2335/318/2335 
f 2336/319/2336 2337/320/2337 2338/321/2338 
f 2339/322/2339 2321/304/2321 2324/307/2324 2340/323/2340 
f 2339/322/2339 2330/313/2330 2341/324/2341 2342/325/2342 
f 2318/301/2318 2343/326/2343 2344/327/2344 2319/302/2319 
f 2318/301/2318 2317/300/2317 2345/328/2345 
f 2346/329/2346 2347/330/2347 2348/331/2348 2334/317/2334 
f 2343/326/2343 2318/301/2318 2345/328/2345 2349/332/2349 
f 2343/326/2343 2329/312/2329 2332/315/2332 2344/327/2344 
f 2347/330/2347 2325/308/2325 2328/311/2328 2348/331/2348 
f 2319/302/2319 2346/329/2346 2350/333/2350 2320/303/2320 
f 2340/323/2340 2336/319/2336 2326/309/2326 2331/314/2331 
f 2324/307/2324 2337/320/2337 2336/319/2336 2340/323/2340 
f 2344/327/2344 2347/330/2347 2346/329/2346 2319/302/2319 
f 2332/315/2332 2325/308/2325 2347/330/2347 2344/327/2344 
f 2338/321/2338 2351/334/2351 2352/335/2352 2327/310/2327 
f 2353/336/2353 2329/312/2329 2343/326/2343 2349/332/2349 
f 2321/304/2321 2339/322/2339 2342/325/2342 
f 2353/336/2353 2354/337/2354 2355/338/2355 2341/324/2341 
f 2348/331/2348 2356/339/2356 2335/318/2335 2334/317/2334 
f 2345/328/2345 2357/340/2357 2358/341/2358 2349/332/2349 
f 2328/311/2328 2359/342/2359 2356/339/2356 2348/331/2348 
f 2354/337/2354 2353/336/2353 2349/332/2349 2358/341/2358 
f 2322/305/2322 2321/304/2321 2342/325/2342 2360/343/2360 
f 2361/344/2361 2337/320/2337 2324/307/2324 2323/306/2323 
f 2362/345/2362 2363/346/2363 2364/347/2364 2365/348/2365 
f 2366/349/2366 2367/350/2367 2323/306/2323 2322/305/2322 
f 2368/351/2368 2369/352/2369 2370/353/2370 2371/354/2371 
f 2372/355/2372 2373/356/2373 2374/357/2374 2375/358/2375 
f 2333/316/2333 2376/359/2376 2377/360/2377 
f 2378/361/2378 2379/362/2379 2380/363/2380 
f 2381/364/2381 2382/365/2382 2367/350/2367 2366/349/2366 
f 2381/364/2381 2383/366/2383 2384/367/2384 2375/358/2375 
f 2365/348/2365 2364/347/2364 2385/368/2385 2386/369/2386 
f 2365/348/2365 2387/370/2387 2362/345/2362 
f 2388/371/2388 2376/359/2376 2389/372/2389 2390/373/2390 
f 2386/369/2386 2391/374/2391 2387/370/2387 2365/348/2365 
f 2386/369/2386 2385/368/2385 2373/356/2373 2372/355/2372 
f 2390/373/2390 2389/372/2389 2369/352/2369 2368/351/2368 
f 2364/375/2364 2363/376/2363 2377/360/2377 2388/371/2388 
f 2382/377/2382 2374/378/2374 2371/354/2371 2378/361/2378 
f 2367/379/2367 2382/377/2382 2378/361/2378 2380/363/2380 
f 2385/380/2385 2364/375/2364 2388/371/2388 2390/373/2390 
f 2373/381/2373 2385/380/2385 2390/373/2390 2368/351/2368 
f 2379/362/2379 2370/353/2370 2352/335/2352 2351/334/2351 
f 2392/382/2392 2391/374/2391 2386/369/2386 2372/355/2372 
f 2366/349/2366 2383/366/2383 2381/364/2381 
f 2392/382/2392 2384/367/2384 2355/338/2355 2354/337/2354 
f 2389/372/2389 2376/359/2376 2335/318/2335 2356/339/2356 
f 2387/370/2387 2391/374/2391 2358/341/2358 2357/340/2357 
f 2369/352/2369 2389/372/2389 2356/339/2356 2359/342/2359 
f 2354/337/2354 2358/341/2358 2391/374/2391 2392/382/2392 
f 2322/305/2322 2360/343/2360 2383/366/2383 2366/349/2366 
f 2361/344/2361 2323/306/2323 2367/379/2367 2380/363/2380 
f 2337/320/2337 2361/344/2361 2351/334/2351 2338/321/2338 
f 2379/362/2379 2351/334/2351 2361/344/2361 2380/363/2380 
f 2350/333/2350 2346/329/2346 2334/317/2334 
f 2333/316/2333 2350/333/2350 2334/317/2334 
f 2376/359/2376 2388/371/2388 2377/360/2377 
f 2333/316/2333 2335/318/2335 2376/359/2376 
f 2317/300/2317 2393/383/2393 2357/340/2357 2345/328/2345 
f 2387/370/2387 2357/340/2357 2393/383/2393 2362/345/2362 
f 2326/309/2326 2336/319/2336 2338/321/2338 2327/310/2327 
f 2330/313/2330 2339/322/2339 2340/323/2340 2331/314/2331 
f 2330/313/2330 2329/312/2329 2353/336/2353 2341/324/2341 
f 2326/309/2326 2325/308/2325 2332/315/2332 2331/314/2331 
f 2352/335/2352 2359/342/2359 2328/311/2328 2327/310/2327 
f 2355/338/2355 2360/343/2360 2342/325/2342 2341/324/2341 
f 2370/353/2370 2379/362/2379 2378/361/2378 2371/354/2371 
f 2374/357/2374 2382/365/2382 2381/364/2381 2375/358/2375 
f 2384/367/2384 2392/382/2392 2372/355/2372 2375/358/2375 
f 2374/378/2374 2373/381/2373 2368/351/2368 2371/354/2371 
f 2370/353/2370 2369/352/2369 2359/342/2359 2352/335/2352 
f 2384/367/2384 2383/366/2383 2360/343/2360 2355/338/2355 
f 2394/384/2394 2395/385/2395 2396/386/2396 2397/387/2397 
f 2398/388/2398 2399/389/2399 2400/390/2400 2401/391/2401 
f 2402/392/2402 2403/393/2403 2404/394/2404 2405/395/2405 
f 2406/396/2406 2407/397/2407 2408/398/2408 2409/399/2409 
f 2410/400/2410 2411/401/2411 2412/402/2412 
f 2413/403/2413 2398/388/2398 2401/391/2401 2414/404/2414 
f 2413/403/2413 2407/397/2407 2415/405/2415 2416/406/2416 
f 2395/385/2395 2417/407/2417 2418/408/2418 2396/386/2396 
f 2395/385/2395 2394/384/2394 2419/409/2419 
f 2420/410/2420 2421/411/2421 2422/412/2422 2423/413/2423 
f 2417/407/2417 2395/385/2395 2419/409/2419 2424/414/2424 
f 2417/407/2417 2406/396/2406 2409/399/2409 2418/408/2418 
f 2421/411/2421 2402/392/2402 2405/395/2405 2422/412/2422 
f 2396/386/2396 2420/410/2420 2425/415/2425 2397/387/2397 
f 2414/404/2414 2410/400/2410 2403/393/2403 2408/398/2408 
f 2401/391/2401 2411/401/2411 2410/400/2410 2414/404/2414 
f 2418/408/2418 2421/411/2421 2420/410/2420 2396/386/2396 
f 2409/399/2409 2402/392/2402 2421/411/2421 2418/408/2418 
f 2412/402/2412 2426/416/2426 2427/417/2427 2404/394/2404 
f 2428/418/2428 2406/396/2406 2417/407/2417 2424/414/2424 
f 2398/388/2398 2413/403/2413 2416/406/2416 
f 2428/418/2428 2429/419/2429 2430/420/2430 2415/405/2415 
f 2422/412/2422 2431/421/2431 2432/422/2432 2423/413/2423 
f 2419/409/2419 2433/423/2433 2434/424/2434 2424/414/2424 
f 2405/395/2405 2435/425/2435 2431/421/2431 2422/412/2422 
f 2429/419/2429 2428/418/2428 2424/414/2424 2434/424/2434 
f 2436/426/2436 2423/413/2423 2432/422/2432 
f 2399/389/2399 2398/388/2398 2416/406/2416 2437/427/2437 
f 2438/428/2438 2411/401/2411 2401/391/2401 2400/390/2400 
f 2439/429/2439 2440/430/2440 2441/431/2441 2442/432/2442 
f 2443/433/2443 2444/434/2444 2400/390/2400 2399/389/2399 
f 2445/435/2445 2446/436/2446 2447/437/2447 2448/438/2448 
f 2449/439/2449 2450/440/2450 2451/441/2451 2452/442/2452 
f 2453/443/2453 2454/444/2454 2455/445/2455 
f 2456/446/2456 2457/447/2457 2444/434/2444 2443/433/2443 
f 2456/446/2456 2458/448/2458 2459/449/2459 2452/442/2452 
f 2442/432/2442 2441/431/2441 2460/450/2460 2461/451/2461 
f 2442/432/2442 2462/452/2462 2439/429/2439 
f 2463/453/2463 2464/454/2464 2465/455/2465 2466/456/2466 
f 2461/451/2461 2467/457/2467 2462/452/2462 2442/432/2442 
f 2461/451/2461 2460/450/2460 2450/440/2450 2449/439/2449 
f 2466/456/2466 2465/455/2465 2446/436/2446 2445/435/2445 
f 2441/458/2441 2440/459/2440 2468/460/2468 2463/453/2463 
f 2457/461/2457 2451/462/2451 2448/438/2448 2453/443/2453 
f 2444/463/2444 2457/461/2457 2453/443/2453 2455/445/2455 
f 2460/464/2460 2441/458/2441 2463/453/2463 2466/456/2466 
f 2450/465/2450 2460/464/2460 2466/456/2466 2445/435/2445 
f 2454/444/2454 2447/437/2447 2427/417/2427 2426/416/2426 
f 2469/466/2469 2467/457/2467 2461/451/2461 2449/439/2449 
f 2458/448/2458 2456/446/2456 2443/433/2443 
f 2469/466/2469 2459/449/2459 2430/420/2430 2429/419/2429 
f 2465/455/2465 2464/454/2464 2432/422/2432 2431/421/2431 
f 2462/452/2462 2467/457/2467 2434/424/2434 2433/423/2433 
f 2446/436/2446 2465/455/2465 2431/421/2431 2435/425/2435 
f 2429/419/2429 2434/424/2434 2467/457/2467 2469/466/2469 
f 2436/426/2436 2464/454/2464 2468/460/2468 
f 2399/389/2399 2437/427/2437 2458/448/2458 2443/433/2443 
f 2438/428/2438 2400/390/2400 2444/463/2444 2455/445/2455 
f 2411/401/2411 2438/428/2438 2426/416/2426 2412/402/2412 
f 2454/444/2454 2426/416/2426 2438/428/2438 2455/445/2455 
f 2436/426/2436 2425/415/2425 2423/413/2423 
f 2436/426/2436 2432/422/2432 2464/454/2464 
f 2464/454/2464 2463/453/2463 2468/460/2468 
f 2425/415/2425 2420/410/2420 2423/413/2423 
f 2403/393/2403 2410/400/2410 2412/402/2412 2404/394/2404 
f 2407/397/2407 2413/403/2413 2414/404/2414 2408/398/2408 
f 2407/397/2407 2406/396/2406 2428/418/2428 2415/405/2415 
f 2403/393/2403 2402/392/2402 2409/399/2409 2408/398/2408 
f 2427/417/2427 2435/425/2435 2405/395/2405 2404/394/2404 
f 2430/420/2430 2437/427/2437 2416/406/2416 2415/405/2415 
f 2447/437/2447 2454/444/2454 2453/443/2453 2448/438/2448 
f 2451/441/2451 2457/447/2457 2456/446/2456 2452/442/2452 
f 2459/449/2459 2469/466/2469 2449/439/2449 2452/442/2452 
f 2451/462/2451 2450/465/2450 2445/435/2445 2448/438/2448 
f 2447/437/2447 2446/436/2446 2435/425/2435 2427/417/2427 
f 2459/449/2459 2458/448/2458 2437/427/2437 2430/420/2430 
f 2394/384/2394 2470/467/2470 2419/409/2419 
f 2462/452/2462 2470/467/2470 2439/429/2439 
f 2470/467/2470 2433/423/2433 2419/409/2419 
f 2462/452/2462 2433/423/2433 2470/467/2470 
f 2471/468/2471 2472/469/2472 2473/470/2473 2474/471/2474 
f 2475/472/2475 2476/473/2476 2477/474/2477 2478/475/2478 
f 2479/476/2479 2480/477/2480 2481/478/2481 2482/479/2482 
f 2483/480/2483 2484/481/2484 2485/482/2485 2486/483/2486 
f 2487/484/2487 2488/485/2488 2489/486/2489 
f 2490/487/2490 2491/488/2491 2492/489/2492 
f 2482/479/2482 2493/490/2493 2486/483/2486 2479/476/2479 
f 2474/471/2474 2473/470/2473 2494/491/2494 2495/492/2495 
f 2474/471/2474 2496/493/2496 2471/468/2471 
f 2497/494/2497 2488/485/2488 2498/495/2498 2499/496/2499 
f 2495/492/2495 2485/482/2485 2496/493/2496 2474/471/2474 
f 2495/492/2495 2494/491/2494 2480/477/2480 2479/476/2479 
f 2499/496/2499 2498/495/2498 2476/473/2476 2475/472/2475 
f 2473/497/2473 2472/498/2472 2489/486/2489 2497/494/2497 
f 2481/499/2481 2480/500/2480 2475/472/2475 2478/475/2478 
f 2491/488/2491 2490/501/2490 2500/502/2500 2501/503/2501 
f 2494/504/2494 2473/497/2473 2497/494/2497 2499/496/2499 
f 2480/500/2480 2494/504/2494 2499/496/2499 2475/472/2475 
f 2477/474/2477 2476/473/2476 2502/505/2502 2503/506/2503 
f 2486/483/2486 2485/482/2485 2495/492/2495 2479/476/2479 
f 2486/483/2486 2493/490/2493 2504/507/2504 2483/480/2483 
f 2498/495/2498 2488/485/2488 2505/508/2505 2506/509/2506 
f 2496/493/2496 2485/482/2485 2484/481/2484 2507/510/2507 
f 2476/473/2476 2498/495/2498 2506/509/2506 2502/505/2502 
f 2504/507/2504 2508/511/2508 2492/489/2492 
f 2509/512/2509 2510/513/2510 2511/514/2511 2512/515/2512 
f 2513/516/2513 2514/517/2514 2515/518/2515 2516/519/2516 
f 2517/520/2517 2518/521/2518 2519/522/2519 2520/523/2520 
f 2483/480/2483 2521/524/2521 2522/525/2522 2484/481/2484 
f 2487/484/2487 2523/526/2523 2505/508/2505 
f 2492/489/2492 2491/488/2491 2524/527/2524 
f 2518/521/2518 2517/520/2517 2521/524/2521 2525/528/2525 
f 2510/513/2510 2526/529/2526 2527/530/2527 2511/514/2511 
f 2510/513/2510 2509/512/2509 2528/531/2528 
f 2529/532/2529 2530/533/2530 2531/534/2531 2523/526/2523 
f 2526/529/2526 2510/513/2510 2528/531/2528 2522/525/2522 
f 2526/529/2526 2517/520/2517 2520/523/2520 2527/530/2527 
f 2530/533/2530 2513/516/2513 2516/519/2516 2531/534/2531 
f 2511/514/2511 2529/532/2529 2532/535/2532 2512/515/2512 
f 2519/522/2519 2514/517/2514 2513/516/2513 2520/523/2520 
f 2491/488/2491 2501/503/2501 2533/536/2533 2524/527/2524 
f 2527/530/2527 2530/533/2530 2529/532/2529 2511/514/2511 
f 2520/523/2520 2513/516/2513 2530/533/2530 2527/530/2527 
f 2515/518/2515 2503/506/2503 2502/505/2502 2516/519/2516 
f 2521/524/2521 2517/520/2517 2526/529/2526 2522/525/2522 
f 2521/524/2521 2483/480/2483 2504/507/2504 2525/528/2525 
f 2531/534/2531 2506/509/2506 2505/508/2505 2523/526/2523 
f 2528/531/2528 2507/510/2507 2484/481/2484 2522/525/2522 
f 2516/519/2516 2502/505/2502 2506/509/2506 2531/534/2531 
f 2504/507/2504 2492/489/2492 2534/537/2534 
f 2488/485/2488 2497/494/2497 2489/486/2489 
f 2487/484/2487 2505/508/2505 2488/485/2488 
f 2532/535/2532 2529/532/2529 2523/526/2523 
f 2487/484/2487 2532/535/2532 2523/526/2523 
f 2508/511/2508 2490/487/2490 2492/489/2492 
f 2492/489/2492 2524/527/2524 2534/537/2534 
f 2496/493/2496 2507/510/2507 2535/538/2535 2471/468/2471 
f 2509/512/2509 2535/538/2535 2507/510/2507 2528/531/2528 
f 2508/511/2508 2504/507/2504 2493/490/2493 
f 2525/528/2525 2504/507/2504 2534/537/2534 
f 2478/475/2478 2477/474/2477 2501/503/2501 2500/502/2500 
f 2482/479/2482 2481/478/2481 2490/487/2490 
f 2481/499/2481 2478/475/2478 2500/502/2500 2490/501/2490 
f 2477/474/2477 2503/506/2503 2501/503/2501 
f 2515/518/2515 2514/517/2514 2533/536/2533 2501/503/2501 
f 2519/522/2519 2518/521/2518 2524/527/2524 
f 2514/517/2514 2519/522/2519 2524/527/2524 2533/536/2533 
f 2503/506/2503 2515/518/2515 2501/503/2501 
f 2490/487/2490 2508/511/2508 2493/490/2493 2482/479/2482 
f 2534/537/2534 2524/527/2524 2518/521/2518 2525/528/2525 
# 2084 polygons - 556 triangles

#
# object LiftProp_Planter01_Pot
#

v  0.1945 -0.0019 -0.0000
v  0.1801 -0.0019 -0.0723
v  0.1940 0.0462 -0.0781
v  0.2095 0.0462 -0.0000
v  0.1390 -0.0019 -0.1339
v  0.1498 0.0462 -0.1443
v  0.0530 -0.0020 -0.1746
v  0.0836 0.0459 -0.1884
v  0.0295 0.0203 -0.1877
v  0.0055 0.0231 -0.1886
v  -0.0185 0.0203 -0.1877
v  0.0055 0.0457 -0.2039
v  -0.0420 -0.0020 -0.1746
v  -0.1280 -0.0019 -0.1339
v  -0.1388 0.0462 -0.1443
v  -0.0726 0.0459 -0.1884
v  -0.1691 -0.0019 -0.0723
v  -0.1830 0.0462 -0.0781
v  -0.1835 -0.0019 -0.0000
v  -0.1985 0.0462 -0.0000
v  -0.1691 -0.0019 0.0723
v  -0.1830 0.0462 0.0781
v  -0.1280 -0.0019 0.1339
v  -0.1388 0.0462 0.1443
v  -0.0420 -0.0020 0.1746
v  -0.0726 0.0459 0.1884
v  -0.0185 0.0203 0.1877
v  0.0055 0.0231 0.1886
v  0.0295 0.0203 0.1877
v  0.0055 0.0457 0.2039
v  0.0530 -0.0020 0.1746
v  0.1390 -0.0019 0.1339
v  0.1498 0.0462 0.1443
v  0.0836 0.0459 0.1884
v  0.1801 -0.0019 0.0723
v  0.1940 0.0462 0.0781
v  0.1390 -0.0017 -0.0000
v  0.1288 -0.0017 -0.0511
v  0.1001 -0.0018 -0.0943
v  0.0382 -0.0014 -0.1243
v  0.0237 0.0199 -0.1286
v  0.0055 0.0230 -0.1335
v  -0.0127 0.0199 -0.1286
v  -0.0272 -0.0014 -0.1243
v  -0.0891 -0.0018 -0.0943
v  -0.1178 -0.0017 -0.0511
v  -0.1280 -0.0017 -0.0000
v  -0.1178 -0.0017 0.0511
v  -0.0891 -0.0018 0.0943
v  -0.0272 -0.0014 0.1243
v  -0.0127 0.0199 0.1286
v  0.0055 0.0230 0.1335
v  0.0237 0.0199 0.1286
v  0.0382 -0.0014 0.1243
v  0.1001 -0.0018 0.0943
v  0.1288 -0.0017 0.0511
v  0.1465 0.0761 -0.0000
v  0.1357 0.0761 -0.0539
v  0.1052 0.0761 -0.0997
v  0.0593 0.0762 -0.1302
v  0.0055 0.0762 -0.1409
v  -0.0483 0.0762 -0.1302
v  -0.0942 0.0761 -0.0997
v  -0.1247 0.0761 -0.0539
v  -0.1355 0.0761 -0.0000
v  -0.1247 0.0761 0.0539
v  -0.0942 0.0761 0.0997
v  -0.0483 0.0762 0.1302
v  0.0055 0.0762 0.1409
v  0.0593 0.0762 0.1302
v  0.1052 0.0761 0.0997
v  0.1357 0.0761 0.0539
v  0.0055 0.0747 -0.0000
v  0.2465 0.2451 -0.0998
v  0.2663 0.2451 -0.0000
v  0.1899 0.2451 -0.1844
v  0.1053 0.2451 -0.2410
v  0.0055 0.2451 -0.2608
v  -0.0943 0.2451 -0.2410
v  -0.1789 0.2451 -0.1844
v  -0.2355 0.2451 -0.0998
v  -0.2553 0.2451 -0.0000
v  -0.2355 0.2451 0.0998
v  -0.1789 0.2451 0.1844
v  -0.0943 0.2451 0.2410
v  0.0055 0.2451 0.2608
v  0.1053 0.2451 0.2410
v  0.1899 0.2451 0.1844
v  0.2465 0.2451 0.0998
v  0.2839 0.2532 -0.1153
v  0.3068 0.2532 0.0000
v  0.2185 0.2532 -0.2131
v  0.1208 0.2532 -0.2784
v  0.0055 0.2532 -0.3013
v  -0.1098 0.2532 -0.2784
v  -0.2076 0.2532 -0.2131
v  -0.2729 0.2532 -0.1153
v  -0.2958 0.2532 0.0000
v  -0.2729 0.2532 0.1153
v  -0.2076 0.2532 0.2131
v  -0.1098 0.2532 0.2784
v  0.0055 0.2532 0.3013
v  0.1208 0.2532 0.2784
v  0.2185 0.2532 0.2131
v  0.2839 0.2532 0.1153
v  0.2840 0.3282 -0.1154
v  0.3070 0.3282 0.0000
v  0.2187 0.3282 -0.2132
v  0.1209 0.3282 -0.2785
v  0.0055 0.3282 -0.3015
v  -0.1099 0.3282 -0.2785
v  -0.2077 0.3282 -0.2132
v  -0.2730 0.3282 -0.1154
v  -0.2960 0.3282 0.0000
v  -0.2730 0.3282 0.1154
v  -0.2077 0.3282 0.2132
v  -0.1099 0.3282 0.2785
v  0.0055 0.3282 0.3015
v  0.1209 0.3282 0.2785
v  0.2187 0.3282 0.2132
v  0.2840 0.3282 0.1154
v  0.2541 0.3387 -0.1030
v  0.2746 0.3387 -0.0000
v  0.1958 0.3387 -0.1903
v  0.1085 0.3387 -0.2486
v  0.0055 0.3387 -0.2691
v  -0.0975 0.3387 -0.2486
v  -0.1848 0.3387 -0.1903
v  -0.2431 0.3387 -0.1030
v  -0.2636 0.3387 -0.0000
v  -0.2431 0.3387 0.1030
v  -0.1848 0.3387 0.1903
v  -0.0975 0.3387 0.2486
v  0.0055 0.3387 0.2691
v  0.1085 0.3387 0.2486
v  0.1958 0.3387 0.1903
v  0.2541 0.3387 0.1030
v  0.2085 0.3379 -0.0841
v  0.2252 0.3379 -0.0000
v  0.1609 0.3379 -0.1554
v  0.0896 0.3379 -0.2030
v  0.0055 0.3379 -0.2197
v  -0.0786 0.3379 -0.2030
v  -0.1499 0.3379 -0.1554
v  -0.1975 0.3379 -0.0841
v  -0.2143 0.3379 -0.0000
v  -0.1975 0.3379 0.0841
v  -0.1499 0.3379 0.1554
v  -0.0786 0.3379 0.2030
v  0.0055 0.3379 0.2197
v  0.0896 0.3379 0.2030
v  0.1609 0.3379 0.1554
v  0.2085 0.3379 0.0841
v  0.1995 0.3125 -0.0804
v  0.2155 0.3125 -0.0000
v  0.1540 0.3125 -0.1485
v  0.0859 0.3125 -0.1940
v  0.0055 0.3125 -0.2100
v  -0.0749 0.3125 -0.1940
v  -0.1430 0.3125 -0.1485
v  -0.1885 0.3125 -0.0804
v  -0.2045 0.3125 -0.0000
v  -0.1885 0.3125 0.0804
v  -0.1430 0.3125 0.1485
v  -0.0749 0.3125 0.1940
v  0.0055 0.3125 0.2100
v  0.0859 0.3125 0.1940
v  0.1540 0.3125 0.1485
v  0.1995 0.3125 0.0804
v  0.1820 0.2758 -0.0731
v  0.1966 0.2758 -0.0000
v  0.1406 0.2758 -0.1351
v  0.0786 0.2758 -0.1765
v  0.0055 0.2758 -0.1911
v  -0.0676 0.2758 -0.1765
v  -0.1296 0.2758 -0.1351
v  -0.1710 0.2758 -0.0731
v  -0.1856 0.2758 -0.0000
v  -0.1710 0.2758 0.0731
v  -0.1296 0.2758 0.1351
v  -0.0676 0.2758 0.1765
v  0.0055 0.2758 0.1911
v  0.0786 0.2758 0.1765
v  0.1406 0.2758 0.1351
v  0.1820 0.2758 0.0731
v  0.0055 0.2648 -0.0000
# 186 vertices

vn 0.6353 -0.7723 -0.0000
vn 0.5868 -0.7724 -0.2432
vn 0.8853 -0.2860 -0.3667
vn 0.9582 -0.2860 -0.0000
vn 0.4234 -0.7587 -0.4951
vn 0.6779 -0.2856 -0.6774
vn -0.0936 -0.8364 -0.5400
vn 0.3721 -0.3712 -0.8508
vn -0.0933 -0.7499 -0.6549
vn 0.0000 -0.8696 -0.4937
vn 0.0933 -0.7499 -0.6549
vn -0.0000 -0.3748 -0.9271
vn 0.0936 -0.8364 -0.5400
vn -0.4234 -0.7587 -0.4951
vn -0.6779 -0.2856 -0.6774
vn -0.3721 -0.3712 -0.8508
vn -0.5868 -0.7724 -0.2432
vn -0.8853 -0.2860 -0.3667
vn -0.6353 -0.7723 -0.0000
vn -0.9582 -0.2860 -0.0000
vn -0.5868 -0.7724 0.2432
vn -0.8853 -0.2860 0.3667
vn -0.4234 -0.7587 0.4951
vn -0.6779 -0.2856 0.6774
vn 0.0936 -0.8364 0.5400
vn -0.3721 -0.3712 0.8508
vn 0.0933 -0.7499 0.6549
vn 0.0000 -0.8696 0.4937
vn -0.0933 -0.7499 0.6549
vn -0.0000 -0.3748 0.9271
vn -0.0936 -0.8364 0.5400
vn 0.4234 -0.7587 0.4951
vn 0.6779 -0.2856 0.6774
vn 0.3721 -0.3712 0.8508
vn 0.5868 -0.7724 0.2432
vn 0.8853 -0.2860 0.3667
vn -0.6937 -0.7203 0.0000
vn -0.6416 -0.7197 0.2652
vn -0.4424 -0.7416 0.5043
vn -0.5627 -0.6620 0.4951
vn -0.4870 -0.3949 0.7791
vn 0.0000 -0.6780 0.7350
vn 0.4870 -0.3949 0.7791
vn 0.5627 -0.6620 0.4951
vn 0.4424 -0.7416 0.5043
vn 0.6416 -0.7197 0.2652
vn 0.6937 -0.7203 0.0000
vn 0.6416 -0.7197 -0.2652
vn 0.4424 -0.7416 -0.5043
vn 0.5627 -0.6620 -0.4951
vn 0.4870 -0.3949 -0.7791
vn -0.0000 -0.6780 -0.7350
vn -0.4870 -0.3949 -0.7791
vn -0.5627 -0.6620 -0.4951
vn -0.4424 -0.7416 -0.5043
vn -0.6416 -0.7197 -0.2652
vn -0.7741 -0.6331 0.0000
vn -0.7152 -0.6331 0.2962
vn -0.5468 -0.6332 0.5477
vn -0.3204 -0.5999 0.7331
vn -0.0000 -0.6123 0.7906
vn 0.3204 -0.5999 0.7331
vn 0.5468 -0.6332 0.5477
vn 0.7152 -0.6331 0.2962
vn 0.7741 -0.6331 0.0000
vn 0.7152 -0.6331 -0.2962
vn 0.5468 -0.6332 -0.5477
vn 0.3204 -0.5999 -0.7331
vn -0.0000 -0.6123 -0.7906
vn -0.3204 -0.5999 -0.7331
vn -0.5468 -0.6332 -0.5477
vn -0.7152 -0.6331 -0.2962
vn -0.0000 -1.0000 -0.0000
vn 0.5916 -0.7680 -0.2451
vn 0.6404 -0.7680 -0.0000
vn 0.4528 -0.7680 -0.4528
vn 0.2450 -0.7681 -0.5916
vn 0.0000 -0.7681 -0.6403
vn -0.2450 -0.7681 -0.5916
vn -0.4528 -0.7680 -0.4528
vn -0.5916 -0.7680 -0.2451
vn -0.6404 -0.7680 -0.0000
vn -0.5916 -0.7680 0.2451
vn -0.4528 -0.7680 0.4528
vn -0.2450 -0.7681 0.5916
vn 0.0000 -0.7681 0.6403
vn 0.2450 -0.7681 0.5916
vn 0.4528 -0.7680 0.4528
vn 0.5916 -0.7680 0.2451
vn 0.7403 -0.5983 -0.3066
vn 0.8013 -0.5983 -0.0000
vn 0.5666 -0.5983 -0.5666
vn 0.3066 -0.5983 -0.7403
vn 0.0000 -0.5983 -0.8013
vn -0.3066 -0.5983 -0.7403
vn -0.5666 -0.5983 -0.5666
vn -0.7403 -0.5983 -0.3066
vn -0.8013 -0.5983 -0.0000
vn -0.7403 -0.5983 0.3066
vn -0.5666 -0.5983 0.5666
vn -0.3066 -0.5983 0.7403
vn 0.0000 -0.5983 0.8013
vn 0.3066 -0.5983 0.7403
vn 0.5666 -0.5983 0.5666
vn 0.7403 -0.5983 0.3066
vn 0.7692 0.5539 -0.3186
vn 0.8326 0.5539 -0.0000
vn 0.5887 0.5539 -0.5887
vn 0.3186 0.5539 -0.7692
vn -0.0000 0.5539 -0.8326
vn -0.3186 0.5539 -0.7692
vn -0.5887 0.5539 -0.5887
vn -0.7692 0.5539 -0.3186
vn -0.8326 0.5539 -0.0000
vn -0.7692 0.5539 0.3186
vn -0.5887 0.5539 0.5887
vn -0.3186 0.5540 0.7692
vn 0.0000 0.5540 0.8325
vn 0.3186 0.5539 0.7692
vn 0.5887 0.5539 0.5887
vn 0.7692 0.5539 0.3186
vn 0.1556 0.9857 -0.0644
vn 0.1684 0.9857 -0.0000
vn 0.1191 0.9857 -0.1191
vn 0.0644 0.9857 -0.1556
vn -0.0000 0.9857 -0.1684
vn -0.0644 0.9857 -0.1556
vn -0.1191 0.9857 -0.1191
vn -0.1556 0.9857 -0.0644
vn -0.1684 0.9857 -0.0000
vn -0.1556 0.9857 0.0644
vn -0.1191 0.9857 0.1191
vn -0.0644 0.9857 0.1556
vn 0.0000 0.9857 0.1684
vn 0.0644 0.9857 0.1556
vn 0.1191 0.9857 0.1191
vn 0.1556 0.9857 0.0644
vn -0.4835 0.8522 0.2003
vn -0.5233 0.8522 0.0000
vn -0.3700 0.8522 0.3700
vn -0.2003 0.8522 0.4835
vn -0.0000 0.8522 0.5233
vn 0.2003 0.8522 0.4835
vn 0.3700 0.8522 0.3700
vn 0.4835 0.8522 0.2003
vn 0.5233 0.8522 -0.0000
vn 0.4835 0.8522 -0.2003
vn 0.3700 0.8522 -0.3700
vn 0.2003 0.8522 -0.4835
vn -0.0000 0.8522 -0.5233
vn -0.2003 0.8522 -0.4835
vn -0.3700 0.8522 -0.3700
vn -0.4835 0.8522 -0.2003
vn -0.8440 0.4068 0.3496
vn -0.9135 0.4068 0.0000
vn -0.6460 0.4068 0.6460
vn -0.3496 0.4068 0.8440
vn 0.0000 0.4068 0.9135
vn 0.3496 0.4068 0.8440
vn 0.6460 0.4068 0.6460
vn 0.8440 0.4068 0.3496
vn 0.9135 0.4068 -0.0000
vn 0.8440 0.4068 -0.3496
vn 0.6460 0.4068 -0.6460
vn 0.3496 0.4068 -0.8440
vn -0.0000 0.4068 -0.9135
vn -0.3496 0.4068 -0.8440
vn -0.6460 0.4068 -0.6460
vn -0.8440 0.4068 -0.3496
vn -0.5402 0.8112 0.2238
vn -0.5847 0.8112 -0.0000
vn -0.4135 0.8112 0.4135
vn -0.2238 0.8112 0.5402
vn -0.0000 0.8112 0.5847
vn 0.2238 0.8112 0.5402
vn 0.4135 0.8112 0.4135
vn 0.5402 0.8112 0.2238
vn 0.5847 0.8112 -0.0000
vn 0.5402 0.8112 -0.2238
vn 0.4135 0.8112 -0.4135
vn 0.2238 0.8112 -0.5402
vn 0.0000 0.8112 -0.5847
vn -0.2238 0.8112 -0.5402
vn -0.4135 0.8112 -0.4135
vn -0.5402 0.8112 -0.2238
vn -0.0000 1.0000 0.0000
# 186 vertex normals

vt 0.6440 0.5349 0.0000
vt 0.6626 0.5420 0.0000
vt 0.6566 0.5601 0.0000
vt 0.6363 0.5524 0.0000
vt 0.6816 0.5478 0.0000
vt 0.6776 0.5662 0.0000
vt 0.7066 0.5521 0.0000
vt 0.6993 0.5702 0.0000
vt 0.7154 0.5600 0.0000
vt 0.7225 0.5616 0.0000
vt 0.7298 0.5617 0.0000
vt 0.7212 0.5724 0.0000
vt 0.7400 0.5563 0.0000
vt 0.7657 0.5578 0.0000
vt 0.7653 0.5767 0.0000
vt 0.7433 0.5755 0.0000
vt 0.7855 0.5565 0.0000
vt 0.7871 0.5756 0.0000
vt 0.8053 0.5539 0.0000
vt 0.8087 0.5728 0.0000
vt 0.8248 0.5500 0.0000
vt 0.8301 0.5684 0.0000
vt 0.8436 0.5447 0.0000
vt 0.8510 0.5621 0.0000
vt 0.8662 0.5347 0.0000
vt 0.8711 0.5534 0.0000
vt 0.8777 0.5362 0.0000
vt 0.5721 0.4964 0.0000
vt 0.5774 0.5007 0.0000
vt 0.5635 0.5039 0.0000
vt 0.5888 0.5019 0.0000
vt 0.6087 0.5171 0.0000
vt 0.5977 0.5323 0.0000
vt 0.5799 0.5191 0.0000
vt 0.6259 0.5265 0.0000
vt 0.6166 0.5432 0.0000
vt 0.6498 0.5206 0.0000
vt 0.6674 0.5274 0.0000
vt 0.6854 0.5334 0.0000
vt 0.7088 0.5386 0.0000
vt 0.7188 0.5427 0.0000
vt 0.7245 0.5449 0.0000
vt 0.7306 0.5438 0.0000
vt 0.7414 0.5417 0.0000
vt 0.7647 0.5429 0.0000
vt 0.7836 0.5414 0.0000
vt 0.8024 0.5389 0.0000
vt 0.8208 0.5352 0.0000
vt 0.8387 0.5306 0.0000
vt 0.8601 0.5223 0.0000
vt 0.8838 0.5334 0.0000
vt 0.8700 0.5203 0.0000
vt 0.8754 0.5190 0.0000
vt 0.5890 0.4867 0.0000
vt 0.5985 0.4908 0.0000
vt 0.6163 0.5041 0.0000
vt 0.6327 0.5128 0.0000
vt 0.9224 0.5833 0.0000
vt 0.9107 0.5700 0.0000
vt 0.9282 0.5600 0.0000
vt 0.9356 0.5679 0.0000
vt 0.9378 0.5915 0.0000
vt 0.9455 0.5724 0.0000
vt 0.9601 0.5937 0.0000
vt 0.9568 0.5726 0.0000
vt 0.9730 0.5817 0.0000
vt 0.9663 0.5864 0.0000
vt 0.9666 0.5700 0.0000
vt 0.9886 0.5756 0.0000
vt 0.9800 0.5778 0.0000
vt 0.9739 0.5628 0.0000
vt 0.9979 0.5549 0.0000
vt 0.9780 0.5523 0.0000
vt 0.9980 0.5376 0.0000
vt 0.9782 0.5413 0.0000
vt 0.9918 0.5211 0.0000
vt 0.9744 0.5311 0.0000
vt 0.9802 0.5078 0.0000
vt 0.9669 0.5232 0.0000
vt 0.9647 0.4996 0.0000
vt 0.9570 0.5187 0.0000
vt 0.9424 0.4974 0.0000
vt 0.9457 0.5185 0.0000
vt 0.9296 0.5095 0.0000
vt 0.9362 0.5047 0.0000
vt 0.9359 0.5211 0.0000
vt 0.9140 0.5155 0.0000
vt 0.9225 0.5133 0.0000
vt 0.9286 0.5283 0.0000
vt 0.9046 0.5362 0.0000
vt 0.9245 0.5388 0.0000
vt 0.9045 0.5535 0.0000
vt 0.9243 0.5498 0.0000
vt 0.9513 0.5456 0.0000
vt 0.6308 0.6345 0.0000
vt 0.6048 0.6244 0.0000
vt 0.6575 0.6425 0.0000
vt 0.6846 0.6485 0.0000
vt 0.7119 0.6526 0.0000
vt 0.7394 0.6549 0.0000
vt 0.7671 0.6554 0.0000
vt 0.7949 0.6538 0.0000
vt 0.8225 0.6500 0.0000
vt 0.8500 0.6442 0.0000
vt 0.8773 0.6365 0.0000
vt 0.9045 0.6270 0.0000
vt 0.8903 0.5426 0.0000
vt 0.9307 0.6156 0.0000
vt 0.5306 0.5829 0.0000
vt 0.5077 0.5658 0.0000
vt 0.5547 0.5984 0.0000
vt 0.5794 0.6123 0.0000
vt 0.6272 0.6454 0.0000
vt 0.6005 0.6350 0.0000
vt 0.6546 0.6537 0.0000
vt 0.6825 0.6599 0.0000
vt 0.7106 0.6641 0.0000
vt 0.7390 0.6665 0.0000
vt 0.7675 0.6669 0.0000
vt 0.7960 0.6652 0.0000
vt 0.8244 0.6613 0.0000
vt 0.8525 0.6553 0.0000
vt 0.8806 0.6473 0.0000
vt 0.9089 0.6377 0.0000
vt 0.9381 0.6264 0.0000
vt 0.5240 0.5925 0.0000
vt 0.4978 0.5748 0.0000
vt 0.5491 0.6083 0.0000
vt 0.5745 0.6226 0.0000
vt 0.6180 0.6728 0.0000
vt 0.5895 0.6617 0.0000
vt 0.6472 0.6817 0.0000
vt 0.6770 0.6884 0.0000
vt 0.7072 0.6930 0.0000
vt 0.7376 0.6956 0.0000
vt 0.7681 0.6959 0.0000
vt 0.7986 0.6941 0.0000
vt 0.8288 0.6899 0.0000
vt 0.8586 0.6835 0.0000
vt 0.8877 0.6752 0.0000
vt 0.9167 0.6657 0.0000
vt 0.9476 0.6572 0.0000
vt 0.5097 0.6177 0.0000
vt 0.4821 0.6028 0.0000
vt 0.5357 0.6336 0.0000
vt 0.5621 0.6485 0.0000
vt 0.6149 0.6819 0.0000
vt 0.5859 0.6705 0.0000
vt 0.6448 0.6910 0.0000
vt 0.6753 0.6979 0.0000
vt 0.7061 0.7026 0.0000
vt 0.7372 0.7052 0.0000
vt 0.7684 0.7055 0.0000
vt 0.7996 0.7036 0.0000
vt 0.8304 0.6993 0.0000
vt 0.8607 0.6929 0.0000
vt 0.8901 0.6845 0.0000
vt 0.9187 0.6752 0.0000
vt 0.9476 0.6683 0.0000
vt 0.5057 0.6265 0.0000
vt 0.4796 0.6134 0.0000
vt 0.5314 0.6421 0.0000
vt 0.5580 0.6572 0.0000
vt 0.6107 0.6945 0.0000
vt 0.5809 0.6828 0.0000
vt 0.6415 0.7039 0.0000
vt 0.6729 0.7110 0.0000
vt 0.7047 0.7158 0.0000
vt 0.7367 0.7184 0.0000
vt 0.7689 0.7188 0.0000
vt 0.8010 0.7168 0.0000
vt 0.8327 0.7124 0.0000
vt 0.8637 0.7058 0.0000
vt 0.8935 0.6974 0.0000
vt 0.9214 0.6887 0.0000
vt 0.9468 0.6831 0.0000
vt 0.5003 0.6387 0.0000
vt 0.4771 0.6275 0.0000
vt 0.5253 0.6539 0.0000
vt 0.5523 0.6691 0.0000
vt 0.4828 0.1156 0.0000
vt 0.4726 0.0968 0.0000
vt 0.4875 0.0926 0.0000
vt 0.4949 0.1060 0.0000
vt 0.4705 0.0755 0.0000
vt 0.4859 0.0773 0.0000
vt 0.4767 0.0551 0.0000
vt 0.4902 0.0626 0.0000
vt 0.4902 0.0385 0.0000
vt 0.4998 0.0506 0.0000
vt 0.5090 0.0284 0.0000
vt 0.5132 0.0433 0.0000
vt 0.5303 0.0262 0.0000
vt 0.5285 0.0416 0.0000
vt 0.5507 0.0324 0.0000
vt 0.5432 0.0459 0.0000
vt 0.5673 0.0459 0.0000
vt 0.5552 0.0555 0.0000
vt 0.5774 0.0648 0.0000
vt 0.5625 0.0690 0.0000
vt 0.5796 0.0860 0.0000
vt 0.5642 0.0842 0.0000
vt 0.5734 0.1065 0.0000
vt 0.5599 0.0990 0.0000
vt 0.5599 0.1230 0.0000
vt 0.5503 0.1109 0.0000
vt 0.5411 0.1332 0.0000
vt 0.5368 0.1183 0.0000
vt 0.5198 0.1353 0.0000
vt 0.5216 0.1199 0.0000
vt 0.4993 0.1291 0.0000
vt 0.5068 0.1156 0.0000
vt 0.5073 0.0853 0.0000
vt 0.5104 0.0917 0.0000
vt 0.5069 0.0781 0.0000
vt 0.5093 0.0714 0.0000
vt 0.5141 0.0661 0.0000
vt 0.5205 0.0630 0.0000
vt 0.5277 0.0627 0.0000
vt 0.5344 0.0651 0.0000
vt 0.5397 0.0698 0.0000
vt 0.5428 0.0763 0.0000
vt 0.5431 0.0834 0.0000
vt 0.5407 0.0901 0.0000
vt 0.5360 0.0954 0.0000
vt 0.5295 0.0985 0.0000
vt 0.5224 0.0989 0.0000
vt 0.5157 0.0965 0.0000
vt 0.5250 0.0808 0.0000
vt 0.5839 0.4843 0.0000
# 230 texture coords

o LiftProp_Planter01_Pot
g LiftProp_Planter01_Pot
usemtl LiftProp_Planter01
s 1
f 2536/539/2536 2537/540/2537 2538/541/2538 2539/542/2539 
f 2537/540/2537 2540/543/2540 2541/544/2541 2538/541/2538 
f 2540/543/2540 2542/545/2542 2543/546/2543 2541/544/2541 
f 2542/545/2542 2544/547/2544 2543/546/2543 
f 2545/548/2545 2546/549/2546 2547/550/2547 
f 2548/551/2548 2549/552/2549 2550/553/2550 2551/554/2551 
f 2549/552/2549 2552/555/2552 2553/556/2553 2550/553/2550 
f 2552/555/2552 2554/557/2554 2555/558/2555 2553/556/2553 
f 2554/557/2554 2556/559/2556 2557/560/2557 2555/558/2555 
f 2556/559/2556 2558/561/2558 2559/562/2559 2557/560/2557 
f 2558/561/2558 2560/563/2560 2561/564/2561 2559/562/2559 
f 2560/563/2560 2562/565/2562 2561/564/2561 
f 2563/566/2563 2564/567/2564 2565/568/2565 
f 2566/569/2566 2567/570/2567 2568/571/2568 2569/572/2569 
f 2567/570/2567 2570/573/2570 2571/574/2571 2568/571/2568 
f 2570/573/2570 2536/539/2536 2539/542/2539 2571/574/2571 
s 2
f 2537/540/2537 2536/539/2536 2572/575/2572 2573/576/2573 
f 2540/543/2540 2537/540/2537 2573/576/2573 2574/577/2574 
f 2542/545/2542 2540/543/2540 2574/577/2574 2575/578/2575 
f 2545/548/2545 2544/547/2544 2576/579/2576 2577/580/2577 
s 4
f 2548/551/2548 2546/549/2546 2578/581/2578 2579/582/2579 
s 2
f 2549/552/2549 2548/551/2548 2579/582/2579 2580/583/2580 
f 2552/555/2552 2549/552/2549 2580/583/2580 2581/584/2581 
f 2554/557/2554 2552/555/2552 2581/584/2581 2582/585/2582 
f 2556/559/2556 2554/557/2554 2582/585/2582 2583/586/2583 
f 2558/561/2558 2556/559/2556 2583/586/2583 2584/587/2584 
f 2560/563/2560 2558/561/2558 2584/587/2584 2585/588/2585 
f 2563/589/2563 2562/565/2562 2586/590/2586 2587/591/2587 
s 4
f 2566/569/2566 2564/567/2564 2588/592/2588 2589/593/2589 
s 2
f 2567/570/2567 2566/569/2566 2589/593/2589 2590/594/2590 
f 2570/573/2570 2567/570/2567 2590/594/2590 2591/595/2591 
f 2536/539/2536 2570/573/2570 2591/595/2591 2572/575/2572 
s 1
f 2573/596/2573 2572/597/2572 2592/598/2592 2593/599/2593 
f 2574/600/2574 2573/596/2573 2593/599/2593 2594/601/2594 
f 2575/602/2575 2574/600/2574 2594/601/2594 2595/603/2595 
f 2577/604/2577 2576/605/2576 2596/606/2596 
f 2579/607/2579 2578/608/2578 2597/609/2597 
f 2580/610/2580 2579/607/2579 2597/609/2597 2598/611/2598 
f 2581/612/2581 2580/610/2580 2598/611/2598 2599/613/2599 
f 2582/614/2582 2581/612/2581 2599/613/2599 2600/615/2600 
f 2583/616/2583 2582/614/2582 2600/615/2600 2601/617/2601 
f 2584/618/2584 2583/616/2583 2601/617/2601 2602/619/2602 
f 2585/620/2585 2584/618/2584 2602/619/2602 2603/621/2603 
f 2587/622/2587 2586/623/2586 2604/624/2604 
f 2589/625/2589 2588/626/2588 2605/627/2605 
f 2590/628/2590 2589/625/2589 2605/627/2605 2606/629/2606 
f 2591/630/2591 2590/628/2590 2606/629/2606 2607/631/2607 
f 2572/597/2572 2591/630/2591 2607/631/2607 2592/598/2592 
s 2
f 2593/599/2593 2592/598/2592 2608/632/2608 
f 2594/601/2594 2593/599/2593 2608/632/2608 
f 2595/603/2595 2594/601/2594 2608/632/2608 
f 2596/606/2596 2595/603/2595 2608/632/2608 
f 2597/609/2597 2596/606/2596 2608/632/2608 
f 2598/611/2598 2597/609/2597 2608/632/2608 
f 2599/613/2599 2598/611/2598 2608/632/2608 
f 2600/615/2600 2599/613/2599 2608/632/2608 
f 2601/617/2601 2600/615/2600 2608/632/2608 
f 2602/619/2602 2601/617/2601 2608/632/2608 
f 2603/621/2603 2602/619/2602 2608/632/2608 
f 2604/624/2604 2603/621/2603 2608/632/2608 
f 2605/627/2605 2604/624/2604 2608/632/2608 
f 2606/629/2606 2605/627/2605 2608/632/2608 
f 2607/631/2607 2606/629/2606 2608/632/2608 
f 2592/598/2592 2607/631/2607 2608/632/2608 
s 1
f 2538/541/2538 2609/633/2609 2610/634/2610 2539/542/2539 
f 2541/544/2541 2611/635/2611 2609/633/2609 2538/541/2538 
f 2543/546/2543 2612/636/2612 2611/635/2611 2541/544/2541 
f 2547/550/2547 2613/637/2613 2612/636/2612 2543/546/2543 
f 2551/554/2551 2614/638/2614 2613/637/2613 2547/550/2547 
f 2550/553/2550 2615/639/2615 2614/638/2614 2551/554/2551 
f 2553/556/2553 2616/640/2616 2615/639/2615 2550/553/2550 
f 2555/558/2555 2617/641/2617 2616/640/2616 2553/556/2553 
f 2557/560/2557 2618/642/2618 2617/641/2617 2555/558/2555 
f 2559/562/2559 2619/643/2619 2618/642/2618 2557/560/2557 
f 2561/564/2561 2620/644/2620 2619/643/2619 2559/562/2559 
f 2565/645/2565 2621/646/2621 2620/644/2620 2561/564/2561 
f 2569/572/2569 2622/647/2622 2621/648/2621 2565/568/2565 
f 2568/571/2568 2623/649/2623 2622/647/2622 2569/572/2569 
f 2571/574/2571 2624/650/2624 2623/649/2623 2568/571/2568 
f 2539/542/2539 2610/634/2610 2624/650/2624 2571/574/2571 
s 2
f 2610/634/2610 2609/633/2609 2625/651/2625 2626/652/2626 
f 2609/633/2609 2611/635/2611 2627/653/2627 2625/651/2625 
f 2611/635/2611 2612/636/2612 2628/654/2628 2627/653/2627 
f 2612/636/2612 2613/637/2613 2629/655/2629 2628/654/2628 
f 2613/637/2613 2614/638/2614 2630/656/2630 2629/655/2629 
f 2614/638/2614 2615/639/2615 2631/657/2631 2630/656/2630 
f 2615/639/2615 2616/640/2616 2632/658/2632 2631/657/2631 
f 2616/640/2616 2617/641/2617 2633/659/2633 2632/658/2632 
f 2617/641/2617 2618/642/2618 2634/660/2634 2633/659/2633 
f 2618/642/2618 2619/643/2619 2635/661/2635 2634/660/2634 
f 2619/643/2619 2620/644/2620 2636/662/2636 2635/661/2635 
f 2620/644/2620 2621/646/2621 2637/663/2637 2636/662/2636 
f 2621/648/2621 2622/647/2622 2638/664/2638 2637/665/2637 
f 2622/647/2622 2623/649/2623 2639/666/2639 2638/664/2638 
f 2623/649/2623 2624/650/2624 2640/667/2640 2639/666/2639 
f 2624/650/2624 2610/634/2610 2626/652/2626 2640/667/2640 
s 1
f 2626/652/2626 2625/651/2625 2641/668/2641 2642/669/2642 
f 2625/651/2625 2627/653/2627 2643/670/2643 2641/668/2641 
f 2627/653/2627 2628/654/2628 2644/671/2644 2643/670/2643 
f 2628/654/2628 2629/655/2629 2645/672/2645 2644/671/2644 
f 2629/655/2629 2630/656/2630 2646/673/2646 2645/672/2645 
f 2630/656/2630 2631/657/2631 2647/674/2647 2646/673/2646 
f 2631/657/2631 2632/658/2632 2648/675/2648 2647/674/2647 
f 2632/658/2632 2633/659/2633 2649/676/2649 2648/675/2648 
f 2633/659/2633 2634/660/2634 2650/677/2650 2649/676/2649 
f 2634/660/2634 2635/661/2635 2651/678/2651 2650/677/2650 
f 2635/661/2635 2636/662/2636 2652/679/2652 2651/678/2651 
f 2636/662/2636 2637/663/2637 2653/680/2653 2652/679/2652 
f 2637/665/2637 2638/664/2638 2654/681/2654 2653/682/2653 
f 2638/664/2638 2639/666/2639 2655/683/2655 2654/681/2654 
f 2639/666/2639 2640/667/2640 2656/684/2656 2655/683/2655 
f 2640/667/2640 2626/652/2626 2642/669/2642 2656/684/2656 
s 2
f 2642/669/2642 2641/668/2641 2657/685/2657 2658/686/2658 
f 2641/668/2641 2643/670/2643 2659/687/2659 2657/685/2657 
f 2643/670/2643 2644/671/2644 2660/688/2660 2659/687/2659 
f 2644/671/2644 2645/672/2645 2661/689/2661 2660/688/2660 
f 2645/672/2645 2646/673/2646 2662/690/2662 2661/689/2661 
f 2646/673/2646 2647/674/2647 2663/691/2663 2662/690/2662 
f 2647/674/2647 2648/675/2648 2664/692/2664 2663/691/2663 
f 2648/675/2648 2649/676/2649 2665/693/2665 2664/692/2664 
f 2649/676/2649 2650/677/2650 2666/694/2666 2665/693/2665 
f 2650/677/2650 2651/678/2651 2667/695/2667 2666/694/2666 
f 2651/678/2651 2652/679/2652 2668/696/2668 2667/695/2667 
f 2652/679/2652 2653/680/2653 2669/697/2669 2668/696/2668 
f 2653/682/2653 2654/681/2654 2670/698/2670 2669/699/2669 
f 2654/681/2654 2655/683/2655 2671/700/2671 2670/698/2670 
f 2655/683/2655 2656/684/2656 2672/701/2672 2671/700/2671 
f 2656/684/2656 2642/669/2642 2658/686/2658 2672/701/2672 
f 2658/686/2658 2657/685/2657 2673/702/2673 2674/703/2674 
f 2657/685/2657 2659/687/2659 2675/704/2675 2673/702/2673 
f 2659/687/2659 2660/688/2660 2676/705/2676 2675/704/2675 
f 2660/688/2660 2661/689/2661 2677/706/2677 2676/705/2676 
f 2661/689/2661 2662/690/2662 2678/707/2678 2677/706/2677 
f 2662/690/2662 2663/691/2663 2679/708/2679 2678/707/2678 
f 2663/691/2663 2664/692/2664 2680/709/2680 2679/708/2679 
f 2664/692/2664 2665/693/2665 2681/710/2681 2680/709/2680 
f 2665/693/2665 2666/694/2666 2682/711/2682 2681/710/2681 
f 2666/694/2666 2667/695/2667 2683/712/2683 2682/711/2682 
f 2667/695/2667 2668/696/2668 2684/713/2684 2683/712/2683 
f 2668/696/2668 2669/697/2669 2685/714/2685 2684/713/2684 
f 2669/699/2669 2670/698/2670 2686/715/2686 2685/716/2685 
f 2670/698/2670 2671/700/2671 2687/717/2687 2686/715/2686 
f 2671/700/2671 2672/701/2672 2688/718/2688 2687/717/2687 
f 2672/701/2672 2658/686/2658 2674/703/2674 2688/718/2688 
s 1
f 2674/719/2674 2673/720/2673 2689/721/2689 2690/722/2690 
f 2673/720/2673 2675/723/2675 2691/724/2691 2689/721/2689 
f 2675/723/2675 2676/725/2676 2692/726/2692 2691/724/2691 
f 2676/725/2676 2677/727/2677 2693/728/2693 2692/726/2692 
f 2677/727/2677 2678/729/2678 2694/730/2694 2693/728/2693 
f 2678/729/2678 2679/731/2679 2695/732/2695 2694/730/2694 
f 2679/731/2679 2680/733/2680 2696/734/2696 2695/732/2695 
f 2680/733/2680 2681/735/2681 2697/736/2697 2696/734/2696 
f 2681/735/2681 2682/737/2682 2698/738/2698 2697/736/2697 
f 2682/737/2682 2683/739/2683 2699/740/2699 2698/738/2698 
f 2683/739/2683 2684/741/2684 2700/742/2700 2699/740/2699 
f 2684/741/2684 2685/743/2685 2701/744/2701 2700/742/2700 
f 2685/743/2685 2686/745/2686 2702/746/2702 2701/744/2701 
f 2686/745/2686 2687/747/2687 2703/748/2703 2702/746/2702 
f 2687/747/2687 2688/749/2688 2704/750/2704 2703/748/2703 
f 2688/749/2688 2674/719/2674 2690/722/2690 2704/750/2704 
f 2690/722/2690 2689/721/2689 2705/751/2705 2706/752/2706 
f 2689/721/2689 2691/724/2691 2707/753/2707 2705/751/2705 
f 2691/724/2691 2692/726/2692 2708/754/2708 2707/753/2707 
f 2692/726/2692 2693/728/2693 2709/755/2709 2708/754/2708 
f 2693/728/2693 2694/730/2694 2710/756/2710 2709/755/2709 
f 2694/730/2694 2695/732/2695 2711/757/2711 2710/756/2710 
f 2695/732/2695 2696/734/2696 2712/758/2712 2711/757/2711 
f 2696/734/2696 2697/736/2697 2713/759/2713 2712/758/2712 
f 2697/736/2697 2698/738/2698 2714/760/2714 2713/759/2713 
f 2698/738/2698 2699/740/2699 2715/761/2715 2714/760/2714 
f 2699/740/2699 2700/742/2700 2716/762/2716 2715/761/2715 
f 2700/742/2700 2701/744/2701 2717/763/2717 2716/762/2716 
f 2701/744/2701 2702/746/2702 2718/764/2718 2717/763/2717 
f 2702/746/2702 2703/748/2703 2719/765/2719 2718/764/2718 
f 2703/748/2703 2704/750/2704 2720/766/2720 2719/765/2719 
f 2704/750/2704 2690/722/2690 2706/752/2706 2720/766/2720 
s 2
f 2706/752/2706 2705/751/2705 2721/767/2721 
f 2705/751/2705 2707/753/2707 2721/767/2721 
f 2707/753/2707 2708/754/2708 2721/767/2721 
f 2708/754/2708 2709/755/2709 2721/767/2721 
f 2709/755/2709 2710/756/2710 2721/767/2721 
f 2710/756/2710 2711/757/2711 2721/767/2721 
f 2711/757/2711 2712/758/2712 2721/767/2721 
f 2712/758/2712 2713/759/2713 2721/767/2721 
f 2713/759/2713 2714/760/2714 2721/767/2721 
f 2714/760/2714 2715/761/2715 2721/767/2721 
f 2715/761/2715 2716/762/2716 2721/767/2721 
f 2716/762/2716 2717/763/2717 2721/767/2721 
f 2717/763/2717 2718/764/2718 2721/767/2721 
f 2718/764/2718 2719/765/2719 2721/767/2721 
f 2719/765/2719 2720/766/2720 2721/767/2721 
f 2720/766/2720 2706/752/2706 2721/767/2721 
s 4
f 2544/547/2544 2542/545/2542 2575/578/2575 2576/579/2576 
s 2
f 2546/549/2546 2545/548/2545 2577/580/2577 2578/581/2578 
s 4
f 2562/565/2562 2560/563/2560 2585/588/2585 2586/590/2586 
s 2
f 2564/567/2564 2563/566/2563 2587/768/2587 2588/592/2588 
s 1
f 2562/565/2562 2563/589/2563 2565/645/2565 
f 2564/567/2564 2569/572/2569 2565/568/2565 
f 2562/565/2562 2565/645/2565 2561/564/2561 
f 2564/567/2564 2566/569/2566 2569/572/2569 
f 2544/547/2544 2547/550/2547 2543/546/2543 
f 2546/549/2546 2548/551/2548 2551/554/2551 
f 2576/605/2576 2575/602/2575 2595/603/2595 
f 2576/605/2576 2595/603/2595 2596/606/2596 
f 2578/608/2578 2577/604/2577 2596/606/2596 
f 2578/608/2578 2596/606/2596 2597/609/2597 
f 2586/623/2586 2585/620/2585 2603/621/2603 
f 2586/623/2586 2603/621/2603 2604/624/2604 
f 2588/626/2588 2587/622/2587 2604/624/2604 
f 2588/626/2588 2604/624/2604 2605/627/2605 
f 2546/549/2546 2551/554/2551 2547/550/2547 
f 2544/547/2544 2545/548/2545 2547/550/2547 
# 156 polygons - 56 triangles

